"Kernel Name","kernel_cutlass_kernel_kernel_v287SparseMLA_object_at__tensorptrf8E4M3FNgmemalign16o819264576368645761_tensorptrf8E4M3FNgmemalign16o1310725765761_tensorptri32gmemalign16o8192204820481_tens_0",
"Address","Source","Warp Stall Sampling (All Samples)","Warp Stall Sampling (Not-issued Samples)","# Samples","Instructions Executed","Thread Instructions Executed","Predicated-On Thread Instructions Executed","Avg. Threads Executed","Avg. Predicated-On Threads Executed","Derivative Avg. Predicated-On Threads Executed","Avg. Predicated-On Threads Unexecuted","Divergent Branches","Address Space","Access Operation","Access Size","L1 Tag Requests Global","L1 Conflicts Shared N-Way","L1 Wavefronts Shared Excessive","L1 Wavefronts Shared","L1 Wavefronts Shared Ideal","L2 Theoretical Sectors Global Excessive","L2 Theoretical Sectors Global","L2 Theoretical Sectors Global Ideal","L2 Explicit Evict Policies","L2 Explicit Hit Policy Evict First","L2 Explicit Hit Policy Evict Last","L2 Explicit Hit Policy Evict Normal","L2 Explicit Hit Policy Evict Normal Demote","L2 Explicit Miss Policy Evict First","L2 Explicit Miss Policy Evict Normal","stall_barrier","stall_branch_resolving","stall_dispatch","stall_drain","stall_lg","stall_long_sb","stall_math","stall_membar","stall_mio","stall_misc","stall_no_inst","stall_not_selected","stall_selected","stall_short_sb","stall_sleep","stall_tex","stall_wait","stall_barrier (Not Issued)","stall_branch_resolving (Not Issued)","stall_dispatch (Not Issued)","stall_drain (Not Issued)","stall_lg (Not Issued)","stall_long_sb (Not Issued)","stall_math (Not Issued)","stall_membar (Not Issued)","stall_mio (Not Issued)","stall_misc (Not Issued)","stall_no_inst (Not Issued)","stall_not_selected (Not Issued)","stall_selected (Not Issued)","stall_short_sb (Not Issued)","stall_sleeping (Not Issued)","stall_tex (Not Issued)","stall_wait (Not Issued)"
"0x7f2c6b5ad980","      LDC R1, c[0x0][0x37c]","2","1","2","2368","75776","75776","32","32","0","0","0","-","-","-","0","0","0","0","0","0","0","0","-","0","0","0","0","0","0","0","0","0","0","0","0","0","0","0","0","0","0","0","0","0","0","2","0","0","0","0","0","0","0","0","0","0","0","0","0","0","0","0","1"
"0x7f2c6b5ad990","      S2R R2, SR_TID.X","0","0","0","2368","75776","75776","32","32","0","0","0","-","-","-","0","0","0","0","0","0","0","0","-","0","0","0","0","0","0","0","0","0","0","0","0","0","0","0","0","0","0","0","0","0","0","0","0","0","0","0","0","0","0","0","0","0","0","0","0","0","0","0","0"
"0x7f2c6b5ad9a0","      S2UR UR5, SR_CgaCtaId","0","0","0","2368","75776","75776","32","32","0","0","0","-","-","-","0","0","0","0","0","0","0","0","-","0","0","0","0","0","0","0","0","0","0","0","0","0","0","0","0","0","0","0","0","0","0","0","0","0","0","0","0","0","0","0","0","0","0","0","0","0","0","0","0"
"0x7f2c6b5ad9b0","      UMOV UR4, 0x400","0","0","0","2368","75776","75776","32","32","0","0","0","-","-","-","0","0","0","0","0","0","0","0","-","0","0","0","0","0","0","0","0","0","0","0","0","0","0","0","0","0","0","0","0","0","0","0","0","0","0","0","0","0","0","0","0","0","0","0","0","0","0","0","0"
"0x7f2c6b5ad9c0","      BSSY.RECONVERGENT B0, 0x7f2c6b5adb50","0","0","0","2368","75776","75776","32","32","0","0","0","-","-","-","0","0","0","0","0","0","0","0","-","0","0","0","0","0","0","0","0","0","0","0","0","0","0","0","0","0","0","0","0","0","0","0","0","0","0","0","0","0","0","0","0","0","0","0","0","0","0","0","0"
"0x7f2c6b5ad9d0","      ULEA UR4, UR5, UR4, 0x18","2","1","2","2368","75776","75776","32","32","0","0","0","-","-","-","0","0","0","0","0","0","0","0","-","0","0","0","0","0","0","0","0","0","0","0","0","0","0","0","0","0","0","0","2","0","0","0","0","0","0","0","0","0","0","0","0","0","0","0","0","1","0","0","0"
"0x7f2c6b5ad9e0","      UIADD3 UR6, UPT, UPT, UR4, 0x31920, URZ","0","0","0","2368","75776","75776","32","32","0","0","0","-","-","-","0","0","0","0","0","0","0","0","-","0","0","0","0","0","0","0","0","0","0","0","0","0","0","0","0","0","0","0","0","0","0","0","0","0","0","0","0","0","0","0","0","0","0","0","0","0","0","0","0"
"0x7f2c6b5ad9f0","      UIADD3 UR47, UPT, UPT, UR4, 0x31928, URZ","1","1","1","2368","75776","75776","32","32","0","0","0","-","-","-","0","0","0","0","0","0","0","0","-","0","0","0","0","0","0","0","0","0","0","0","0","0","0","0","0","0","0","0","0","0","0","1","0","0","0","0","0","0","0","0","0","0","0","0","0","0","0","0","1"
"0x7f2c6b5ada00","      ISETP.NE.U32.AND P0, PT, R2, RZ, PT","0","0","0","2368","75776","75776","32","32","0","0","0","-","-","-","0","0","0","0","0","0","0","0","-","0","0","0","0","0","0","0","0","0","0","0","0","0","0","0","0","0","0","0","0","0","0","0","0","0","0","0","0","0","0","0","0","0","0","0","0","0","0","0","0"
"0x7f2c6b5ada10","      SHF.R.U32.HI R0, RZ, 0x5, R2","1","0","1","2368","75776","75776","32","32","0","0","0","-","-","-","0","0","0","0","0","0","0","0","-","0","0","0","0","0","0","0","0","0","0","0","0","0","0","0","0","0","0","1","0","0","0","0","0","0","0","0","0","0","0","0","0","0","0","0","0","0","0","0","0"
"0x7f2c6b5ada20","      R2UR UR63, R0","0","0","0","2368","75776","75776","32","32","0","0","0","-","-","-","0","0","0","0","0","0","0","0","-","0","0","0","0","0","0","0","0","0","0","0","0","0","0","0","0","0","0","0","0","0","0","0","0","0","0","0","0","0","0","0","0","0","0","0","0","0","0","0","0"
"0x7f2c6b5ada30","      IMAD.U32 R0, RZ, RZ, UR6","0","0","0","2368","75776","75776","32","32","0","0","0","-","-","-","0","0","0","0","0","0","0","0","-","0","0","0","0","0","0","0","0","0","0","0","0","0","0","0","0","0","0","0","0","0","0","0","0","0","0","0","0","0","0","0","0","0","0","0","0","0","0","0","0"
"0x7f2c6b5ada40","@P0   BRA 0x7f2c6b5adb30","0","0","0","2368","75776","75628","32","31","1","1","148","-","-","-","0","0","0","0","0","0","0","0","-","0","0","0","0","0","0","0","0","0","0","0","0","0","0","0","0","0","0","0","0","0","0","0","0","0","0","0","0","0","0","0","0","0","0","0","0","0","0","0","0"
"0x7f2c6b5ada50","      UMOV UR6, 0x1","1","1","1","148","148","148","1","1","30","31","0","-","-","-","0","0","0","0","0","0","0","0","-","0","0","0","0","0","0","0","0","0","0","0","0","0","0","0","0","0","0","0","0","0","0","1","0","0","0","0","0","0","0","0","0","0","0","0","0","0","0","0","1"
"0x7f2c6b5ada60","      UIADD3 UR6, UPT, UPT, -UR6, 0x100000, URZ","0","0","0","148","148","148","1","1","0","31","0","-","-","-","0","0","0","0","0","0","0","0","-","0","0","0","0","0","0","0","0","0","0","0","0","0","0","0","0","0","0","0","0","0","0","0","0","0","0","0","0","0","0","0","0","0","0","0","0","0","0","0","0"
"0x7f2c6b5ada70","      USHF.L.U32 UR7, UR6, 0xb, URZ","0","0","0","148","148","148","1","1","0","31","0","-","-","-","0","0","0","0","0","0","0","0","-","0","0","0","0","0","0","0","0","0","0","0","0","0","0","0","0","0","0","0","0","0","0","0","0","0","0","0","0","0","0","0","0","0","0","0","0","0","0","0","0"
"0x7f2c6b5ada80","      USHF.L.U32 UR6, UR6, 0x1, URZ","0","0","0","148","148","148","1","1","0","31","0","-","-","-","0","0","0","0","0","0","0","0","-","0","0","0","0","0","0","0","0","0","0","0","0","0","0","0","0","0","0","0","0","0","0","0","0","0","0","0","0","0","0","0","0","0","0","0","0","0","0","0","0"
"0x7f2c6b5ada90","      FENCE.VIEW.ASYNC.S","0","0","0","148","148","148","1","1","0","31","0","-","-","-","0","0","0","0","0","0","0","0","-","0","0","0","0","0","0","0","0","0","0","0","0","0","0","0","0","0","0","0","0","0","0","0","0","0","0","0","0","0","0","0","0","0","0","0","0","0","0","0","0"
"0x7f2c6b5adaa0","      SYNCS.EXCH.64 URZ, [UR4+0x31920], UR6","0","0","0","148","148","148","1","1","0","31","0","-","-","-","0","0","0","0","0","0","0","0","-","0","0","0","0","0","0","0","0","0","0","0","0","0","0","0","0","0","0","0","0","0","0","0","0","0","0","0","0","0","0","0","0","0","0","0","0","0","0","0","0"
"0x7f2c6b5adab0","      SYNCS.EXCH.64 URZ, [UR4+0x31928], UR6","0","0","0","148","148","148","1","1","0","31","0","-","-","-","0","0","0","0","0","0","0","0","-","0","0","0","0","0","0","0","0","0","0","0","0","0","0","0","0","0","0","0","0","0","0","0","0","0","0","0","0","0","0","0","0","0","0","0","0","0","0","0","0"
"0x7f2c6b5adac0","      SYNCS.EXCH.64 URZ, [UR4+0x31930], UR6","0","0","0","148","148","148","1","1","0","31","0","-","-","-","0","0","0","0","0","0","0","0","-","0","0","0","0","0","0","0","0","0","0","0","0","0","0","0","0","0","0","0","0","0","0","0","0","0","0","0","0","0","0","0","0","0","0","0","0","0","0","0","0"
"0x7f2c6b5adad0","      SYNCS.EXCH.64 URZ, [UR4+0x31938], UR6","0","0","0","148","148","148","1","1","0","31","0","-","-","-","0","0","0","0","0","0","0","0","-","0","0","0","0","0","0","0","0","0","0","0","0","0","0","0","0","0","0","0","0","0","0","0","0","0","0","0","0","0","0","0","0","0","0","0","0","0","0","0","0"
"0x7f2c6b5adae0","      SYNCS.EXCH.64 URZ, [UR4+0x31948], UR6","0","0","0","148","148","148","1","1","0","31","0","-","-","-","0","0","0","0","0","0","0","0","-","0","0","0","0","0","0","0","0","0","0","0","0","0","0","0","0","0","0","0","0","0","0","0","0","0","0","0","0","0","0","0","0","0","0","0","0","0","0","0","0"
"0x7f2c6b5adaf0","      SYNCS.EXCH.64 URZ, [UR4+0x31958], UR6","0","0","0","148","148","148","1","1","0","31","0","-","-","-","0","0","0","0","0","0","0","0","-","0","0","0","0","0","0","0","0","0","0","0","0","0","0","0","0","0","0","0","0","0","0","0","0","0","0","0","0","0","0","0","0","0","0","0","0","0","0","0","0"
"0x7f2c6b5adb00","      SYNCS.EXCH.64 URZ, [UR4+0x31950], UR6","0","0","0","148","148","148","1","1","0","31","0","-","-","-","0","0","0","0","0","0","0","0","-","0","0","0","0","0","0","0","0","0","0","0","0","0","0","0","0","0","0","0","0","0","0","0","0","0","0","0","0","0","0","0","0","0","0","0","0","0","0","0","0"
"0x7f2c6b5adb10","      SYNCS.EXCH.64 URZ, [UR4+0x31960], UR6","0","0","0","148","148","148","1","1","0","31","0","-","-","-","0","0","0","0","0","0","0","0","-","0","0","0","0","0","0","0","0","0","0","0","0","0","0","0","0","0","0","0","0","0","0","0","0","0","0","0","0","0","0","0","0","0","0","0","0","0","0","0","0"
"0x7f2c6b5adb20","      NOP","0","0","0","148","148","148","1","1","0","31","0","-","-","-","0","0","0","0","0","0","0","0","-","0","0","0","0","0","0","0","0","0","0","0","0","0","0","0","0","0","0","0","0","0","0","0","0","0","0","0","0","0","0","0","0","0","0","0","0","0","0","0","0"
"0x7f2c6b5adb30","      NOP","1","1","1","2516","75776","75776","30","30","29","2","0","-","-","-","0","0","0","0","0","0","0","0","-","0","0","0","0","0","0","0","0","0","0","0","0","0","0","0","0","1","0","0","0","0","0","0","0","0","0","0","0","0","0","0","0","0","1","0","0","0","0","0","0"
"0x7f2c6b5adb40","      BSYNC.RECONVERGENT B0","0","0","0","2516","75776","75776","30","30","0","2","0","-","-","-","0","0","0","0","0","0","0","0","-","0","0","0","0","0","0","0","0","0","0","0","0","0","0","0","0","0","0","0","0","0","0","0","0","0","0","0","0","0","0","0","0","0","0","0","0","0","0","0","0"
"0x7f2c6b5adb50","      UISETP.NE.U32.AND UP0, UPT, UR63, URZ, UPT","0","0","0","2368","75776","75776","32","32","2","0","0","-","-","-","0","0","0","0","0","0","0","0","-","0","0","0","0","0","0","0","0","0","0","0","0","0","0","0","0","0","0","0","0","0","0","0","0","0","0","0","0","0","0","0","0","0","0","0","0","0","0","0","0"
"0x7f2c6b5adb60","      NOP","0","0","0","2368","75776","75776","32","32","0","0","0","-","-","-","0","0","0","0","0","0","0","0","-","0","0","0","0","0","0","0","0","0","0","0","0","0","0","0","0","0","0","0","0","0","0","0","0","0","0","0","0","0","0","0","0","0","0","0","0","0","0","0","0"
"0x7f2c6b5adb70","      BRA.U UP0, 0x7f2c6b5add70","0","0","0","2368","75776","75776","32","32","0","0","0","-","-","-","0","0","0","0","0","0","0","0","-","0","0","0","0","0","0","0","0","0","0","0","0","0","0","0","0","0","0","0","0","0","0","0","0","0","0","0","0","0","0","0","0","0","0","0","0","0","0","0","0"
"0x7f2c6b5adb80","      ELECT P0, URZ, PT","0","0","0","148","4736","4736","32","32","0","0","0","-","-","-","0","0","0","0","0","0","0","0","-","0","0","0","0","0","0","0","0","0","0","0","0","0","0","0","0","0","0","0","0","0","0","0","0","0","0","0","0","0","0","0","0","0","0","0","0","0","0","0","0"
"0x7f2c6b5adb90","      NOP","0","0","0","148","4736","4736","32","32","0","0","0","-","-","-","0","0","0","0","0","0","0","0","-","0","0","0","0","0","0","0","0","0","0","0","0","0","0","0","0","0","0","0","0","0","0","0","0","0","0","0","0","0","0","0","0","0","0","0","0","0","0","0","0"
"0x7f2c6b5adba0","@!P0  BRA 0x7f2c6b5add00","0","0","0","148","4736","4588","32","31","1","1","148","-","-","-","0","0","0","0","0","0","0","0","-","0","0","0","0","0","0","0","0","0","0","0","0","0","0","0","0","0","0","0","0","0","0","0","0","0","0","0","0","0","0","0","0","0","0","0","0","0","0","0","0"
"0x7f2c6b5adbb0","      UMOV UR6, 0x10","0","0","0","148","148","148","1","1","30","31","0","-","-","-","0","0","0","0","0","0","0","0","-","0","0","0","0","0","0","0","0","0","0","0","0","0","0","0","0","0","0","0","0","0","0","0","0","0","0","0","0","0","0","0","0","0","0","0","0","0","0","0","0"
"0x7f2c6b5adbc0","      HFMA2 R2, -RZ, RZ, 0, 5.9604644775390625e-08","0","0","0","148","148","148","1","1","0","31","0","-","-","-","0","0","0","0","0","0","0","0","-","0","0","0","0","0","0","0","0","0","0","0","0","0","0","0","0","0","0","0","0","0","0","0","0","0","0","0","0","0","0","0","0","0","0","0","0","0","0","0","0"
"0x7f2c6b5adbd0","      MOV R3, 0xffff","0","0","0","148","148","148","1","1","0","31","0","-","-","-","0","0","0","0","0","0","0","0","-","0","0","0","0","0","0","0","0","0","0","0","0","0","0","0","0","0","0","0","0","0","0","0","0","0","0","0","0","0","0","0","0","0","0","0","0","0","0","0","0"
"0x7f2c6b5adbe0","      UMOV UR7, 0x40","0","0","0","148","148","148","1","1","0","31","0","-","-","-","0","0","0","0","0","0","0","0","-","0","0","0","0","0","0","0","0","0","0","0","0","0","0","0","0","0","0","0","0","0","0","0","0","0","0","0","0","0","0","0","0","0","0","0","0","0","0","0","0"
"0x7f2c6b5adbf0","      DEPBAR.LE SB0, 0x36","0","0","0","148","148","148","1","1","0","31","0","-","-","-","0","0","0","0","0","0","0","0","-","0","0","0","0","0","0","0","0","0","0","0","0","0","0","0","0","0","0","0","0","0","0","0","0","0","0","0","0","0","0","0","0","0","0","0","0","0","0","0","0"
"0x7f2c6b5adc00","      UTCATOMSWS.FIND_AND_SET.ALIGN UP0, UR6, UR6","0","0","0","148","148","148","1","1","0","31","0","-","-","-","0","0","0","0","0","0","0","0","-","0","0","0","0","0","0","0","0","0","0","0","0","0","0","0","0","0","0","0","0","0","0","0","0","0","0","0","0","0","0","0","0","0","0","0","0","0","0","0","0"
"0x7f2c6b5adc10","      ULEA UR7, UR5, UR7, 0x18","0","0","0","148","148","148","1","1","0","31","0","-","-","-","0","0","0","0","0","0","0","0","-","0","0","0","0","0","0","0","0","0","0","0","0","0","0","0","0","0","0","0","0","0","0","0","0","0","0","0","0","0","0","0","0","0","0","0","0","0","0","0","0"
"0x7f2c6b5adc20","      MOV R4, UR6","0","0","0","148","148","148","1","1","0","31","0","-","-","-","0","0","0","0","0","0","0","0","-","0","0","0","0","0","0","0","0","0","0","0","0","0","0","0","0","0","0","0","0","0","0","0","0","0","0","0","0","0","0","0","0","0","0","0","0","0","0","0","0"
"0x7f2c6b5adc30","      BRA.U UP0, 0x7f2c6b5adca0","0","0","0","148","148","148","1","1","0","31","0","-","-","-","0","0","0","0","0","0","0","0","-","0","0","0","0","0","0","0","0","0","0","0","0","0","0","0","0","0","0","0","0","0","0","0","0","0","0","0","0","0","0","0","0","0","0","0","0","0","0","0","0"
"0x7f2c6b5adc40","      UMOV UR6, 0x10","0","0","0","0","0","0","0","0","1","32","0","-","-","-","0","0","0","0","0","0","0","0","-","0","0","0","0","0","0","0","0","0","0","0","0","0","0","0","0","0","0","0","0","0","0","0","0","0","0","0","0","0","0","0","0","0","0","0","0","0","0","0","0"
"0x7f2c6b5adc50","      NANOSLEEP 0x64","0","0","0","0","0","0","0","0","0","32","0","-","-","-","0","0","0","0","0","0","0","0","-","0","0","0","0","0","0","0","0","0","0","0","0","0","0","0","0","0","0","0","0","0","0","0","0","0","0","0","0","0","0","0","0","0","0","0","0","0","0","0","0"
"0x7f2c6b5adc60","      DEPBAR.LE SB0, 0x36","0","0","0","0","0","0","0","0","0","32","0","-","-","-","0","0","0","0","0","0","0","0","-","0","0","0","0","0","0","0","0","0","0","0","0","0","0","0","0","0","0","0","0","0","0","0","0","0","0","0","0","0","0","0","0","0","0","0","0","0","0","0","0"
"0x7f2c6b5adc70","      UTCATOMSWS.FIND_AND_SET.ALIGN UP0, UR6, UR6","0","0","0","0","0","0","0","0","0","32","0","-","-","-","0","0","0","0","0","0","0","0","-","0","0","0","0","0","0","0","0","0","0","0","0","0","0","0","0","0","0","0","0","0","0","0","0","0","0","0","0","0","0","0","0","0","0","0","0","0","0","0","0"
"0x7f2c6b5adc80","      MOV R4, UR6","0","0","0","0","0","0","0","0","0","32","0","-","-","-","0","0","0","0","0","0","0","0","-","0","0","0","0","0","0","0","0","0","0","0","0","0","0","0","0","0","0","0","0","0","0","0","0","0","0","0","0","0","0","0","0","0","0","0","0","0","0","0","0"
"0x7f2c6b5adc90","      BRA.U !UP0, 0x7f2c6b5adc40","0","0","0","0","0","0","0","0","0","32","0","-","-","-","0","0","0","0","0","0","0","0","-","0","0","0","0","0","0","0","0","0","0","0","0","0","0","0","0","0","0","0","0","0","0","0","0","0","0","0","0","0","0","0","0","0","0","0","0","0","0","0","0"
"0x7f2c6b5adca0","      SHF.L.U32 R3, R3, R4, RZ","0","0","0","148","148","148","1","1","1","31","0","-","-","-","0","0","0","0","0","0","0","0","-","0","0","0","0","0","0","0","0","0","0","0","0","0","0","0","0","0","0","0","0","0","0","0","0","0","0","0","0","0","0","0","0","0","0","0","0","0","0","0","0"
"0x7f2c6b5adcb0","      SHF.L.U32 R2, R2, R4, RZ","0","0","0","148","148","148","1","1","0","31","0","-","-","-","0","0","0","0","0","0","0","0","-","0","0","0","0","0","0","0","0","0","0","0","0","0","0","0","0","0","0","0","0","0","0","0","0","0","0","0","0","0","0","0","0","0","0","0","0","0","0","0","0"
"0x7f2c6b5adcc0","      IMAD.SHL.U32 R4, R4, 0x20, RZ","0","0","0","148","148","148","1","1","0","31","0","-","-","-","0","0","0","0","0","0","0","0","-","0","0","0","0","0","0","0","0","0","0","0","0","0","0","0","0","0","0","0","0","0","0","0","0","0","0","0","0","0","0","0","0","0","0","0","0","0","0","0","0"
"0x7f2c6b5adcd0","      ATOMS.OR RZ, [UR7+0x14], R3","0","0","0","148","148","148","1","1","0","31","0","Shared","Atomic","32","0","1","0","148","148","0","0","0","-","0","0","0","0","0","0","0","0","0","0","0","0","0","0","0","0","0","0","0","0","0","0","0","0","0","0","0","0","0","0","0","0","0","0","0","0","0","0","0","0"
"0x7f2c6b5adce0","      ATOMS.OR RZ, [UR7+0x18], R2","0","0","0","148","148","148","1","1","0","31","0","Shared","Atomic","32","0","1","0","148","148","0","0","0","-","0","0","0","0","0","0","0","0","0","0","0","0","0","0","0","0","0","0","0","0","0","0","0","0","0","0","0","0","0","0","0","0","0","0","0","0","0","0","0","0"
"0x7f2c6b5adcf0","      STS [UR4+0x31940], R4","0","0","0","148","148","148","1","1","0","31","0","Shared","Store","32","0","1","0","148","148","0","0","0","-","0","0","0","0","0","0","0","0","0","0","0","0","0","0","0","0","0","0","0","0","0","0","0","0","0","0","0","0","0","0","0","0","0","0","0","0","0","0","0","0"
"0x7f2c6b5add00","      WARPSYNC.ALL","0","0","0","296","4736","4736","16","16","15","16","0","-","-","-","0","0","0","0","0","0","0","0","-","0","0","0","0","0","0","0","0","0","0","0","0","0","0","0","0","0","0","0","0","0","0","0","0","0","0","0","0","0","0","0","0","0","0","0","0","0","0","0","0"
"0x7f2c6b5add10","      ELECT P0, URZ, PT","2","2","2","148","4736","4736","32","32","16","0","0","-","-","-","0","0","0","0","0","0","0","0","-","0","0","0","0","0","0","0","2","0","0","0","0","0","0","0","0","0","0","0","0","0","0","0","0","2","0","0","0","0","0","0","0","0","0","0","0","0","0","0","0"
"0x7f2c6b5add20","      MOV R2, 0x1","1","1","1","148","4736","4736","32","32","0","0","0","-","-","-","0","0","0","0","0","0","0","0","-","0","0","0","0","0","0","0","0","0","0","0","0","0","0","0","0","0","0","0","0","0","0","1","0","0","0","0","0","0","0","0","0","0","0","0","0","0","0","0","1"
"0x7f2c6b5add30","      UMOV UR6, 0x40","0","0","0","148","4736","4736","32","32","0","0","0","-","-","-","0","0","0","0","0","0","0","0","-","0","0","0","0","0","0","0","0","0","0","0","0","0","0","0","0","0","0","0","0","0","0","0","0","0","0","0","0","0","0","0","0","0","0","0","0","0","0","0","0"
"0x7f2c6b5add40","      UVIRTCOUNT.DEALLOC.SMPOOL 0x80","0","0","0","148","4736","4736","32","32","0","0","0","-","-","-","0","0","0","0","0","0","0","0","-","0","0","0","0","0","0","0","0","0","0","0","0","0","0","0","0","0","0","0","0","0","0","0","0","0","0","0","0","0","0","0","0","0","0","0","0","0","0","0","0"
"0x7f2c6b5add50","      ULEA UR6, UR5, UR6, 0x18","0","0","0","148","4736","4736","32","32","0","0","0","-","-","-","0","0","0","0","0","0","0","0","-","0","0","0","0","0","0","0","0","0","0","0","0","0","0","0","0","0","0","0","0","0","0","0","0","0","0","0","0","0","0","0","0","0","0","0","0","0","0","0","0"
"0x7f2c6b5add60","@P0   STS.U8 [UR6+0x1c], R2","0","0","0","148","4736","148","32","1","31","31","0","Shared","Store","8","0","1","0","148","148","0","0","0","-","0","0","0","0","0","0","0","0","0","0","0","0","0","0","0","0","0","0","0","0","0","0","0","0","0","0","0","0","0","0","0","0","0","0","0","0","0","0","0","0"
"0x7f2c6b5add70","      BAR.SYNC.DEFER_BLOCKING 0x0","0","0","0","2368","75776","75776","32","32","31","0","0","-","-","-","0","0","0","0","0","0","0","0","-","0","0","0","0","0","0","0","0","0","0","0","0","0","0","0","0","0","0","0","0","0","0","0","0","0","0","0","0","0","0","0","0","0","0","0","0","0","0","0","0"
"0x7f2c6b5add80","      UISETP.GE.AND UP0, UPT, UR63, 0x8, UPT","0","0","0","2368","75776","75776","32","32","0","0","0","-","-","-","0","0","0","0","0","0","0","0","-","0","0","0","0","0","0","0","0","0","0","0","0","0","0","0","0","0","0","0","0","0","0","0","0","0","0","0","0","0","0","0","0","0","0","0","0","0","0","0","0"
"0x7f2c6b5add90","      BRA.U !UP0, 0x7f2c6b5addc0","3","3","3","2368","75776","75776","32","32","0","0","0","-","-","-","0","0","0","0","0","0","0","0","-","0","0","0","0","0","0","3","0","0","0","0","0","0","0","0","0","0","0","0","0","0","0","0","3","0","0","0","0","0","0","0","0","0","0","0","0","0","0","0","0"
"0x7f2c6b5adda0","      NOP","0","0","0","1184","37888","37888","32","32","0","0","0","-","-","-","0","0","0","0","0","0","0","0","-","0","0","0","0","0","0","0","0","0","0","0","0","0","0","0","0","0","0","0","0","0","0","0","0","0","0","0","0","0","0","0","0","0","0","0","0","0","0","0","0"
"0x7f2c6b5addb0","      USETMAXREG.DEALLOC.CTAPOOL 0x40","0","0","0","1184","37888","37888","32","32","0","0","0","-","-","-","0","0","0","0","0","0","0","0","-","0","0","0","0","0","0","0","0","0","0","0","0","0","0","0","0","0","0","0","0","0","0","0","0","0","0","0","0","0","0","0","0","0","0","0","0","0","0","0","0"
"0x7f2c6b5addc0","      ULOP3.LUT UR5, UR63, 0xfffffffc, URZ, 0xc0, !UPT","2","2","2","2368","75776","75776","32","32","0","0","0","-","-","-","0","0","0","0","0","0","0","0","-","0","0","0","0","0","0","0","0","0","0","0","0","1","0","0","0","1","0","0","0","0","0","0","0","0","0","0","0","0","1","0","0","0","1","0","0","0","0","0","0"
"0x7f2c6b5addd0","      UISETP.NE.U32.AND UP0, UPT, UR5, 0x8, UPT","0","0","0","2368","75776","75776","32","32","0","0","0","-","-","-","0","0","0","0","0","0","0","0","-","0","0","0","0","0","0","0","0","0","0","0","0","0","0","0","0","0","0","0","0","0","0","0","0","0","0","0","0","0","0","0","0","0","0","0","0","0","0","0","0"
"0x7f2c6b5adde0","      BRA.U UP0, 0x7f2c6b5af5a0","0","0","0","2368","75776","75776","32","32","0","0","0","-","-","-","0","0","0","0","0","0","0","0","-","0","0","0","0","0","0","0","0","0","0","0","0","0","0","0","0","0","0","0","0","0","0","0","0","0","0","0","0","0","0","0","0","0","0","0","0","0","0","0","0"
"0x7f2c6b5addf0","      S2R R2, SR_TID.X","0","0","0","592","18944","18944","32","32","0","0","0","-","-","-","0","0","0","0","0","0","0","0","-","0","0","0","0","0","0","0","0","0","0","0","0","0","0","0","0","0","0","0","0","0","0","0","0","0","0","0","0","0","0","0","0","0","0","0","0","0","0","0","0"
"0x7f2c6b5ade00","      S2R R9, SR_CTAID.X","0","0","0","592","18944","18944","32","32","0","0","0","-","-","-","0","0","0","0","0","0","0","0","-","0","0","0","0","0","0","0","0","0","0","0","0","0","0","0","0","0","0","0","0","0","0","0","0","0","0","0","0","0","0","0","0","0","0","0","0","0","0","0","0"
"0x7f2c6b5ade10","      IADD3 R10, PT, PT, R2, -0x100, RZ","0","0","0","592","18944","18944","32","32","0","0","0","-","-","-","0","0","0","0","0","0","0","0","-","0","0","0","0","0","0","0","0","0","0","0","0","0","0","0","0","0","0","0","0","0","0","0","0","0","0","0","0","0","0","0","0","0","0","0","0","0","0","0","0"
"0x7f2c6b5ade20","      ISETP.GT.AND P0, PT, R9, 0x1fff, PT","0","0","0","592","18944","18944","32","32","0","0","0","-","-","-","0","0","0","0","0","0","0","0","-","0","0","0","0","0","0","0","0","0","0","0","0","0","0","0","0","0","0","0","0","0","0","0","0","0","0","0","0","0","0","0","0","0","0","0","0","0","0","0","0"
"0x7f2c6b5ade30","@P0   EXIT","0","0","0","592","18944","0","32","0","32","32","0","-","-","-","0","0","0","0","0","0","0","0","-","0","0","0","0","0","0","0","0","0","0","0","0","0","0","0","0","0","0","0","0","0","0","0","0","0","0","0","0","0","0","0","0","0","0","0","0","0","0","0","0"
"0x7f2c6b5ade40","      LDCU.64 UR74, c[0x0][0x3a8]","0","0","0","592","18944","18944","32","32","32","0","0","-","-","-","0","0","0","0","0","0","0","0","-","0","0","0","0","0","0","0","0","0","0","0","0","0","0","0","0","0","0","0","0","0","0","0","0","0","0","0","0","0","0","0","0","0","0","0","0","0","0","0","0"
"0x7f2c6b5ade50","      SHF.R.S32.HI R8, RZ, 0x5, R10","0","0","0","592","18944","18944","32","32","0","0","0","-","-","-","0","0","0","0","0","0","0","0","-","0","0","0","0","0","0","0","0","0","0","0","0","0","0","0","0","0","0","0","0","0","0","0","0","0","0","0","0","0","0","0","0","0","0","0","0","0","0","0","0"
"0x7f2c6b5ade60","      LDCU.64 UR72, c[0x0][0x3a8]","0","0","0","592","18944","18944","32","32","0","0","0","-","-","-","0","0","0","0","0","0","0","0","-","0","0","0","0","0","0","0","0","0","0","0","0","0","0","0","0","0","0","0","0","0","0","0","0","0","0","0","0","0","0","0","0","0","0","0","0","0","0","0","0"
"0x7f2c6b5ade70","      ULEA UR55, UR63, 0xffffff00, 0x5","0","0","0","592","18944","18944","32","32","0","0","0","-","-","-","0","0","0","0","0","0","0","0","-","0","0","0","0","0","0","0","0","0","0","0","0","0","0","0","0","0","0","0","0","0","0","0","0","0","0","0","0","0","0","0","0","0","0","0","0","0","0","0","0"
"0x7f2c6b5ade80","      UMOV UR77, URZ","0","0","0","592","18944","18944","32","32","0","0","0","-","-","-","0","0","0","0","0","0","0","0","-","0","0","0","0","0","0","0","0","0","0","0","0","0","0","0","0","0","0","0","0","0","0","0","0","0","0","0","0","0","0","0","0","0","0","0","0","0","0","0","0"
"0x7f2c6b5ade90","      UMOV UR42, URZ","0","0","0","592","18944","18944","32","32","0","0","0","-","-","-","0","0","0","0","0","0","0","0","-","0","0","0","0","0","0","0","0","0","0","0","0","0","0","0","0","0","0","0","0","0","0","0","0","0","0","0","0","0","0","0","0","0","0","0","0","0","0","0","0"
"0x7f2c6b5adea0","      UMOV UR66, 0x80","0","0","0","592","18944","18944","32","32","0","0","0","-","-","-","0","0","0","0","0","0","0","0","-","0","0","0","0","0","0","0","0","0","0","0","0","0","0","0","0","0","0","0","0","0","0","0","0","0","0","0","0","0","0","0","0","0","0","0","0","0","0","0","0"
"0x7f2c6b5adeb0","      UMOV UR58, 0x100","0","0","0","592","18944","18944","32","32","0","0","0","-","-","-","0","0","0","0","0","0","0","0","-","0","0","0","0","0","0","0","0","0","0","0","0","0","0","0","0","0","0","0","0","0","0","0","0","0","0","0","0","0","0","0","0","0","0","0","0","0","0","0","0"
"0x7f2c6b5adec0","      UMOV UR50, 0x180","0","0","0","592","18944","18944","32","32","0","0","0","-","-","-","0","0","0","0","0","0","0","0","-","0","0","0","0","0","0","0","0","0","0","0","0","0","0","0","0","0","0","0","0","0","0","0","0","0","0","0","0","0","0","0","0","0","0","0","0","0","0","0","0"
"0x7f2c6b5aded0","      UIADD3.64 UR74, UPT, UPT, UR74, 0x80, URZ","0","0","0","592","18944","18944","32","32","0","0","0","-","-","-","0","0","0","0","0","0","0","0","-","0","0","0","0","0","0","0","0","0","0","0","0","0","0","0","0","0","0","0","0","0","0","0","0","0","0","0","0","0","0","0","0","0","0","0","0","0","0","0","0"
"0x7f2c6b5adee0","      LDC.64 R12, c[0x0][0x398]","13","3","13","32768","1048576","1048576","32","32","0","0","0","-","-","-","0","0","0","0","0","0","0","0","-","0","0","0","0","0","0","0","1","0","0","0","0","0","0","0","0","11","0","0","0","0","0","1","0","0","0","0","0","0","0","0","0","0","3","0","0","0","0","0","0"
"0x7f2c6b5adef0","      LDCU.64 UR6, c[0x0][0x358]","0","0","0","32768","1048576","1048576","32","32","0","0","0","-","-","-","0","0","0","0","0","0","0","0","-","0","0","0","0","0","0","0","0","0","0","0","0","0","0","0","0","0","0","0","0","0","0","0","0","0","0","0","0","0","0","0","0","0","0","0","0","0","0","0","0"
"0x7f2c6b5adf00","      IMAD.WIDE R12, R9, 0x4, R12","23","5","23","32768","1048576","1048576","32","32","0","0","0","-","-","-","0","0","0","0","0","0","0","0","-","0","0","0","0","0","0","0","0","0","0","0","0","0","0","0","0","1","0","0","22","0","0","0","0","0","0","0","0","0","0","0","0","0","0","0","0","5","0","0","0"
"0x7f2c6b5adf10","      LDG.E R2, desc[UR6][R12.64]","5","1","5","32768","1048576","1048576","32","32","0","0","0","Global","Load","32","32768","0","0","0","0","0","32768","32768","","0","0","0","0","0","0","0","0","0","0","0","0","0","0","0","0","0","1","0","0","0","0","4","0","0","0","0","0","0","0","0","0","0","0","0","0","0","0","0","1"
"0x7f2c6b5adf20","      SHF.R.S32.HI R3, RZ, 0x1f, R2","199","102","199","32768","1048576","1048576","32","32","0","0","0","-","-","-","0","0","0","0","0","0","0","0","-","0","0","0","0","0","0","0","0","0","0","0","198","0","0","0","0","0","0","1","0","0","0","0","0","0","0","0","0","102","0","0","0","0","0","0","0","0","0","0","0"
"0x7f2c6b5adf30","      R2UR UR76, R2","1","1","1","32768","1048576","1048576","32","32","0","0","0","-","-","-","0","0","0","0","0","0","0","0","-","0","0","0","0","0","0","0","0","0","0","0","0","0","0","0","0","0","0","0","0","0","0","1","0","0","0","0","0","0","0","0","0","0","0","0","0","0","0","0","1"
"0x7f2c6b5adf40","      LEA.HI R3, R3, R2, RZ, 0x7","3","3","3","32768","1048576","1048576","32","32","0","0","0","-","-","-","0","0","0","0","0","0","0","0","-","0","0","0","0","0","0","0","0","0","0","0","0","0","0","0","0","0","0","0","0","0","0","3","0","0","0","0","0","0","0","0","0","0","0","0","0","0","0","0","3"
"0x7f2c6b5adf50","      LOP3.LUT R5, R3, 0xffffff80, RZ, 0xc0, !PT","3","1","3","32768","1048576","1048576","32","32","0","0","0","-","-","-","0","0","0","0","0","0","0","0","-","0","0","0","0","0","0","0","0","0","0","0","0","0","0","0","0","0","1","0","0","0","0","2","0","0","0","0","0","0","0","0","0","0","0","0","0","0","0","0","1"
"0x7f2c6b5adf60","      SHF.R.S32.HI R0, RZ, 0x7, R3","0","0","0","32768","1048576","1048576","32","32","0","0","0","-","-","-","0","0","0","0","0","0","0","0","-","0","0","0","0","0","0","0","0","0","0","0","0","0","0","0","0","0","0","0","0","0","0","0","0","0","0","0","0","0","0","0","0","0","0","0","0","0","0","0","0"
"0x7f2c6b5adf70","      ISETP.NE.U32.AND P0, PT, R2, R5, PT","2","0","2","32768","1048576","1048576","32","32","0","0","0","-","-","-","0","0","0","0","0","0","0","0","-","0","0","0","0","0","0","0","0","0","0","0","0","0","0","0","0","0","0","2","0","0","0","0","0","0","0","0","0","0","0","0","0","0","0","0","0","0","0","0","0"
"0x7f2c6b5adf80","      LEA.HI.SX32 R3, R3, 0x1, 0x19","1","1","1","32768","1048576","1048576","32","32","0","0","0","-","-","-","0","0","0","0","0","0","0","0","-","0","0","0","0","0","0","0","0","0","0","0","0","0","0","0","0","0","0","0","0","0","0","1","0","0","0","0","0","0","0","0","0","0","0","0","0","0","0","0","1"
"0x7f2c6b5adf90","      ISETP.GT.AND P0, PT, R2, -0x1, P0","1","0","1","32768","1048576","1048576","32","32","0","0","0","-","-","-","0","0","0","0","0","0","0","0","-","0","0","0","0","0","0","0","0","0","0","0","0","0","0","0","0","0","0","1","0","0","0","0","0","0","0","0","0","0","0","0","0","0","0","0","0","0","0","0","0"
"0x7f2c6b5adfa0","@!P0  IMAD.MOV R3, RZ, RZ, R0","6","4","6","32768","1048576","1048576","32","32","0","0","0","-","-","-","0","0","0","0","0","0","0","0","-","0","0","0","0","0","0","0","0","0","0","0","0","1","0","0","0","0","0","0","0","0","0","5","0","0","0","0","0","0","0","0","0","0","0","0","0","0","0","0","4"
"0x7f2c6b5adfb0","      ISETP.GE.AND P0, PT, R3, 0x1, PT","3","1","3","32768","1048576","1048576","32","32","0","0","0","-","-","-","0","0","0","0","0","0","0","0","-","0","0","0","0","0","0","0","0","0","0","0","0","0","0","0","0","0","0","0","0","0","0","3","0","0","0","0","0","0","0","0","0","0","0","0","0","0","0","0","1"
"0x7f2c6b5adfc0","@!P0  BRA 0x7f2c6b5af4e0","14","8","14","32768","1048576","0","32","0","32","32","0","-","-","-","0","0","0","0","0","0","0","0","-","0","0","0","0","0","0","0","0","0","0","0","0","0","0","0","0","0","4","1","0","0","0","9","0","0","0","0","0","0","0","0","0","0","0","0","0","0","0","0","8"
"0x7f2c6b5adfd0","      S2R R4, SR_TID.X","2","2","2","32768","1048576","1048576","32","32","32","0","0","-","-","-","0","0","0","0","0","0","0","0","-","0","0","0","0","0","0","0","0","0","0","0","0","0","0","0","0","0","0","0","0","0","0","2","0","0","0","0","0","0","0","0","0","0","0","0","0","0","0","0","2"
"0x7f2c6b5adfe0","      LDC.64 R14, c[0x0][0x390]","0","0","0","32768","1048576","1048576","32","32","0","0","0","-","-","-","0","0","0","0","0","0","0","0","-","0","0","0","0","0","0","0","0","0","0","0","0","0","0","0","0","0","0","0","0","0","0","0","0","0","0","0","0","0","0","0","0","0","0","0","0","0","0","0","0"
"0x7f2c6b5adff0","      ULEA.HI UR5, UR77, UR77, URZ, 0x1","2","0","2","32768","1048576","1048576","32","32","0","0","0","-","-","-","0","0","0","0","0","0","0","0","-","0","0","0","0","0","0","0","0","0","0","0","0","0","0","0","0","0","0","2","0","0","0","0","0","0","0","0","0","0","0","0","0","0","0","0","0","0","0","0","0"
"0x7f2c6b5ae000","      IMAD.MOV R3, RZ, RZ, -R3","0","0","0","32768","1048576","1048576","32","32","0","0","0","-","-","-","0","0","0","0","0","0","0","0","-","0","0","0","0","0","0","0","0","0","0","0","0","0","0","0","0","0","0","0","0","0","0","0","0","0","0","0","0","0","0","0","0","0","0","0","0","0","0","0","0"
"0x7f2c6b5ae010","      LEA R2, R9, R10, 0xb","0","0","0","32768","1048576","1048576","32","32","0","0","0","-","-","-","0","0","0","0","0","0","0","0","-","0","0","0","0","0","0","0","0","0","0","0","0","0","0","0","0","0","0","0","0","0","0","0","0","0","0","0","0","0","0","0","0","0","0","0","0","0","0","0","0"
"0x7f2c6b5ae020","      UMOV UR31, UR77","1","0","1","32768","1048576","1048576","32","32","0","0","0","-","-","-","0","0","0","0","0","0","0","0","-","0","0","0","0","0","0","0","0","0","0","0","0","0","0","0","0","0","0","1","0","0","0","0","0","0","0","0","0","0","0","0","0","0","0","0","0","0","0","0","0"
"0x7f2c6b5ae030","      ULOP3.LUT UR6, UR5, 0xfffffffe, URZ, 0xc0, !UPT","0","0","0","32768","1048576","1048576","32","32","0","0","0","-","-","-","0","0","0","0","0","0","0","0","-","0","0","0","0","0","0","0","0","0","0","0","0","0","0","0","0","0","0","0","0","0","0","0","0","0","0","0","0","0","0","0","0","0","0","0","0","0","0","0","0"
"0x7f2c6b5ae040","      USHF.R.S32.HI UR47, URZ, 0x1, UR5","5","1","5","32768","1048576","1048576","32","32","0","0","0","-","-","-","0","0","0","0","0","0","0","0","-","0","0","0","0","0","0","0","0","0","0","0","0","0","0","0","0","0","4","0","0","0","0","1","0","0","0","0","0","0","0","0","0","0","0","0","0","0","0","0","1"
"0x7f2c6b5ae050","      UIADD3 UR71, UPT, UPT, -UR6, UR77, URZ","2","0","2","32768","1048576","1048576","32","32","0","0","0","-","-","-","0","0","0","0","0","0","0","0","-","0","0","0","0","0","0","0","0","0","0","0","0","0","0","0","0","0","2","0","0","0","0","0","0","0","0","0","0","0","0","0","0","0","0","0","0","0","0","0","0"
"0x7f2c6b5ae060","      ISETP.GT.U32.AND P1, PT, R4, 0x17f, PT","11","9","11","32768","1048576","1048576","32","32","0","0","0","-","-","-","0","0","0","0","0","0","0","0","-","0","0","0","0","0","0","0","0","1","0","0","0","0","0","0","0","0","2","0","8","0","0","0","0","0","1","0","0","0","0","0","0","0","0","0","0","8","0","0","0"
"0x7f2c6b5ae070","      IMAD.MOV.U32 R0, RZ, RZ, R4","0","0","0","32768","1048576","1048576","32","32","0","0","0","-","-","-","0","0","0","0","0","0","0","0","-","0","0","0","0","0","0","0","0","0","0","0","0","0","0","0","0","0","0","0","0","0","0","0","0","0","0","0","0","0","0","0","0","0","0","0","0","0","0","0","0"
"0x7f2c6b5ae080","      S2R R5, SR_TID.X","188","52","188","524288","16777216","16777216","32","32","0","0","0","-","-","-","0","0","0","0","0","0","0","0","-","0","0","0","0","0","0","0","30","0","0","0","0","0","0","0","0","145","8","2","0","0","0","3","0","9","0","0","0","0","0","0","0","0","41","0","0","0","0","0","2"
"0x7f2c6b5ae090","      VIADD R4, R0, 0xffffff00","11","0","11","524288","16777216","16777216","32","32","0","0","0","-","-","-","0","0","0","0","0","0","0","0","-","0","0","0","0","0","0","0","0","1","0","0","0","0","0","0","0","0","0","10","0","0","0","0","0","0","0","0","0","0","0","0","0","0","0","0","0","0","0","0","0"
"0x7f2c6b5ae0a0","      LDCU.64 UR6, c[0x0][0x358]","9","0","9","524288","16777216","16777216","32","32","0","0","0","-","-","-","0","0","0","0","0","0","0","0","-","0","0","0","0","0","0","0","0","0","0","0","0","0","0","0","0","0","0","9","0","0","0","0","0","0","0","0","0","0","0","0","0","0","0","0","0","0","0","0","0"
"0x7f2c6b5ae0b0","      ISETP.NE.U32.AND P0, PT, R10, RZ, PT","10","0","10","524288","16777216","16777216","32","32","0","0","0","-","-","-","0","0","0","0","0","0","0","0","-","0","0","0","0","0","0","0","0","1","0","0","0","0","0","0","0","0","0","9","0","0","0","0","0","0","0","0","0","0","0","0","0","0","0","0","0","0","0","0","0"
"0x7f2c6b5ae0c0","      IMAD.WIDE R6, R2, 0x4, R14","8","0","8","524288","16777216","16777216","32","32","0","0","0","-","-","-","0","0","0","0","0","0","0","0","-","0","0","0","0","0","0","0","0","0","0","0","0","0","0","0","0","0","0","8","0","0","0","0","0","0","0","0","0","0","0","0","0","0","0","0","0","0","0","0","0"
"0x7f2c6b5ae0d0","      MOV R11, 0xffffffff","18","0","18","524288","16777216","16777216","32","32","0","0","0","-","-","-","0","0","0","0","0","0","0","0","-","0","0","0","0","0","0","0","0","0","0","0","0","0","0","0","0","0","0","18","0","0","0","0","0","0","0","0","0","0","0","0","0","0","0","0","0","0","0","0","0"
"0x7f2c6b5ae0e0","      ISETP.GE.OR P1, PT, R4, UR76, P1","81","4","81","524288","16777216","16777216","32","32","0","0","0","-","-","-","0","0","0","0","0","0","0","0","-","0","0","0","0","0","0","0","0","12","0","0","0","21","0","0","0","0","30","5","0","0","0","13","0","0","0","0","0","0","4","0","0","0","0","0","0","0","0","0","0"
"0x7f2c6b5ae0f0","      UISETP.GE.AND UP0, UPT, UR31, 0x2, UPT","12","0","12","524288","16777216","16777216","32","32","0","0","0","-","-","-","0","0","0","0","0","0","0","0","-","0","0","0","0","0","0","0","0","2","0","0","0","0","0","0","0","0","0","10","0","0","0","0","0","0","0","0","0","0","0","0","0","0","0","0","0","0","0","0","0"
"0x7f2c6b5ae100","      ULEA.HI UR5, UR31, UR31, URZ, 0x1","42","2","42","524288","16777216","16777216","32","32","0","0","0","-","-","-","0","0","0","0","0","0","0","0","-","0","0","0","0","0","0","0","0","0","0","0","0","1","0","0","0","0","24","6","0","0","0","11","0","0","0","0","0","0","0","0","0","0","0","0","0","0","0","0","2"
"0x7f2c6b5ae110","      ULOP3.LUT UR5, UR5, 0xfffffffe, URZ, 0xc0, !UPT","75","4","75","524288","16777216","16777216","32","32","0","0","0","-","-","-","0","0","0","0","0","0","0","0","-","0","0","0","0","0","0","0","0","1","0","0","0","4","0","0","0","0","38","10","0","0","0","22","0","0","0","0","0","0","2","0","0","0","0","0","0","0","0","0","2"
"0x7f2c6b5ae120","      UIADD3 UR23, UPT, UPT, -UR5, UR31, URZ","76","11","76","524288","16777216","16777216","32","32","0","0","0","-","-","-","0","0","0","0","0","0","0","0","-","0","0","0","0","0","0","0","0","0","0","0","0","1","0","0","0","0","37","7","0","0","0","31","0","0","0","0","0","0","0","0","0","0","0","0","0","0","0","0","11"
"0x7f2c6b5ae130","@!P1  LDG.E R11, desc[UR6][R6.64]","30","2","30","524288","16777216","16777216","32","32","0","0","0","Global","Load","32","524288","0","0","0","0","0","2097152","2097152","","0","0","0","0","0","0","0","0","1","0","0","0","0","0","0","0","0","15","5","0","0","0","9","0","0","0","0","0","0","0","0","0","0","0","0","0","0","0","0","2"
"0x7f2c6b5ae140","      ULEA UR7, UR23, UR4, 0x3","49","8","49","524288","16777216","16777216","32","32","0","0","0","-","-","-","0","0","0","0","0","0","0","0","-","0","0","0","0","0","0","0","0","1","0","0","0","3","0","0","0","0","22","10","0","0","0","13","0","0","0","0","0","0","3","0","0","0","0","0","0","0","0","0","5"
"0x7f2c6b5ae150","      ISETP.GT.U32.AND P1, PT, R5, 0x17f, PT","9","0","9","524288","16777216","16777216","32","32","0","0","0","-","-","-","0","0","0","0","0","0","0","0","-","0","0","0","0","0","0","0","0","0","0","0","0","0","0","0","0","0","0","9","0","0","0","0","0","0","0","0","0","0","0","0","0","0","0","0","0","0","0","0","0"
"0x7f2c6b5ae160","@!P0  IMAD.MOV.U32 R5, RZ, RZ, 0x12000","8","0","8","524288","16777216","131072","32","0","32","32","0","-","-","-","0","0","0","0","0","0","0","0","-","0","0","0","0","0","0","0","0","0","0","0","0","0","0","0","0","0","0","8","0","0","0","0","0","0","0","0","0","0","0","0","0","0","0","0","0","0","0","0","0"
"0x7f2c6b5ae170","      BRA.U !UP0, 0x7f2c6b5ae200","15","0","15","524288","16777216","16777216","32","32","32","0","0","-","-","-","0","0","0","0","0","0","0","0","-","0","0","0","0","0","0","0","0","2","0","0","0","0","0","0","0","0","0","13","0","0","0","0","0","0","0","0","0","0","0","0","0","0","0","0","0","0","0","0","0"
"0x7f2c6b5ae180","      UIADD3 UR6, UPT, UPT, UR47, -0x1, URZ","104","27","104","523104","16739328","16739328","32","32","0","0","0","-","-","-","0","0","0","0","0","0","0","0","-","0","0","0","0","0","0","0","0","0","0","0","0","1","0","0","0","0","0","12","0","0","0","91","0","0","0","0","0","0","0","0","0","0","0","0","0","0","0","0","27"
"0x7f2c6b5ae190","      ULEA.HI UR5, UR6, UR6, URZ, 0x1","82","5","82","523104","16739328","16739328","32","32","0","0","0","-","-","-","0","0","0","0","0","0","0","0","-","0","0","0","0","0","0","0","0","0","0","0","0","5","0","0","0","0","43","2","0","0","0","32","0","0","0","0","0","0","3","0","0","0","0","0","0","0","0","0","2"
"0x7f2c6b5ae1a0","      ULOP3.LUT UR5, UR5, 0xfffffffe, URZ, 0xc0, !UPT","99","7","99","523104","16739328","16739328","32","32","0","0","0","-","-","-","0","0","0","0","0","0","0","0","-","0","0","0","0","0","0","0","0","0","0","0","0","4","0","0","0","0","52","14","0","0","0","29","0","0","0","0","0","0","1","0","0","0","0","0","0","0","0","0","6"
"0x7f2c6b5ae1b0","      UIADD3 UR5, UPT, UPT, UR6, -UR5, URZ","77","12","77","523104","16739328","16739328","32","32","0","0","0","-","-","-","0","0","0","0","0","0","0","0","-","0","0","0","0","0","0","0","0","2","0","0","0","4","0","0","0","0","26","14","0","0","0","31","0","0","1","0","0","0","3","0","0","0","0","0","0","0","0","0","8"
"0x7f2c6b5ae1c0","      MOV R7, UR5","126","23","126","523104","16739328","16739328","32","32","0","0","0","-","-","-","0","0","0","0","0","0","0","0","-","0","0","0","0","0","0","0","0","0","0","0","0","24","0","0","0","0","37","13","0","0","0","52","0","0","0","0","0","0","11","0","0","0","0","0","0","0","0","0","12"
"0x7f2c6b5ae1d0","      SHF.L.U32 R7, R7, 0x1f, RZ","108","24","108","523104","16739328","16739328","32","32","0","0","0","-","-","-","0","0","0","0","0","0","0","0","-","0","0","0","0","0","0","0","0","1","0","0","0","35","0","0","0","0","35","7","0","0","0","30","0","0","0","0","0","0","14","0","0","0","0","0","0","0","0","0","10"
"0x7f2c6b5ae1e0","      SYNCS.PHASECHK.TRANS64.TRYWAIT P2, [UR7+0x31958], R7","75","10","75","523104","16739328","16739328","32","32","0","0","0","-","-","-","0","0","0","0","0","0","0","0","-","0","0","0","0","0","0","0","0","1","0","0","0","0","0","0","0","0","14","9","0","0","0","51","0","0","0","0","0","0","0","0","0","0","0","0","0","0","0","0","10"
"0x7f2c6b5ae1f0","@!P2  BRA 0x7f2c6b5b3dd0","17270","13633","17270","523104","16739328","3071488","32","5","27","27","0","-","-","-","0","0","0","0","0","0","0","0","-","0","0","0","0","0","0","0","0","0","0","0","17247","0","0","0","0","0","2","10","0","0","0","11","0","0","0","0","0","13630","0","0","0","0","0","0","0","0","0","0","3"
"0x7f2c6b5ae200","      ULEA UR39, UR23, UR4, 0x9","93","51","93","524288","16777216","16777216","32","32","27","0","0","-","-","-","0","0","0","0","0","0","0","0","-","0","0","0","0","0","0","0","0","0","0","0","0","25","0","0","0","0","18","8","0","0","0","42","0","0","0","0","0","0","25","0","0","0","0","0","0","0","0","0","26"
"0x7f2c6b5ae210","@P1   BRA 0x7f2c6b5ae2c0","12","0","12","524288","16777216","0","32","0","32","32","0","-","-","-","0","0","0","0","0","0","0","0","-","0","0","0","0","0","0","0","0","0","0","0","0","0","0","0","0","0","0","12","0","0","0","0","0","0","0","0","0","0","0","0","0","0","0","0","0","0","0","0","0"
"0x7f2c6b5ae220","      S2R R6, SR_TID.X","103","55","103","524288","16777216","16777216","32","32","32","0","0","-","-","-","0","0","0","0","0","0","0","0","-","0","0","0","0","0","0","0","0","0","0","0","0","0","0","0","0","0","8","4","0","0","0","91","0","0","0","0","0","0","0","0","0","0","0","0","0","0","0","0","55"
"0x7f2c6b5ae230","      ISETP.GT.AND P2, PT, R11, -0x1, PT","37","21","37","524288","16777216","16777216","32","32","0","0","0","-","-","-","0","0","0","0","0","0","0","0","-","0","0","0","0","0","0","0","0","0","0","0","28","0","0","0","0","0","0","9","0","0","0","0","0","0","0","0","0","21","0","0","0","0","0","0","0","0","0","0","0"
"0x7f2c6b5ae240","      IMAD.U32 R7, RZ, RZ, UR23","9","0","9","524288","16777216","16777216","32","32","0","0","0","-","-","-","0","0","0","0","0","0","0","0","-","0","0","0","0","0","0","0","0","0","0","0","0","0","0","0","0","0","0","9","0","0","0","0","0","0","0","0","0","0","0","0","0","0","0","0","0","0","0","0","0"
"0x7f2c6b5ae250","      VOTE.ANY R4, PT, P2","121","39","121","524288","16777216","16777216","32","32","0","0","0","-","-","-","0","0","0","0","0","0","0","0","-","0","0","0","0","0","0","0","0","0","0","0","0","1","0","0","0","0","4","13","0","0","0","103","0","0","0","0","0","0","1","0","0","0","0","0","0","0","0","0","38"
"0x7f2c6b5ae260","      LOP3.LUT P3, RZ, R6, 0x1f, RZ, 0xc0, !PT","112","48","112","524288","16777216","16777216","32","32","0","0","0","-","-","-","0","0","0","0","0","0","0","0","-","0","0","0","0","0","0","0","0","0","0","0","0","3","0","0","0","0","8","10","78","0","0","13","0","0","0","0","0","0","3","0","0","0","0","0","0","41","0","0","4"
"0x7f2c6b5ae270","      LEA R6, R6, UR39, 0x2","11","2","11","524288","16777216","16777216","32","32","0","0","0","-","-","-","0","0","0","0","0","0","0","0","-","0","0","0","0","0","0","0","0","0","0","0","0","0","0","0","0","0","0","5","0","0","0","6","0","0","0","0","0","0","0","0","0","0","0","0","0","0","0","0","2"
"0x7f2c6b5ae280","      STS [R6+0x31100], R11","45","11","45","524288","16777216","16777216","32","32","0","0","0","Shared","Store","32","0","1","0","524288","524288","0","0","0","-","0","0","0","0","0","0","0","0","0","0","0","0","0","0","0","0","0","8","11","0","0","0","26","0","0","0","0","0","0","0","0","0","0","0","0","0","0","0","0","11"
"0x7f2c6b5ae290","@!P3  IMAD R7, R7, 0x4, R8","65","39","65","524288","16777216","524288","32","1","31","31","0","-","-","-","0","0","0","0","0","0","0","0","-","0","0","0","0","0","0","0","0","0","0","0","0","0","0","0","0","0","0","12","0","0","0","53","0","0","0","0","0","0","0","0","0","0","0","0","0","0","0","0","39"
"0x7f2c6b5ae2a0","@!P3  LEA R7, R7, UR4, 0x2","71","35","71","524288","16777216","524288","32","1","0","31","0","-","-","-","0","0","0","0","0","0","0","0","-","0","0","0","0","0","0","0","0","0","0","0","0","5","0","0","0","0","7","14","0","0","0","45","0","0","0","0","0","0","5","0","0","0","0","0","0","0","0","0","30"
"0x7f2c6b5ae2b0","@!P3  STS [R7+0x31900], R4","49","32","49","524288","16777216","524288","32","1","0","31","0","Shared","Store","32","0","1","0","524288","524288","0","0","0","-","0","0","0","0","0","0","0","0","0","0","0","0","0","0","0","0","0","2","11","0","0","0","36","0","0","0","0","0","0","0","0","0","0","0","0","0","0","0","0","32"
"0x7f2c6b5ae2c0","      BAR.SYNC.DEFER_BLOCKING 0x2, 0x80","17","7","17","524288","16777216","16777216","32","32","31","0","0","-","-","-","0","0","0","0","0","0","0","0","-","0","0","0","0","0","0","0","0","0","0","0","0","0","0","0","0","0","0","8","0","0","0","9","0","0","0","0","0","0","0","0","0","0","0","0","0","0","0","0","7"
"0x7f2c6b5ae2d0","      BSSY.RECONVERGENT B0, 0x7f2c6b5af3e0","244","209","244","524288","16777216","16777216","32","32","0","0","0","-","-","-","0","0","0","0","0","0","0","0","-","0","0","0","0","0","0","180","0","0","0","0","0","0","0","0","0","0","1","14","0","0","0","49","169","0","0","0","0","0","0","0","0","0","0","0","0","0","0","0","40"
"0x7f2c6b5ae2e0","@!P0  SYNCS.ARRIVE.TRANS64 RZ, [UR7+0x31948], R5","12","0","12","524288","16777216","131072","32","0","32","32","0","-","-","-","0","0","0","0","0","0","0","0","-","0","0","0","0","0","0","0","0","0","0","0","0","0","0","0","0","0","0","12","0","0","0","0","0","0","0","0","0","0","0","0","0","0","0","0","0","0","0","0","0"
"0x7f2c6b5ae2f0","      BAR.SYNC.DEFER_BLOCKING 0x2, 0x80","5","0","5","524288","16777216","16777216","32","32","32","0","0","-","-","-","0","0","0","0","0","0","0","0","-","0","0","0","0","0","0","0","0","0","0","0","0","0","0","0","0","0","0","5","0","0","0","0","0","0","0","0","0","0","0","0","0","0","0","0","0","0","0","0","0"
"0x7f2c6b5ae300","      ELECT P0, URZ, PT","11","0","11","524288","16777216","16777216","32","32","0","0","0","-","-","-","0","0","0","0","0","0","0","0","-","0","0","0","0","0","0","0","0","0","0","0","0","0","0","0","0","0","0","11","0","0","0","0","0","0","0","0","0","0","0","0","0","0","0","0","0","0","0","0","0"
"0x7f2c6b5ae310","@!P0  BRA 0x7f2c6b5af3c0","196","110","196","524288","16777216","16252928","32","31","1","1","524288","-","-","-","0","0","0","0","0","0","0","0","-","0","0","0","0","0","0","134","0","1","0","0","0","0","0","0","0","0","9","11","0","0","0","41","80","0","0","0","0","0","0","0","0","0","0","0","0","0","0","0","30"
"0x7f2c6b5ae320","      ULEA UR15, UR63, UR39, 0x7","90","51","90","524288","524288","524288","1","1","30","31","0","-","-","-","0","0","0","0","0","0","0","0","-","0","0","0","0","0","0","0","39","1","0","0","0","1","0","0","0","0","5","5","0","0","0","39","0","21","0","0","0","0","0","0","0","0","0","0","0","0","0","0","30"
"0x7f2c6b5ae330","      ULEA UR5, UR23, UR55, 0x9","26","8","26","524288","524288","524288","1","1","0","31","0","-","-","-","0","0","0","0","0","0","0","0","-","0","0","0","0","0","0","0","0","1","0","0","0","0","0","0","0","0","2","12","0","0","0","11","0","0","0","0","0","0","0","0","0","0","0","0","0","0","0","0","8"
"0x7f2c6b5ae340","      ULEA UR6, UR23, UR55, 0x7","25","15","25","524288","524288","524288","1","1","0","31","0","-","-","-","0","0","0","0","0","0","0","0","-","0","0","0","0","0","0","0","0","1","0","0","0","1","0","0","0","0","0","5","0","0","0","18","0","0","0","0","0","0","0","0","0","0","0","0","0","0","0","0","15"
"0x7f2c6b5ae350","      ULEA UR5, UR5, UR4, 0x7","16","9","16","524288","524288","524288","1","1","0","31","0","-","-","-","0","0","0","0","0","0","0","0","-","0","0","0","0","0","0","0","0","1","0","0","0","0","0","0","0","0","1","5","0","0","0","9","0","0","1","0","0","0","0","0","0","0","0","0","0","0","0","0","8"
"0x7f2c6b5ae360","      UIADD3 UR41, UPT, UPT, UR7, 0x31948, URZ","29","11","29","524288","524288","524288","1","1","0","31","0","-","-","-","0","0","0","0","0","0","0","0","-","0","0","0","0","0","0","0","0","4","0","0","0","2","0","0","0","0","2","9","0","0","0","12","0","0","0","0","0","0","0","0","0","0","0","0","0","0","0","0","11"
"0x7f2c6b5ae370","      LDS.128 R4, [UR15+0x31100]","9","0","9","524288","524288","524288","1","1","0","31","0","Shared","Load","128","0","1","0","524288","524288","0","0","0","-","0","0","0","0","0","0","0","0","0","0","0","0","0","0","0","0","0","0","9","0","0","0","0","0","0","0","0","0","0","0","0","0","0","0","0","0","0","0","0","0"
"0x7f2c6b5ae380","      ULEA UR6, UR6, UR4, 0x6","9","0","9","524288","524288","524288","1","1","0","31","0","-","-","-","0","0","0","0","0","0","0","0","-","0","0","0","0","0","0","0","0","1","0","0","0","0","0","0","0","0","0","8","0","0","0","0","0","0","0","0","0","0","0","0","0","0","0","0","0","0","0","0","0"
"0x7f2c6b5ae390","      UIADD3 UR40, UPT, UPT, UR5, 0x9000, URZ","35","12","35","524288","524288","524288","1","1","0","31","0","-","-","-","0","0","0","0","0","0","0","0","-","0","0","0","0","0","0","0","0","0","0","0","0","5","0","0","0","0","10","8","0","0","0","12","0","0","0","0","0","0","0","0","0","0","0","0","0","0","0","0","12"
"0x7f2c6b5ae3a0","      UIADD3 UR64, UPT, UPT, UR5, 0xd000, URZ","16","11","16","524288","524288","524288","1","1","0","31","0","-","-","-","0","0","0","0","0","0","0","0","-","0","0","0","0","0","0","0","0","0","0","0","0","0","0","0","0","0","0","4","0","0","0","12","0","0","0","0","0","0","0","0","0","0","0","0","0","0","0","0","11"
"0x7f2c6b5ae3b0","      UIADD3 UR56, UPT, UPT, UR5, 0x11000, URZ","21","13","21","524288","524288","524288","1","1","0","31","0","-","-","-","0","0","0","0","0","0","0","0","-","0","0","0","0","0","0","0","0","0","0","0","0","0","0","0","0","0","0","8","0","0","0","13","0","0","0","0","0","0","0","0","0","0","0","0","0","0","0","0","13"
"0x7f2c6b5ae3c0","      UIADD3 UR48, UPT, UPT, UR5, 0x15000, URZ","20","9","20","524288","524288","524288","1","1","0","31","0","-","-","-","0","0","0","0","0","0","0","0","-","0","0","0","0","0","0","0","0","0","0","0","0","0","0","0","0","0","2","9","0","0","0","9","0","0","0","0","0","0","0","0","0","0","0","0","0","0","0","0","9"
"0x7f2c6b5ae3d0","      UIADD3 UR8, UPT, UPT, UR6, 0x29000, URZ","14","5","14","524288","524288","524288","1","1","0","31","0","-","-","-","0","0","0","0","0","0","0","0","-","0","0","0","0","0","0","0","0","0","0","0","0","0","0","0","0","0","3","6","0","0","0","5","0","0","0","0","0","0","0","0","0","0","0","0","0","0","0","0","5"
"0x7f2c6b5ae3e0","      UMOV UR65, UR41","10","0","10","524288","524288","524288","1","1","0","31","0","-","-","-","0","0","0","0","0","0","0","0","-","0","0","0","0","0","0","0","0","0","0","0","0","0","0","0","0","0","0","10","0","0","0","0","0","0","0","0","0","0","0","0","0","0","0","0","0","0","0","0","0"
"0x7f2c6b5ae3f0","      UMOV UR57, UR41","7","0","7","524288","524288","524288","1","1","0","31","0","-","-","-","0","0","0","0","0","0","0","0","-","0","0","0","0","0","0","0","0","0","0","0","0","0","0","0","0","0","0","7","0","0","0","0","0","0","0","0","0","0","0","0","0","0","0","0","0","0","0","0","0"
"0x7f2c6b5ae400","      UMOV UR49, UR41","14","0","14","524288","524288","524288","1","1","0","31","0","-","-","-","0","0","0","0","0","0","0","0","-","0","0","0","0","0","0","0","0","0","0","0","0","0","0","0","0","0","0","14","0","0","0","0","0","0","0","0","0","0","0","0","0","0","0","0","0","0","0","0","0"
"0x7f2c6b5ae410","      UMOV UR10, UR42","7","0","7","524288","524288","524288","1","1","0","31","0","-","-","-","0","0","0","0","0","0","0","0","-","0","0","0","0","0","0","0","0","0","0","0","0","0","0","0","0","0","0","7","0","0","0","0","0","0","0","0","0","0","0","0","0","0","0","0","0","0","0","0","0"
"0x7f2c6b5ae420","      UMOV UR9, UR41","9","0","9","524288","524288","524288","1","1","0","31","0","-","-","-","0","0","0","0","0","0","0","0","-","0","0","0","0","0","0","0","0","0","0","0","0","0","0","0","0","0","0","9","0","0","0","0","0","0","0","0","0","0","0","0","0","0","0","0","0","0","0","0","0"
"0x7f2c6b5ae430","      UIADD3 UR32, UPT, UPT, UR5, 0xd200, URZ","18","0","18","524288","524288","524288","1","1","0","31","0","-","-","-","0","0","0","0","0","0","0","0","-","0","0","0","0","0","0","0","0","7","0","0","0","0","0","0","0","0","0","11","0","0","0","0","0","0","0","0","0","0","0","0","0","0","0","0","0","0","0","0","0"
"0x7f2c6b5ae440","      UIADD3 UR24, UPT, UPT, UR5, 0x11200, URZ","51","20","51","524288","524288","524288","1","1","0","31","0","-","-","-","0","0","0","0","0","0","0","0","-","0","0","0","0","0","0","0","0","10","0","0","0","6","0","0","0","0","7","10","0","0","0","18","0","0","9","0","0","0","1","0","0","0","0","0","0","0","0","0","10"
"0x7f2c6b5ae450","      UIADD3 UR16, UPT, UPT, UR5, 0x15200, URZ","35","12","35","524288","524288","524288","1","1","0","31","0","-","-","-","0","0","0","0","0","0","0","0","-","0","0","0","0","0","0","0","0","0","0","0","0","0","0","0","0","0","0","14","0","0","0","21","0","0","0","0","0","0","0","0","0","0","0","0","0","0","0","0","12"
"0x7f2c6b5ae460","      UMOV UR34, 0x80","7","0","7","524288","524288","524288","1","1","0","31","0","-","-","-","0","0","0","0","0","0","0","0","-","0","0","0","0","0","0","0","0","0","0","0","0","0","0","0","0","0","0","7","0","0","0","0","0","0","0","0","0","0","0","0","0","0","0","0","0","0","0","0","0"
"0x7f2c6b5ae470","      UMOV UR33, UR41","10","0","10","524288","524288","524288","1","1","0","31","0","-","-","-","0","0","0","0","0","0","0","0","-","0","0","0","0","0","0","0","0","0","0","0","0","0","0","0","0","0","0","10","0","0","0","0","0","0","0","0","0","0","0","0","0","0","0","0","0","0","0","0","0"
"0x7f2c6b5ae480","      UMOV UR26, 0x100","12","0","12","524288","524288","524288","1","1","0","31","0","-","-","-","0","0","0","0","0","0","0","0","-","0","0","0","0","0","0","0","0","0","0","0","0","0","0","0","0","0","0","12","0","0","0","0","0","0","0","0","0","0","0","0","0","0","0","0","0","0","0","0","0"
"0x7f2c6b5ae490","      UMOV UR25, UR41","13","0","13","524288","524288","524288","1","1","0","31","0","-","-","-","0","0","0","0","0","0","0","0","-","0","0","0","0","0","0","0","0","0","0","0","0","0","0","0","0","0","0","13","0","0","0","0","0","0","0","0","0","0","0","0","0","0","0","0","0","0","0","0","0"
"0x7f2c6b5ae4a0","      UMOV UR18, 0x180","8","0","8","524288","524288","524288","1","1","0","31","0","-","-","-","0","0","0","0","0","0","0","0","-","0","0","0","0","0","0","0","0","0","0","0","0","0","0","0","0","0","0","8","0","0","0","0","0","0","0","0","0","0","0","0","0","0","0","0","0","0","0","0","0"
"0x7f2c6b5ae4b0","      UMOV UR17, UR41","13","0","13","524288","524288","524288","1","1","0","31","0","-","-","-","0","0","0","0","0","0","0","0","-","0","0","0","0","0","0","0","0","0","0","0","0","0","0","0","0","0","0","13","0","0","0","0","0","0","0","0","0","0","0","0","0","0","0","0","0","0","0","0","0"
"0x7f2c6b5ae4c0","      R2UR UR46, R7","23","2","23","524288","524288","524288","1","1","0","31","0","-","-","-","0","0","0","0","0","0","0","0","-","0","0","0","0","0","0","0","0","7","0","0","0","0","0","0","0","0","0","14","2","0","0","0","0","0","0","0","0","0","0","0","0","0","0","0","0","2","0","0","0"
"0x7f2c6b5ae4d0","      R2UR UR45, R6","46","19","46","524288","524288","524288","1","1","0","31","0","-","-","-","0","0","0","0","0","0","0","0","-","0","0","0","0","0","0","0","0","12","0","0","0","0","0","0","0","0","1","9","0","0","0","24","0","0","8","0","0","0","0","0","0","0","0","0","0","0","0","0","11"
"0x7f2c6b5ae4e0","      R2UR UR44, R5","18","8","18","524288","524288","524288","1","1","0","31","0","-","-","-","0","0","0","0","0","0","0","0","-","0","0","0","0","0","0","0","0","0","0","0","0","0","0","0","0","0","1","9","0","0","0","8","0","0","0","0","0","0","0","0","0","0","0","0","0","0","0","0","8"
"0x7f2c6b5ae4f0","      R2UR UR43, R4","21","12","21","524288","524288","524288","1","1","0","31","0","-","-","-","0","0","0","0","0","0","0","0","-","0","0","0","0","0","0","0","0","0","0","0","0","0","0","0","0","0","0","9","0","0","0","12","0","0","0","0","0","0","0","0","0","0","0","0","0","0","0","0","12"
"0x7f2c6b5ae500","      UMOV UR70, UR46","69","53","69","524288","524288","524288","1","1","0","31","0","-","-","-","0","0","0","0","0","0","0","0","-","0","0","0","0","0","0","0","0","0","0","0","0","0","0","0","0","0","1","14","0","0","0","54","0","0","0","0","0","0","0","0","0","0","0","0","0","0","0","0","53"
"0x7f2c6b5ae510","      UMOV UR62, UR46","9","0","9","524288","524288","524288","1","1","0","31","0","-","-","-","0","0","0","0","0","0","0","0","-","0","0","0","0","0","0","0","0","0","0","0","0","0","0","0","0","0","0","9","0","0","0","0","0","0","0","0","0","0","0","0","0","0","0","0","0","0","0","0","0"
"0x7f2c6b5ae520","      UMOV UR69, UR45","15","0","15","524288","524288","524288","1","1","0","31","0","-","-","-","0","0","0","0","0","0","0","0","-","0","0","0","0","0","0","0","0","0","0","0","0","0","0","0","0","0","0","15","0","0","0","0","0","0","0","0","0","0","0","0","0","0","0","0","0","0","0","0","0"
"0x7f2c6b5ae530","      UMOV UR61, UR45","14","0","14","524288","524288","524288","1","1","0","31","0","-","-","-","0","0","0","0","0","0","0","0","-","0","0","0","0","0","0","0","0","0","0","0","0","0","0","0","0","0","0","14","0","0","0","0","0","0","0","0","0","0","0","0","0","0","0","0","0","0","0","0","0"
"0x7f2c6b5ae540","      UMOV UR68, UR44","15","0","15","524288","524288","524288","1","1","0","31","0","-","-","-","0","0","0","0","0","0","0","0","-","0","0","0","0","0","0","0","0","0","0","0","0","0","0","0","0","0","0","15","0","0","0","0","0","0","0","0","0","0","0","0","0","0","0","0","0","0","0","0","0"
"0x7f2c6b5ae550","      UMOV UR60, UR44","12","0","12","524288","524288","524288","1","1","0","31","0","-","-","-","0","0","0","0","0","0","0","0","-","0","0","0","0","0","0","0","0","2","0","0","0","0","0","0","0","0","0","10","0","0","0","0","0","0","0","0","0","0","0","0","0","0","0","0","0","0","0","0","0"
"0x7f2c6b5ae560","      UMOV UR67, UR43","16","0","16","524288","524288","524288","1","1","0","31","0","-","-","-","0","0","0","0","0","0","0","0","-","0","0","0","0","0","0","0","0","9","0","0","0","0","0","0","0","0","0","7","0","0","0","0","0","0","0","0","0","0","0","0","0","0","0","0","0","0","0","0","0"
"0x7f2c6b5ae570","      UTMALDG.2D.GATHER4 [UR40], [UR72]","18","0","18","524288","524288","524288","1","1","0","31","0","Global,Shared","-","-","0","0","0","0","0","0","0","0","-","0","0","0","0","0","0","0","0","10","0","0","0","0","0","0","0","0","0","8","0","0","0","0","0","0","0","0","0","0","0","0","0","0","0","0","0","0","0","0","0"
"0x7f2c6b5ae580","      UMOV UR59, UR43","7","0","7","524288","524288","524288","1","1","0","31","0","-","-","-","0","0","0","0","0","0","0","0","-","0","0","0","0","0","0","0","0","0","0","0","0","0","0","0","0","0","0","7","0","0","0","0","0","0","0","0","0","0","0","0","0","0","0","0","0","0","0","0","0"
"0x7f2c6b5ae590","      UMOV UR51, UR43","9","0","9","524288","524288","524288","1","1","0","31","0","-","-","-","0","0","0","0","0","0","0","0","-","0","0","0","0","0","0","0","0","0","0","0","0","0","0","0","0","0","0","9","0","0","0","0","0","0","0","0","0","0","0","0","0","0","0","0","0","0","0","0","0"
"0x7f2c6b5ae5a0","      UMOV UR52, UR44","9","0","9","524288","524288","524288","1","1","0","31","0","-","-","-","0","0","0","0","0","0","0","0","-","0","0","0","0","0","0","0","0","0","0","0","0","0","0","0","0","0","0","9","0","0","0","0","0","0","0","0","0","0","0","0","0","0","0","0","0","0","0","0","0"
"0x7f2c6b5ae5b0","      UMOV UR53, UR45","10","0","10","524288","524288","524288","1","1","0","31","0","-","-","-","0","0","0","0","0","0","0","0","-","0","0","0","0","0","0","0","0","0","0","0","0","0","0","0","0","0","0","10","0","0","0","0","0","0","0","0","0","0","0","0","0","0","0","0","0","0","0","0","0"
"0x7f2c6b5ae5c0","      UMOV UR54, UR46","11","0","11","524288","524288","524288","1","1","0","31","0","-","-","-","0","0","0","0","0","0","0","0","-","0","0","0","0","0","0","0","0","0","0","0","0","0","0","0","0","0","0","11","0","0","0","0","0","0","0","0","0","0","0","0","0","0","0","0","0","0","0","0","0"
"0x7f2c6b5ae5d0","      UMOV UR11, UR43","12","0","12","524288","524288","524288","1","1","0","31","0","-","-","-","0","0","0","0","0","0","0","0","-","0","0","0","0","0","0","0","0","0","0","0","0","0","0","0","0","0","0","12","0","0","0","0","0","0","0","0","0","0","0","0","0","0","0","0","0","0","0","0","0"
"0x7f2c6b5ae5e0","      UMOV UR12, UR44","4","0","4","524288","524288","524288","1","1","0","31","0","-","-","-","0","0","0","0","0","0","0","0","-","0","0","0","0","0","0","0","0","0","0","0","0","0","0","0","0","0","0","4","0","0","0","0","0","0","0","0","0","0","0","0","0","0","0","0","0","0","0","0","0"
"0x7f2c6b5ae5f0","      UTMALDG.2D.GATHER4 [UR64], [UR72]","8","0","8","524288","524288","524288","1","1","0","31","0","Global,Shared","-","-","0","0","0","0","0","0","0","0","-","0","0","0","0","0","0","0","0","0","0","0","0","0","0","0","0","0","0","8","0","0","0","0","0","0","0","0","0","0","0","0","0","0","0","0","0","0","0","0","0"
"0x7f2c6b5ae600","      UMOV UR13, UR45","10","0","10","524288","524288","524288","1","1","0","31","0","-","-","-","0","0","0","0","0","0","0","0","-","0","0","0","0","0","0","0","0","0","0","0","0","0","0","0","0","0","0","10","0","0","0","0","0","0","0","0","0","0","0","0","0","0","0","0","0","0","0","0","0"
"0x7f2c6b5ae610","      UMOV UR14, UR46","7","0","7","524288","524288","524288","1","1","0","31","0","-","-","-","0","0","0","0","0","0","0","0","-","0","0","0","0","0","0","0","0","0","0","0","0","0","0","0","0","0","0","7","0","0","0","0","0","0","0","0","0","0","0","0","0","0","0","0","0","0","0","0","0"
"0x7f2c6b5ae620","      UTMALDG.2D.GATHER4 [UR56], [UR72]","10","0","10","524288","524288","524288","1","1","0","31","0","Global,Shared","-","-","0","0","0","0","0","0","0","0","-","0","0","0","0","0","0","0","0","0","0","0","0","0","0","0","0","0","0","10","0","0","0","0","0","0","0","0","0","0","0","0","0","0","0","0","0","0","0","0","0"
"0x7f2c6b5ae630","      UTMALDG.2D.GATHER4 [UR48], [UR72]","13","0","13","524288","524288","524288","1","1","0","31","0","Global,Shared","-","-","0","0","0","0","0","0","0","0","-","0","0","0","0","0","0","0","0","0","0","0","0","0","0","0","0","0","0","13","0","0","0","0","0","0","0","0","0","0","0","0","0","0","0","0","0","0","0","0","0"
"0x7f2c6b5ae640","      UTMALDG.2D.GATHER4 [UR8], [UR74]","123","103","123","524288","524288","524288","1","1","0","31","0","Global,Shared","-","-","0","0","0","0","0","0","0","0","-","0","0","0","0","0","0","0","0","0","0","0","0","0","0","106","0","0","0","17","0","0","0","0","0","0","0","0","0","0","0","0","103","0","0","0","0","0","0","0","0"
"0x7f2c6b5ae650","      UIADD3 UR40, UPT, UPT, UR5, 0x9200, URZ","10","0","10","524288","524288","524288","1","1","0","31","0","-","-","-","0","0","0","0","0","0","0","0","-","0","0","0","0","0","0","0","0","0","0","0","0","0","0","0","0","0","0","10","0","0","0","0","0","0","0","0","0","0","0","0","0","0","0","0","0","0","0","0","0"
"0x7f2c6b5ae660","      LDS.128 R4, [UR15+0x31110]","9","0","9","524288","524288","524288","1","1","0","31","0","Shared","Load","128","0","1","0","524288","524288","0","0","0","-","0","0","0","0","0","0","0","0","0","0","0","0","0","0","0","0","0","0","9","0","0","0","0","0","0","0","0","0","0","0","0","0","0","0","0","0","0","0","0","0"
"0x7f2c6b5ae670","      UIADD3 UR8, UPT, UPT, UR6, 0x29100, URZ","643","623","643","524288","524288","524288","1","1","0","31","0","-","-","-","0","0","0","0","0","0","0","0","-","0","0","0","0","0","0","0","0","0","0","0","636","0","0","0","0","0","1","6","0","0","0","0","0","0","0","0","0","623","0","0","0","0","0","0","0","0","0","0","0"
"0x7f2c6b5ae680","      R2UR UR46, R7","10","3","10","524288","524288","524288","1","1","0","31","0","-","-","-","0","0","0","0","0","0","0","0","-","0","0","0","0","0","0","0","0","0","0","0","0","0","0","0","0","0","0","7","3","0","0","0","0","0","0","0","0","0","0","0","0","0","0","0","0","3","0","0","0"
"0x7f2c6b5ae690","      R2UR UR45, R6","15","8","15","524288","524288","524288","1","1","0","31","0","-","-","-","0","0","0","0","0","0","0","0","-","0","0","0","0","0","0","0","0","0","0","0","0","1","0","0","0","0","0","7","0","0","0","7","0","0","0","0","0","0","1","0","0","0","0","0","0","0","0","0","7"
"0x7f2c6b5ae6a0","      R2UR UR44, R5","18","8","18","524288","524288","524288","1","1","0","31","0","-","-","-","0","0","0","0","0","0","0","0","-","0","0","0","0","0","0","0","0","0","0","0","0","0","0","0","0","0","0","10","0","0","0","8","0","0","0","0","0","0","0","0","0","0","0","0","0","0","0","0","8"
"0x7f2c6b5ae6b0","      R2UR UR43, R4","24","11","24","524288","524288","524288","1","1","0","31","0","-","-","-","0","0","0","0","0","0","0","0","-","0","0","0","0","0","0","0","0","0","0","0","0","0","0","0","0","0","0","12","0","0","0","12","0","0","0","0","0","0","0","0","0","0","0","0","0","0","0","0","11"
"0x7f2c6b5ae6c0","      UMOV UR38, UR46","78","65","78","524288","524288","524288","1","1","0","31","0","-","-","-","0","0","0","0","0","0","0","0","-","0","0","0","0","0","0","0","0","0","0","0","0","0","0","0","0","0","1","12","0","0","0","65","0","0","0","0","0","0","0","0","0","0","0","0","0","0","0","0","65"
"0x7f2c6b5ae6d0","      UMOV UR30, UR46","15","0","15","524288","524288","524288","1","1","0","31","0","-","-","-","0","0","0","0","0","0","0","0","-","0","0","0","0","0","0","0","0","0","0","0","0","0","0","0","0","0","0","15","0","0","0","0","0","0","0","0","0","0","0","0","0","0","0","0","0","0","0","0","0"
"0x7f2c6b5ae6e0","      UMOV UR37, UR45","9","0","9","524288","524288","524288","1","1","0","31","0","-","-","-","0","0","0","0","0","0","0","0","-","0","0","0","0","0","0","0","0","0","0","0","0","0","0","0","0","0","0","9","0","0","0","0","0","0","0","0","0","0","0","0","0","0","0","0","0","0","0","0","0"
"0x7f2c6b5ae6f0","      UMOV UR29, UR45","8","0","8","524288","524288","524288","1","1","0","31","0","-","-","-","0","0","0","0","0","0","0","0","-","0","0","0","0","0","0","0","0","0","0","0","0","0","0","0","0","0","0","8","0","0","0","0","0","0","0","0","0","0","0","0","0","0","0","0","0","0","0","0","0"
"0x7f2c6b5ae700","      UMOV UR36, UR44","8","0","8","524288","524288","524288","1","1","0","31","0","-","-","-","0","0","0","0","0","0","0","0","-","0","0","0","0","0","0","0","0","1","0","0","0","0","0","0","0","0","0","7","0","0","0","0","0","0","0","0","0","0","0","0","0","0","0","0","0","0","0","0","0"
"0x7f2c6b5ae710","      UMOV UR28, UR44","11","0","11","524288","524288","524288","1","1","0","31","0","-","-","-","0","0","0","0","0","0","0","0","-","0","0","0","0","0","0","0","0","0","0","0","0","0","0","0","0","0","0","11","0","0","0","0","0","0","0","0","0","0","0","0","0","0","0","0","0","0","0","0","0"
"0x7f2c6b5ae720","      UMOV UR35, UR43","33","0","33","524288","524288","524288","1","1","0","31","0","-","-","-","0","0","0","0","0","0","0","0","-","0","0","0","0","0","0","0","0","15","0","0","0","0","0","0","0","0","0","18","0","0","0","0","0","0","0","0","0","0","0","0","0","0","0","0","0","0","0","0","0"
"0x7f2c6b5ae730","      UTMALDG.2D.GATHER4 [UR40], [UR72]","23","0","23","524288","524288","524288","1","1","0","31","0","Global,Shared","-","-","0","0","0","0","0","0","0","0","-","0","0","0","0","0","0","0","0","11","0","0","0","0","0","0","0","0","0","12","0","0","0","0","0","0","0","0","0","0","0","0","0","0","0","0","0","0","0","0","0"
"0x7f2c6b5ae740","      UMOV UR27, UR43","7","0","7","524288","524288","524288","1","1","0","31","0","-","-","-","0","0","0","0","0","0","0","0","-","0","0","0","0","0","0","0","0","0","0","0","0","0","0","0","0","0","0","7","0","0","0","0","0","0","0","0","0","0","0","0","0","0","0","0","0","0","0","0","0"
"0x7f2c6b5ae750","      UMOV UR19, UR43","9","0","9","524288","524288","524288","1","1","0","31","0","-","-","-","0","0","0","0","0","0","0","0","-","0","0","0","0","0","0","0","0","0","0","0","0","0","0","0","0","0","0","9","0","0","0","0","0","0","0","0","0","0","0","0","0","0","0","0","0","0","0","0","0"
"0x7f2c6b5ae760","      UMOV UR20, UR44","7","0","7","524288","524288","524288","1","1","0","31","0","-","-","-","0","0","0","0","0","0","0","0","-","0","0","0","0","0","0","0","0","0","0","0","0","0","0","0","0","0","0","7","0","0","0","0","0","0","0","0","0","0","0","0","0","0","0","0","0","0","0","0","0"
"0x7f2c6b5ae770","      UMOV UR21, UR45","7","0","7","524288","524288","524288","1","1","0","31","0","-","-","-","0","0","0","0","0","0","0","0","-","0","0","0","0","0","0","0","0","0","0","0","0","0","0","0","0","0","0","7","0","0","0","0","0","0","0","0","0","0","0","0","0","0","0","0","0","0","0","0","0"
"0x7f2c6b5ae780","      UMOV UR22, UR46","4","0","4","524288","524288","524288","1","1","0","31","0","-","-","-","0","0","0","0","0","0","0","0","-","0","0","0","0","0","0","0","0","0","0","0","0","0","0","0","0","0","0","4","0","0","0","0","0","0","0","0","0","0","0","0","0","0","0","0","0","0","0","0","0"
"0x7f2c6b5ae790","      UMOV UR11, UR43","12","0","12","524288","524288","524288","1","1","0","31","0","-","-","-","0","0","0","0","0","0","0","0","-","0","0","0","0","0","0","0","0","0","0","0","0","0","0","0","0","0","0","12","0","0","0","0","0","0","0","0","0","0","0","0","0","0","0","0","0","0","0","0","0"
"0x7f2c6b5ae7a0","      UMOV UR12, UR44","8","0","8","524288","524288","524288","1","1","0","31","0","-","-","-","0","0","0","0","0","0","0","0","-","0","0","0","0","0","0","0","0","0","0","0","0","0","0","0","0","0","0","8","0","0","0","0","0","0","0","0","0","0","0","0","0","0","0","0","0","0","0","0","0"
"0x7f2c6b5ae7b0","      UTMALDG.2D.GATHER4 [UR32], [UR72]","7","0","7","524288","524288","524288","1","1","0","31","0","Global,Shared","-","-","0","0","0","0","0","0","0","0","-","0","0","0","0","0","0","0","0","0","0","0","0","0","0","0","0","0","0","7","0","0","0","0","0","0","0","0","0","0","0","0","0","0","0","0","0","0","0","0","0"
"0x7f2c6b5ae7c0","      UMOV UR13, UR45","14","0","14","524288","524288","524288","1","1","0","31","0","-","-","-","0","0","0","0","0","0","0","0","-","0","0","0","0","0","0","0","0","0","0","0","0","0","0","0","0","0","0","14","0","0","0","0","0","0","0","0","0","0","0","0","0","0","0","0","0","0","0","0","0"
"0x7f2c6b5ae7d0","      UMOV UR14, UR46","17","0","17","524288","524288","524288","1","1","0","31","0","-","-","-","0","0","0","0","0","0","0","0","-","0","0","0","0","0","0","0","0","0","0","0","0","0","0","0","0","0","0","17","0","0","0","0","0","0","0","0","0","0","0","0","0","0","0","0","0","0","0","0","0"
"0x7f2c6b5ae7e0","      UTMALDG.2D.GATHER4 [UR24], [UR72]","13","0","13","524288","524288","524288","1","1","0","31","0","Global,Shared","-","-","0","0","0","0","0","0","0","0","-","0","0","0","0","0","0","0","0","0","0","0","0","0","0","0","0","0","0","13","0","0","0","0","0","0","0","0","0","0","0","0","0","0","0","0","0","0","0","0","0"
"0x7f2c6b5ae7f0","      UTMALDG.2D.GATHER4 [UR16], [UR72]","12","0","12","524288","524288","524288","1","1","0","31","0","Global,Shared","-","-","0","0","0","0","0","0","0","0","-","0","0","0","0","0","0","0","0","2","0","0","0","0","0","0","0","0","0","10","0","0","0","0","0","0","0","0","0","0","0","0","0","0","0","0","0","0","0","0","0"
"0x7f2c6b5ae800","      UTMALDG.2D.GATHER4 [UR8], [UR74]","120","101","120","524288","524288","524288","1","1","0","31","0","Global,Shared","-","-","0","0","0","0","0","0","0","0","-","0","0","0","0","0","0","0","0","0","0","0","0","0","0","101","0","8","1","10","0","0","0","0","0","0","0","0","0","0","0","0","94","0","7","0","0","0","0","0","0"
"0x7f2c6b5ae810","      UIADD3 UR40, UPT, UPT, UR5, 0x9400, URZ","9","0","9","524288","524288","524288","1","1","0","31","0","-","-","-","0","0","0","0","0","0","0","0","-","0","0","0","0","0","0","0","0","0","0","0","0","0","0","0","0","0","0","9","0","0","0","0","0","0","0","0","0","0","0","0","0","0","0","0","0","0","0","0","0"
"0x7f2c6b5ae820","      LDS.128 R4, [UR15+0x31120]","13","0","13","524288","524288","524288","1","1","0","31","0","Shared","Load","128","0","1","0","524288","524288","0","0","0","-","0","0","0","0","0","0","0","0","0","0","0","0","0","0","0","0","0","0","13","0","0","0","0","0","0","0","0","0","0","0","0","0","0","0","0","0","0","0","0","0"
"0x7f2c6b5ae830","      UIADD3 UR32, UPT, UPT, UR5, 0xd400, URZ","63","49","63","524288","524288","524288","1","1","0","31","0","-","-","-","0","0","0","0","0","0","0","0","-","0","0","0","0","0","0","0","0","0","0","0","49","0","0","0","0","0","0","14","0","0","0","0","0","0","0","0","0","49","0","0","0","0","0","0","0","0","0","0","0"
"0x7f2c6b5ae840","      UIADD3 UR24, UPT, UPT, UR5, 0x11400, URZ","131","115","131","524288","524288","524288","1","1","0","31","0","-","-","-","0","0","0","0","0","0","0","0","-","0","0","0","0","0","0","0","0","0","0","0","106","1","0","0","0","0","3","7","0","0","0","14","0","0","0","0","0","101","0","0","0","0","0","0","0","0","0","0","14"
"0x7f2c6b5ae850","      UIADD3 UR16, UPT, UPT, UR5, 0x15400, URZ","206","186","206","524288","524288","524288","1","1","0","31","0","-","-","-","0","0","0","0","0","0","0","0","-","0","0","0","0","0","0","0","0","0","0","0","183","0","0","0","0","0","2","8","0","0","0","13","0","0","0","0","0","173","0","0","0","0","0","0","0","0","0","0","13"
"0x7f2c6b5ae860","      UIADD3 UR8, UPT, UPT, UR6, 0x29200, URZ","238","216","238","524288","524288","524288","1","1","0","31","0","-","-","-","0","0","0","0","0","0","0","0","-","0","0","0","0","0","0","0","0","0","0","0","219","0","0","0","0","0","2","12","0","0","0","5","0","0","0","0","0","211","0","0","0","0","0","0","0","0","0","0","5"
"0x7f2c6b5ae870","      R2UR UR46, R7","19","4","19","524288","524288","524288","1","1","0","31","0","-","-","-","0","0","0","0","0","0","0","0","-","0","0","0","0","0","0","0","0","0","0","0","0","0","0","0","0","0","0","15","4","0","0","0","0","0","0","0","0","0","0","0","0","0","0","0","0","4","0","0","0"
"0x7f2c6b5ae880","      R2UR UR45, R6","22","12","22","524288","524288","524288","1","1","0","31","0","-","-","-","0","0","0","0","0","0","0","0","-","0","0","0","0","0","0","0","0","0","0","0","0","1","0","0","0","0","0","8","0","0","0","13","0","0","0","0","0","0","0","0","0","0","0","0","0","0","0","0","12"
"0x7f2c6b5ae890","      R2UR UR44, R5","27","15","27","524288","524288","524288","1","1","0","31","0","-","-","-","0","0","0","0","0","0","0","0","-","0","0","0","0","0","0","0","0","0","0","0","0","0","0","0","0","0","0","12","0","0","0","15","0","0","0","0","0","0","0","0","0","0","0","0","0","0","0","0","15"
"0x7f2c6b5ae8a0","      R2UR UR43, R4","22","10","22","524288","524288","524288","1","1","0","31","0","-","-","-","0","0","0","0","0","0","0","0","-","0","0","0","0","0","0","0","0","1","0","0","0","1","0","0","0","0","1","9","0","0","0","10","0","0","0","0","0","0","0","0","0","0","0","0","0","0","0","0","10"
"0x7f2c6b5ae8b0","      UMOV UR38, UR46","91","72","91","524288","524288","524288","1","1","0","31","0","-","-","-","0","0","0","0","0","0","0","0","-","0","0","0","0","0","0","0","0","1","0","0","0","0","0","0","0","0","3","11","0","0","0","76","0","0","0","0","0","0","0","0","0","0","0","0","0","0","0","0","72"
"0x7f2c6b5ae8c0","      UMOV UR30, UR46","11","0","11","524288","524288","524288","1","1","0","31","0","-","-","-","0","0","0","0","0","0","0","0","-","0","0","0","0","0","0","0","0","0","0","0","0","0","0","0","0","0","0","11","0","0","0","0","0","0","0","0","0","0","0","0","0","0","0","0","0","0","0","0","0"
"0x7f2c6b5ae8d0","      UMOV UR37, UR45","8","0","8","524288","524288","524288","1","1","0","31","0","-","-","-","0","0","0","0","0","0","0","0","-","0","0","0","0","0","0","0","0","0","0","0","0","0","0","0","0","0","0","8","0","0","0","0","0","0","0","0","0","0","0","0","0","0","0","0","0","0","0","0","0"
"0x7f2c6b5ae8e0","      UMOV UR29, UR45","12","0","12","524288","524288","524288","1","1","0","31","0","-","-","-","0","0","0","0","0","0","0","0","-","0","0","0","0","0","0","0","0","0","0","0","0","0","0","0","0","0","0","12","0","0","0","0","0","0","0","0","0","0","0","0","0","0","0","0","0","0","0","0","0"
"0x7f2c6b5ae8f0","      UMOV UR36, UR44","3","0","3","524288","524288","524288","1","1","0","31","0","-","-","-","0","0","0","0","0","0","0","0","-","0","0","0","0","0","0","0","0","0","0","0","0","0","0","0","0","0","0","3","0","0","0","0","0","0","0","0","0","0","0","0","0","0","0","0","0","0","0","0","0"
"0x7f2c6b5ae900","      UMOV UR28, UR44","15","0","15","524288","524288","524288","1","1","0","31","0","-","-","-","0","0","0","0","0","0","0","0","-","0","0","0","0","0","0","0","0","0","0","0","0","0","0","0","0","0","0","15","0","0","0","0","0","0","0","0","0","0","0","0","0","0","0","0","0","0","0","0","0"
"0x7f2c6b5ae910","      UMOV UR35, UR43","16","0","16","524288","524288","524288","1","1","0","31","0","-","-","-","0","0","0","0","0","0","0","0","-","0","0","0","0","0","0","0","0","11","0","0","0","0","0","0","0","0","0","5","0","0","0","0","0","0","0","0","0","0","0","0","0","0","0","0","0","0","0","0","0"
"0x7f2c6b5ae920","      UTMALDG.2D.GATHER4 [UR40], [UR72]","13","0","13","524288","524288","524288","1","1","0","31","0","Global,Shared","-","-","0","0","0","0","0","0","0","0","-","0","0","0","0","0","0","0","0","3","0","0","0","0","0","0","0","0","0","10","0","0","0","0","0","0","0","0","0","0","0","0","0","0","0","0","0","0","0","0","0"
"0x7f2c6b5ae930","      UMOV UR27, UR43","13","0","13","524288","524288","524288","1","1","0","31","0","-","-","-","0","0","0","0","0","0","0","0","-","0","0","0","0","0","0","0","0","0","0","0","0","0","0","0","0","0","0","13","0","0","0","0","0","0","0","0","0","0","0","0","0","0","0","0","0","0","0","0","0"
"0x7f2c6b5ae940","      UMOV UR19, UR43","14","0","14","524288","524288","524288","1","1","0","31","0","-","-","-","0","0","0","0","0","0","0","0","-","0","0","0","0","0","0","0","0","0","0","0","0","0","0","0","0","0","0","14","0","0","0","0","0","0","0","0","0","0","0","0","0","0","0","0","0","0","0","0","0"
"0x7f2c6b5ae950","      UMOV UR20, UR44","14","0","14","524288","524288","524288","1","1","0","31","0","-","-","-","0","0","0","0","0","0","0","0","-","0","0","0","0","0","0","0","0","0","0","0","0","0","0","0","0","0","0","14","0","0","0","0","0","0","0","0","0","0","0","0","0","0","0","0","0","0","0","0","0"
"0x7f2c6b5ae960","      UMOV UR21, UR45","8","0","8","524288","524288","524288","1","1","0","31","0","-","-","-","0","0","0","0","0","0","0","0","-","0","0","0","0","0","0","0","0","0","0","0","0","0","0","0","0","0","0","8","0","0","0","0","0","0","0","0","0","0","0","0","0","0","0","0","0","0","0","0","0"
"0x7f2c6b5ae970","      UMOV UR22, UR46","8","0","8","524288","524288","524288","1","1","0","31","0","-","-","-","0","0","0","0","0","0","0","0","-","0","0","0","0","0","0","0","0","0","0","0","0","0","0","0","0","0","0","8","0","0","0","0","0","0","0","0","0","0","0","0","0","0","0","0","0","0","0","0","0"
"0x7f2c6b5ae980","      UMOV UR11, UR43","7","0","7","524288","524288","524288","1","1","0","31","0","-","-","-","0","0","0","0","0","0","0","0","-","0","0","0","0","0","0","0","0","0","0","0","0","0","0","0","0","0","0","7","0","0","0","0","0","0","0","0","0","0","0","0","0","0","0","0","0","0","0","0","0"
"0x7f2c6b5ae990","      UMOV UR12, UR44","13","0","13","524288","524288","524288","1","1","0","31","0","-","-","-","0","0","0","0","0","0","0","0","-","0","0","0","0","0","0","0","0","0","0","0","0","0","0","0","0","0","0","13","0","0","0","0","0","0","0","0","0","0","0","0","0","0","0","0","0","0","0","0","0"
"0x7f2c6b5ae9a0","      UTMALDG.2D.GATHER4 [UR32], [UR72]","6","0","6","524288","524288","524288","1","1","0","31","0","Global,Shared","-","-","0","0","0","0","0","0","0","0","-","0","0","0","0","0","0","0","0","0","0","0","0","0","0","0","0","0","0","6","0","0","0","0","0","0","0","0","0","0","0","0","0","0","0","0","0","0","0","0","0"
"0x7f2c6b5ae9b0","      UMOV UR13, UR45","16","0","16","524288","524288","524288","1","1","0","31","0","-","-","-","0","0","0","0","0","0","0","0","-","0","0","0","0","0","0","0","0","0","0","0","0","0","0","0","0","0","0","16","0","0","0","0","0","0","0","0","0","0","0","0","0","0","0","0","0","0","0","0","0"
"0x7f2c6b5ae9c0","      UMOV UR14, UR46","18","0","18","524288","524288","524288","1","1","0","31","0","-","-","-","0","0","0","0","0","0","0","0","-","0","0","0","0","0","0","0","0","0","0","0","0","0","0","0","0","0","0","18","0","0","0","0","0","0","0","0","0","0","0","0","0","0","0","0","0","0","0","0","0"
"0x7f2c6b5ae9d0","      UTMALDG.2D.GATHER4 [UR24], [UR72]","9","0","9","524288","524288","524288","1","1","0","31","0","Global,Shared","-","-","0","0","0","0","0","0","0","0","-","0","0","0","0","0","0","0","0","0","0","0","0","0","0","0","0","0","0","9","0","0","0","0","0","0","0","0","0","0","0","0","0","0","0","0","0","0","0","0","0"
"0x7f2c6b5ae9e0","      UTMALDG.2D.GATHER4 [UR16], [UR72]","15","0","15","524288","524288","524288","1","1","0","31","0","Global,Shared","-","-","0","0","0","0","0","0","0","0","-","0","0","0","0","0","0","0","0","0","0","0","0","0","0","0","0","0","0","15","0","0","0","0","0","0","0","0","0","0","0","0","0","0","0","0","0","0","0","0","0"
"0x7f2c6b5ae9f0","      UTMALDG.2D.GATHER4 [UR8], [UR74]","148","117","148","524288","524288","524288","1","1","0","31","0","Global,Shared","-","-","0","0","0","0","0","0","0","0","-","0","0","0","0","0","0","0","0","0","0","0","0","0","0","129","0","0","12","7","0","0","0","0","0","0","0","0","0","0","0","0","117","0","0","0","0","0","0","0","0"
"0x7f2c6b5aea00","      UIADD3 UR40, UPT, UPT, UR5, 0x9600, URZ","11","0","11","524288","524288","524288","1","1","0","31","0","-","-","-","0","0","0","0","0","0","0","0","-","0","0","0","0","0","0","0","0","0","0","0","0","0","0","0","0","0","0","11","0","0","0","0","0","0","0","0","0","0","0","0","0","0","0","0","0","0","0","0","0"
"0x7f2c6b5aea10","      LDS.128 R4, [UR15+0x31130]","8","0","8","524288","524288","524288","1","1","0","31","0","Shared","Load","128","0","1","0","524288","524288","0","0","0","-","0","0","0","0","0","0","0","0","0","0","0","0","0","0","0","0","0","0","8","0","0","0","0","0","0","0","0","0","0","0","0","0","0","0","0","0","0","0","0","0"
"0x7f2c6b5aea20","      UIADD3 UR32, UPT, UPT, UR5, 0xd600, URZ","55","40","55","524288","524288","524288","1","1","0","31","0","-","-","-","0","0","0","0","0","0","0","0","-","0","0","0","0","0","0","0","0","0","0","0","40","0","0","0","0","0","0","15","0","0","0","0","0","0","0","0","0","40","0","0","0","0","0","0","0","0","0","0","0"
"0x7f2c6b5aea30","      UIADD3 UR24, UPT, UPT, UR5, 0x11600, URZ","135","118","135","524288","524288","524288","1","1","0","31","0","-","-","-","0","0","0","0","0","0","0","0","-","0","0","0","0","0","0","0","0","0","0","0","111","0","0","0","0","0","3","12","0","0","0","9","0","0","0","0","0","110","0","0","0","0","0","0","0","0","0","0","8"
"0x7f2c6b5aea40","      UIADD3 UR16, UPT, UPT, UR5, 0x15600, URZ","178","163","178","524288","524288","524288","1","1","0","31","0","-","-","-","0","0","0","0","0","0","0","0","-","0","0","0","0","0","0","0","0","0","0","0","154","0","0","0","0","0","0","8","0","0","0","16","0","0","0","0","0","148","0","0","0","0","0","0","0","0","0","0","15"
"0x7f2c6b5aea50","      UIADD3 UR8, UPT, UPT, UR6, 0x29300, URZ","196","178","196","524288","524288","524288","1","1","0","31","0","-","-","-","0","0","0","0","0","0","0","0","-","0","0","0","0","0","0","0","0","0","0","0","176","0","0","0","0","0","3","11","0","0","0","6","0","0","0","0","0","173","0","0","0","0","0","0","0","0","0","0","5"
"0x7f2c6b5aea60","      R2UR UR46, R7","149","133","149","524288","524288","524288","1","1","0","31","0","-","-","-","0","0","0","0","0","0","0","0","-","0","0","0","0","0","0","0","0","0","0","0","0","1","0","0","0","0","0","7","141","0","0","0","0","0","0","0","0","0","0","0","0","0","0","0","0","133","0","0","0"
"0x7f2c6b5aea70","      R2UR UR45, R6","21","16","21","524288","524288","524288","1","1","0","31","0","-","-","-","0","0","0","0","0","0","0","0","-","0","0","0","0","0","0","0","0","0","0","0","0","0","0","0","0","0","0","5","0","0","0","16","0","0","0","0","0","0","0","0","0","0","0","0","0","0","0","0","16"
"0x7f2c6b5aea80","      R2UR UR44, R5","16","7","16","524288","524288","524288","1","1","0","31","0","-","-","-","0","0","0","0","0","0","0","0","-","0","0","0","0","0","0","0","0","0","0","0","0","0","0","0","0","0","1","8","0","0","0","7","0","0","0","0","0","0","0","0","0","0","0","0","0","0","0","0","7"
"0x7f2c6b5aea90","      R2UR UR43, R4","14","6","14","524288","524288","524288","1","1","0","31","0","-","-","-","0","0","0","0","0","0","0","0","-","0","0","0","0","0","0","0","0","0","0","0","0","0","0","0","0","0","0","8","0","0","0","6","0","0","0","0","0","0","0","0","0","0","0","0","0","0","0","0","6"
"0x7f2c6b5aeaa0","      UMOV UR38, UR46","58","51","58","524288","524288","524288","1","1","0","31","0","-","-","-","0","0","0","0","0","0","0","0","-","0","0","0","0","0","0","0","0","0","0","0","0","0","0","0","0","0","0","7","0","0","0","51","0","0","0","0","0","0","0","0","0","0","0","0","0","0","0","0","51"
"0x7f2c6b5aeab0","      UMOV UR30, UR46","11","0","11","524288","524288","524288","1","1","0","31","0","-","-","-","0","0","0","0","0","0","0","0","-","0","0","0","0","0","0","0","0","0","0","0","0","0","0","0","0","0","0","11","0","0","0","0","0","0","0","0","0","0","0","0","0","0","0","0","0","0","0","0","0"
"0x7f2c6b5aeac0","      UMOV UR37, UR45","14","0","14","524288","524288","524288","1","1","0","31","0","-","-","-","0","0","0","0","0","0","0","0","-","0","0","0","0","0","0","0","0","0","0","0","0","0","0","0","0","0","0","14","0","0","0","0","0","0","0","0","0","0","0","0","0","0","0","0","0","0","0","0","0"
"0x7f2c6b5aead0","      UMOV UR29, UR45","10","0","10","524288","524288","524288","1","1","0","31","0","-","-","-","0","0","0","0","0","0","0","0","-","0","0","0","0","0","0","0","0","0","0","0","0","0","0","0","0","0","0","10","0","0","0","0","0","0","0","0","0","0","0","0","0","0","0","0","0","0","0","0","0"
"0x7f2c6b5aeae0","      UMOV UR36, UR44","10","0","10","524288","524288","524288","1","1","0","31","0","-","-","-","0","0","0","0","0","0","0","0","-","0","0","0","0","0","0","0","0","0","0","0","0","0","0","0","0","0","0","10","0","0","0","0","0","0","0","0","0","0","0","0","0","0","0","0","0","0","0","0","0"
"0x7f2c6b5aeaf0","      UMOV UR28, UR44","9","0","9","524288","524288","524288","1","1","0","31","0","-","-","-","0","0","0","0","0","0","0","0","-","0","0","0","0","0","0","0","0","0","0","0","0","0","0","0","0","0","0","9","0","0","0","0","0","0","0","0","0","0","0","0","0","0","0","0","0","0","0","0","0"
"0x7f2c6b5aeb00","      UMOV UR35, UR43","14","0","14","524288","524288","524288","1","1","0","31","0","-","-","-","0","0","0","0","0","0","0","0","-","0","0","0","0","0","0","0","0","6","0","0","0","0","0","0","0","0","0","8","0","0","0","0","0","0","0","0","0","0","0","0","0","0","0","0","0","0","0","0","0"
"0x7f2c6b5aeb10","      UTMALDG.2D.GATHER4 [UR40], [UR72]","18","0","18","524288","524288","524288","1","1","0","31","0","Global,Shared","-","-","0","0","0","0","0","0","0","0","-","0","0","0","0","0","0","0","0","8","0","0","0","0","0","0","0","0","0","10","0","0","0","0","0","0","0","0","0","0","0","0","0","0","0","0","0","0","0","0","0"
"0x7f2c6b5aeb20","      UMOV UR27, UR43","9","0","9","524288","524288","524288","1","1","0","31","0","-","-","-","0","0","0","0","0","0","0","0","-","0","0","0","0","0","0","0","0","0","0","0","0","0","0","0","0","0","0","9","0","0","0","0","0","0","0","0","0","0","0","0","0","0","0","0","0","0","0","0","0"
"0x7f2c6b5aeb30","      UMOV UR19, UR43","11","0","11","524288","524288","524288","1","1","0","31","0","-","-","-","0","0","0","0","0","0","0","0","-","0","0","0","0","0","0","0","0","0","0","0","0","0","0","0","0","0","0","11","0","0","0","0","0","0","0","0","0","0","0","0","0","0","0","0","0","0","0","0","0"
"0x7f2c6b5aeb40","      UMOV UR20, UR44","11","0","11","524288","524288","524288","1","1","0","31","0","-","-","-","0","0","0","0","0","0","0","0","-","0","0","0","0","0","0","0","0","0","0","0","0","0","0","0","0","0","0","11","0","0","0","0","0","0","0","0","0","0","0","0","0","0","0","0","0","0","0","0","0"
"0x7f2c6b5aeb50","      UMOV UR21, UR45","10","0","10","524288","524288","524288","1","1","0","31","0","-","-","-","0","0","0","0","0","0","0","0","-","0","0","0","0","0","0","0","0","0","0","0","0","0","0","0","0","0","0","10","0","0","0","0","0","0","0","0","0","0","0","0","0","0","0","0","0","0","0","0","0"
"0x7f2c6b5aeb60","      UMOV UR22, UR46","7","0","7","524288","524288","524288","1","1","0","31","0","-","-","-","0","0","0","0","0","0","0","0","-","0","0","0","0","0","0","0","0","0","0","0","0","0","0","0","0","0","0","7","0","0","0","0","0","0","0","0","0","0","0","0","0","0","0","0","0","0","0","0","0"
"0x7f2c6b5aeb70","      UMOV UR11, UR43","7","0","7","524288","524288","524288","1","1","0","31","0","-","-","-","0","0","0","0","0","0","0","0","-","0","0","0","0","0","0","0","0","0","0","0","0","0","0","0","0","0","0","7","0","0","0","0","0","0","0","0","0","0","0","0","0","0","0","0","0","0","0","0","0"
"0x7f2c6b5aeb80","      UMOV UR12, UR44","7","0","7","524288","524288","524288","1","1","0","31","0","-","-","-","0","0","0","0","0","0","0","0","-","0","0","0","0","0","0","0","0","0","0","0","0","0","0","0","0","0","0","7","0","0","0","0","0","0","0","0","0","0","0","0","0","0","0","0","0","0","0","0","0"
"0x7f2c6b5aeb90","      UTMALDG.2D.GATHER4 [UR32], [UR72]","13","0","13","524288","524288","524288","1","1","0","31","0","Global,Shared","-","-","0","0","0","0","0","0","0","0","-","0","0","0","0","0","0","0","0","0","0","0","0","0","0","0","0","0","0","13","0","0","0","0","0","0","0","0","0","0","0","0","0","0","0","0","0","0","0","0","0"
"0x7f2c6b5aeba0","      UMOV UR13, UR45","8","0","8","524288","524288","524288","1","1","0","31","0","-","-","-","0","0","0","0","0","0","0","0","-","0","0","0","0","0","0","0","0","0","0","0","0","0","0","0","0","0","0","8","0","0","0","0","0","0","0","0","0","0","0","0","0","0","0","0","0","0","0","0","0"
"0x7f2c6b5aebb0","      UMOV UR14, UR46","9","0","9","524288","524288","524288","1","1","0","31","0","-","-","-","0","0","0","0","0","0","0","0","-","0","0","0","0","0","0","0","0","0","0","0","0","0","0","0","0","0","0","9","0","0","0","0","0","0","0","0","0","0","0","0","0","0","0","0","0","0","0","0","0"
"0x7f2c6b5aebc0","      UTMALDG.2D.GATHER4 [UR24], [UR72]","13","0","13","524288","524288","524288","1","1","0","31","0","Global,Shared","-","-","0","0","0","0","0","0","0","0","-","0","0","0","0","0","0","0","0","0","0","0","0","0","0","0","0","0","0","13","0","0","0","0","0","0","0","0","0","0","0","0","0","0","0","0","0","0","0","0","0"
"0x7f2c6b5aebd0","      UTMALDG.2D.GATHER4 [UR16], [UR72]","13","0","13","524288","524288","524288","1","1","0","31","0","Global,Shared","-","-","0","0","0","0","0","0","0","0","-","0","0","0","0","0","0","0","0","0","0","0","0","0","0","0","0","0","0","13","0","0","0","0","0","0","0","0","0","0","0","0","0","0","0","0","0","0","0","0","0"
"0x7f2c6b5aebe0","      UTMALDG.2D.GATHER4 [UR8], [UR74]","150","136","150","524288","524288","524288","1","1","0","31","0","Global,Shared","-","-","0","0","0","0","0","0","0","0","-","0","0","0","0","0","0","0","0","0","0","0","0","0","0","142","0","0","1","7","0","0","0","0","0","0","0","0","0","0","0","0","136","0","0","0","0","0","0","0","0"
"0x7f2c6b5aebf0","      UIADD3 UR40, UPT, UPT, UR5, 0x9800, URZ","10","0","10","524288","524288","524288","1","1","0","31","0","-","-","-","0","0","0","0","0","0","0","0","-","0","0","0","0","0","0","0","0","0","0","0","0","0","0","0","0","0","0","10","0","0","0","0","0","0","0","0","0","0","0","0","0","0","0","0","0","0","0","0","0"
"0x7f2c6b5aec00","      LDS.128 R4, [UR15+0x31140]","8","0","8","524288","524288","524288","1","1","0","31","0","Shared","Load","128","0","1","0","524288","524288","0","0","0","-","0","0","0","0","0","0","0","0","0","0","0","0","0","0","0","0","0","0","8","0","0","0","0","0","0","0","0","0","0","0","0","0","0","0","0","0","0","0","0","0"
"0x7f2c6b5aec10","      UIADD3 UR32, UPT, UPT, UR5, 0xd800, URZ","57","45","57","524288","524288","524288","1","1","0","31","0","-","-","-","0","0","0","0","0","0","0","0","-","0","0","0","0","0","0","0","0","0","0","0","45","0","0","0","0","0","0","12","0","0","0","0","0","0","0","0","0","45","0","0","0","0","0","0","0","0","0","0","0"
"0x7f2c6b5aec20","      UIADD3 UR24, UPT, UPT, UR5, 0x11800, URZ","157","145","157","524288","524288","524288","1","1","0","31","0","-","-","-","0","0","0","0","0","0","0","0","-","0","0","0","0","0","0","0","0","0","0","0","137","0","0","0","0","0","0","9","0","0","0","11","0","0","0","0","0","135","0","0","0","0","0","0","0","0","0","0","10"
"0x7f2c6b5aec30","      UIADD3 UR16, UPT, UPT, UR5, 0x15800, URZ","178","169","178","524288","524288","524288","1","1","0","31","0","-","-","-","0","0","0","0","0","0","0","0","-","0","0","0","0","0","0","0","0","0","0","0","160","0","0","0","0","0","1","6","0","0","0","11","0","0","0","0","0","158","0","0","0","0","0","0","0","0","0","0","11"
"0x7f2c6b5aec40","      UIADD3 UR8, UPT, UPT, UR6, 0x29400, URZ","170","164","170","524288","524288","524288","1","1","0","31","0","-","-","-","0","0","0","0","0","0","0","0","-","0","0","0","0","0","0","0","0","0","0","0","159","0","0","0","0","0","0","4","0","0","0","7","0","0","0","0","0","157","0","0","0","0","0","0","0","0","0","0","7"
"0x7f2c6b5aec50","      R2UR UR46, R7","383","319","383","524288","524288","524288","1","1","0","31","0","-","-","-","0","0","0","0","0","0","0","0","-","0","0","0","0","0","0","0","0","0","0","0","0","0","0","0","0","0","2","6","375","0","0","0","0","0","0","0","0","0","0","0","0","0","0","0","0","319","0","0","0"
"0x7f2c6b5aec60","      R2UR UR45, R6","22","11","22","524288","524288","524288","1","1","0","31","0","-","-","-","0","0","0","0","0","0","0","0","-","0","0","0","0","0","0","0","0","0","0","0","0","0","0","0","0","0","0","11","0","0","0","11","0","0","0","0","0","0","0","0","0","0","0","0","0","0","0","0","11"
"0x7f2c6b5aec70","      R2UR UR44, R5","23","9","23","524288","524288","524288","1","1","0","31","0","-","-","-","0","0","0","0","0","0","0","0","-","0","0","0","0","0","0","0","0","0","0","0","0","0","0","0","0","0","0","14","0","0","0","9","0","0","0","0","0","0","0","0","0","0","0","0","0","0","0","0","9"
"0x7f2c6b5aec80","      R2UR UR43, R4","19","9","19","524288","524288","524288","1","1","0","31","0","-","-","-","0","0","0","0","0","0","0","0","-","0","0","0","0","0","0","0","0","0","0","0","0","0","0","0","0","0","0","10","0","0","0","9","0","0","0","0","0","0","0","0","0","0","0","0","0","0","0","0","9"
"0x7f2c6b5aec90","      UMOV UR38, UR46","64","51","64","524288","524288","524288","1","1","0","31","0","-","-","-","0","0","0","0","0","0","0","0","-","0","0","0","0","0","0","0","0","0","0","0","0","0","0","0","0","0","0","12","0","0","0","52","0","0","0","0","0","0","0","0","0","0","0","0","0","0","0","0","51"
"0x7f2c6b5aeca0","      UMOV UR30, UR46","8","0","8","524288","524288","524288","1","1","0","31","0","-","-","-","0","0","0","0","0","0","0","0","-","0","0","0","0","0","0","0","0","0","0","0","0","0","0","0","0","0","0","8","0","0","0","0","0","0","0","0","0","0","0","0","0","0","0","0","0","0","0","0","0"
"0x7f2c6b5aecb0","      UMOV UR37, UR45","6","0","6","524288","524288","524288","1","1","0","31","0","-","-","-","0","0","0","0","0","0","0","0","-","0","0","0","0","0","0","0","0","0","0","0","0","0","0","0","0","0","0","6","0","0","0","0","0","0","0","0","0","0","0","0","0","0","0","0","0","0","0","0","0"
"0x7f2c6b5aecc0","      UMOV UR29, UR45","10","0","10","524288","524288","524288","1","1","0","31","0","-","-","-","0","0","0","0","0","0","0","0","-","0","0","0","0","0","0","0","0","0","0","0","0","0","0","0","0","0","0","10","0","0","0","0","0","0","0","0","0","0","0","0","0","0","0","0","0","0","0","0","0"
"0x7f2c6b5aecd0","      UMOV UR36, UR44","11","0","11","524288","524288","524288","1","1","0","31","0","-","-","-","0","0","0","0","0","0","0","0","-","0","0","0","0","0","0","0","0","0","0","0","0","0","0","0","0","0","0","11","0","0","0","0","0","0","0","0","0","0","0","0","0","0","0","0","0","0","0","0","0"
"0x7f2c6b5aece0","      UMOV UR28, UR44","4","0","4","524288","524288","524288","1","1","0","31","0","-","-","-","0","0","0","0","0","0","0","0","-","0","0","0","0","0","0","0","0","0","0","0","0","0","0","0","0","0","0","4","0","0","0","0","0","0","0","0","0","0","0","0","0","0","0","0","0","0","0","0","0"
"0x7f2c6b5aecf0","      UMOV UR35, UR43","27","0","27","524288","524288","524288","1","1","0","31","0","-","-","-","0","0","0","0","0","0","0","0","-","0","0","0","0","0","0","0","0","15","0","0","0","0","0","0","0","0","0","12","0","0","0","0","0","0","0","0","0","0","0","0","0","0","0","0","0","0","0","0","0"
"0x7f2c6b5aed00","      UTMALDG.2D.GATHER4 [UR40], [UR72]","24","0","24","524288","524288","524288","1","1","0","31","0","Global,Shared","-","-","0","0","0","0","0","0","0","0","-","0","0","0","0","0","0","0","0","15","0","0","0","0","0","0","0","0","0","9","0","0","0","0","0","0","0","0","0","0","0","0","0","0","0","0","0","0","0","0","0"
"0x7f2c6b5aed10","      UMOV UR27, UR43","6","0","6","524288","524288","524288","1","1","0","31","0","-","-","-","0","0","0","0","0","0","0","0","-","0","0","0","0","0","0","0","0","0","0","0","0","0","0","0","0","0","0","6","0","0","0","0","0","0","0","0","0","0","0","0","0","0","0","0","0","0","0","0","0"
"0x7f2c6b5aed20","      UMOV UR19, UR43","10","0","10","524288","524288","524288","1","1","0","31","0","-","-","-","0","0","0","0","0","0","0","0","-","0","0","0","0","0","0","0","0","0","0","0","0","0","0","0","0","0","0","10","0","0","0","0","0","0","0","0","0","0","0","0","0","0","0","0","0","0","0","0","0"
"0x7f2c6b5aed30","      UMOV UR20, UR44","12","0","12","524288","524288","524288","1","1","0","31","0","-","-","-","0","0","0","0","0","0","0","0","-","0","0","0","0","0","0","0","0","0","0","0","0","0","0","0","0","0","0","12","0","0","0","0","0","0","0","0","0","0","0","0","0","0","0","0","0","0","0","0","0"
"0x7f2c6b5aed40","      UMOV UR21, UR45","12","0","12","524288","524288","524288","1","1","0","31","0","-","-","-","0","0","0","0","0","0","0","0","-","0","0","0","0","0","0","0","0","0","0","0","0","0","0","0","0","0","0","12","0","0","0","0","0","0","0","0","0","0","0","0","0","0","0","0","0","0","0","0","0"
"0x7f2c6b5aed50","      UMOV UR22, UR46","14","0","14","524288","524288","524288","1","1","0","31","0","-","-","-","0","0","0","0","0","0","0","0","-","0","0","0","0","0","0","0","0","0","0","0","0","0","0","0","0","0","0","14","0","0","0","0","0","0","0","0","0","0","0","0","0","0","0","0","0","0","0","0","0"
"0x7f2c6b5aed60","      UMOV UR11, UR43","13","0","13","524288","524288","524288","1","1","0","31","0","-","-","-","0","0","0","0","0","0","0","0","-","0","0","0","0","0","0","0","0","0","0","0","0","0","0","0","0","0","0","13","0","0","0","0","0","0","0","0","0","0","0","0","0","0","0","0","0","0","0","0","0"
"0x7f2c6b5aed70","      UMOV UR12, UR44","12","0","12","524288","524288","524288","1","1","0","31","0","-","-","-","0","0","0","0","0","0","0","0","-","0","0","0","0","0","0","0","0","0","0","0","0","0","0","0","0","0","0","12","0","0","0","0","0","0","0","0","0","0","0","0","0","0","0","0","0","0","0","0","0"
"0x7f2c6b5aed80","      UTMALDG.2D.GATHER4 [UR32], [UR72]","5","0","5","524288","524288","524288","1","1","0","31","0","Global,Shared","-","-","0","0","0","0","0","0","0","0","-","0","0","0","0","0","0","0","0","0","0","0","0","0","0","0","0","0","0","5","0","0","0","0","0","0","0","0","0","0","0","0","0","0","0","0","0","0","0","0","0"
"0x7f2c6b5aed90","      UMOV UR13, UR45","8","0","8","524288","524288","524288","1","1","0","31","0","-","-","-","0","0","0","0","0","0","0","0","-","0","0","0","0","0","0","0","0","0","0","0","0","0","0","0","0","0","0","8","0","0","0","0","0","0","0","0","0","0","0","0","0","0","0","0","0","0","0","0","0"
"0x7f2c6b5aeda0","      UMOV UR14, UR46","11","0","11","524288","524288","524288","1","1","0","31","0","-","-","-","0","0","0","0","0","0","0","0","-","0","0","0","0","0","0","0","0","0","0","0","0","0","0","0","0","0","0","11","0","0","0","0","0","0","0","0","0","0","0","0","0","0","0","0","0","0","0","0","0"
"0x7f2c6b5aedb0","      UTMALDG.2D.GATHER4 [UR24], [UR72]","6","0","6","524288","524288","524288","1","1","0","31","0","Global,Shared","-","-","0","0","0","0","0","0","0","0","-","0","0","0","0","0","0","0","0","0","0","0","0","0","0","0","0","0","0","6","0","0","0","0","0","0","0","0","0","0","0","0","0","0","0","0","0","0","0","0","0"
"0x7f2c6b5aedc0","      UTMALDG.2D.GATHER4 [UR16], [UR72]","7","0","7","524288","524288","524288","1","1","0","31","0","Global,Shared","-","-","0","0","0","0","0","0","0","0","-","0","0","0","0","0","0","0","0","0","0","0","0","0","0","0","0","0","0","7","0","0","0","0","0","0","0","0","0","0","0","0","0","0","0","0","0","0","0","0","0"
"0x7f2c6b5aedd0","      UTMALDG.2D.GATHER4 [UR8], [UR74]","163","150","163","524288","524288","524288","1","1","0","31","0","Global,Shared","-","-","0","0","0","0","0","0","0","0","-","0","0","0","0","0","0","0","0","0","0","0","0","0","0","150","0","0","0","13","0","0","0","0","0","0","0","0","0","0","0","0","150","0","0","0","0","0","0","0","0"
"0x7f2c6b5aede0","      UIADD3 UR40, UPT, UPT, UR5, 0x9a00, URZ","15","0","15","524288","524288","524288","1","1","0","31","0","-","-","-","0","0","0","0","0","0","0","0","-","0","0","0","0","0","0","0","0","0","0","0","0","0","0","0","0","0","0","15","0","0","0","0","0","0","0","0","0","0","0","0","0","0","0","0","0","0","0","0","0"
"0x7f2c6b5aedf0","      LDS.128 R4, [UR15+0x31150]","19","4","19","524288","524288","524288","1","1","0","31","0","Shared","Load","128","0","1","0","524288","524288","0","0","0","-","0","0","0","0","0","0","0","0","0","0","0","0","0","0","4","0","0","0","15","0","0","0","0","0","0","0","0","0","0","0","0","4","0","0","0","0","0","0","0","0"
"0x7f2c6b5aee00","      UIADD3 UR32, UPT, UPT, UR5, 0xda00, URZ","46","40","46","524288","524288","524288","1","1","0","31","0","-","-","-","0","0","0","0","0","0","0","0","-","0","0","0","0","0","0","0","0","0","0","0","40","0","0","0","0","0","0","6","0","0","0","0","0","0","0","0","0","40","0","0","0","0","0","0","0","0","0","0","0"
"0x7f2c6b5aee10","      UIADD3 UR24, UPT, UPT, UR5, 0x11a00, URZ","177","166","177","524288","524288","524288","1","1","0","31","0","-","-","-","0","0","0","0","0","0","0","0","-","0","0","0","0","0","0","0","0","0","0","0","157","0","0","0","0","0","0","10","0","0","0","10","0","0","0","0","0","156","0","0","0","0","0","0","0","0","0","0","10"
"0x7f2c6b5aee20","      UIADD3 UR16, UPT, UPT, UR5, 0x15a00, URZ","170","161","170","524288","524288","524288","1","1","0","31","0","-","-","-","0","0","0","0","0","0","0","0","-","0","0","0","0","0","0","0","0","0","0","0","150","1","0","0","0","0","0","9","0","0","0","10","0","0","0","0","0","150","1","0","0","0","0","0","0","0","0","0","10"
"0x7f2c6b5aee30","      UIADD3 UR8, UPT, UPT, UR6, 0x29500, URZ","215","200","215","524288","524288","524288","1","1","0","31","0","-","-","-","0","0","0","0","0","0","0","0","-","0","0","0","0","0","0","0","0","0","0","0","190","0","0","0","0","0","0","13","0","0","0","12","0","0","0","0","0","188","0","0","0","0","0","0","0","0","0","0","12"
"0x7f2c6b5aee40","      R2UR UR46, R7","528","498","528","524288","524288","524288","1","1","0","31","0","-","-","-","0","0","0","0","0","0","0","0","-","0","0","0","0","0","0","0","0","0","0","0","0","0","0","0","0","0","0","12","516","0","0","0","0","0","0","0","0","0","0","0","0","0","0","0","0","498","0","0","0"
"0x7f2c6b5aee50","      R2UR UR45, R6","11","7","11","524288","524288","524288","1","1","0","31","0","-","-","-","0","0","0","0","0","0","0","0","-","0","0","0","0","0","0","0","0","0","0","0","0","0","0","0","0","0","0","4","0","0","0","7","0","0","0","0","0","0","0","0","0","0","0","0","0","0","0","0","7"
"0x7f2c6b5aee60","      R2UR UR44, R5","34","17","34","524288","524288","524288","1","1","0","31","0","-","-","-","0","0","0","0","0","0","0","0","-","0","0","0","0","0","0","0","0","0","0","0","0","0","0","0","0","0","0","17","0","0","0","17","0","0","0","0","0","0","0","0","0","0","0","0","0","0","0","0","17"
"0x7f2c6b5aee70","      R2UR UR43, R4","16","9","16","524288","524288","524288","1","1","0","31","0","-","-","-","0","0","0","0","0","0","0","0","-","0","0","0","0","0","0","0","0","0","0","0","0","0","0","0","0","0","1","6","0","0","0","9","0","0","0","0","0","0","0","0","0","0","0","0","0","0","0","0","9"
"0x7f2c6b5aee80","      UMOV UR38, UR46","65","57","65","524288","524288","524288","1","1","0","31","0","-","-","-","0","0","0","0","0","0","0","0","-","0","0","0","0","0","0","0","0","0","0","0","0","0","0","0","0","0","1","7","0","0","0","57","0","0","0","0","0","0","0","0","0","0","0","0","0","0","0","0","57"
"0x7f2c6b5aee90","      UMOV UR30, UR46","12","0","12","524288","524288","524288","1","1","0","31","0","-","-","-","0","0","0","0","0","0","0","0","-","0","0","0","0","0","0","0","0","0","0","0","0","0","0","0","0","0","0","12","0","0","0","0","0","0","0","0","0","0","0","0","0","0","0","0","0","0","0","0","0"
"0x7f2c6b5aeea0","      UMOV UR37, UR45","3","0","3","524288","524288","524288","1","1","0","31","0","-","-","-","0","0","0","0","0","0","0","0","-","0","0","0","0","0","0","0","0","0","0","0","0","0","0","0","0","0","0","3","0","0","0","0","0","0","0","0","0","0","0","0","0","0","0","0","0","0","0","0","0"
"0x7f2c6b5aeeb0","      UMOV UR29, UR45","5","0","5","524288","524288","524288","1","1","0","31","0","-","-","-","0","0","0","0","0","0","0","0","-","0","0","0","0","0","0","0","0","0","0","0","0","0","0","0","0","0","0","5","0","0","0","0","0","0","0","0","0","0","0","0","0","0","0","0","0","0","0","0","0"
"0x7f2c6b5aeec0","      UMOV UR36, UR44","8","0","8","524288","524288","524288","1","1","0","31","0","-","-","-","0","0","0","0","0","0","0","0","-","0","0","0","0","0","0","0","0","0","0","0","0","0","0","0","0","0","0","8","0","0","0","0","0","0","0","0","0","0","0","0","0","0","0","0","0","0","0","0","0"
"0x7f2c6b5aeed0","      UMOV UR28, UR44","11","0","11","524288","524288","524288","1","1","0","31","0","-","-","-","0","0","0","0","0","0","0","0","-","0","0","0","0","0","0","0","0","0","0","0","0","0","0","0","0","0","0","11","0","0","0","0","0","0","0","0","0","0","0","0","0","0","0","0","0","0","0","0","0"
"0x7f2c6b5aeee0","      UMOV UR35, UR43","15","0","15","524288","524288","524288","1","1","0","31","0","-","-","-","0","0","0","0","0","0","0","0","-","0","0","0","0","0","0","0","0","7","0","0","0","0","0","0","0","0","0","8","0","0","0","0","0","0","0","0","0","0","0","0","0","0","0","0","0","0","0","0","0"
"0x7f2c6b5aeef0","      UTMALDG.2D.GATHER4 [UR40], [UR72]","18","0","18","524288","524288","524288","1","1","0","31","0","Global,Shared","-","-","0","0","0","0","0","0","0","0","-","0","0","0","0","0","0","0","0","13","0","0","0","0","0","0","0","0","0","5","0","0","0","0","0","0","0","0","0","0","0","0","0","0","0","0","0","0","0","0","0"
"0x7f2c6b5aef00","      UMOV UR27, UR43","13","0","13","524288","524288","524288","1","1","0","31","0","-","-","-","0","0","0","0","0","0","0","0","-","0","0","0","0","0","0","0","0","0","0","0","0","0","0","0","0","0","0","13","0","0","0","0","0","0","0","0","0","0","0","0","0","0","0","0","0","0","0","0","0"
"0x7f2c6b5aef10","      UMOV UR19, UR43","17","0","17","524288","524288","524288","1","1","0","31","0","-","-","-","0","0","0","0","0","0","0","0","-","0","0","0","0","0","0","0","0","0","0","0","0","0","0","0","0","0","0","17","0","0","0","0","0","0","0","0","0","0","0","0","0","0","0","0","0","0","0","0","0"
"0x7f2c6b5aef20","      UMOV UR20, UR44","10","0","10","524288","524288","524288","1","1","0","31","0","-","-","-","0","0","0","0","0","0","0","0","-","0","0","0","0","0","0","0","0","0","0","0","0","0","0","0","0","0","0","10","0","0","0","0","0","0","0","0","0","0","0","0","0","0","0","0","0","0","0","0","0"
"0x7f2c6b5aef30","      UMOV UR21, UR45","9","0","9","524288","524288","524288","1","1","0","31","0","-","-","-","0","0","0","0","0","0","0","0","-","0","0","0","0","0","0","0","0","0","0","0","0","0","0","0","0","0","0","9","0","0","0","0","0","0","0","0","0","0","0","0","0","0","0","0","0","0","0","0","0"
"0x7f2c6b5aef40","      UMOV UR22, UR46","4","0","4","524288","524288","524288","1","1","0","31","0","-","-","-","0","0","0","0","0","0","0","0","-","0","0","0","0","0","0","0","0","0","0","0","0","0","0","0","0","0","0","4","0","0","0","0","0","0","0","0","0","0","0","0","0","0","0","0","0","0","0","0","0"
"0x7f2c6b5aef50","      UMOV UR11, UR43","7","0","7","524288","524288","524288","1","1","0","31","0","-","-","-","0","0","0","0","0","0","0","0","-","0","0","0","0","0","0","0","0","0","0","0","0","0","0","0","0","0","0","7","0","0","0","0","0","0","0","0","0","0","0","0","0","0","0","0","0","0","0","0","0"
"0x7f2c6b5aef60","      UMOV UR12, UR44","10","0","10","524288","524288","524288","1","1","0","31","0","-","-","-","0","0","0","0","0","0","0","0","-","0","0","0","0","0","0","0","0","0","0","0","0","0","0","0","0","0","0","10","0","0","0","0","0","0","0","0","0","0","0","0","0","0","0","0","0","0","0","0","0"
"0x7f2c6b5aef70","      UTMALDG.2D.GATHER4 [UR32], [UR72]","15","0","15","524288","524288","524288","1","1","0","31","0","Global,Shared","-","-","0","0","0","0","0","0","0","0","-","0","0","0","0","0","0","0","0","0","0","0","0","0","0","0","0","0","0","15","0","0","0","0","0","0","0","0","0","0","0","0","0","0","0","0","0","0","0","0","0"
"0x7f2c6b5aef80","      UMOV UR13, UR45","9","0","9","524288","524288","524288","1","1","0","31","0","-","-","-","0","0","0","0","0","0","0","0","-","0","0","0","0","0","0","0","0","0","0","0","0","0","0","0","0","0","0","9","0","0","0","0","0","0","0","0","0","0","0","0","0","0","0","0","0","0","0","0","0"
"0x7f2c6b5aef90","      UMOV UR14, UR46","14","0","14","524288","524288","524288","1","1","0","31","0","-","-","-","0","0","0","0","0","0","0","0","-","0","0","0","0","0","0","0","0","0","0","0","0","0","0","0","0","0","0","14","0","0","0","0","0","0","0","0","0","0","0","0","0","0","0","0","0","0","0","0","0"
"0x7f2c6b5aefa0","      UTMALDG.2D.GATHER4 [UR24], [UR72]","8","0","8","524288","524288","524288","1","1","0","31","0","Global,Shared","-","-","0","0","0","0","0","0","0","0","-","0","0","0","0","0","0","0","0","0","0","0","0","0","0","0","0","0","0","8","0","0","0","0","0","0","0","0","0","0","0","0","0","0","0","0","0","0","0","0","0"
"0x7f2c6b5aefb0","      UTMALDG.2D.GATHER4 [UR16], [UR72]","11","0","11","524288","524288","524288","1","1","0","31","0","Global,Shared","-","-","0","0","0","0","0","0","0","0","-","0","0","0","0","0","0","0","0","0","0","0","0","0","0","0","0","0","0","11","0","0","0","0","0","0","0","0","0","0","0","0","0","0","0","0","0","0","0","0","0"
"0x7f2c6b5aefc0","      UTMALDG.2D.GATHER4 [UR8], [UR74]","163","116","163","524288","524288","524288","1","1","0","31","0","Global,Shared","-","-","0","0","0","0","0","0","0","0","-","0","0","0","0","0","0","0","0","0","0","0","0","0","0","148","0","0","7","8","0","0","0","0","0","0","0","0","0","0","0","0","116","0","0","0","0","0","0","0","0"
"0x7f2c6b5aefd0","      UIADD3 UR40, UPT, UPT, UR5, 0x9c00, URZ","10","0","10","524288","524288","524288","1","1","0","31","0","-","-","-","0","0","0","0","0","0","0","0","-","0","0","0","0","0","0","0","0","0","0","0","0","0","0","0","0","0","0","10","0","0","0","0","0","0","0","0","0","0","0","0","0","0","0","0","0","0","0","0","0"
"0x7f2c6b5aefe0","      LDS.128 R4, [UR15+0x31160]","11","0","11","524288","524288","524288","1","1","0","31","0","Shared","Load","128","0","1","0","524288","524288","0","0","0","-","0","0","0","0","0","0","0","0","0","0","0","0","0","0","0","0","0","0","11","0","0","0","0","0","0","0","0","0","0","0","0","0","0","0","0","0","0","0","0","0"
"0x7f2c6b5aeff0","      UIADD3 UR32, UPT, UPT, UR5, 0xdc00, URZ","62","35","62","524288","524288","524288","1","1","0","31","0","-","-","-","0","0","0","0","0","0","0","0","-","0","0","0","0","0","0","0","0","0","0","0","44","0","0","0","0","0","4","14","0","0","0","0","0","0","0","0","0","35","0","0","0","0","0","0","0","0","0","0","0"
"0x7f2c6b5af000","      UIADD3 UR24, UPT, UPT, UR5, 0x11c00, URZ","179","126","179","524288","524288","524288","1","1","0","31","0","-","-","-","0","0","0","0","0","0","0","0","-","0","0","0","0","0","0","0","0","0","0","0","149","0","0","0","0","0","8","14","0","0","0","8","0","0","0","0","0","121","0","0","0","0","0","0","0","0","0","0","5"
"0x7f2c6b5af010","      UIADD3 UR16, UPT, UPT, UR5, 0x15c00, URZ","191","124","191","524288","524288","524288","1","1","0","31","0","-","-","-","0","0","0","0","0","0","0","0","-","0","0","0","0","0","0","0","0","0","0","0","165","0","0","0","0","0","9","5","0","0","0","12","0","0","0","0","0","113","0","0","0","0","0","0","0","0","0","0","11"
"0x7f2c6b5af020","      UIADD3 UR8, UPT, UPT, UR6, 0x29600, URZ","163","97","163","524288","524288","524288","1","1","0","31","0","-","-","-","0","0","0","0","0","0","0","0","-","0","0","0","0","0","0","0","0","1","0","0","138","0","0","0","0","0","4","13","0","0","0","7","0","0","1","0","0","92","0","0","0","0","0","0","0","0","0","0","4"
"0x7f2c6b5af030","      R2UR UR46, R7","166","150","166","524288","524288","524288","1","1","0","31","0","-","-","-","0","0","0","0","0","0","0","0","-","0","0","0","0","0","0","0","0","1","0","0","0","0","0","0","0","0","1","10","154","0","0","0","0","0","1","0","0","0","0","0","0","0","0","0","0","149","0","0","0"
"0x7f2c6b5af040","      R2UR UR45, R6","20","2","20","524288","524288","524288","1","1","0","31","0","-","-","-","0","0","0","0","0","0","0","0","-","0","0","0","0","0","0","0","0","1","0","0","0","0","0","0","0","0","2","11","0","0","0","6","0","0","1","0","0","0","0","0","0","0","0","0","0","0","0","0","1"
"0x7f2c6b5af050","      R2UR UR44, R5","19","1","19","524288","524288","524288","1","1","0","31","0","-","-","-","0","0","0","0","0","0","0","0","-","0","0","0","0","0","0","0","0","0","0","0","0","1","0","0","0","0","1","12","0","0","0","5","0","0","0","0","0","0","0","0","0","0","0","0","0","0","0","0","1"
"0x7f2c6b5af060","      R2UR UR43, R4","18","4","18","524288","524288","524288","1","1","0","31","0","-","-","-","0","0","0","0","0","0","0","0","-","0","0","0","0","0","0","0","0","1","0","0","0","2","0","0","0","0","2","6","0","0","0","7","0","0","1","0","0","0","1","0","0","0","0","0","0","0","0","0","2"
"0x7f2c6b5af070","      UMOV UR38, UR46","70","35","70","524288","524288","524288","1","1","0","31","0","-","-","-","0","0","0","0","0","0","0","0","-","0","0","0","0","0","0","0","0","1","0","0","0","0","0","0","0","0","6","6","0","0","0","57","0","0","1","0","0","0","0","0","0","0","0","0","0","0","0","0","34"
"0x7f2c6b5af080","      UMOV UR30, UR46","17","0","17","524288","524288","524288","1","1","0","31","0","-","-","-","0","0","0","0","0","0","0","0","-","0","0","0","0","0","0","0","0","0","0","0","0","0","0","0","0","0","0","17","0","0","0","0","0","0","0","0","0","0","0","0","0","0","0","0","0","0","0","0","0"
"0x7f2c6b5af090","      UMOV UR37, UR45","10","0","10","524288","524288","524288","1","1","0","31","0","-","-","-","0","0","0","0","0","0","0","0","-","0","0","0","0","0","0","0","0","0","0","0","0","0","0","0","0","0","0","10","0","0","0","0","0","0","0","0","0","0","0","0","0","0","0","0","0","0","0","0","0"
"0x7f2c6b5af0a0","      UMOV UR29, UR45","15","0","15","524288","524288","524288","1","1","0","31","0","-","-","-","0","0","0","0","0","0","0","0","-","0","0","0","0","0","0","0","0","1","0","0","0","0","0","0","0","0","0","14","0","0","0","0","0","0","0","0","0","0","0","0","0","0","0","0","0","0","0","0","0"
"0x7f2c6b5af0b0","      UMOV UR36, UR44","13","0","13","524288","524288","524288","1","1","0","31","0","-","-","-","0","0","0","0","0","0","0","0","-","0","0","0","0","0","0","0","0","0","0","0","0","0","0","0","0","0","0","13","0","0","0","0","0","0","0","0","0","0","0","0","0","0","0","0","0","0","0","0","0"
"0x7f2c6b5af0c0","      UMOV UR28, UR44","16","0","16","524288","524288","524288","1","1","0","31","0","-","-","-","0","0","0","0","0","0","0","0","-","0","0","0","0","0","0","0","0","3","0","0","0","0","0","0","0","0","0","13","0","0","0","0","0","0","0","0","0","0","0","0","0","0","0","0","0","0","0","0","0"
"0x7f2c6b5af0d0","      UMOV UR35, UR43","17","0","17","524288","524288","524288","1","1","0","31","0","-","-","-","0","0","0","0","0","0","0","0","-","0","0","0","0","0","0","0","0","7","0","0","0","0","0","0","0","0","0","10","0","0","0","0","0","0","0","0","0","0","0","0","0","0","0","0","0","0","0","0","0"
"0x7f2c6b5af0e0","      UTMALDG.2D.GATHER4 [UR40], [UR72]","11","0","11","524288","524288","524288","1","1","0","31","0","Global,Shared","-","-","0","0","0","0","0","0","0","0","-","0","0","0","0","0","0","0","0","4","0","0","0","0","0","0","0","0","0","7","0","0","0","0","0","0","0","0","0","0","0","0","0","0","0","0","0","0","0","0","0"
"0x7f2c6b5af0f0","      UMOV UR27, UR43","13","0","13","524288","524288","524288","1","1","0","31","0","-","-","-","0","0","0","0","0","0","0","0","-","0","0","0","0","0","0","0","0","0","0","0","0","0","0","0","0","0","0","13","0","0","0","0","0","0","0","0","0","0","0","0","0","0","0","0","0","0","0","0","0"
"0x7f2c6b5af100","      UMOV UR19, UR43","13","0","13","524288","524288","524288","1","1","0","31","0","-","-","-","0","0","0","0","0","0","0","0","-","0","0","0","0","0","0","0","0","0","0","0","0","0","0","0","0","0","0","13","0","0","0","0","0","0","0","0","0","0","0","0","0","0","0","0","0","0","0","0","0"
"0x7f2c6b5af110","      UMOV UR20, UR44","15","0","15","524288","524288","524288","1","1","0","31","0","-","-","-","0","0","0","0","0","0","0","0","-","0","0","0","0","0","0","0","0","1","0","0","0","0","0","0","0","0","0","14","0","0","0","0","0","0","0","0","0","0","0","0","0","0","0","0","0","0","0","0","0"
"0x7f2c6b5af120","      UMOV UR21, UR45","13","0","13","524288","524288","524288","1","1","0","31","0","-","-","-","0","0","0","0","0","0","0","0","-","0","0","0","0","0","0","0","0","0","0","0","0","0","0","0","0","0","0","13","0","0","0","0","0","0","0","0","0","0","0","0","0","0","0","0","0","0","0","0","0"
"0x7f2c6b5af130","      UMOV UR22, UR46","6","0","6","524288","524288","524288","1","1","0","31","0","-","-","-","0","0","0","0","0","0","0","0","-","0","0","0","0","0","0","0","0","0","0","0","0","0","0","0","0","0","0","6","0","0","0","0","0","0","0","0","0","0","0","0","0","0","0","0","0","0","0","0","0"
"0x7f2c6b5af140","      UMOV UR11, UR43","10","0","10","524288","524288","524288","1","1","0","31","0","-","-","-","0","0","0","0","0","0","0","0","-","0","0","0","0","0","0","0","0","0","0","0","0","0","0","0","0","0","0","10","0","0","0","0","0","0","0","0","0","0","0","0","0","0","0","0","0","0","0","0","0"
"0x7f2c6b5af150","      UMOV UR12, UR44","15","0","15","524288","524288","524288","1","1","0","31","0","-","-","-","0","0","0","0","0","0","0","0","-","0","0","0","0","0","0","0","0","0","0","0","0","0","0","0","0","0","0","15","0","0","0","0","0","0","0","0","0","0","0","0","0","0","0","0","0","0","0","0","0"
"0x7f2c6b5af160","      UTMALDG.2D.GATHER4 [UR32], [UR72]","4","0","4","524288","524288","524288","1","1","0","31","0","Global,Shared","-","-","0","0","0","0","0","0","0","0","-","0","0","0","0","0","0","0","0","0","0","0","0","0","0","0","0","0","0","4","0","0","0","0","0","0","0","0","0","0","0","0","0","0","0","0","0","0","0","0","0"
"0x7f2c6b5af170","      UMOV UR13, UR45","13","0","13","524288","524288","524288","1","1","0","31","0","-","-","-","0","0","0","0","0","0","0","0","-","0","0","0","0","0","0","0","0","0","0","0","0","0","0","0","0","0","0","13","0","0","0","0","0","0","0","0","0","0","0","0","0","0","0","0","0","0","0","0","0"
"0x7f2c6b5af180","      UMOV UR14, UR46","28","6","28","524288","524288","524288","1","1","0","31","0","-","-","-","0","0","0","0","0","0","0","0","-","0","0","0","0","0","0","0","0","1","0","0","0","0","0","0","0","19","0","8","0","0","0","0","0","0","0","0","0","0","0","0","0","0","6","0","0","0","0","0","0"
"0x7f2c6b5af190","      UTMALDG.2D.GATHER4 [UR24], [UR72]","12","0","12","524288","524288","524288","1","1","0","31","0","Global,Shared","-","-","0","0","0","0","0","0","0","0","-","0","0","0","0","0","0","0","0","1","0","0","0","0","0","0","0","0","0","11","0","0","0","0","0","0","0","0","0","0","0","0","0","0","0","0","0","0","0","0","0"
"0x7f2c6b5af1a0","      UTMALDG.2D.GATHER4 [UR16], [UR72]","9","1","9","524288","524288","524288","1","1","0","31","0","Global,Shared","-","-","0","0","0","0","0","0","0","0","-","0","0","0","0","0","0","0","0","0","0","0","0","0","0","1","0","0","0","8","0","0","0","0","0","0","0","0","0","0","0","0","1","0","0","0","0","0","0","0","0"
"0x7f2c6b5af1b0","      UTMALDG.2D.GATHER4 [UR8], [UR74]","134","62","134","524288","524288","524288","1","1","0","31","0","Global,Shared","-","-","0","0","0","0","0","0","0","0","-","0","0","0","0","0","0","0","0","0","0","0","0","0","0","116","0","0","8","10","0","0","0","0","0","0","0","0","0","0","0","0","62","0","0","0","0","0","0","0","0"
"0x7f2c6b5af1c0","      UIADD3 UR40, UPT, UPT, UR5, 0x9e00, URZ","12","0","12","524288","524288","524288","1","1","0","31","0","-","-","-","0","0","0","0","0","0","0","0","-","0","0","0","0","0","0","0","0","0","0","0","0","0","0","0","0","0","0","12","0","0","0","0","0","0","0","0","0","0","0","0","0","0","0","0","0","0","0","0","0"
"0x7f2c6b5af1d0","      LDS.128 R4, [UR15+0x31170]","16","0","16","524288","524288","524288","1","1","0","31","0","Shared","Load","128","0","1","0","524288","524288","0","0","0","-","0","0","0","0","0","0","0","0","0","0","0","0","0","0","0","0","0","0","16","0","0","0","0","0","0","0","0","0","0","0","0","0","0","0","0","0","0","0","0","0"
"0x7f2c6b5af1e0","      UIADD3 UR32, UPT, UPT, UR5, 0xde00, URZ","49","12","49","524288","524288","524288","1","1","0","31","0","-","-","-","0","0","0","0","0","0","0","0","-","0","0","0","0","0","0","0","0","0","0","0","25","6","0","0","0","0","5","13","0","0","0","0","0","0","0","0","0","8","4","0","0","0","0","0","0","0","0","0","0"
"0x7f2c6b5af1f0","      UIADD3 UR24, UPT, UPT, UR5, 0x11e00, URZ","186","89","186","524288","524288","524288","1","1","0","31","0","-","-","-","0","0","0","0","0","0","0","0","-","0","0","0","0","0","0","0","0","0","0","0","155","2","0","0","0","0","9","10","0","0","0","10","0","0","0","0","0","87","2","0","0","0","0","0","0","0","0","0","0"
"0x7f2c6b5af200","      UIADD3 UR16, UPT, UPT, UR5, 0x15e00, URZ","184","97","184","524288","524288","524288","1","1","0","31","0","-","-","-","0","0","0","0","0","0","0","0","-","0","0","0","0","0","0","0","0","0","0","0","156","1","0","0","0","0","6","14","0","0","0","7","0","0","0","0","0","94","1","0","0","0","0","0","0","0","0","0","2"
"0x7f2c6b5af210","      UIADD3 UR8, UPT, UPT, UR6, 0x29700, URZ","178","111","178","524288","524288","524288","1","1","0","31","0","-","-","-","0","0","0","0","0","0","0","0","-","0","0","0","0","0","0","0","0","0","0","0","159","0","0","0","0","0","4","7","0","0","0","8","0","0","0","0","0","109","0","0","0","0","0","0","0","0","0","0","2"
"0x7f2c6b5af220","      R2UR UR46, R7","26","12","26","524288","524288","524288","1","1","0","31","0","-","-","-","0","0","0","0","0","0","0","0","-","0","0","0","0","0","0","0","0","0","0","0","0","1","0","0","0","0","0","13","12","0","0","0","0","0","0","0","0","0","0","0","0","0","0","0","0","12","0","0","0"
"0x7f2c6b5af230","      R2UR UR45, R6","23","9","23","524288","524288","524288","1","1","0","31","0","-","-","-","0","0","0","0","0","0","0","0","-","0","0","0","0","0","0","0","0","0","0","0","0","0","0","0","0","0","2","9","0","0","0","12","0","0","0","0","0","0","0","0","0","0","0","0","0","0","0","0","9"
"0x7f2c6b5af240","      R2UR UR44, R5","22","7","22","524288","524288","524288","1","1","0","31","0","-","-","-","0","0","0","0","0","0","0","0","-","0","0","0","0","0","0","0","0","0","0","0","0","0","0","0","0","0","2","8","0","0","0","12","0","0","0","0","0","0","0","0","0","0","0","0","0","0","0","0","7"
"0x7f2c6b5af250","      R2UR UR43, R4","26","6","26","524288","524288","524288","1","1","0","31","0","-","-","-","0","0","0","0","0","0","0","0","-","0","0","0","0","0","0","0","0","0","0","0","0","1","0","0","0","0","2","13","0","0","0","10","0","0","0","0","0","0","0","0","0","0","0","0","0","0","0","0","6"
"0x7f2c6b5af260","      UMOV UR38, UR46","76","42","76","524288","524288","524288","1","1","0","31","0","-","-","-","0","0","0","0","0","0","0","0","-","0","0","0","0","0","0","0","0","0","0","0","0","0","0","0","0","0","6","14","0","0","0","56","0","0","0","0","0","0","0","0","0","0","0","0","0","0","0","0","42"
"0x7f2c6b5af270","      UMOV UR30, UR46","13","0","13","524288","524288","524288","1","1","0","31","0","-","-","-","0","0","0","0","0","0","0","0","-","0","0","0","0","0","0","0","0","0","0","0","0","0","0","0","0","0","0","13","0","0","0","0","0","0","0","0","0","0","0","0","0","0","0","0","0","0","0","0","0"
"0x7f2c6b5af280","      UMOV UR37, UR45","13","0","13","524288","524288","524288","1","1","0","31","0","-","-","-","0","0","0","0","0","0","0","0","-","0","0","0","0","0","0","0","0","0","0","0","0","0","0","0","0","0","0","13","0","0","0","0","0","0","0","0","0","0","0","0","0","0","0","0","0","0","0","0","0"
"0x7f2c6b5af290","      UMOV UR29, UR45","11","0","11","524288","524288","524288","1","1","0","31","0","-","-","-","0","0","0","0","0","0","0","0","-","0","0","0","0","0","0","0","0","0","0","0","0","0","0","0","0","0","0","11","0","0","0","0","0","0","0","0","0","0","0","0","0","0","0","0","0","0","0","0","0"
"0x7f2c6b5af2a0","      UMOV UR36, UR44","5","0","5","524288","524288","524288","1","1","0","31","0","-","-","-","0","0","0","0","0","0","0","0","-","0","0","0","0","0","0","0","0","0","0","0","0","0","0","0","0","0","0","5","0","0","0","0","0","0","0","0","0","0","0","0","0","0","0","0","0","0","0","0","0"
"0x7f2c6b5af2b0","      UMOV UR28, UR44","8","0","8","524288","524288","524288","1","1","0","31","0","-","-","-","0","0","0","0","0","0","0","0","-","0","0","0","0","0","0","0","0","2","0","0","0","0","0","0","0","0","0","6","0","0","0","0","0","0","0","0","0","0","0","0","0","0","0","0","0","0","0","0","0"
"0x7f2c6b5af2c0","      UMOV UR35, UR43","17","0","17","524288","524288","524288","1","1","0","31","0","-","-","-","0","0","0","0","0","0","0","0","-","0","0","0","0","0","0","0","0","8","0","0","0","0","0","0","0","0","0","9","0","0","0","0","0","0","0","0","0","0","0","0","0","0","0","0","0","0","0","0","0"
"0x7f2c6b5af2d0","      UTMALDG.2D.GATHER4 [UR40], [UR72]","20","0","20","524288","524288","524288","1","1","0","31","0","Global,Shared","-","-","0","0","0","0","0","0","0","0","-","0","0","0","0","0","0","0","0","6","0","0","0","0","0","0","0","0","0","14","0","0","0","0","0","0","0","0","0","0","0","0","0","0","0","0","0","0","0","0","0"
"0x7f2c6b5af2e0","      UMOV UR27, UR43","14","0","14","524288","524288","524288","1","1","0","31","0","-","-","-","0","0","0","0","0","0","0","0","-","0","0","0","0","0","0","0","0","2","0","0","0","0","0","0","0","0","0","12","0","0","0","0","0","0","0","0","0","0","0","0","0","0","0","0","0","0","0","0","0"
"0x7f2c6b5af2f0","      UMOV UR19, UR43","13","0","13","524288","524288","524288","1","1","0","31","0","-","-","-","0","0","0","0","0","0","0","0","-","0","0","0","0","0","0","0","0","0","0","0","0","0","0","0","0","0","0","13","0","0","0","0","0","0","0","0","0","0","0","0","0","0","0","0","0","0","0","0","0"
"0x7f2c6b5af300","      UMOV UR20, UR44","10","0","10","524288","524288","524288","1","1","0","31","0","-","-","-","0","0","0","0","0","0","0","0","-","0","0","0","0","0","0","0","0","0","0","0","0","0","0","0","0","0","0","10","0","0","0","0","0","0","0","0","0","0","0","0","0","0","0","0","0","0","0","0","0"
"0x7f2c6b5af310","      UMOV UR21, UR45","8","0","8","524288","524288","524288","1","1","0","31","0","-","-","-","0","0","0","0","0","0","0","0","-","0","0","0","0","0","0","0","0","0","0","0","0","0","0","0","0","0","0","8","0","0","0","0","0","0","0","0","0","0","0","0","0","0","0","0","0","0","0","0","0"
"0x7f2c6b5af320","      UMOV UR22, UR46","10","0","10","524288","524288","524288","1","1","0","31","0","-","-","-","0","0","0","0","0","0","0","0","-","0","0","0","0","0","0","0","0","0","0","0","0","0","0","0","0","0","0","10","0","0","0","0","0","0","0","0","0","0","0","0","0","0","0","0","0","0","0","0","0"
"0x7f2c6b5af330","      UMOV UR11, UR43","13","0","13","524288","524288","524288","1","1","0","31","0","-","-","-","0","0","0","0","0","0","0","0","-","0","0","0","0","0","0","0","0","0","0","0","0","0","0","0","0","0","0","13","0","0","0","0","0","0","0","0","0","0","0","0","0","0","0","0","0","0","0","0","0"
"0x7f2c6b5af340","      UMOV UR12, UR44","9","0","9","524288","524288","524288","1","1","0","31","0","-","-","-","0","0","0","0","0","0","0","0","-","0","0","0","0","0","0","0","0","0","0","0","0","0","0","0","0","0","0","9","0","0","0","0","0","0","0","0","0","0","0","0","0","0","0","0","0","0","0","0","0"
"0x7f2c6b5af350","      UTMALDG.2D.GATHER4 [UR32], [UR72]","11","0","11","524288","524288","524288","1","1","0","31","0","Global,Shared","-","-","0","0","0","0","0","0","0","0","-","0","0","0","0","0","0","0","0","0","0","0","0","0","0","0","0","0","0","11","0","0","0","0","0","0","0","0","0","0","0","0","0","0","0","0","0","0","0","0","0"
"0x7f2c6b5af360","      UMOV UR13, UR45","8","0","8","524288","524288","524288","1","1","0","31","0","-","-","-","0","0","0","0","0","0","0","0","-","0","0","0","0","0","0","0","0","0","0","0","0","0","0","0","0","0","0","8","0","0","0","0","0","0","0","0","0","0","0","0","0","0","0","0","0","0","0","0","0"
"0x7f2c6b5af370","      UMOV UR14, UR46","11","0","11","524288","524288","524288","1","1","0","31","0","-","-","-","0","0","0","0","0","0","0","0","-","0","0","0","0","0","0","0","0","0","0","0","0","0","0","0","0","0","0","11","0","0","0","0","0","0","0","0","0","0","0","0","0","0","0","0","0","0","0","0","0"
"0x7f2c6b5af380","      UTMALDG.2D.GATHER4 [UR24], [UR72]","35","12","35","524288","524288","524288","1","1","0","31","0","Global,Shared","-","-","0","0","0","0","0","0","0","0","-","0","0","0","0","0","0","0","0","0","0","0","0","0","0","0","0","20","4","11","0","0","0","0","0","0","0","0","0","0","0","0","0","0","12","0","0","0","0","0","0"
"0x7f2c6b5af390","      UTMALDG.2D.GATHER4 [UR16], [UR72]","4","0","4","524288","524288","524288","1","1","0","31","0","Global,Shared","-","-","0","0","0","0","0","0","0","0","-","0","0","0","0","0","0","0","0","0","0","0","0","0","0","1","0","0","0","3","0","0","0","0","0","0","0","0","0","0","0","0","0","0","0","0","0","0","0","0","0"
"0x7f2c6b5af3a0","      UTMALDG.2D.GATHER4 [UR8], [UR74]","130","81","130","524288","524288","524288","1","1","0","31","0","Global,Shared","-","-","0","0","0","0","0","0","0","0","-","0","0","0","0","0","0","0","0","0","0","0","0","0","0","117","0","0","3","10","0","0","0","0","0","0","0","0","0","0","0","0","81","0","0","0","0","0","0","0","0"
"0x7f2c6b5af3b0","      NOP","6","0","6","524288","524288","524288","1","1","0","31","0","-","-","-","0","0","0","0","0","0","0","0","-","0","0","0","0","0","0","0","0","0","0","0","0","0","0","0","0","0","0","6","0","0","0","0","0","0","0","0","0","0","0","0","0","0","0","0","0","0","0","0","0"
"0x7f2c6b5af3c0","      NOP","77","44","77","1048576","16777216","16777216","16","16","15","16","0","-","-","-","0","0","0","0","0","0","0","0","-","0","0","0","0","0","0","0","36","1","0","0","0","0","0","0","0","26","6","8","0","0","0","0","0","26","1","0","0","0","0","0","0","0","17","0","0","0","0","0","0"
"0x7f2c6b5af3d0","      BSYNC.RECONVERGENT B0","567","412","567","1048576","16777216","16777216","16","16","0","16","0","-","-","-","0","0","0","0","0","0","0","0","-","0","0","0","0","0","0","0","0","0","0","0","544","0","0","0","0","0","3","20","0","0","0","0","0","0","0","0","0","412","0","0","0","0","0","0","0","0","0","0","0"
"0x7f2c6b5af3e0","      UIADD3 UR6, UPT, UPT, UR71, 0x1, URZ","249","155","249","524288","16777216","16777216","32","32","16","0","0","-","-","-","0","0","0","0","0","0","0","0","-","0","0","0","0","0","0","0","145","0","0","0","0","0","0","0","0","0","3","17","0","0","0","84","0","96","0","0","0","0","0","0","0","0","0","0","0","0","0","0","59"
"0x7f2c6b5af3f0","      VIADD R3, R3, 0x1","9","0","9","524288","16777216","16777216","32","32","0","0","0","-","-","-","0","0","0","0","0","0","0","0","-","0","0","0","0","0","0","0","0","0","0","0","0","0","0","0","0","0","0","9","0","0","0","0","0","0","0","0","0","0","0","0","0","0","0","0","0","0","0","0","0"
"0x7f2c6b5af400","      UIADD3 UR5, UPT, UPT, UR47, 0x1, URZ","13","0","13","524288","16777216","16777216","32","32","0","0","0","-","-","-","0","0","0","0","0","0","0","0","-","0","0","0","0","0","0","0","0","0","0","0","0","0","0","0","0","0","0","13","0","0","0","0","0","0","0","0","0","0","0","0","0","0","0","0","0","0","0","0","0"
"0x7f2c6b5af410","      BAR.SYNC.DEFER_BLOCKING 0x2, 0x80","6","0","6","524288","16777216","16777216","32","32","0","0","0","-","-","-","0","0","0","0","0","0","0","0","-","0","0","0","0","0","0","0","0","0","0","0","0","0","0","0","0","0","0","6","0","0","0","0","0","0","0","0","0","0","0","0","0","0","0","0","0","0","0","0","0"
"0x7f2c6b5af420","      UISETP.NE.U32.AND UP0, UPT, UR6, 0x2, UPT","14","0","14","524288","16777216","16777216","32","32","0","0","0","-","-","-","0","0","0","0","0","0","0","0","-","0","0","0","0","0","0","0","0","3","0","0","0","0","0","0","0","0","0","11","0","0","0","0","0","0","0","0","0","0","0","0","0","0","0","0","0","0","0","0","0"
"0x7f2c6b5af430","      IADD3 R2, PT, PT, R2, 0x80, RZ","8","0","8","524288","16777216","16777216","32","32","0","0","0","-","-","-","0","0","0","0","0","0","0","0","-","0","0","0","0","0","0","0","0","0","0","0","0","0","0","0","0","0","0","8","0","0","0","0","0","0","0","0","0","0","0","0","0","0","0","0","0","0","0","0","0"
"0x7f2c6b5af440","      UIADD3 UR31, UPT, UPT, UR31, 0x1, URZ","13","0","13","524288","16777216","16777216","32","32","0","0","0","-","-","-","0","0","0","0","0","0","0","0","-","0","0","0","0","0","0","0","0","0","0","0","0","0","0","0","0","0","0","13","0","0","0","0","0","0","0","0","0","0","0","0","0","0","0","0","0","0","0","0","0"
"0x7f2c6b5af450","      ISETP.NE.U32.AND P0, PT, R3, RZ, PT","13","0","13","524288","16777216","16777216","32","32","0","0","0","-","-","-","0","0","0","0","0","0","0","0","-","0","0","0","0","0","0","0","0","0","0","0","0","0","0","0","0","0","0","13","0","0","0","0","0","0","0","0","0","0","0","0","0","0","0","0","0","0","0","0","0"
"0x7f2c6b5af460","      USEL UR71, UR6, URZ, UP0","4","0","4","524288","16777216","16777216","32","32","0","0","0","-","-","-","0","0","0","0","0","0","0","0","-","0","0","0","0","0","0","0","0","0","0","0","0","0","0","0","0","0","0","4","0","0","0","0","0","0","0","0","0","0","0","0","0","0","0","0","0","0","0","0","0"
"0x7f2c6b5af470","      VIADD R0, R0, 0x80","16","0","16","524288","16777216","16777216","32","32","0","0","0","-","-","-","0","0","0","0","0","0","0","0","-","0","0","0","0","0","0","0","0","0","0","0","0","0","0","0","0","0","0","16","0","0","0","0","0","0","0","0","0","0","0","0","0","0","0","0","0","0","0","0","0"
"0x7f2c6b5af480","@UP0  UIADD3 UR5, UPT, UPT, UR47, URZ, URZ","66","10","66","524288","16777216","8388608","32","16","16","16","0","-","-","-","0","0","0","0","0","0","0","0","-","0","0","0","0","0","0","0","0","0","0","0","0","0","0","0","0","0","12","11","0","0","0","43","0","0","0","0","0","0","0","0","0","0","0","0","0","0","0","0","10"
"0x7f2c6b5af490","      UMOV UR47, UR5","392","165","392","524288","16777216","16777216","32","32","16","0","0","-","-","-","0","0","0","0","0","0","0","0","-","0","0","0","0","0","0","356","0","1","0","0","0","0","0","0","0","0","15","5","0","0","0","15","159","0","0","0","0","0","0","0","0","0","0","0","0","0","0","0","6"
"0x7f2c6b5af4a0","@P0   BRA 0x7f2c6b5ae080","9","0","9","524288","16777216","15728640","32","30","2","2","0","-","-","-","0","0","0","0","0","0","0","0","-","0","0","0","0","0","0","0","0","0","0","0","0","0","0","0","0","0","0","9","0","0","0","0","0","0","0","0","0","0","0","0","0","0","0","0","0","0","0","0","0"
"0x7f2c6b5af4b0","      LDCU.64 UR6, c[0x0][0x358]","63","16","63","32768","1048576","1048576","32","32","2","0","0","-","-","-","0","0","0","0","0","0","0","0","-","0","0","0","0","0","0","0","2","0","0","0","0","0","0","0","0","0","0","19","0","0","0","42","0","2","0","0","0","0","0","0","0","0","0","0","0","0","0","0","14"
"0x7f2c6b5af4c0","      LDG.E R12, desc[UR6][R12.64]","16","4","16","32768","1048576","1048576","32","32","0","0","0","Global","Load","32","32768","0","0","0","0","0","32768","32768","","0","0","0","0","0","0","0","0","0","0","0","0","0","0","0","0","0","3","0","13","0","0","0","0","0","0","0","0","0","0","0","0","0","0","0","0","4","0","0","0"
"0x7f2c6b5af4d0","      R2UR UR76, R12","40","11","40","32768","1048576","1048576","32","32","0","0","0","-","-","-","0","0","0","0","0","0","0","0","-","0","0","0","0","0","0","0","0","0","0","0","38","1","0","0","0","0","1","0","0","0","0","0","0","0","0","0","0","11","0","0","0","0","0","0","0","0","0","0","0"
"0x7f2c6b5af4e0","      USHF.R.S32.HI UR5, URZ, 0x1f, UR76","10","0","10","32768","1048576","1048576","32","32","0","0","0","-","-","-","0","0","0","0","0","0","0","0","-","0","0","0","0","0","0","0","0","0","0","0","0","0","0","0","0","0","2","0","0","0","0","8","0","0","0","0","0","0","0","0","0","0","0","0","0","0","0","0","0"
"0x7f2c6b5af4f0","      ISETP.GE.AND P0, PT, R9, 0x1f6c, PT","0","0","0","32768","1048576","1048576","32","32","0","0","0","-","-","-","0","0","0","0","0","0","0","0","-","0","0","0","0","0","0","0","0","0","0","0","0","0","0","0","0","0","0","0","0","0","0","0","0","0","0","0","0","0","0","0","0","0","0","0","0","0","0","0","0"
"0x7f2c6b5af500","      IADD3 R9, PT, PT, R9, 0x94, RZ","5","0","5","32768","1048576","1048576","32","32","0","0","0","-","-","-","0","0","0","0","0","0","0","0","-","0","0","0","0","0","0","0","0","0","0","0","0","1","0","0","0","0","3","1","0","0","0","0","0","0","0","0","0","0","0","0","0","0","0","0","0","0","0","0","0"
"0x7f2c6b5af510","      ULEA.HI UR5, UR5, UR76, URZ, 0x7","0","0","0","32768","1048576","1048576","32","32","0","0","0","-","-","-","0","0","0","0","0","0","0","0","-","0","0","0","0","0","0","0","0","0","0","0","0","0","0","0","0","0","0","0","0","0","0","0","0","0","0","0","0","0","0","0","0","0","0","0","0","0","0","0","0"
"0x7f2c6b5af520","      ULOP3.LUT UR6, UR5, 0xffffff80, URZ, 0xc0, !UPT","6","0","6","32768","1048576","1048576","32","32","0","0","0","-","-","-","0","0","0","0","0","0","0","0","-","0","0","0","0","0","0","0","0","0","0","0","0","0","0","0","0","0","4","0","0","0","0","2","0","0","0","0","0","0","0","0","0","0","0","0","0","0","0","0","0"
"0x7f2c6b5af530","      ULEA.HI.SX32 UR5, UR5, UR77, 0x19","1","0","1","32768","1048576","1048576","32","32","0","0","0","-","-","-","0","0","0","0","0","0","0","0","-","0","0","0","0","0","0","0","0","0","0","0","0","0","0","0","0","0","0","1","0","0","0","0","0","0","0","0","0","0","0","0","0","0","0","0","0","0","0","0","0"
"0x7f2c6b5af540","      UISETP.NE.U32.AND UP0, UPT, UR76, UR6, UPT","6","0","6","32768","1048576","1048576","32","32","0","0","0","-","-","-","0","0","0","0","0","0","0","0","-","0","0","0","0","0","0","0","0","0","0","0","0","0","0","0","0","0","4","1","0","0","0","1","0","0","0","0","0","0","0","0","0","0","0","0","0","0","0","0","0"
"0x7f2c6b5af550","      UIADD3 UR77, UPT, UPT, UR5, 0x1, URZ","3","0","3","32768","1048576","1048576","32","32","0","0","0","-","-","-","0","0","0","0","0","0","0","0","-","0","0","0","0","0","0","0","0","0","0","0","0","0","0","0","0","0","0","0","0","0","0","3","0","0","0","0","0","0","0","0","0","0","0","0","0","0","0","0","0"
"0x7f2c6b5af560","      UISETP.GT.AND UP0, UPT, UR76, -0x1, UP0","4","0","4","32768","1048576","1048576","32","32","0","0","0","-","-","-","0","0","0","0","0","0","0","0","-","0","0","0","0","0","0","0","0","0","0","0","0","0","0","0","0","0","3","0","0","0","0","1","0","0","0","0","0","0","0","0","0","0","0","0","0","0","0","0","0"
"0x7f2c6b5af570","@!UP0 UIADD3 UR77, UPT, UPT, UR5, URZ, URZ","3","0","3","32768","1048576","1048576","32","32","0","0","0","-","-","-","0","0","0","0","0","0","0","0","-","0","0","0","0","0","0","0","0","0","0","0","0","0","0","0","0","0","1","1","0","0","0","1","0","0","0","0","0","0","0","0","0","0","0","0","0","0","0","0","0"
"0x7f2c6b5af580","@!P0  BRA 0x7f2c6b5adee0","0","0","0","32768","1048576","1029632","32","31","1","1","0","-","-","-","0","0","0","0","0","0","0","0","-","0","0","0","0","0","0","0","0","0","0","0","0","0","0","0","0","0","0","0","0","0","0","0","0","0","0","0","0","0","0","0","0","0","0","0","0","0","0","0","0"
"0x7f2c6b5af590","      EXIT","2","0","2","592","18944","18944","32","32","1","0","0","-","-","-","0","0","0","0","0","0","0","0","-","0","0","0","0","0","0","0","0","0","0","0","0","0","0","0","0","0","0","0","0","0","0","2","0","0","0","0","0","0","0","0","0","0","0","0","0","0","0","0","0"
"0x7f2c6b5af5a0","      UISETP.NE.U32.AND UP0, UPT, UR63, 0xc, UPT","3","2","3","1776","56832","56832","32","32","0","0","0","-","-","-","0","0","0","0","0","0","0","0","-","0","0","0","0","0","0","0","0","0","0","0","0","0","0","0","0","3","0","0","0","0","0","0","0","0","0","0","0","0","0","0","0","0","2","0","0","0","0","0","0"
"0x7f2c6b5af5b0","      BRA.U UP0, 0x7f2c6b5b07b0","0","0","0","1776","56832","56832","32","32","0","0","0","-","-","-","0","0","0","0","0","0","0","0","-","0","0","0","0","0","0","0","0","0","0","0","0","0","0","0","0","0","0","0","0","0","0","0","0","0","0","0","0","0","0","0","0","0","0","0","0","0","0","0","0"
"0x7f2c6b5af5c0","      S2UR UR5, SR_CTAID.X","0","0","0","148","4736","4736","32","32","0","0","0","-","-","-","0","0","0","0","0","0","0","0","-","0","0","0","0","0","0","0","0","0","0","0","0","0","0","0","0","0","0","0","0","0","0","0","0","0","0","0","0","0","0","0","0","0","0","0","0","0","0","0","0"
"0x7f2c6b5af5d0","      UIADD3 UR15, UPT, UPT, UR4, 0x8000, URZ","0","0","0","148","4736","4736","32","32","0","0","0","-","-","-","0","0","0","0","0","0","0","0","-","0","0","0","0","0","0","0","0","0","0","0","0","0","0","0","0","0","0","0","0","0","0","0","0","0","0","0","0","0","0","0","0","0","0","0","0","0","0","0","0"
"0x7f2c6b5af5e0","      MOV R3, UR5","0","0","0","148","4736","4736","32","32","0","0","0","-","-","-","0","0","0","0","0","0","0","0","-","0","0","0","0","0","0","0","0","0","0","0","0","0","0","0","0","0","0","0","0","0","0","0","0","0","0","0","0","0","0","0","0","0","0","0","0","0","0","0","0"
"0x7f2c6b5af5f0","      UISETP.GT.AND UP0, UPT, UR5, 0x1fff, UPT","0","0","0","148","4736","4736","32","32","0","0","0","-","-","-","0","0","0","0","0","0","0","0","-","0","0","0","0","0","0","0","0","0","0","0","0","0","0","0","0","0","0","0","0","0","0","0","0","0","0","0","0","0","0","0","0","0","0","0","0","0","0","0","0"
"0x7f2c6b5af600","      PLOP3.LUT P0, PT, PT, PT, UP0, 0x80, 0x8","0","0","0","148","4736","4736","32","32","0","0","0","-","-","-","0","0","0","0","0","0","0","0","-","0","0","0","0","0","0","0","0","0","0","0","0","0","0","0","0","0","0","0","0","0","0","0","0","0","0","0","0","0","0","0","0","0","0","0","0","0","0","0","0"
"0x7f2c6b5af610","@P0   EXIT","0","0","0","148","4736","0","32","0","32","32","0","-","-","-","0","0","0","0","0","0","0","0","-","0","0","0","0","0","0","0","0","0","0","0","0","0","0","0","0","0","0","0","0","0","0","0","0","0","0","0","0","0","0","0","0","0","0","0","0","0","0","0","0"
"0x7f2c6b5af620","      USHF.R.U32.HI UR12, URZ, 0x4, UR4","0","0","0","148","4736","4736","32","32","32","0","0","-","-","-","0","0","0","0","0","0","0","0","-","0","0","0","0","0","0","0","0","0","0","0","0","0","0","0","0","0","0","0","0","0","0","0","0","0","0","0","0","0","0","0","0","0","0","0","0","0","0","0","0"
"0x7f2c6b5af630","      HFMA2 R2, -RZ, RZ, 0, 0","0","0","0","148","4736","4736","32","32","0","0","0","-","-","-","0","0","0","0","0","0","0","0","-","0","0","0","0","0","0","0","0","0","0","0","0","0","0","0","0","0","0","0","0","0","0","0","0","0","0","0","0","0","0","0","0","0","0","0","0","0","0","0","0"
"0x7f2c6b5af640","      UIADD3 UR8, UPT, UPT, UR4, 0x2d020, URZ","0","0","0","148","4736","4736","32","32","0","0","0","-","-","-","0","0","0","0","0","0","0","0","-","0","0","0","0","0","0","0","0","0","0","0","0","0","0","0","0","0","0","0","0","0","0","0","0","0","0","0","0","0","0","0","0","0","0","0","0","0","0","0","0"
"0x7f2c6b5af650","      ULOP3.LUT UR12, UR12, 0x3fff, URZ, 0xc0, !UPT","0","0","0","148","4736","4736","32","32","0","0","0","-","-","-","0","0","0","0","0","0","0","0","-","0","0","0","0","0","0","0","0","0","0","0","0","0","0","0","0","0","0","0","0","0","0","0","0","0","0","0","0","0","0","0","0","0","0","0","0","0","0","0","0"
"0x7f2c6b5af660","      UIADD3 UR7, UPT, UPT, UR4, 0x2f020, URZ","0","0","0","148","4736","4736","32","32","0","0","0","-","-","-","0","0","0","0","0","0","0","0","-","0","0","0","0","0","0","0","0","0","0","0","0","0","0","0","0","0","0","0","0","0","0","0","0","0","0","0","0","0","0","0","0","0","0","0","0","0","0","0","0"
"0x7f2c6b5af670","      UIADD3 UR6, UPT, UPT, UR4, 0x2e000, URZ","0","0","0","148","4736","4736","32","32","0","0","0","-","-","-","0","0","0","0","0","0","0","0","-","0","0","0","0","0","0","0","0","0","0","0","0","0","0","0","0","0","0","0","0","0","0","0","0","0","0","0","0","0","0","0","0","0","0","0","0","0","0","0","0"
"0x7f2c6b5af680","      UIADD3 UR5, UPT, UPT, UR4, 0x30000, URZ","0","0","0","148","4736","4736","32","32","0","0","0","-","-","-","0","0","0","0","0","0","0","0","-","0","0","0","0","0","0","0","0","0","0","0","0","0","0","0","0","0","0","0","0","0","0","0","0","0","0","0","0","0","0","0","0","0","0","0","0","0","0","0","0"
"0x7f2c6b5af690","      ULOP3.LUT UR48, UR12, 0x10000, URZ, 0xfc, !UPT","0","0","0","148","4736","4736","32","32","0","0","0","-","-","-","0","0","0","0","0","0","0","0","-","0","0","0","0","0","0","0","0","0","0","0","0","0","0","0","0","0","0","0","0","0","0","0","0","0","0","0","0","0","0","0","0","0","0","0","0","0","0","0","0"
"0x7f2c6b5af6a0","      USHF.R.U32.HI UR11, URZ, 0x4, UR15","0","0","0","148","4736","4736","32","32","0","0","0","-","-","-","0","0","0","0","0","0","0","0","-","0","0","0","0","0","0","0","0","0","0","0","0","0","0","0","0","0","0","0","0","0","0","0","0","0","0","0","0","0","0","0","0","0","0","0","0","0","0","0","0"
"0x7f2c6b5af6b0","      UIADD3 UR10, UPT, UPT, UR4, 0x2d000, URZ","0","0","0","148","4736","4736","32","32","0","0","0","-","-","-","0","0","0","0","0","0","0","0","-","0","0","0","0","0","0","0","0","0","0","0","0","0","0","0","0","0","0","0","0","0","0","0","0","0","0","0","0","0","0","0","0","0","0","0","0","0","0","0","0"
"0x7f2c6b5af6c0","      UIADD3 UR9, UPT, UPT, UR4, 0x2f000, URZ","0","0","0","148","4736","4736","32","32","0","0","0","-","-","-","0","0","0","0","0","0","0","0","-","0","0","0","0","0","0","0","0","0","0","0","0","0","0","0","0","0","0","0","0","0","0","0","0","0","0","0","0","0","0","0","0","0","0","0","0","0","0","0","0"
"0x7f2c6b5af6d0","      UIADD3 UR13, UPT, UPT, UR4, 0x2e020, URZ","0","0","0","148","4736","4736","32","32","0","0","0","-","-","-","0","0","0","0","0","0","0","0","-","0","0","0","0","0","0","0","0","0","0","0","0","0","0","0","0","0","0","0","0","0","0","0","0","0","0","0","0","0","0","0","0","0","0","0","0","0","0","0","0"
"0x7f2c6b5af6e0","      UIADD3 UR14, UPT, UPT, UR4, 0x30020, URZ","0","0","0","148","4736","4736","32","32","0","0","0","-","-","-","0","0","0","0","0","0","0","0","-","0","0","0","0","0","0","0","0","0","0","0","0","0","0","0","0","0","0","0","0","0","0","0","0","0","0","0","0","0","0","0","0","0","0","0","0","0","0","0","0"
"0x7f2c6b5af6f0","      USHF.R.U32.HI UR40, URZ, 0x4, UR8","0","0","0","148","4736","4736","32","32","0","0","0","-","-","-","0","0","0","0","0","0","0","0","-","0","0","0","0","0","0","0","0","0","0","0","0","0","0","0","0","0","0","0","0","0","0","0","0","0","0","0","0","0","0","0","0","0","0","0","0","0","0","0","0"
"0x7f2c6b5af700","      USHF.R.U32.HI UR38, URZ, 0x4, UR7","0","0","0","148","4736","4736","32","32","0","0","0","-","-","-","0","0","0","0","0","0","0","0","-","0","0","0","0","0","0","0","0","0","0","0","0","0","0","0","0","0","0","0","0","0","0","0","0","0","0","0","0","0","0","0","0","0","0","0","0","0","0","0","0"
"0x7f2c6b5af710","      USHF.R.U32.HI UR8, URZ, 0x4, UR6","0","0","0","148","4736","4736","32","32","0","0","0","-","-","-","0","0","0","0","0","0","0","0","-","0","0","0","0","0","0","0","0","0","0","0","0","0","0","0","0","0","0","0","0","0","0","0","0","0","0","0","0","0","0","0","0","0","0","0","0","0","0","0","0"
"0x7f2c6b5af720","      USHF.R.U32.HI UR7, URZ, 0x4, UR5","0","0","0","148","4736","4736","32","32","0","0","0","-","-","-","0","0","0","0","0","0","0","0","-","0","0","0","0","0","0","0","0","0","0","0","0","0","0","0","0","0","0","0","0","0","0","0","0","0","0","0","0","0","0","0","0","0","0","0","0","0","0","0","0"
"0x7f2c6b5af730","      UIADD3 UR20, UPT, UPT, UR48, 0x4, URZ","0","0","0","148","4736","4736","32","32","0","0","0","-","-","-","0","0","0","0","0","0","0","0","-","0","0","0","0","0","0","0","0","0","0","0","0","0","0","0","0","0","0","0","0","0","0","0","0","0","0","0","0","0","0","0","0","0","0","0","0","0","0","0","0"
"0x7f2c6b5af740","      UIADD3 UR18, UPT, UPT, UR48, 0x402, URZ","0","0","0","148","4736","4736","32","32","0","0","0","-","-","-","0","0","0","0","0","0","0","0","-","0","0","0","0","0","0","0","0","0","0","0","0","0","0","0","0","0","0","0","0","0","0","0","0","0","0","0","0","0","0","0","0","0","0","0","0","0","0","0","0"
"0x7f2c6b5af750","      UIADD3 UR16, UPT, UPT, UR48, 0x404, URZ","0","0","0","148","4736","4736","32","32","0","0","0","-","-","-","0","0","0","0","0","0","0","0","-","0","0","0","0","0","0","0","0","0","0","0","0","0","0","0","0","0","0","0","0","0","0","0","0","0","0","0","0","0","0","0","0","0","0","0","0","0","0","0","0"
"0x7f2c6b5af760","      ULOP3.LUT UR11, UR11, 0x3fff, URZ, 0xc0, !UPT","0","0","0","148","4736","4736","32","32","0","0","0","-","-","-","0","0","0","0","0","0","0","0","-","0","0","0","0","0","0","0","0","0","0","0","0","0","0","0","0","0","0","0","0","0","0","0","0","0","0","0","0","0","0","0","0","0","0","0","0","0","0","0","0"
"0x7f2c6b5af770","      MOV R14, UR20","0","0","0","148","4736","4736","32","32","0","0","0","-","-","-","0","0","0","0","0","0","0","0","-","0","0","0","0","0","0","0","0","0","0","0","0","0","0","0","0","0","0","0","0","0","0","0","0","0","0","0","0","0","0","0","0","0","0","0","0","0","0","0","0"
"0x7f2c6b5af780","      USHF.R.U32.HI UR10, URZ, 0x4, UR10","0","0","0","148","4736","4736","32","32","0","0","0","-","-","-","0","0","0","0","0","0","0","0","-","0","0","0","0","0","0","0","0","0","0","0","0","0","0","0","0","0","0","0","0","0","0","0","0","0","0","0","0","0","0","0","0","0","0","0","0","0","0","0","0"
"0x7f2c6b5af790","      MOV R12, UR18","0","0","0","148","4736","4736","32","32","0","0","0","-","-","-","0","0","0","0","0","0","0","0","-","0","0","0","0","0","0","0","0","0","0","0","0","0","0","0","0","0","0","0","0","0","0","0","0","0","0","0","0","0","0","0","0","0","0","0","0","0","0","0","0"
"0x7f2c6b5af7a0","      USHF.R.U32.HI UR9, URZ, 0x4, UR9","0","0","0","148","4736","4736","32","32","0","0","0","-","-","-","0","0","0","0","0","0","0","0","-","0","0","0","0","0","0","0","0","0","0","0","0","0","0","0","0","0","0","0","0","0","0","0","0","0","0","0","0","0","0","0","0","0","0","0","0","0","0","0","0"
"0x7f2c6b5af7b0","      MOV R10, UR16","0","0","0","148","4736","4736","32","32","0","0","0","-","-","-","0","0","0","0","0","0","0","0","-","0","0","0","0","0","0","0","0","0","0","0","0","0","0","0","0","0","0","0","0","0","0","0","0","0","0","0","0","0","0","0","0","0","0","0","0","0","0","0","0"
"0x7f2c6b5af7c0","      USHF.R.U32.HI UR6, URZ, 0x4, UR13","0","0","0","148","4736","4736","32","32","0","0","0","-","-","-","0","0","0","0","0","0","0","0","-","0","0","0","0","0","0","0","0","0","0","0","0","0","0","0","0","0","0","0","0","0","0","0","0","0","0","0","0","0","0","0","0","0","0","0","0","0","0","0","0"
"0x7f2c6b5af7d0","      USHF.R.U32.HI UR5, URZ, 0x4, UR14","0","0","0","148","4736","4736","32","32","0","0","0","-","-","-","0","0","0","0","0","0","0","0","-","0","0","0","0","0","0","0","0","0","0","0","0","0","0","0","0","0","0","0","0","0","0","0","0","0","0","0","0","0","0","0","0","0","0","0","0","0","0","0","0"
"0x7f2c6b5af7e0","      UMOV UR21, 0x40004040","0","0","0","148","4736","4736","32","32","0","0","0","-","-","-","0","0","0","0","0","0","0","0","-","0","0","0","0","0","0","0","0","0","0","0","0","0","0","0","0","0","0","0","0","0","0","0","0","0","0","0","0","0","0","0","0","0","0","0","0","0","0","0","0"
"0x7f2c6b5af7f0","      UMOV UR19, 0x40004040","0","0","0","148","4736","4736","32","32","0","0","0","-","-","-","0","0","0","0","0","0","0","0","-","0","0","0","0","0","0","0","0","0","0","0","0","0","0","0","0","0","0","0","0","0","0","0","0","0","0","0","0","0","0","0","0","0","0","0","0","0","0","0","0"
"0x7f2c6b5af800","      UMOV UR17, 0x40004040","0","0","0","148","4736","4736","32","32","0","0","0","-","-","-","0","0","0","0","0","0","0","0","-","0","0","0","0","0","0","0","0","0","0","0","0","0","0","0","0","0","0","0","0","0","0","0","0","0","0","0","0","0","0","0","0","0","0","0","0","0","0","0","0"
"0x7f2c6b5af810","      ULOP3.LUT UR50, UR11, 0x10000, URZ, 0xfc, !UPT","0","0","0","148","4736","4736","32","32","0","0","0","-","-","-","0","0","0","0","0","0","0","0","-","0","0","0","0","0","0","0","0","0","0","0","0","0","0","0","0","0","0","0","0","0","0","0","0","0","0","0","0","0","0","0","0","0","0","0","0","0","0","0","0"
"0x7f2c6b5af820","      IMAD.U32 R15, RZ, RZ, UR21","0","0","0","148","4736","4736","32","32","0","0","0","-","-","-","0","0","0","0","0","0","0","0","-","0","0","0","0","0","0","0","0","0","0","0","0","0","0","0","0","0","0","0","0","0","0","0","0","0","0","0","0","0","0","0","0","0","0","0","0","0","0","0","0"
"0x7f2c6b5af830","      ULOP3.LUT UR44, UR10, 0x3fff, URZ, 0xc0, !UPT","0","0","0","148","4736","4736","32","32","0","0","0","-","-","-","0","0","0","0","0","0","0","0","-","0","0","0","0","0","0","0","0","0","0","0","0","0","0","0","0","0","0","0","0","0","0","0","0","0","0","0","0","0","0","0","0","0","0","0","0","0","0","0","0"
"0x7f2c6b5af840","      IMAD.U32 R13, RZ, RZ, UR19","0","0","0","148","4736","4736","32","32","0","0","0","-","-","-","0","0","0","0","0","0","0","0","-","0","0","0","0","0","0","0","0","0","0","0","0","0","0","0","0","0","0","0","0","0","0","0","0","0","0","0","0","0","0","0","0","0","0","0","0","0","0","0","0"
"0x7f2c6b5af850","      ULOP3.LUT UR42, UR9, 0x3fff, URZ, 0xc0, !UPT","0","0","0","148","4736","4736","32","32","0","0","0","-","-","-","0","0","0","0","0","0","0","0","-","0","0","0","0","0","0","0","0","0","0","0","0","0","0","0","0","0","0","0","0","0","0","0","0","0","0","0","0","0","0","0","0","0","0","0","0","0","0","0","0"
"0x7f2c6b5af860","      IMAD.U32 R11, RZ, RZ, UR17","0","0","0","148","4736","4736","32","32","0","0","0","-","-","-","0","0","0","0","0","0","0","0","-","0","0","0","0","0","0","0","0","0","0","0","0","0","0","0","0","0","0","0","0","0","0","0","0","0","0","0","0","0","0","0","0","0","0","0","0","0","0","0","0"
"0x7f2c6b5af870","      ULOP3.LUT UR40, UR40, 0x3fff, URZ, 0xc0, !UPT","0","0","0","148","4736","4736","32","32","0","0","0","-","-","-","0","0","0","0","0","0","0","0","-","0","0","0","0","0","0","0","0","0","0","0","0","0","0","0","0","0","0","0","0","0","0","0","0","0","0","0","0","0","0","0","0","0","0","0","0","0","0","0","0"
"0x7f2c6b5af880","      ULOP3.LUT UR38, UR38, 0x3fff, URZ, 0xc0, !UPT","0","0","0","148","4736","4736","32","32","0","0","0","-","-","-","0","0","0","0","0","0","0","0","-","0","0","0","0","0","0","0","0","0","0","0","0","0","0","0","0","0","0","0","0","0","0","0","0","0","0","0","0","0","0","0","0","0","0","0","0","0","0","0","0"
"0x7f2c6b5af890","      ULOP3.LUT UR8, UR8, 0x3fff, URZ, 0xc0, !UPT","0","0","0","148","4736","4736","32","32","0","0","0","-","-","-","0","0","0","0","0","0","0","0","-","0","0","0","0","0","0","0","0","0","0","0","0","0","0","0","0","0","0","0","0","0","0","0","0","0","0","0","0","0","0","0","0","0","0","0","0","0","0","0","0"
"0x7f2c6b5af8a0","      ULOP3.LUT UR7, UR7, 0x3fff, URZ, 0xc0, !UPT","0","0","0","148","4736","4736","32","32","0","0","0","-","-","-","0","0","0","0","0","0","0","0","-","0","0","0","0","0","0","0","0","0","0","0","0","0","0","0","0","0","0","0","0","0","0","0","0","0","0","0","0","0","0","0","0","0","0","0","0","0","0","0","0"
"0x7f2c6b5af8b0","      ULOP3.LUT UR6, UR6, 0x3fff, URZ, 0xc0, !UPT","0","0","0","148","4736","4736","32","32","0","0","0","-","-","-","0","0","0","0","0","0","0","0","-","0","0","0","0","0","0","0","0","0","0","0","0","0","0","0","0","0","0","0","0","0","0","0","0","0","0","0","0","0","0","0","0","0","0","0","0","0","0","0","0"
"0x7f2c6b5af8c0","      ULOP3.LUT UR5, UR5, 0x3fff, URZ, 0xc0, !UPT","0","0","0","148","4736","4736","32","32","0","0","0","-","-","-","0","0","0","0","0","0","0","0","-","0","0","0","0","0","0","0","0","0","0","0","0","0","0","0","0","0","0","0","0","0","0","0","0","0","0","0","0","0","0","0","0","0","0","0","0","0","0","0","0"
"0x7f2c6b5af8d0","      UMOV UR25, URZ","0","0","0","148","4736","4736","32","32","0","0","0","-","-","-","0","0","0","0","0","0","0","0","-","0","0","0","0","0","0","0","0","0","0","0","0","0","0","0","0","0","0","0","0","0","0","0","0","0","0","0","0","0","0","0","0","0","0","0","0","0","0","0","0"
"0x7f2c6b5af8e0","      UMOV UR26, 0x0","0","0","0","148","4736","4736","32","32","0","0","0","-","-","-","0","0","0","0","0","0","0","0","-","0","0","0","0","0","0","0","0","0","0","0","0","0","0","0","0","0","0","0","0","0","0","0","0","0","0","0","0","0","0","0","0","0","0","0","0","0","0","0","0"
"0x7f2c6b5af8f0","      UMOV UR27, 0x4200010","0","0","0","148","4736","4736","32","32","0","0","0","-","-","-","0","0","0","0","0","0","0","0","-","0","0","0","0","0","0","0","0","0","0","0","0","0","0","0","0","0","0","0","0","0","0","0","0","0","0","0","0","0","0","0","0","0","0","0","0","0","0","0","0"
"0x7f2c6b5af900","      UMOV UR28, 0x0","0","0","0","148","4736","4736","32","32","0","0","0","-","-","-","0","0","0","0","0","0","0","0","-","0","0","0","0","0","0","0","0","0","0","0","0","0","0","0","0","0","0","0","0","0","0","0","0","0","0","0","0","0","0","0","0","0","0","0","0","0","0","0","0"
"0x7f2c6b5af910","      UMOV UR29, 0x4410010","0","0","0","148","4736","4736","32","32","0","0","0","-","-","-","0","0","0","0","0","0","0","0","-","0","0","0","0","0","0","0","0","0","0","0","0","0","0","0","0","0","0","0","0","0","0","0","0","0","0","0","0","0","0","0","0","0","0","0","0","0","0","0","0"
"0x7f2c6b5af920","      ULOP3.LUT UR44, UR44, 0x10000, URZ, 0xfc, !UPT","0","0","0","148","4736","4736","32","32","0","0","0","-","-","-","0","0","0","0","0","0","0","0","-","0","0","0","0","0","0","0","0","0","0","0","0","0","0","0","0","0","0","0","0","0","0","0","0","0","0","0","0","0","0","0","0","0","0","0","0","0","0","0","0"
"0x7f2c6b5af930","      ULOP3.LUT UR42, UR42, 0x10000, URZ, 0xfc, !UPT","0","0","0","148","4736","4736","32","32","0","0","0","-","-","-","0","0","0","0","0","0","0","0","-","0","0","0","0","0","0","0","0","0","0","0","0","0","0","0","0","0","0","0","0","0","0","0","0","0","0","0","0","0","0","0","0","0","0","0","0","0","0","0","0"
"0x7f2c6b5af940","      ULOP3.LUT UR40, UR40, 0x10000, URZ, 0xfc, !UPT","0","0","0","148","4736","4736","32","32","0","0","0","-","-","-","0","0","0","0","0","0","0","0","-","0","0","0","0","0","0","0","0","0","0","0","0","0","0","0","0","0","0","0","0","0","0","0","0","0","0","0","0","0","0","0","0","0","0","0","0","0","0","0","0"
"0x7f2c6b5af950","      ULOP3.LUT UR38, UR38, 0x10000, URZ, 0xfc, !UPT","0","0","0","148","4736","4736","32","32","0","0","0","-","-","-","0","0","0","0","0","0","0","0","-","0","0","0","0","0","0","0","0","0","0","0","0","0","0","0","0","0","0","0","0","0","0","0","0","0","0","0","0","0","0","0","0","0","0","0","0","0","0","0","0"
"0x7f2c6b5af960","      ULOP3.LUT UR36, UR8, 0x10000, URZ, 0xfc, !UPT","0","0","0","148","4736","4736","32","32","0","0","0","-","-","-","0","0","0","0","0","0","0","0","-","0","0","0","0","0","0","0","0","0","0","0","0","0","0","0","0","0","0","0","0","0","0","0","0","0","0","0","0","0","0","0","0","0","0","0","0","0","0","0","0"
"0x7f2c6b5af970","      ULOP3.LUT UR34, UR7, 0x10000, URZ, 0xfc, !UPT","0","0","0","148","4736","4736","32","32","0","0","0","-","-","-","0","0","0","0","0","0","0","0","-","0","0","0","0","0","0","0","0","0","0","0","0","0","0","0","0","0","0","0","0","0","0","0","0","0","0","0","0","0","0","0","0","0","0","0","0","0","0","0","0"
"0x7f2c6b5af980","      ULOP3.LUT UR32, UR6, 0x10000, URZ, 0xfc, !UPT","0","0","0","148","4736","4736","32","32","0","0","0","-","-","-","0","0","0","0","0","0","0","0","-","0","0","0","0","0","0","0","0","0","0","0","0","0","0","0","0","0","0","0","0","0","0","0","0","0","0","0","0","0","0","0","0","0","0","0","0","0","0","0","0"
"0x7f2c6b5af990","      ULOP3.LUT UR30, UR5, 0x10000, URZ, 0xfc, !UPT","0","0","0","148","4736","4736","32","32","0","0","0","-","-","-","0","0","0","0","0","0","0","0","-","0","0","0","0","0","0","0","0","0","0","0","0","0","0","0","0","0","0","0","0","0","0","0","0","0","0","0","0","0","0","0","0","0","0","0","0","0","0","0","0"
"0x7f2c6b5af9a0","      UIADD3 UR76, UPT, UPT, UR48, 0x406, URZ","0","0","0","148","4736","4736","32","32","0","0","0","-","-","-","0","0","0","0","0","0","0","0","-","0","0","0","0","0","0","0","0","0","0","0","0","0","0","0","0","0","0","0","0","0","0","0","0","0","0","0","0","0","0","0","0","0","0","0","0","0","0","0","0"
"0x7f2c6b5af9b0","      UIADD3 UR74, UPT, UPT, UR48, 0x600, URZ","0","0","0","148","4736","4736","32","32","0","0","0","-","-","-","0","0","0","0","0","0","0","0","-","0","0","0","0","0","0","0","0","0","0","0","0","0","0","0","0","0","0","0","0","0","0","0","0","0","0","0","0","0","0","0","0","0","0","0","0","0","0","0","0"
"0x7f2c6b5af9c0","      UIADD3 UR72, UPT, UPT, UR48, 0x602, URZ","0","0","0","148","4736","4736","32","32","0","0","0","-","-","-","0","0","0","0","0","0","0","0","-","0","0","0","0","0","0","0","0","0","0","0","0","0","0","0","0","0","0","0","0","0","0","0","0","0","0","0","0","0","0","0","0","0","0","0","0","0","0","0","0"
"0x7f2c6b5af9d0","      UIADD3 UR70, UPT, UPT, UR48, 0x604, URZ","0","0","0","148","4736","4736","32","32","0","0","0","-","-","-","0","0","0","0","0","0","0","0","-","0","0","0","0","0","0","0","0","0","0","0","0","0","0","0","0","0","0","0","0","0","0","0","0","0","0","0","0","0","0","0","0","0","0","0","0","0","0","0","0"
"0x7f2c6b5af9e0","      UIADD3 UR68, UPT, UPT, UR48, 0x606, URZ","0","0","0","148","4736","4736","32","32","0","0","0","-","-","-","0","0","0","0","0","0","0","0","-","0","0","0","0","0","0","0","0","0","0","0","0","0","0","0","0","0","0","0","0","0","0","0","0","0","0","0","0","0","0","0","0","0","0","0","0","0","0","0","0"
"0x7f2c6b5af9f0","      UIADD3 UR66, UPT, UPT, UR48, 0x2, URZ","0","0","0","148","4736","4736","32","32","0","0","0","-","-","-","0","0","0","0","0","0","0","0","-","0","0","0","0","0","0","0","0","0","0","0","0","0","0","0","0","0","0","0","0","0","0","0","0","0","0","0","0","0","0","0","0","0","0","0","0","0","0","0","0"
"0x7f2c6b5afa00","      UIADD3 UR64, UPT, UPT, UR48, 0x6, URZ","0","0","0","148","4736","4736","32","32","0","0","0","-","-","-","0","0","0","0","0","0","0","0","-","0","0","0","0","0","0","0","0","0","0","0","0","0","0","0","0","0","0","0","0","0","0","0","0","0","0","0","0","0","0","0","0","0","0","0","0","0","0","0","0"
"0x7f2c6b5afa10","      UIADD3 UR62, UPT, UPT, UR48, 0x200, URZ","0","0","0","148","4736","4736","32","32","0","0","0","-","-","-","0","0","0","0","0","0","0","0","-","0","0","0","0","0","0","0","0","0","0","0","0","0","0","0","0","0","0","0","0","0","0","0","0","0","0","0","0","0","0","0","0","0","0","0","0","0","0","0","0"
"0x7f2c6b5afa20","      UIADD3 UR60, UPT, UPT, UR48, 0x202, URZ","0","0","0","148","4736","4736","32","32","0","0","0","-","-","-","0","0","0","0","0","0","0","0","-","0","0","0","0","0","0","0","0","0","0","0","0","0","0","0","0","0","0","0","0","0","0","0","0","0","0","0","0","0","0","0","0","0","0","0","0","0","0","0","0"
"0x7f2c6b5afa30","      UIADD3 UR58, UPT, UPT, UR48, 0x204, URZ","0","0","0","148","4736","4736","32","32","0","0","0","-","-","-","0","0","0","0","0","0","0","0","-","0","0","0","0","0","0","0","0","0","0","0","0","0","0","0","0","0","0","0","0","0","0","0","0","0","0","0","0","0","0","0","0","0","0","0","0","0","0","0","0"
"0x7f2c6b5afa40","      UIADD3 UR56, UPT, UPT, UR48, 0x206, URZ","0","0","0","148","4736","4736","32","32","0","0","0","-","-","-","0","0","0","0","0","0","0","0","-","0","0","0","0","0","0","0","0","0","0","0","0","0","0","0","0","0","0","0","0","0","0","0","0","0","0","0","0","0","0","0","0","0","0","0","0","0","0","0","0"
"0x7f2c6b5afa50","      UIADD3 UR54, UPT, UPT, UR48, 0x400, URZ","0","0","0","148","4736","4736","32","32","0","0","0","-","-","-","0","0","0","0","0","0","0","0","-","0","0","0","0","0","0","0","0","0","0","0","0","0","0","0","0","0","0","0","0","0","0","0","0","0","0","0","0","0","0","0","0","0","0","0","0","0","0","0","0"
"0x7f2c6b5afa60","      UMOV UR49, 0x40004040","0","0","0","148","4736","4736","32","32","0","0","0","-","-","-","0","0","0","0","0","0","0","0","-","0","0","0","0","0","0","0","0","0","0","0","0","0","0","0","0","0","0","0","0","0","0","0","0","0","0","0","0","0","0","0","0","0","0","0","0","0","0","0","0"
"0x7f2c6b5afa70","      UIADD3 UR52, UPT, UPT, UR50, 0x2, URZ","0","0","0","148","4736","4736","32","32","0","0","0","-","-","-","0","0","0","0","0","0","0","0","-","0","0","0","0","0","0","0","0","0","0","0","0","0","0","0","0","0","0","0","0","0","0","0","0","0","0","0","0","0","0","0","0","0","0","0","0","0","0","0","0"
"0x7f2c6b5afa80","      UMOV UR51, 0x80004020","0","0","0","148","4736","4736","32","32","0","0","0","-","-","-","0","0","0","0","0","0","0","0","-","0","0","0","0","0","0","0","0","0","0","0","0","0","0","0","0","0","0","0","0","0","0","0","0","0","0","0","0","0","0","0","0","0","0","0","0","0","0","0","0"
"0x7f2c6b5afa90","      UMOV UR45, 0x80004020","0","0","0","148","4736","4736","32","32","0","0","0","-","-","-","0","0","0","0","0","0","0","0","-","0","0","0","0","0","0","0","0","0","0","0","0","0","0","0","0","0","0","0","0","0","0","0","0","0","0","0","0","0","0","0","0","0","0","0","0","0","0","0","0"
"0x7f2c6b5afaa0","      UMOV UR43, 0x80004020","0","0","0","148","4736","4736","32","32","0","0","0","-","-","-","0","0","0","0","0","0","0","0","-","0","0","0","0","0","0","0","0","0","0","0","0","0","0","0","0","0","0","0","0","0","0","0","0","0","0","0","0","0","0","0","0","0","0","0","0","0","0","0","0"
"0x7f2c6b5afab0","      UMOV UR41, 0x80004020","0","0","0","148","4736","4736","32","32","0","0","0","-","-","-","0","0","0","0","0","0","0","0","-","0","0","0","0","0","0","0","0","0","0","0","0","0","0","0","0","0","0","0","0","0","0","0","0","0","0","0","0","0","0","0","0","0","0","0","0","0","0","0","0"
"0x7f2c6b5afac0","      UMOV UR39, 0x80004020","0","0","0","148","4736","4736","32","32","0","0","0","-","-","-","0","0","0","0","0","0","0","0","-","0","0","0","0","0","0","0","0","0","0","0","0","0","0","0","0","0","0","0","0","0","0","0","0","0","0","0","0","0","0","0","0","0","0","0","0","0","0","0","0"
"0x7f2c6b5afad0","      UMOV UR37, 0x80004020","0","0","0","148","4736","4736","32","32","0","0","0","-","-","-","0","0","0","0","0","0","0","0","-","0","0","0","0","0","0","0","0","0","0","0","0","0","0","0","0","0","0","0","0","0","0","0","0","0","0","0","0","0","0","0","0","0","0","0","0","0","0","0","0"
"0x7f2c6b5afae0","      UMOV UR35, 0x80004020","0","0","0","148","4736","4736","32","32","0","0","0","-","-","-","0","0","0","0","0","0","0","0","-","0","0","0","0","0","0","0","0","0","0","0","0","0","0","0","0","0","0","0","0","0","0","0","0","0","0","0","0","0","0","0","0","0","0","0","0","0","0","0","0"
"0x7f2c6b5afaf0","      UMOV UR33, 0x80004020","0","0","0","148","4736","4736","32","32","0","0","0","-","-","-","0","0","0","0","0","0","0","0","-","0","0","0","0","0","0","0","0","0","0","0","0","0","0","0","0","0","0","0","0","0","0","0","0","0","0","0","0","0","0","0","0","0","0","0","0","0","0","0","0"
"0x7f2c6b5afb00","      UMOV UR31, 0x80004020","0","0","0","148","4736","4736","32","32","0","0","0","-","-","-","0","0","0","0","0","0","0","0","-","0","0","0","0","0","0","0","0","0","0","0","0","0","0","0","0","0","0","0","0","0","0","0","0","0","0","0","0","0","0","0","0","0","0","0","0","0","0","0","0"
"0x7f2c6b5afb10","      UMOV UR77, 0x40004040","0","0","0","148","4736","4736","32","32","0","0","0","-","-","-","0","0","0","0","0","0","0","0","-","0","0","0","0","0","0","0","0","0","0","0","0","0","0","0","0","0","0","0","0","0","0","0","0","0","0","0","0","0","0","0","0","0","0","0","0","0","0","0","0"
"0x7f2c6b5afb20","      UMOV UR75, 0x40004040","0","0","0","148","4736","4736","32","32","0","0","0","-","-","-","0","0","0","0","0","0","0","0","-","0","0","0","0","0","0","0","0","0","0","0","0","0","0","0","0","0","0","0","0","0","0","0","0","0","0","0","0","0","0","0","0","0","0","0","0","0","0","0","0"
"0x7f2c6b5afb30","      UMOV UR73, 0x40004040","0","0","0","148","4736","4736","32","32","0","0","0","-","-","-","0","0","0","0","0","0","0","0","-","0","0","0","0","0","0","0","0","0","0","0","0","0","0","0","0","0","0","0","0","0","0","0","0","0","0","0","0","0","0","0","0","0","0","0","0","0","0","0","0"
"0x7f2c6b5afb40","      UMOV UR71, 0x40004040","0","0","0","148","4736","4736","32","32","0","0","0","-","-","-","0","0","0","0","0","0","0","0","-","0","0","0","0","0","0","0","0","0","0","0","0","0","0","0","0","0","0","0","0","0","0","0","0","0","0","0","0","0","0","0","0","0","0","0","0","0","0","0","0"
"0x7f2c6b5afb50","      UMOV UR69, 0x40004040","0","0","0","148","4736","4736","32","32","0","0","0","-","-","-","0","0","0","0","0","0","0","0","-","0","0","0","0","0","0","0","0","0","0","0","0","0","0","0","0","0","0","0","0","0","0","0","0","0","0","0","0","0","0","0","0","0","0","0","0","0","0","0","0"
"0x7f2c6b5afb60","      UMOV UR67, 0x40004040","0","0","0","148","4736","4736","32","32","0","0","0","-","-","-","0","0","0","0","0","0","0","0","-","0","0","0","0","0","0","0","0","0","0","0","0","0","0","0","0","0","0","0","0","0","0","0","0","0","0","0","0","0","0","0","0","0","0","0","0","0","0","0","0"
"0x7f2c6b5afb70","      UMOV UR65, 0x40004040","0","0","0","148","4736","4736","32","32","0","0","0","-","-","-","0","0","0","0","0","0","0","0","-","0","0","0","0","0","0","0","0","0","0","0","0","0","0","0","0","0","0","0","0","0","0","0","0","0","0","0","0","0","0","0","0","0","0","0","0","0","0","0","0"
"0x7f2c6b5afb80","      UMOV UR63, 0x40004040","0","0","0","148","4736","4736","32","32","0","0","0","-","-","-","0","0","0","0","0","0","0","0","-","0","0","0","0","0","0","0","0","0","0","0","0","0","0","0","0","0","0","0","0","0","0","0","0","0","0","0","0","0","0","0","0","0","0","0","0","0","0","0","0"
"0x7f2c6b5afb90","      UMOV UR61, 0x40004040","0","0","0","148","4736","4736","32","32","0","0","0","-","-","-","0","0","0","0","0","0","0","0","-","0","0","0","0","0","0","0","0","0","0","0","0","0","0","0","0","0","0","0","0","0","0","0","0","0","0","0","0","0","0","0","0","0","0","0","0","0","0","0","0"
"0x7f2c6b5afba0","      UMOV UR59, 0x40004040","0","0","0","148","4736","4736","32","32","0","0","0","-","-","-","0","0","0","0","0","0","0","0","-","0","0","0","0","0","0","0","0","0","0","0","0","0","0","0","0","0","0","0","0","0","0","0","0","0","0","0","0","0","0","0","0","0","0","0","0","0","0","0","0"
"0x7f2c6b5afbb0","      UMOV UR57, 0x40004040","0","0","0","148","4736","4736","32","32","0","0","0","-","-","-","0","0","0","0","0","0","0","0","-","0","0","0","0","0","0","0","0","0","0","0","0","0","0","0","0","0","0","0","0","0","0","0","0","0","0","0","0","0","0","0","0","0","0","0","0","0","0","0","0"
"0x7f2c6b5afbc0","      UMOV UR55, 0x40004040","0","0","0","148","4736","4736","32","32","0","0","0","-","-","-","0","0","0","0","0","0","0","0","-","0","0","0","0","0","0","0","0","0","0","0","0","0","0","0","0","0","0","0","0","0","0","0","0","0","0","0","0","0","0","0","0","0","0","0","0","0","0","0","0"
"0x7f2c6b5afbd0","      UMOV UR53, 0x80004020","0","0","0","148","4736","4736","32","32","0","0","0","-","-","-","0","0","0","0","0","0","0","0","-","0","0","0","0","0","0","0","0","0","0","0","0","0","0","0","0","0","0","0","0","0","0","0","0","0","0","0","0","0","0","0","0","0","0","0","0","0","0","0","0"
"0x7f2c6b5afbe0","      SHF.L.U32 R5, R2, 0x1f, RZ","6","6","6","8192","262144","262144","32","32","0","0","0","-","-","-","0","0","0","0","0","0","0","0","-","0","0","0","0","0","0","0","2","0","0","0","0","0","0","0","0","4","0","0","0","0","0","0","0","2","0","0","0","0","0","0","0","0","4","0","0","0","0","0","0"
"0x7f2c6b5afbf0","      LDS R4, [UR4+0x31940]","0","0","0","8192","262144","262144","32","32","0","0","0","Shared","Load","32","0","1","0","8192","8192","0","0","0","-","0","0","0","0","0","0","0","0","0","0","0","0","0","0","0","0","0","0","0","0","0","0","0","0","0","0","0","0","0","0","0","0","0","0","0","0","0","0","0","0"
"0x7f2c6b5afc00","      SYNCS.PHASECHK.TRANS64.TRYWAIT P0, [UR4+0x31938], R5","2","1","2","8192","262144","262144","32","32","0","0","0","-","-","-","0","0","0","0","0","0","0","0","-","0","0","0","0","0","0","0","0","0","0","0","0","0","0","0","0","0","0","1","0","0","0","1","0","0","0","0","0","0","0","0","0","0","0","0","0","0","0","0","1"
"0x7f2c6b5afc10","@!P0  BRA 0x7f2c6b5b3e30","89","49","89","8192","262144","192","32","0","32","32","0","-","-","-","0","0","0","0","0","0","0","0","-","0","0","0","0","0","0","0","0","0","0","0","88","0","0","0","0","0","1","0","0","0","0","0","0","0","0","0","0","49","0","0","0","0","0","0","0","0","0","0","0"
"0x7f2c6b5afc20","      LDCU.64 UR6, c[0x0][0x398]","0","0","0","8192","262144","262144","32","32","32","0","0","-","-","-","0","0","0","0","0","0","0","0","-","0","0","0","0","0","0","0","0","0","0","0","0","0","0","0","0","0","0","0","0","0","0","0","0","0","0","0","0","0","0","0","0","0","0","0","0","0","0","0","0"
"0x7f2c6b5afc30","      R2UR UR5, R3","0","0","0","8192","262144","262144","32","32","0","0","0","-","-","-","0","0","0","0","0","0","0","0","-","0","0","0","0","0","0","0","0","0","0","0","0","0","0","0","0","0","0","0","0","0","0","0","0","0","0","0","0","0","0","0","0","0","0","0","0","0","0","0","0"
"0x7f2c6b5afc40","      LDCU.64 UR8, c[0x0][0x358]","0","0","0","8192","262144","262144","32","32","0","0","0","-","-","-","0","0","0","0","0","0","0","0","-","0","0","0","0","0","0","0","0","0","0","0","0","0","0","0","0","0","0","0","0","0","0","0","0","0","0","0","0","0","0","0","0","0","0","0","0","0","0","0","0"
"0x7f2c6b5afc50","      UIMAD.WIDE UR10, UR5, 0x4, UR6","3","0","3","8192","262144","262144","32","32","0","0","0","-","-","-","0","0","0","0","0","0","0","0","-","0","0","0","0","0","0","0","0","0","0","0","0","0","0","0","0","0","0","1","0","0","0","2","0","0","0","0","0","0","0","0","0","0","0","0","0","0","0","0","0"
"0x7f2c6b5afc60","      IMAD.U32 R6, RZ, RZ, UR10","1","0","1","8192","262144","262144","32","32","0","0","0","-","-","-","0","0","0","0","0","0","0","0","-","0","0","0","0","0","0","0","0","1","0","0","0","0","0","0","0","0","0","0","0","0","0","0","0","0","0","0","0","0","0","0","0","0","0","0","0","0","0","0","0"
"0x7f2c6b5afc70","      IMAD.U32 R7, RZ, RZ, UR11","0","0","0","8192","262144","262144","32","32","0","0","0","-","-","-","0","0","0","0","0","0","0","0","-","0","0","0","0","0","0","0","0","0","0","0","0","0","0","0","0","0","0","0","0","0","0","0","0","0","0","0","0","0","0","0","0","0","0","0","0","0","0","0","0"
"0x7f2c6b5afc80","      R2UR UR20, R4","0","0","0","8192","262144","262144","32","32","0","0","0","-","-","-","0","0","0","0","0","0","0","0","-","0","0","0","0","0","0","0","0","0","0","0","0","0","0","0","0","0","0","0","0","0","0","0","0","0","0","0","0","0","0","0","0","0","0","0","0","0","0","0","0"
"0x7f2c6b5afc90","      IMAD.U32 R8, RZ, RZ, UR10","0","0","0","8192","262144","262144","32","32","0","0","0","-","-","-","0","0","0","0","0","0","0","0","-","0","0","0","0","0","0","0","0","0","0","0","0","0","0","0","0","0","0","0","0","0","0","0","0","0","0","0","0","0","0","0","0","0","0","0","0","0","0","0","0"
"0x7f2c6b5afca0","      IMAD.U32 R9, RZ, RZ, UR11","0","0","0","8192","262144","262144","32","32","0","0","0","-","-","-","0","0","0","0","0","0","0","0","-","0","0","0","0","0","0","0","0","0","0","0","0","0","0","0","0","0","0","0","0","0","0","0","0","0","0","0","0","0","0","0","0","0","0","0","0","0","0","0","0"
"0x7f2c6b5afcb0","      LDG.E R6, desc[UR8][R6.64]","1","0","1","8192","262144","262144","32","32","0","0","0","Global","Load","32","8192","0","0","0","0","0","8192","8192","","0","0","0","0","0","0","0","0","0","0","0","0","0","0","0","0","0","0","1","0","0","0","0","0","0","0","0","0","0","0","0","0","0","0","0","0","0","0","0","0"
"0x7f2c6b5afcc0","      SHF.R.S32.HI R5, RZ, 0x1f, R6","68","54","68","8192","262144","262144","32","32","0","0","0","-","-","-","0","0","0","0","0","0","0","0","-","0","0","0","0","0","0","0","0","0","0","0","68","0","0","0","0","0","0","0","0","0","0","0","0","0","0","0","0","54","0","0","0","0","0","0","0","0","0","0","0"
"0x7f2c6b5afcd0","      R2UR UR5, R6","0","0","0","8192","262144","262144","32","32","0","0","0","-","-","-","0","0","0","0","0","0","0","0","-","0","0","0","0","0","0","0","0","0","0","0","0","0","0","0","0","0","0","0","0","0","0","0","0","0","0","0","0","0","0","0","0","0","0","0","0","0","0","0","0"
"0x7f2c6b5afce0","      LEA.HI R0, R5, R6, RZ, 0x7","0","0","0","8192","262144","262144","32","32","0","0","0","-","-","-","0","0","0","0","0","0","0","0","-","0","0","0","0","0","0","0","0","0","0","0","0","0","0","0","0","0","0","0","0","0","0","0","0","0","0","0","0","0","0","0","0","0","0","0","0","0","0","0","0"
"0x7f2c6b5afcf0","      LOP3.LUT R5, R0, 0xffffff80, RZ, 0xc0, !PT","3","2","3","8192","262144","262144","32","32","0","0","0","-","-","-","0","0","0","0","0","0","0","0","-","0","0","0","0","0","0","0","0","0","0","0","0","1","0","0","0","0","0","0","0","0","0","2","0","0","0","0","0","0","0","0","0","0","0","0","0","0","0","0","2"
"0x7f2c6b5afd00","      ISETP.NE.U32.AND P0, PT, R6, R5, PT","2","0","2","8192","262144","262144","32","32","0","0","0","-","-","-","0","0","0","0","0","0","0","0","-","0","0","0","0","0","0","0","0","0","0","0","0","0","0","0","0","0","2","0","0","0","0","0","0","0","0","0","0","0","0","0","0","0","0","0","0","0","0","0","0"
"0x7f2c6b5afd10","      SHF.R.S32.HI R5, RZ, 0x7, R0","2","0","2","8192","262144","262144","32","32","0","0","0","-","-","-","0","0","0","0","0","0","0","0","-","0","0","0","0","0","0","0","0","0","0","0","0","0","0","0","0","0","0","2","0","0","0","0","0","0","0","0","0","0","0","0","0","0","0","0","0","0","0","0","0"
"0x7f2c6b5afd20","      ISETP.GT.AND P0, PT, R6, -0x1, P0","0","0","0","8192","262144","262144","32","32","0","0","0","-","-","-","0","0","0","0","0","0","0","0","-","0","0","0","0","0","0","0","0","0","0","0","0","0","0","0","0","0","0","0","0","0","0","0","0","0","0","0","0","0","0","0","0","0","0","0","0","0","0","0","0"
"0x7f2c6b5afd30","      LEA.HI.SX32 R0, R0, 0x1, 0x19","1","0","1","8192","262144","262144","32","32","0","0","0","-","-","-","0","0","0","0","0","0","0","0","-","0","0","0","0","0","0","0","0","0","0","0","0","0","0","0","0","0","1","0","0","0","0","0","0","0","0","0","0","0","0","0","0","0","0","0","0","0","0","0","0"
"0x7f2c6b5afd40","@!P0  IMAD.MOV R0, RZ, RZ, R5","3","2","3","8192","262144","262144","32","32","0","0","0","-","-","-","0","0","0","0","0","0","0","0","-","0","0","0","0","0","0","0","0","0","0","0","0","1","0","0","0","0","0","0","0","0","0","2","0","0","0","0","0","0","0","0","0","0","0","0","0","0","0","0","2"
"0x7f2c6b5afd50","      ISETP.GE.AND P0, PT, R0, 0x1, PT","0","0","0","8192","262144","262144","32","32","0","0","0","-","-","-","0","0","0","0","0","0","0","0","-","0","0","0","0","0","0","0","0","0","0","0","0","0","0","0","0","0","0","0","0","0","0","0","0","0","0","0","0","0","0","0","0","0","0","0","0","0","0","0","0"
"0x7f2c6b5afd60","@!P0  BRA 0x7f2c6b5b06c0","1","1","1","8192","262144","0","32","0","32","32","0","-","-","-","0","0","0","0","0","0","0","0","-","0","0","0","0","0","0","0","0","0","0","0","0","0","0","0","0","0","0","0","0","0","0","1","0","0","0","0","0","0","0","0","0","0","0","0","0","0","0","0","1"
"0x7f2c6b5afd70","      ULEA.HI UR23, UR25, UR25, URZ, 0x1","0","0","0","8192","262144","262144","32","32","32","0","0","-","-","-","0","0","0","0","0","0","0","0","-","0","0","0","0","0","0","0","0","0","0","0","0","0","0","0","0","0","0","0","0","0","0","0","0","0","0","0","0","0","0","0","0","0","0","0","0","0","0","0","0"
"0x7f2c6b5afd80","      UIADD3 UR18, UPT, UPT, UR20, 0x100, URZ","0","0","0","8192","262144","262144","32","32","0","0","0","-","-","-","0","0","0","0","0","0","0","0","-","0","0","0","0","0","0","0","0","0","0","0","0","0","0","0","0","0","0","0","0","0","0","0","0","0","0","0","0","0","0","0","0","0","0","0","0","0","0","0","0"
"0x7f2c6b5afd90","      ULOP3.LUT UR46, UR23, 0xfffffffe, URZ, 0xc0, !UPT","0","0","0","8192","262144","262144","32","32","0","0","0","-","-","-","0","0","0","0","0","0","0","0","-","0","0","0","0","0","0","0","0","0","0","0","0","0","0","0","0","0","0","0","0","0","0","0","0","0","0","0","0","0","0","0","0","0","0","0","0","0","0","0","0"
"0x7f2c6b5afda0","      UIADD3 UR21, UPT, UPT, UR20, 0x80, URZ","0","0","0","8192","262144","262144","32","32","0","0","0","-","-","-","0","0","0","0","0","0","0","0","-","0","0","0","0","0","0","0","0","0","0","0","0","0","0","0","0","0","0","0","0","0","0","0","0","0","0","0","0","0","0","0","0","0","0","0","0","0","0","0","0"
"0x7f2c6b5afdb0","      USHF.R.S32.HI UR23, URZ, 0x1, UR23","0","0","0","8192","262144","262144","32","32","0","0","0","-","-","-","0","0","0","0","0","0","0","0","-","0","0","0","0","0","0","0","0","0","0","0","0","0","0","0","0","0","0","0","0","0","0","0","0","0","0","0","0","0","0","0","0","0","0","0","0","0","0","0","0"
"0x7f2c6b5afdc0","      UIADD3 UR46, UPT, UPT, -UR46, UR25, URZ","0","0","0","8192","262144","262144","32","32","0","0","0","-","-","-","0","0","0","0","0","0","0","0","-","0","0","0","0","0","0","0","0","0","0","0","0","0","0","0","0","0","0","0","0","0","0","0","0","0","0","0","0","0","0","0","0","0","0","0","0","0","0","0","0"
"0x7f2c6b5afdd0","      UMOV UR22, URZ","0","0","0","8192","262144","262144","32","32","0","0","0","-","-","-","0","0","0","0","0","0","0","0","-","0","0","0","0","0","0","0","0","0","0","0","0","0","0","0","0","0","0","0","0","0","0","0","0","0","0","0","0","0","0","0","0","0","0","0","0","0","0","0","0"
"0x7f2c6b5afde0","      UIADD3 UR6, UPT, UPT, UR22, UR25, URZ","39","39","39","131072","4194304","4194304","32","32","0","0","0","-","-","-","0","0","0","0","0","0","0","0","-","0","0","0","0","0","0","0","7","0","0","0","0","0","0","0","0","32","0","0","0","0","0","0","0","7","0","0","0","0","0","0","0","0","32","0","0","0","0","0","0"
"0x7f2c6b5afdf0","      USHF.L.U32 UR5, UR23, 0x1, URZ","3","1","3","131072","4194304","4194304","32","32","0","0","0","-","-","-","0","0","0","0","0","0","0","0","-","0","0","0","0","0","0","0","0","0","0","0","0","0","0","0","0","0","1","1","0","0","0","1","0","0","0","0","0","0","0","0","0","0","0","0","0","0","0","0","1"
"0x7f2c6b5afe00","      UISETP.NE.U32.AND UP0, UPT, UR6, UR5, UPT","11","10","11","131072","4194304","4194304","32","32","0","0","0","-","-","-","0","0","0","0","0","0","0","0","-","0","0","0","0","0","0","0","0","0","0","0","0","0","0","0","0","0","0","1","0","0","0","10","0","0","0","0","0","0","0","0","0","0","0","0","0","0","0","0","10"
"0x7f2c6b5afe10","      UIADD3 UR5, UPT, UPT, UR23, -0x1, URZ","3","2","3","131072","4194304","4194304","32","32","0","0","0","-","-","-","0","0","0","0","0","0","0","0","-","0","0","0","0","0","0","0","0","0","0","0","0","0","0","0","0","0","1","0","0","0","0","2","0","0","0","0","0","0","0","0","0","0","0","0","0","0","0","0","2"
"0x7f2c6b5afe20","      UISETP.LT.AND UP0, UPT, UR6, URZ, UP0","4","1","4","131072","4194304","4194304","32","32","0","0","0","-","-","-","0","0","0","0","0","0","0","0","-","0","0","0","0","0","0","0","0","0","0","0","0","0","0","0","0","0","0","3","0","0","0","1","0","0","0","0","0","0","0","0","0","0","0","0","0","0","0","0","1"
"0x7f2c6b5afe30","@!UP0 UIADD3 UR5, UPT, UPT, UR23, URZ, URZ","19","14","19","131072","4194304","4194304","32","32","0","0","0","-","-","-","0","0","0","0","0","0","0","0","-","0","0","0","0","0","0","0","0","0","0","0","0","0","0","0","0","0","0","3","0","0","0","16","0","0","0","0","0","0","0","0","0","0","0","0","0","0","0","0","14"
"0x7f2c6b5afe40","      ULEA.HI UR7, UR5, UR5, URZ, 0x1","7","4","7","131072","4194304","4194304","32","32","0","0","0","-","-","-","0","0","0","0","0","0","0","0","-","0","0","0","0","0","0","0","0","0","0","0","0","0","0","0","0","0","0","3","0","0","0","4","0","0","0","0","0","0","0","0","0","0","0","0","0","0","0","0","4"
"0x7f2c6b5afe50","      ULOP3.LUT UR7, UR7, 0xfffffffe, URZ, 0xc0, !UPT","7","7","7","131072","4194304","4194304","32","32","0","0","0","-","-","-","0","0","0","0","0","0","0","0","-","0","0","0","0","0","0","0","0","0","0","0","0","0","0","0","0","0","0","0","0","0","0","7","0","0","0","0","0","0","0","0","0","0","0","0","0","0","0","0","7"
"0x7f2c6b5afe60","      UIADD3 UR7, UPT, UPT, -UR7, UR5, URZ","4","4","4","131072","4194304","4194304","32","32","0","0","0","-","-","-","0","0","0","0","0","0","0","0","-","0","0","0","0","0","0","0","0","0","0","0","0","0","0","0","0","0","0","0","0","0","0","4","0","0","0","0","0","0","0","0","0","0","0","0","0","0","0","0","4"
"0x7f2c6b5afe70","      ULEA.HI UR5, UR6, UR6, URZ, 0x1","3","3","3","131072","4194304","4194304","32","32","0","0","0","-","-","-","0","0","0","0","0","0","0","0","-","0","0","0","0","0","0","0","0","0","0","0","0","0","0","0","0","0","0","0","0","0","0","3","0","0","0","0","0","0","0","0","0","0","0","0","0","0","0","0","3"
"0x7f2c6b5afe80","      ULOP3.LUT UR5, UR5, 0xfffffffe, URZ, 0xc0, !UPT","5","4","5","131072","4194304","4194304","32","32","0","0","0","-","-","-","0","0","0","0","0","0","0","0","-","0","0","0","0","0","0","0","0","0","0","0","0","0","0","0","0","0","0","1","0","0","0","4","0","0","0","0","0","0","0","0","0","0","0","0","0","0","0","0","4"
"0x7f2c6b5afe90","      MOV R4, UR7","3","0","3","131072","4194304","4194304","32","32","0","0","0","-","-","-","0","0","0","0","0","0","0","0","-","0","0","0","0","0","0","0","0","0","0","0","0","0","0","0","0","0","0","3","0","0","0","0","0","0","0","0","0","0","0","0","0","0","0","0","0","0","0","0","0"
"0x7f2c6b5afea0","      UIADD3 UR19, UPT, UPT, UR6, -UR5, URZ","7","3","7","131072","4194304","4194304","32","32","0","0","0","-","-","-","0","0","0","0","0","0","0","0","-","0","0","0","0","0","0","0","0","0","0","0","0","0","0","0","0","0","0","4","0","0","0","3","0","0","0","0","0","0","0","0","0","0","0","0","0","0","0","0","3"
"0x7f2c6b5afeb0","      SHF.L.U32 R5, R4, 0x1f, RZ","0","0","0","131072","4194304","4194304","32","32","0","0","0","-","-","-","0","0","0","0","0","0","0","0","-","0","0","0","0","0","0","0","0","0","0","0","0","0","0","0","0","0","0","0","0","0","0","0","0","0","0","0","0","0","0","0","0","0","0","0","0","0","0","0","0"
"0x7f2c6b5afec0","      ULEA UR5, UR19, UR4, 0x3","4","3","4","131072","4194304","4194304","32","32","0","0","0","-","-","-","0","0","0","0","0","0","0","0","-","0","0","0","0","0","0","0","0","0","0","0","0","0","0","0","0","0","0","1","0","0","0","3","0","0","0","0","0","0","0","0","0","0","0","0","0","0","0","0","3"
"0x7f2c6b5afed0","      SYNCS.PHASECHK.TRANS64.TRYWAIT P0, [UR5+0x31948], R5","22","21","22","131072","4194304","4194304","32","32","0","0","0","-","-","-","0","0","0","0","0","0","0","0","-","0","0","0","0","0","0","0","0","0","0","0","0","0","0","0","0","0","0","1","0","0","0","21","0","0","0","0","0","0","0","0","0","0","0","0","0","0","0","0","21"
"0x7f2c6b5afee0","@!P0  BRA 0x7f2c6b5b3e90","223","221","223","131072","4194304","1581152","32","12","20","20","0","-","-","-","0","0","0","0","0","0","0","0","-","0","0","0","0","0","0","0","0","0","0","0","73","0","0","0","0","0","0","0","148","0","0","2","0","0","0","0","0","71","0","0","0","0","0","0","0","148","0","0","2"
"0x7f2c6b5afef0","      ULEA UR5, UR19, UR4, 0x10","8","7","8","131072","4194304","4194304","32","32","20","0","0","-","-","-","0","0","0","0","0","0","0","0","-","0","0","0","0","0","0","0","0","0","0","0","0","0","0","0","0","0","0","1","0","0","0","7","0","0","0","0","0","0","0","0","0","0","0","0","0","0","0","0","7"
"0x7f2c6b5aff00","      NOP","0","0","0","131072","4194304","4194304","32","32","0","0","0","-","-","-","0","0","0","0","0","0","0","0","-","0","0","0","0","0","0","0","0","0","0","0","0","0","0","0","0","0","0","0","0","0","0","0","0","0","0","0","0","0","0","0","0","0","0","0","0","0","0","0","0"
"0x7f2c6b5aff10","      MEMBAR.ALL.CTA","4","3","4","131072","4194304","4194304","32","32","0","0","0","-","-","-","0","0","0","0","0","0","0","0","-","0","0","0","0","0","0","0","0","0","0","0","0","0","0","3","0","0","0","1","0","0","0","0","0","0","0","0","0","0","0","0","3","0","0","0","0","0","0","0","0"
"0x7f2c6b5aff20","      FENCE.VIEW.ASYNC.S","124","111","124","131072","4194304","4194304","32","32","0","0","0","-","-","-","0","0","0","0","0","0","0","0","-","0","0","0","0","0","0","0","0","0","0","0","111","0","0","0","0","0","2","4","0","0","0","7","0","0","0","0","0","104","0","0","0","0","0","0","0","0","0","0","7"
"0x7f2c6b5aff30","      UMOV UR17, 0x40004040","2","0","2","131072","4194304","4194304","32","32","0","0","0","-","-","-","0","0","0","0","0","0","0","0","-","0","0","0","0","0","0","0","0","0","0","0","0","0","0","0","0","0","0","2","0","0","0","0","0","0","0","0","0","0","0","0","0","0","0","0","0","0","0","0","0"
"0x7f2c6b5aff40","      UIADD3 UR24, UPT, UPT, UR5, 0x9000, URZ","2","0","2","131072","4194304","4194304","32","32","0","0","0","-","-","-","0","0","0","0","0","0","0","0","-","0","0","0","0","0","0","0","0","0","0","0","0","0","0","0","0","0","0","2","0","0","0","0","0","0","0","0","0","0","0","0","0","0","0","0","0","0","0","0","0"
"0x7f2c6b5aff50","      MOV.SPILL R5, UR21","3","0","3","131072","4194304","4194304","32","32","0","0","0","-","-","-","0","0","0","0","0","0","0","0","-","0","0","0","0","0","0","0","0","0","0","0","0","0","0","0","0","0","0","3","0","0","0","0","0","0","0","0","0","0","0","0","0","0","0","0","0","0","0","0","0"
"0x7f2c6b5aff60","      UMOV UR15, 0x40004040","2","0","2","131072","4194304","4194304","32","32","0","0","0","-","-","-","0","0","0","0","0","0","0","0","-","0","0","0","0","0","0","0","0","0","0","0","0","0","0","0","0","0","0","2","0","0","0","0","0","0","0","0","0","0","0","0","0","0","0","0","0","0","0","0","0"
"0x7f2c6b5aff70","      R2UR UR21, R11","3","0","3","131072","4194304","4194304","32","32","0","0","0","-","-","-","0","0","0","0","0","0","0","0","-","0","0","0","0","0","0","0","0","0","0","0","0","0","0","0","0","0","0","3","0","0","0","0","0","0","0","0","0","0","0","0","0","0","0","0","0","0","0","0","0"
"0x7f2c6b5aff80","      USHF.R.U32.HI UR5, URZ, 0x4, UR24","2","0","2","131072","4194304","4194304","32","32","0","0","0","-","-","-","0","0","0","0","0","0","0","0","-","0","0","0","0","0","0","0","0","0","0","0","0","0","0","0","0","0","0","2","0","0","0","0","0","0","0","0","0","0","0","0","0","0","0","0","0","0","0","0","0"
"0x7f2c6b5aff90","      MOV.SPILL R4, UR20","2","0","2","131072","4194304","4194304","32","32","0","0","0","-","-","-","0","0","0","0","0","0","0","0","-","0","0","0","0","0","0","0","0","0","0","0","0","0","0","0","0","0","0","2","0","0","0","0","0","0","0","0","0","0","0","0","0","0","0","0","0","0","0","0","0"
"0x7f2c6b5affa0","      UMOV UR7, 0x40004040","0","0","0","131072","4194304","4194304","32","32","0","0","0","-","-","-","0","0","0","0","0","0","0","0","-","0","0","0","0","0","0","0","0","0","0","0","0","0","0","0","0","0","0","0","0","0","0","0","0","0","0","0","0","0","0","0","0","0","0","0","0","0","0","0","0"
"0x7f2c6b5affb0","      R2UR UR20, R10","1","0","1","131072","4194304","4194304","32","32","0","0","0","-","-","-","0","0","0","0","0","0","0","0","-","0","0","0","0","0","0","0","0","0","0","0","0","0","0","0","0","0","0","1","0","0","0","0","0","0","0","0","0","0","0","0","0","0","0","0","0","0","0","0","0"
"0x7f2c6b5affc0","      UMOV UR9, 0x40004040","4","0","4","131072","4194304","4194304","32","32","0","0","0","-","-","-","0","0","0","0","0","0","0","0","-","0","0","0","0","0","0","0","0","0","0","0","0","0","0","0","0","0","0","4","0","0","0","0","0","0","0","0","0","0","0","0","0","0","0","0","0","0","0","0","0"
"0x7f2c6b5affd0","      UMOV UR13, 0x40004040","4","0","4","131072","4194304","4194304","32","32","0","0","0","-","-","-","0","0","0","0","0","0","0","0","-","0","0","0","0","0","0","0","0","0","0","0","0","0","0","0","0","0","0","4","0","0","0","0","0","0","0","0","0","0","0","0","0","0","0","0","0","0","0","0","0"
"0x7f2c6b5affe0","      UMOV UR11, 0x40004040","3","0","3","131072","4194304","4194304","32","32","0","0","0","-","-","-","0","0","0","0","0","0","0","0","-","0","0","0","0","0","0","0","0","0","0","0","0","0","0","0","0","0","0","3","0","0","0","0","0","0","0","0","0","0","0","0","0","0","0","0","0","0","0","0","0"
"0x7f2c6b5afff0","      UMOV UR6, 0x3fff","6","0","6","131072","4194304","4194304","32","32","0","0","0","-","-","-","0","0","0","0","0","0","0","0","-","0","0","0","0","0","0","0","0","3","0","0","0","0","0","0","0","0","0","3","0","0","0","0","0","0","0","0","0","0","0","0","0","0","0","0","0","0","0","0","0"
"0x7f2c6b5b0000","      MOV.SPILL R7, UR23","1","0","1","131072","4194304","4194304","32","32","0","0","0","-","-","-","0","0","0","0","0","0","0","0","-","0","0","0","0","0","0","0","0","0","0","0","0","0","0","0","0","0","0","1","0","0","0","0","0","0","0","0","0","0","0","0","0","0","0","0","0","0","0","0","0"
"0x7f2c6b5b0010","      ULOP3.LUT UR16, UR5, 0x10000, UR6, 0xec, !UPT","1","0","1","131072","4194304","4194304","32","32","0","0","0","-","-","-","0","0","0","0","0","0","0","0","-","0","0","0","0","0","0","0","0","0","0","0","0","0","0","0","0","0","0","1","0","0","0","0","0","0","0","0","0","0","0","0","0","0","0","0","0","0","0","0","0"
"0x7f2c6b5b0020","      MOV.SPILL R6, UR22","1","0","1","131072","4194304","4194304","32","32","0","0","0","-","-","-","0","0","0","0","0","0","0","0","-","0","0","0","0","0","0","0","0","1","0","0","0","0","0","0","0","0","0","0","0","0","0","0","0","0","0","0","0","0","0","0","0","0","0","0","0","0","0","0","0"
"0x7f2c6b5b0030","      ULEA UR5, UR19, UR4, 0xd","4","0","4","131072","4194304","4194304","32","32","0","0","0","-","-","-","0","0","0","0","0","0","0","0","-","0","0","0","0","0","0","0","0","0","0","0","0","0","0","0","0","0","0","4","0","0","0","0","0","0","0","0","0","0","0","0","0","0","0","0","0","0","0","0","0"
"0x7f2c6b5b0040","      R2UR UR22, R14","7","0","7","131072","4194304","4194304","32","32","0","0","0","-","-","-","0","0","0","0","0","0","0","0","-","0","0","0","0","0","0","0","0","2","0","0","0","0","0","0","0","0","0","5","0","0","0","0","0","0","0","0","0","0","0","0","0","0","0","0","0","0","0","0","0"
"0x7f2c6b5b0050","      UIADD3 UR14, UPT, UPT, UR16, 0x2, URZ","1","0","1","131072","4194304","4194304","32","32","0","0","0","-","-","-","0","0","0","0","0","0","0","0","-","0","0","0","0","0","0","0","0","0","0","0","0","0","0","0","0","0","0","1","0","0","0","0","0","0","0","0","0","0","0","0","0","0","0","0","0","0","0","0","0"
"0x7f2c6b5b0060","      R2UR UR23, R15","2","0","2","131072","4194304","4194304","32","32","0","0","0","-","-","-","0","0","0","0","0","0","0","0","-","0","0","0","0","0","0","0","0","0","0","0","0","0","0","0","0","0","0","2","0","0","0","0","0","0","0","0","0","0","0","0","0","0","0","0","0","0","0","0","0"
"0x7f2c6b5b0070","      UIADD3 UR6, UPT, UPT, UR16, 0x4, URZ","3","0","3","131072","4194304","4194304","32","32","0","0","0","-","-","-","0","0","0","0","0","0","0","0","-","0","0","0","0","0","0","0","0","0","0","0","0","0","0","0","0","0","0","3","0","0","0","0","0","0","0","0","0","0","0","0","0","0","0","0","0","0","0","0","0"
"0x7f2c6b5b0080","      UIADD3 UR8, UPT, UPT, UR16, 0x6, URZ","4","1","4","131072","4194304","4194304","32","32","0","0","0","-","-","-","0","0","0","0","0","0","0","0","-","0","0","0","0","0","0","0","0","0","0","0","0","0","0","0","0","0","0","3","0","0","0","1","0","0","0","0","0","0","0","0","0","0","0","0","0","0","0","0","1"
"0x7f2c6b5b0090","      UTCQMMA.WS gdesc[UR48], gdesc[UR16], tmem[UR18], tmem[UR26], idesc[UR27], !UPT","71","62","71","131072","4194304","4194304","32","32","0","0","0","TmemShared","Load,Store","-","0","0","0","0","0","0","0","0","-","0","0","0","0","0","0","0","0","0","0","0","70","0","0","0","0","0","1","0","0","0","0","0","0","0","0","0","0","62","0","0","0","0","0","0","0","0","0","0","0"
"0x7f2c6b5b00a0","      UIADD3 UR12, UPT, UPT, UR16, 0x400, URZ","3","0","3","131072","4194304","4194304","32","32","0","0","0","-","-","-","0","0","0","0","0","0","0","0","-","0","0","0","0","0","0","0","0","0","0","0","0","0","0","0","0","0","0","3","0","0","0","0","0","0","0","0","0","0","0","0","0","0","0","0","0","0","0","0","0"
"0x7f2c6b5b00b0","      UIADD3 UR10, UPT, UPT, UR16, 0x402, URZ","3","0","3","131072","4194304","4194304","32","32","0","0","0","-","-","-","0","0","0","0","0","0","0","0","-","0","0","0","0","0","0","0","0","0","0","0","0","0","0","0","0","0","0","3","0","0","0","0","0","0","0","0","0","0","0","0","0","0","0","0","0","0","0","0","0"
"0x7f2c6b5b00c0","      UTCQMMA.WS gdesc[UR66], gdesc[UR14], tmem[UR18], tmem[UR26], idesc[UR27], UPT","2","0","2","131072","4194304","4194304","32","32","0","0","0","TmemShared","Load,Store","-","0","0","0","0","0","0","0","0","-","0","0","0","0","0","0","0","0","0","0","0","0","0","0","0","0","0","0","2","0","0","0","0","0","0","0","0","0","0","0","0","0","0","0","0","0","0","0","0","0"
"0x7f2c6b5b00d0","      UIADD3 UR5, UPT, UPT, UR5, 0x29000, URZ","1","0","1","131072","4194304","4194304","32","32","0","0","0","-","-","-","0","0","0","0","0","0","0","0","-","0","0","0","0","0","0","0","0","0","0","0","0","0","0","0","0","0","0","1","0","0","0","0","0","0","0","0","0","0","0","0","0","0","0","0","0","0","0","0","0"
"0x7f2c6b5b00e0","      USHF.R.U32.HI UR5, URZ, 0x4, UR5","11","8","11","131072","4194304","4194304","32","32","0","0","0","-","-","-","0","0","0","0","0","0","0","0","-","0","0","0","0","0","0","0","0","0","0","0","0","0","0","0","0","0","0","3","0","0","0","8","0","0","0","0","0","0","0","0","0","0","0","0","0","0","0","0","8"
"0x7f2c6b5b00f0","      UTCQMMA.WS gdesc[UR22], gdesc[UR6], tmem[UR18], tmem[UR26], idesc[UR27], UPT","6","0","6","131072","4194304","4194304","32","32","0","0","0","TmemShared","Load,Store","-","0","0","0","0","0","0","0","0","-","0","0","0","0","0","0","0","0","0","0","0","0","0","0","0","0","0","0","6","0","0","0","0","0","0","0","0","0","0","0","0","0","0","0","0","0","0","0","0","0"
"0x7f2c6b5b0100","      UTCQMMA.WS gdesc[UR64], gdesc[UR8], tmem[UR18], tmem[UR26], idesc[UR27], UPT","3","0","3","131072","4194304","4194304","32","32","0","0","0","TmemShared","Load,Store","-","0","0","0","0","0","0","0","0","-","0","0","0","0","0","0","0","0","0","0","0","0","0","0","0","0","0","0","3","0","0","0","0","0","0","0","0","0","0","0","0","0","0","0","0","0","0","0","0","0"
"0x7f2c6b5b0110","      UTCQMMA.WS gdesc[UR62], gdesc[UR12], tmem[UR18], tmem[UR26], idesc[UR27], UPT","2","2","2","131072","4194304","4194304","32","32","0","0","0","TmemShared","Load,Store","-","0","0","0","0","0","0","0","0","-","0","0","0","0","0","0","0","0","0","0","0","0","0","0","2","0","0","0","0","0","0","0","0","0","0","0","0","0","0","0","0","2","0","0","0","0","0","0","0","0"
"0x7f2c6b5b0120","      UTCQMMA.WS gdesc[UR60], gdesc[UR10], tmem[UR18], tmem[UR26], idesc[UR27], UPT","124","122","124","131072","4194304","4194304","32","32","0","0","0","TmemShared","Load,Store","-","0","0","0","0","0","0","0","0","-","0","0","0","0","0","0","0","0","0","0","0","0","0","0","122","0","0","1","1","0","0","0","0","0","0","0","0","0","0","0","0","122","0","0","0","0","0","0","0","0"
"0x7f2c6b5b0130","      UIADD3 UR14, UPT, UPT, UR16, 0x404, URZ","2","0","2","131072","4194304","4194304","32","32","0","0","0","-","-","-","0","0","0","0","0","0","0","0","-","0","0","0","0","0","0","0","0","0","0","0","0","0","0","0","0","0","0","2","0","0","0","0","0","0","0","0","0","0","0","0","0","0","0","0","0","0","0","0","0"
"0x7f2c6b5b0140","      UIADD3 UR6, UPT, UPT, UR16, 0x406, URZ","21","19","21","131072","4194304","4194304","32","32","0","0","0","-","-","-","0","0","0","0","0","0","0","0","-","0","0","0","0","0","0","0","0","0","0","0","0","0","0","0","0","0","0","2","17","0","0","2","0","0","0","0","0","0","0","0","0","0","0","0","0","17","0","0","2"
"0x7f2c6b5b0150","      R2UR UR22, R12","3","0","3","131072","4194304","4194304","32","32","0","0","0","-","-","-","0","0","0","0","0","0","0","0","-","0","0","0","0","0","0","0","0","0","0","0","0","0","0","0","0","0","0","3","0","0","0","0","0","0","0","0","0","0","0","0","0","0","0","0","0","0","0","0","0"
"0x7f2c6b5b0160","      UIADD3 UR8, UPT, UPT, UR16, 0x800, URZ","68","66","68","131072","4194304","4194304","32","32","0","0","0","-","-","-","0","0","0","0","0","0","0","0","-","0","0","0","0","0","0","0","0","0","0","0","0","0","0","0","0","0","0","2","66","0","0","0","0","0","0","0","0","0","0","0","0","0","0","0","0","66","0","0","0"
"0x7f2c6b5b0170","      UTCQMMA.WS gdesc[UR58], gdesc[UR14], tmem[UR18], tmem[UR26], idesc[UR27], UPT","14","14","14","131072","4194304","4194304","32","32","0","0","0","TmemShared","Load,Store","-","0","0","0","0","0","0","0","0","-","0","0","0","0","0","0","0","0","0","0","0","0","0","0","0","0","0","0","0","0","0","0","14","0","0","0","0","0","0","0","0","0","0","0","0","0","0","0","0","14"
"0x7f2c6b5b0180","      UIADD3 UR12, UPT, UPT, UR16, 0x802, URZ","203","155","203","131072","4194304","4194304","32","32","0","0","0","-","-","-","0","0","0","0","0","0","0","0","-","0","0","0","0","0","0","0","0","0","0","0","0","4","0","0","0","0","17","3","179","0","0","0","0","0","0","0","0","0","2","0","0","0","0","0","0","153","0","0","0"
"0x7f2c6b5b0190","      R2UR UR23, R13","1","0","1","131072","4194304","4194304","32","32","0","0","0","-","-","-","0","0","0","0","0","0","0","0","-","0","0","0","0","0","0","0","0","0","0","0","0","0","0","0","0","0","0","1","0","0","0","0","0","0","0","0","0","0","0","0","0","0","0","0","0","0","0","0","0"
"0x7f2c6b5b01a0","      UIADD3 UR10, UPT, UPT, UR16, 0x804, URZ","145","87","145","131072","4194304","4194304","32","32","0","0","0","-","-","-","0","0","0","0","0","0","0","0","-","0","0","0","0","0","0","0","0","0","0","0","0","31","0","0","0","0","31","2","81","0","0","0","0","0","0","0","0","0","25","0","0","0","0","0","0","62","0","0","0"
"0x7f2c6b5b01b0","      UTCQMMA.WS gdesc[UR56], gdesc[UR6], tmem[UR18], tmem[UR26], idesc[UR27], UPT","1","0","1","131072","4194304","4194304","32","32","0","0","0","TmemShared","Load,Store","-","0","0","0","0","0","0","0","0","-","0","0","0","0","0","0","0","0","0","0","0","0","0","0","0","0","0","0","1","0","0","0","0","0","0","0","0","0","0","0","0","0","0","0","0","0","0","0","0","0"
"0x7f2c6b5b01c0","      UTCQMMA.WS gdesc[UR54], gdesc[UR8], tmem[UR18], tmem[UR26], idesc[UR27], UPT","2","0","2","131072","4194304","4194304","32","32","0","0","0","TmemShared","Load,Store","-","0","0","0","0","0","0","0","0","-","0","0","0","0","0","0","0","0","0","0","0","0","0","0","0","0","0","0","2","0","0","0","0","0","0","0","0","0","0","0","0","0","0","0","0","0","0","0","0","0"
"0x7f2c6b5b01d0","      UTCQMMA.WS gdesc[UR22], gdesc[UR12], tmem[UR18], tmem[UR26], idesc[UR27], UPT","35","13","35","131072","4194304","4194304","32","32","0","0","0","TmemShared","Load,Store","-","0","0","0","0","0","0","0","0","-","0","0","0","0","0","0","0","0","0","0","0","0","0","0","12","0","0","1","0","0","0","0","22","0","0","0","0","0","0","0","0","5","0","0","0","0","0","0","0","8"
"0x7f2c6b5b01e0","      UTCQMMA.WS gdesc[UR20], gdesc[UR10], tmem[UR18], tmem[UR26], idesc[UR27], UPT","79","51","79","131072","4194304","4194304","32","32","0","0","0","TmemShared","Load,Store","-","0","0","0","0","0","0","0","0","-","0","0","0","0","0","0","0","0","0","0","0","0","0","0","78","0","0","0","1","0","0","0","0","0","0","0","0","0","0","0","0","51","0","0","0","0","0","0","0","0"
"0x7f2c6b5b01f0","      UIADD3 UR14, UPT, UPT, UR16, 0x806, URZ","0","0","0","131072","4194304","4194304","32","32","0","0","0","-","-","-","0","0","0","0","0","0","0","0","-","0","0","0","0","0","0","0","0","0","0","0","0","0","0","0","0","0","0","0","0","0","0","0","0","0","0","0","0","0","0","0","0","0","0","0","0","0","0","0","0"
"0x7f2c6b5b0200","      UIADD3 UR6, UPT, UPT, UR16, 0xc00, URZ","23","15","23","131072","4194304","4194304","32","32","0","0","0","-","-","-","0","0","0","0","0","0","0","0","-","0","0","0","0","0","0","0","0","0","0","0","0","0","0","0","0","0","1","2","17","0","0","3","0","0","0","0","0","0","0","0","0","0","0","0","0","13","0","0","2"
"0x7f2c6b5b0210","      UIADD3 UR8, UPT, UPT, UR16, 0xc02, URZ","115","42","115","131072","4194304","4194304","32","32","0","0","0","-","-","-","0","0","0","0","0","0","0","0","-","0","0","0","0","0","0","0","0","2","0","0","0","6","0","0","0","0","12","0","93","0","0","2","0","0","2","0","0","0","3","0","0","0","0","0","0","36","0","0","1"
"0x7f2c6b5b0220","      UTCQMMA.WS gdesc[UR76], gdesc[UR14], tmem[UR18], tmem[UR26], idesc[UR27], UPT","23","2","23","131072","4194304","4194304","32","32","0","0","0","TmemShared","Load,Store","-","0","0","0","0","0","0","0","0","-","0","0","0","0","0","0","0","0","3","0","0","0","0","0","0","0","0","15","3","0","0","0","2","0","0","0","0","0","0","0","0","0","0","0","0","0","0","0","0","2"
"0x7f2c6b5b0230","      UTCQMMA.WS gdesc[UR74], gdesc[UR6], tmem[UR18], tmem[UR26], idesc[UR27], UPT","20","5","20","131072","4194304","4194304","32","32","0","0","0","TmemShared","Load,Store","-","0","0","0","0","0","0","0","0","-","0","0","0","0","0","0","0","0","0","0","0","0","0","0","12","0","0","1","5","0","0","0","2","0","0","0","0","0","0","0","0","5","0","0","0","0","0","0","0","0"
"0x7f2c6b5b0240","      UIADD3 UR12, UPT, UPT, UR16, 0xc04, URZ","31","12","31","131072","4194304","4194304","32","32","0","0","0","-","-","-","0","0","0","0","0","0","0","0","-","0","0","0","0","0","0","0","0","1","0","0","0","0","0","0","0","0","11","2","17","0","0","0","0","0","0","0","0","0","0","0","0","0","0","0","0","12","0","0","0"
"0x7f2c6b5b0250","      UTCQMMA.WS gdesc[UR72], gdesc[UR8], tmem[UR18], tmem[UR26], idesc[UR27], UPT","56","35","56","131072","4194304","4194304","32","32","0","0","0","TmemShared","Load,Store","-","0","0","0","0","0","0","0","0","-","0","0","0","0","0","0","0","0","0","0","0","0","0","0","56","0","0","0","0","0","0","0","0","0","0","0","0","0","0","0","0","35","0","0","0","0","0","0","0","0"
"0x7f2c6b5b0260","      UIADD3 UR10, UPT, UPT, UR16, 0xc06, URZ","16","12","16","131072","4194304","4194304","32","32","0","0","0","-","-","-","0","0","0","0","0","0","0","0","-","0","0","0","0","0","0","0","0","1","0","0","0","0","0","0","0","0","1","3","11","0","0","0","0","0","1","0","0","0","0","0","0","0","0","0","0","11","0","0","0"
"0x7f2c6b5b0270","      R2UR.FILL UR20, R4","2","0","2","131072","4194304","4194304","32","32","0","0","0","-","-","-","0","0","0","0","0","0","0","0","-","0","0","0","0","0","0","0","0","0","0","0","0","0","0","0","0","0","0","2","0","0","0","0","0","0","0","0","0","0","0","0","0","0","0","0","0","0","0","0","0"
"0x7f2c6b5b0280","      IMAD.U32 R4, RZ, RZ, UR19","1","0","1","131072","4194304","4194304","32","32","0","0","0","-","-","-","0","0","0","0","0","0","0","0","-","0","0","0","0","0","0","0","0","0","0","0","0","0","0","0","0","0","0","1","0","0","0","0","0","0","0","0","0","0","0","0","0","0","0","0","0","0","0","0","0"
"0x7f2c6b5b0290","      R2UR.FILL UR21, R5","1","0","1","131072","4194304","4194304","32","32","0","0","0","-","-","-","0","0","0","0","0","0","0","0","-","0","0","0","0","0","0","0","0","0","0","0","0","0","0","0","0","0","0","1","0","0","0","0","0","0","0","0","0","0","0","0","0","0","0","0","0","0","0","0","0"
"0x7f2c6b5b02a0","      R2UR.FILL UR23, R7","3","1","3","131072","4194304","4194304","32","32","0","0","0","-","-","-","0","0","0","0","0","0","0","0","-","0","0","0","0","0","0","0","0","0","0","0","0","0","0","0","0","0","1","1","0","0","0","1","0","0","0","0","0","0","0","0","0","0","0","0","0","0","0","0","1"
"0x7f2c6b5b02b0","      UTCQMMA.WS gdesc[UR70], gdesc[UR12], tmem[UR18], tmem[UR26], idesc[UR27], UPT","69","67","69","131072","4194304","4194304","32","32","0","0","0","TmemShared","Load,Store","-","0","0","0","0","0","0","0","0","-","0","0","0","0","0","0","0","0","0","0","0","0","0","0","67","0","0","1","0","0","0","0","1","0","0","0","0","0","0","0","0","66","0","0","0","0","0","0","0","1"
"0x7f2c6b5b02c0","      SHF.L.U32 R5, R4, 0x1f, RZ","2","0","2","131072","4194304","4194304","32","32","0","0","0","-","-","-","0","0","0","0","0","0","0","0","-","0","0","0","0","0","0","0","0","0","0","0","0","0","0","0","0","0","0","2","0","0","0","0","0","0","0","0","0","0","0","0","0","0","0","0","0","0","0","0","0"
"0x7f2c6b5b02d0","      UTCQMMA.WS gdesc[UR68], gdesc[UR10], tmem[UR18], tmem[UR26], idesc[UR27], UPT","116","52","116","131072","4194304","4194304","32","32","0","0","0","TmemShared","Load,Store","-","0","0","0","0","0","0","0","0","-","0","0","0","0","0","0","0","0","4","0","0","0","0","0","95","0","0","14","3","0","0","0","0","0","0","0","0","0","0","0","0","52","0","0","0","0","0","0","0","0"
"0x7f2c6b5b02e0","      R2UR.FILL UR22, R6","5","0","5","131072","4194304","4194304","32","32","0","0","0","-","-","-","0","0","0","0","0","0","0","0","-","0","0","0","0","0","0","0","0","0","0","0","0","0","0","0","0","0","0","5","0","0","0","0","0","0","0","0","0","0","0","0","0","0","0","0","0","0","0","0","0"
"0x7f2c6b5b02f0","      UMOV UR15, 0x3fff","0","0","0","131072","4194304","4194304","32","32","0","0","0","-","-","-","0","0","0","0","0","0","0","0","-","0","0","0","0","0","0","0","0","0","0","0","0","0","0","0","0","0","0","0","0","0","0","0","0","0","0","0","0","0","0","0","0","0","0","0","0","0","0","0","0"
"0x7f2c6b5b0300","      ULOP3.LUT UR6, UR5, 0x10000, UR15, 0xec, !UPT","23","16","23","131072","4194304","4194304","32","32","0","0","0","-","-","-","0","0","0","0","0","0","0","0","-","0","0","0","0","0","0","0","0","0","0","0","0","0","0","0","0","0","3","2","16","0","0","2","0","0","0","0","0","0","0","0","0","0","0","0","0","14","0","0","2"
"0x7f2c6b5b0310","      UIADD3 UR15, UPT, UPT, UR4, 0x31920, URZ","6","2","6","131072","4194304","4194304","32","32","0","0","0","-","-","-","0","0","0","0","0","0","0","0","-","0","0","0","0","0","0","0","0","0","0","0","0","0","0","0","0","0","0","3","0","0","0","3","0","0","0","0","0","0","0","0","0","0","0","0","0","0","0","0","2"
"0x7f2c6b5b0320","      UIADD3 UR8, UPT, UPT, UR6, 0x2, URZ","69","53","69","131072","4194304","4194304","32","32","0","0","0","-","-","-","0","0","0","0","0","0","0","0","-","0","0","0","0","0","0","0","0","0","0","0","0","0","0","0","0","0","0","2","66","0","0","1","0","0","0","0","0","0","0","0","0","0","0","0","0","52","0","0","1"
"0x7f2c6b5b0330","      UMOV UR7, 0x80004020","1","0","1","131072","4194304","4194304","32","32","0","0","0","-","-","-","0","0","0","0","0","0","0","0","-","0","0","0","0","0","0","0","0","0","0","0","0","0","0","0","0","0","0","1","0","0","0","0","0","0","0","0","0","0","0","0","0","0","0","0","0","0","0","0","0"
"0x7f2c6b5b0340","      UMOV UR9, 0x80004020","1","0","1","131072","4194304","4194304","32","32","0","0","0","-","-","-","0","0","0","0","0","0","0","0","-","0","0","0","0","0","0","0","0","0","0","0","0","0","0","0","0","0","0","1","0","0","0","0","0","0","0","0","0","0","0","0","0","0","0","0","0","0","0","0","0"
"0x7f2c6b5b0350","      UTCQMMA.WS gdesc[UR50], gdesc[UR6], tmem[UR18], tmem[UR26], idesc[UR27], UPT","6","4","6","131072","4194304","4194304","32","32","0","0","0","TmemShared","Load,Store","-","0","0","0","0","0","0","0","0","-","0","0","0","0","0","0","0","0","0","0","0","0","0","0","0","0","0","0","2","0","0","0","4","0","0","0","0","0","0","0","0","0","0","0","0","0","0","0","0","4"
"0x7f2c6b5b0360","      UTCQMMA.WS gdesc[UR52], gdesc[UR8], tmem[UR18], tmem[UR26], idesc[UR27], UPT","80","63","80","131072","4194304","4194304","32","32","0","0","0","TmemShared","Load,Store","-","0","0","0","0","0","0","0","0","-","0","0","0","0","0","0","0","0","0","0","0","0","0","0","71","0","0","2","1","0","0","0","6","0","0","0","0","0","0","0","0","57","0","0","0","0","0","0","0","6"
"0x7f2c6b5b0370","      UTCBAR [UR15], URZ","107","59","107","131072","4194304","4194304","32","32","0","0","0","-","-","-","0","0","0","0","0","0","0","0","-","0","0","0","0","0","0","0","0","0","0","0","0","0","0","104","0","0","1","2","0","0","0","0","0","0","0","0","0","0","0","0","59","0","0","0","0","0","0","0","0"
"0x7f2c6b5b0380","      SYNCS.PHASECHK.TRANS64.TRYWAIT P0, [UR4+0x31930], R5","0","0","0","131072","4194304","4194304","32","32","0","0","0","-","-","-","0","0","0","0","0","0","0","0","-","0","0","0","0","0","0","0","0","0","0","0","0","0","0","0","0","0","0","0","0","0","0","0","0","0","0","0","0","0","0","0","0","0","0","0","0","0","0","0","0"
"0x7f2c6b5b0390","@!P0  BRA 0x7f2c6b5b3ef0","2600","1138","2600","131072","4194304","4194304","32","32","0","0","0","-","-","-","0","0","0","0","0","0","0","0","-","0","0","0","0","0","0","0","0","0","0","0","2533","0","0","0","0","0","58","6","0","0","0","3","0","0","0","0","0","1136","0","0","0","0","0","0","0","0","0","0","2"
"0x7f2c6b5b03a0","      USHF.R.U32.HI UR5, URZ, 0x4, UR24","14","3","14","131072","4194304","4194304","32","32","0","0","0","-","-","-","0","0","0","0","0","0","0","0","-","0","0","0","0","0","0","0","0","0","0","0","0","0","0","0","0","0","6","1","0","0","0","7","0","0","0","0","0","0","0","0","0","0","0","0","0","0","0","0","3"
"0x7f2c6b5b03b0","      NOP","4","0","4","131072","4194304","4194304","32","32","0","0","0","-","-","-","0","0","0","0","0","0","0","0","-","0","0","0","0","0","0","0","0","0","0","0","0","0","0","0","0","0","0","4","0","0","0","0","0","0","0","0","0","0","0","0","0","0","0","0","0","0","0","0","0"
"0x7f2c6b5b03c0","      UISETP.NE.U32.AND UP1, UPT, UR22, URZ, UPT","3","0","3","131072","4194304","4194304","32","32","0","0","0","-","-","-","0","0","0","0","0","0","0","0","-","0","0","0","0","0","0","0","0","0","0","0","0","0","0","0","0","0","0","3","0","0","0","0","0","0","0","0","0","0","0","0","0","0","0","0","0","0","0","0","0"
"0x7f2c6b5b03d0","      MEMBAR.ALL.CTA","2","0","2","131072","4194304","4194304","32","32","0","0","0","-","-","-","0","0","0","0","0","0","0","0","-","0","0","0","0","0","0","0","0","0","0","0","0","0","0","0","0","0","0","2","0","0","0","0","0","0","0","0","0","0","0","0","0","0","0","0","0","0","0","0","0"
"0x7f2c6b5b03e0","      FENCE.VIEW.ASYNC.S","17","8","17","131072","4194304","4194304","32","32","0","0","0","-","-","-","0","0","0","0","0","0","0","0","-","0","0","0","0","0","0","0","0","0","0","0","4","0","0","0","0","0","4","1","0","0","0","8","0","0","0","0","0","3","0","0","0","0","0","0","0","0","0","0","5"
"0x7f2c6b5b03f0","      ULOP3.LUT UR5, UR5, 0x3fff, URZ, 0xc0, !UPT","2","0","2","131072","4194304","4194304","32","32","0","0","0","-","-","-","0","0","0","0","0","0","0","0","-","0","0","0","0","0","0","0","0","0","0","0","0","0","0","0","0","0","0","2","0","0","0","0","0","0","0","0","0","0","0","0","0","0","0","0","0","0","0","0","0"
"0x7f2c6b5b0400","      UIADD3 UR22, UPT, UPT, UR22, 0x1, URZ","10","1","10","131072","4194304","4194304","32","32","0","0","0","-","-","-","0","0","0","0","0","0","0","0","-","0","0","0","0","0","0","0","0","0","0","0","0","0","0","0","0","0","3","5","0","0","0","2","0","0","0","0","0","0","0","0","0","0","0","0","0","0","0","0","1"
"0x7f2c6b5b0410","      UIADD3 UR8, UP0, UPT, UR5, 0x4000100, URZ","5","2","5","131072","4194304","4194304","32","32","0","0","0","-","-","-","0","0","0","0","0","0","0","0","-","0","0","0","0","0","0","0","0","0","0","0","0","0","0","0","0","0","0","3","0","0","0","2","0","0","0","0","0","0","0","0","0","0","0","0","0","0","0","0","2"
"0x7f2c6b5b0420","      ULOP3.LUT UR6, UR5, 0x4000000, URZ, 0xfc, !UPT","1","0","1","131072","4194304","4194304","32","32","0","0","0","-","-","-","0","0","0","0","0","0","0","0","-","0","0","0","0","0","0","0","0","0","0","0","0","0","0","0","0","0","0","1","0","0","0","0","0","0","0","0","0","0","0","0","0","0","0","0","0","0","0","0","0"
"0x7f2c6b5b0430","      UIADD3 UR5, UPT, UPT, UR23, 0x1, URZ","3","2","3","131072","4194304","4194304","32","32","0","0","0","-","-","-","0","0","0","0","0","0","0","0","-","0","0","0","0","0","0","0","0","0","0","0","0","0","0","0","0","0","0","1","0","0","0","2","0","0","0","0","0","0","0","0","0","0","0","0","0","0","0","0","2"
"0x7f2c6b5b0440","      ISETP.NE.U32.AND P0, PT, R0, UR22, PT","1","0","1","131072","4194304","4194304","32","32","0","0","0","-","-","-","0","0","0","0","0","0","0","0","-","0","0","0","0","0","0","0","0","0","0","0","0","0","0","0","0","0","0","1","0","0","0","0","0","0","0","0","0","0","0","0","0","0","0","0","0","0","0","0","0"
"0x7f2c6b5b0450","      UMOV UR7, 0x40004040","1","0","1","131072","4194304","4194304","32","32","0","0","0","-","-","-","0","0","0","0","0","0","0","0","-","0","0","0","0","0","0","0","0","0","0","0","0","0","0","0","0","0","0","1","0","0","0","0","0","0","0","0","0","0","0","0","0","0","0","0","0","0","0","0","0"
"0x7f2c6b5b0460","      UMOV UR10, URZ","4","0","4","131072","4194304","4194304","32","32","0","0","0","-","-","-","0","0","0","0","0","0","0","0","-","0","0","0","0","0","0","0","0","0","0","0","0","0","0","0","0","0","0","4","0","0","0","0","0","0","0","0","0","0","0","0","0","0","0","0","0","0","0","0","0"
"0x7f2c6b5b0470","      UIADD3.X UR9, UPT, UPT, UR10, 0x40004040, URZ, UP0, !UPT","6","0","6","131072","4194304","4194304","32","32","0","0","0","-","-","-","0","0","0","0","0","0","0","0","-","0","0","0","0","0","0","0","0","0","0","0","0","1","0","0","0","0","0","5","0","0","0","0","0","0","0","0","0","0","0","0","0","0","0","0","0","0","0","0","0"
"0x7f2c6b5b0480","      UTCQMMA.WS gdesc[UR44], gdesc[UR6].B_KEEP, tmem[UR20], tmem[UR28], idesc[UR29], UP1","19","16","19","131072","4194304","4194304","32","32","0","0","0","TmemShared","Load,Store","-","0","0","0","0","0","0","0","0","-","0","0","0","0","0","0","0","0","0","0","0","14","0","0","0","0","0","0","3","0","0","0","2","0","0","0","0","0","14","0","0","0","0","0","0","0","0","0","0","2"
"0x7f2c6b5b0490","      UTCQMMA.WS gdesc[UR42], gdesc[UR6].B_REUSE, tmem[UR20], tmem[UR28], idesc[UR29], UPT","2","0","2","131072","4194304","4194304","32","32","0","0","0","TmemShared","Load,Store","-","0","0","0","0","0","0","0","0","-","0","0","0","0","0","0","0","0","0","0","0","0","0","0","0","0","0","0","2","0","0","0","0","0","0","0","0","0","0","0","0","0","0","0","0","0","0","0","0","0"
"0x7f2c6b5b04a0","      UIADD3.64 UR10, UPT, UPT, UR8, 0x100, URZ","3","0","3","131072","4194304","4194304","32","32","0","0","0","-","-","-","0","0","0","0","0","0","0","0","-","0","0","0","0","0","0","0","0","0","0","0","0","0","0","0","0","0","0","3","0","0","0","0","0","0","0","0","0","0","0","0","0","0","0","0","0","0","0","0","0"
"0x7f2c6b5b04b0","      UIADD3.64 UR14, UPT, UPT, UR8, 0x200, URZ","5","4","5","131072","4194304","4194304","32","32","0","0","0","-","-","-","0","0","0","0","0","0","0","0","-","0","0","0","0","0","0","0","0","0","0","0","0","0","0","0","0","0","0","0","0","0","0","5","0","0","0","0","0","0","0","0","0","0","0","0","0","0","0","0","4"
"0x7f2c6b5b04c0","      UTCQMMA.WS gdesc[UR40], gdesc[UR8].B_KEEP.BUFFER1, tmem[UR20], tmem[UR28], idesc[UR29], UPT","4","2","4","131072","4194304","4194304","32","32","0","0","0","TmemShared","Load,Store","-","0","0","0","0","0","0","0","0","-","0","0","0","0","0","0","0","0","0","0","0","0","0","0","0","0","0","0","2","0","0","0","2","0","0","0","0","0","0","0","0","0","0","0","0","0","0","0","0","2"
"0x7f2c6b5b04d0","      UTCQMMA.WS gdesc[UR38], gdesc[UR8].B_REUSE.BUFFER1, tmem[UR20], tmem[UR28], idesc[UR29], UPT","2","0","2","131072","4194304","4194304","32","32","0","0","0","TmemShared","Load,Store","-","0","0","0","0","0","0","0","0","-","0","0","0","0","0","0","0","0","0","0","0","0","0","0","0","0","0","0","2","0","0","0","0","0","0","0","0","0","0","0","0","0","0","0","0","0","0","0","0","0"
"0x7f2c6b5b04e0","      UTCQMMA.WS gdesc[UR36], gdesc[UR10].B_KEEP.BUFFER2, tmem[UR20], tmem[UR28], idesc[UR29], UPT","13","9","13","131072","4194304","4194304","32","32","0","0","0","TmemShared","Load,Store","-","0","0","0","0","0","0","0","0","-","0","0","0","0","0","0","0","0","0","0","0","0","0","0","9","0","0","0","3","0","0","0","1","0","0","0","0","0","0","0","0","9","0","0","0","0","0","0","0","0"
"0x7f2c6b5b04f0","      UTCQMMA.WS gdesc[UR34], gdesc[UR10].B_REUSE.BUFFER2, tmem[UR20], tmem[UR28], idesc[UR29], UPT","20","16","20","131072","4194304","4194304","32","32","0","0","0","TmemShared","Load,Store","-","0","0","0","0","0","0","0","0","-","0","0","0","0","0","0","0","0","0","0","0","0","0","0","17","0","0","0","3","0","0","0","0","0","0","0","0","0","0","0","0","16","0","0","0","0","0","0","0","0"
"0x7f2c6b5b0500","      UTCQMMA.WS gdesc[UR32], gdesc[UR14].B_KEEP.BUFFER3, tmem[UR20], tmem[UR28], idesc[UR29], UPT","21","19","21","131072","4194304","4194304","32","32","0","0","0","TmemShared","Load,Store","-","0","0","0","0","0","0","0","0","-","0","0","0","0","0","0","0","0","0","0","0","0","0","0","19","0","0","0","2","0","0","0","0","0","0","0","0","0","0","0","0","19","0","0","0","0","0","0","0","0"
"0x7f2c6b5b0510","      UTCQMMA.WS gdesc[UR30], gdesc[UR14].B_REUSE.BUFFER3, tmem[UR20], tmem[UR28], idesc[UR29], UPT","168","164","168","131072","4194304","4194304","32","32","0","0","0","TmemShared","Load,Store","-","0","0","0","0","0","0","0","0","-","0","0","0","0","0","0","0","0","0","0","0","0","0","0","165","0","0","0","3","0","0","0","0","0","0","0","0","0","0","0","0","164","0","0","0","0","0","0","0","0"
"0x7f2c6b5b0520","      UIADD3 UR6, UPT, UPT, UR6, 0x800, URZ","1","0","1","131072","4194304","4194304","32","32","0","0","0","-","-","-","0","0","0","0","0","0","0","0","-","0","0","0","0","0","0","0","0","0","0","0","0","0","0","0","0","0","0","1","0","0","0","0","0","0","0","0","0","0","0","0","0","0","0","0","0","0","0","0","0"
"0x7f2c6b5b0530","      UIADD3.64 UR12, UPT, UPT, UR6, 0x100, URZ","5","3","5","131072","4194304","4194304","32","32","0","0","0","-","-","-","0","0","0","0","0","0","0","0","-","0","0","0","0","0","0","0","0","0","0","0","0","0","0","0","0","0","0","2","0","0","0","3","0","0","0","0","0","0","0","0","0","0","0","0","0","0","0","0","3"
"0x7f2c6b5b0540","      UIADD3.64 UR8, UPT, UPT, UR6, 0x300, URZ","3","0","3","131072","4194304","4194304","32","32","0","0","0","-","-","-","0","0","0","0","0","0","0","0","-","0","0","0","0","0","0","0","0","0","0","0","0","0","0","0","0","0","0","3","0","0","0","0","0","0","0","0","0","0","0","0","0","0","0","0","0","0","0","0","0"
"0x7f2c6b5b0550","      UTCQMMA.WS gdesc[UR44], gdesc[UR6].B_KEEP, tmem[UR21], tmem[UR28], idesc[UR29], UP1","46","41","46","131072","4194304","4194304","32","32","0","0","0","TmemShared","Load,Store","-","0","0","0","0","0","0","0","0","-","0","0","0","0","0","0","0","0","0","0","0","0","0","0","38","0","0","0","5","0","0","0","3","0","0","0","0","0","0","0","0","38","0","0","0","0","0","0","0","3"
"0x7f2c6b5b0560","      UTCQMMA.WS gdesc[UR42], gdesc[UR6].B_REUSE, tmem[UR21], tmem[UR28], idesc[UR29], UPT","162","159","162","131072","4194304","4194304","32","32","0","0","0","TmemShared","Load,Store","-","0","0","0","0","0","0","0","0","-","0","0","0","0","0","0","0","0","0","0","0","0","0","0","159","0","0","0","3","0","0","0","0","0","0","0","0","0","0","0","0","159","0","0","0","0","0","0","0","0"
"0x7f2c6b5b0570","      UIADD3.64 UR10, UPT, UPT, UR6, 0x200, URZ","2","0","2","131072","4194304","4194304","32","32","0","0","0","-","-","-","0","0","0","0","0","0","0","0","-","0","0","0","0","0","0","0","0","0","0","0","0","0","0","0","0","0","0","2","0","0","0","0","0","0","0","0","0","0","0","0","0","0","0","0","0","0","0","0","0"
"0x7f2c6b5b0580","      UIADD3 UR14, UPT, UPT, UR46, 0x1, URZ","102","99","102","131072","4194304","4194304","32","32","0","0","0","-","-","-","0","0","0","0","0","0","0","0","-","0","0","0","0","0","0","0","0","0","0","0","0","0","0","0","0","0","0","2","98","0","0","2","0","0","0","0","0","0","0","0","0","0","0","0","0","97","0","0","2"
"0x7f2c6b5b0590","      UTCQMMA.WS gdesc[UR40], gdesc[UR12].B_KEEP.BUFFER1, tmem[UR21], tmem[UR28], idesc[UR29], UPT","3","0","3","131072","4194304","4194304","32","32","0","0","0","TmemShared","Load,Store","-","0","0","0","0","0","0","0","0","-","0","0","0","0","0","0","0","0","0","0","0","0","0","0","0","0","0","0","3","0","0","0","0","0","0","0","0","0","0","0","0","0","0","0","0","0","0","0","0","0"
"0x7f2c6b5b05a0","      UTCQMMA.WS gdesc[UR38], gdesc[UR12].B_REUSE.BUFFER1, tmem[UR21], tmem[UR28], idesc[UR29], UPT","144","141","144","131072","4194304","4194304","32","32","0","0","0","TmemShared","Load,Store","-","0","0","0","0","0","0","0","0","-","0","0","0","0","0","0","0","0","0","0","0","0","0","0","141","0","0","0","3","0","0","0","0","0","0","0","0","0","0","0","0","141","0","0","0","0","0","0","0","0"
"0x7f2c6b5b05b0","      UISETP.NE.U32.AND UP0, UPT, UR14, 0x2, UPT","5","2","5","131072","4194304","4194304","32","32","0","0","0","-","-","-","0","0","0","0","0","0","0","0","-","0","0","0","0","0","0","0","0","0","0","0","0","0","0","0","0","0","0","3","0","0","0","2","0","0","0","0","0","0","0","0","0","0","0","0","0","0","0","0","2"
"0x7f2c6b5b05c0","      UTCQMMA.WS gdesc[UR36], gdesc[UR10].B_KEEP.BUFFER2, tmem[UR21], tmem[UR28], idesc[UR29], UPT","84","84","84","131072","4194304","4194304","32","32","0","0","0","TmemShared","Load,Store","-","0","0","0","0","0","0","0","0","-","0","0","0","0","0","0","0","0","0","0","0","0","0","0","77","0","0","0","0","0","0","0","7","0","0","0","0","0","0","0","0","77","0","0","0","0","0","0","0","7"
"0x7f2c6b5b05d0","      USEL UR46, UR14, URZ, UP0","3","0","3","131072","4194304","4194304","32","32","0","0","0","-","-","-","0","0","0","0","0","0","0","0","-","0","0","0","0","0","0","0","0","0","0","0","0","0","0","0","0","0","0","3","0","0","0","0","0","0","0","0","0","0","0","0","0","0","0","0","0","0","0","0","0"
"0x7f2c6b5b05e0","      UTCQMMA.WS gdesc[UR34], gdesc[UR10].B_REUSE.BUFFER2, tmem[UR21], tmem[UR28], idesc[UR29], UPT","140","137","140","131072","4194304","4194304","32","32","0","0","0","TmemShared","Load,Store","-","0","0","0","0","0","0","0","0","-","0","0","0","0","0","0","0","0","0","0","0","0","0","0","137","0","0","0","3","0","0","0","0","0","0","0","0","0","0","0","0","137","0","0","0","0","0","0","0","0"
"0x7f2c6b5b05f0","      UTCQMMA.WS gdesc[UR32], gdesc[UR8].B_KEEP.BUFFER3, tmem[UR21], tmem[UR28], idesc[UR29], UPT","95","92","95","131072","4194304","4194304","32","32","0","0","0","TmemShared","Load,Store","-","0","0","0","0","0","0","0","0","-","0","0","0","0","0","0","0","0","0","0","0","0","0","0","92","0","0","0","3","0","0","0","0","0","0","0","0","0","0","0","0","92","0","0","0","0","0","0","0","0"
"0x7f2c6b5b0600","      UTCQMMA.WS gdesc[UR30], gdesc[UR8].B_REUSE.BUFFER3, tmem[UR21], tmem[UR28], idesc[UR29], UPT","158","157","158","131072","4194304","4194304","32","32","0","0","0","TmemShared","Load,Store","-","0","0","0","0","0","0","0","0","-","0","0","0","0","0","0","0","0","0","0","0","0","0","0","157","0","0","0","1","0","0","0","0","0","0","0","0","0","0","0","0","157","0","0","0","0","0","0","0","0"
"0x7f2c6b5b0610","      UTCBAR [UR47], URZ","92","89","92","131072","4194304","4194304","32","32","0","0","0","-","-","-","0","0","0","0","0","0","0","0","-","0","0","0","0","0","0","0","0","0","0","0","0","0","0","89","0","0","0","3","0","0","0","0","0","0","0","0","0","0","0","0","89","0","0","0","0","0","0","0","0"
"0x7f2c6b5b0620","@UP0  UIADD3 UR5, UPT, UPT, UR23, URZ, URZ","7","6","7","131072","4194304","2097152","32","16","16","16","0","-","-","-","0","0","0","0","0","0","0","0","-","0","0","0","0","0","0","0","0","0","0","0","0","0","0","0","0","0","0","1","0","0","0","6","0","0","0","0","0","0","0","0","0","0","0","0","0","0","0","0","6"
"0x7f2c6b5b0630","      UMOV UR23, UR5","23","18","23","131072","4194304","4194304","32","32","16","0","0","-","-","-","0","0","0","0","0","0","0","0","-","0","0","0","0","0","0","0","0","0","0","0","0","0","0","0","0","0","0","5","0","0","0","18","0","0","0","0","0","0","0","0","0","0","0","0","0","0","0","0","18"
"0x7f2c6b5b0640","@P0   BRA 0x7f2c6b5afde0","2","0","2","131072","4194304","3932160","32","30","2","2","0","-","-","-","0","0","0","0","0","0","0","0","-","0","0","0","0","0","0","0","0","0","0","0","0","0","0","0","0","0","0","2","0","0","0","0","0","0","0","0","0","0","0","0","0","0","0","0","0","0","0","0","0"
"0x7f2c6b5b0650","      R2UR UR8, R8","22","21","22","8192","262144","262144","32","32","2","0","0","-","-","-","0","0","0","0","0","0","0","0","-","0","0","0","0","0","0","0","0","0","0","0","0","0","0","0","0","0","0","1","13","0","0","8","0","0","0","0","0","0","0","0","0","0","0","0","0","13","0","0","8"
"0x7f2c6b5b0660","      LDCU.64 UR6, c[0x0][0x358]","0","0","0","8192","262144","262144","32","32","0","0","0","-","-","-","0","0","0","0","0","0","0","0","-","0","0","0","0","0","0","0","0","0","0","0","0","0","0","0","0","0","0","0","0","0","0","0","0","0","0","0","0","0","0","0","0","0","0","0","0","0","0","0","0"
"0x7f2c6b5b0670","      R2UR UR9, R9","0","0","0","8192","262144","262144","32","32","0","0","0","-","-","-","0","0","0","0","0","0","0","0","-","0","0","0","0","0","0","0","0","0","0","0","0","0","0","0","0","0","0","0","0","0","0","0","0","0","0","0","0","0","0","0","0","0","0","0","0","0","0","0","0"
"0x7f2c6b5b0680","      IMAD.U32 R4, RZ, RZ, UR8","0","0","0","8192","262144","262144","32","32","0","0","0","-","-","-","0","0","0","0","0","0","0","0","-","0","0","0","0","0","0","0","0","0","0","0","0","0","0","0","0","0","0","0","0","0","0","0","0","0","0","0","0","0","0","0","0","0","0","0","0","0","0","0","0"
"0x7f2c6b5b0690","      IMAD.U32 R5, RZ, RZ, UR9","0","0","0","8192","262144","262144","32","32","0","0","0","-","-","-","0","0","0","0","0","0","0","0","-","0","0","0","0","0","0","0","0","0","0","0","0","0","0","0","0","0","0","0","0","0","0","0","0","0","0","0","0","0","0","0","0","0","0","0","0","0","0","0","0"
"0x7f2c6b5b06a0","      LDG.E R0, desc[UR6][R4.64]","0","0","0","8192","262144","262144","32","32","0","0","0","Global","Load","32","8192","0","0","0","0","0","8192","8192","","0","0","0","0","0","0","0","0","0","0","0","0","0","0","0","0","0","0","0","0","0","0","0","0","0","0","0","0","0","0","0","0","0","0","0","0","0","0","0","0"
"0x7f2c6b5b06b0","      R2UR UR5, R0","10","10","10","8192","262144","262144","32","32","0","0","0","-","-","-","0","0","0","0","0","0","0","0","-","0","0","0","0","0","0","0","0","0","0","0","10","0","0","0","0","0","0","0","0","0","0","0","0","0","0","0","0","10","0","0","0","0","0","0","0","0","0","0","0"
"0x7f2c6b5b06c0","      USHF.R.S32.HI UR6, URZ, 0x1f, UR5","4","4","4","8192","262144","262144","32","32","0","0","0","-","-","-","0","0","0","0","0","0","0","0","-","0","0","0","0","0","0","0","0","0","0","0","0","0","0","0","0","0","0","0","0","0","0","4","0","0","0","0","0","0","0","0","0","0","0","0","0","0","0","0","4"
"0x7f2c6b5b06d0","      R2UR UR8, R3","0","0","0","8192","262144","262144","32","32","0","0","0","-","-","-","0","0","0","0","0","0","0","0","-","0","0","0","0","0","0","0","0","0","0","0","0","0","0","0","0","0","0","0","0","0","0","0","0","0","0","0","0","0","0","0","0","0","0","0","0","0","0","0","0"
"0x7f2c6b5b06e0","      LOP3.LUT R2, R2, 0x1, RZ, 0x3c, !PT","0","0","0","8192","262144","262144","32","32","0","0","0","-","-","-","0","0","0","0","0","0","0","0","-","0","0","0","0","0","0","0","0","0","0","0","0","0","0","0","0","0","0","0","0","0","0","0","0","0","0","0","0","0","0","0","0","0","0","0","0","0","0","0","0"
"0x7f2c6b5b06f0","      ULEA.HI UR6, UR6, UR5, URZ, 0x7","0","0","0","8192","262144","262144","32","32","0","0","0","-","-","-","0","0","0","0","0","0","0","0","-","0","0","0","0","0","0","0","0","0","0","0","0","0","0","0","0","0","0","0","0","0","0","0","0","0","0","0","0","0","0","0","0","0","0","0","0","0","0","0","0"
"0x7f2c6b5b0700","      ULOP3.LUT UR7, UR6, 0xffffff80, URZ, 0xc0, !UPT","1","1","1","8192","262144","262144","32","32","0","0","0","-","-","-","0","0","0","0","0","0","0","0","-","0","0","0","0","0","0","0","0","0","0","0","0","0","0","0","0","0","0","0","0","0","0","1","0","0","0","0","0","0","0","0","0","0","0","0","0","0","0","0","1"
"0x7f2c6b5b0710","      UISETP.NE.U32.AND UP0, UPT, UR5, UR7, UPT","1","0","1","8192","262144","262144","32","32","0","0","0","-","-","-","0","0","0","0","0","0","0","0","-","0","0","0","0","0","0","0","0","0","0","0","0","0","0","0","0","0","0","1","0","0","0","0","0","0","0","0","0","0","0","0","0","0","0","0","0","0","0","0","0"
"0x7f2c6b5b0720","      UISETP.GT.AND UP0, UPT, UR5, -0x1, UP0","0","0","0","8192","262144","262144","32","32","0","0","0","-","-","-","0","0","0","0","0","0","0","0","-","0","0","0","0","0","0","0","0","0","0","0","0","0","0","0","0","0","0","0","0","0","0","0","0","0","0","0","0","0","0","0","0","0","0","0","0","0","0","0","0"
"0x7f2c6b5b0730","      ULEA.HI.SX32 UR5, UR6, UR25, 0x19","0","0","0","8192","262144","262144","32","32","0","0","0","-","-","-","0","0","0","0","0","0","0","0","-","0","0","0","0","0","0","0","0","0","0","0","0","0","0","0","0","0","0","0","0","0","0","0","0","0","0","0","0","0","0","0","0","0","0","0","0","0","0","0","0"
"0x7f2c6b5b0740","      UIADD3 UR6, UPT, UPT, UR8, 0x94, URZ","0","0","0","8192","262144","262144","32","32","0","0","0","-","-","-","0","0","0","0","0","0","0","0","-","0","0","0","0","0","0","0","0","0","0","0","0","0","0","0","0","0","0","0","0","0","0","0","0","0","0","0","0","0","0","0","0","0","0","0","0","0","0","0","0"
"0x7f2c6b5b0750","      UIADD3 UR25, UPT, UPT, UR5, 0x1, URZ","1","0","1","8192","262144","262144","32","32","0","0","0","-","-","-","0","0","0","0","0","0","0","0","-","0","0","0","0","0","0","0","0","0","0","0","0","0","0","0","0","0","0","1","0","0","0","0","0","0","0","0","0","0","0","0","0","0","0","0","0","0","0","0","0"
"0x7f2c6b5b0760","      IMAD.U32 R3, RZ, RZ, UR6","0","0","0","8192","262144","262144","32","32","0","0","0","-","-","-","0","0","0","0","0","0","0","0","-","0","0","0","0","0","0","0","0","0","0","0","0","0","0","0","0","0","0","0","0","0","0","0","0","0","0","0","0","0","0","0","0","0","0","0","0","0","0","0","0"
"0x7f2c6b5b0770","@!UP0 UIADD3 UR25, UPT, UPT, UR5, URZ, URZ","0","0","0","8192","262144","262144","32","32","0","0","0","-","-","-","0","0","0","0","0","0","0","0","-","0","0","0","0","0","0","0","0","0","0","0","0","0","0","0","0","0","0","0","0","0","0","0","0","0","0","0","0","0","0","0","0","0","0","0","0","0","0","0","0"
"0x7f2c6b5b0780","      UISETP.GE.AND UP0, UPT, UR8, 0x1f6c, UPT","0","0","0","8192","262144","262144","32","32","0","0","0","-","-","-","0","0","0","0","0","0","0","0","-","0","0","0","0","0","0","0","0","0","0","0","0","0","0","0","0","0","0","0","0","0","0","0","0","0","0","0","0","0","0","0","0","0","0","0","0","0","0","0","0"
"0x7f2c6b5b0790","      BRA.U !UP0, 0x7f2c6b5afbe0","2","2","2","8192","262144","262144","32","32","0","0","0","-","-","-","0","0","0","0","0","0","0","0","-","0","0","0","0","0","0","0","0","0","0","0","0","0","0","0","0","0","0","0","0","0","0","2","0","0","0","0","0","0","0","0","0","0","0","0","0","0","0","0","2"
"0x7f2c6b5b07a0","      EXIT","0","0","0","148","4736","4736","32","32","0","0","0","-","-","-","0","0","0","0","0","0","0","0","-","0","0","0","0","0","0","0","0","0","0","0","0","0","0","0","0","0","0","0","0","0","0","0","0","0","0","0","0","0","0","0","0","0","0","0","0","0","0","0","0"
"0x7f2c6b5b07b0","      UISETP.GT.AND UP0, UPT, UR63, 0x7, UPT","7","7","7","1628","52096","52096","32","32","0","0","0","-","-","-","0","0","0","0","0","0","0","0","-","0","0","0","0","0","0","0","0","0","0","0","0","0","0","0","0","7","0","0","0","0","0","0","0","0","0","0","0","0","0","0","0","0","7","0","0","0","0","0","0"
"0x7f2c6b5b07c0","      PLOP3.LUT P0, PT, PT, PT, UP0, 0x80, 0x8","0","0","0","1628","52096","52096","32","32","0","0","0","-","-","-","0","0","0","0","0","0","0","0","-","0","0","0","0","0","0","0","0","0","0","0","0","0","0","0","0","0","0","0","0","0","0","0","0","0","0","0","0","0","0","0","0","0","0","0","0","0","0","0","0"
"0x7f2c6b5b07d0","@P0   EXIT","0","0","0","1628","52096","14208","32","8","24","24","0","-","-","-","0","0","0","0","0","0","0","0","-","0","0","0","0","0","0","0","0","0","0","0","0","0","0","0","0","0","0","0","0","0","0","0","0","0","0","0","0","0","0","0","0","0","0","0","0","0","0","0","0"
"0x7f2c6b5b07e0","      NOP","0","0","0","1184","37888","37888","32","32","24","0","0","-","-","-","0","0","0","0","0","0","0","0","-","0","0","0","0","0","0","0","0","0","0","0","0","0","0","0","0","0","0","0","0","0","0","0","0","0","0","0","0","0","0","0","0","0","0","0","0","0","0","0","0"
"0x7f2c6b5b07f0","      USETMAXREG.TRY_ALLOC.CTAPOOL UP0, 0xb0","0","0","0","1184","37888","37888","32","32","0","0","0","-","-","-","0","0","0","0","0","0","0","0","-","0","0","0","0","0","0","0","0","0","0","0","0","0","0","0","0","0","0","0","0","0","0","0","0","0","0","0","0","0","0","0","0","0","0","0","0","0","0","0","0"
"0x7f2c6b5b0800","      BRA.U !UP0, 0x7f2c6b5b07e0","1","1","1","1184","37888","37888","32","32","0","0","0","-","-","-","0","0","0","0","0","0","0","0","-","0","0","0","0","0","0","0","0","0","0","0","0","0","0","0","0","1","0","0","0","0","0","0","0","0","0","0","0","0","0","0","0","0","1","0","0","0","0","0","0"
"0x7f2c6b5b0810","      S2UR UR38, SR_CTAID.X","0","0","0","1184","37888","37888","32","32","0","0","0","-","-","-","0","0","0","0","0","0","0","0","-","0","0","0","0","0","0","0","0","0","0","0","0","0","0","0","0","0","0","0","0","0","0","0","0","0","0","0","0","0","0","0","0","0","0","0","0","0","0","0","0"
"0x7f2c6b5b0820","      UISETP.GT.AND UP0, UPT, UR38, 0x1fff, UPT","1","1","1","1184","37888","37888","32","32","0","0","0","-","-","-","0","0","0","0","0","0","0","0","-","0","0","0","0","0","0","0","0","0","0","0","0","0","0","0","0","0","0","0","1","0","0","0","0","0","0","0","0","0","0","0","0","0","0","0","0","1","0","0","0"
"0x7f2c6b5b0830","      BRA.U UP0, 0x7f2c6b5b3b10","0","0","0","1184","37888","37888","32","32","0","0","0","-","-","-","0","0","0","0","0","0","0","0","-","0","0","0","0","0","0","0","0","0","0","0","0","0","0","0","0","0","0","0","0","0","0","0","0","0","0","0","0","0","0","0","0","0","0","0","0","0","0","0","0"
"0x7f2c6b5b0840","      S2R R7, SR_TID.X","0","0","0","1184","37888","37888","32","32","0","0","0","-","-","-","0","0","0","0","0","0","0","0","-","0","0","0","0","0","0","0","0","0","0","0","0","0","0","0","0","0","0","0","0","0","0","0","0","0","0","0","0","0","0","0","0","0","0","0","0","0","0","0","0"
"0x7f2c6b5b0850","      LDCU.64 UR34, c[0x0][0x3a8]","0","0","0","1184","37888","37888","32","32","0","0","0","-","-","-","0","0","0","0","0","0","0","0","-","0","0","0","0","0","0","0","0","0","0","0","0","0","0","0","0","0","0","0","0","0","0","0","0","0","0","0","0","0","0","0","0","0","0","0","0","0","0","0","0"
"0x7f2c6b5b0860","      UMOV UR40, URZ","0","0","0","1184","37888","37888","32","32","0","0","0","-","-","-","0","0","0","0","0","0","0","0","-","0","0","0","0","0","0","0","0","0","0","0","0","0","0","0","0","0","0","0","0","0","0","0","0","0","0","0","0","0","0","0","0","0","0","0","0","0","0","0","0"
"0x7f2c6b5b0870","      UMOV UR32, URZ","0","0","0","1184","37888","37888","32","32","0","0","0","-","-","-","0","0","0","0","0","0","0","0","-","0","0","0","0","0","0","0","0","0","0","0","0","0","0","0","0","0","0","0","0","0","0","0","0","0","0","0","0","0","0","0","0","0","0","0","0","0","0","0","0"
"0x7f2c6b5b0880","      UIADD3.64 UR34, UPT, UPT, UR34, 0x100, URZ","3","3","3","1184","37888","37888","32","32","0","0","0","-","-","-","0","0","0","0","0","0","0","0","-","0","0","0","0","0","0","0","0","0","0","0","0","0","0","0","0","2","0","0","1","0","0","0","0","0","0","0","0","0","0","0","0","0","2","0","0","1","0","0","0"
"0x7f2c6b5b0890","      SHF.R.U32.HI R0, RZ, 0x7, R7","0","0","0","1184","37888","37888","32","32","0","0","0","-","-","-","0","0","0","0","0","0","0","0","-","0","0","0","0","0","0","0","0","0","0","0","0","0","0","0","0","0","0","0","0","0","0","0","0","0","0","0","0","0","0","0","0","0","0","0","0","0","0","0","0"
"0x7f2c6b5b08a0","      IMAD.SHL.U32 R5, R7, 0x40, RZ","0","0","0","1184","37888","37888","32","32","0","0","0","-","-","-","0","0","0","0","0","0","0","0","-","0","0","0","0","0","0","0","0","0","0","0","0","0","0","0","0","0","0","0","0","0","0","0","0","0","0","0","0","0","0","0","0","0","0","0","0","0","0","0","0"
"0x7f2c6b5b08b0","      LOP3.LUT R6, R7, 0x40, RZ, 0xc0, !PT","0","0","0","1184","37888","37888","32","32","0","0","0","-","-","-","0","0","0","0","0","0","0","0","-","0","0","0","0","0","0","0","0","0","0","0","0","0","0","0","0","0","0","0","0","0","0","0","0","0","0","0","0","0","0","0","0","0","0","0","0","0","0","0","0"
"0x7f2c6b5b08c0","      IMAD.SHL.U32 R2, R7, 0x200, RZ","0","0","0","1184","37888","37888","32","32","0","0","0","-","-","-","0","0","0","0","0","0","0","0","-","0","0","0","0","0","0","0","0","0","0","0","0","0","0","0","0","0","0","0","0","0","0","0","0","0","0","0","0","0","0","0","0","0","0","0","0","0","0","0","0"
"0x7f2c6b5b08d0","      R2UR UR33, R0","0","0","0","1184","37888","37888","32","32","0","0","0","-","-","-","0","0","0","0","0","0","0","0","-","0","0","0","0","0","0","0","0","0","0","0","0","0","0","0","0","0","0","0","0","0","0","0","0","0","0","0","0","0","0","0","0","0","0","0","0","0","0","0","0"
"0x7f2c6b5b08e0","      IMAD.U32 R108, R7, 0x10000, RZ","0","0","0","1184","37888","37888","32","32","0","0","0","-","-","-","0","0","0","0","0","0","0","0","-","0","0","0","0","0","0","0","0","0","0","0","0","0","0","0","0","0","0","0","0","0","0","0","0","0","0","0","0","0","0","0","0","0","0","0","0","0","0","0","0"
"0x7f2c6b5b08f0","      SHF.R.U32.HI R0, RZ, 0x5, R7","0","0","0","1184","37888","37888","32","32","0","0","0","-","-","-","0","0","0","0","0","0","0","0","-","0","0","0","0","0","0","0","0","0","0","0","0","0","0","0","0","0","0","0","0","0","0","0","0","0","0","0","0","0","0","0","0","0","0","0","0","0","0","0","0"
"0x7f2c6b5b0900","      IMAD.SHL.U32 R102, R7, 0x4, RZ","0","0","0","1184","37888","37888","32","32","0","0","0","-","-","-","0","0","0","0","0","0","0","0","-","0","0","0","0","0","0","0","0","0","0","0","0","0","0","0","0","0","0","0","0","0","0","0","0","0","0","0","0","0","0","0","0","0","0","0","0","0","0","0","0"
"0x7f2c6b5b0910","      LOP3.LUT R5, R5, 0xfc0, RZ, 0xc0, !PT","0","0","0","1184","37888","37888","32","32","0","0","0","-","-","-","0","0","0","0","0","0","0","0","-","0","0","0","0","0","0","0","0","0","0","0","0","0","0","0","0","0","0","0","0","0","0","0","0","0","0","0","0","0","0","0","0","0","0","0","0","0","0","0","0"
"0x7f2c6b5b0920","      R2UR UR63, R0","0","0","0","1184","37888","37888","32","32","0","0","0","-","-","-","0","0","0","0","0","0","0","0","-","0","0","0","0","0","0","0","0","0","0","0","0","0","0","0","0","0","0","0","0","0","0","0","0","0","0","0","0","0","0","0","0","0","0","0","0","0","0","0","0"
"0x7f2c6b5b0930","      LOP3.LUT R2, R2, 0x7e00, RZ, 0xc0, !PT","0","0","0","1184","37888","37888","32","32","0","0","0","-","-","-","0","0","0","0","0","0","0","0","-","0","0","0","0","0","0","0","0","0","0","0","0","0","0","0","0","0","0","0","0","0","0","0","0","0","0","0","0","0","0","0","0","0","0","0","0","0","0","0","0"
"0x7f2c6b5b0940","      LOP3.LUT R108, R108, 0x600000, RZ, 0xc0, !PT","0","0","0","1184","37888","37888","32","32","0","0","0","-","-","-","0","0","0","0","0","0","0","0","-","0","0","0","0","0","0","0","0","0","0","0","0","0","0","0","0","0","0","0","0","0","0","0","0","0","0","0","0","0","0","0","0","0","0","0","0","0","0","0","0"
"0x7f2c6b5b0950","      LOP3.LUT R101, R102, 0xfc, RZ, 0xc0, !PT","0","0","0","1184","37888","37888","32","32","0","0","0","-","-","-","0","0","0","0","0","0","0","0","-","0","0","0","0","0","0","0","0","0","0","0","0","0","0","0","0","0","0","0","0","0","0","0","0","0","0","0","0","0","0","0","0","0","0","0","0","0","0","0","0"
"0x7f2c6b5b0960","      USHF.L.U32 UR5, UR33, 0x5, URZ","0","0","0","1184","37888","37888","32","32","0","0","0","-","-","-","0","0","0","0","0","0","0","0","-","0","0","0","0","0","0","0","0","0","0","0","0","0","0","0","0","0","0","0","0","0","0","0","0","0","0","0","0","0","0","0","0","0","0","0","0","0","0","0","0"
"0x7f2c6b5b0970","      IMAD.U32 R107, RZ, RZ, UR33","0","0","0","1184","37888","37888","32","32","0","0","0","-","-","-","0","0","0","0","0","0","0","0","-","0","0","0","0","0","0","0","0","0","0","0","0","0","0","0","0","0","0","0","0","0","0","0","0","0","0","0","0","0","0","0","0","0","0","0","0","0","0","0","0"
"0x7f2c6b5b0980","      IMAD R107, R107, 0x100, R2","0","0","0","1184","37888","37888","32","32","0","0","0","-","-","-","0","0","0","0","0","0","0","0","-","0","0","0","0","0","0","0","0","0","0","0","0","0","0","0","0","0","0","0","0","0","0","0","0","0","0","0","0","0","0","0","0","0","0","0","0","0","0","0","0"
"0x7f2c6b5b0990","      ULOP3.LUT UR6, UR63, 0x2, URZ, 0xc0, !UPT","0","0","0","1184","37888","37888","32","32","0","0","0","-","-","-","0","0","0","0","0","0","0","0","-","0","0","0","0","0","0","0","0","0","0","0","0","0","0","0","0","0","0","0","0","0","0","0","0","0","0","0","0","0","0","0","0","0","0","0","0","0","0","0","0"
"0x7f2c6b5b09a0","      VIADD R6, R6, UR5","0","0","0","1184","37888","37888","32","32","0","0","0","-","-","-","0","0","0","0","0","0","0","0","-","0","0","0","0","0","0","0","0","0","0","0","0","0","0","0","0","0","0","0","0","0","0","0","0","0","0","0","0","0","0","0","0","0","0","0","0","0","0","0","0"
"0x7f2c6b5b09b0","      IMAD.U32 R109, RZ, RZ, UR5","1","0","1","1184","37888","37888","32","32","0","0","0","-","-","-","0","0","0","0","0","0","0","0","-","0","0","0","0","0","0","0","0","0","0","0","0","0","0","0","0","0","0","0","0","0","0","1","0","0","0","0","0","0","0","0","0","0","0","0","0","0","0","0","0"
"0x7f2c6b5b09c0","      UIADD3 UR33, UPT, UPT, UR33, UR6, URZ","0","0","0","1184","37888","37888","32","32","0","0","0","-","-","-","0","0","0","0","0","0","0","0","-","0","0","0","0","0","0","0","0","0","0","0","0","0","0","0","0","0","0","0","0","0","0","0","0","0","0","0","0","0","0","0","0","0","0","0","0","0","0","0","0"
"0x7f2c6b5b09d0","      IMAD R4, R6, 0x40, R6","0","0","0","1184","37888","37888","32","32","0","0","0","-","-","-","0","0","0","0","0","0","0","0","-","0","0","0","0","0","0","0","0","0","0","0","0","0","0","0","0","0","0","0","0","0","0","0","0","0","0","0","0","0","0","0","0","0","0","0","0","0","0","0","0"
"0x7f2c6b5b09e0","      LEA R6, R6, UR5, 0x6","0","0","0","1184","37888","37888","32","32","0","0","0","-","-","-","0","0","0","0","0","0","0","0","-","0","0","0","0","0","0","0","0","0","0","0","0","0","0","0","0","0","0","0","0","0","0","0","0","0","0","0","0","0","0","0","0","0","0","0","0","0","0","0","0"
"0x7f2c6b5b09f0","      LOP3.LUT R109, R109, 0x100, R108, 0xfe, !PT","0","0","0","1184","37888","37888","32","32","0","0","0","-","-","-","0","0","0","0","0","0","0","0","-","0","0","0","0","0","0","0","0","0","0","0","0","0","0","0","0","0","0","0","0","0","0","0","0","0","0","0","0","0","0","0","0","0","0","0","0","0","0","0","0"
"0x7f2c6b5b0a00","      VIADD R4, R4, 0x10","5","4","5","1184","37888","37888","32","32","0","0","0","-","-","-","0","0","0","0","0","0","0","0","-","0","0","0","0","0","0","0","0","0","0","0","0","0","0","0","0","5","0","0","0","0","0","0","0","0","0","0","0","0","0","0","0","0","4","0","0","0","0","0","0"
"0x7f2c6b5b0a10","      LOP3.LUT R3, R5, 0x3020, R6, 0xf8, !PT","0","0","0","1184","37888","37888","32","32","0","0","0","-","-","-","0","0","0","0","0","0","0","0","-","0","0","0","0","0","0","0","0","0","0","0","0","0","0","0","0","0","0","0","0","0","0","0","0","0","0","0","0","0","0","0","0","0","0","0","0","0","0","0","0"
"0x7f2c6b5b0a20","      LOP3.LUT R108, R108, 0x180, R7, 0xf8, !PT","0","0","0","1184","37888","37888","32","32","0","0","0","-","-","-","0","0","0","0","0","0","0","0","-","0","0","0","0","0","0","0","0","0","0","0","0","0","0","0","0","0","0","0","0","0","0","0","0","0","0","0","0","0","0","0","0","0","0","0","0","0","0","0","0"
"0x7f2c6b5b0a30","      LOP3.LUT R0, R5, 0x3030, R4, 0xf8, !PT","0","0","0","1184","37888","37888","32","32","0","0","0","-","-","-","0","0","0","0","0","0","0","0","-","0","0","0","0","0","0","0","0","0","0","0","0","0","0","0","0","0","0","0","0","0","0","0","0","0","0","0","0","0","0","0","0","0","0","0","0","0","0","0","0"
"0x7f2c6b5b0a40","      VIADD R3, R3, UR4","1","0","1","1184","37888","37888","32","32","0","0","0","-","-","-","0","0","0","0","0","0","0","0","-","0","0","0","0","0","0","0","0","0","0","0","0","0","0","0","0","0","0","1","0","0","0","0","0","0","0","0","0","0","0","0","0","0","0","0","0","0","0","0","0"
"0x7f2c6b5b0a50","      IMAD.SHL.U32 R4, R7, 0x2, RZ","1","1","1","1184","37888","37888","32","32","0","0","0","-","-","-","0","0","0","0","0","0","0","0","-","0","0","0","0","0","0","0","0","0","0","0","0","1","0","0","0","0","0","0","0","0","0","0","0","0","0","0","0","0","1","0","0","0","0","0","0","0","0","0","0"
"0x7f2c6b5b0a60","      VIADD R0, R0, UR4","0","0","0","1184","37888","37888","32","32","0","0","0","-","-","-","0","0","0","0","0","0","0","0","-","0","0","0","0","0","0","0","0","0","0","0","0","0","0","0","0","0","0","0","0","0","0","0","0","0","0","0","0","0","0","0","0","0","0","0","0","0","0","0","0"
"0x7f2c6b5b0a70","      VIADD R5, R3, 0x2d000","0","0","0","1184","37888","37888","32","32","0","0","0","-","-","-","0","0","0","0","0","0","0","0","-","0","0","0","0","0","0","0","0","0","0","0","0","0","0","0","0","0","0","0","0","0","0","0","0","0","0","0","0","0","0","0","0","0","0","0","0","0","0","0","0"
"0x7f2c6b5b0a80","      LOP3.LUT R4, R4, 0x80, RZ, 0xc0, !PT","1","1","1","1184","37888","37888","32","32","0","0","0","-","-","-","0","0","0","0","0","0","0","0","-","0","0","0","0","0","0","0","0","0","0","0","0","0","0","0","0","1","0","0","0","0","0","0","0","0","0","0","0","0","0","0","0","0","1","0","0","0","0","0","0"
"0x7f2c6b5b0a90","      VIADD R2, R0, 0x2d000","0","0","0","1184","37888","37888","32","32","0","0","0","-","-","-","0","0","0","0","0","0","0","0","-","0","0","0","0","0","0","0","0","0","0","0","0","0","0","0","0","0","0","0","0","0","0","0","0","0","0","0","0","0","0","0","0","0","0","0","0","0","0","0","0"
"0x7f2c6b5b0aa0","      VIADD R3, R3, 0x2f000","0","0","0","1184","37888","37888","32","32","0","0","0","-","-","-","0","0","0","0","0","0","0","0","-","0","0","0","0","0","0","0","0","0","0","0","0","0","0","0","0","0","0","0","0","0","0","0","0","0","0","0","0","0","0","0","0","0","0","0","0","0","0","0","0"
"0x7f2c6b5b0ab0","      SHF.R.U32.HI R106, RZ, 0x3, R5","0","0","0","1184","37888","37888","32","32","0","0","0","-","-","-","0","0","0","0","0","0","0","0","-","0","0","0","0","0","0","0","0","0","0","0","0","0","0","0","0","0","0","0","0","0","0","0","0","0","0","0","0","0","0","0","0","0","0","0","0","0","0","0","0"
"0x7f2c6b5b0ac0","      VIADD R0, R0, 0x2f000","0","0","0","1184","37888","37888","32","32","0","0","0","-","-","-","0","0","0","0","0","0","0","0","-","0","0","0","0","0","0","0","0","0","0","0","0","0","0","0","0","0","0","0","0","0","0","0","0","0","0","0","0","0","0","0","0","0","0","0","0","0","0","0","0"
"0x7f2c6b5b0ad0","      SHF.R.U32.HI R105, RZ, 0x3, R2","0","0","0","1184","37888","37888","32","32","0","0","0","-","-","-","0","0","0","0","0","0","0","0","-","0","0","0","0","0","0","0","0","0","0","0","0","0","0","0","0","0","0","0","0","0","0","0","0","0","0","0","0","0","0","0","0","0","0","0","0","0","0","0","0"
"0x7f2c6b5b0ae0","      IMAD.IADD R107, R4, 0x1, R107","0","0","0","1184","37888","37888","32","32","0","0","0","-","-","-","0","0","0","0","0","0","0","0","-","0","0","0","0","0","0","0","0","0","0","0","0","0","0","0","0","0","0","0","0","0","0","0","0","0","0","0","0","0","0","0","0","0","0","0","0","0","0","0","0"
"0x7f2c6b5b0af0","      SHF.R.U32.HI R104, RZ, 0x3, R3","0","0","0","1184","37888","37888","32","32","0","0","0","-","-","-","0","0","0","0","0","0","0","0","-","0","0","0","0","0","0","0","0","0","0","0","0","0","0","0","0","0","0","0","0","0","0","0","0","0","0","0","0","0","0","0","0","0","0","0","0","0","0","0","0"
"0x7f2c6b5b0b00","      SHF.R.U32.HI R103, RZ, 0x3, R0","1","1","1","1184","37888","37888","32","32","0","0","0","-","-","-","0","0","0","0","0","0","0","0","-","0","0","0","0","0","0","0","0","0","0","0","0","0","0","0","0","1","0","0","0","0","0","0","0","0","0","0","0","0","0","0","0","0","1","0","0","0","0","0","0"
"0x7f2c6b5b0b10","      LOP3.LUT R106, R5, 0x30, R106, 0x78, !PT","0","0","0","1184","37888","37888","32","32","0","0","0","-","-","-","0","0","0","0","0","0","0","0","-","0","0","0","0","0","0","0","0","0","0","0","0","0","0","0","0","0","0","0","0","0","0","0","0","0","0","0","0","0","0","0","0","0","0","0","0","0","0","0","0"
"0x7f2c6b5b0b20","      LOP3.LUT R104, R3, 0x30, R104, 0x78, !PT","0","0","0","1184","37888","37888","32","32","0","0","0","-","-","-","0","0","0","0","0","0","0","0","-","0","0","0","0","0","0","0","0","0","0","0","0","0","0","0","0","0","0","0","0","0","0","0","0","0","0","0","0","0","0","0","0","0","0","0","0","0","0","0","0"
"0x7f2c6b5b0b30","      LOP3.LUT R105, R2, 0x30, R105, 0x78, !PT","0","0","0","1184","37888","37888","32","32","0","0","0","-","-","-","0","0","0","0","0","0","0","0","-","0","0","0","0","0","0","0","0","0","0","0","0","0","0","0","0","0","0","0","0","0","0","0","0","0","0","0","0","0","0","0","0","0","0","0","0","0","0","0","0"
"0x7f2c6b5b0b40","      LOP3.LUT R103, R0, 0x30, R103, 0x78, !PT","0","0","0","1184","37888","37888","32","32","0","0","0","-","-","-","0","0","0","0","0","0","0","0","-","0","0","0","0","0","0","0","0","0","0","0","0","0","0","0","0","0","0","0","0","0","0","0","0","0","0","0","0","0","0","0","0","0","0","0","0","0","0","0","0"
"0x7f2c6b5b0b50","      UISETP.GT.AND UP0, UPT, UR38, 0x93, UPT","35","20","35","65536","2097152","2097152","32","32","0","0","0","-","-","-","0","0","0","0","0","0","0","0","-","0","0","0","0","0","0","0","3","1","0","0","0","2","0","0","0","27","2","0","0","0","0","0","0","3","0","0","0","0","1","0","0","0","16","0","0","0","0","0","0"
"0x7f2c6b5b0b60","      MOV R3, UR40","1","0","1","65536","2097152","2097152","32","32","0","0","0","-","-","-","0","0","0","0","0","0","0","0","-","0","0","0","0","0","0","0","0","0","0","0","0","0","0","0","0","0","0","1","0","0","0","0","0","0","0","0","0","0","0","0","0","0","0","0","0","0","0","0","0"
"0x7f2c6b5b0b70","      UISETP.NE.U32.OR UP0, UPT, UR63, URZ, UP0","14","3","14","65536","2097152","2097152","32","32","0","0","0","-","-","-","0","0","0","0","0","0","0","0","-","0","0","0","0","0","0","0","0","1","0","0","0","0","0","0","0","0","3","4","0","0","0","6","0","0","0","0","0","0","0","0","0","0","0","0","0","0","0","0","3"
"0x7f2c6b5b0b80","      SHF.L.U32 R3, R3, 0x1f, RZ","9","6","9","65536","2097152","2097152","32","32","0","0","0","-","-","-","0","0","0","0","0","0","0","0","-","0","0","0","0","0","0","0","0","0","0","0","0","1","0","0","0","6","1","1","0","0","0","0","0","0","0","0","0","0","1","0","0","0","5","0","0","0","0","0","0"
"0x7f2c6b5b0b90","      BRA.U UP0, 0x7f2c6b5b0d80","5","2","5","65536","2097152","2097152","32","32","0","0","0","-","-","-","0","0","0","0","0","0","0","0","-","0","0","0","0","0","0","0","0","0","0","0","0","0","0","0","0","0","1","1","0","0","0","3","0","0","0","0","0","0","0","0","0","0","0","0","0","0","0","0","2"
"0x7f2c6b5b0ba0","      ELECT P0, URZ, PT","8","3","8","148","4736","4736","32","32","0","0","0","-","-","-","0","0","0","0","0","0","0","0","-","0","0","0","0","0","0","0","0","0","0","0","0","0","0","0","0","0","0","2","0","0","0","6","0","0","0","0","0","0","0","0","0","0","0","0","0","0","0","0","3"
"0x7f2c6b5b0bb0","      UIADD3 UR8, UP0, UPT, UR34, 0x80, URZ","0","0","0","148","4736","4736","32","32","0","0","0","-","-","-","0","0","0","0","0","0","0","0","-","0","0","0","0","0","0","0","0","0","0","0","0","0","0","0","0","0","0","0","0","0","0","0","0","0","0","0","0","0","0","0","0","0","0","0","0","0","0","0","0"
"0x7f2c6b5b0bc0","      USHF.L.U32 UR7, UR38, 0x6, URZ","0","0","0","148","4736","4736","32","32","0","0","0","-","-","-","0","0","0","0","0","0","0","0","-","0","0","0","0","0","0","0","0","0","0","0","0","0","0","0","0","0","0","0","0","0","0","0","0","0","0","0","0","0","0","0","0","0","0","0","0","0","0","0","0"
"0x7f2c6b5b0bd0","      UIADD3 UR5, UPT, UPT, UR4, 0x31938, URZ","0","0","0","148","4736","4736","32","32","0","0","0","-","-","-","0","0","0","0","0","0","0","0","-","0","0","0","0","0","0","0","0","0","0","0","0","0","0","0","0","0","0","0","0","0","0","0","0","0","0","0","0","0","0","0","0","0","0","0","0","0","0","0","0"
"0x7f2c6b5b0be0","      UIADD3 UR20, UPT, UPT, UR4, 0x2000, URZ","0","0","0","148","4736","4736","32","32","0","0","0","-","-","-","0","0","0","0","0","0","0","0","-","0","0","0","0","0","0","0","0","0","0","0","0","0","0","0","0","0","0","0","0","0","0","0","0","0","0","0","0","0","0","0","0","0","0","0","0","0","0","0","0"
"0x7f2c6b5b0bf0","      UIADD3 UR24, UPT, UPT, UR4, 0x4000, URZ","0","0","0","148","4736","4736","32","32","0","0","0","-","-","-","0","0","0","0","0","0","0","0","-","0","0","0","0","0","0","0","0","0","0","0","0","0","0","0","0","0","0","0","0","0","0","0","0","0","0","0","0","0","0","0","0","0","0","0","0","0","0","0","0"
"0x7f2c6b5b0c00","      UIADD3 UR16, UPT, UPT, UR4, 0x6000, URZ","1","1","1","148","4736","4736","32","32","0","0","0","-","-","-","0","0","0","0","0","0","0","0","-","0","0","0","0","0","0","0","0","0","0","0","0","0","0","0","0","1","0","0","0","0","0","0","0","0","0","0","0","0","0","0","0","0","1","0","0","0","0","0","0"
"0x7f2c6b5b0c10","@P0   MOV R0, 0x9000","0","0","0","148","4736","148","32","1","31","31","0","-","-","-","0","0","0","0","0","0","0","0","-","0","0","0","0","0","0","0","0","0","0","0","0","0","0","0","0","0","0","0","0","0","0","0","0","0","0","0","0","0","0","0","0","0","0","0","0","0","0","0","0"
"0x7f2c6b5b0c20","      UIADD3 UR12, UPT, UPT, UR4, 0x8000, URZ","0","0","0","148","4736","4736","32","32","31","0","0","-","-","-","0","0","0","0","0","0","0","0","-","0","0","0","0","0","0","0","0","0","0","0","0","0","0","0","0","0","0","0","0","0","0","0","0","0","0","0","0","0","0","0","0","0","0","0","0","0","0","0","0"
"0x7f2c6b5b0c30","      UIADD3.X UR9, UPT, UPT, URZ, UR35, URZ, UP0, !UPT","0","0","0","148","4736","4736","32","32","0","0","0","-","-","-","0","0","0","0","0","0","0","0","-","0","0","0","0","0","0","0","0","0","0","0","0","0","0","0","0","0","0","0","0","0","0","0","0","0","0","0","0","0","0","0","0","0","0","0","0","0","0","0","0"
"0x7f2c6b5b0c40","@P0   SYNCS.ARRIVE.TRANS64 RZ, [UR4+0x31938], R0","0","0","0","148","4736","148","32","1","31","31","0","-","-","-","0","0","0","0","0","0","0","0","-","0","0","0","0","0","0","0","0","0","0","0","0","0","0","0","0","0","0","0","0","0","0","0","0","0","0","0","0","0","0","0","0","0","0","0","0","0","0","0","0"
"0x7f2c6b5b0c50","      UMOV UR6, URZ","0","0","0","148","4736","4736","32","32","31","0","0","-","-","-","0","0","0","0","0","0","0","0","-","0","0","0","0","0","0","0","0","0","0","0","0","0","0","0","0","0","0","0","0","0","0","0","0","0","0","0","0","0","0","0","0","0","0","0","0","0","0","0","0"
"0x7f2c6b5b0c60","      UMOV UR22, 0x80","0","0","0","148","4736","4736","32","32","0","0","0","-","-","-","0","0","0","0","0","0","0","0","-","0","0","0","0","0","0","0","0","0","0","0","0","0","0","0","0","0","0","0","0","0","0","0","0","0","0","0","0","0","0","0","0","0","0","0","0","0","0","0","0"
"0x7f2c6b5b0c70","      UMOV UR21, UR5","0","0","0","148","4736","4736","32","32","0","0","0","-","-","-","0","0","0","0","0","0","0","0","-","0","0","0","0","0","0","0","0","0","0","0","0","0","0","0","0","0","0","0","0","0","0","0","0","0","0","0","0","0","0","0","0","0","0","0","0","0","0","0","0"
"0x7f2c6b5b0c80","      UMOV UR23, UR7","0","0","0","148","4736","4736","32","32","0","0","0","-","-","-","0","0","0","0","0","0","0","0","-","0","0","0","0","0","0","0","0","0","0","0","0","0","0","0","0","0","0","0","0","0","0","0","0","0","0","0","0","0","0","0","0","0","0","0","0","0","0","0","0"
"0x7f2c6b5b0c90","      UMOV UR26, 0x100","0","0","0","148","4736","4736","32","32","0","0","0","-","-","-","0","0","0","0","0","0","0","0","-","0","0","0","0","0","0","0","0","0","0","0","0","0","0","0","0","0","0","0","0","0","0","0","0","0","0","0","0","0","0","0","0","0","0","0","0","0","0","0","0"
"0x7f2c6b5b0ca0","      UTMALDG.2D [UR4], [UR34]","0","0","0","148","4736","4736","32","32","0","0","0","Global,Shared","-","-","0","0","0","0","0","0","0","0","-","0","0","0","0","0","0","0","0","0","0","0","0","0","0","0","0","0","0","0","0","0","0","0","0","0","0","0","0","0","0","0","0","0","0","0","0","0","0","0","0"
"0x7f2c6b5b0cb0","      UMOV UR25, UR5","0","0","0","148","4736","4736","32","32","0","0","0","-","-","-","0","0","0","0","0","0","0","0","-","0","0","0","0","0","0","0","0","0","0","0","0","0","0","0","0","0","0","0","0","0","0","0","0","0","0","0","0","0","0","0","0","0","0","0","0","0","0","0","0"
"0x7f2c6b5b0cc0","      UMOV UR27, UR7","0","0","0","148","4736","4736","32","32","0","0","0","-","-","-","0","0","0","0","0","0","0","0","-","0","0","0","0","0","0","0","0","0","0","0","0","0","0","0","0","0","0","0","0","0","0","0","0","0","0","0","0","0","0","0","0","0","0","0","0","0","0","0","0"
"0x7f2c6b5b0cd0","      UMOV UR18, 0x180","0","0","0","148","4736","4736","32","32","0","0","0","-","-","-","0","0","0","0","0","0","0","0","-","0","0","0","0","0","0","0","0","0","0","0","0","0","0","0","0","0","0","0","0","0","0","0","0","0","0","0","0","0","0","0","0","0","0","0","0","0","0","0","0"
"0x7f2c6b5b0ce0","      UMOV UR17, UR5","0","0","0","148","4736","4736","32","32","0","0","0","-","-","-","0","0","0","0","0","0","0","0","-","0","0","0","0","0","0","0","0","0","0","0","0","0","0","0","0","0","0","0","0","0","0","0","0","0","0","0","0","0","0","0","0","0","0","0","0","0","0","0","0"
"0x7f2c6b5b0cf0","      UMOV UR19, UR7","0","0","0","148","4736","4736","32","32","0","0","0","-","-","-","0","0","0","0","0","0","0","0","-","0","0","0","0","0","0","0","0","0","0","0","0","0","0","0","0","0","0","0","0","0","0","0","0","0","0","0","0","0","0","0","0","0","0","0","0","0","0","0","0"
"0x7f2c6b5b0d00","      UMOV UR15, UR7","0","0","0","148","4736","4736","32","32","0","0","0","-","-","-","0","0","0","0","0","0","0","0","-","0","0","0","0","0","0","0","0","0","0","0","0","0","0","0","0","0","0","0","0","0","0","0","0","0","0","0","0","0","0","0","0","0","0","0","0","0","0","0","0"
"0x7f2c6b5b0d10","      UMOV UR13, UR5","0","0","0","148","4736","4736","32","32","0","0","0","-","-","-","0","0","0","0","0","0","0","0","-","0","0","0","0","0","0","0","0","0","0","0","0","0","0","0","0","0","0","0","0","0","0","0","0","0","0","0","0","0","0","0","0","0","0","0","0","0","0","0","0"
"0x7f2c6b5b0d20","      UTMALDG.2D [UR20], [UR34]","0","0","0","148","4736","4736","32","32","0","0","0","Global,Shared","-","-","0","0","0","0","0","0","0","0","-","0","0","0","0","0","0","0","0","0","0","0","0","0","0","0","0","0","0","0","0","0","0","0","0","0","0","0","0","0","0","0","0","0","0","0","0","0","0","0","0"
"0x7f2c6b5b0d30","      UMOV UR14, UR6","0","0","0","148","4736","4736","32","32","0","0","0","-","-","-","0","0","0","0","0","0","0","0","-","0","0","0","0","0","0","0","0","0","0","0","0","0","0","0","0","0","0","0","0","0","0","0","0","0","0","0","0","0","0","0","0","0","0","0","0","0","0","0","0"
"0x7f2c6b5b0d40","      UTMALDG.2D [UR24], [UR34]","0","0","0","148","4736","4736","32","32","0","0","0","Global,Shared","-","-","0","0","0","0","0","0","0","0","-","0","0","0","0","0","0","0","0","0","0","0","0","0","0","0","0","0","0","0","0","0","0","0","0","0","0","0","0","0","0","0","0","0","0","0","0","0","0","0","0"
"0x7f2c6b5b0d50","      UTMALDG.2D [UR16], [UR34]","0","0","0","148","4736","4736","32","32","0","0","0","Global,Shared","-","-","0","0","0","0","0","0","0","0","-","0","0","0","0","0","0","0","0","0","0","0","0","0","0","0","0","0","0","0","0","0","0","0","0","0","0","0","0","0","0","0","0","0","0","0","0","0","0","0","0"
"0x7f2c6b5b0d60","      UTMALDG.2D [UR12], [UR8]","0","0","0","148","4736","4736","32","32","0","0","0","Global,Shared","-","-","0","0","0","0","0","0","0","0","-","0","0","0","0","0","0","0","0","0","0","0","0","0","0","0","0","0","0","0","0","0","0","0","0","0","0","0","0","0","0","0","0","0","0","0","0","0","0","0","0"
"0x7f2c6b5b0d70","      NOP","0","0","0","148","4736","4736","32","32","0","0","0","-","-","-","0","0","0","0","0","0","0","0","-","0","0","0","0","0","0","0","0","0","0","0","0","0","0","0","0","0","0","0","0","0","0","0","0","0","0","0","0","0","0","0","0","0","0","0","0","0","0","0","0"
"0x7f2c6b5b0d80","      SYNCS.PHASECHK.TRANS64.TRYWAIT P0, [UR4+0x31938], R3","45","26","45","65536","2097152","2097152","32","32","0","0","0","-","-","-","0","0","0","0","0","0","0","0","-","0","0","0","0","0","0","0","9","0","0","0","0","0","0","0","0","35","1","0","0","0","0","0","0","6","0","0","0","0","0","0","0","0","20","0","0","0","0","0","0"
"0x7f2c6b5b0d90","@!P0  BRA 0x7f2c6b5b3f50","158","145","158","65536","2097152","32256","32","0","32","32","0","-","-","-","0","0","0","0","0","0","0","0","-","0","0","0","0","0","0","0","0","0","0","0","154","0","0","0","0","0","1","1","0","0","0","2","0","0","0","0","0","143","0","0","0","0","0","0","0","0","0","0","2"
"0x7f2c6b5b0da0","      LDCU.64 UR6, c[0x0][0x398]","7","3","7","65536","2097152","2097152","32","32","32","0","0","-","-","-","0","0","0","0","0","0","0","0","-","0","0","0","0","0","0","0","0","0","0","0","0","0","0","0","0","0","1","2","0","0","0","4","0","0","0","0","0","0","0","0","0","0","0","0","0","0","0","0","3"
"0x7f2c6b5b0db0","      LDS R115, [UR4+0x31940]","1","0","1","65536","2097152","2097152","32","32","0","0","0","Shared","Load","32","0","1","0","65536","65536","0","0","0","-","0","0","0","0","0","0","0","0","0","0","0","0","0","0","0","0","0","0","1","0","0","0","0","0","0","0","0","0","0","0","0","0","0","0","0","0","0","0","0","0"
"0x7f2c6b5b0dc0","      LDCU.64 UR8, c[0x0][0x358]","1","0","1","65536","2097152","2097152","32","32","0","0","0","-","-","-","0","0","0","0","0","0","0","0","-","0","0","0","0","0","0","0","0","0","0","0","0","0","0","0","0","0","0","1","0","0","0","0","0","0","0","0","0","0","0","0","0","0","0","0","0","0","0","0","0"
"0x7f2c6b5b0dd0","      UIMAD.WIDE UR6, UR38, 0x4, UR6","34","17","34","65536","2097152","2097152","32","32","0","0","0","-","-","-","0","0","0","0","0","0","0","0","-","0","0","0","0","0","0","0","0","0","0","0","0","0","0","0","0","0","3","1","30","0","0","0","0","0","0","0","0","0","0","0","0","0","0","0","0","17","0","0","0"
"0x7f2c6b5b0de0","      IMAD.U32 R110, RZ, RZ, UR6","7","5","7","65536","2097152","2097152","32","32","0","0","0","-","-","-","0","0","0","0","0","0","0","0","-","0","0","0","0","0","0","0","0","0","0","0","0","0","0","0","0","0","0","2","0","0","0","5","0","0","0","0","0","0","0","0","0","0","0","0","0","0","0","0","5"
"0x7f2c6b5b0df0","      MOV R111, UR7","0","0","0","65536","2097152","2097152","32","32","0","0","0","-","-","-","0","0","0","0","0","0","0","0","-","0","0","0","0","0","0","0","0","0","0","0","0","0","0","0","0","0","0","0","0","0","0","0","0","0","0","0","0","0","0","0","0","0","0","0","0","0","0","0","0"
"0x7f2c6b5b0e00","      LDG.E R0, desc[UR8][R110.64]","5","2","5","65536","2097152","2097152","32","32","0","0","0","Global","Load","32","65536","0","0","0","0","0","65536","65536","","0","0","0","0","0","0","0","0","0","0","0","0","0","0","0","0","0","1","0","0","0","0","4","0","0","0","0","0","0","0","0","0","0","0","0","0","0","0","0","2"
"0x7f2c6b5b0e10","      IMAD.MOV.U32 R99, RZ, RZ, RZ","3","0","3","65536","2097152","2097152","32","32","0","0","0","-","-","-","0","0","0","0","0","0","0","0","-","0","0","0","0","0","0","0","0","0","0","0","0","0","0","0","0","0","0","3","0","0","0","0","0","0","0","0","0","0","0","0","0","0","0","0","0","0","0","0","0"
"0x7f2c6b5b0e20","      UIADD3 UR39, UPT, UPT, UR38, 0x94, URZ","1","0","1","65536","2097152","2097152","32","32","0","0","0","-","-","-","0","0","0","0","0","0","0","0","-","0","0","0","0","0","0","0","0","0","0","0","0","0","0","0","0","0","0","1","0","0","0","0","0","0","0","0","0","0","0","0","0","0","0","0","0","0","0","0","0"
"0x7f2c6b5b0e30","      R2UR UR6, R0","43","34","43","65536","2097152","2097152","32","32","0","0","0","-","-","-","0","0","0","0","0","0","0","0","-","0","0","0","0","0","0","0","0","0","0","0","41","1","0","0","0","0","1","0","0","0","0","0","0","0","0","0","0","34","0","0","0","0","0","0","0","0","0","0","0"
"0x7f2c6b5b0e40","      USHF.R.S32.HI UR5, URZ, 0x1f, UR6","16","12","16","65536","2097152","2097152","32","32","0","0","0","-","-","-","0","0","0","0","0","0","0","0","-","0","0","0","0","0","0","0","0","0","0","0","0","0","0","0","0","0","0","1","0","0","0","15","0","0","0","0","0","0","0","0","0","0","0","0","0","0","0","0","12"
"0x7f2c6b5b0e50","      ULEA.HI UR5, UR5, UR6, URZ, 0x7","7","2","7","65536","2097152","2097152","32","32","0","0","0","-","-","-","0","0","0","0","0","0","0","0","-","0","0","0","0","0","0","0","0","0","0","0","0","1","0","0","0","0","0","2","0","0","0","4","0","0","0","0","0","0","1","0","0","0","0","0","0","0","0","0","1"
"0x7f2c6b5b0e60","      ULOP3.LUT UR7, UR5, 0xffffff80, URZ, 0xc0, !UPT","3","2","3","65536","2097152","2097152","32","32","0","0","0","-","-","-","0","0","0","0","0","0","0","0","-","0","0","0","0","0","0","0","0","0","0","0","0","0","0","0","0","0","0","1","0","0","0","2","0","0","0","0","0","0","0","0","0","0","0","0","0","0","0","0","2"
"0x7f2c6b5b0e70","      ULEA.HI.SX32 UR14, UR5, 0x1, 0x19","6","3","6","65536","2097152","2097152","32","32","0","0","0","-","-","-","0","0","0","0","0","0","0","0","-","0","0","0","0","0","0","0","0","0","0","0","0","0","0","0","0","0","1","2","0","0","0","3","0","0","0","0","0","0","0","0","0","0","0","0","0","0","0","0","3"
"0x7f2c6b5b0e80","      UISETP.NE.U32.AND UP0, UPT, UR6, UR7, UPT","1","1","1","65536","2097152","2097152","32","32","0","0","0","-","-","-","0","0","0","0","0","0","0","0","-","0","0","0","0","0","0","0","0","0","0","0","0","0","0","0","0","0","0","0","0","0","0","1","0","0","0","0","0","0","0","0","0","0","0","0","0","0","0","0","1"
"0x7f2c6b5b0e90","      UISETP.GT.AND UP0, UPT, UR6, -0x1, UP0","9","4","9","65536","2097152","2097152","32","32","0","0","0","-","-","-","0","0","0","0","0","0","0","0","-","0","0","0","0","0","0","0","0","0","0","0","0","3","0","0","0","0","3","0","0","0","0","3","0","0","0","0","0","0","1","0","0","0","0","0","0","0","0","0","3"
"0x7f2c6b5b0ea0","      USHF.R.S32.HI UR6, URZ, 0x7, UR5","1","1","1","65536","2097152","2097152","32","32","0","0","0","-","-","-","0","0","0","0","0","0","0","0","-","0","0","0","0","0","0","0","0","0","0","0","0","0","0","0","0","0","0","0","0","0","0","1","0","0","0","0","0","0","0","0","0","0","0","0","0","0","0","0","1"
"0x7f2c6b5b0eb0","@!UP0 UIADD3 UR14, UPT, UPT, UR6, URZ, URZ","12","5","12","65536","2097152","2097152","32","32","0","0","0","-","-","-","0","0","0","0","0","0","0","0","-","0","0","0","0","0","0","0","0","0","0","0","0","2","0","0","0","0","2","1","0","0","0","7","0","0","0","0","0","0","2","0","0","0","0","0","0","0","0","0","3"
"0x7f2c6b5b0ec0","      UISETP.GE.AND UP0, UPT, UR14, 0x1, UPT","7","3","7","65536","2097152","2097152","32","32","0","0","0","-","-","-","0","0","0","0","0","0","0","0","-","0","0","0","0","0","0","0","0","0","0","0","0","0","0","0","0","0","0","1","0","0","0","6","0","0","0","0","0","0","0","0","0","0","0","0","0","0","0","0","3"
"0x7f2c6b5b0ed0","      BRA.U !UP0, 0x7f2c6b5b2c40","15","5","15","65536","2097152","2097152","32","32","0","0","0","-","-","-","0","0","0","0","0","0","0","0","-","0","0","0","0","0","0","0","0","0","0","0","0","0","0","0","0","0","3","2","0","0","0","10","0","0","0","0","0","0","0","0","0","0","0","0","0","0","0","0","5"
"0x7f2c6b5b0ee0","      ULEA.HI UR6, UR32, UR32, URZ, 0x1","9","0","9","65536","2097152","2097152","32","32","0","0","0","-","-","-","0","0","0","0","0","0","0","0","-","0","0","0","0","0","0","0","0","0","0","0","0","0","0","0","0","0","5","3","0","0","0","1","0","0","0","0","0","0","0","0","0","0","0","0","0","0","0","0","0"
"0x7f2c6b5b0ef0","      HFMA2 R99, -RZ, RZ, 0, 0","3","0","3","65536","2097152","2097152","32","32","0","0","0","-","-","-","0","0","0","0","0","0","0","0","-","0","0","0","0","0","0","0","0","0","0","0","0","0","0","0","0","0","0","3","0","0","0","0","0","0","0","0","0","0","0","0","0","0","0","0","0","0","0","0","0"
"0x7f2c6b5b0f00","      UIADD3 UR36, UP0, UPT, UR34, 0x80, URZ","2","0","2","65536","2097152","2097152","32","32","0","0","0","-","-","-","0","0","0","0","0","0","0","0","-","0","0","0","0","0","0","0","0","0","0","0","0","0","0","0","0","0","0","2","0","0","0","0","0","0","0","0","0","0","0","0","0","0","0","0","0","0","0","0","0"
"0x7f2c6b5b0f10","      IMAD.IADD R114, R108, 0x1, R115","3","0","3","65536","2097152","2097152","32","32","0","0","0","-","-","-","0","0","0","0","0","0","0","0","-","0","0","0","0","0","0","0","0","0","0","0","0","0","0","0","0","0","0","3","0","0","0","0","0","0","0","0","0","0","0","0","0","0","0","0","0","0","0","0","0"
"0x7f2c6b5b0f20","      USHF.R.S32.HI UR13, URZ, 0x1, UR6","0","0","0","65536","2097152","2097152","32","32","0","0","0","-","-","-","0","0","0","0","0","0","0","0","-","0","0","0","0","0","0","0","0","0","0","0","0","0","0","0","0","0","0","0","0","0","0","0","0","0","0","0","0","0","0","0","0","0","0","0","0","0","0","0","0"
"0x7f2c6b5b0f30","      IMAD.IADD R113, R109, 0x1, R115","2","0","2","65536","2097152","2097152","32","32","0","0","0","-","-","-","0","0","0","0","0","0","0","0","-","0","0","0","0","0","0","0","0","0","0","0","0","0","0","0","0","0","0","2","0","0","0","0","0","0","0","0","0","0","0","0","0","0","0","0","0","0","0","0","0"
"0x7f2c6b5b0f40","      ULOP3.LUT UR6, UR6, 0xfffffffe, URZ, 0xc0, !UPT","1","0","1","65536","2097152","2097152","32","32","0","0","0","-","-","-","0","0","0","0","0","0","0","0","-","0","0","0","0","0","0","0","0","0","0","0","0","0","0","0","0","0","0","1","0","0","0","0","0","0","0","0","0","0","0","0","0","0","0","0","0","0","0","0","0"
"0x7f2c6b5b0f50","      MOV R67, 0xf149f2ca","2","0","2","65536","2097152","2097152","32","32","0","0","0","-","-","-","0","0","0","0","0","0","0","0","-","0","0","0","0","0","0","0","0","0","0","0","0","0","0","0","0","0","0","2","0","0","0","0","0","0","0","0","0","0","0","0","0","0","0","0","0","0","0","0","0"
"0x7f2c6b5b0f60","      UISETP.NE.U32.AND UP1, UPT, UR63, URZ, UPT","0","0","0","65536","2097152","2097152","32","32","0","0","0","-","-","-","0","0","0","0","0","0","0","0","-","0","0","0","0","0","0","0","0","0","0","0","0","0","0","0","0","0","0","0","0","0","0","0","0","0","0","0","0","0","0","0","0","0","0","0","0","0","0","0","0"
"0x7f2c6b5b0f70","      UIADD3.X UR37, UPT, UPT, URZ, UR35, URZ, UP0, !UPT","5","0","5","65536","2097152","2097152","32","32","0","0","0","-","-","-","0","0","0","0","0","0","0","0","-","0","0","0","0","0","0","0","0","0","0","0","0","0","0","0","0","0","2","3","0","0","0","0","0","0","0","0","0","0","0","0","0","0","0","0","0","0","0","0","0"
"0x7f2c6b5b0f80","      UIADD3 UR15, UPT, UPT, -UR6, UR32, URZ","23","5","23","65536","2097152","2097152","32","32","0","0","0","-","-","-","0","0","0","0","0","0","0","0","-","0","0","0","0","0","0","0","0","0","0","0","0","6","0","0","0","0","14","2","0","0","0","1","0","0","0","0","0","0","4","0","0","0","0","0","0","0","0","0","1"
"0x7f2c6b5b0f90","      UMOV UR12, URZ","2","0","2","65536","2097152","2097152","32","32","0","0","0","-","-","-","0","0","0","0","0","0","0","0","-","0","0","0","0","0","0","0","0","0","0","0","0","0","0","0","0","0","0","2","0","0","0","0","0","0","0","0","0","0","0","0","0","0","0","0","0","0","0","0","0"
"0x7f2c6b5b0fa0","      USHF.L.U32 UR7, UR39, 0x6, URZ","0","0","0","65536","2097152","2097152","32","32","0","0","0","-","-","-","0","0","0","0","0","0","0","0","-","0","0","0","0","0","0","0","0","0","0","0","0","0","0","0","0","0","0","0","0","0","0","0","0","0","0","0","0","0","0","0","0","0","0","0","0","0","0","0","0"
"0x7f2c6b5b0fb0","      UIADD3 UR5, UPT, UPT, UR4, 0x31938, URZ","5","3","5","65536","2097152","2097152","32","32","0","0","0","-","-","-","0","0","0","0","0","0","0","0","-","0","0","0","0","0","0","0","0","0","0","0","0","1","0","0","0","0","0","2","0","0","0","2","0","0","0","0","0","0","1","0","0","0","0","0","0","0","0","0","2"
"0x7f2c6b5b0fc0","      UIADD3 UR28, UPT, UPT, UR4, 0x2000, URZ","3","1","3","65536","2097152","2097152","32","32","0","0","0","-","-","-","0","0","0","0","0","0","0","0","-","0","0","0","0","0","0","0","0","0","0","0","0","0","0","0","0","0","0","2","0","0","0","1","0","0","0","0","0","0","0","0","0","0","0","0","0","0","0","0","1"
"0x7f2c6b5b0fd0","      UIADD3 UR24, UPT, UPT, UR4, 0x4000, URZ","0","0","0","65536","2097152","2097152","32","32","0","0","0","-","-","-","0","0","0","0","0","0","0","0","-","0","0","0","0","0","0","0","0","0","0","0","0","0","0","0","0","0","0","0","0","0","0","0","0","0","0","0","0","0","0","0","0","0","0","0","0","0","0","0","0"
"0x7f2c6b5b0fe0","      UIADD3 UR20, UPT, UPT, UR4, 0x6000, URZ","4","1","4","65536","2097152","2097152","32","32","0","0","0","-","-","-","0","0","0","0","0","0","0","0","-","0","0","0","0","0","0","0","0","0","0","0","0","0","0","0","0","0","0","3","0","0","0","1","0","0","0","0","0","0","0","0","0","0","0","0","0","0","0","0","1"
"0x7f2c6b5b0ff0","      UIADD3 UR16, UPT, UPT, UR4, 0x8000, URZ","27","15","27","65536","2097152","2097152","32","32","0","0","0","-","-","-","0","0","0","0","0","0","0","0","-","0","0","0","0","0","0","0","0","0","0","0","0","8","0","0","0","0","7","5","0","0","0","7","0","0","0","0","0","0","8","0","0","0","0","0","0","0","0","0","7"
"0x7f2c6b5b1000","      UISETP.LT.AND UP0, UPT, UR38, 0x1f6c, !UP1","3","1","3","65536","2097152","2097152","32","32","0","0","0","-","-","-","0","0","0","0","0","0","0","0","-","0","0","0","0","0","0","0","0","0","0","0","0","0","0","0","0","0","0","2","0","0","0","1","0","0","0","0","0","0","0","0","0","0","0","0","0","0","0","0","1"
"0x7f2c6b5b1010","      UMOV UR6, URZ","1","0","1","65536","2097152","2097152","32","32","0","0","0","-","-","-","0","0","0","0","0","0","0","0","-","0","0","0","0","0","0","0","0","0","0","0","0","0","0","0","0","0","0","1","0","0","0","0","0","0","0","0","0","0","0","0","0","0","0","0","0","0","0","0","0"
"0x7f2c6b5b1020","      UMOV UR30, 0x80","1","0","1","65536","2097152","2097152","32","32","0","0","0","-","-","-","0","0","0","0","0","0","0","0","-","0","0","0","0","0","0","0","0","0","0","0","0","0","0","0","0","0","0","1","0","0","0","0","0","0","0","0","0","0","0","0","0","0","0","0","0","0","0","0","0"
"0x7f2c6b5b1030","      UMOV UR26, 0x100","0","0","0","65536","2097152","2097152","32","32","0","0","0","-","-","-","0","0","0","0","0","0","0","0","-","0","0","0","0","0","0","0","0","0","0","0","0","0","0","0","0","0","0","0","0","0","0","0","0","0","0","0","0","0","0","0","0","0","0","0","0","0","0","0","0"
"0x7f2c6b5b1040","      UMOV UR22, 0x180","2","0","2","65536","2097152","2097152","32","32","0","0","0","-","-","-","0","0","0","0","0","0","0","0","-","0","0","0","0","0","0","0","0","0","0","0","0","0","0","0","0","0","0","2","0","0","0","0","0","0","0","0","0","0","0","0","0","0","0","0","0","0","0","0","0"
"0x7f2c6b5b1050","      UIADD3 UR8, UPT, UPT, UR12, UR32, URZ","431","305","431","1048576","33554432","33554432","32","32","0","0","0","-","-","-","0","0","0","0","0","0","0","0","-","0","0","0","0","0","0","0","62","0","0","0","0","56","0","0","0","267","35","3","0","0","0","8","0","61","0","0","0","0","43","0","0","0","199","0","0","0","0","0","2"
"0x7f2c6b5b1060","      USHF.L.U32 UR9, UR13, 0x1, URZ","48","18","48","1048576","33554432","33554432","32","32","0","0","0","-","-","-","0","0","0","0","0","0","0","0","-","0","0","0","0","0","0","0","0","0","0","0","0","0","0","0","0","0","0","28","0","0","0","20","0","0","0","0","0","0","0","0","0","0","0","0","0","0","0","0","18"
"0x7f2c6b5b1070","      ULEA.HI UR11, UR8, UR8, URZ, 0x1","46","21","46","1048576","33554432","33554432","32","32","0","0","0","-","-","-","0","0","0","0","0","0","0","0","-","0","0","0","0","0","0","0","0","1","0","0","0","0","0","0","0","0","1","20","0","0","0","24","0","0","1","0","0","0","0","0","0","0","0","0","0","0","0","0","20"
"0x7f2c6b5b1080","      UISETP.NE.U32.AND UP1, UPT, UR8, UR9, UPT","51","22","51","1048576","33554432","33554432","32","32","0","0","0","-","-","-","0","0","0","0","0","0","0","0","-","0","0","0","0","0","0","0","0","0","0","0","0","8","0","0","0","1","9","15","0","0","0","18","0","0","0","0","0","0","6","0","0","0","0","0","0","0","0","0","16"
"0x7f2c6b5b1090","      UIADD3 UR9, UPT, UPT, UR13, -0x1, URZ","45","23","45","1048576","33554432","33554432","32","32","0","0","0","-","-","-","0","0","0","0","0","0","0","0","-","0","0","0","0","0","0","0","0","0","0","0","0","3","0","0","0","0","4","15","0","0","0","23","0","0","0","0","0","0","2","0","0","0","0","0","0","0","0","0","21"
"0x7f2c6b5b10a0","      UISETP.LT.AND UP1, UPT, UR8, URZ, UP1","59","26","59","1048576","33554432","33554432","32","32","0","0","0","-","-","-","0","0","0","0","0","0","0","0","-","0","0","0","0","0","0","0","0","0","0","0","0","5","0","0","0","0","9","21","0","0","0","24","0","0","0","0","0","0","4","0","0","0","0","0","0","0","0","0","22"
"0x7f2c6b5b10b0","      ULOP3.LUT UR11, UR11, 0xfffffffe, URZ, 0xc0, !UPT","63","22","63","1048576","33554432","33554432","32","32","0","0","0","-","-","-","0","0","0","0","0","0","0","0","-","0","0","0","0","0","0","0","0","0","0","0","0","15","0","0","0","0","21","12","0","0","0","15","0","0","0","0","0","0","15","0","0","0","0","0","0","0","0","0","7"
"0x7f2c6b5b10c0","      UIADD3 UR8, UPT, UPT, UR8, -UR11, URZ","178","69","178","1048576","33554432","33554432","32","32","0","0","0","-","-","-","0","0","0","0","0","0","0","0","-","0","0","0","0","0","0","0","0","0","0","0","0","42","0","0","0","0","49","23","0","0","0","64","0","0","0","0","0","0","35","0","0","0","0","0","0","0","0","0","34"
"0x7f2c6b5b10d0","@!UP1 UIADD3 UR9, UPT, UPT, UR13, URZ, URZ","115","48","115","1048576","33554432","33554432","32","32","0","0","0","-","-","-","0","0","0","0","0","0","0","0","-","0","0","0","0","0","0","0","0","0","0","0","0","8","0","0","0","0","8","18","0","0","0","81","0","0","0","0","0","0","5","0","0","0","0","0","0","0","0","0","43"
"0x7f2c6b5b10e0","      ULEA.HI UR10, UR9, UR9, URZ, 0x1","95","33","95","1048576","33554432","33554432","32","32","0","0","0","-","-","-","0","0","0","0","0","0","0","0","-","0","0","0","0","0","0","0","0","0","0","0","0","2","0","0","0","0","8","22","0","0","0","63","0","0","0","0","0","0","2","0","0","0","0","0","0","0","0","0","31"
"0x7f2c6b5b10f0","      ULOP3.LUT UR10, UR10, 0xfffffffe, URZ, 0xc0, !UPT","94","33","94","1048576","33554432","33554432","32","32","0","0","0","-","-","-","0","0","0","0","0","0","0","0","-","0","0","0","0","0","0","0","0","0","0","0","0","14","0","0","0","0","7","12","0","0","0","61","0","0","0","0","0","0","10","0","0","0","0","0","0","0","0","0","23"
"0x7f2c6b5b1100","      UIADD3 UR9, UPT, UPT, -UR10, UR9, URZ","82","29","82","1048576","33554432","33554432","32","32","0","0","0","-","-","-","0","0","0","0","0","0","0","0","-","0","0","0","0","0","0","0","0","0","0","0","0","3","0","0","0","0","0","16","0","0","0","63","0","0","0","0","0","0","2","0","0","0","0","0","0","0","0","0","27"
"0x7f2c6b5b1110","      ULEA UR10, UR8, UR4, 0x3","49","15","49","1048576","33554432","33554432","32","32","0","0","0","-","-","-","0","0","0","0","0","0","0","0","-","0","0","0","0","0","0","0","0","0","0","0","0","5","0","0","0","0","3","22","0","0","0","19","0","0","0","0","0","0","5","0","0","0","0","0","0","0","0","0","10"
"0x7f2c6b5b1120","      MOV R0, UR9","78","27","78","1048576","33554432","33554432","32","32","0","0","0","-","-","-","0","0","0","0","0","0","0","0","-","0","0","0","0","0","0","0","0","0","0","0","0","3","0","0","0","0","7","12","0","0","0","56","0","0","0","0","0","0","3","0","0","0","0","0","0","0","0","0","24"
"0x7f2c6b5b1130","      SHF.L.U32 R3, R0, 0x1f, RZ","83","43","83","1048576","33554432","33554432","32","32","0","0","0","-","-","-","0","0","0","0","0","0","0","0","-","0","0","0","0","0","0","0","0","1","0","0","0","5","0","0","0","0","3","9","0","0","0","65","0","0","1","0","0","0","4","0","0","0","0","0","0","0","0","0","38"
"0x7f2c6b5b1140","      SYNCS.PHASECHK.TRANS64.TRYWAIT P0, [UR10+0x31948], R3","80","36","80","1048576","33554432","33554432","32","32","0","0","0","-","-","-","0","0","0","0","0","0","0","0","-","0","0","0","0","0","0","0","0","1","0","0","0","0","0","0","0","0","1","18","0","0","0","60","0","0","0","0","0","0","0","0","0","0","0","0","0","0","0","0","36"
"0x7f2c6b5b1150","@!P0  BRA 0x7f2c6b5b3fb0","1046","784","1046","1048576","33554432","9298848","32","8","24","24","0","-","-","-","0","0","0","0","0","0","0","0","-","0","0","0","0","0","0","0","0","0","0","0","995","0","0","0","0","0","9","18","0","0","0","24","0","0","0","0","0","770","0","0","0","0","0","0","0","0","0","0","14"
"0x7f2c6b5b1160","      ULEA UR9, UR8, UR33, 0x2","139","76","139","1048576","33554432","33554432","32","32","24","0","0","-","-","-","0","0","0","0","0","0","0","0","-","0","0","0","0","0","0","0","0","2","0","0","0","6","0","0","0","0","15","15","0","0","0","101","0","0","0","0","0","0","5","0","0","0","0","0","0","0","0","0","71"
"0x7f2c6b5b1170","      MOV R0, UR8","26","0","26","1048576","33554432","33554432","32","32","0","0","0","-","-","-","0","0","0","0","0","0","0","0","-","0","0","0","0","0","0","0","0","0","0","0","0","0","0","0","0","0","0","26","0","0","0","0","0","0","0","0","0","0","0","0","0","0","0","0","0","0","0","0","0"
"0x7f2c6b5b1180","      NOP","21","0","21","1048576","33554432","33554432","32","32","0","0","0","-","-","-","0","0","0","0","0","0","0","0","-","0","0","0","0","0","0","0","0","2","0","0","0","0","0","0","0","0","0","19","0","0","0","0","0","0","0","0","0","0","0","0","0","0","0","0","0","0","0","0","0"
"0x7f2c6b5b1190","      ULEA UR9, UR9, UR4, 0x2","101","26","101","1048576","33554432","33554432","32","32","0","0","0","-","-","-","0","0","0","0","0","0","0","0","-","0","0","0","0","0","0","0","0","8","0","0","0","27","0","0","0","0","24","22","0","0","0","20","0","0","2","0","0","0","17","0","0","0","0","0","0","0","0","0","7"
"0x7f2c6b5b11a0","      SHF.L.U32 R112, R0, 0x1f, RZ","26","0","26","1048576","33554432","33554432","32","32","0","0","0","-","-","-","0","0","0","0","0","0","0","0","-","0","0","0","0","0","0","0","0","3","0","0","0","0","0","0","0","0","0","23","0","0","0","0","0","0","0","0","0","0","0","0","0","0","0","0","0","0","0","0","0"
"0x7f2c6b5b11b0","      LDS R0, [UR9+0x31900]","170","70","170","1048576","33554432","33554432","32","32","0","0","0","Shared","Load","32","0","1","0","1048576","1048576","0","0","0","-","0","0","0","0","0","0","0","0","2","0","0","0","0","0","0","0","0","13","17","0","0","0","138","0","0","0","0","0","0","0","0","0","0","0","0","0","0","0","0","70"
"0x7f2c6b5b11c0","      SYNCS.PHASECHK.TRANS64.TRYWAIT P0, [UR4+0x31920], R112","19","0","19","1048576","33554432","33554432","32","32","0","0","0","-","-","-","0","0","0","0","0","0","0","0","-","0","0","0","0","0","0","0","0","0","0","0","0","0","0","0","0","0","0","19","0","0","0","0","0","0","0","0","0","0","0","0","0","0","0","0","0","0","0","0","0"
"0x7f2c6b5b11d0","@!P0  BRA 0x7f2c6b5b4010","12682","8429","12682","1048576","33554432","31495168","32","30","2","2","0","-","-","-","0","0","0","0","0","0","0","0","-","0","0","0","0","0","0","0","0","1","0","0","12594","0","0","0","0","0","40","19","0","0","0","28","0","0","0","0","0","8425","0","0","0","0","0","0","0","0","0","0","4"
"0x7f2c6b5b11e0","      ISETP.NE.U32.AND P0, PT, R0, -0x1, PT","148","68","148","1048576","33554432","33554432","32","32","2","0","0","-","-","-","0","0","0","0","0","0","0","0","-","0","0","0","0","0","0","0","0","2","0","0","0","15","0","0","0","0","27","22","0","0","0","82","0","0","0","0","0","0","12","0","0","0","0","0","0","0","0","0","56"
"0x7f2c6b5b11f0","      NOP","29","0","29","1048576","33554432","33554432","32","32","0","0","0","-","-","-","0","0","0","0","0","0","0","0","-","0","0","0","0","0","0","0","0","0","0","0","0","0","0","0","0","0","0","29","0","0","0","0","0","0","0","0","0","0","0","0","0","0","0","0","0","0","0","0","0"
"0x7f2c6b5b1200","      R2UR UR8, R113","20","0","20","1048576","33554432","33554432","32","32","0","0","0","-","-","-","0","0","0","0","0","0","0","0","-","0","0","0","0","0","0","0","0","0","0","0","0","0","0","0","0","0","0","20","0","0","0","0","0","0","0","0","0","0","0","0","0","0","0","0","0","0","0","0","0"
"0x7f2c6b5b1210","      SEL R69, RZ, 0x1, !P0","44","11","44","1048576","33554432","33554432","32","32","0","0","0","-","-","-","0","0","0","0","0","0","0","0","-","0","0","0","0","0","0","0","0","0","0","0","0","0","0","0","0","0","4","20","0","0","0","20","0","0","0","0","0","0","0","0","0","0","0","0","0","0","0","0","11"
"0x7f2c6b5b1220","      SHF.L.U32 R68, R69, 0x2, RZ","158","46","158","1048576","33554432","33554432","32","32","0","0","0","-","-","-","0","0","0","0","0","0","0","0","-","0","0","0","0","0","0","0","0","5","0","0","0","25","0","0","0","0","54","17","0","0","0","57","0","0","1","0","0","0","18","0","0","0","0","0","0","0","0","0","27"
"0x7f2c6b5b1230","      LDC R68, c[0x2][R68]","157","64","157","1048576","33554432","33554432","32","32","0","0","0","-","-","-","0","0","0","0","0","0","0","0","-","0","0","0","0","0","0","0","0","2","0","0","0","0","0","0","0","0","30","21","0","0","0","104","0","0","0","0","0","0","0","0","0","0","0","0","0","0","0","0","64"
"0x7f2c6b5b1240","      LDTM.STAT.x32.MAX.F32.NAN R66, R4, tmem[UR8]","27","0","27","1048576","33554432","33554432","32","32","0","0","0","Tmem","Load","-","0","0","0","0","0","0","0","0","-","0","0","0","0","0","0","0","0","0","0","0","0","0","0","0","0","0","0","27","0","0","0","0","0","0","0","0","0","0","0","0","0","0","0","0","0","0","0","0","0"
"0x7f2c6b5b1250","      NOP","21","0","21","1048576","33554432","33554432","32","32","0","0","0","-","-","-","0","0","0","0","0","0","0","0","-","0","0","0","0","0","0","0","0","0","0","0","0","0","0","0","0","0","0","21","0","0","0","0","0","0","0","0","0","0","0","0","0","0","0","0","0","0","0","0","0"
"0x7f2c6b5b1260","      FMUL2 R64, R10.F32x2.HI_LO, 0.090168438851833343506","1035","459","1035","1048576","33554432","33554432","32","32","0","0","0","-","-","-","0","0","0","0","0","0","0","0","-","0","0","0","0","0","0","0","0","8","0","0","0","86","0","0","0","0","211","25","705","0","0","0","0","0","2","0","0","0","60","0","0","0","0","0","0","397","0","0","0"
"0x7f2c6b5b1270","      SHF.R.S32.HI R69, RZ, 0x1f, R68","104","42","104","1048576","33554432","33554432","32","32","0","0","0","-","-","-","0","0","0","0","0","0","0","0","-","0","0","0","0","0","0","0","0","1","0","0","0","1","0","0","0","0","17","28","57","0","0","0","0","0","0","0","0","0","0","0","0","0","0","0","0","42","0","0","0"
"0x7f2c6b5b1280","      FMUL2 R46, R4.F32x2.HI_LO, 0.090168438851833343506","23","0","23","1048576","33554432","33554432","32","32","0","0","0","-","-","-","0","0","0","0","0","0","0","0","-","0","0","0","0","0","0","0","0","0","0","0","0","0","0","0","0","0","0","23","0","0","0","0","0","0","0","0","0","0","0","0","0","0","0","0","0","0","0","0","0"
"0x7f2c6b5b1290","      FMUL2 R50, R6.F32x2.HI_LO, 0.090168438851833343506","69","6","69","1048576","33554432","33554432","32","32","0","0","0","-","-","-","0","0","0","0","0","0","0","0","-","0","0","0","0","0","0","0","0","2","0","0","0","3","0","0","0","0","26","24","0","0","0","14","0","0","0","0","0","0","1","0","0","0","0","0","0","0","0","0","5"
"0x7f2c6b5b12a0","      FMUL2 R44, R8.F32x2.HI_LO, 0.090168438851833343506","56","11","56","1048576","33554432","33554432","32","32","0","0","0","-","-","-","0","0","0","0","0","0","0","0","-","0","0","0","0","0","0","0","0","2","0","0","0","3","0","0","0","0","15","18","0","0","0","18","0","0","0","0","0","0","2","0","0","0","0","0","0","0","0","0","9"
"0x7f2c6b5b12b0","      FMUL2 R42, R12.F32x2.HI_LO, 0.090168438851833343506","52","20","52","1048576","33554432","33554432","32","32","0","0","0","-","-","-","0","0","0","0","0","0","0","0","-","0","0","0","0","0","0","0","0","0","0","0","0","2","0","0","0","0","5","23","0","0","0","22","0","0","0","0","0","0","1","0","0","0","0","0","0","0","0","0","19"
"0x7f2c6b5b12c0","      FMUL2 R62, R14.F32x2.HI_LO, 0.090168438851833343506","34","17","34","1048576","33554432","33554432","32","32","0","0","0","-","-","-","0","0","0","0","0","0","0","0","-","0","0","0","0","0","0","0","0","0","0","0","0","2","0","0","0","0","1","12","0","0","0","19","0","0","0","0","0","0","0","0","0","0","0","0","0","0","0","0","17"
"0x7f2c6b5b12d0","      FMUL2 R40, R16.F32x2.HI_LO, 0.090168438851833343506","60","13","60","1048576","33554432","33554432","32","32","0","0","0","-","-","-","0","0","0","0","0","0","0","0","-","0","0","0","0","0","0","0","0","0","0","0","0","0","0","0","0","0","17","26","0","0","0","17","0","0","0","0","0","0","0","0","0","0","0","0","0","0","0","0","13"
"0x7f2c6b5b12e0","      FMUL2 R60, R18.F32x2.HI_LO, 0.090168438851833343506","61","9","61","1048576","33554432","33554432","32","32","0","0","0","-","-","-","0","0","0","0","0","0","0","0","-","0","0","0","0","0","0","0","0","1","0","0","0","2","0","0","0","0","17","30","0","0","0","11","0","0","0","0","0","0","2","0","0","0","0","0","0","0","0","0","7"
"0x7f2c6b5b12f0","      FMUL2 R38, R20.F32x2.HI_LO, 0.090168438851833343506","32","8","32","1048576","33554432","33554432","32","32","0","0","0","-","-","-","0","0","0","0","0","0","0","0","-","0","0","0","0","0","0","0","0","0","0","0","0","1","0","0","0","0","3","18","0","0","0","10","0","0","0","0","0","0","1","0","0","0","0","0","0","0","0","0","7"
"0x7f2c6b5b1300","      FMUL2 R58, R22.F32x2.HI_LO, 0.090168438851833343506","70","10","70","1048576","33554432","33554432","32","32","0","0","0","-","-","-","0","0","0","0","0","0","0","0","-","0","0","0","0","0","0","0","0","5","0","0","0","2","0","0","0","0","27","18","0","0","0","18","0","0","0","0","0","0","1","0","0","0","0","0","0","0","0","0","9"
"0x7f2c6b5b1310","      FMUL2 R36, R24.F32x2.HI_LO, 0.090168438851833343506","63","23","63","1048576","33554432","33554432","32","32","0","0","0","-","-","-","0","0","0","0","0","0","0","0","-","0","0","0","0","0","0","0","0","0","0","0","0","3","0","0","0","0","15","22","0","0","0","23","0","0","0","0","0","0","3","0","0","0","0","0","0","0","0","0","20"
"0x7f2c6b5b1320","      FMUL2 R56, R26.F32x2.HI_LO, 0.090168438851833343506","52","22","52","1048576","33554432","33554432","32","32","0","0","0","-","-","-","0","0","0","0","0","0","0","0","-","0","0","0","0","0","0","0","0","3","0","0","0","2","0","0","0","0","9","15","0","0","0","23","0","0","1","0","0","0","2","0","0","0","0","0","0","0","0","0","19"
"0x7f2c6b5b1330","      FMUL2 R2, R28.F32x2.HI_LO, 0.090168438851833343506","49","18","49","1048576","33554432","33554432","32","32","0","0","0","-","-","-","0","0","0","0","0","0","0","0","-","0","0","0","0","0","0","0","0","1","0","0","0","0","0","0","0","0","8","18","0","0","0","22","0","0","0","0","0","0","0","0","0","0","0","0","0","0","0","0","18"
"0x7f2c6b5b1340","      FMUL R66, R66, 0.090168438851833343506","62","20","62","1048576","33554432","33554432","32","32","0","0","0","-","-","-","0","0","0","0","0","0","0","0","-","0","0","0","0","0","0","0","0","0","0","0","0","0","0","0","0","0","15","23","0","0","0","24","0","0","0","0","0","0","0","0","0","0","0","0","0","0","0","0","20"
"0x7f2c6b5b1350","      FMUL2 R54, R30.F32x2.HI_LO, 0.090168438851833343506","49","17","49","1048576","33554432","33554432","32","32","0","0","0","-","-","-","0","0","0","0","0","0","0","0","-","0","0","0","0","0","0","0","0","3","0","0","0","21","0","0","0","0","6","19","0","0","0","0","0","0","3","0","0","0","14","0","0","0","0","0","0","0","0","0","0"
"0x7f2c6b5b1360","      FMUL2 R48, R32.F32x2.HI_LO, 0.090168438851833343506","51","20","51","1048576","33554432","33554432","32","32","0","0","0","-","-","-","0","0","0","0","0","0","0","0","-","0","0","0","0","0","0","0","0","0","0","0","0","1","0","0","0","0","9","17","0","0","0","24","0","0","0","0","0","0","1","0","0","0","0","0","0","0","0","0","19"
"0x7f2c6b5b1370","      FMUL2 R52, R34.F32x2.HI_LO, 0.090168438851833343506","51","20","51","1048576","33554432","33554432","32","32","0","0","0","-","-","-","0","0","0","0","0","0","0","0","-","0","0","0","0","0","0","0","0","0","0","0","0","0","0","0","0","0","10","15","0","0","0","26","0","0","0","0","0","0","0","0","0","0","0","0","0","0","0","0","20"
"0x7f2c6b5b1380","      FMNMX R11, R66, R67, !PT","22","0","22","1048576","33554432","33554432","32","32","0","0","0","-","-","-","0","0","0","0","0","0","0","0","-","0","0","0","0","0","0","0","0","0","0","0","0","0","0","0","0","0","0","22","0","0","0","0","0","0","0","0","0","0","0","0","0","0","0","0","0","0","0","0","0"
"0x7f2c6b5b1390","      BRX R68, -0x3a20","22","0","22","1048576","33554432","33554432","32","32","0","0","0","-","-","-","0","0","0","0","0","0","0","0","-","0","0","0","0","0","0","0","0","0","0","0","0","0","0","0","0","0","0","22","0","0","0","0","0","0","0","0","0","0","0","0","0","0","0","0","0","0","0","0","0"
"0x7f2c6b5b13a0","      R2P PR, R0, 0x7f","726","346","726","0","0","0","0","0","32","32","0","-","-","-","0","0","0","0","0","0","0","0","-","0","0","0","0","0","0","0","634","0","0","0","0","0","0","0","0","0","0","20","0","0","0","72","0","312","0","0","0","0","0","0","0","0","0","0","0","0","0","0","34"
"0x7f2c6b5b13b0","      SEL R46, R46, 0xf149f2ca, P0","0","0","0","0","0","0","0","0","0","32","0","-","-","-","0","0","0","0","0","0","0","0","-","0","0","0","0","0","0","0","0","0","0","0","0","0","0","0","0","0","0","0","0","0","0","0","0","0","0","0","0","0","0","0","0","0","0","0","0","0","0","0","0"
"0x7f2c6b5b13c0","      SEL R47, R47, 0xf149f2ca, P1","0","0","0","0","0","0","0","0","0","32","0","-","-","-","0","0","0","0","0","0","0","0","-","0","0","0","0","0","0","0","0","0","0","0","0","0","0","0","0","0","0","0","0","0","0","0","0","0","0","0","0","0","0","0","0","0","0","0","0","0","0","0","0"
"0x7f2c6b5b13d0","      SEL R50, R50, 0xf149f2ca, P2","0","0","0","0","0","0","0","0","0","32","0","-","-","-","0","0","0","0","0","0","0","0","-","0","0","0","0","0","0","0","0","0","0","0","0","0","0","0","0","0","0","0","0","0","0","0","0","0","0","0","0","0","0","0","0","0","0","0","0","0","0","0","0"
"0x7f2c6b5b13e0","      SEL R51, R51, 0xf149f2ca, P3","0","0","0","0","0","0","0","0","0","32","0","-","-","-","0","0","0","0","0","0","0","0","-","0","0","0","0","0","0","0","0","0","0","0","0","0","0","0","0","0","0","0","0","0","0","0","0","0","0","0","0","0","0","0","0","0","0","0","0","0","0","0","0"
"0x7f2c6b5b13f0","      LOP3.LUT P0, RZ, R0, 0x80, RZ, 0xc0, !PT","0","0","0","0","0","0","0","0","0","32","0","-","-","-","0","0","0","0","0","0","0","0","-","0","0","0","0","0","0","0","0","0","0","0","0","0","0","0","0","0","0","0","0","0","0","0","0","0","0","0","0","0","0","0","0","0","0","0","0","0","0","0","0"
"0x7f2c6b5b1400","      LOP3.LUT P1, RZ, R0, 0x8000, RZ, 0xc0, !PT","0","0","0","0","0","0","0","0","0","32","0","-","-","-","0","0","0","0","0","0","0","0","-","0","0","0","0","0","0","0","0","0","0","0","0","0","0","0","0","0","0","0","0","0","0","0","0","0","0","0","0","0","0","0","0","0","0","0","0","0","0","0","0"
"0x7f2c6b5b1410","      LOP3.LUT P2, RZ, R0, 0x800000, RZ, 0xc0, !PT","0","0","0","0","0","0","0","0","0","32","0","-","-","-","0","0","0","0","0","0","0","0","-","0","0","0","0","0","0","0","0","0","0","0","0","0","0","0","0","0","0","0","0","0","0","0","0","0","0","0","0","0","0","0","0","0","0","0","0","0","0","0","0"
"0x7f2c6b5b1420","      LOP3.LUT P3, RZ, R0, 0x80000000, RZ, 0xc0, !PT","0","0","0","0","0","0","0","0","0","32","0","-","-","-","0","0","0","0","0","0","0","0","-","0","0","0","0","0","0","0","0","0","0","0","0","0","0","0","0","0","0","0","0","0","0","0","0","0","0","0","0","0","0","0","0","0","0","0","0","0","0","0","0"
"0x7f2c6b5b1430","      SEL R44, R44, 0xf149f2ca, P4","0","0","0","0","0","0","0","0","0","32","0","-","-","-","0","0","0","0","0","0","0","0","-","0","0","0","0","0","0","0","0","0","0","0","0","0","0","0","0","0","0","0","0","0","0","0","0","0","0","0","0","0","0","0","0","0","0","0","0","0","0","0","0"
"0x7f2c6b5b1440","      SEL R45, R45, 0xf149f2ca, P5","0","0","0","0","0","0","0","0","0","32","0","-","-","-","0","0","0","0","0","0","0","0","-","0","0","0","0","0","0","0","0","0","0","0","0","0","0","0","0","0","0","0","0","0","0","0","0","0","0","0","0","0","0","0","0","0","0","0","0","0","0","0","0"
"0x7f2c6b5b1450","      SEL R64, R64, 0xf149f2ca, P6","0","0","0","0","0","0","0","0","0","32","0","-","-","-","0","0","0","0","0","0","0","0","-","0","0","0","0","0","0","0","0","0","0","0","0","0","0","0","0","0","0","0","0","0","0","0","0","0","0","0","0","0","0","0","0","0","0","0","0","0","0","0","0"
"0x7f2c6b5b1460","      SEL R65, R65, 0xf149f2ca, P0","0","0","0","0","0","0","0","0","0","32","0","-","-","-","0","0","0","0","0","0","0","0","-","0","0","0","0","0","0","0","0","0","0","0","0","0","0","0","0","0","0","0","0","0","0","0","0","0","0","0","0","0","0","0","0","0","0","0","0","0","0","0","0"
"0x7f2c6b5b1470","      SEL R61, R61, 0xf149f2ca, P1","0","0","0","0","0","0","0","0","0","32","0","-","-","-","0","0","0","0","0","0","0","0","-","0","0","0","0","0","0","0","0","0","0","0","0","0","0","0","0","0","0","0","0","0","0","0","0","0","0","0","0","0","0","0","0","0","0","0","0","0","0","0","0"
"0x7f2c6b5b1480","      SEL R57, R57, 0xf149f2ca, P2","0","0","0","0","0","0","0","0","0","32","0","-","-","-","0","0","0","0","0","0","0","0","-","0","0","0","0","0","0","0","0","0","0","0","0","0","0","0","0","0","0","0","0","0","0","0","0","0","0","0","0","0","0","0","0","0","0","0","0","0","0","0","0"
"0x7f2c6b5b1490","      SEL R53, R53, 0xf149f2ca, P3","0","0","0","0","0","0","0","0","0","32","0","-","-","-","0","0","0","0","0","0","0","0","-","0","0","0","0","0","0","0","0","0","0","0","0","0","0","0","0","0","0","0","0","0","0","0","0","0","0","0","0","0","0","0","0","0","0","0","0","0","0","0","0"
"0x7f2c6b5b14a0","      R2P PR, R0.B1, 0x7f","0","0","0","0","0","0","0","0","0","32","0","-","-","-","0","0","0","0","0","0","0","0","-","0","0","0","0","0","0","0","0","0","0","0","0","0","0","0","0","0","0","0","0","0","0","0","0","0","0","0","0","0","0","0","0","0","0","0","0","0","0","0","0"
"0x7f2c6b5b14b0","      FMNMX3.NAN R6, R46, R47, R50, !PT","0","0","0","0","0","0","0","0","0","32","0","-","-","-","0","0","0","0","0","0","0","0","-","0","0","0","0","0","0","0","0","0","0","0","0","0","0","0","0","0","0","0","0","0","0","0","0","0","0","0","0","0","0","0","0","0","0","0","0","0","0","0","0"
"0x7f2c6b5b14c0","      FMNMX3.NAN R5, R51, R44, R45, !PT","0","0","0","0","0","0","0","0","0","32","0","-","-","-","0","0","0","0","0","0","0","0","-","0","0","0","0","0","0","0","0","0","0","0","0","0","0","0","0","0","0","0","0","0","0","0","0","0","0","0","0","0","0","0","0","0","0","0","0","0","0","0","0"
"0x7f2c6b5b14d0","      SEL R42, R42, 0xf149f2ca, P0","0","0","0","0","0","0","0","0","0","32","0","-","-","-","0","0","0","0","0","0","0","0","-","0","0","0","0","0","0","0","0","0","0","0","0","0","0","0","0","0","0","0","0","0","0","0","0","0","0","0","0","0","0","0","0","0","0","0","0","0","0","0","0"
"0x7f2c6b5b14e0","      SEL R43, R43, 0xf149f2ca, P1","0","0","0","0","0","0","0","0","0","32","0","-","-","-","0","0","0","0","0","0","0","0","-","0","0","0","0","0","0","0","0","0","0","0","0","0","0","0","0","0","0","0","0","0","0","0","0","0","0","0","0","0","0","0","0","0","0","0","0","0","0","0","0"
"0x7f2c6b5b14f0","      SEL R62, R62, 0xf149f2ca, P2","0","0","0","0","0","0","0","0","0","32","0","-","-","-","0","0","0","0","0","0","0","0","-","0","0","0","0","0","0","0","0","0","0","0","0","0","0","0","0","0","0","0","0","0","0","0","0","0","0","0","0","0","0","0","0","0","0","0","0","0","0","0","0"
"0x7f2c6b5b1500","      SEL R63, R63, 0xf149f2ca, P3","0","0","0","0","0","0","0","0","0","32","0","-","-","-","0","0","0","0","0","0","0","0","-","0","0","0","0","0","0","0","0","0","0","0","0","0","0","0","0","0","0","0","0","0","0","0","0","0","0","0","0","0","0","0","0","0","0","0","0","0","0","0","0"
"0x7f2c6b5b1510","      SEL R40, R40, 0xf149f2ca, P4","0","0","0","0","0","0","0","0","0","32","0","-","-","-","0","0","0","0","0","0","0","0","-","0","0","0","0","0","0","0","0","0","0","0","0","0","0","0","0","0","0","0","0","0","0","0","0","0","0","0","0","0","0","0","0","0","0","0","0","0","0","0","0"
"0x7f2c6b5b1520","      SEL R41, R41, 0xf149f2ca, P5","0","0","0","0","0","0","0","0","0","32","0","-","-","-","0","0","0","0","0","0","0","0","-","0","0","0","0","0","0","0","0","0","0","0","0","0","0","0","0","0","0","0","0","0","0","0","0","0","0","0","0","0","0","0","0","0","0","0","0","0","0","0","0"
"0x7f2c6b5b1530","      SEL R60, R60, 0xf149f2ca, P6","0","0","0","0","0","0","0","0","0","32","0","-","-","-","0","0","0","0","0","0","0","0","-","0","0","0","0","0","0","0","0","0","0","0","0","0","0","0","0","0","0","0","0","0","0","0","0","0","0","0","0","0","0","0","0","0","0","0","0","0","0","0","0"
"0x7f2c6b5b1540","      R2P PR, R0.B2, 0x7f","0","0","0","0","0","0","0","0","0","32","0","-","-","-","0","0","0","0","0","0","0","0","-","0","0","0","0","0","0","0","0","0","0","0","0","0","0","0","0","0","0","0","0","0","0","0","0","0","0","0","0","0","0","0","0","0","0","0","0","0","0","0","0"
"0x7f2c6b5b1550","      FMNMX3.NAN R4, R64, R65, R42, !PT","0","0","0","0","0","0","0","0","0","32","0","-","-","-","0","0","0","0","0","0","0","0","-","0","0","0","0","0","0","0","0","0","0","0","0","0","0","0","0","0","0","0","0","0","0","0","0","0","0","0","0","0","0","0","0","0","0","0","0","0","0","0","0"
"0x7f2c6b5b1560","      FMNMX3.NAN R11, R43, R62, R63, !PT","0","0","0","0","0","0","0","0","0","32","0","-","-","-","0","0","0","0","0","0","0","0","-","0","0","0","0","0","0","0","0","0","0","0","0","0","0","0","0","0","0","0","0","0","0","0","0","0","0","0","0","0","0","0","0","0","0","0","0","0","0","0","0"
"0x7f2c6b5b1570","      SEL R38, R38, 0xf149f2ca, P0","0","0","0","0","0","0","0","0","0","32","0","-","-","-","0","0","0","0","0","0","0","0","-","0","0","0","0","0","0","0","0","0","0","0","0","0","0","0","0","0","0","0","0","0","0","0","0","0","0","0","0","0","0","0","0","0","0","0","0","0","0","0","0"
"0x7f2c6b5b1580","      SEL R39, R39, 0xf149f2ca, P1","0","0","0","0","0","0","0","0","0","32","0","-","-","-","0","0","0","0","0","0","0","0","-","0","0","0","0","0","0","0","0","0","0","0","0","0","0","0","0","0","0","0","0","0","0","0","0","0","0","0","0","0","0","0","0","0","0","0","0","0","0","0","0"
"0x7f2c6b5b1590","      SEL R58, R58, 0xf149f2ca, P2","0","0","0","0","0","0","0","0","0","32","0","-","-","-","0","0","0","0","0","0","0","0","-","0","0","0","0","0","0","0","0","0","0","0","0","0","0","0","0","0","0","0","0","0","0","0","0","0","0","0","0","0","0","0","0","0","0","0","0","0","0","0","0"
"0x7f2c6b5b15a0","      SEL R59, R59, 0xf149f2ca, P3","0","0","0","0","0","0","0","0","0","32","0","-","-","-","0","0","0","0","0","0","0","0","-","0","0","0","0","0","0","0","0","0","0","0","0","0","0","0","0","0","0","0","0","0","0","0","0","0","0","0","0","0","0","0","0","0","0","0","0","0","0","0","0"
"0x7f2c6b5b15b0","      SEL R36, R36, 0xf149f2ca, P4","0","0","0","0","0","0","0","0","0","32","0","-","-","-","0","0","0","0","0","0","0","0","-","0","0","0","0","0","0","0","0","0","0","0","0","0","0","0","0","0","0","0","0","0","0","0","0","0","0","0","0","0","0","0","0","0","0","0","0","0","0","0","0"
"0x7f2c6b5b15c0","      SEL R37, R37, 0xf149f2ca, P5","0","0","0","0","0","0","0","0","0","32","0","-","-","-","0","0","0","0","0","0","0","0","-","0","0","0","0","0","0","0","0","0","0","0","0","0","0","0","0","0","0","0","0","0","0","0","0","0","0","0","0","0","0","0","0","0","0","0","0","0","0","0","0"
"0x7f2c6b5b15d0","      SEL R56, R56, 0xf149f2ca, P6","0","0","0","0","0","0","0","0","0","32","0","-","-","-","0","0","0","0","0","0","0","0","-","0","0","0","0","0","0","0","0","0","0","0","0","0","0","0","0","0","0","0","0","0","0","0","0","0","0","0","0","0","0","0","0","0","0","0","0","0","0","0","0"
"0x7f2c6b5b15e0","      R2P PR, R0.B3, 0x7f","0","0","0","0","0","0","0","0","0","32","0","-","-","-","0","0","0","0","0","0","0","0","-","0","0","0","0","0","0","0","0","0","0","0","0","0","0","0","0","0","0","0","0","0","0","0","0","0","0","0","0","0","0","0","0","0","0","0","0","0","0","0","0"
"0x7f2c6b5b15f0","      FMNMX3.NAN R4, R6, R5, R4, !PT","0","0","0","0","0","0","0","0","0","32","0","-","-","-","0","0","0","0","0","0","0","0","-","0","0","0","0","0","0","0","0","0","0","0","0","0","0","0","0","0","0","0","0","0","0","0","0","0","0","0","0","0","0","0","0","0","0","0","0","0","0","0","0"
"0x7f2c6b5b1600","      FMNMX3.NAN R10, R40, R41, R60, !PT","0","0","0","0","0","0","0","0","0","32","0","-","-","-","0","0","0","0","0","0","0","0","-","0","0","0","0","0","0","0","0","0","0","0","0","0","0","0","0","0","0","0","0","0","0","0","0","0","0","0","0","0","0","0","0","0","0","0","0","0","0","0","0"
"0x7f2c6b5b1610","      SEL R55, R55, 0xf149f2ca, P3","0","0","0","0","0","0","0","0","0","32","0","-","-","-","0","0","0","0","0","0","0","0","-","0","0","0","0","0","0","0","0","0","0","0","0","0","0","0","0","0","0","0","0","0","0","0","0","0","0","0","0","0","0","0","0","0","0","0","0","0","0","0","0"
"0x7f2c6b5b1620","      SEL R48, R48, 0xf149f2ca, P4","0","0","0","0","0","0","0","0","0","32","0","-","-","-","0","0","0","0","0","0","0","0","-","0","0","0","0","0","0","0","0","0","0","0","0","0","0","0","0","0","0","0","0","0","0","0","0","0","0","0","0","0","0","0","0","0","0","0","0","0","0","0","0"
"0x7f2c6b5b1630","      SEL R49, R49, 0xf149f2ca, P5","0","0","0","0","0","0","0","0","0","32","0","-","-","-","0","0","0","0","0","0","0","0","-","0","0","0","0","0","0","0","0","0","0","0","0","0","0","0","0","0","0","0","0","0","0","0","0","0","0","0","0","0","0","0","0","0","0","0","0","0","0","0","0"
"0x7f2c6b5b1640","      SEL R52, R52, 0xf149f2ca, P6","0","0","0","0","0","0","0","0","0","32","0","-","-","-","0","0","0","0","0","0","0","0","-","0","0","0","0","0","0","0","0","0","0","0","0","0","0","0","0","0","0","0","0","0","0","0","0","0","0","0","0","0","0","0","0","0","0","0","0","0","0","0","0"
"0x7f2c6b5b1650","      SEL R2, R2, 0xf149f2ca, P0","0","0","0","0","0","0","0","0","0","32","0","-","-","-","0","0","0","0","0","0","0","0","-","0","0","0","0","0","0","0","0","0","0","0","0","0","0","0","0","0","0","0","0","0","0","0","0","0","0","0","0","0","0","0","0","0","0","0","0","0","0","0","0"
"0x7f2c6b5b1660","      SEL R3, R3, 0xf149f2ca, P1","0","0","0","0","0","0","0","0","0","32","0","-","-","-","0","0","0","0","0","0","0","0","-","0","0","0","0","0","0","0","0","0","0","0","0","0","0","0","0","0","0","0","0","0","0","0","0","0","0","0","0","0","0","0","0","0","0","0","0","0","0","0","0"
"0x7f2c6b5b1670","      SEL R54, R54, 0xf149f2ca, P2","0","0","0","0","0","0","0","0","0","32","0","-","-","-","0","0","0","0","0","0","0","0","-","0","0","0","0","0","0","0","0","0","0","0","0","0","0","0","0","0","0","0","0","0","0","0","0","0","0","0","0","0","0","0","0","0","0","0","0","0","0","0","0"
"0x7f2c6b5b1680","      FMNMX3.NAN R9, R61, R38, R39, !PT","0","0","0","0","0","0","0","0","0","32","0","-","-","-","0","0","0","0","0","0","0","0","-","0","0","0","0","0","0","0","0","0","0","0","0","0","0","0","0","0","0","0","0","0","0","0","0","0","0","0","0","0","0","0","0","0","0","0","0","0","0","0","0"
"0x7f2c6b5b1690","      FMNMX3.NAN R8, R58, R59, R36, !PT","0","0","0","0","0","0","0","0","0","32","0","-","-","-","0","0","0","0","0","0","0","0","-","0","0","0","0","0","0","0","0","0","0","0","0","0","0","0","0","0","0","0","0","0","0","0","0","0","0","0","0","0","0","0","0","0","0","0","0","0","0","0","0"
"0x7f2c6b5b16a0","      FMNMX3.NAN R7, R37, R56, R57, !PT","0","0","0","0","0","0","0","0","0","32","0","-","-","-","0","0","0","0","0","0","0","0","-","0","0","0","0","0","0","0","0","0","0","0","0","0","0","0","0","0","0","0","0","0","0","0","0","0","0","0","0","0","0","0","0","0","0","0","0","0","0","0","0"
"0x7f2c6b5b16b0","      FMNMX3.NAN R0, R55, R48, R49, !PT","0","0","0","0","0","0","0","0","0","32","0","-","-","-","0","0","0","0","0","0","0","0","-","0","0","0","0","0","0","0","0","0","0","0","0","0","0","0","0","0","0","0","0","0","0","0","0","0","0","0","0","0","0","0","0","0","0","0","0","0","0","0","0"
"0x7f2c6b5b16c0","      FMNMX3.NAN R5, R52, R53, R67, !PT","0","0","0","0","0","0","0","0","0","32","0","-","-","-","0","0","0","0","0","0","0","0","-","0","0","0","0","0","0","0","0","0","0","0","0","0","0","0","0","0","0","0","0","0","0","0","0","0","0","0","0","0","0","0","0","0","0","0","0","0","0","0","0"
"0x7f2c6b5b16d0","      FMNMX3.NAN R6, R2, R3, R54, !PT","0","0","0","0","0","0","0","0","0","32","0","-","-","-","0","0","0","0","0","0","0","0","-","0","0","0","0","0","0","0","0","0","0","0","0","0","0","0","0","0","0","0","0","0","0","0","0","0","0","0","0","0","0","0","0","0","0","0","0","0","0","0","0"
"0x7f2c6b5b16e0","      FMNMX3.NAN R9, R11, R10, R9, !PT","0","0","0","0","0","0","0","0","0","32","0","-","-","-","0","0","0","0","0","0","0","0","-","0","0","0","0","0","0","0","0","0","0","0","0","0","0","0","0","0","0","0","0","0","0","0","0","0","0","0","0","0","0","0","0","0","0","0","0","0","0","0","0"
"0x7f2c6b5b16f0","      FMNMX3.NAN R0, R0, R5, R4, !PT","0","0","0","0","0","0","0","0","0","32","0","-","-","-","0","0","0","0","0","0","0","0","-","0","0","0","0","0","0","0","0","0","0","0","0","0","0","0","0","0","0","0","0","0","0","0","0","0","0","0","0","0","0","0","0","0","0","0","0","0","0","0","0"
"0x7f2c6b5b1700","      FMNMX3.NAN R6, R8, R7, R6, !PT","0","0","0","0","0","0","0","0","0","32","0","-","-","-","0","0","0","0","0","0","0","0","-","0","0","0","0","0","0","0","0","0","0","0","0","0","0","0","0","0","0","0","0","0","0","0","0","0","0","0","0","0","0","0","0","0","0","0","0","0","0","0","0"
"0x7f2c6b5b1710","      FMNMX3.NAN R11, R9, R6, R0, !PT","0","0","0","0","0","0","0","0","0","32","0","-","-","-","0","0","0","0","0","0","0","0","-","0","0","0","0","0","0","0","0","0","0","0","0","0","0","0","0","0","0","0","0","0","0","0","0","0","0","0","0","0","0","0","0","0","0","0","0","0","0","0","0"
"0x7f2c6b5b1720","      STS [R102+UR4+0x31100], R11","299","134","299","1048576","33554432","33554432","32","32","32","0","0","Shared","Store","32","0","1","0","1048576","1048576","0","0","0","-","0","0","0","0","0","0","0","58","4","0","0","0","0","0","0","0","183","54","0","0","0","0","0","0","28","0","0","0","0","0","0","0","0","106","0","0","0","0","0","0"
"0x7f2c6b5b1730","      NOP","21","0","21","1048576","33554432","33554432","32","32","0","0","0","-","-","-","0","0","0","0","0","0","0","0","-","0","0","0","0","0","0","0","0","0","0","0","0","0","0","0","0","0","0","21","0","0","0","0","0","0","0","0","0","0","0","0","0","0","0","0","0","0","0","0","0"
"0x7f2c6b5b1740","      FADD R0, R67, 4.5","21","0","21","1048576","33554432","33554432","32","32","0","0","0","-","-","-","0","0","0","0","0","0","0","0","-","0","0","0","0","0","0","0","0","0","0","0","0","0","0","0","0","0","0","21","0","0","0","0","0","0","0","0","0","0","0","0","0","0","0","0","0","0","0","0","0"
"0x7f2c6b5b1750","      BAR.SYNC.DEFER_BLOCKING 0x1, 0x100","21","0","21","1048576","33554432","33554432","32","32","0","0","0","-","-","-","0","0","0","0","0","0","0","0","-","0","0","0","0","0","0","0","0","0","0","0","0","0","0","0","0","0","0","21","0","0","0","0","0","0","0","0","0","0","0","0","0","0","0","0","0","0","0","0","0"
"0x7f2c6b5b1760","      NOP","1033","740","1033","1048576","33554432","33554432","32","32","0","0","0","-","-","-","0","0","0","0","0","0","0","0","-","0","0","0","0","0","0","891","0","4","0","0","0","0","0","0","0","0","39","18","0","0","0","81","685","0","0","0","0","0","0","0","0","0","0","0","0","0","0","0","55"
"0x7f2c6b5b1770","      LDS R9, [R101+UR4+0x31300]","20","0","20","1048576","33554432","33554432","32","32","0","0","0","Shared","Load","32","0","1","0","1048576","1048576","0","0","0","-","0","0","0","0","0","0","0","0","0","0","0","0","0","0","0","0","0","0","20","0","0","0","0","0","0","0","0","0","0","0","0","0","0","0","0","0","0","0","0","0"
"0x7f2c6b5b1780","      LDS R6, [R101+UR4+0x31400]","93","24","93","1048576","33554432","33554432","32","32","0","0","0","Shared","Load","32","0","1","0","1048576","1048576","0","0","0","-","0","0","0","0","0","0","0","0","1","0","0","0","0","0","0","0","0","12","17","0","0","0","63","0","0","0","0","0","0","0","0","0","0","0","0","0","0","0","0","24"
"0x7f2c6b5b1790","      LDS R8, [R101+UR4+0x31100]","73","32","73","1048576","33554432","33554432","32","32","0","0","0","Shared","Load","32","0","1","0","1048576","1048576","0","0","0","-","0","0","0","0","0","0","0","0","0","0","0","0","0","0","0","0","0","7","14","0","0","0","52","0","0","0","0","0","0","0","0","0","0","0","0","0","0","0","0","32"
"0x7f2c6b5b17a0","      LDS R7, [R101+UR4+0x31200]","65","21","65","1048576","33554432","33554432","32","32","0","0","0","Shared","Load","32","0","1","0","1048576","1048576","0","0","0","-","0","0","0","0","0","0","0","0","0","0","0","0","0","0","0","0","0","10","15","0","0","0","40","0","0","0","0","0","0","0","0","0","0","0","0","0","0","0","0","21"
"0x7f2c6b5b17b0","      S2R R118, SR_TID.X","25","0","25","1048576","33554432","33554432","32","32","0","0","0","-","-","-","0","0","0","0","0","0","0","0","-","0","0","0","0","0","0","0","0","0","0","0","0","0","0","0","0","0","0","25","0","0","0","0","0","0","0","0","0","0","0","0","0","0","0","0","0","0","0","0","0"
"0x7f2c6b5b17c0","      FMNMX R6, R9, R6, !PT","379","280","379","1048576","33554432","33554432","32","32","0","0","0","-","-","-","0","0","0","0","0","0","0","0","-","0","0","0","0","0","0","0","0","1","0","0","0","0","0","0","0","0","12","21","345","0","0","0","0","0","0","0","0","0","0","0","0","0","0","0","0","280","0","0","0"
"0x7f2c6b5b17d0","      FMNMX3 R6, R8, R7, R6, !PT","373","260","373","1048576","33554432","33554432","32","32","0","0","0","-","-","-","0","0","0","0","0","0","0","0","-","0","0","0","0","0","0","0","0","0","0","0","0","7","0","0","0","0","22","16","272","0","0","56","0","0","0","0","0","0","2","0","0","0","0","0","0","210","0","0","48"
"0x7f2c6b5b17e0","      FSETP.GTU.AND P0, PT, R6, R0, PT","99","40","99","1048576","33554432","33554432","32","32","0","0","0","-","-","-","0","0","0","0","0","0","0","0","-","0","0","0","0","0","0","0","0","2","0","0","0","2","0","0","0","0","10","23","0","0","0","62","0","0","0","0","0","0","0","0","0","0","0","0","0","0","0","0","40"
"0x7f2c6b5b17f0","      FSEL R98, R67, R6, !P0","86","28","86","1048576","33554432","33554432","32","32","0","0","0","-","-","-","0","0","0","0","0","0","0","0","-","0","0","0","0","0","0","0","0","2","0","0","0","3","0","0","0","0","13","16","0","0","0","52","0","0","0","0","0","0","0","0","0","0","0","0","0","0","0","0","28"
"0x7f2c6b5b1800","      FADD R4, -R98, 4","128","62","128","1048576","33554432","33554432","32","32","0","0","0","-","-","-","0","0","0","0","0","0","0","0","-","0","0","0","0","0","0","0","0","3","0","0","0","8","0","0","0","0","26","14","0","0","0","77","0","0","3","0","0","0","7","0","0","0","0","0","0","0","0","0","52"
"0x7f2c6b5b1810","      FADD R0, -R98, R67","23","0","23","1048576","33554432","33554432","32","32","0","0","0","-","-","-","0","0","0","0","0","0","0","0","-","0","0","0","0","0","0","0","0","0","0","0","0","0","0","0","0","0","0","23","0","0","0","0","0","0","0","0","0","0","0","0","0","0","0","0","0","0","0","0","0"
"0x7f2c6b5b1820","      FADD2 R94, R50.F32x2.HI_LO, R4.F32","104","36","104","1048576","33554432","33554432","32","32","0","0","0","-","-","-","0","0","0","0","0","0","0","0","-","0","0","0","0","0","0","0","0","0","0","0","0","20","0","0","0","0","20","19","0","0","0","45","0","0","0","0","0","0","15","0","0","0","0","0","0","0","0","0","21"
"0x7f2c6b5b1830","      MUFU.EX2 R100, R0","18","0","18","1048576","33554432","33554432","32","32","0","0","0","-","-","-","0","0","0","0","0","0","0","0","-","0","0","0","0","0","0","0","0","0","0","0","0","0","0","0","0","0","0","18","0","0","0","0","0","0","0","0","0","0","0","0","0","0","0","0","0","0","0","0","0"
"0x7f2c6b5b1840","      FADD2 R96, R46.F32x2.HI_LO, R4.F32","31","0","31","1048576","33554432","33554432","32","32","0","0","0","-","-","-","0","0","0","0","0","0","0","0","-","0","0","0","0","0","0","0","0","0","0","0","0","0","0","0","0","0","0","31","0","0","0","0","0","0","0","0","0","0","0","0","0","0","0","0","0","0","0","0","0"
"0x7f2c6b5b1850","      FADD2 R90, R64.F32x2.HI_LO, R4.F32","77","11","77","1048576","33554432","33554432","32","32","0","0","0","-","-","-","0","0","0","0","0","0","0","0","-","0","0","0","0","0","0","0","0","1","0","0","0","13","0","0","0","0","19","18","0","0","0","26","0","0","1","0","0","0","5","0","0","0","0","0","0","0","0","0","5"
"0x7f2c6b5b1860","      MUFU.EX2 R94, R94","177","79","177","1048576","33554432","33554432","32","32","0","0","0","-","-","-","0","0","0","0","0","0","0","0","-","0","0","0","0","0","0","0","0","0","0","0","0","0","0","0","0","0","9","20","0","0","0","148","0","0","0","0","0","0","0","0","0","0","0","0","0","0","0","0","79"
"0x7f2c6b5b1870","      FADD2 R92, R44.F32x2.HI_LO, R4.F32","15","0","15","1048576","33554432","33554432","32","32","0","0","0","-","-","-","0","0","0","0","0","0","0","0","-","0","0","0","0","0","0","0","0","0","0","0","0","0","0","0","0","0","0","15","0","0","0","0","0","0","0","0","0","0","0","0","0","0","0","0","0","0","0","0","0"
"0x7f2c6b5b1880","      FADD2 R86, R62.F32x2.HI_LO, R4.F32","52","21","52","1048576","33554432","33554432","32","32","0","0","0","-","-","-","0","0","0","0","0","0","0","0","-","0","0","0","0","0","0","0","0","3","0","0","0","3","0","0","0","0","2","24","0","0","0","20","0","0","0","0","0","0","2","0","0","0","0","0","0","0","0","0","19"
"0x7f2c6b5b1890","      MUFU.EX2 R95, R95","161","50","161","1048576","33554432","33554432","32","32","0","0","0","-","-","-","0","0","0","0","0","0","0","0","-","0","0","0","0","0","0","0","0","2","0","0","0","0","0","0","0","0","24","21","0","0","0","114","0","0","1","0","0","0","0","0","0","0","0","0","0","0","0","0","49"
"0x7f2c6b5b18a0","      FADD2 R82, R60.F32x2.HI_LO, R4.F32","26","0","26","1048576","33554432","33554432","32","32","0","0","0","-","-","-","0","0","0","0","0","0","0","0","-","0","0","0","0","0","0","0","0","4","0","0","0","0","0","0","0","0","0","22","0","0","0","0","0","0","0","0","0","0","0","0","0","0","0","0","0","0","0","0","0"
"0x7f2c6b5b18b0","      FADD2 R88, R42.F32x2.HI_LO, R4.F32","70","24","70","1048576","33554432","33554432","32","32","0","0","0","-","-","-","0","0","0","0","0","0","0","0","-","0","0","0","0","0","0","0","0","3","0","0","0","12","0","0","0","0","12","22","0","0","0","21","0","0","0","0","0","0","8","0","0","0","0","0","0","0","0","0","16"
"0x7f2c6b5b18c0","      MUFU.EX2 R96, R96","160","61","160","1048576","33554432","33554432","32","32","0","0","0","-","-","-","0","0","0","0","0","0","0","0","-","0","0","0","0","0","0","0","0","0","0","0","0","0","0","0","0","0","12","18","0","0","0","130","0","0","0","0","0","0","0","0","0","0","0","0","0","0","0","0","61"
"0x7f2c6b5b18d0","      FSETP.NEU.AND P0, PT, R100, 1, PT","26","0","26","1048576","33554432","33554432","32","32","0","0","0","-","-","-","0","0","0","0","0","0","0","0","-","0","0","0","0","0","0","0","0","3","0","0","0","0","0","0","0","0","0","23","0","0","0","0","0","0","0","0","0","0","0","0","0","0","0","0","0","0","0","0","0"
"0x7f2c6b5b18e0","      FADD2 R84, R40.F32x2.HI_LO, R4.F32","17","0","17","1048576","33554432","33554432","32","32","0","0","0","-","-","-","0","0","0","0","0","0","0","0","-","0","0","0","0","0","0","0","0","0","0","0","0","0","0","0","0","0","0","17","0","0","0","0","0","0","0","0","0","0","0","0","0","0","0","0","0","0","0","0","0"
"0x7f2c6b5b18f0","      MUFU.EX2 R97, R97","207","59","207","1048576","33554432","33554432","32","32","0","0","0","-","-","-","0","0","0","0","0","0","0","0","-","0","0","0","0","0","0","0","0","6","0","0","0","0","0","0","0","0","20","23","0","0","0","158","0","0","1","0","0","0","0","0","0","0","0","0","0","0","0","0","58"
"0x7f2c6b5b1900","      FADD2 R78, R58.F32x2.HI_LO, R4.F32","19","0","19","1048576","33554432","33554432","32","32","0","0","0","-","-","-","0","0","0","0","0","0","0","0","-","0","0","0","0","0","0","0","0","0","0","0","0","0","0","0","0","0","0","19","0","0","0","0","0","0","0","0","0","0","0","0","0","0","0","0","0","0","0","0","0"
"0x7f2c6b5b1910","      FADD2 R80, R38.F32x2.HI_LO, R4.F32","72","9","72","1048576","33554432","33554432","32","32","0","0","0","-","-","-","0","0","0","0","0","0","0","0","-","0","0","0","0","0","0","0","0","3","0","0","0","12","0","0","0","0","23","13","0","0","0","21","0","0","1","0","0","0","1","0","0","0","0","0","0","0","0","0","7"
"0x7f2c6b5b1920","      MUFU.EX2 R90, R90","176","54","176","1048576","33554432","33554432","32","32","0","0","0","-","-","-","0","0","0","0","0","0","0","0","-","0","0","0","0","0","0","0","0","2","0","0","0","0","0","0","0","0","28","25","0","0","0","121","0","0","0","0","0","0","0","0","0","0","0","0","0","0","0","0","54"
"0x7f2c6b5b1930","      FADD2 R72, R2.F32x2.HI_LO, R4.F32","27","0","27","1048576","33554432","33554432","32","32","0","0","0","-","-","-","0","0","0","0","0","0","0","0","-","0","0","0","0","0","0","0","0","3","0","0","0","0","0","0","0","0","0","24","0","0","0","0","0","0","0","0","0","0","0","0","0","0","0","0","0","0","0","0","0"
"0x7f2c6b5b1940","      F2FP.SATFINITE.E4M3.F32.PACK_AB_MERGE_C R11, R95, R94, RZ","26","0","26","1048576","33554432","33554432","32","32","0","0","0","-","-","-","0","0","0","0","0","0","0","0","-","0","0","0","0","0","0","0","0","1","0","0","0","0","0","0","0","0","0","25","0","0","0","0","0","0","0","0","0","0","0","0","0","0","0","0","0","0","0","0","0"
"0x7f2c6b5b1950","      FADD2 R70, R54.F32x2.HI_LO, R4.F32","22","0","22","1048576","33554432","33554432","32","32","0","0","0","-","-","-","0","0","0","0","0","0","0","0","-","0","0","0","0","0","0","0","0","3","0","0","0","0","0","0","0","0","0","19","0","0","0","0","0","0","0","0","0","0","0","0","0","0","0","0","0","0","0","0","0"
"0x7f2c6b5b1960","      MUFU.EX2 R91, R91","183","34","183","1048576","33554432","33554432","32","32","0","0","0","-","-","-","0","0","0","0","0","0","0","0","-","0","0","0","0","0","0","0","0","6","0","0","0","0","0","0","0","0","22","16","0","0","0","139","0","0","2","0","0","0","0","0","0","0","0","0","0","0","0","0","32"
"0x7f2c6b5b1970","      FADD2 R2, R52.F32x2.HI_LO, R4.F32","19","0","19","1048576","33554432","33554432","32","32","0","0","0","-","-","-","0","0","0","0","0","0","0","0","-","0","0","0","0","0","0","0","0","2","0","0","0","0","0","0","0","0","0","17","0","0","0","0","0","0","0","0","0","0","0","0","0","0","0","0","0","0","0","0","0"
"0x7f2c6b5b1980","      F2FP.F16.E4M3.UNPACK_B R34, R11","19","0","19","1048576","33554432","33554432","32","32","0","0","0","-","-","-","0","0","0","0","0","0","0","0","-","0","0","0","0","0","0","0","0","0","0","0","0","0","0","0","0","0","0","19","0","0","0","0","0","0","0","0","0","0","0","0","0","0","0","0","0","0","0","0","0"
"0x7f2c6b5b1990","      FADD2 R74, R56.F32x2.HI_LO, R4.F32","25","0","25","1048576","33554432","33554432","32","32","0","0","0","-","-","-","0","0","0","0","0","0","0","0","-","0","0","0","0","0","0","0","0","3","0","0","0","0","0","0","0","0","0","22","0","0","0","0","0","0","0","0","0","0","0","0","0","0","0","0","0","0","0","0","0"
"0x7f2c6b5b19a0","      VOTE.ALL P0, !P0","20","0","20","1048576","33554432","33554432","32","32","0","0","0","-","-","-","0","0","0","0","0","0","0","0","-","0","0","0","0","0","0","0","0","0","0","0","0","0","0","0","0","0","0","20","0","0","0","0","0","0","0","0","0","0","0","0","0","0","0","0","0","0","0","0","0"
"0x7f2c6b5b19b0","      MUFU.EX2 R92, R92","143","8","143","1048576","33554432","33554432","32","32","0","0","0","-","-","-","0","0","0","0","0","0","0","0","-","0","0","0","0","0","0","0","0","3","0","0","0","0","0","0","0","0","29","24","0","0","0","87","0","0","0","0","0","0","0","0","0","0","0","0","0","0","0","0","8"
"0x7f2c6b5b19c0","      F2FP.SATFINITE.E4M3.F32.PACK_AB_MERGE_C R32, R97, R96, RZ","19","0","19","1048576","33554432","33554432","32","32","0","0","0","-","-","-","0","0","0","0","0","0","0","0","-","0","0","0","0","0","0","0","0","0","0","0","0","0","0","0","0","0","0","19","0","0","0","0","0","0","0","0","0","0","0","0","0","0","0","0","0","0","0","0","0"
"0x7f2c6b5b19d0","      FADD2 R76, R36.F32x2.HI_LO, R4.F32","16","0","16","1048576","33554432","33554432","32","32","0","0","0","-","-","-","0","0","0","0","0","0","0","0","-","0","0","0","0","0","0","0","0","1","0","0","0","0","0","0","0","0","0","15","0","0","0","0","0","0","0","0","0","0","0","0","0","0","0","0","0","0","0","0","0"
"0x7f2c6b5b19e0","      ISETP.EQ.U32.OR P1, PT, RZ, UR12, P0","19","0","19","1048576","33554432","33554432","32","32","0","0","0","-","-","-","0","0","0","0","0","0","0","0","-","0","0","0","0","0","0","0","0","1","0","0","0","0","0","0","0","0","0","18","0","0","0","0","0","0","0","0","0","0","0","0","0","0","0","0","0","0","0","0","0"
"0x7f2c6b5b19f0","      MUFU.EX2 R93, R93","161","16","161","1048576","33554432","33554432","32","32","0","0","0","-","-","-","0","0","0","0","0","0","0","0","-","0","0","0","0","0","0","0","0","3","0","0","0","0","0","0","0","0","23","19","0","0","0","116","0","0","0","0","0","0","0","0","0","0","0","0","0","0","0","0","16"
"0x7f2c6b5b1a00","      PRMT R12, R32, 0x5410, R11","24","0","24","1048576","33554432","33554432","32","32","0","0","0","-","-","-","0","0","0","0","0","0","0","0","-","0","0","0","0","0","0","0","0","0","0","0","0","0","0","0","0","0","0","24","0","0","0","0","0","0","0","0","0","0","0","0","0","0","0","0","0","0","0","0","0"
"0x7f2c6b5b1a10","      FADD2 R4, R48.F32x2.HI_LO, R4.F32","22","0","22","1048576","33554432","33554432","32","32","0","0","0","-","-","-","0","0","0","0","0","0","0","0","-","0","0","0","0","0","0","0","0","0","0","0","0","0","0","0","0","0","0","22","0","0","0","0","0","0","0","0","0","0","0","0","0","0","0","0","0","0","0","0","0"
"0x7f2c6b5b1a20","      F2FP.F16.E4M3.UNPACK_B R32, R32","18","0","18","1048576","33554432","33554432","32","32","0","0","0","-","-","-","0","0","0","0","0","0","0","0","-","0","0","0","0","0","0","0","0","0","0","0","0","0","0","0","0","0","0","18","0","0","0","0","0","0","0","0","0","0","0","0","0","0","0","0","0","0","0","0","0"
"0x7f2c6b5b1a30","      MUFU.EX2 R86, R86","160","17","160","1048576","33554432","33554432","32","32","0","0","0","-","-","-","0","0","0","0","0","0","0","0","-","0","0","0","0","0","0","0","0","2","0","0","0","0","0","0","0","0","20","11","0","0","0","127","0","0","0","0","0","0","0","0","0","0","0","0","0","0","0","0","17"
"0x7f2c6b5b1a40","      F2FP.SATFINITE.E4M3.F32.PACK_AB_MERGE_C R13, R91, R90, RZ","30","0","30","1048576","33554432","33554432","32","32","0","0","0","-","-","-","0","0","0","0","0","0","0","0","-","0","0","0","0","0","0","0","0","0","0","0","0","0","0","0","0","0","0","30","0","0","0","0","0","0","0","0","0","0","0","0","0","0","0","0","0","0","0","0","0"
"0x7f2c6b5b1a50","      HADD2.F32 R35, -RZ, R34.H1_H1","15","0","15","1048576","33554432","33554432","32","32","0","0","0","-","-","-","0","0","0","0","0","0","0","0","-","0","0","0","0","0","0","0","0","0","0","0","0","0","0","0","0","0","0","15","0","0","0","0","0","0","0","0","0","0","0","0","0","0","0","0","0","0","0","0","0"
"0x7f2c6b5b1a60","      ISETP.NE.U32.AND P0, PT, R118, RZ, PT","25","0","25","1048576","33554432","33554432","32","32","0","0","0","-","-","-","0","0","0","0","0","0","0","0","-","0","0","0","0","0","0","0","0","3","0","0","0","0","0","0","0","0","0","22","0","0","0","0","0","0","0","0","0","0","0","0","0","0","0","0","0","0","0","0","0"
"0x7f2c6b5b1a70","      MUFU.EX2 R87, R87","146","18","146","1048576","33554432","33554432","32","32","0","0","0","-","-","-","0","0","0","0","0","0","0","0","-","0","0","0","0","0","0","0","0","1","0","0","0","0","0","0","0","0","16","19","0","0","0","110","0","0","0","0","0","0","0","0","0","0","0","0","0","0","0","0","18"
"0x7f2c6b5b1a80","      F2FP.F16.E4M3.UNPACK_B R14, R13","25","0","25","1048576","33554432","33554432","32","32","0","0","0","-","-","-","0","0","0","0","0","0","0","0","-","0","0","0","0","0","0","0","0","0","0","0","0","0","0","0","0","0","0","25","0","0","0","0","0","0","0","0","0","0","0","0","0","0","0","0","0","0","0","0","0"
"0x7f2c6b5b1a90","      HADD2.F32 R33, -RZ, R32.H1_H1","28","0","28","1048576","33554432","33554432","32","32","0","0","0","-","-","-","0","0","0","0","0","0","0","0","-","0","0","0","0","0","0","0","0","0","0","0","0","0","0","0","0","0","0","28","0","0","0","0","0","0","0","0","0","0","0","0","0","0","0","0","0","0","0","0","0"
"0x7f2c6b5b1aa0","      UIADD3 UR12, UPT, UPT, UR12, 0x1, URZ","18","0","18","1048576","33554432","33554432","32","32","0","0","0","-","-","-","0","0","0","0","0","0","0","0","-","0","0","0","0","0","0","0","0","0","0","0","0","0","0","0","0","0","0","18","0","0","0","0","0","0","0","0","0","0","0","0","0","0","0","0","0","0","0","0","0"
"0x7f2c6b5b1ab0","      MUFU.EX2 R82, R82","154","25","154","1048576","33554432","33554432","32","32","0","0","0","-","-","-","0","0","0","0","0","0","0","0","-","0","0","0","0","0","0","0","0","2","0","0","0","0","0","0","0","0","12","16","0","0","0","124","0","0","0","0","0","0","0","0","0","0","0","0","0","0","0","0","25"
"0x7f2c6b5b1ac0","      HADD2.F32 R32, -RZ, R32.H0_H0","21","0","21","1048576","33554432","33554432","32","32","0","0","0","-","-","-","0","0","0","0","0","0","0","0","-","0","0","0","0","0","0","0","0","0","0","0","0","0","0","0","0","0","0","21","0","0","0","0","0","0","0","0","0","0","0","0","0","0","0","0","0","0","0","0","0"
"0x7f2c6b5b1ad0","      F2FP.SATFINITE.E4M3.F32.PACK_AB_MERGE_C R30, R93, R92, RZ","24","0","24","1048576","33554432","33554432","32","32","0","0","0","-","-","-","0","0","0","0","0","0","0","0","-","0","0","0","0","0","0","0","0","2","0","0","0","0","0","0","0","0","0","22","0","0","0","0","0","0","0","0","0","0","0","0","0","0","0","0","0","0","0","0","0"
"0x7f2c6b5b1ae0","      HADD2.F32 R15, -RZ, R14.H1_H1","17","0","17","1048576","33554432","33554432","32","32","0","0","0","-","-","-","0","0","0","0","0","0","0","0","-","0","0","0","0","0","0","0","0","0","0","0","0","0","0","0","0","0","0","17","0","0","0","0","0","0","0","0","0","0","0","0","0","0","0","0","0","0","0","0","0"
"0x7f2c6b5b1af0","      MUFU.EX2 R83, R83","153","24","153","1048576","33554432","33554432","32","32","0","0","0","-","-","-","0","0","0","0","0","0","0","0","-","0","0","0","0","0","0","0","0","0","0","0","0","0","0","0","0","0","11","20","0","0","0","122","0","0","0","0","0","0","0","0","0","0","0","0","0","0","0","0","24"
"0x7f2c6b5b1b00","      HADD2.F32 R14, -RZ, R14.H0_H0","30","0","30","1048576","33554432","33554432","32","32","0","0","0","-","-","-","0","0","0","0","0","0","0","0","-","0","0","0","0","0","0","0","0","1","0","0","0","0","0","0","0","0","0","29","0","0","0","0","0","0","0","0","0","0","0","0","0","0","0","0","0","0","0","0","0"
"0x7f2c6b5b1b10","      PRMT R13, R30, 0x5410, R13","18","0","18","1048576","33554432","33554432","32","32","0","0","0","-","-","-","0","0","0","0","0","0","0","0","-","0","0","0","0","0","0","0","0","0","0","0","0","0","0","0","0","0","0","18","0","0","0","0","0","0","0","0","0","0","0","0","0","0","0","0","0","0","0","0","0"
"0x7f2c6b5b1b20","      FADD2 R32, R96.F32x2.HI_LO, -R32.F32x2.HI_LO","17","0","17","1048576","33554432","33554432","32","32","0","0","0","-","-","-","0","0","0","0","0","0","0","0","-","0","0","0","0","0","0","0","0","0","0","0","0","0","0","0","0","0","0","17","0","0","0","0","0","0","0","0","0","0","0","0","0","0","0","0","0","0","0","0","0"
"0x7f2c6b5b1b30","      F2FP.F16.E4M3.UNPACK_B R30, R30","18","0","18","1048576","33554432","33554432","32","32","0","0","0","-","-","-","0","0","0","0","0","0","0","0","-","0","0","0","0","0","0","0","0","0","0","0","0","0","0","0","0","0","0","18","0","0","0","0","0","0","0","0","0","0","0","0","0","0","0","0","0","0","0","0","0"
"0x7f2c6b5b1b40","      MUFU.EX2 R88, R88","128","8","128","1048576","33554432","33554432","32","32","0","0","0","-","-","-","0","0","0","0","0","0","0","0","-","0","0","0","0","0","0","0","0","0","0","0","0","0","0","0","0","0","2","16","0","0","0","110","0","0","0","0","0","0","0","0","0","0","0","0","0","0","0","0","8"
"0x7f2c6b5b1b50","      F2FP.SATFINITE.E4M3.F32.PACK_AB_MERGE_C R16, R87, R86, RZ","23","0","23","1048576","33554432","33554432","32","32","0","0","0","-","-","-","0","0","0","0","0","0","0","0","-","0","0","0","0","0","0","0","0","0","0","0","0","0","0","0","0","0","0","23","0","0","0","0","0","0","0","0","0","0","0","0","0","0","0","0","0","0","0","0","0"
"0x7f2c6b5b1b60","      FADD2 R14, R90.F32x2.HI_LO, -R14.F32x2.HI_LO","14","0","14","1048576","33554432","33554432","32","32","0","0","0","-","-","-","0","0","0","0","0","0","0","0","-","0","0","0","0","0","0","0","0","1","0","0","0","0","0","0","0","0","0","13","0","0","0","0","0","0","0","0","0","0","0","0","0","0","0","0","0","0","0","0","0"
"0x7f2c6b5b1b70","      F2FP.SATFINITE.E4M3.F32.PACK_AB_MERGE_C R33, R33, R32, RZ","22","0","22","1048576","33554432","33554432","32","32","0","0","0","-","-","-","0","0","0","0","0","0","0","0","-","0","0","0","0","0","0","0","0","0","0","0","0","0","0","0","0","0","0","22","0","0","0","0","0","0","0","0","0","0","0","0","0","0","0","0","0","0","0","0","0"
"0x7f2c6b5b1b80","      MUFU.EX2 R89, R89","179","30","179","1048576","33554432","33554432","32","32","0","0","0","-","-","-","0","0","0","0","0","0","0","0","-","0","0","0","0","0","0","0","0","1","0","0","0","0","0","0","0","1","12","28","0","0","0","137","0","0","0","0","0","0","0","0","0","0","1","0","0","0","0","0","29"
"0x7f2c6b5b1b90","      F2FP.F16.E4M3.UNPACK_B R10, R16","27","0","27","1048576","33554432","33554432","32","32","0","0","0","-","-","-","0","0","0","0","0","0","0","0","-","0","0","0","0","0","0","0","0","0","0","0","0","0","0","0","0","0","0","27","0","0","0","0","0","0","0","0","0","0","0","0","0","0","0","0","0","0","0","0","0"
"0x7f2c6b5b1ba0","      HADD2.F32 R31, -RZ, R30.H1_H1","19","0","19","1048576","33554432","33554432","32","32","0","0","0","-","-","-","0","0","0","0","0","0","0","0","-","0","0","0","0","0","0","0","0","0","0","0","0","0","0","0","0","0","0","19","0","0","0","0","0","0","0","0","0","0","0","0","0","0","0","0","0","0","0","0","0"
"0x7f2c6b5b1bb0","      F2FP.SATFINITE.E4M3.F32.PACK_AB_MERGE_C R32, R15, R14, RZ","26","0","26","1048576","33554432","33554432","32","32","0","0","0","-","-","-","0","0","0","0","0","0","0","0","-","0","0","0","0","0","0","0","0","0","0","0","0","0","0","0","0","0","0","26","0","0","0","0","0","0","0","0","0","0","0","0","0","0","0","0","0","0","0","0","0"
"0x7f2c6b5b1bc0","      MUFU.EX2 R84, R84","149","30","149","1048576","33554432","33554432","32","32","0","0","0","-","-","-","0","0","0","0","0","0","0","0","-","0","0","0","0","0","0","0","0","0","0","0","0","0","0","0","0","0","4","17","0","0","0","128","0","0","0","0","0","0","0","0","0","0","0","0","0","0","0","0","30"
"0x7f2c6b5b1bd0","      F2FP.SATFINITE.E4M3.F32.PACK_AB_MERGE_C R15, R83, R82, RZ","17","0","17","1048576","33554432","33554432","32","32","0","0","0","-","-","-","0","0","0","0","0","0","0","0","-","0","0","0","0","0","0","0","0","0","0","0","0","0","0","0","0","0","0","17","0","0","0","0","0","0","0","0","0","0","0","0","0","0","0","0","0","0","0","0","0"
"0x7f2c6b5b1be0","      HADD2.F32 R30, -RZ, R30.H0_H0","24","0","24","1048576","33554432","33554432","32","32","0","0","0","-","-","-","0","0","0","0","0","0","0","0","-","0","0","0","0","0","0","0","0","1","0","0","0","0","0","0","0","0","0","23","0","0","0","0","0","0","0","0","0","0","0","0","0","0","0","0","0","0","0","0","0"
"0x7f2c6b5b1bf0","      MUFU.EX2 R85, R85","160","35","160","1048576","33554432","33554432","32","32","0","0","0","-","-","-","0","0","0","0","0","0","0","0","-","0","0","0","0","0","0","0","0","0","0","0","0","0","0","0","0","0","3","15","0","0","0","142","0","0","0","0","0","0","0","0","0","0","0","0","0","0","0","0","35"
"0x7f2c6b5b1c00","      F2FP.F16.E4M3.UNPACK_B R20, R15","24","0","24","1048576","33554432","33554432","32","32","0","0","0","-","-","-","0","0","0","0","0","0","0","0","-","0","0","0","0","0","0","0","0","0","0","0","0","0","0","0","0","0","0","24","0","0","0","0","0","0","0","0","0","0","0","0","0","0","0","0","0","0","0","0","0"
"0x7f2c6b5b1c10","      HADD2.F32 R11, -RZ, R10.H1_H1","22","0","22","1048576","33554432","33554432","32","32","0","0","0","-","-","-","0","0","0","0","0","0","0","0","-","0","0","0","0","0","0","0","0","2","0","0","0","0","0","0","0","0","0","20","0","0","0","0","0","0","0","0","0","0","0","0","0","0","0","0","0","0","0","0","0"
"0x7f2c6b5b1c20","      FADD2 R30, R92.F32x2.HI_LO, -R30.F32x2.HI_LO","59","15","59","1048576","33554432","33554432","32","32","0","0","0","-","-","-","0","0","0","0","0","0","0","0","-","0","0","0","0","0","0","0","0","0","0","0","0","1","0","0","0","0","5","31","0","0","0","22","0","0","0","0","0","0","0","0","0","0","0","0","0","0","0","0","15"
"0x7f2c6b5b1c30","      MUFU.EX2 R78, R78","114","23","114","1048576","33554432","33554432","32","32","0","0","0","-","-","-","0","0","0","0","0","0","0","0","-","0","0","0","0","0","0","0","0","0","0","0","0","0","0","0","0","0","2","20","0","0","0","92","0","0","0","0","0","0","0","0","0","0","0","0","0","0","0","0","23"
"0x7f2c6b5b1c40","      HADD2.F32 R10, -RZ, R10.H0_H0","19","0","19","1048576","33554432","33554432","32","32","0","0","0","-","-","-","0","0","0","0","0","0","0","0","-","0","0","0","0","0","0","0","0","0","0","0","0","0","0","0","0","0","0","19","0","0","0","0","0","0","0","0","0","0","0","0","0","0","0","0","0","0","0","0","0"
"0x7f2c6b5b1c50","      F2FP.SATFINITE.E4M3.F32.PACK_AB_MERGE_C R17, R89, R88, RZ","39","0","39","1048576","33554432","33554432","32","32","0","0","0","-","-","-","0","0","0","0","0","0","0","0","-","0","0","0","0","0","0","0","0","11","0","0","0","0","0","0","0","0","0","28","0","0","0","0","0","0","0","0","0","0","0","0","0","0","0","0","0","0","0","0","0"
"0x7f2c6b5b1c60","      HADD2.F32 R34, -RZ, R34.H0_H0","25","0","25","1048576","33554432","33554432","32","32","0","0","0","-","-","-","0","0","0","0","0","0","0","0","-","0","0","0","0","0","0","0","0","0","0","0","0","0","0","0","0","0","0","25","0","0","0","0","0","0","0","0","0","0","0","0","0","0","0","0","0","0","0","0","0"
"0x7f2c6b5b1c70","      F2FP.SATFINITE.E4M3.F32.PACK_AB_MERGE_C R31, R31, R30, RZ","26","0","26","1048576","33554432","33554432","32","32","0","0","0","-","-","-","0","0","0","0","0","0","0","0","-","0","0","0","0","0","0","0","0","0","0","0","0","0","0","0","0","0","0","26","0","0","0","0","0","0","0","0","0","0","0","0","0","0","0","0","0","0","0","0","0"
"0x7f2c6b5b1c80","      MUFU.EX2 R79, R79","113","19","113","1048576","33554432","33554432","32","32","0","0","0","-","-","-","0","0","0","0","0","0","0","0","-","0","0","0","0","0","0","0","0","0","0","0","0","0","0","0","0","1","0","16","0","0","0","96","0","0","0","0","0","0","0","0","0","0","1","0","0","0","0","0","18"
"0x7f2c6b5b1c90","      PRMT R14, R17, 0x5410, R16","17","0","17","1048576","33554432","33554432","32","32","0","0","0","-","-","-","0","0","0","0","0","0","0","0","-","0","0","0","0","0","0","0","0","0","0","0","0","0","0","0","0","0","0","17","0","0","0","0","0","0","0","0","0","0","0","0","0","0","0","0","0","0","0","0","0"
"0x7f2c6b5b1ca0","      FADD2 R10, R86.F32x2.HI_LO, -R10.F32x2.HI_LO","26","0","26","1048576","33554432","33554432","32","32","0","0","0","-","-","-","0","0","0","0","0","0","0","0","-","0","0","0","0","0","0","0","0","3","0","0","0","0","0","0","0","0","0","23","0","0","0","0","0","0","0","0","0","0","0","0","0","0","0","0","0","0","0","0","0"
"0x7f2c6b5b1cb0","      F2FP.F16.E4M3.UNPACK_B R18, R17","13","0","13","1048576","33554432","33554432","32","32","0","0","0","-","-","-","0","0","0","0","0","0","0","0","-","0","0","0","0","0","0","0","0","0","0","0","0","0","0","0","0","0","0","13","0","0","0","0","0","0","0","0","0","0","0","0","0","0","0","0","0","0","0","0","0"
"0x7f2c6b5b1cc0","      MUFU.EX2 R80, R80","171","47","171","1048576","33554432","33554432","32","32","0","0","0","-","-","-","0","0","0","0","0","0","0","0","-","0","0","0","0","0","0","0","0","0","0","0","0","0","0","0","0","0","4","11","0","0","0","156","0","0","0","0","0","0","0","0","0","0","0","0","0","0","0","0","47"
"0x7f2c6b5b1cd0","      FADD2 R34, R94.F32x2.HI_LO, -R34.F32x2.HI_LO","22","0","22","1048576","33554432","33554432","32","32","0","0","0","-","-","-","0","0","0","0","0","0","0","0","-","0","0","0","0","0","0","0","0","0","0","0","0","0","0","0","0","0","0","22","0","0","0","0","0","0","0","0","0","0","0","0","0","0","0","0","0","0","0","0","0"
"0x7f2c6b5b1ce0","      HADD2.F32 R21, -RZ, R20.H1_H1","31","10","31","1048576","33554432","33554432","32","32","0","0","0","-","-","-","0","0","0","0","0","0","0","0","-","0","0","0","0","0","0","0","0","0","0","0","0","0","0","0","0","0","0","18","0","0","0","13","0","0","0","0","0","0","0","0","0","0","0","0","0","0","0","0","10"
"0x7f2c6b5b1cf0","      F2FP.SATFINITE.E4M3.F32.PACK_AB_MERGE_C R30, R11, R10, RZ","19","0","19","1048576","33554432","33554432","32","32","0","0","0","-","-","-","0","0","0","0","0","0","0","0","-","0","0","0","0","0","0","0","0","0","0","0","0","0","0","0","0","0","0","19","0","0","0","0","0","0","0","0","0","0","0","0","0","0","0","0","0","0","0","0","0"
"0x7f2c6b5b1d00","      MUFU.EX2 R81, R81","111","9","111","1048576","33554432","33554432","32","32","0","0","0","-","-","-","0","0","0","0","0","0","0","0","-","0","0","0","0","0","0","0","0","1","0","0","0","0","0","0","0","0","2","21","0","0","0","87","0","0","0","0","0","0","0","0","0","0","0","0","0","0","0","0","9"
"0x7f2c6b5b1d10","      F2FP.SATFINITE.E4M3.F32.PACK_AB_MERGE_C R10, R85, R84, RZ","15","0","15","1048576","33554432","33554432","32","32","0","0","0","-","-","-","0","0","0","0","0","0","0","0","-","0","0","0","0","0","0","0","0","0","0","0","0","0","0","0","0","0","0","15","0","0","0","0","0","0","0","0","0","0","0","0","0","0","0","0","0","0","0","0","0"
"0x7f2c6b5b1d20","      HADD2.F32 R19, -RZ, R18.H1_H1","33","0","33","1048576","33554432","33554432","32","32","0","0","0","-","-","-","0","0","0","0","0","0","0","0","-","0","0","0","0","0","0","0","0","5","0","0","0","0","0","0","0","0","0","28","0","0","0","0","0","0","0","0","0","0","0","0","0","0","0","0","0","0","0","0","0"
"0x7f2c6b5b1d30","      F2FP.SATFINITE.E4M3.F32.PACK_AB_MERGE_C R34, R35, R34, RZ","20","0","20","1048576","33554432","33554432","32","32","0","0","0","-","-","-","0","0","0","0","0","0","0","0","-","0","0","0","0","0","0","0","0","0","0","0","0","0","0","0","0","0","0","20","0","0","0","0","0","0","0","0","0","0","0","0","0","0","0","0","0","0","0","0","0"
"0x7f2c6b5b1d40","      MUFU.EX2 R70, R70","150","40","150","1048576","33554432","33554432","32","32","0","0","0","-","-","-","0","0","0","0","0","0","0","0","-","0","0","0","0","0","0","0","0","0","0","0","0","0","0","0","0","0","0","25","0","0","0","125","0","0","0","0","0","0","0","0","0","0","0","0","0","0","0","0","40"
"0x7f2c6b5b1d50","      PRMT R15, R10, 0x5410, R15","19","0","19","1048576","33554432","33554432","32","32","0","0","0","-","-","-","0","0","0","0","0","0","0","0","-","0","0","0","0","0","0","0","0","0","0","0","0","0","0","0","0","0","0","19","0","0","0","0","0","0","0","0","0","0","0","0","0","0","0","0","0","0","0","0","0"
"0x7f2c6b5b1d60","      HADD2.F32 R18, -RZ, R18.H0_H0","15","0","15","1048576","33554432","33554432","32","32","0","0","0","-","-","-","0","0","0","0","0","0","0","0","-","0","0","0","0","0","0","0","0","0","0","0","0","0","0","0","0","0","0","15","0","0","0","0","0","0","0","0","0","0","0","0","0","0","0","0","0","0","0","0","0"
"0x7f2c6b5b1d70","      F2FP.SATFINITE.E4M3.F32.PACK_AB_MERGE_C R11, R79, R78, RZ","19","0","19","1048576","33554432","33554432","32","32","0","0","0","-","-","-","0","0","0","0","0","0","0","0","-","0","0","0","0","0","0","0","0","0","0","0","0","0","0","0","0","0","0","19","0","0","0","0","0","0","0","0","0","0","0","0","0","0","0","0","0","0","0","0","0"
"0x7f2c6b5b1d80","      MUFU.EX2 R71, R71","133","36","133","1048576","33554432","33554432","32","32","0","0","0","-","-","-","0","0","0","0","0","0","0","0","-","0","0","0","0","0","0","0","0","0","0","0","0","0","0","1","0","0","0","8","0","0","0","124","0","0","0","0","0","0","0","0","1","0","0","0","0","0","0","0","35"
"0x7f2c6b5b1d90","      F2FP.F16.E4M3.UNPACK_B R10, R10","21","0","21","1048576","33554432","33554432","32","32","0","0","0","-","-","-","0","0","0","0","0","0","0","0","-","0","0","0","0","0","0","0","0","2","0","0","0","0","0","0","0","0","0","19","0","0","0","0","0","0","0","0","0","0","0","0","0","0","0","0","0","0","0","0","0"
"0x7f2c6b5b1da0","      STS.128 [R106], R12","15","0","15","1048576","33554432","33554432","32","32","0","0","0","Shared","Store","128","0","4","0","4194304","4194304","0","0","0","-","0","0","0","0","0","0","0","0","2","0","0","0","0","0","0","0","0","0","13","0","0","0","0","0","0","0","0","0","0","0","0","0","0","0","0","0","0","0","0","0"
"0x7f2c6b5b1db0","      F2FP.F16.E4M3.UNPACK_B R22, R11","15","0","15","1048576","33554432","33554432","32","32","0","0","0","-","-","-","0","0","0","0","0","0","0","0","-","0","0","0","0","0","0","0","0","0","0","0","0","0","0","0","0","0","0","15","0","0","0","0","0","0","0","0","0","0","0","0","0","0","0","0","0","0","0","0","0"
"0x7f2c6b5b1dc0","      FADD2 R18, R88.F32x2.HI_LO, -R18.F32x2.HI_LO","15","0","15","1048576","33554432","33554432","32","32","0","0","0","-","-","-","0","0","0","0","0","0","0","0","-","0","0","0","0","0","0","0","0","0","0","0","0","0","0","0","0","0","0","15","0","0","0","0","0","0","0","0","0","0","0","0","0","0","0","0","0","0","0","0","0"
"0x7f2c6b5b1dd0","      MUFU.EX2 R72, R72","127","22","127","1048576","33554432","33554432","32","32","0","0","0","-","-","-","0","0","0","0","0","0","0","0","-","0","0","0","0","0","0","0","0","0","0","0","0","0","0","1","0","0","1","18","0","0","0","107","0","0","0","0","0","0","0","0","0","0","0","0","0","0","0","0","22"
"0x7f2c6b5b1de0","      F2FP.SATFINITE.E4M3.F32.PACK_AB_MERGE_C R24, R81, R80, RZ","18","0","18","1048576","33554432","33554432","32","32","0","0","0","-","-","-","0","0","0","0","0","0","0","0","-","0","0","0","0","0","0","0","0","0","0","0","0","0","0","0","0","0","0","18","0","0","0","0","0","0","0","0","0","0","0","0","0","0","0","0","0","0","0","0","0"
"0x7f2c6b5b1df0","      HADD2.F32 R20, -RZ, R20.H0_H0","23","0","23","1048576","33554432","33554432","32","32","0","0","0","-","-","-","0","0","0","0","0","0","0","0","-","0","0","0","0","0","0","0","0","6","0","0","0","0","0","0","0","0","0","17","0","0","0","0","0","0","0","0","0","0","0","0","0","0","0","0","0","0","0","0","0"
"0x7f2c6b5b1e00","      F2FP.SATFINITE.E4M3.F32.PACK_AB_MERGE_C R35, R19, R18, RZ","16","1","16","1048576","33554432","33554432","32","32","0","0","0","-","-","-","0","0","0","0","0","0","0","0","-","0","0","0","0","0","0","0","0","1","0","0","0","0","0","0","0","0","0","15","0","0","0","0","0","0","1","0","0","0","0","0","0","0","0","0","0","0","0","0","0"
"0x7f2c6b5b1e10","      MUFU.EX2 R73, R73","150","50","150","1048576","33554432","33554432","32","32","0","0","0","-","-","-","0","0","0","0","0","0","0","0","-","0","0","0","0","0","0","0","0","0","0","0","0","0","0","18","0","0","0","19","0","0","0","113","0","0","0","0","0","0","0","0","13","0","0","0","0","0","0","0","37"
"0x7f2c6b5b1e20","      PRMT R16, R24, 0x5410, R11","21","0","21","1048576","33554432","33554432","32","32","0","0","0","-","-","-","0","0","0","0","0","0","0","0","-","0","0","0","0","0","0","0","0","0","0","0","0","0","0","0","0","0","0","21","0","0","0","0","0","0","0","0","0","0","0","0","0","0","0","0","0","0","0","0","0"
"0x7f2c6b5b1e30","      FADD2 R20, R82.F32x2.HI_LO, -R20.F32x2.HI_LO","18","0","18","1048576","33554432","33554432","32","32","0","0","0","-","-","-","0","0","0","0","0","0","0","0","-","0","0","0","0","0","0","0","0","0","0","0","0","0","0","0","0","0","0","18","0","0","0","0","0","0","0","0","0","0","0","0","0","0","0","0","0","0","0","0","0"
"0x7f2c6b5b1e40","      F2FP.F16.E4M3.UNPACK_B R24, R24","25","0","25","1048576","33554432","33554432","32","32","0","0","0","-","-","-","0","0","0","0","0","0","0","0","-","0","0","0","0","0","0","0","0","0","0","0","0","0","0","0","0","0","0","25","0","0","0","0","0","0","0","0","0","0","0","0","0","0","0","0","0","0","0","0","0"
"0x7f2c6b5b1e50","      MUFU.EX2 R2, R2","152","49","152","1048576","33554432","33554432","32","32","0","0","0","-","-","-","0","0","0","0","0","0","0","0","-","0","0","0","0","0","0","0","0","0","0","0","0","0","0","3","0","0","0","18","0","0","0","131","0","0","0","0","0","0","0","0","3","0","0","0","0","0","0","0","46"
"0x7f2c6b5b1e60","      HADD2.F32 R11, -RZ, R10.H1_H1","12","0","12","1048576","33554432","33554432","32","32","0","0","0","-","-","-","0","0","0","0","0","0","0","0","-","0","0","0","0","0","0","0","0","0","0","0","0","0","0","0","0","0","0","12","0","0","0","0","0","0","0","0","0","0","0","0","0","0","0","0","0","0","0","0","0"
"0x7f2c6b5b1e70","      F2FP.SATFINITE.E4M3.F32.PACK_AB_MERGE_C R66, R21, R20, RZ","16","0","16","1048576","33554432","33554432","32","32","0","0","0","-","-","-","0","0","0","0","0","0","0","0","-","0","0","0","0","0","0","0","0","0","0","0","0","0","0","0","0","0","0","16","0","0","0","0","0","0","0","0","0","0","0","0","0","0","0","0","0","0","0","0","0"
"0x7f2c6b5b1e80","      MUFU.EX2 R3, R3","181","77","181","1048576","33554432","33554432","32","32","0","0","0","-","-","-","0","0","0","0","0","0","0","0","-","0","0","0","0","0","0","0","0","0","0","0","0","0","0","2","0","0","3","18","0","0","0","158","0","0","0","0","0","0","0","0","2","0","0","0","0","0","0","0","75"
"0x7f2c6b5b1e90","      HADD2.F32 R10, -RZ, R10.H0_H0","16","0","16","1048576","33554432","33554432","32","32","0","0","0","-","-","-","0","0","0","0","0","0","0","0","-","0","0","0","0","0","0","0","0","0","0","0","0","0","0","0","0","0","0","16","0","0","0","0","0","0","0","0","0","0","0","0","0","0","0","0","0","0","0","0","0"
"0x7f2c6b5b1ea0","      HADD2.F32 R25, -RZ, R24.H1_H1","42","20","42","1048576","33554432","33554432","32","32","0","0","0","-","-","-","0","0","0","0","0","0","0","0","-","0","0","0","0","0","0","0","0","0","0","0","0","0","0","0","0","0","0","21","0","0","0","21","0","0","0","0","0","0","0","0","0","0","0","0","0","0","0","0","20"
"0x7f2c6b5b1eb0","      MUFU.EX2 R68, R4","144","51","144","1048576","33554432","33554432","32","32","0","0","0","-","-","-","0","0","0","0","0","0","0","0","-","0","0","0","0","0","0","0","0","0","0","0","0","0","0","2","0","0","7","18","0","0","0","117","0","0","0","0","0","0","0","0","0","0","0","0","0","0","0","0","51"
"0x7f2c6b5b1ec0","      HADD2.F32 R24, -RZ, R24.H0_H0","21","0","21","1048576","33554432","33554432","32","32","0","0","0","-","-","-","0","0","0","0","0","0","0","0","-","0","0","0","0","0","0","0","0","0","0","0","0","0","0","0","0","0","0","21","0","0","0","0","0","0","0","0","0","0","0","0","0","0","0","0","0","0","0","0","0"
"0x7f2c6b5b1ed0","      F2FP.SATFINITE.E4M3.F32.PACK_AB_MERGE_C R28, R73, R72, RZ","25","0","25","1048576","33554432","33554432","32","32","0","0","0","-","-","-","0","0","0","0","0","0","0","0","-","0","0","0","0","0","0","0","0","2","0","0","0","0","0","0","0","0","0","23","0","0","0","0","0","0","0","0","0","0","0","0","0","0","0","0","0","0","0","0","0"
"0x7f2c6b5b1ee0","      HADD2.F32 R23, -RZ, R22.H1_H1","19","0","19","1048576","33554432","33554432","32","32","0","0","0","-","-","-","0","0","0","0","0","0","0","0","-","0","0","0","0","0","0","0","0","0","0","0","0","0","0","0","0","0","0","19","0","0","0","0","0","0","0","0","0","0","0","0","0","0","0","0","0","0","0","0","0"
"0x7f2c6b5b1ef0","      MUFU.EX2 R69, R5","141","46","141","1048576","33554432","33554432","32","32","0","0","0","-","-","-","0","0","0","0","0","0","0","0","-","0","0","0","0","0","0","0","0","0","0","0","0","0","0","0","0","0","5","23","0","0","0","113","0","0","0","0","0","0","0","0","0","0","0","0","0","0","0","0","46"
"0x7f2c6b5b1f00","      FADD2 R10, R84.F32x2.HI_LO, -R10.F32x2.HI_LO","31","0","31","1048576","33554432","33554432","32","32","0","0","0","-","-","-","0","0","0","0","0","0","0","0","-","0","0","0","0","0","0","0","0","6","0","0","0","0","0","0","0","0","0","25","0","0","0","0","0","0","0","0","0","0","0","0","0","0","0","0","0","0","0","0","0"
"0x7f2c6b5b1f10","      HADD2.F32 R22, -RZ, R22.H0_H0","43","28","43","1048576","33554432","33554432","32","32","0","0","0","-","-","-","0","0","0","0","0","0","0","0","-","0","0","0","0","0","0","0","0","0","0","0","0","0","0","0","0","0","0","15","0","0","0","28","0","0","0","0","0","0","0","0","0","0","0","0","0","0","0","0","28"
"0x7f2c6b5b1f20","      FADD2 R24, R80.F32x2.HI_LO, -R24.F32x2.HI_LO","52","10","52","1048576","33554432","33554432","32","32","0","0","0","-","-","-","0","0","0","0","0","0","0","0","-","0","0","0","0","0","0","0","0","0","0","0","0","0","0","0","0","0","12","18","0","0","0","22","0","0","0","0","0","0","0","0","0","0","0","0","0","0","0","0","10"
"0x7f2c6b5b1f30","      MUFU.EX2 R74, R74","101","37","101","1048576","33554432","33554432","32","32","0","0","0","-","-","-","0","0","0","0","0","0","0","0","-","0","0","0","0","0","0","0","0","3","0","0","0","0","0","0","0","0","10","8","0","0","0","80","0","0","3","0","0","0","0","0","0","0","0","0","0","0","0","0","34"
"0x7f2c6b5b1f40","      F2FP.SATFINITE.E4M3.F32.PACK_AB_MERGE_C R117, R11, R10, RZ","20","0","20","1048576","33554432","33554432","32","32","0","0","0","-","-","-","0","0","0","0","0","0","0","0","-","0","0","0","0","0","0","0","0","0","0","0","0","0","0","0","0","0","0","20","0","0","0","0","0","0","0","0","0","0","0","0","0","0","0","0","0","0","0","0","0"
"0x7f2c6b5b1f50","      FADD2 R22, R78.F32x2.HI_LO, -R22.F32x2.HI_LO","26","0","26","1048576","33554432","33554432","32","32","0","0","0","-","-","-","0","0","0","0","0","0","0","0","-","0","0","0","0","0","0","0","0","0","0","0","0","0","0","0","0","0","0","26","0","0","0","0","0","0","0","0","0","0","0","0","0","0","0","0","0","0","0","0","0"
"0x7f2c6b5b1f60","      F2FP.SATFINITE.E4M3.F32.PACK_AB_MERGE_C R119, R25, R24, RZ","22","0","22","1048576","33554432","33554432","32","32","0","0","0","-","-","-","0","0","0","0","0","0","0","0","-","0","0","0","0","0","0","0","0","0","0","0","0","0","0","0","0","0","0","22","0","0","0","0","0","0","0","0","0","0","0","0","0","0","0","0","0","0","0","0","0"
"0x7f2c6b5b1f70","      MUFU.EX2 R75, R75","166","65","166","1048576","33554432","33554432","32","32","0","0","0","-","-","-","0","0","0","0","0","0","0","0","-","0","0","0","0","0","0","0","0","0","0","0","0","0","0","0","0","0","9","21","0","0","0","136","0","0","0","0","0","0","0","0","0","0","0","0","0","0","0","0","65"
"0x7f2c6b5b1f80","      F2FP.SATFINITE.E4M3.F32.PACK_AB_MERGE_C R11, R71, R70, RZ","22","0","22","1048576","33554432","33554432","32","32","0","0","0","-","-","-","0","0","0","0","0","0","0","0","-","0","0","0","0","0","0","0","0","0","0","0","0","0","0","0","0","0","0","22","0","0","0","0","0","0","0","0","0","0","0","0","0","0","0","0","0","0","0","0","0"
"0x7f2c6b5b1f90","      F2FP.SATFINITE.E4M3.F32.PACK_AB_MERGE_C R19, R3, R2, RZ","31","13","31","1048576","33554432","33554432","32","32","0","0","0","-","-","-","0","0","0","0","0","0","0","0","-","0","0","0","0","0","0","0","0","0","0","0","0","0","0","0","0","0","0","13","0","0","0","18","0","0","0","0","0","0","0","0","0","0","0","0","0","0","0","0","13"
"0x7f2c6b5b1fa0","      MUFU.EX2 R76, R76","167","47","167","1048576","33554432","33554432","32","32","0","0","0","-","-","-","0","0","0","0","0","0","0","0","-","0","0","0","0","0","0","0","0","3","0","0","0","0","0","0","0","0","30","17","0","0","0","117","0","0","0","0","0","0","0","0","0","0","0","0","0","0","0","0","47"
"0x7f2c6b5b1fb0","      F2FP.SATFINITE.E4M3.F32.PACK_AB_MERGE_C R24, R69, R68, RZ","27","0","27","1048576","33554432","33554432","32","32","0","0","0","-","-","-","0","0","0","0","0","0","0","0","-","0","0","0","0","0","0","0","0","1","0","0","0","0","0","0","0","0","0","26","0","0","0","0","0","0","0","0","0","0","0","0","0","0","0","0","0","0","0","0","0"
"0x7f2c6b5b1fc0","      F2FP.SATFINITE.E4M3.F32.PACK_AB_MERGE_C R116, R23, R22, RZ","45","15","45","1048576","33554432","33554432","32","32","0","0","0","-","-","-","0","0","0","0","0","0","0","0","-","0","0","0","0","0","0","0","0","0","0","0","0","0","0","0","0","0","0","23","0","0","0","22","0","0","0","0","0","0","0","0","0","0","0","0","0","0","0","0","15"
"0x7f2c6b5b1fd0","      MUFU.EX2 R77, R77","217","42","217","1048576","33554432","33554432","32","32","0","0","0","-","-","-","0","0","0","0","0","0","0","0","-","0","0","0","0","0","0","0","0","7","0","0","0","0","0","0","0","0","64","20","0","0","0","126","0","0","0","0","0","0","0","0","0","0","0","0","0","0","0","0","42"
"0x7f2c6b5b1fe0","      PRMT R18, R28, 0x5410, R11","20","0","20","1048576","33554432","33554432","32","32","0","0","0","-","-","-","0","0","0","0","0","0","0","0","-","0","0","0","0","0","0","0","0","2","0","0","0","0","0","0","0","0","0","18","0","0","0","0","0","0","0","0","0","0","0","0","0","0","0","0","0","0","0","0","0"
"0x7f2c6b5b1ff0","      F2FP.F16.E4M3.UNPACK_B R26, R19","47","11","47","1048576","33554432","33554432","32","32","0","0","0","-","-","-","0","0","0","0","0","0","0","0","-","0","0","0","0","0","0","0","0","0","0","0","0","0","0","0","0","0","0","25","0","0","0","22","0","0","0","0","0","0","0","0","0","0","0","0","0","0","0","0","11"
"0x7f2c6b5b2000","      F2FP.F16.E4M3.UNPACK_B R22, R11","137","42","137","1048576","33554432","33554432","32","32","0","0","0","-","-","-","0","0","0","0","0","0","0","0","-","0","0","0","0","0","0","0","0","8","0","0","0","45","0","0","0","0","49","12","0","0","0","23","0","0","3","0","0","0","27","0","0","0","0","0","0","0","0","0","12"
"0x7f2c6b5b2010","      F2FP.SATFINITE.E4M3.F32.PACK_AB_MERGE_C R17, R75, R74, RZ","108","18","108","1048576","33554432","33554432","32","32","0","0","0","-","-","-","0","0","0","0","0","0","0","0","-","0","0","0","0","0","0","0","0","3","0","0","0","26","0","0","0","0","40","21","0","0","0","18","0","0","0","0","0","0","15","0","0","0","0","0","0","0","0","0","3"
"0x7f2c6b5b2020","      HADD2.F32 R27, -RZ, R26.H1_H1","24","0","24","1048576","33554432","33554432","32","32","0","0","0","-","-","-","0","0","0","0","0","0","0","0","-","0","0","0","0","0","0","0","0","0","0","0","0","0","0","0","0","0","0","24","0","0","0","0","0","0","0","0","0","0","0","0","0","0","0","0","0","0","0","0","0"
"0x7f2c6b5b2030","      F2FP.F16.E4M3.UNPACK_B R28, R28","24","0","24","1048576","33554432","33554432","32","32","0","0","0","-","-","-","0","0","0","0","0","0","0","0","-","0","0","0","0","0","0","0","0","0","0","0","0","0","0","0","0","0","0","24","0","0","0","0","0","0","0","0","0","0","0","0","0","0","0","0","0","0","0","0","0"
"0x7f2c6b5b2040","      HADD2.F32 R26, -RZ, R26.H0_H0","15","0","15","1048576","33554432","33554432","32","32","0","0","0","-","-","-","0","0","0","0","0","0","0","0","-","0","0","0","0","0","0","0","0","0","0","0","0","0","0","0","0","0","0","15","0","0","0","0","0","0","0","0","0","0","0","0","0","0","0","0","0","0","0","0","0"
"0x7f2c6b5b2050","      PRMT R19, R24, 0x5410, R19","26","0","26","1048576","33554432","33554432","32","32","0","0","0","-","-","-","0","0","0","0","0","0","0","0","-","0","0","0","0","0","0","0","0","0","0","0","0","0","0","0","0","0","0","26","0","0","0","0","0","0","0","0","0","0","0","0","0","0","0","0","0","0","0","0","0"
"0x7f2c6b5b2060","      HADD2.F32 R23, -RZ, R22.H1_H1","18","0","18","1048576","33554432","33554432","32","32","0","0","0","-","-","-","0","0","0","0","0","0","0","0","-","0","0","0","0","0","0","0","0","0","0","0","0","0","0","0","0","0","0","18","0","0","0","0","0","0","0","0","0","0","0","0","0","0","0","0","0","0","0","0","0"
"0x7f2c6b5b2070","      F2FP.F16.E4M3.UNPACK_B R24, R24","8","0","8","1048576","33554432","33554432","32","32","0","0","0","-","-","-","0","0","0","0","0","0","0","0","-","0","0","0","0","0","0","0","0","0","0","0","0","0","0","0","0","0","0","8","0","0","0","0","0","0","0","0","0","0","0","0","0","0","0","0","0","0","0","0","0"
"0x7f2c6b5b2080","      HADD2.F32 R29, -RZ, R28.H1_H1","26","0","26","1048576","33554432","33554432","32","32","0","0","0","-","-","-","0","0","0","0","0","0","0","0","-","0","0","0","0","0","0","0","0","0","0","0","0","0","0","0","0","0","1","25","0","0","0","0","0","0","0","0","0","0","0","0","0","0","0","0","0","0","0","0","0"
"0x7f2c6b5b2090","      F2FP.SATFINITE.E4M3.F32.PACK_AB_MERGE_C R20, R77, R76, RZ","27","1","27","1048576","33554432","33554432","32","32","0","0","0","-","-","-","0","0","0","0","0","0","0","0","-","0","0","0","0","0","0","0","0","0","0","0","0","0","0","0","0","0","0","26","1","0","0","0","0","0","0","0","0","0","0","0","0","0","0","0","0","1","0","0","0"
"0x7f2c6b5b20a0","      FADD2 R26, R2.F32x2.HI_LO, -R26.F32x2.HI_LO","22","0","22","1048576","33554432","33554432","32","32","0","0","0","-","-","-","0","0","0","0","0","0","0","0","-","0","0","0","0","0","0","0","0","0","0","0","0","0","0","0","0","0","0","22","0","0","0","0","0","0","0","0","0","0","0","0","0","0","0","0","0","0","0","0","0"
"0x7f2c6b5b20b0","      F2FP.F16.E4M3.UNPACK_B R10, R17","23","0","23","1048576","33554432","33554432","32","32","0","0","0","-","-","-","0","0","0","0","0","0","0","0","-","0","0","0","0","0","0","0","0","0","0","0","0","0","0","0","0","0","0","23","0","0","0","0","0","0","0","0","0","0","0","0","0","0","0","0","0","0","0","0","0"
"0x7f2c6b5b20c0","      HADD2.F32 R25, -RZ, R24.H1_H1","18","0","18","1048576","33554432","33554432","32","32","0","0","0","-","-","-","0","0","0","0","0","0","0","0","-","0","0","0","0","0","0","0","0","0","0","0","0","0","0","0","0","0","0","18","0","0","0","0","0","0","0","0","0","0","0","0","0","0","0","0","0","0","0","0","0"
"0x7f2c6b5b20d0","      PRMT R17, R20, 0x5410, R17","16","0","16","1048576","33554432","33554432","32","32","0","0","0","-","-","-","0","0","0","0","0","0","0","0","-","0","0","0","0","0","0","0","0","0","0","0","0","0","0","0","0","0","0","16","0","0","0","0","0","0","0","0","0","0","0","0","0","0","0","0","0","0","0","0","0"
"0x7f2c6b5b20e0","      HADD2.F32 R24, -RZ, R24.H0_H0","21","0","21","1048576","33554432","33554432","32","32","0","0","0","-","-","-","0","0","0","0","0","0","0","0","-","0","0","0","0","0","0","0","0","0","0","0","0","0","0","0","0","0","0","21","0","0","0","0","0","0","0","0","0","0","0","0","0","0","0","0","0","0","0","0","0"
"0x7f2c6b5b20f0","      F2FP.F16.E4M3.UNPACK_B R20, R20","34","0","34","1048576","33554432","33554432","32","32","0","0","0","-","-","-","0","0","0","0","0","0","0","0","-","0","0","0","0","0","0","0","0","21","0","0","0","0","0","0","0","0","0","13","0","0","0","0","0","0","0","0","0","0","0","0","0","0","0","0","0","0","0","0","0"
"0x7f2c6b5b2100","      HADD2.F32 R22, -RZ, R22.H0_H0","37","3","37","1048576","33554432","33554432","32","32","0","0","0","-","-","-","0","0","0","0","0","0","0","0","-","0","0","0","0","0","0","0","0","0","0","0","0","8","0","0","0","2","7","20","0","0","0","0","0","0","0","0","0","0","2","0","0","0","1","0","0","0","0","0","0"
"0x7f2c6b5b2110","      HADD2.F32 R28, -RZ, R28.H0_H0","104","15","104","1048576","33554432","33554432","32","32","0","0","0","-","-","-","0","0","0","0","0","0","0","0","-","0","0","0","0","0","0","0","0","0","0","0","0","26","0","0","0","0","27","30","0","0","0","21","0","0","0","0","0","0","9","0","0","0","0","0","0","0","0","0","6"
"0x7f2c6b5b2120","      FADD2 R24, R68.F32x2.HI_LO, -R24.F32x2.HI_LO","44","12","44","1048576","33554432","33554432","32","32","0","0","0","-","-","-","0","0","0","0","0","0","0","0","-","0","0","0","0","0","0","0","0","1","0","0","0","5","0","0","0","0","9","10","0","0","0","19","0","0","0","0","0","0","1","0","0","0","0","0","0","0","0","0","11"
"0x7f2c6b5b2130","      HADD2.F32 R21, -RZ, R20.H1_H1","43","12","43","1048576","33554432","33554432","32","32","0","0","0","-","-","-","0","0","0","0","0","0","0","0","-","0","0","0","0","0","0","0","0","1","0","0","0","0","0","0","0","0","1","21","0","0","0","20","0","0","0","0","0","0","0","0","0","0","0","0","0","0","0","0","12"
"0x7f2c6b5b2140","      FADD2 R22, R70.F32x2.HI_LO, -R22.F32x2.HI_LO","220","45","220","1048576","33554432","33554432","32","32","0","0","0","-","-","-","0","0","0","0","0","0","0","0","-","0","0","0","0","0","0","0","0","1","0","0","0","73","0","0","0","0","98","21","0","0","0","27","0","0","0","0","0","0","29","0","0","0","0","0","0","0","0","0","16"
"0x7f2c6b5b2150","      HADD2.F32 R11, -RZ, R10.H1_H1","66","10","66","1048576","33554432","33554432","32","32","0","0","0","-","-","-","0","0","0","0","0","0","0","0","-","0","0","0","0","0","0","0","0","5","0","0","0","10","0","0","0","0","7","25","0","0","0","19","0","0","0","0","0","0","0","0","0","0","0","0","0","0","0","0","10"
"0x7f2c6b5b2160","      FADD2 R28, R72.F32x2.HI_LO, -R28.F32x2.HI_LO","73","12","73","1048576","33554432","33554432","32","32","0","0","0","-","-","-","0","0","0","0","0","0","0","0","-","0","0","0","0","0","0","0","0","5","0","0","0","0","0","0","0","0","5","30","0","0","0","33","0","0","0","0","0","0","0","0","0","0","0","0","0","0","0","0","12"
"0x7f2c6b5b2170","      HADD2.F32 R20, -RZ, R20.H0_H0","55","6","55","1048576","33554432","33554432","32","32","0","0","0","-","-","-","0","0","0","0","0","0","0","0","-","0","0","0","0","0","0","0","0","0","0","0","0","0","0","0","0","0","2","25","0","0","0","28","0","0","0","0","0","0","0","0","0","0","0","0","0","0","0","0","6"
"0x7f2c6b5b2180","      STS.128 [R105], R16","17","0","17","1048576","33554432","33554432","32","32","0","0","0","Shared","Store","128","0","4","0","4194304","4194304","0","0","0","-","0","0","0","0","0","0","0","0","3","0","0","0","0","0","0","0","0","0","14","0","0","0","0","0","0","0","0","0","0","0","0","0","0","0","0","0","0","0","0","0"
"0x7f2c6b5b2190","      F2FP.SATFINITE.E4M3.F32.PACK_AB_MERGE_C R22, R23, R22, RZ","19","0","19","1048576","33554432","33554432","32","32","0","0","0","-","-","-","0","0","0","0","0","0","0","0","-","0","0","0","0","0","0","0","0","0","0","0","0","0","0","0","0","0","0","19","0","0","0","0","0","0","0","0","0","0","0","0","0","0","0","0","0","0","0","0","0"
"0x7f2c6b5b21a0","      HADD2.F32 R10, -RZ, R10.H0_H0","35","0","35","1048576","33554432","33554432","32","32","0","0","0","-","-","-","0","0","0","0","0","0","0","0","-","0","0","0","0","0","0","0","0","12","0","0","0","0","0","0","0","0","0","23","0","0","0","0","0","0","0","0","0","0","0","0","0","0","0","0","0","0","0","0","0"
"0x7f2c6b5b21b0","      F2FP.SATFINITE.E4M3.F32.PACK_AB_MERGE_C R29, R29, R28, RZ","19","0","19","1048576","33554432","33554432","32","32","0","0","0","-","-","-","0","0","0","0","0","0","0","0","-","0","0","0","0","0","0","0","0","0","0","0","0","0","0","0","0","0","0","19","0","0","0","0","0","0","0","0","0","0","0","0","0","0","0","0","0","0","0","0","0"
"0x7f2c6b5b21c0","      FADD2 R20, R76.F32x2.HI_LO, -R20.F32x2.HI_LO","27","0","27","1048576","33554432","33554432","32","32","0","0","0","-","-","-","0","0","0","0","0","0","0","0","-","0","0","0","0","0","0","0","0","1","0","0","0","0","0","0","0","0","0","26","0","0","0","0","0","0","0","0","0","0","0","0","0","0","0","0","0","0","0","0","0"
"0x7f2c6b5b21d0","      F2FP.SATFINITE.E4M3.F32.PACK_AB_MERGE_C R23, R27, R26, RZ","13","0","13","1048576","33554432","33554432","32","32","0","0","0","-","-","-","0","0","0","0","0","0","0","0","-","0","0","0","0","0","0","0","0","0","0","0","0","0","0","0","0","0","0","13","0","0","0","0","0","0","0","0","0","0","0","0","0","0","0","0","0","0","0","0","0"
"0x7f2c6b5b21e0","      F2FP.SATFINITE.E4M3.F32.PACK_AB_MERGE_C R28, R25, R24, RZ","42","10","42","1048576","33554432","33554432","32","32","0","0","0","-","-","-","0","0","0","0","0","0","0","0","-","0","0","0","0","0","0","0","0","0","0","0","0","1","0","0","0","0","2","21","0","0","0","18","0","0","0","0","0","0","0","0","0","0","0","0","0","0","0","0","10"
"0x7f2c6b5b21f0","      FADD2 R10, R74.F32x2.HI_LO, -R10.F32x2.HI_LO","21","0","21","1048576","33554432","33554432","32","32","0","0","0","-","-","-","0","0","0","0","0","0","0","0","-","0","0","0","0","0","0","0","0","2","0","0","0","0","0","0","0","0","0","19","0","0","0","0","0","0","0","0","0","0","0","0","0","0","0","0","0","0","0","0","0"
"0x7f2c6b5b2200","      PRMT R24, R33, 0x5410, R34","43","0","43","1048576","33554432","33554432","32","32","0","0","0","-","-","-","0","0","0","0","0","0","0","0","-","0","0","0","0","0","0","0","0","22","0","0","0","0","0","0","0","0","0","21","0","0","0","0","0","0","0","0","0","0","0","0","0","0","0","0","0","0","0","0","0"
"0x7f2c6b5b2210","      PRMT R25, R31, 0x5410, R32","66","7","66","1048576","33554432","33554432","32","32","0","0","0","-","-","-","0","0","0","0","0","0","0","0","-","0","0","0","0","0","0","0","0","11","0","0","0","1","0","0","0","0","5","23","0","0","0","26","0","0","0","0","0","0","0","0","0","0","0","0","0","0","0","0","7"
"0x7f2c6b5b2220","      PRMT R26, R35, 0x5410, R30","77","26","77","1048576","33554432","33554432","32","32","0","0","0","-","-","-","0","0","0","0","0","0","0","0","-","0","0","0","0","0","0","0","0","27","0","0","0","6","0","0","0","0","7","20","0","0","0","17","0","0","17","0","0","0","3","0","0","0","0","0","0","0","0","0","6"
"0x7f2c6b5b2230","      PRMT R27, R117, 0x5410, R66","226","75","226","1048576","33554432","33554432","32","32","0","0","0","-","-","-","0","0","0","0","0","0","0","0","-","0","0","0","0","0","0","0","0","10","0","0","0","74","0","0","0","0","94","15","0","0","0","33","0","0","4","0","0","0","51","0","0","0","0","0","0","0","0","0","20"
"0x7f2c6b5b2240","      F2FP.SATFINITE.E4M3.F32.PACK_AB_MERGE_C R10, R11, R10, RZ","55","16","55","1048576","33554432","33554432","32","32","0","0","0","-","-","-","0","0","0","0","0","0","0","0","-","0","0","0","0","0","0","0","0","1","0","0","0","1","0","0","0","0","2","31","0","0","0","20","0","0","0","0","0","0","0","0","0","0","0","0","0","0","0","0","16"
"0x7f2c6b5b2250","      F2FP.SATFINITE.E4M3.F32.PACK_AB_MERGE_C R21, R21, R20, RZ","60","19","60","1048576","33554432","33554432","32","32","0","0","0","-","-","-","0","0","0","0","0","0","0","0","-","0","0","0","0","0","0","0","0","2","0","0","0","4","0","0","0","0","6","21","0","0","0","27","0","0","0","0","0","0","1","0","0","0","0","0","0","0","0","0","18"
"0x7f2c6b5b2260","      STS.128 [R104], R24","19","0","19","1048576","33554432","33554432","32","32","0","0","0","Shared","Store","128","0","4","0","4194304","4194304","0","0","0","-","0","0","0","0","0","0","0","0","0","0","0","0","0","0","0","0","0","0","19","0","0","0","0","0","0","0","0","0","0","0","0","0","0","0","0","0","0","0","0","0"
"0x7f2c6b5b2270","      PRMT R20, R119, 0x5410, R116","22","0","22","1048576","33554432","33554432","32","32","0","0","0","-","-","-","0","0","0","0","0","0","0","0","-","0","0","0","0","0","0","0","0","0","0","0","0","0","0","0","0","0","0","22","0","0","0","0","0","0","0","0","0","0","0","0","0","0","0","0","0","0","0","0","0"
"0x7f2c6b5b2280","      PRMT R21, R21, 0x5410, R10","71","29","71","1048576","33554432","33554432","32","32","0","0","0","-","-","-","0","0","0","0","0","0","0","0","-","0","0","0","0","0","0","0","0","3","0","0","0","19","0","0","0","0","14","21","0","0","0","14","0","0","2","0","0","0","14","0","0","0","0","0","0","0","0","0","13"
"0x7f2c6b5b2290","      PRMT R22, R29, 0x5410, R22","56","26","56","1048576","33554432","33554432","32","32","0","0","0","-","-","-","0","0","0","0","0","0","0","0","-","0","0","0","0","0","0","0","0","2","0","0","0","8","0","0","0","0","8","15","0","0","0","23","0","0","0","0","0","0","7","0","0","0","0","0","0","0","0","0","19"
"0x7f2c6b5b22a0","      PRMT R23, R28, 0x5410, R23","47","20","47","1048576","33554432","33554432","32","32","0","0","0","-","-","-","0","0","0","0","0","0","0","0","-","0","0","0","0","0","0","0","0","0","0","0","0","0","0","0","0","0","2","24","0","0","0","21","0","0","0","0","0","0","0","0","0","0","0","0","0","0","0","0","20"
"0x7f2c6b5b22b0","      STS.128 [R103], R20","138","57","138","1048576","33554432","33554432","32","32","0","0","0","Shared","Store","128","0","4","0","4194304","4194304","0","0","0","-","0","0","0","0","0","0","0","0","3","0","0","0","0","0","0","0","0","28","23","0","0","0","84","0","0","0","0","0","0","0","0","0","0","0","0","0","0","0","0","57"
"0x7f2c6b5b22c0","@P1   BRA 0x7f2c6b5b27c0","23","0","23","1048576","33554432","32867456","32","31","1","1","0","-","-","-","0","0","0","0","0","0","0","0","-","0","0","0","0","0","0","0","0","0","0","0","0","0","0","0","0","0","0","23","0","0","0","0","0","0","0","0","0","0","0","0","0","0","0","0","0","0","0","0","0"
"0x7f2c6b5b22d0","      R2UR UR8, R114","97","57","97","21468","686976","686976","32","32","1","0","0","-","-","-","0","0","0","0","0","0","0","0","-","0","0","0","0","0","0","0","0","0","0","0","0","0","0","0","0","0","0","20","0","0","0","77","0","0","0","0","0","0","0","0","0","0","0","0","0","0","0","0","57"
"0x7f2c6b5b22e0","      R2UR UR9, R114","2","1","2","21468","686976","686976","32","32","0","0","0","-","-","-","0","0","0","0","0","0","0","0","-","0","0","0","0","0","0","0","0","0","0","0","0","0","0","0","0","0","0","1","0","0","0","1","0","0","0","0","0","0","0","0","0","0","0","0","0","0","0","0","1"
"0x7f2c6b5b22f0","      LDTM.x32 R36, tmem[UR8]","7","6","7","21468","686976","686976","32","32","0","0","0","Tmem","Load","-","0","0","0","0","0","0","0","0","-","0","0","0","0","0","0","0","0","0","0","0","0","0","0","0","0","0","0","0","0","0","0","7","0","0","0","0","0","0","0","0","0","0","0","0","0","0","0","0","6"
"0x7f2c6b5b2300","      NOP","0","0","0","21468","686976","686976","32","32","0","0","0","-","-","-","0","0","0","0","0","0","0","0","-","0","0","0","0","0","0","0","0","0","0","0","0","0","0","0","0","0","0","0","0","0","0","0","0","0","0","0","0","0","0","0","0","0","0","0","0","0","0","0","0"
"0x7f2c6b5b2310","      FMUL2 R36, R36.F32x2.HI_LO, R100.F32","12","6","12","21468","686976","686976","32","32","0","0","0","-","-","-","0","0","0","0","0","0","0","0","-","0","0","0","0","0","0","0","0","0","0","0","0","0","0","0","0","0","1","0","11","0","0","0","0","0","0","0","0","0","0","0","0","0","0","0","0","6","0","0","0"
"0x7f2c6b5b2320","      FMUL2 R38, R38.F32x2.HI_LO, R100.F32","0","0","0","21468","686976","686976","32","32","0","0","0","-","-","-","0","0","0","0","0","0","0","0","-","0","0","0","0","0","0","0","0","0","0","0","0","0","0","0","0","0","0","0","0","0","0","0","0","0","0","0","0","0","0","0","0","0","0","0","0","0","0","0","0"
"0x7f2c6b5b2330","      FMUL2 R40, R40.F32x2.HI_LO, R100.F32","1","0","1","21468","686976","686976","32","32","0","0","0","-","-","-","0","0","0","0","0","0","0","0","-","0","0","0","0","0","0","0","0","0","0","0","0","0","0","0","0","0","0","1","0","0","0","0","0","0","0","0","0","0","0","0","0","0","0","0","0","0","0","0","0"
"0x7f2c6b5b2340","      FMUL2 R42, R42.F32x2.HI_LO, R100.F32","1","0","1","21468","686976","686976","32","32","0","0","0","-","-","-","0","0","0","0","0","0","0","0","-","0","0","0","0","0","0","0","0","0","0","0","0","0","0","0","0","0","0","1","0","0","0","0","0","0","0","0","0","0","0","0","0","0","0","0","0","0","0","0","0"
"0x7f2c6b5b2350","      FMUL2 R44, R44.F32x2.HI_LO, R100.F32","3","2","3","21468","686976","686976","32","32","0","0","0","-","-","-","0","0","0","0","0","0","0","0","-","0","0","0","0","0","0","0","0","0","0","0","0","0","0","0","0","0","0","1","0","0","0","2","0","0","0","0","0","0","0","0","0","0","0","0","0","0","0","0","2"
"0x7f2c6b5b2360","      FMUL2 R46, R46.F32x2.HI_LO, R100.F32","2","1","2","21468","686976","686976","32","32","0","0","0","-","-","-","0","0","0","0","0","0","0","0","-","0","0","0","0","0","0","0","0","0","0","0","0","0","0","0","0","0","1","0","0","0","0","1","0","0","0","0","0","0","0","0","0","0","0","0","0","0","0","0","1"
"0x7f2c6b5b2370","      FMUL2 R48, R48.F32x2.HI_LO, R100.F32","3","0","3","21468","686976","686976","32","32","0","0","0","-","-","-","0","0","0","0","0","0","0","0","-","0","0","0","0","0","0","0","0","0","0","0","0","0","0","0","0","0","0","0","0","0","0","3","0","0","0","0","0","0","0","0","0","0","0","0","0","0","0","0","0"
"0x7f2c6b5b2380","      FMUL2 R50, R50.F32x2.HI_LO, R100.F32","0","0","0","21468","686976","686976","32","32","0","0","0","-","-","-","0","0","0","0","0","0","0","0","-","0","0","0","0","0","0","0","0","0","0","0","0","0","0","0","0","0","0","0","0","0","0","0","0","0","0","0","0","0","0","0","0","0","0","0","0","0","0","0","0"
"0x7f2c6b5b2390","      FMUL2 R52, R52.F32x2.HI_LO, R100.F32","1","0","1","21468","686976","686976","32","32","0","0","0","-","-","-","0","0","0","0","0","0","0","0","-","0","0","0","0","0","0","0","0","0","0","0","0","0","0","0","0","0","0","1","0","0","0","0","0","0","0","0","0","0","0","0","0","0","0","0","0","0","0","0","0"
"0x7f2c6b5b23a0","      FMUL2 R54, R54.F32x2.HI_LO, R100.F32","2","1","2","21468","686976","686976","32","32","0","0","0","-","-","-","0","0","0","0","0","0","0","0","-","0","0","0","0","0","0","0","0","0","0","0","0","0","0","0","0","0","0","1","0","0","0","1","0","0","0","0","0","0","0","0","0","0","0","0","0","0","0","0","1"
"0x7f2c6b5b23b0","      FMUL2 R56, R56.F32x2.HI_LO, R100.F32","0","0","0","21468","686976","686976","32","32","0","0","0","-","-","-","0","0","0","0","0","0","0","0","-","0","0","0","0","0","0","0","0","0","0","0","0","0","0","0","0","0","0","0","0","0","0","0","0","0","0","0","0","0","0","0","0","0","0","0","0","0","0","0","0"
"0x7f2c6b5b23c0","      FMUL2 R58, R58.F32x2.HI_LO, R100.F32","0","0","0","21468","686976","686976","32","32","0","0","0","-","-","-","0","0","0","0","0","0","0","0","-","0","0","0","0","0","0","0","0","0","0","0","0","0","0","0","0","0","0","0","0","0","0","0","0","0","0","0","0","0","0","0","0","0","0","0","0","0","0","0","0"
"0x7f2c6b5b23d0","      FMUL2 R60, R60.F32x2.HI_LO, R100.F32","1","0","1","21468","686976","686976","32","32","0","0","0","-","-","-","0","0","0","0","0","0","0","0","-","0","0","0","0","0","0","0","0","0","0","0","0","0","0","0","0","0","0","1","0","0","0","0","0","0","0","0","0","0","0","0","0","0","0","0","0","0","0","0","0"
"0x7f2c6b5b23e0","      FMUL2 R62, R62.F32x2.HI_LO, R100.F32","1","1","1","21468","686976","686976","32","32","0","0","0","-","-","-","0","0","0","0","0","0","0","0","-","0","0","0","0","0","0","0","0","0","0","0","0","0","0","0","0","0","0","0","0","0","0","1","0","0","0","0","0","0","0","0","0","0","0","0","0","0","0","0","1"
"0x7f2c6b5b23f0","      FMUL2 R64, R64.F32x2.HI_LO, R100.F32","2","1","2","21468","686976","686976","32","32","0","0","0","-","-","-","0","0","0","0","0","0","0","0","-","0","0","0","0","0","0","0","0","0","0","0","0","0","0","0","0","0","0","1","0","0","0","1","0","0","0","0","0","0","0","0","0","0","0","0","0","0","0","0","1"
"0x7f2c6b5b2400","      FMUL2 R66, R66.F32x2.HI_LO, R100.F32","2","0","2","21468","686976","686976","32","32","0","0","0","-","-","-","0","0","0","0","0","0","0","0","-","0","0","0","0","0","0","0","0","0","0","0","0","0","0","0","0","0","0","2","0","0","0","0","0","0","0","0","0","0","0","0","0","0","0","0","0","0","0","0","0"
"0x7f2c6b5b2410","      STTM.x32 tmem[UR9], R36","1","0","1","21468","686976","686976","32","32","0","0","0","Tmem","Store","-","0","0","0","0","0","0","0","0","-","0","0","0","0","0","0","0","0","0","0","0","0","0","0","0","0","0","0","1","0","0","0","0","0","0","0","0","0","0","0","0","0","0","0","0","0","0","0","0","0"
"0x7f2c6b5b2420","      LDTM.x32 R4, tmem[UR8+0x20]","0","0","0","21468","686976","686976","32","32","0","0","0","Tmem","Load","-","0","0","0","0","0","0","0","0","-","0","0","0","0","0","0","0","0","0","0","0","0","0","0","0","0","0","0","0","0","0","0","0","0","0","0","0","0","0","0","0","0","0","0","0","0","0","0","0","0"
"0x7f2c6b5b2430","      NOP","0","0","0","21468","686976","686976","32","32","0","0","0","-","-","-","0","0","0","0","0","0","0","0","-","0","0","0","0","0","0","0","0","0","0","0","0","0","0","0","0","0","0","0","0","0","0","0","0","0","0","0","0","0","0","0","0","0","0","0","0","0","0","0","0"
"0x7f2c6b5b2440","      FMUL2 R4, R4.F32x2.HI_LO, R100.F32","21","9","21","21468","686976","686976","32","32","0","0","0","-","-","-","0","0","0","0","0","0","0","0","-","0","0","0","0","0","0","0","0","0","0","0","0","0","0","0","0","0","0","1","20","0","0","0","0","0","0","0","0","0","0","0","0","0","0","0","0","9","0","0","0"
"0x7f2c6b5b2450","      FMUL2 R6, R6.F32x2.HI_LO, R100.F32","1","0","1","21468","686976","686976","32","32","0","0","0","-","-","-","0","0","0","0","0","0","0","0","-","0","0","0","0","0","0","0","0","0","0","0","0","0","0","0","0","0","0","1","0","0","0","0","0","0","0","0","0","0","0","0","0","0","0","0","0","0","0","0","0"
"0x7f2c6b5b2460","      FMUL2 R8, R8.F32x2.HI_LO, R100.F32","1","0","1","21468","686976","686976","32","32","0","0","0","-","-","-","0","0","0","0","0","0","0","0","-","0","0","0","0","0","0","0","0","0","0","0","0","0","0","0","0","0","0","1","0","0","0","0","0","0","0","0","0","0","0","0","0","0","0","0","0","0","0","0","0"
"0x7f2c6b5b2470","      FMUL2 R10, R10.F32x2.HI_LO, R100.F32","4","0","4","21468","686976","686976","32","32","0","0","0","-","-","-","0","0","0","0","0","0","0","0","-","0","0","0","0","0","0","0","0","0","0","0","0","0","0","0","0","0","0","0","0","0","0","4","0","0","0","0","0","0","0","0","0","0","0","0","0","0","0","0","0"
"0x7f2c6b5b2480","      FMUL2 R12, R12.F32x2.HI_LO, R100.F32","2","0","2","21468","686976","686976","32","32","0","0","0","-","-","-","0","0","0","0","0","0","0","0","-","0","0","0","0","0","0","0","0","0","0","0","0","0","0","0","0","0","0","0","0","0","0","2","0","0","0","0","0","0","0","0","0","0","0","0","0","0","0","0","0"
"0x7f2c6b5b2490","      FMUL2 R14, R14.F32x2.HI_LO, R100.F32","1","1","1","21468","686976","686976","32","32","0","0","0","-","-","-","0","0","0","0","0","0","0","0","-","0","0","0","0","0","0","0","0","0","0","0","0","0","0","0","0","0","0","0","0","0","0","1","0","0","0","0","0","0","0","0","0","0","0","0","0","0","0","0","1"
"0x7f2c6b5b24a0","      FMUL2 R16, R16.F32x2.HI_LO, R100.F32","1","0","1","21468","686976","686976","32","32","0","0","0","-","-","-","0","0","0","0","0","0","0","0","-","0","0","0","0","0","0","0","0","0","0","0","0","0","0","0","0","0","0","1","0","0","0","0","0","0","0","0","0","0","0","0","0","0","0","0","0","0","0","0","0"
"0x7f2c6b5b24b0","      FMUL2 R18, R18.F32x2.HI_LO, R100.F32","3","3","3","21468","686976","686976","32","32","0","0","0","-","-","-","0","0","0","0","0","0","0","0","-","0","0","0","0","0","0","0","0","0","0","0","0","0","0","0","0","0","0","0","0","0","0","3","0","0","0","0","0","0","0","0","0","0","0","0","0","0","0","0","3"
"0x7f2c6b5b24c0","      FMUL2 R20, R20.F32x2.HI_LO, R100.F32","0","0","0","21468","686976","686976","32","32","0","0","0","-","-","-","0","0","0","0","0","0","0","0","-","0","0","0","0","0","0","0","0","0","0","0","0","0","0","0","0","0","0","0","0","0","0","0","0","0","0","0","0","0","0","0","0","0","0","0","0","0","0","0","0"
"0x7f2c6b5b24d0","      FMUL2 R22, R22.F32x2.HI_LO, R100.F32","1","1","1","21468","686976","686976","32","32","0","0","0","-","-","-","0","0","0","0","0","0","0","0","-","0","0","0","0","0","0","0","0","0","0","0","0","0","0","0","0","0","0","0","0","0","0","1","0","0","0","0","0","0","0","0","0","0","0","0","0","0","0","0","1"
"0x7f2c6b5b24e0","      FMUL2 R24, R24.F32x2.HI_LO, R100.F32","0","0","0","21468","686976","686976","32","32","0","0","0","-","-","-","0","0","0","0","0","0","0","0","-","0","0","0","0","0","0","0","0","0","0","0","0","0","0","0","0","0","0","0","0","0","0","0","0","0","0","0","0","0","0","0","0","0","0","0","0","0","0","0","0"
"0x7f2c6b5b24f0","      FMUL2 R26, R26.F32x2.HI_LO, R100.F32","1","0","1","21468","686976","686976","32","32","0","0","0","-","-","-","0","0","0","0","0","0","0","0","-","0","0","0","0","0","0","0","0","0","0","0","0","0","0","0","0","0","0","1","0","0","0","0","0","0","0","0","0","0","0","0","0","0","0","0","0","0","0","0","0"
"0x7f2c6b5b2500","      FMUL2 R28, R28.F32x2.HI_LO, R100.F32","1","1","1","21468","686976","686976","32","32","0","0","0","-","-","-","0","0","0","0","0","0","0","0","-","0","0","0","0","0","0","0","0","0","0","0","0","0","0","0","0","0","0","0","0","0","0","1","0","0","0","0","0","0","0","0","0","0","0","0","0","0","0","0","1"
"0x7f2c6b5b2510","      FMUL2 R30, R30.F32x2.HI_LO, R100.F32","0","0","0","21468","686976","686976","32","32","0","0","0","-","-","-","0","0","0","0","0","0","0","0","-","0","0","0","0","0","0","0","0","0","0","0","0","0","0","0","0","0","0","0","0","0","0","0","0","0","0","0","0","0","0","0","0","0","0","0","0","0","0","0","0"
"0x7f2c6b5b2520","      FMUL2 R32, R32.F32x2.HI_LO, R100.F32","0","0","0","21468","686976","686976","32","32","0","0","0","-","-","-","0","0","0","0","0","0","0","0","-","0","0","0","0","0","0","0","0","0","0","0","0","0","0","0","0","0","0","0","0","0","0","0","0","0","0","0","0","0","0","0","0","0","0","0","0","0","0","0","0"
"0x7f2c6b5b2530","      FMUL2 R34, R34.F32x2.HI_LO, R100.F32","2","2","2","21468","686976","686976","32","32","0","0","0","-","-","-","0","0","0","0","0","0","0","0","-","0","0","0","0","0","0","0","0","0","0","0","0","0","0","0","0","0","0","0","0","0","0","2","0","0","0","0","0","0","0","0","0","0","0","0","0","0","0","0","2"
"0x7f2c6b5b2540","      STTM.x32 tmem[UR9+0x20], R4","0","0","0","21468","686976","686976","32","32","0","0","0","Tmem","Store","-","0","0","0","0","0","0","0","0","-","0","0","0","0","0","0","0","0","0","0","0","0","0","0","0","0","0","0","0","0","0","0","0","0","0","0","0","0","0","0","0","0","0","0","0","0","0","0","0","0"
"0x7f2c6b5b2550","      LDTM.x32 R36, tmem[UR8+0x40]","0","0","0","21468","686976","686976","32","32","0","0","0","Tmem","Load","-","0","0","0","0","0","0","0","0","-","0","0","0","0","0","0","0","0","0","0","0","0","0","0","0","0","0","0","0","0","0","0","0","0","0","0","0","0","0","0","0","0","0","0","0","0","0","0","0","0"
"0x7f2c6b5b2560","      NOP","1","0","1","21468","686976","686976","32","32","0","0","0","-","-","-","0","0","0","0","0","0","0","0","-","0","0","0","0","0","0","0","0","0","0","0","0","0","0","0","0","0","0","1","0","0","0","0","0","0","0","0","0","0","0","0","0","0","0","0","0","0","0","0","0"
"0x7f2c6b5b2570","      FMUL2 R36, R36.F32x2.HI_LO, R100.F32","28","11","28","21468","686976","686976","32","32","0","0","0","-","-","-","0","0","0","0","0","0","0","0","-","0","0","0","0","0","0","0","0","0","0","0","0","0","0","0","0","0","0","0","28","0","0","0","0","0","0","0","0","0","0","0","0","0","0","0","0","11","0","0","0"
"0x7f2c6b5b2580","      FMUL2 R38, R38.F32x2.HI_LO, R100.F32","0","0","0","21468","686976","686976","32","32","0","0","0","-","-","-","0","0","0","0","0","0","0","0","-","0","0","0","0","0","0","0","0","0","0","0","0","0","0","0","0","0","0","0","0","0","0","0","0","0","0","0","0","0","0","0","0","0","0","0","0","0","0","0","0"
"0x7f2c6b5b2590","      FMUL2 R40, R40.F32x2.HI_LO, R100.F32","0","0","0","21468","686976","686976","32","32","0","0","0","-","-","-","0","0","0","0","0","0","0","0","-","0","0","0","0","0","0","0","0","0","0","0","0","0","0","0","0","0","0","0","0","0","0","0","0","0","0","0","0","0","0","0","0","0","0","0","0","0","0","0","0"
"0x7f2c6b5b25a0","      FMUL2 R42, R42.F32x2.HI_LO, R100.F32","9","0","9","21468","686976","686976","32","32","0","0","0","-","-","-","0","0","0","0","0","0","0","0","-","0","0","0","0","0","0","0","0","1","0","0","0","0","0","0","0","0","0","2","0","0","0","6","0","0","0","0","0","0","0","0","0","0","0","0","0","0","0","0","0"
"0x7f2c6b5b25b0","      FMUL2 R44, R44.F32x2.HI_LO, R100.F32","3","0","3","21468","686976","686976","32","32","0","0","0","-","-","-","0","0","0","0","0","0","0","0","-","0","0","0","0","0","0","0","0","0","0","0","0","0","0","0","0","0","0","0","0","0","0","3","0","0","0","0","0","0","0","0","0","0","0","0","0","0","0","0","0"
"0x7f2c6b5b25c0","      FMUL2 R46, R46.F32x2.HI_LO, R100.F32","0","0","0","21468","686976","686976","32","32","0","0","0","-","-","-","0","0","0","0","0","0","0","0","-","0","0","0","0","0","0","0","0","0","0","0","0","0","0","0","0","0","0","0","0","0","0","0","0","0","0","0","0","0","0","0","0","0","0","0","0","0","0","0","0"
"0x7f2c6b5b25d0","      FMUL2 R48, R48.F32x2.HI_LO, R100.F32","0","0","0","21468","686976","686976","32","32","0","0","0","-","-","-","0","0","0","0","0","0","0","0","-","0","0","0","0","0","0","0","0","0","0","0","0","0","0","0","0","0","0","0","0","0","0","0","0","0","0","0","0","0","0","0","0","0","0","0","0","0","0","0","0"
"0x7f2c6b5b25e0","      FMUL2 R50, R50.F32x2.HI_LO, R100.F32","1","1","1","21468","686976","686976","32","32","0","0","0","-","-","-","0","0","0","0","0","0","0","0","-","0","0","0","0","0","0","0","0","0","0","0","0","0","0","0","0","0","0","0","0","0","0","1","0","0","0","0","0","0","0","0","0","0","0","0","0","0","0","0","1"
"0x7f2c6b5b25f0","      FMUL2 R52, R52.F32x2.HI_LO, R100.F32","1","0","1","21468","686976","686976","32","32","0","0","0","-","-","-","0","0","0","0","0","0","0","0","-","0","0","0","0","0","0","0","0","0","0","0","0","0","0","0","0","0","0","1","0","0","0","0","0","0","0","0","0","0","0","0","0","0","0","0","0","0","0","0","0"
"0x7f2c6b5b2600","      FMUL2 R54, R54.F32x2.HI_LO, R100.F32","0","0","0","21468","686976","686976","32","32","0","0","0","-","-","-","0","0","0","0","0","0","0","0","-","0","0","0","0","0","0","0","0","0","0","0","0","0","0","0","0","0","0","0","0","0","0","0","0","0","0","0","0","0","0","0","0","0","0","0","0","0","0","0","0"
"0x7f2c6b5b2610","      FMUL2 R56, R56.F32x2.HI_LO, R100.F32","2","1","2","21468","686976","686976","32","32","0","0","0","-","-","-","0","0","0","0","0","0","0","0","-","0","0","0","0","0","0","0","0","0","0","0","0","0","0","0","0","0","0","1","0","0","0","1","0","0","0","0","0","0","0","0","0","0","0","0","0","0","0","0","1"
"0x7f2c6b5b2620","      FMUL2 R58, R58.F32x2.HI_LO, R100.F32","0","0","0","21468","686976","686976","32","32","0","0","0","-","-","-","0","0","0","0","0","0","0","0","-","0","0","0","0","0","0","0","0","0","0","0","0","0","0","0","0","0","0","0","0","0","0","0","0","0","0","0","0","0","0","0","0","0","0","0","0","0","0","0","0"
"0x7f2c6b5b2630","      FMUL2 R60, R60.F32x2.HI_LO, R100.F32","0","0","0","21468","686976","686976","32","32","0","0","0","-","-","-","0","0","0","0","0","0","0","0","-","0","0","0","0","0","0","0","0","0","0","0","0","0","0","0","0","0","0","0","0","0","0","0","0","0","0","0","0","0","0","0","0","0","0","0","0","0","0","0","0"
"0x7f2c6b5b2640","      FMUL2 R62, R62.F32x2.HI_LO, R100.F32","2","0","2","21468","686976","686976","32","32","0","0","0","-","-","-","0","0","0","0","0","0","0","0","-","0","0","0","0","0","0","0","0","0","0","0","0","0","0","0","0","0","0","2","0","0","0","0","0","0","0","0","0","0","0","0","0","0","0","0","0","0","0","0","0"
"0x7f2c6b5b2650","      FMUL2 R64, R64.F32x2.HI_LO, R100.F32","2","1","2","21468","686976","686976","32","32","0","0","0","-","-","-","0","0","0","0","0","0","0","0","-","0","0","0","0","0","0","0","0","0","0","0","0","0","0","0","0","0","0","1","0","0","0","1","0","0","0","0","0","0","0","0","0","0","0","0","0","0","0","0","1"
"0x7f2c6b5b2660","      FMUL2 R66, R66.F32x2.HI_LO, R100.F32","1","0","1","21468","686976","686976","32","32","0","0","0","-","-","-","0","0","0","0","0","0","0","0","-","0","0","0","0","0","0","0","0","0","0","0","0","0","0","0","0","0","0","1","0","0","0","0","0","0","0","0","0","0","0","0","0","0","0","0","0","0","0","0","0"
"0x7f2c6b5b2670","      STTM.x32 tmem[UR9+0x40], R36","4","3","4","21468","686976","686976","32","32","0","0","0","Tmem","Store","-","0","0","0","0","0","0","0","0","-","0","0","0","0","0","0","0","0","0","0","0","0","0","0","0","0","0","0","1","0","0","0","3","0","0","0","0","0","0","0","0","0","0","0","0","0","0","0","0","3"
"0x7f2c6b5b2680","      LDTM.x32 R4, tmem[UR8+0x60]","2","0","2","21468","686976","686976","32","32","0","0","0","Tmem","Load","-","0","0","0","0","0","0","0","0","-","0","0","0","0","0","0","0","0","0","0","0","0","0","0","0","0","0","0","2","0","0","0","0","0","0","0","0","0","0","0","0","0","0","0","0","0","0","0","0","0"
"0x7f2c6b5b2690","      NOP","0","0","0","21468","686976","686976","32","32","0","0","0","-","-","-","0","0","0","0","0","0","0","0","-","0","0","0","0","0","0","0","0","0","0","0","0","0","0","0","0","0","0","0","0","0","0","0","0","0","0","0","0","0","0","0","0","0","0","0","0","0","0","0","0"
"0x7f2c6b5b26a0","      FMUL2 R4, R4.F32x2.HI_LO, R100.F32","23","8","23","21468","686976","686976","32","32","0","0","0","-","-","-","0","0","0","0","0","0","0","0","-","0","0","0","0","0","0","0","0","0","0","0","0","0","0","0","0","0","0","2","21","0","0","0","0","0","0","0","0","0","0","0","0","0","0","0","0","8","0","0","0"
"0x7f2c6b5b26b0","      FMUL2 R6, R6.F32x2.HI_LO, R100.F32","0","0","0","21468","686976","686976","32","32","0","0","0","-","-","-","0","0","0","0","0","0","0","0","-","0","0","0","0","0","0","0","0","0","0","0","0","0","0","0","0","0","0","0","0","0","0","0","0","0","0","0","0","0","0","0","0","0","0","0","0","0","0","0","0"
"0x7f2c6b5b26c0","      FMUL2 R8, R8.F32x2.HI_LO, R100.F32","1","0","1","21468","686976","686976","32","32","0","0","0","-","-","-","0","0","0","0","0","0","0","0","-","0","0","0","0","0","0","0","0","0","0","0","0","0","0","0","0","0","0","1","0","0","0","0","0","0","0","0","0","0","0","0","0","0","0","0","0","0","0","0","0"
"0x7f2c6b5b26d0","      FMUL2 R10, R10.F32x2.HI_LO, R100.F32","3","0","3","21468","686976","686976","32","32","0","0","0","-","-","-","0","0","0","0","0","0","0","0","-","0","0","0","0","0","0","0","0","0","0","0","0","0","0","0","0","0","0","0","0","0","0","3","0","0","0","0","0","0","0","0","0","0","0","0","0","0","0","0","0"
"0x7f2c6b5b26e0","      FMUL2 R12, R12.F32x2.HI_LO, R100.F32","6","0","6","21468","686976","686976","32","32","0","0","0","-","-","-","0","0","0","0","0","0","0","0","-","0","0","0","0","0","0","0","0","0","0","0","0","0","0","0","0","0","0","0","0","0","0","6","0","0","0","0","0","0","0","0","0","0","0","0","0","0","0","0","0"
"0x7f2c6b5b26f0","      FMUL2 R14, R14.F32x2.HI_LO, R100.F32","2","2","2","21468","686976","686976","32","32","0","0","0","-","-","-","0","0","0","0","0","0","0","0","-","0","0","0","0","0","0","0","0","0","0","0","0","0","0","0","0","0","0","0","0","0","0","2","0","0","0","0","0","0","0","0","0","0","0","0","0","0","0","0","2"
"0x7f2c6b5b2700","      FMUL2 R16, R16.F32x2.HI_LO, R100.F32","0","0","0","21468","686976","686976","32","32","0","0","0","-","-","-","0","0","0","0","0","0","0","0","-","0","0","0","0","0","0","0","0","0","0","0","0","0","0","0","0","0","0","0","0","0","0","0","0","0","0","0","0","0","0","0","0","0","0","0","0","0","0","0","0"
"0x7f2c6b5b2710","      FMUL2 R18, R18.F32x2.HI_LO, R100.F32","0","0","0","21468","686976","686976","32","32","0","0","0","-","-","-","0","0","0","0","0","0","0","0","-","0","0","0","0","0","0","0","0","0","0","0","0","0","0","0","0","0","0","0","0","0","0","0","0","0","0","0","0","0","0","0","0","0","0","0","0","0","0","0","0"
"0x7f2c6b5b2720","      FMUL2 R20, R20.F32x2.HI_LO, R100.F32","0","0","0","21468","686976","686976","32","32","0","0","0","-","-","-","0","0","0","0","0","0","0","0","-","0","0","0","0","0","0","0","0","0","0","0","0","0","0","0","0","0","0","0","0","0","0","0","0","0","0","0","0","0","0","0","0","0","0","0","0","0","0","0","0"
"0x7f2c6b5b2730","      FMUL2 R22, R22.F32x2.HI_LO, R100.F32","1","0","1","21468","686976","686976","32","32","0","0","0","-","-","-","0","0","0","0","0","0","0","0","-","0","0","0","0","0","0","0","0","0","0","0","0","0","0","0","0","0","0","1","0","0","0","0","0","0","0","0","0","0","0","0","0","0","0","0","0","0","0","0","0"
"0x7f2c6b5b2740","      FMUL2 R24, R24.F32x2.HI_LO, R100.F32","2","1","2","21468","686976","686976","32","32","0","0","0","-","-","-","0","0","0","0","0","0","0","0","-","0","0","0","0","0","0","0","0","0","0","0","0","0","0","0","0","0","0","1","0","0","0","1","0","0","0","0","0","0","0","0","0","0","0","0","0","0","0","0","1"
"0x7f2c6b5b2750","      FMUL2 R26, R26.F32x2.HI_LO, R100.F32","2","1","2","21468","686976","686976","32","32","0","0","0","-","-","-","0","0","0","0","0","0","0","0","-","0","0","0","0","0","0","0","0","0","0","0","0","0","0","0","0","0","0","1","0","0","0","1","0","0","0","0","0","0","0","0","0","0","0","0","0","0","0","0","1"
"0x7f2c6b5b2760","      FMUL2 R28, R28.F32x2.HI_LO, R100.F32","1","0","1","21468","686976","686976","32","32","0","0","0","-","-","-","0","0","0","0","0","0","0","0","-","0","0","0","0","0","0","0","0","0","0","0","0","0","0","0","0","0","0","1","0","0","0","0","0","0","0","0","0","0","0","0","0","0","0","0","0","0","0","0","0"
"0x7f2c6b5b2770","      FMUL2 R30, R30.F32x2.HI_LO, R100.F32","2","2","2","21468","686976","686976","32","32","0","0","0","-","-","-","0","0","0","0","0","0","0","0","-","0","0","0","0","0","0","0","0","0","0","0","0","0","0","0","0","0","0","0","0","0","0","2","0","0","0","0","0","0","0","0","0","0","0","0","0","0","0","0","2"
"0x7f2c6b5b2780","      FMUL2 R32, R32.F32x2.HI_LO, R100.F32","1","1","1","21468","686976","686976","32","32","0","0","0","-","-","-","0","0","0","0","0","0","0","0","-","0","0","0","0","0","0","0","0","0","0","0","0","0","0","0","0","0","0","0","0","0","0","1","0","0","0","0","0","0","0","0","0","0","0","0","0","0","0","0","1"
"0x7f2c6b5b2790","      FMUL2 R34, R34.F32x2.HI_LO, R100.F32","0","0","0","21468","686976","686976","32","32","0","0","0","-","-","-","0","0","0","0","0","0","0","0","-","0","0","0","0","0","0","0","0","0","0","0","0","0","0","0","0","0","0","0","0","0","0","0","0","0","0","0","0","0","0","0","0","0","0","0","0","0","0","0","0"
"0x7f2c6b5b27a0","      STTM.x32 tmem[UR8+0x60], R4","1","1","1","21468","686976","686976","32","32","0","0","0","Tmem","Store","-","0","0","0","0","0","0","0","0","-","0","0","0","0","0","0","0","0","0","0","0","0","0","0","0","0","0","0","0","0","0","0","1","0","0","0","0","0","0","0","0","0","0","0","0","0","0","0","0","1"
"0x7f2c6b5b27b0","      FENCE.VIEW.ASYNC.T","0","0","0","21468","686976","686976","32","32","0","0","0","-","-","-","0","0","0","0","0","0","0","0","-","0","0","0","0","0","0","0","0","0","0","0","0","0","0","0","0","0","0","0","0","0","0","0","0","0","0","0","0","0","0","0","0","0","0","0","0","0","0","0","0"
"0x7f2c6b5b27c0","      NOP","319","231","319","1048576","33554432","33554432","32","32","0","0","0","-","-","-","0","0","0","0","0","0","0","0","-","0","0","0","0","0","0","0","64","1","0","0","0","0","0","0","0","233","9","1","11","0","0","0","0","44","0","0","0","0","0","0","0","0","180","0","0","7","0","0","0"
"0x7f2c6b5b27d0","      BAR.SYNC.DEFER_BLOCKING 0x1, 0x100","14","0","14","1048576","33554432","33554432","32","32","0","0","0","-","-","-","0","0","0","0","0","0","0","0","-","0","0","0","0","0","0","0","0","0","0","0","0","0","0","0","0","0","0","14","0","0","0","0","0","0","0","0","0","0","0","0","0","0","0","0","0","0","0","0","0"
"0x7f2c6b5b27e0","      UISETP.NE.U32.OR UP1, UPT, UR14, UR12, !UP0","18","0","18","1048576","33554432","33554432","32","32","0","0","0","-","-","-","0","0","0","0","0","0","0","0","-","0","0","0","0","0","0","0","0","0","0","0","0","0","0","0","0","0","0","18","0","0","0","0","0","0","0","0","0","0","0","0","0","0","0","0","0","0","0","0","0"
"0x7f2c6b5b27f0","      NOP","784","673","784","1048576","33554432","33554432","32","32","0","0","0","-","-","-","0","0","0","0","0","0","0","0","-","0","0","0","0","0","0","680","0","0","0","0","0","0","0","0","0","0","24","24","0","0","0","56","636","0","0","0","0","0","0","0","0","0","0","0","0","0","0","0","37"
"0x7f2c6b5b2800","      MEMBAR.ALL.CTA","25","0","25","1048576","33554432","33554432","32","32","0","0","0","-","-","-","0","0","0","0","0","0","0","0","-","0","0","0","0","0","0","0","0","0","0","0","0","0","0","0","0","0","0","25","0","0","0","0","0","0","0","0","0","0","0","0","0","0","0","0","0","0","0","0","0"
"0x7f2c6b5b2810","      FENCE.VIEW.ASYNC.S","296","247","296","1048576","33554432","33554432","32","32","0","0","0","-","-","-","0","0","0","0","0","0","0","0","-","0","0","0","0","0","0","0","0","0","0","0","174","0","0","0","0","0","0","17","0","0","0","105","0","0","0","0","0","163","0","0","0","0","0","0","0","0","0","0","84"
"0x7f2c6b5b2820","@!P0  SYNCS.ARRIVE.TRANS64.A1T0 RZ, [UR4+0x31930], RZ","607","555","607","1048576","33554432","131072","32","0","32","32","0","-","-","-","0","0","0","0","0","0","0","0","-","0","0","0","0","0","0","0","0","0","0","0","568","0","0","0","0","0","0","19","0","0","0","20","0","0","0","0","0","536","0","0","0","0","0","0","0","0","0","0","19"
"0x7f2c6b5b2830","      BRA.U UP1, 0x7f2c6b5b2960","21","0","21","1048576","33554432","33554432","32","32","32","0","0","-","-","-","0","0","0","0","0","0","0","0","-","0","0","0","0","0","0","0","0","0","0","0","0","0","0","0","0","0","0","21","0","0","0","0","0","0","0","0","0","0","0","0","0","0","0","0","0","0","0","0","0"
"0x7f2c6b5b2840","      ELECT P1, URZ, PT","96","60","96","8044","257408","257408","32","32","0","0","0","-","-","-","0","0","0","0","0","0","0","0","-","0","0","0","0","0","0","0","0","0","0","0","0","0","0","0","0","0","0","19","0","0","0","77","0","0","0","0","0","0","0","0","0","0","0","0","0","0","0","0","60"
"0x7f2c6b5b2850","      UMOV UR29, UR5","1","0","1","8044","257408","257408","32","32","0","0","0","-","-","-","0","0","0","0","0","0","0","0","-","0","0","0","0","0","0","0","0","0","0","0","0","0","0","0","0","0","0","1","0","0","0","0","0","0","0","0","0","0","0","0","0","0","0","0","0","0","0","0","0"
"0x7f2c6b5b2860","      UMOV UR31, UR7","1","0","1","8044","257408","257408","32","32","0","0","0","-","-","-","0","0","0","0","0","0","0","0","-","0","0","0","0","0","0","0","0","0","0","0","0","0","0","0","0","0","0","1","0","0","0","0","0","0","0","0","0","0","0","0","0","0","0","0","0","0","0","0","0"
"0x7f2c6b5b2870","      UMOV UR25, UR5","0","0","0","8044","257408","257408","32","32","0","0","0","-","-","-","0","0","0","0","0","0","0","0","-","0","0","0","0","0","0","0","0","0","0","0","0","0","0","0","0","0","0","0","0","0","0","0","0","0","0","0","0","0","0","0","0","0","0","0","0","0","0","0","0"
"0x7f2c6b5b2880","      UMOV UR27, UR7","0","0","0","8044","257408","257408","32","32","0","0","0","-","-","-","0","0","0","0","0","0","0","0","-","0","0","0","0","0","0","0","0","0","0","0","0","0","0","0","0","0","0","0","0","0","0","0","0","0","0","0","0","0","0","0","0","0","0","0","0","0","0","0","0"
"0x7f2c6b5b2890","      UMOV UR21, UR5","0","0","0","8044","257408","257408","32","32","0","0","0","-","-","-","0","0","0","0","0","0","0","0","-","0","0","0","0","0","0","0","0","0","0","0","0","0","0","0","0","0","0","0","0","0","0","0","0","0","0","0","0","0","0","0","0","0","0","0","0","0","0","0","0"
"0x7f2c6b5b28a0","      UMOV UR23, UR7","0","0","0","8044","257408","257408","32","32","0","0","0","-","-","-","0","0","0","0","0","0","0","0","-","0","0","0","0","0","0","0","0","0","0","0","0","0","0","0","0","0","0","0","0","0","0","0","0","0","0","0","0","0","0","0","0","0","0","0","0","0","0","0","0"
"0x7f2c6b5b28b0","      UMOV UR17, UR5","0","0","0","8044","257408","257408","32","32","0","0","0","-","-","-","0","0","0","0","0","0","0","0","-","0","0","0","0","0","0","0","0","0","0","0","0","0","0","0","0","0","0","0","0","0","0","0","0","0","0","0","0","0","0","0","0","0","0","0","0","0","0","0","0"
"0x7f2c6b5b28c0","      UMOV UR18, UR6","0","0","0","8044","257408","257408","32","32","0","0","0","-","-","-","0","0","0","0","0","0","0","0","-","0","0","0","0","0","0","0","0","0","0","0","0","0","0","0","0","0","0","0","0","0","0","0","0","0","0","0","0","0","0","0","0","0","0","0","0","0","0","0","0"
"0x7f2c6b5b28d0","      UMOV UR19, UR7","0","0","0","8044","257408","257408","32","32","0","0","0","-","-","-","0","0","0","0","0","0","0","0","-","0","0","0","0","0","0","0","0","0","0","0","0","0","0","0","0","0","0","0","0","0","0","0","0","0","0","0","0","0","0","0","0","0","0","0","0","0","0","0","0"
"0x7f2c6b5b28e0","@P1   MOV R0, 0x9000","0","0","0","8044","257408","8044","32","1","31","31","0","-","-","-","0","0","0","0","0","0","0","0","-","0","0","0","0","0","0","0","0","0","0","0","0","0","0","0","0","0","0","0","0","0","0","0","0","0","0","0","0","0","0","0","0","0","0","0","0","0","0","0","0"
"0x7f2c6b5b28f0","@P1   SYNCS.ARRIVE.TRANS64 RZ, [UR4+0x31938], R0","1","0","1","8044","257408","8044","32","1","0","31","0","-","-","-","0","0","0","0","0","0","0","0","-","0","0","0","0","0","0","0","0","0","0","0","0","0","0","0","0","0","1","0","0","0","0","0","0","0","0","0","0","0","0","0","0","0","0","0","0","0","0","0","0"
"0x7f2c6b5b2900","      UTMALDG.2D [UR4], [UR34]","0","0","0","8044","257408","257408","32","32","31","0","0","Global,Shared","-","-","0","0","0","0","0","0","0","0","-","0","0","0","0","0","0","0","0","0","0","0","0","0","0","0","0","0","0","0","0","0","0","0","0","0","0","0","0","0","0","0","0","0","0","0","0","0","0","0","0"
"0x7f2c6b5b2910","      UTMALDG.2D [UR28], [UR34]","0","0","0","8044","257408","257408","32","32","0","0","0","Global,Shared","-","-","0","0","0","0","0","0","0","0","-","0","0","0","0","0","0","0","0","0","0","0","0","0","0","0","0","0","0","0","0","0","0","0","0","0","0","0","0","0","0","0","0","0","0","0","0","0","0","0","0"
"0x7f2c6b5b2920","      UTMALDG.2D [UR24], [UR34]","0","0","0","8044","257408","257408","32","32","0","0","0","Global,Shared","-","-","0","0","0","0","0","0","0","0","-","0","0","0","0","0","0","0","0","0","0","0","0","0","0","0","0","0","0","0","0","0","0","0","0","0","0","0","0","0","0","0","0","0","0","0","0","0","0","0","0"
"0x7f2c6b5b2930","      UTMALDG.2D [UR20], [UR34]","0","0","0","8044","257408","257408","32","32","0","0","0","Global,Shared","-","-","0","0","0","0","0","0","0","0","-","0","0","0","0","0","0","0","0","0","0","0","0","0","0","0","0","0","0","0","0","0","0","0","0","0","0","0","0","0","0","0","0","0","0","0","0","0","0","0","0"
"0x7f2c6b5b2940","      UTMALDG.2D [UR16], [UR36]","5","1","5","8044","257408","257408","32","32","0","0","0","Global,Shared","-","-","0","0","0","0","0","0","0","0","-","0","0","0","0","0","0","0","0","0","0","0","0","0","0","2","0","0","2","1","0","0","0","0","0","0","0","0","0","0","0","0","1","0","0","0","0","0","0","0","0"
"0x7f2c6b5b2950","      NOP","0","0","0","8044","257408","257408","32","32","0","0","0","-","-","-","0","0","0","0","0","0","0","0","-","0","0","0","0","0","0","0","0","0","0","0","0","0","0","0","0","0","0","0","0","0","0","0","0","0","0","0","0","0","0","0","0","0","0","0","0","0","0","0","0"
"0x7f2c6b5b2960","      SYNCS.PHASECHK.TRANS64.TRYWAIT P1, [UR4+0x31928], R112","192","124","192","1048576","33554432","33554432","32","32","0","0","0","-","-","-","0","0","0","0","0","0","0","0","-","0","0","0","0","0","0","0","64","0","0","0","0","0","0","0","0","89","39","0","0","0","0","0","0","42","0","0","0","0","0","0","0","0","82","0","0","0","0","0","0"
"0x7f2c6b5b2970","      FADD R96, R96, R97","24","0","24","1048576","33554432","33554432","32","32","0","0","0","-","-","-","0","0","0","0","0","0","0","0","-","0","0","0","0","0","0","0","0","0","0","0","0","0","0","0","0","0","0","24","0","0","0","0","0","0","0","0","0","0","0","0","0","0","0","0","0","0","0","0","0"
"0x7f2c6b5b2980","      FADD R95, R94, R95","257","146","257","1048576","33554432","33554432","32","32","0","0","0","-","-","-","0","0","0","0","0","0","0","0","-","0","0","0","0","0","0","0","0","0","0","0","0","0","0","0","0","196","43","18","0","0","0","0","0","0","0","0","0","0","0","0","0","0","146","0","0","0","0","0","0"
"0x7f2c6b5b2990","      FADD R92, R92, R93","14","0","14","1048576","33554432","33554432","32","32","0","0","0","-","-","-","0","0","0","0","0","0","0","0","-","0","0","0","0","0","0","0","0","0","0","0","0","0","0","0","0","0","0","14","0","0","0","0","0","0","0","0","0","0","0","0","0","0","0","0","0","0","0","0","0"
"0x7f2c6b5b29a0","      FADD R91, R90, R91","22","0","22","1048576","33554432","33554432","32","32","0","0","0","-","-","-","0","0","0","0","0","0","0","0","-","0","0","0","0","0","0","0","0","0","0","0","0","0","0","0","0","0","0","22","0","0","0","0","0","0","0","0","0","0","0","0","0","0","0","0","0","0","0","0","0"
"0x7f2c6b5b29b0","      FADD R88, R88, R89","27","0","27","1048576","33554432","33554432","32","32","0","0","0","-","-","-","0","0","0","0","0","0","0","0","-","0","0","0","0","0","0","0","0","0","0","0","0","0","0","0","0","0","0","27","0","0","0","0","0","0","0","0","0","0","0","0","0","0","0","0","0","0","0","0","0"
"0x7f2c6b5b29c0","      FADD R87, R86, R87","21","0","21","1048576","33554432","33554432","32","32","0","0","0","-","-","-","0","0","0","0","0","0","0","0","-","0","0","0","0","0","0","0","0","0","0","0","0","0","0","0","0","0","1","20","0","0","0","0","0","0","0","0","0","0","0","0","0","0","0","0","0","0","0","0","0"
"0x7f2c6b5b29d0","      FADD R84, R84, R85","21","0","21","1048576","33554432","33554432","32","32","0","0","0","-","-","-","0","0","0","0","0","0","0","0","-","0","0","0","0","0","0","0","0","0","0","0","0","0","0","0","0","0","0","21","0","0","0","0","0","0","0","0","0","0","0","0","0","0","0","0","0","0","0","0","0"
"0x7f2c6b5b29e0","      FADD R83, R82, R83","13","0","13","1048576","33554432","33554432","32","32","0","0","0","-","-","-","0","0","0","0","0","0","0","0","-","0","0","0","0","0","0","0","0","1","0","0","0","0","0","0","0","0","0","12","0","0","0","0","0","0","0","0","0","0","0","0","0","0","0","0","0","0","0","0","0"
"0x7f2c6b5b29f0","      FADD R80, R80, R81","14","0","14","1048576","33554432","33554432","32","32","0","0","0","-","-","-","0","0","0","0","0","0","0","0","-","0","0","0","0","0","0","0","0","0","0","0","0","0","0","0","0","0","0","14","0","0","0","0","0","0","0","0","0","0","0","0","0","0","0","0","0","0","0","0","0"
"0x7f2c6b5b2a00","      FADD R79, R78, R79","51","12","51","1048576","33554432","33554432","32","32","0","0","0","-","-","-","0","0","0","0","0","0","0","0","-","0","0","0","0","0","0","0","0","0","0","0","0","0","0","0","0","31","6","14","0","0","0","0","0","0","0","0","0","0","0","0","0","0","12","0","0","0","0","0","0"
"0x7f2c6b5b2a10","      FADD R76, R76, R77","23","0","23","1048576","33554432","33554432","32","32","0","0","0","-","-","-","0","0","0","0","0","0","0","0","-","0","0","0","0","0","0","0","0","0","0","0","0","0","0","0","0","0","0","23","0","0","0","0","0","0","0","0","0","0","0","0","0","0","0","0","0","0","0","0","0"
"0x7f2c6b5b2a20","      FADD R75, R74, R75","23","0","23","1048576","33554432","33554432","32","32","0","0","0","-","-","-","0","0","0","0","0","0","0","0","-","0","0","0","0","0","0","0","0","0","0","0","0","0","0","0","0","0","0","23","0","0","0","0","0","0","0","0","0","0","0","0","0","0","0","0","0","0","0","0","0"
"0x7f2c6b5b2a30","      FADD R72, R72, R73","26","0","26","1048576","33554432","33554432","32","32","0","0","0","-","-","-","0","0","0","0","0","0","0","0","-","0","0","0","0","0","0","0","0","0","0","0","0","0","0","0","0","0","0","26","0","0","0","0","0","0","0","0","0","0","0","0","0","0","0","0","0","0","0","0","0"
"0x7f2c6b5b2a40","      FADD R71, R70, R71","25","0","25","1048576","33554432","33554432","32","32","0","0","0","-","-","-","0","0","0","0","0","0","0","0","-","0","0","0","0","0","0","0","0","0","0","0","0","0","0","0","0","0","0","25","0","0","0","0","0","0","0","0","0","0","0","0","0","0","0","0","0","0","0","0","0"
"0x7f2c6b5b2a50","      FADD R68, R68, R69","17","0","17","1048576","33554432","33554432","32","32","0","0","0","-","-","-","0","0","0","0","0","0","0","0","-","0","0","0","0","0","0","0","0","0","0","0","0","0","0","0","0","0","0","17","0","0","0","0","0","0","0","0","0","0","0","0","0","0","0","0","0","0","0","0","0"
"0x7f2c6b5b2a60","      FADD R3, R2, R3","14","0","14","1048576","33554432","33554432","32","32","0","0","0","-","-","-","0","0","0","0","0","0","0","0","-","0","0","0","0","0","0","0","0","0","0","0","0","0","0","0","0","0","0","14","0","0","0","0","0","0","0","0","0","0","0","0","0","0","0","0","0","0","0","0","0"
"0x7f2c6b5b2a70","      FADD R95, R96, R95","25","0","25","1048576","33554432","33554432","32","32","0","0","0","-","-","-","0","0","0","0","0","0","0","0","-","0","0","0","0","0","0","0","0","0","0","0","0","0","0","0","0","0","0","25","0","0","0","0","0","0","0","0","0","0","0","0","0","0","0","0","0","0","0","0","0"
"0x7f2c6b5b2a80","      FADD R92, R92, R91","281","4","281","1048576","33554432","33554432","32","32","0","0","0","-","-","-","0","0","0","0","0","0","0","0","-","0","0","0","0","0","0","0","0","2","0","0","0","0","0","0","0","129","137","13","0","0","0","0","0","0","0","0","0","0","0","0","0","0","4","0","0","0","0","0","0"
"0x7f2c6b5b2a90","      FADD R87, R88, R87","15","0","15","1048576","33554432","33554432","32","32","0","0","0","-","-","-","0","0","0","0","0","0","0","0","-","0","0","0","0","0","0","0","0","0","0","0","0","0","0","0","0","0","0","15","0","0","0","0","0","0","0","0","0","0","0","0","0","0","0","0","0","0","0","0","0"
"0x7f2c6b5b2aa0","      FADD R84, R84, R83","20","0","20","1048576","33554432","33554432","32","32","0","0","0","-","-","-","0","0","0","0","0","0","0","0","-","0","0","0","0","0","0","0","0","0","0","0","0","0","0","0","0","0","0","20","0","0","0","0","0","0","0","0","0","0","0","0","0","0","0","0","0","0","0","0","0"
"0x7f2c6b5b2ab0","      FADD R79, R80, R79","19","0","19","1048576","33554432","33554432","32","32","0","0","0","-","-","-","0","0","0","0","0","0","0","0","-","0","0","0","0","0","0","0","0","0","0","0","0","0","0","0","0","0","0","19","0","0","0","0","0","0","0","0","0","0","0","0","0","0","0","0","0","0","0","0","0"
"0x7f2c6b5b2ac0","      FADD R76, R76, R75","22","0","22","1048576","33554432","33554432","32","32","0","0","0","-","-","-","0","0","0","0","0","0","0","0","-","0","0","0","0","0","0","0","0","0","0","0","0","0","0","0","0","0","3","19","0","0","0","0","0","0","0","0","0","0","0","0","0","0","0","0","0","0","0","0","0"
"0x7f2c6b5b2ad0","      FADD R71, R72, R71","20","0","20","1048576","33554432","33554432","32","32","0","0","0","-","-","-","0","0","0","0","0","0","0","0","-","0","0","0","0","0","0","0","0","0","0","0","0","0","0","0","0","0","0","20","0","0","0","0","0","0","0","0","0","0","0","0","0","0","0","0","0","0","0","0","0"
"0x7f2c6b5b2ae0","      FADD R68, R68, R3","23","0","23","1048576","33554432","33554432","32","32","0","0","0","-","-","-","0","0","0","0","0","0","0","0","-","0","0","0","0","0","0","0","0","0","0","0","0","0","0","0","0","0","0","23","0","0","0","0","0","0","0","0","0","0","0","0","0","0","0","0","0","0","0","0","0"
"0x7f2c6b5b2af0","      FADD R92, R95, R92","30","0","30","1048576","33554432","33554432","32","32","0","0","0","-","-","-","0","0","0","0","0","0","0","0","-","0","0","0","0","0","0","0","0","0","0","0","0","0","0","0","0","0","0","30","0","0","0","0","0","0","0","0","0","0","0","0","0","0","0","0","0","0","0","0","0"
"0x7f2c6b5b2b00","      FADD R87, R87, R84","63","6","63","1048576","33554432","33554432","32","32","0","0","0","-","-","-","0","0","0","0","0","0","0","0","-","0","0","0","0","0","0","0","0","0","0","0","0","0","0","0","0","33","8","22","0","0","0","0","0","0","0","0","0","0","0","0","0","0","6","0","0","0","0","0","0"
"0x7f2c6b5b2b10","      FADD R76, R79, R76","20","0","20","1048576","33554432","33554432","32","32","0","0","0","-","-","-","0","0","0","0","0","0","0","0","-","0","0","0","0","0","0","0","0","0","0","0","0","0","0","0","0","0","0","20","0","0","0","0","0","0","0","0","0","0","0","0","0","0","0","0","0","0","0","0","0"
"0x7f2c6b5b2b20","      FADD R71, R71, R68","23","0","23","1048576","33554432","33554432","32","32","0","0","0","-","-","-","0","0","0","0","0","0","0","0","-","0","0","0","0","0","0","0","0","0","0","0","0","0","0","0","0","0","1","22","0","0","0","0","0","0","0","0","0","0","0","0","0","0","0","0","0","0","0","0","0"
"0x7f2c6b5b2b30","      FADD R0, R92, R87","120","3","120","1048576","33554432","33554432","32","32","0","0","0","-","-","-","0","0","0","0","0","0","0","0","-","0","0","0","0","0","0","0","0","0","0","0","0","0","0","0","0","0","75","15","0","0","0","30","0","0","0","0","0","0","0","0","0","0","0","0","0","0","0","0","3"
"0x7f2c6b5b2b40","      FADD R71, R76, R71","52","4","52","1048576","33554432","33554432","32","32","0","0","0","-","-","-","0","0","0","0","0","0","0","0","-","0","0","0","0","0","0","0","0","0","0","0","0","0","0","0","0","0","6","23","0","0","0","23","0","0","0","0","0","0","0","0","0","0","0","0","0","0","0","0","4"
"0x7f2c6b5b2b50","      FADD R0, R0, R71","92","35","92","1048576","33554432","33554432","32","32","0","0","0","-","-","-","0","0","0","0","0","0","0","0","-","0","0","0","0","0","0","0","0","3","0","0","0","0","0","0","0","0","9","19","0","0","0","61","0","0","0","0","0","0","0","0","0","0","0","0","0","0","0","0","35"
"0x7f2c6b5b2b60","      FFMA R99, R99, R100, R0","84","32","84","1048576","33554432","33554432","32","32","0","0","0","-","-","-","0","0","0","0","0","0","0","0","-","0","0","0","0","0","0","0","0","0","0","0","0","0","0","0","0","0","12","20","0","0","0","52","0","0","0","0","0","0","0","0","0","0","0","0","0","0","0","0","32"
"0x7f2c6b5b2b70","@!P1  BRA 0x7f2c6b5b4070","23176","22656","23176","1048576","33554432","33554432","32","32","0","0","0","-","-","-","0","0","0","0","0","0","0","0","-","0","0","0","0","0","0","0","0","0","0","0","23112","0","0","0","0","0","42","22","0","0","0","0","0","0","0","0","0","22656","0","0","0","0","0","0","0","0","0","0","0"
"0x7f2c6b5b2b80","      UIADD3 UR9, UPT, UPT, UR15, 0x1, URZ","128","96","128","1048576","33554432","33554432","32","32","0","0","0","-","-","-","0","0","0","0","0","0","0","0","-","0","0","0","0","0","0","0","0","0","0","0","0","0","0","0","0","0","0","29","0","0","0","99","0","0","0","0","0","0","0","0","0","0","0","0","0","0","0","0","96"
"0x7f2c6b5b2b90","      NOP","19","0","19","1048576","33554432","33554432","32","32","0","0","0","-","-","-","0","0","0","0","0","0","0","0","-","0","0","0","0","0","0","0","0","0","0","0","0","0","0","0","0","0","0","19","0","0","0","0","0","0","0","0","0","0","0","0","0","0","0","0","0","0","0","0","0"
"0x7f2c6b5b2ba0","      UIADD3 UR8, UPT, UPT, UR13, 0x1, URZ","16","0","16","1048576","33554432","33554432","32","32","0","0","0","-","-","-","0","0","0","0","0","0","0","0","-","0","0","0","0","0","0","0","0","0","0","0","0","0","0","0","0","0","0","16","0","0","0","0","0","0","0","0","0","0","0","0","0","0","0","0","0","0","0","0","0"
"0x7f2c6b5b2bb0","      NOP","18","0","18","1048576","33554432","33554432","32","32","0","0","0","-","-","-","0","0","0","0","0","0","0","0","-","0","0","0","0","0","0","0","0","0","0","0","0","0","0","0","0","0","0","18","0","0","0","0","0","0","0","0","0","0","0","0","0","0","0","0","0","0","0","0","0"
"0x7f2c6b5b2bc0","      UISETP.NE.U32.AND UP1, UPT, UR9, 0x2, UPT","12","0","12","1048576","33554432","33554432","32","32","0","0","0","-","-","-","0","0","0","0","0","0","0","0","-","0","0","0","0","0","0","0","0","0","0","0","0","0","0","0","0","0","0","12","0","0","0","0","0","0","0","0","0","0","0","0","0","0","0","0","0","0","0","0","0"
"0x7f2c6b5b2bd0","@!P0  SYNCS.ARRIVE.TRANS64.A1T0 RZ, [UR10+0x31958], RZ","16","0","16","1048576","33554432","131072","32","0","32","32","0","-","-","-","0","0","0","0","0","0","0","0","-","0","0","0","0","0","0","0","0","0","0","0","0","0","0","0","0","0","0","16","0","0","0","0","0","0","0","0","0","0","0","0","0","0","0","0","0","0","0","0","0"
"0x7f2c6b5b2be0","      MOV R67, R98","19","0","19","1048576","33554432","33554432","32","32","32","0","0","-","-","-","0","0","0","0","0","0","0","0","-","0","0","0","0","0","0","0","0","0","0","0","0","0","0","0","0","0","0","19","0","0","0","0","0","0","0","0","0","0","0","0","0","0","0","0","0","0","0","0","0"
"0x7f2c6b5b2bf0","      USEL UR15, UR9, URZ, UP1","64","21","64","1048576","33554432","33554432","32","32","0","0","0","-","-","-","0","0","0","0","0","0","0","0","-","0","0","0","0","0","0","0","0","0","0","0","0","20","0","0","0","0","6","21","0","0","0","17","0","0","0","0","0","0","20","0","0","0","0","0","0","0","0","0","1"
"0x7f2c6b5b2c00","@UP1  UIADD3 UR8, UPT, UPT, UR13, URZ, URZ","213","106","213","1048576","33554432","16777216","32","16","16","16","0","-","-","-","0","0","0","0","0","0","0","0","-","0","0","0","0","0","0","0","0","0","0","0","0","19","0","0","0","0","41","21","0","0","0","132","0","0","0","0","0","0","0","0","0","0","0","0","0","0","0","0","106"
"0x7f2c6b5b2c10","      UISETP.NE.U32.AND UP1, UPT, UR14, UR12, UPT","49","23","49","1048576","33554432","33554432","32","32","16","0","0","-","-","-","0","0","0","0","0","0","0","0","-","0","0","0","0","0","0","0","0","0","0","0","0","0","0","0","0","0","0","24","0","0","0","25","0","0","0","0","0","0","0","0","0","0","0","0","0","0","0","0","23"
"0x7f2c6b5b2c20","      UMOV UR13, UR8","103","60","103","1048576","33554432","33554432","32","32","0","0","0","-","-","-","0","0","0","0","0","0","0","0","-","0","0","0","0","0","0","0","0","0","0","0","0","0","0","0","0","0","5","18","0","0","0","80","0","0","0","0","0","0","0","0","0","0","0","0","0","0","0","0","60"
"0x7f2c6b5b2c30","      BRA.U UP1, 0x7f2c6b5b1050","65","39","65","1048576","33554432","33554432","32","32","0","0","0","-","-","-","0","0","0","0","0","0","0","0","-","0","0","0","0","0","0","0","0","0","0","0","0","0","0","0","0","0","0","21","0","0","0","44","0","0","0","0","0","0","0","0","0","0","0","0","0","0","0","0","39"
"0x7f2c6b5b2c40","      UISETP.GT.AND UP0, UPT, UR38, 0x1f6b, UPT","105","64","105","65536","2097152","2097152","32","32","0","0","0","-","-","-","0","0","0","0","0","0","0","0","-","0","0","0","0","0","0","0","0","0","0","0","0","0","0","0","0","0","0","19","0","0","0","86","0","0","0","0","0","0","0","0","0","0","0","0","0","0","0","0","64"
"0x7f2c6b5b2c50","      UISETP.GT.OR UP0, UPT, UR14, URZ, UP0","8","5","8","65536","2097152","2097152","32","32","0","0","0","-","-","-","0","0","0","0","0","0","0","0","-","0","0","0","0","0","0","0","0","0","0","0","0","0","0","0","0","0","0","3","0","0","0","5","0","0","0","0","0","0","0","0","0","0","0","0","0","0","0","0","5"
"0x7f2c6b5b2c60","      UISETP.NE.U32.OR UP0, UPT, UR63, URZ, UP0","4","0","4","65536","2097152","2097152","32","32","0","0","0","-","-","-","0","0","0","0","0","0","0","0","-","0","0","0","0","0","0","0","0","0","0","0","0","0","0","0","0","0","0","2","0","0","0","2","0","0","0","0","0","0","0","0","0","0","0","0","0","0","0","0","0"
"0x7f2c6b5b2c70","      BRA.U UP0, 0x7f2c6b5b2e70","5","5","5","65536","2097152","2097152","32","32","0","0","0","-","-","-","0","0","0","0","0","0","0","0","-","0","0","0","0","0","0","0","0","0","0","0","0","0","0","0","0","0","0","0","0","0","0","5","0","0","0","0","0","0","0","0","0","0","0","0","0","0","0","0","5"
"0x7f2c6b5b2c80","      ELECT P0, URZ, PT","7","2","7","0","0","0","0","0","32","32","0","-","-","-","0","0","0","0","0","0","0","0","-","0","0","0","0","0","0","0","0","0","0","0","0","0","0","0","0","0","0","1","0","0","0","6","0","0","0","0","0","0","0","0","0","0","0","0","0","0","0","0","2"
"0x7f2c6b5b2c90","      UIADD3 UR6, UP0, UPT, UR34, 0x80, URZ","0","0","0","0","0","0","0","0","0","32","0","-","-","-","0","0","0","0","0","0","0","0","-","0","0","0","0","0","0","0","0","0","0","0","0","0","0","0","0","0","0","0","0","0","0","0","0","0","0","0","0","0","0","0","0","0","0","0","0","0","0","0","0"
"0x7f2c6b5b2ca0","      USHF.L.U32 UR11, UR39, 0x6, URZ","0","0","0","0","0","0","0","0","0","32","0","-","-","-","0","0","0","0","0","0","0","0","-","0","0","0","0","0","0","0","0","0","0","0","0","0","0","0","0","0","0","0","0","0","0","0","0","0","0","0","0","0","0","0","0","0","0","0","0","0","0","0","0"
"0x7f2c6b5b2cb0","      UIADD3 UR9, UPT, UPT, UR4, 0x31938, URZ","0","0","0","0","0","0","0","0","0","32","0","-","-","-","0","0","0","0","0","0","0","0","-","0","0","0","0","0","0","0","0","0","0","0","0","0","0","0","0","0","0","0","0","0","0","0","0","0","0","0","0","0","0","0","0","0","0","0","0","0","0","0","0"
"0x7f2c6b5b2cc0","      UIADD3 UR20, UPT, UPT, UR4, 0x2000, URZ","0","0","0","0","0","0","0","0","0","32","0","-","-","-","0","0","0","0","0","0","0","0","-","0","0","0","0","0","0","0","0","0","0","0","0","0","0","0","0","0","0","0","0","0","0","0","0","0","0","0","0","0","0","0","0","0","0","0","0","0","0","0","0"
"0x7f2c6b5b2cd0","      UIADD3 UR24, UPT, UPT, UR4, 0x4000, URZ","0","0","0","0","0","0","0","0","0","32","0","-","-","-","0","0","0","0","0","0","0","0","-","0","0","0","0","0","0","0","0","0","0","0","0","0","0","0","0","0","0","0","0","0","0","0","0","0","0","0","0","0","0","0","0","0","0","0","0","0","0","0","0"
"0x7f2c6b5b2ce0","      UIADD3 UR16, UPT, UPT, UR4, 0x6000, URZ","0","0","0","0","0","0","0","0","0","32","0","-","-","-","0","0","0","0","0","0","0","0","-","0","0","0","0","0","0","0","0","0","0","0","0","0","0","0","0","0","0","0","0","0","0","0","0","0","0","0","0","0","0","0","0","0","0","0","0","0","0","0","0"
"0x7f2c6b5b2cf0","@P0   MOV R0, 0x9000","0","0","0","0","0","0","0","0","0","32","0","-","-","-","0","0","0","0","0","0","0","0","-","0","0","0","0","0","0","0","0","0","0","0","0","0","0","0","0","0","0","0","0","0","0","0","0","0","0","0","0","0","0","0","0","0","0","0","0","0","0","0","0"
"0x7f2c6b5b2d00","      UIADD3 UR12, UPT, UPT, UR4, 0x8000, URZ","0","0","0","0","0","0","0","0","0","32","0","-","-","-","0","0","0","0","0","0","0","0","-","0","0","0","0","0","0","0","0","0","0","0","0","0","0","0","0","0","0","0","0","0","0","0","0","0","0","0","0","0","0","0","0","0","0","0","0","0","0","0","0"
"0x7f2c6b5b2d10","      UIADD3.X UR7, UPT, UPT, URZ, UR35, URZ, UP0, !UPT","0","0","0","0","0","0","0","0","0","32","0","-","-","-","0","0","0","0","0","0","0","0","-","0","0","0","0","0","0","0","0","0","0","0","0","0","0","0","0","0","0","0","0","0","0","0","0","0","0","0","0","0","0","0","0","0","0","0","0","0","0","0","0"
"0x7f2c6b5b2d20","@P0   SYNCS.ARRIVE.TRANS64 RZ, [UR4+0x31938], R0","0","0","0","0","0","0","0","0","0","32","0","-","-","-","0","0","0","0","0","0","0","0","-","0","0","0","0","0","0","0","0","0","0","0","0","0","0","0","0","0","0","0","0","0","0","0","0","0","0","0","0","0","0","0","0","0","0","0","0","0","0","0","0"
"0x7f2c6b5b2d30","      UMOV UR10, URZ","0","0","0","0","0","0","0","0","0","32","0","-","-","-","0","0","0","0","0","0","0","0","-","0","0","0","0","0","0","0","0","0","0","0","0","0","0","0","0","0","0","0","0","0","0","0","0","0","0","0","0","0","0","0","0","0","0","0","0","0","0","0","0"
"0x7f2c6b5b2d40","      UMOV UR8, UR4","0","0","0","0","0","0","0","0","0","32","0","-","-","-","0","0","0","0","0","0","0","0","-","0","0","0","0","0","0","0","0","0","0","0","0","0","0","0","0","0","0","0","0","0","0","0","0","0","0","0","0","0","0","0","0","0","0","0","0","0","0","0","0"
"0x7f2c6b5b2d50","      UMOV UR22, 0x80","0","0","0","0","0","0","0","0","0","32","0","-","-","-","0","0","0","0","0","0","0","0","-","0","0","0","0","0","0","0","0","0","0","0","0","0","0","0","0","0","0","0","0","0","0","0","0","0","0","0","0","0","0","0","0","0","0","0","0","0","0","0","0"
"0x7f2c6b5b2d60","      UMOV UR21, UR9","0","0","0","0","0","0","0","0","0","32","0","-","-","-","0","0","0","0","0","0","0","0","-","0","0","0","0","0","0","0","0","0","0","0","0","0","0","0","0","0","0","0","0","0","0","0","0","0","0","0","0","0","0","0","0","0","0","0","0","0","0","0","0"
"0x7f2c6b5b2d70","      UMOV UR23, UR11","0","0","0","0","0","0","0","0","0","32","0","-","-","-","0","0","0","0","0","0","0","0","-","0","0","0","0","0","0","0","0","0","0","0","0","0","0","0","0","0","0","0","0","0","0","0","0","0","0","0","0","0","0","0","0","0","0","0","0","0","0","0","0"
"0x7f2c6b5b2d80","      UMOV UR26, 0x100","0","0","0","0","0","0","0","0","0","32","0","-","-","-","0","0","0","0","0","0","0","0","-","0","0","0","0","0","0","0","0","0","0","0","0","0","0","0","0","0","0","0","0","0","0","0","0","0","0","0","0","0","0","0","0","0","0","0","0","0","0","0","0"
"0x7f2c6b5b2d90","      UTMALDG.2D [UR8], [UR34]","0","0","0","0","0","0","0","0","0","32","0","","-","-","0","0","0","0","0","0","0","0","-","0","0","0","0","0","0","0","0","0","0","0","0","0","0","0","0","0","0","0","0","0","0","0","0","0","0","0","0","0","0","0","0","0","0","0","0","0","0","0","0"
"0x7f2c6b5b2da0","      UMOV UR25, UR9","0","0","0","0","0","0","0","0","0","32","0","-","-","-","0","0","0","0","0","0","0","0","-","0","0","0","0","0","0","0","0","0","0","0","0","0","0","0","0","0","0","0","0","0","0","0","0","0","0","0","0","0","0","0","0","0","0","0","0","0","0","0","0"
"0x7f2c6b5b2db0","      UMOV UR27, UR11","0","0","0","0","0","0","0","0","0","32","0","-","-","-","0","0","0","0","0","0","0","0","-","0","0","0","0","0","0","0","0","0","0","0","0","0","0","0","0","0","0","0","0","0","0","0","0","0","0","0","0","0","0","0","0","0","0","0","0","0","0","0","0"
"0x7f2c6b5b2dc0","      UMOV UR18, 0x180","0","0","0","0","0","0","0","0","0","32","0","-","-","-","0","0","0","0","0","0","0","0","-","0","0","0","0","0","0","0","0","0","0","0","0","0","0","0","0","0","0","0","0","0","0","0","0","0","0","0","0","0","0","0","0","0","0","0","0","0","0","0","0"
"0x7f2c6b5b2dd0","      UMOV UR17, UR9","0","0","0","0","0","0","0","0","0","32","0","-","-","-","0","0","0","0","0","0","0","0","-","0","0","0","0","0","0","0","0","0","0","0","0","0","0","0","0","0","0","0","0","0","0","0","0","0","0","0","0","0","0","0","0","0","0","0","0","0","0","0","0"
"0x7f2c6b5b2de0","      UMOV UR19, UR11","0","0","0","0","0","0","0","0","0","32","0","-","-","-","0","0","0","0","0","0","0","0","-","0","0","0","0","0","0","0","0","0","0","0","0","0","0","0","0","0","0","0","0","0","0","0","0","0","0","0","0","0","0","0","0","0","0","0","0","0","0","0","0"
"0x7f2c6b5b2df0","      UMOV UR15, UR11","0","0","0","0","0","0","0","0","0","32","0","-","-","-","0","0","0","0","0","0","0","0","-","0","0","0","0","0","0","0","0","0","0","0","0","0","0","0","0","0","0","0","0","0","0","0","0","0","0","0","0","0","0","0","0","0","0","0","0","0","0","0","0"
"0x7f2c6b5b2e00","      UMOV UR13, UR9","0","0","0","0","0","0","0","0","0","32","0","-","-","-","0","0","0","0","0","0","0","0","-","0","0","0","0","0","0","0","0","0","0","0","0","0","0","0","0","0","0","0","0","0","0","0","0","0","0","0","0","0","0","0","0","0","0","0","0","0","0","0","0"
"0x7f2c6b5b2e10","      UTMALDG.2D [UR20], [UR34]","0","0","0","0","0","0","0","0","0","32","0","","-","-","0","0","0","0","0","0","0","0","-","0","0","0","0","0","0","0","0","0","0","0","0","0","0","0","0","0","0","0","0","0","0","0","0","0","0","0","0","0","0","0","0","0","0","0","0","0","0","0","0"
"0x7f2c6b5b2e20","      UMOV UR14, UR10","0","0","0","0","0","0","0","0","0","32","0","-","-","-","0","0","0","0","0","0","0","0","-","0","0","0","0","0","0","0","0","0","0","0","0","0","0","0","0","0","0","0","0","0","0","0","0","0","0","0","0","0","0","0","0","0","0","0","0","0","0","0","0"
"0x7f2c6b5b2e30","      UTMALDG.2D [UR24], [UR34]","0","0","0","0","0","0","0","0","0","32","0","","-","-","0","0","0","0","0","0","0","0","-","0","0","0","0","0","0","0","0","0","0","0","0","0","0","0","0","0","0","0","0","0","0","0","0","0","0","0","0","0","0","0","0","0","0","0","0","0","0","0","0"
"0x7f2c6b5b2e40","      UTMALDG.2D [UR16], [UR34]","0","0","0","0","0","0","0","0","0","32","0","","-","-","0","0","0","0","0","0","0","0","-","0","0","0","0","0","0","0","0","0","0","0","0","0","0","0","0","0","0","0","0","0","0","0","0","0","0","0","0","0","0","0","0","0","0","0","0","0","0","0","0"
"0x7f2c6b5b2e50","      UTMALDG.2D [UR12], [UR6]","0","0","0","0","0","0","0","0","0","32","0","","-","-","0","0","0","0","0","0","0","0","-","0","0","0","0","0","0","0","0","0","0","0","0","0","0","0","0","0","0","0","0","0","0","0","0","0","0","0","0","0","0","0","0","0","0","0","0","0","0","0","0"
"0x7f2c6b5b2e60","      NOP","0","0","0","0","0","0","0","0","0","32","0","-","-","-","0","0","0","0","0","0","0","0","-","0","0","0","0","0","0","0","0","0","0","0","0","0","0","0","0","0","0","0","0","0","0","0","0","0","0","0","0","0","0","0","0","0","0","0","0","0","0","0","0"
"0x7f2c6b5b2e70","      S2R R0, SR_TID.X","24","16","24","65536","2097152","2097152","32","32","32","0","0","-","-","-","0","0","0","0","0","0","0","0","-","0","0","0","0","0","0","0","5","0","0","0","0","0","0","0","0","18","1","0","0","0","0","0","0","3","0","0","0","0","0","0","0","0","13","0","0","0","0","0","0"
"0x7f2c6b5b2e80","      STS [R102+UR4+0x31100], R99","5","3","5","65536","2097152","2097152","32","32","0","0","0","Shared","Store","32","0","1","0","65536","65536","0","0","0","-","0","0","0","0","0","0","0","0","0","0","0","0","0","0","0","0","4","0","1","0","0","0","0","0","0","0","0","0","0","0","0","0","0","3","0","0","0","0","0","0"
"0x7f2c6b5b2e90","      NOP","2","0","2","65536","2097152","2097152","32","32","0","0","0","-","-","-","0","0","0","0","0","0","0","0","-","0","0","0","0","0","0","0","0","0","0","0","0","0","0","0","0","0","0","2","0","0","0","0","0","0","0","0","0","0","0","0","0","0","0","0","0","0","0","0","0"
"0x7f2c6b5b2ea0","      BAR.SYNC.DEFER_BLOCKING 0x1, 0x100","1","0","1","65536","2097152","2097152","32","32","0","0","0","-","-","-","0","0","0","0","0","0","0","0","-","0","0","0","0","0","0","0","0","0","0","0","0","0","0","0","0","0","0","1","0","0","0","0","0","0","0","0","0","0","0","0","0","0","0","0","0","0","0","0","0"
"0x7f2c6b5b2eb0","      ISETP.GT.U32.AND P0, PT, R0, 0x3f, PT","15","11","15","65536","2097152","2097152","32","32","0","0","0","-","-","-","0","0","0","0","0","0","0","0","-","0","0","0","0","0","0","0","0","0","0","0","0","0","0","0","0","0","0","1","14","0","0","0","0","0","0","0","0","0","0","0","0","0","0","0","0","11","0","0","0"
"0x7f2c6b5b2ec0","      NOP","8","4","8","65536","2097152","2097152","32","32","0","0","0","-","-","-","0","0","0","0","0","0","0","0","-","0","0","0","0","0","0","4","0","0","0","0","0","0","0","0","0","0","0","3","0","0","0","1","4","0","0","0","0","0","0","0","0","0","0","0","0","0","0","0","0"
"0x7f2c6b5b2ed0","@P0   BRA 0x7f2c6b5b3040","10","7","10","65536","2097152","1572864","32","24","8","8","0","-","-","-","0","0","0","0","0","0","0","0","-","0","0","0","0","0","0","0","0","0","0","0","0","0","0","0","0","0","0","0","0","0","0","10","0","0","0","0","0","0","0","0","0","0","0","0","0","0","0","0","7"
"0x7f2c6b5b2ee0","      LDS R5, [R101+UR4+0x31100]","5","4","5","16384","524288","524288","32","32","8","0","0","Shared","Load","32","0","1","0","16384","16384","0","0","0","-","0","0","0","0","0","0","0","0","0","0","0","0","0","0","0","0","0","0","0","0","0","0","5","0","0","0","0","0","0","0","0","0","0","0","0","0","0","0","0","4"
"0x7f2c6b5b2ef0","      BSSY.RECONVERGENT B1, 0x7f2c6b5b3030","0","0","0","16384","524288","524288","32","32","0","0","0","-","-","-","0","0","0","0","0","0","0","0","-","0","0","0","0","0","0","0","0","0","0","0","0","0","0","0","0","0","0","0","0","0","0","0","0","0","0","0","0","0","0","0","0","0","0","0","0","0","0","0","0"
"0x7f2c6b5b2f00","      LDS R2, [R101+UR4+0x31200]","1","0","1","16384","524288","524288","32","32","0","0","0","Shared","Load","32","0","1","0","16384","16384","0","0","0","-","0","0","0","0","0","0","0","0","0","0","0","0","0","0","0","0","0","0","1","0","0","0","0","0","0","0","0","0","0","0","0","0","0","0","0","0","0","0","0","0"
"0x7f2c6b5b2f10","      LDS R3, [R101+UR4+0x31300]","2","1","2","16384","524288","524288","32","32","0","0","0","Shared","Load","32","0","1","0","16384","16384","0","0","0","-","0","0","0","0","0","0","0","0","0","0","0","0","0","0","0","0","0","0","1","0","0","0","1","0","0","0","0","0","0","0","0","0","0","0","0","0","0","0","0","1"
"0x7f2c6b5b2f20","      LDS R0, [R101+UR4+0x31400]","3","1","3","16384","524288","524288","32","32","0","0","0","Shared","Load","32","0","1","0","16384","16384","0","0","0","-","0","0","0","0","0","0","0","0","0","0","0","0","0","0","0","0","0","0","2","0","0","0","1","0","0","0","0","0","0","0","0","0","0","0","0","0","0","0","0","1"
"0x7f2c6b5b2f30","      FADD R2, R5, R2","5","3","5","16384","524288","524288","32","32","0","0","0","-","-","-","0","0","0","0","0","0","0","0","-","0","0","0","0","0","0","0","0","0","0","0","0","0","0","0","0","0","0","0","5","0","0","0","0","0","0","0","0","0","0","0","0","0","0","0","0","3","0","0","0"
"0x7f2c6b5b2f40","      FADD R3, R3, R0","2","2","2","16384","524288","524288","32","32","0","0","0","-","-","-","0","0","0","0","0","0","0","0","-","0","0","0","0","0","0","0","0","0","0","0","0","0","0","0","0","0","0","0","2","0","0","0","0","0","0","0","0","0","0","0","0","0","0","0","0","2","0","0","0"
"0x7f2c6b5b2f50","      FADD R8, R2, R3","1","0","1","16384","524288","524288","32","32","0","0","0","-","-","-","0","0","0","0","0","0","0","0","-","0","0","0","0","0","0","0","0","0","0","0","0","0","0","0","0","0","0","0","0","0","0","1","0","0","0","0","0","0","0","0","0","0","0","0","0","0","0","0","0"
"0x7f2c6b5b2f60","      IADD3 R0, PT, PT, R8, 0x1800000, RZ","2","2","2","16384","524288","524288","32","32","0","0","0","-","-","-","0","0","0","0","0","0","0","0","-","0","0","0","0","0","0","0","0","0","0","0","0","0","0","0","0","0","0","0","0","0","0","2","0","0","0","0","0","0","0","0","0","0","0","0","0","0","0","0","2"
"0x7f2c6b5b2f70","      LOP3.LUT R0, R0, 0x7f800000, RZ, 0xc0, !PT","4","1","4","16384","524288","524288","32","32","0","0","0","-","-","-","0","0","0","0","0","0","0","0","-","0","0","0","0","0","0","0","0","0","0","0","0","0","0","0","0","0","1","1","0","0","0","2","0","0","0","0","0","0","0","0","0","0","0","0","0","0","0","0","1"
"0x7f2c6b5b2f80","      ISETP.GT.U32.AND P0, PT, R0, 0x1ffffff, PT","2","1","2","16384","524288","524288","32","32","0","0","0","-","-","-","0","0","0","0","0","0","0","0","-","0","0","0","0","0","0","0","0","0","0","0","0","0","0","0","0","0","0","1","0","0","0","1","0","0","0","0","0","0","0","0","0","0","0","0","0","0","0","0","1"
"0x7f2c6b5b2f90","@P0   BRA 0x7f2c6b5b2fd0","7","3","7","16384","524288","524288","32","32","0","0","0","-","-","-","0","0","0","0","0","0","0","0","-","0","0","0","0","0","0","0","0","0","0","0","0","0","0","0","0","0","2","1","0","0","0","4","0","0","0","0","0","0","0","0","0","0","0","0","0","0","0","0","3"
"0x7f2c6b5b2fa0","      MOV R2, 0x5640","1","0","1","0","0","0","0","0","32","32","0","-","-","-","0","0","0","0","0","0","0","0","-","0","0","0","0","0","0","0","0","0","0","0","0","0","0","0","0","0","0","1","0","0","0","0","0","0","0","0","0","0","0","0","0","0","0","0","0","0","0","0","0"
"0x7f2c6b5b2fb0","      CALL.REL.NOINC 0x7f2c6b5b4130","0","0","0","0","0","0","0","0","0","32","0","-","-","-","0","0","0","0","0","0","0","0","-","0","0","0","0","0","0","0","0","0","0","0","0","0","0","0","0","0","0","0","0","0","0","0","0","0","0","0","0","0","0","0","0","0","0","0","0","0","0","0","0"
"0x7f2c6b5b2fc0","      BRA 0x7f2c6b5b3010","0","0","0","0","0","0","0","0","0","32","0","-","-","-","0","0","0","0","0","0","0","0","-","0","0","0","0","0","0","0","0","0","0","0","0","0","0","0","0","0","0","0","0","0","0","0","0","0","0","0","0","0","0","0","0","0","0","0","0","0","0","0","0"
"0x7f2c6b5b2fd0","      MUFU.RCP R3, R8","2","2","2","16384","524288","524288","32","32","32","0","0","-","-","-","0","0","0","0","0","0","0","0","-","0","0","0","0","0","0","0","2","0","0","0","0","0","0","0","0","0","0","0","0","0","0","0","0","2","0","0","0","0","0","0","0","0","0","0","0","0","0","0","0"
"0x7f2c6b5b2fe0","      FFMA R0, R8, R3, -1","7","2","7","16384","524288","524288","32","32","0","0","0","-","-","-","0","0","0","0","0","0","0","0","-","0","0","0","0","0","0","0","0","0","0","0","0","0","0","0","0","0","3","1","2","0","0","1","0","0","0","0","0","0","0","0","0","0","0","0","0","2","0","0","0"
"0x7f2c6b5b2ff0","      FADD.FTZ R0, -RZ, -R0","0","0","0","16384","524288","524288","32","32","0","0","0","-","-","-","0","0","0","0","0","0","0","0","-","0","0","0","0","0","0","0","0","0","0","0","0","0","0","0","0","0","0","0","0","0","0","0","0","0","0","0","0","0","0","0","0","0","0","0","0","0","0","0","0"
"0x7f2c6b5b3000","      FFMA R4, R3, R0, R3","0","0","0","16384","524288","524288","32","32","0","0","0","-","-","-","0","0","0","0","0","0","0","0","-","0","0","0","0","0","0","0","0","0","0","0","0","0","0","0","0","0","0","0","0","0","0","0","0","0","0","0","0","0","0","0","0","0","0","0","0","0","0","0","0"
"0x7f2c6b5b3010","      NOP","3","2","3","16384","524288","524288","32","32","0","0","0","-","-","-","0","0","0","0","0","0","0","0","-","0","0","0","0","0","0","0","0","0","0","0","0","0","0","0","0","0","0","0","0","0","0","3","0","0","0","0","0","0","0","0","0","0","0","0","0","0","0","0","2"
"0x7f2c6b5b3020","      BSYNC.RECONVERGENT B1","0","0","0","16384","524288","524288","32","32","0","0","0","-","-","-","0","0","0","0","0","0","0","0","-","0","0","0","0","0","0","0","0","0","0","0","0","0","0","0","0","0","0","0","0","0","0","0","0","0","0","0","0","0","0","0","0","0","0","0","0","0","0","0","0"
"0x7f2c6b5b3030","      STS [R101+UR4+0x31000], R4","3","2","3","16384","524288","524288","32","32","0","0","0","Shared","Store","32","0","1","0","16384","16384","0","0","0","-","0","0","0","0","0","0","0","2","0","0","0","0","0","0","0","0","0","0","1","0","0","0","0","0","2","0","0","0","0","0","0","0","0","0","0","0","0","0","0","0"
"0x7f2c6b5b3040","      NOP","24","22","24","65536","2097152","2097152","32","32","0","0","0","-","-","-","0","0","0","0","0","0","0","0","-","0","0","0","0","0","0","0","3","0","0","0","0","0","0","0","0","21","0","0","0","0","0","0","0","3","0","0","0","0","0","0","0","0","19","0","0","0","0","0","0"
"0x7f2c6b5b3050","      BAR.SYNC.DEFER_BLOCKING 0x1, 0x100","0","0","0","65536","2097152","2097152","32","32","0","0","0","-","-","-","0","0","0","0","0","0","0","0","-","0","0","0","0","0","0","0","0","0","0","0","0","0","0","0","0","0","0","0","0","0","0","0","0","0","0","0","0","0","0","0","0","0","0","0","0","0","0","0","0"
"0x7f2c6b5b3060","      IMAD.IADD R115, R108, 0x1, R115","1","0","1","65536","2097152","2097152","32","32","0","0","0","-","-","-","0","0","0","0","0","0","0","0","-","0","0","0","0","0","0","0","0","0","0","0","0","0","0","0","0","0","0","1","0","0","0","0","0","0","0","0","0","0","0","0","0","0","0","0","0","0","0","0","0"
"0x7f2c6b5b3070","      R2UR UR5, R115","10","4","10","65536","2097152","2097152","32","32","0","0","0","-","-","-","0","0","0","0","0","0","0","0","-","0","0","0","0","0","0","0","0","0","0","0","0","0","0","0","0","0","0","3","0","0","0","7","0","0","0","0","0","0","0","0","0","0","0","0","0","0","0","0","4"
"0x7f2c6b5b3080","      LDC.64 R88, c[0x0][0x3a0]","172","89","172","65536","2097152","2097152","32","32","0","0","0","-","-","-","0","0","0","0","0","0","0","0","-","0","0","0","0","0","0","161","0","0","0","0","0","0","0","0","0","2","7","2","0","0","0","0","88","0","0","0","0","0","0","0","0","0","1","0","0","0","0","0","0"
"0x7f2c6b5b3090","      LDCU.64 UR8, c[0x0][0x358]","0","0","0","65536","2097152","2097152","32","32","0","0","0","-","-","-","0","0","0","0","0","0","0","0","-","0","0","0","0","0","0","0","0","0","0","0","0","0","0","0","0","0","0","0","0","0","0","0","0","0","0","0","0","0","0","0","0","0","0","0","0","0","0","0","0"
"0x7f2c6b5b30a0","      R2UR UR6, R115","0","0","0","65536","2097152","2097152","32","32","0","0","0","-","-","-","0","0","0","0","0","0","0","0","-","0","0","0","0","0","0","0","0","0","0","0","0","0","0","0","0","0","0","0","0","0","0","0","0","0","0","0","0","0","0","0","0","0","0","0","0","0","0","0","0"
"0x7f2c6b5b30b0","      NOP","0","0","0","65536","2097152","2097152","32","32","0","0","0","-","-","-","0","0","0","0","0","0","0","0","-","0","0","0","0","0","0","0","0","0","0","0","0","0","0","0","0","0","0","0","0","0","0","0","0","0","0","0","0","0","0","0","0","0","0","0","0","0","0","0","0"
"0x7f2c6b5b30c0","      LDS R0, [R101+UR4+0x31000]","1","0","1","65536","2097152","2097152","32","32","0","0","0","Shared","Load","32","0","1","0","65536","65536","0","0","0","-","0","0","0","0","0","0","0","0","0","0","0","0","0","0","0","0","0","0","1","0","0","0","0","0","0","0","0","0","0","0","0","0","0","0","0","0","0","0","0","0"
"0x7f2c6b5b30d0","      LDTM.x32 R36, tmem[UR5]","7","3","7","65536","2097152","2097152","32","32","0","0","0","Tmem","Load","-","0","0","0","0","0","0","0","0","-","0","0","0","0","0","0","0","0","0","0","0","0","0","0","0","0","0","0","0","0","0","0","7","0","0","0","0","0","0","0","0","0","0","0","0","0","0","0","0","3"
"0x7f2c6b5b30e0","      NOP","2","0","2","65536","2097152","2097152","32","32","0","0","0","-","-","-","0","0","0","0","0","0","0","0","-","0","0","0","0","0","0","0","0","0","0","0","0","0","0","0","0","0","0","2","0","0","0","0","0","0","0","0","0","0","0","0","0","0","0","0","0","0","0","0","0"
"0x7f2c6b5b30f0","      LDTM.x32 R4, tmem[UR5+0x20]","53","20","53","65536","2097152","2097152","32","32","0","0","0","Tmem","Load","-","0","0","0","0","0","0","0","0","-","0","0","0","0","0","0","0","0","3","0","0","0","0","0","0","0","0","9","1","40","0","0","0","0","0","0","0","0","0","0","0","0","0","0","0","0","20","0","0","0"
"0x7f2c6b5b3100","      FMUL2 R2, R0.F32, R20.F32x2.HI_LO","76","29","76","65536","2097152","2097152","32","32","0","0","0","-","-","-","0","0","0","0","0","0","0","0","-","0","0","0","0","0","0","0","0","0","0","0","0","2","0","0","0","0","9","1","63","0","0","1","0","0","0","0","0","0","2","0","0","0","0","0","0","26","0","0","1"
"0x7f2c6b5b3110","      FMUL2 R38, R0.F32, R38.F32x2.HI_LO","2","1","2","65536","2097152","2097152","32","32","0","0","0","-","-","-","0","0","0","0","0","0","0","0","-","0","0","0","0","0","0","0","0","0","0","0","0","1","0","0","0","0","0","1","0","0","0","0","0","0","0","0","0","0","1","0","0","0","0","0","0","0","0","0","0"
"0x7f2c6b5b3120","      FMUL2 R20, R0.F32, R16.F32x2.HI_LO","0","0","0","65536","2097152","2097152","32","32","0","0","0","-","-","-","0","0","0","0","0","0","0","0","-","0","0","0","0","0","0","0","0","0","0","0","0","0","0","0","0","0","0","0","0","0","0","0","0","0","0","0","0","0","0","0","0","0","0","0","0","0","0","0","0"
"0x7f2c6b5b3130","      MOV R16, UR38","0","0","0","65536","2097152","2097152","32","32","0","0","0","-","-","-","0","0","0","0","0","0","0","0","-","0","0","0","0","0","0","0","0","0","0","0","0","0","0","0","0","0","0","0","0","0","0","0","0","0","0","0","0","0","0","0","0","0","0","0","0","0","0","0","0"
"0x7f2c6b5b3140","      FMUL2 R58, R0.F32, R58.F32x2.HI_LO","1","0","1","65536","2097152","2097152","32","32","0","0","0","-","-","-","0","0","0","0","0","0","0","0","-","0","0","0","0","0","0","0","0","0","0","0","0","0","0","0","0","0","0","1","0","0","0","0","0","0","0","0","0","0","0","0","0","0","0","0","0","0","0","0","0"
"0x7f2c6b5b3150","      F2FP.BF16.F32.PACK_AB R17, R39, R38","1","0","1","65536","2097152","2097152","32","32","0","0","0","-","-","-","0","0","0","0","0","0","0","0","-","0","0","0","0","0","0","0","0","0","0","0","0","0","0","0","0","0","0","1","0","0","0","0","0","0","0","0","0","0","0","0","0","0","0","0","0","0","0","0","0"
"0x7f2c6b5b3160","      FMUL2 R52, R0.F32, R52.F32x2.HI_LO","2","0","2","65536","2097152","2097152","32","32","0","0","0","-","-","-","0","0","0","0","0","0","0","0","-","0","0","0","0","0","0","0","0","0","0","0","0","0","0","0","0","0","0","2","0","0","0","0","0","0","0","0","0","0","0","0","0","0","0","0","0","0","0","0","0"
"0x7f2c6b5b3170","      F2FP.BF16.F32.PACK_AB R76, R3, R2","2","0","2","65536","2097152","2097152","32","32","0","0","0","-","-","-","0","0","0","0","0","0","0","0","-","0","0","0","0","0","0","0","0","0","0","0","0","0","0","0","0","0","0","2","0","0","0","0","0","0","0","0","0","0","0","0","0","0","0","0","0","0","0","0","0"
"0x7f2c6b5b3180","      FMUL2 R66, R0.F32, R66.F32x2.HI_LO","1","0","1","65536","2097152","2097152","32","32","0","0","0","-","-","-","0","0","0","0","0","0","0","0","-","0","0","0","0","0","0","0","0","0","0","0","0","0","0","0","0","0","0","1","0","0","0","0","0","0","0","0","0","0","0","0","0","0","0","0","0","0","0","0","0"
"0x7f2c6b5b3190","      IMAD R39, R16, 0x8000, R107","6","0","6","65536","2097152","2097152","32","32","0","0","0","-","-","-","0","0","0","0","0","0","0","0","-","0","0","0","0","0","0","0","0","1","0","0","0","0","0","0","0","0","2","2","0","0","0","1","0","0","0","0","0","0","0","0","0","0","0","0","0","0","0","0","0"
"0x7f2c6b5b31a0","      FMUL2 R64, R0.F32, R64.F32x2.HI_LO","5","1","5","65536","2097152","2097152","32","32","0","0","0","-","-","-","0","0","0","0","0","0","0","0","-","0","0","0","0","0","0","0","0","0","0","0","0","1","0","0","0","0","4","0","0","0","0","0","0","0","0","0","0","0","1","0","0","0","0","0","0","0","0","0","0"
"0x7f2c6b5b31b0","      FMUL2 R62, R0.F32, R62.F32x2.HI_LO","5","1","5","65536","2097152","2097152","32","32","0","0","0","-","-","-","0","0","0","0","0","0","0","0","-","0","0","0","0","0","0","0","0","1","0","0","0","0","0","0","0","0","0","2","0","0","0","2","0","0","1","0","0","0","0","0","0","0","0","0","0","0","0","0","0"
"0x7f2c6b5b31c0","      F2FP.BF16.F32.PACK_AB R87, R67, R66","0","0","0","65536","2097152","2097152","32","32","0","0","0","-","-","-","0","0","0","0","0","0","0","0","-","0","0","0","0","0","0","0","0","0","0","0","0","0","0","0","0","0","0","0","0","0","0","0","0","0","0","0","0","0","0","0","0","0","0","0","0","0","0","0","0"
"0x7f2c6b5b31d0","      FMUL2 R60, R0.F32, R60.F32x2.HI_LO","1","0","1","65536","2097152","2097152","32","32","0","0","0","-","-","-","0","0","0","0","0","0","0","0","-","0","0","0","0","0","0","0","0","0","0","0","0","0","0","0","0","0","0","1","0","0","0","0","0","0","0","0","0","0","0","0","0","0","0","0","0","0","0","0","0"
"0x7f2c6b5b31e0","      F2FP.BF16.F32.PACK_AB R86, R65, R64","3","0","3","65536","2097152","2097152","32","32","0","0","0","-","-","-","0","0","0","0","0","0","0","0","-","0","0","0","0","0","0","0","0","0","0","0","0","0","0","0","0","0","0","3","0","0","0","0","0","0","0","0","0","0","0","0","0","0","0","0","0","0","0","0","0"
"0x7f2c6b5b31f0","      FMUL2 R56, R0.F32, R56.F32x2.HI_LO","1","0","1","65536","2097152","2097152","32","32","0","0","0","-","-","-","0","0","0","0","0","0","0","0","-","0","0","0","0","0","0","0","0","0","0","0","0","0","0","0","0","0","0","1","0","0","0","0","0","0","0","0","0","0","0","0","0","0","0","0","0","0","0","0","0"
"0x7f2c6b5b3200","      F2FP.BF16.F32.PACK_AB R85, R63, R62","1","0","1","65536","2097152","2097152","32","32","0","0","0","-","-","-","0","0","0","0","0","0","0","0","-","0","0","0","0","0","0","0","0","0","0","0","0","0","0","0","0","0","0","1","0","0","0","0","0","0","0","0","0","0","0","0","0","0","0","0","0","0","0","0","0"
"0x7f2c6b5b3210","      FMUL2 R54, R0.F32, R54.F32x2.HI_LO","1","0","1","65536","2097152","2097152","32","32","0","0","0","-","-","-","0","0","0","0","0","0","0","0","-","0","0","0","0","0","0","0","0","0","0","0","0","0","0","0","0","0","0","1","0","0","0","0","0","0","0","0","0","0","0","0","0","0","0","0","0","0","0","0","0"
"0x7f2c6b5b3220","      F2FP.BF16.F32.PACK_AB R84, R61, R60","3","0","3","65536","2097152","2097152","32","32","0","0","0","-","-","-","0","0","0","0","0","0","0","0","-","0","0","0","0","0","0","0","0","0","0","0","0","0","0","0","0","0","0","3","0","0","0","0","0","0","0","0","0","0","0","0","0","0","0","0","0","0","0","0","0"
"0x7f2c6b5b3230","      FMUL2 R50, R0.F32, R50.F32x2.HI_LO","1","0","1","65536","2097152","2097152","32","32","0","0","0","-","-","-","0","0","0","0","0","0","0","0","-","0","0","0","0","0","0","0","0","0","0","0","0","0","0","0","0","0","0","1","0","0","0","0","0","0","0","0","0","0","0","0","0","0","0","0","0","0","0","0","0"
"0x7f2c6b5b3240","      IMAD.WIDE R88, R39, 0x2, R88","18","1","18","65536","2097152","2097152","32","32","0","0","0","-","-","-","0","0","0","0","0","0","0","0","-","0","0","0","0","0","0","0","0","0","0","0","0","3","0","0","0","0","12","2","0","0","0","1","0","0","0","0","0","0","0","0","0","0","0","0","0","0","0","0","1"
"0x7f2c6b5b3250","      FMUL2 R48, R0.F32, R48.F32x2.HI_LO","13","2","13","65536","2097152","2097152","32","32","0","0","0","-","-","-","0","0","0","0","0","0","0","0","-","0","0","0","0","0","0","0","0","0","0","0","0","2","0","0","0","0","8","1","0","0","0","2","0","0","0","0","0","0","1","0","0","0","0","0","0","0","0","0","1"
"0x7f2c6b5b3260","      FMUL2 R46, R0.F32, R46.F32x2.HI_LO","5","1","5","65536","2097152","2097152","32","32","0","0","0","-","-","-","0","0","0","0","0","0","0","0","-","0","0","0","0","0","0","0","0","0","0","0","0","0","0","0","0","0","0","2","0","0","0","3","0","0","0","0","0","0","0","0","0","0","0","0","0","0","0","0","1"
"0x7f2c6b5b3270","      FMUL2 R44, R0.F32, R44.F32x2.HI_LO","3","0","3","65536","2097152","2097152","32","32","0","0","0","-","-","-","0","0","0","0","0","0","0","0","-","0","0","0","0","0","0","0","0","0","0","0","0","0","0","0","0","0","1","0","0","0","0","2","0","0","0","0","0","0","0","0","0","0","0","0","0","0","0","0","0"
"0x7f2c6b5b3280","      FMUL2 R42, R0.F32, R42.F32x2.HI_LO","4","1","4","65536","2097152","2097152","32","32","0","0","0","-","-","-","0","0","0","0","0","0","0","0","-","0","0","0","0","0","0","0","0","1","0","0","0","0","0","0","0","0","0","1","0","0","0","2","0","0","0","0","0","0","0","0","0","0","0","0","0","0","0","0","1"
"0x7f2c6b5b3290","      FMUL2 R40, R0.F32, R40.F32x2.HI_LO","1","0","1","65536","2097152","2097152","32","32","0","0","0","-","-","-","0","0","0","0","0","0","0","0","-","0","0","0","0","0","0","0","0","0","0","0","0","0","0","0","0","0","1","0","0","0","0","0","0","0","0","0","0","0","0","0","0","0","0","0","0","0","0","0","0"
"0x7f2c6b5b32a0","      FMUL2 R36, R0.F32, R36.F32x2.HI_LO","4","1","4","65536","2097152","2097152","32","32","0","0","0","-","-","-","0","0","0","0","0","0","0","0","-","0","0","0","0","0","0","0","0","0","0","0","0","0","0","0","0","0","3","0","0","0","0","1","0","0","0","0","0","0","0","0","0","0","0","0","0","0","0","0","1"
"0x7f2c6b5b32b0","      FMUL2 R82, R0.F32, R34.F32x2.HI_LO","27","2","27","65536","2097152","2097152","32","32","0","0","0","-","-","-","0","0","0","0","0","0","0","0","-","0","0","0","0","0","0","0","0","0","0","0","0","5","0","0","0","0","21","1","0","0","0","0","0","0","0","0","0","0","2","0","0","0","0","0","0","0","0","0","0"
"0x7f2c6b5b32c0","      F2FP.BF16.F32.PACK_AB R35, R59, R58","0","0","0","65536","2097152","2097152","32","32","0","0","0","-","-","-","0","0","0","0","0","0","0","0","-","0","0","0","0","0","0","0","0","0","0","0","0","0","0","0","0","0","0","0","0","0","0","0","0","0","0","0","0","0","0","0","0","0","0","0","0","0","0","0","0"
"0x7f2c6b5b32d0","      FMUL2 R58, R0.F32, R32.F32x2.HI_LO","0","0","0","65536","2097152","2097152","32","32","0","0","0","-","-","-","0","0","0","0","0","0","0","0","-","0","0","0","0","0","0","0","0","0","0","0","0","0","0","0","0","0","0","0","0","0","0","0","0","0","0","0","0","0","0","0","0","0","0","0","0","0","0","0","0"
"0x7f2c6b5b32e0","      F2FP.BF16.F32.PACK_AB R32, R53, R52","1","0","1","65536","2097152","2097152","32","32","0","0","0","-","-","-","0","0","0","0","0","0","0","0","-","0","0","0","0","0","0","0","0","1","0","0","0","0","0","0","0","0","0","0","0","0","0","0","0","0","0","0","0","0","0","0","0","0","0","0","0","0","0","0","0"
"0x7f2c6b5b32f0","      FMUL2 R78, R0.F32, R26.F32x2.HI_LO","0","0","0","65536","2097152","2097152","32","32","0","0","0","-","-","-","0","0","0","0","0","0","0","0","-","0","0","0","0","0","0","0","0","0","0","0","0","0","0","0","0","0","0","0","0","0","0","0","0","0","0","0","0","0","0","0","0","0","0","0","0","0","0","0","0"
"0x7f2c6b5b3300","      F2FP.BF16.F32.PACK_AB R34, R57, R56","1","0","1","65536","2097152","2097152","32","32","0","0","0","-","-","-","0","0","0","0","0","0","0","0","-","0","0","0","0","0","0","0","0","0","0","0","0","0","0","0","0","0","0","1","0","0","0","0","0","0","0","0","0","0","0","0","0","0","0","0","0","0","0","0","0"
"0x7f2c6b5b3310","      FMUL2 R52, R0.F32, R24.F32x2.HI_LO","1","0","1","65536","2097152","2097152","32","32","0","0","0","-","-","-","0","0","0","0","0","0","0","0","-","0","0","0","0","0","0","0","0","0","0","0","0","0","0","0","0","0","0","1","0","0","0","0","0","0","0","0","0","0","0","0","0","0","0","0","0","0","0","0","0"
"0x7f2c6b5b3320","      F2FP.BF16.F32.PACK_AB R33, R55, R54","2","0","2","65536","2097152","2097152","32","32","0","0","0","-","-","-","0","0","0","0","0","0","0","0","-","0","0","0","0","0","0","0","0","0","0","0","0","0","0","0","0","0","0","2","0","0","0","0","0","0","0","0","0","0","0","0","0","0","0","0","0","0","0","0","0"
"0x7f2c6b5b3330","      FMUL2 R74, R0.F32, R18.F32x2.HI_LO","0","0","0","65536","2097152","2097152","32","32","0","0","0","-","-","-","0","0","0","0","0","0","0","0","-","0","0","0","0","0","0","0","0","0","0","0","0","0","0","0","0","0","0","0","0","0","0","0","0","0","0","0","0","0","0","0","0","0","0","0","0","0","0","0","0"
"0x7f2c6b5b3340","      F2FP.BF16.F32.PACK_AB R27, R51, R50","0","0","0","65536","2097152","2097152","32","32","0","0","0","-","-","-","0","0","0","0","0","0","0","0","-","0","0","0","0","0","0","0","0","0","0","0","0","0","0","0","0","0","0","0","0","0","0","0","0","0","0","0","0","0","0","0","0","0","0","0","0","0","0","0","0"
"0x7f2c6b5b3350","      FMUL2 R30, R0.F32, R30.F32x2.HI_LO","1","0","1","65536","2097152","2097152","32","32","0","0","0","-","-","-","0","0","0","0","0","0","0","0","-","0","0","0","0","0","0","0","0","0","0","0","0","0","0","0","0","0","0","1","0","0","0","0","0","0","0","0","0","0","0","0","0","0","0","0","0","0","0","0","0"
"0x7f2c6b5b3360","      F2FP.BF16.F32.PACK_AB R26, R49, R48","1","0","1","65536","2097152","2097152","32","32","0","0","0","-","-","-","0","0","0","0","0","0","0","0","-","0","0","0","0","0","0","0","0","0","0","0","0","0","0","0","0","0","0","1","0","0","0","0","0","0","0","0","0","0","0","0","0","0","0","0","0","0","0","0","0"
"0x7f2c6b5b3370","      FMUL2 R28, R0.F32, R28.F32x2.HI_LO","1","0","1","65536","2097152","2097152","32","32","0","0","0","-","-","-","0","0","0","0","0","0","0","0","-","0","0","0","0","0","0","0","0","0","0","0","0","0","0","0","0","0","0","1","0","0","0","0","0","0","0","0","0","0","0","0","0","0","0","0","0","0","0","0","0"
"0x7f2c6b5b3380","      F2FP.BF16.F32.PACK_AB R25, R47, R46","2","0","2","65536","2097152","2097152","32","32","0","0","0","-","-","-","0","0","0","0","0","0","0","0","-","0","0","0","0","0","0","0","0","0","0","0","0","0","0","0","0","0","0","2","0","0","0","0","0","0","0","0","0","0","0","0","0","0","0","0","0","0","0","0","0"
"0x7f2c6b5b3390","      FMUL2 R22, R0.F32, R22.F32x2.HI_LO","4","0","4","65536","2097152","2097152","32","32","0","0","0","-","-","-","0","0","0","0","0","0","0","0","-","0","0","0","0","0","0","0","0","0","0","0","0","0","0","0","0","0","0","4","0","0","0","0","0","0","0","0","0","0","0","0","0","0","0","0","0","0","0","0","0"
"0x7f2c6b5b33a0","      F2FP.BF16.F32.PACK_AB R24, R45, R44","0","0","0","65536","2097152","2097152","32","32","0","0","0","-","-","-","0","0","0","0","0","0","0","0","-","0","0","0","0","0","0","0","0","0","0","0","0","0","0","0","0","0","0","0","0","0","0","0","0","0","0","0","0","0","0","0","0","0","0","0","0","0","0","0","0"
"0x7f2c6b5b33b0","      FMUL2 R14, R0.F32, R14.F32x2.HI_LO","0","0","0","65536","2097152","2097152","32","32","0","0","0","-","-","-","0","0","0","0","0","0","0","0","-","0","0","0","0","0","0","0","0","0","0","0","0","0","0","0","0","0","0","0","0","0","0","0","0","0","0","0","0","0","0","0","0","0","0","0","0","0","0","0","0"
"0x7f2c6b5b33c0","      F2FP.BF16.F32.PACK_AB R19, R43, R42","1","0","1","65536","2097152","2097152","32","32","0","0","0","-","-","-","0","0","0","0","0","0","0","0","-","0","0","0","0","0","0","0","0","0","0","0","0","0","0","0","0","0","0","1","0","0","0","0","0","0","0","0","0","0","0","0","0","0","0","0","0","0","0","0","0"
"0x7f2c6b5b33d0","      FMUL2 R12, R0.F32, R12.F32x2.HI_LO","4","0","4","65536","2097152","2097152","32","32","0","0","0","-","-","-","0","0","0","0","0","0","0","0","-","0","0","0","0","0","0","0","0","0","0","0","0","0","0","0","0","0","0","4","0","0","0","0","0","0","0","0","0","0","0","0","0","0","0","0","0","0","0","0","0"
"0x7f2c6b5b33e0","      F2FP.BF16.F32.PACK_AB R18, R41, R40","4","0","4","65536","2097152","2097152","32","32","0","0","0","-","-","-","0","0","0","0","0","0","0","0","-","0","0","0","0","0","0","0","0","0","0","0","0","0","0","0","0","0","0","4","0","0","0","0","0","0","0","0","0","0","0","0","0","0","0","0","0","0","0","0","0"
"0x7f2c6b5b33f0","      FMUL2 R10, R0.F32, R10.F32x2.HI_LO","0","0","0","65536","2097152","2097152","32","32","0","0","0","-","-","-","0","0","0","0","0","0","0","0","-","0","0","0","0","0","0","0","0","0","0","0","0","0","0","0","0","0","0","0","0","0","0","0","0","0","0","0","0","0","0","0","0","0","0","0","0","0","0","0","0"
"0x7f2c6b5b3400","      F2FP.BF16.F32.PACK_AB R16, R37, R36","5","1","5","65536","2097152","2097152","32","32","0","0","0","-","-","-","0","0","0","0","0","0","0","0","-","0","0","0","0","0","0","0","0","0","0","0","0","1","0","0","0","1","1","2","0","0","0","0","0","0","0","0","0","0","1","0","0","0","0","0","0","0","0","0","0"
"0x7f2c6b5b3410","      FMUL2 R8, R0.F32, R8.F32x2.HI_LO","0","0","0","65536","2097152","2097152","32","32","0","0","0","-","-","-","0","0","0","0","0","0","0","0","-","0","0","0","0","0","0","0","0","0","0","0","0","0","0","0","0","0","0","0","0","0","0","0","0","0","0","0","0","0","0","0","0","0","0","0","0","0","0","0","0"
"0x7f2c6b5b3420","      F2FP.BF16.F32.PACK_AB R83, R83, R82","1","0","1","65536","2097152","2097152","32","32","0","0","0","-","-","-","0","0","0","0","0","0","0","0","-","0","0","0","0","0","0","0","0","0","0","0","0","0","0","0","0","0","0","1","0","0","0","0","0","0","0","0","0","0","0","0","0","0","0","0","0","0","0","0","0"
"0x7f2c6b5b3430","      FMUL2 R6, R0.F32, R6.F32x2.HI_LO","0","0","0","65536","2097152","2097152","32","32","0","0","0","-","-","-","0","0","0","0","0","0","0","0","-","0","0","0","0","0","0","0","0","0","0","0","0","0","0","0","0","0","0","0","0","0","0","0","0","0","0","0","0","0","0","0","0","0","0","0","0","0","0","0","0"
"0x7f2c6b5b3440","      F2FP.BF16.F32.PACK_AB R79, R79, R78","2","0","2","65536","2097152","2097152","32","32","0","0","0","-","-","-","0","0","0","0","0","0","0","0","-","0","0","0","0","0","0","0","0","0","0","0","0","0","0","0","0","0","0","2","0","0","0","0","0","0","0","0","0","0","0","0","0","0","0","0","0","0","0","0","0"
"0x7f2c6b5b3450","      FMUL2 R4, R0.F32, R4.F32x2.HI_LO","3","0","3","65536","2097152","2097152","32","32","0","0","0","-","-","-","0","0","0","0","0","0","0","0","-","0","0","0","0","0","0","0","0","0","0","0","0","0","0","0","0","0","0","3","0","0","0","0","0","0","0","0","0","0","0","0","0","0","0","0","0","0","0","0","0"
"0x7f2c6b5b3460","      STG.E.NA.ENL2.256 desc[UR8][R88.64], R16, R24","0","0","0","65536","2097152","2097152","32","32","0","0","0","Global","Store","-","65536","0","0","0","0","0","65536","65536","","0","0","0","0","0","0","0","0","0","0","0","0","0","0","0","0","0","0","0","0","0","0","0","0","0","0","0","0","0","0","0","0","0","0","0","0","0","0","0","0"
"0x7f2c6b5b3470","      F2FP.BF16.F32.PACK_AB R75, R75, R74","0","0","0","65536","2097152","2097152","32","32","0","0","0","-","-","-","0","0","0","0","0","0","0","0","-","0","0","0","0","0","0","0","0","0","0","0","0","0","0","0","0","0","0","0","0","0","0","0","0","0","0","0","0","0","0","0","0","0","0","0","0","0","0","0","0"
"0x7f2c6b5b3480","      F2FP.BF16.F32.PACK_AB R82, R59, R58","26","6","26","65536","2097152","2097152","32","32","0","0","0","-","-","-","0","0","0","0","0","0","0","0","-","0","0","0","0","0","0","0","0","0","0","0","0","8","0","0","0","0","15","2","0","0","0","1","0","0","0","0","0","0","6","0","0","0","0","0","0","0","0","0","0"
"0x7f2c6b5b3490","      STG.E.NA.ENL2.256 desc[UR8][R88.64+0x20], R32, R84","1","0","1","65536","2097152","2097152","32","32","0","0","0","Global","Store","-","65536","0","0","0","0","0","65536","65536","","0","0","0","0","0","0","0","0","0","0","0","0","0","0","0","0","0","0","1","0","0","0","0","0","0","0","0","0","0","0","0","0","0","0","0","0","0","0","0","0"
"0x7f2c6b5b34a0","      F2FP.BF16.F32.PACK_AB R81, R31, R30","3","0","3","65536","2097152","2097152","32","32","0","0","0","-","-","-","0","0","0","0","0","0","0","0","-","0","0","0","0","0","0","0","0","0","0","0","0","0","0","0","0","0","0","3","0","0","0","0","0","0","0","0","0","0","0","0","0","0","0","0","0","0","0","0","0"
"0x7f2c6b5b34b0","      NOP","1","0","1","65536","2097152","2097152","32","32","0","0","0","-","-","-","0","0","0","0","0","0","0","0","-","0","0","0","0","0","0","0","0","0","0","0","0","0","0","0","0","0","0","1","0","0","0","0","0","0","0","0","0","0","0","0","0","0","0","0","0","0","0","0","0"
"0x7f2c6b5b34c0","      F2FP.BF16.F32.PACK_AB R80, R29, R28","1","0","1","65536","2097152","2097152","32","32","0","0","0","-","-","-","0","0","0","0","0","0","0","0","-","0","0","0","0","0","0","0","0","0","0","0","0","0","0","0","0","0","0","1","0","0","0","0","0","0","0","0","0","0","0","0","0","0","0","0","0","0","0","0","0"
"0x7f2c6b5b34d0","      F2FP.BF16.F32.PACK_AB R78, R53, R52","5","0","5","65536","2097152","2097152","32","32","0","0","0","-","-","-","0","0","0","0","0","0","0","0","-","0","0","0","0","0","0","0","0","0","0","0","0","0","0","0","0","0","4","1","0","0","0","0","0","0","0","0","0","0","0","0","0","0","0","0","0","0","0","0","0"
"0x7f2c6b5b34e0","      F2FP.BF16.F32.PACK_AB R77, R23, R22","5","0","5","65536","2097152","2097152","32","32","0","0","0","-","-","-","0","0","0","0","0","0","0","0","-","0","0","0","0","0","0","0","0","0","0","0","0","0","0","0","0","0","2","1","0","0","0","2","0","0","0","0","0","0","0","0","0","0","0","0","0","0","0","0","0"
"0x7f2c6b5b34f0","      LDTM.x32 R36, tmem[UR6+0x40]","1","0","1","65536","2097152","2097152","32","32","0","0","0","Tmem","Load","-","0","0","0","0","0","0","0","0","-","0","0","0","0","0","0","0","0","0","0","0","0","0","0","0","0","0","0","1","0","0","0","0","0","0","0","0","0","0","0","0","0","0","0","0","0","0","0","0","0"
"0x7f2c6b5b3500","      F2FP.BF16.F32.PACK_AB R74, R21, R20","3","0","3","65536","2097152","2097152","32","32","0","0","0","-","-","-","0","0","0","0","0","0","0","0","-","0","0","0","0","0","0","0","0","0","0","0","0","0","0","0","0","0","0","3","0","0","0","0","0","0","0","0","0","0","0","0","0","0","0","0","0","0","0","0","0"
"0x7f2c6b5b3510","      F2FP.BF16.F32.PACK_AB R73, R15, R14","17","1","17","65536","2097152","2097152","32","32","0","0","0","-","-","-","0","0","0","0","0","0","0","0","-","0","0","0","0","0","0","0","0","0","0","0","0","4","0","0","0","0","8","1","0","0","0","4","0","0","0","0","0","0","0","0","0","0","0","0","0","0","0","0","1"
"0x7f2c6b5b3520","      STG.E.NA.ENL2.256 desc[UR8][R88.64+0x60], R76, R80","2","0","2","65536","2097152","2097152","32","32","0","0","0","Global","Store","-","65536","0","0","0","0","0","65536","65536","","0","0","0","0","0","0","0","0","0","0","0","0","0","0","0","0","0","0","2","0","0","0","0","0","0","0","0","0","0","0","0","0","0","0","0","0","0","0","0","0"
"0x7f2c6b5b3530","      F2FP.BF16.F32.PACK_AB R72, R13, R12","2","0","2","65536","2097152","2097152","32","32","0","0","0","-","-","-","0","0","0","0","0","0","0","0","-","0","0","0","0","0","0","0","0","0","0","0","0","0","0","0","0","0","0","2","0","0","0","0","0","0","0","0","0","0","0","0","0","0","0","0","0","0","0","0","0"
"0x7f2c6b5b3540","      F2FP.BF16.F32.PACK_AB R71, R11, R10","9","2","9","65536","2097152","2097152","32","32","0","0","0","-","-","-","0","0","0","0","0","0","0","0","-","0","0","0","0","0","0","0","0","0","0","0","0","4","0","0","0","0","2","0","0","0","0","3","0","0","0","0","0","0","0","0","0","0","0","0","0","0","0","0","2"
"0x7f2c6b5b3550","      F2FP.BF16.F32.PACK_AB R70, R9, R8","3","0","3","65536","2097152","2097152","32","32","0","0","0","-","-","-","0","0","0","0","0","0","0","0","-","0","0","0","0","0","0","0","0","1","0","0","0","0","0","0","0","0","1","0","0","0","0","1","0","0","0","0","0","0","0","0","0","0","0","0","0","0","0","0","0"
"0x7f2c6b5b3560","      F2FP.BF16.F32.PACK_AB R69, R7, R6","4","0","4","65536","2097152","2097152","32","32","0","0","0","-","-","-","0","0","0","0","0","0","0","0","-","0","0","0","0","0","0","0","0","0","0","0","0","2","0","0","0","0","1","1","0","0","0","0","0","0","0","0","0","0","0","0","0","0","0","0","0","0","0","0","0"
"0x7f2c6b5b3570","      F2FP.BF16.F32.PACK_AB R68, R5, R4","4","1","4","65536","2097152","2097152","32","32","0","0","0","-","-","-","0","0","0","0","0","0","0","0","-","0","0","0","0","0","0","0","0","0","0","0","0","1","0","0","0","0","1","0","0","0","0","2","0","0","0","0","0","0","0","0","0","0","0","0","0","0","0","0","1"
"0x7f2c6b5b3580","      STG.E.NA.ENL2.256 desc[UR8][R88.64+0x40], R68, R72","10","4","10","65536","2097152","2097152","32","32","0","0","0","Global","Store","-","65536","0","0","0","0","0","65536","65536","","0","0","0","0","0","0","0","0","0","0","0","0","0","0","0","0","0","1","2","0","0","0","7","0","0","0","0","0","0","0","0","0","0","0","0","0","0","0","0","4"
"0x7f2c6b5b3590","      NOP","1","0","1","65536","2097152","2097152","32","32","0","0","0","-","-","-","0","0","0","0","0","0","0","0","-","0","0","0","0","0","0","0","0","0","0","0","0","0","0","0","0","0","0","1","0","0","0","0","0","0","0","0","0","0","0","0","0","0","0","0","0","0","0","0","0"
"0x7f2c6b5b35a0","      FMUL2 R64, R0.F32, R64.F32x2.HI_LO","14","6","14","65536","2097152","2097152","32","32","0","0","0","-","-","-","0","0","0","0","0","0","0","0","-","0","0","0","0","0","0","0","0","0","0","0","0","0","0","0","0","0","1","1","12","0","0","0","0","0","0","0","0","0","0","0","0","0","0","0","0","6","0","0","0"
"0x7f2c6b5b35b0","      FMUL2 R66, R0.F32, R66.F32x2.HI_LO","3","2","3","65536","2097152","2097152","32","32","0","0","0","-","-","-","0","0","0","0","0","0","0","0","-","0","0","0","0","0","0","0","0","0","0","0","0","0","0","0","0","0","1","0","0","0","0","2","0","0","0","0","0","0","0","0","0","0","0","0","0","0","0","0","2"
"0x7f2c6b5b35c0","      FMUL2 R58, R0.F32, R58.F32x2.HI_LO","3","1","3","65536","2097152","2097152","32","32","0","0","0","-","-","-","0","0","0","0","0","0","0","0","-","0","0","0","0","0","0","0","0","0","0","0","0","0","0","0","0","0","1","0","0","0","0","2","0","0","0","0","0","0","0","0","0","0","0","0","0","0","0","0","1"
"0x7f2c6b5b35d0","      FMUL2 R52, R0.F32, R52.F32x2.HI_LO","6","2","6","65536","2097152","2097152","32","32","0","0","0","-","-","-","0","0","0","0","0","0","0","0","-","0","0","0","0","0","0","0","0","0","0","0","0","0","0","0","0","0","1","3","0","0","0","2","0","0","0","0","0","0","0","0","0","0","0","0","0","0","0","0","2"
"0x7f2c6b5b35e0","      FMUL2 R2, R0.F32, R42.F32x2.HI_LO","1","0","1","65536","2097152","2097152","32","32","0","0","0","-","-","-","0","0","0","0","0","0","0","0","-","0","0","0","0","0","0","0","0","0","0","0","0","0","0","0","0","0","0","1","0","0","0","0","0","0","0","0","0","0","0","0","0","0","0","0","0","0","0","0","0"
"0x7f2c6b5b35f0","      LDTM.x32 R4, tmem[UR5+0x60]","518","472","518","65536","2097152","2097152","32","32","0","0","0","Tmem","Load","-","0","0","0","0","0","0","0","0","-","0","0","0","0","0","0","0","0","0","0","0","516","0","0","0","0","0","0","2","0","0","0","0","0","0","0","0","0","472","0","0","0","0","0","0","0","0","0","0","0"
"0x7f2c6b5b3600","      FMUL2 R42, R0.F32, R38.F32x2.HI_LO","1","0","1","65536","2097152","2097152","32","32","0","0","0","-","-","-","0","0","0","0","0","0","0","0","-","0","0","0","0","0","0","0","0","0","0","0","0","0","0","0","0","0","0","1","0","0","0","0","0","0","0","0","0","0","0","0","0","0","0","0","0","0","0","0","0"
"0x7f2c6b5b3610","      F2FP.BF16.F32.PACK_AB R38, R65, R64","2","0","2","65536","2097152","2097152","32","32","0","0","0","-","-","-","0","0","0","0","0","0","0","0","-","0","0","0","0","0","0","0","0","0","0","0","0","0","0","0","0","0","0","2","0","0","0","0","0","0","0","0","0","0","0","0","0","0","0","0","0","0","0","0","0"
"0x7f2c6b5b3620","      FMUL2 R62, R0.F32, R62.F32x2.HI_LO","0","0","0","65536","2097152","2097152","32","32","0","0","0","-","-","-","0","0","0","0","0","0","0","0","-","0","0","0","0","0","0","0","0","0","0","0","0","0","0","0","0","0","0","0","0","0","0","0","0","0","0","0","0","0","0","0","0","0","0","0","0","0","0","0","0"
"0x7f2c6b5b3630","      F2FP.BF16.F32.PACK_AB R39, R67, R66","2","0","2","65536","2097152","2097152","32","32","0","0","0","-","-","-","0","0","0","0","0","0","0","0","-","0","0","0","0","0","0","0","0","0","0","0","0","0","0","0","0","0","0","2","0","0","0","0","0","0","0","0","0","0","0","0","0","0","0","0","0","0","0","0","0"
"0x7f2c6b5b3640","      FMUL2 R60, R0.F32, R60.F32x2.HI_LO","2","0","2","65536","2097152","2097152","32","32","0","0","0","-","-","-","0","0","0","0","0","0","0","0","-","0","0","0","0","0","0","0","0","0","0","0","0","0","0","0","0","0","0","2","0","0","0","0","0","0","0","0","0","0","0","0","0","0","0","0","0","0","0","0","0"
"0x7f2c6b5b3650","      FMUL2 R54, R0.F32, R54.F32x2.HI_LO","1","1","1","65536","2097152","2097152","32","32","0","0","0","-","-","-","0","0","0","0","0","0","0","0","-","0","0","0","0","0","0","0","0","0","0","0","0","0","0","0","0","0","0","0","0","0","0","1","0","0","0","0","0","0","0","0","0","0","0","0","0","0","0","0","1"
"0x7f2c6b5b3660","      FMUL2 R50, R0.F32, R50.F32x2.HI_LO","4","1","4","65536","2097152","2097152","32","32","0","0","0","-","-","-","0","0","0","0","0","0","0","0","-","0","0","0","0","0","0","0","0","0","0","0","0","0","0","0","0","0","0","3","0","0","0","1","0","0","0","0","0","0","0","0","0","0","0","0","0","0","0","0","1"
"0x7f2c6b5b3670","      FMUL2 R48, R0.F32, R48.F32x2.HI_LO","2","1","2","65536","2097152","2097152","32","32","0","0","0","-","-","-","0","0","0","0","0","0","0","0","-","0","0","0","0","0","0","0","0","0","0","0","0","0","0","0","0","0","0","1","0","0","0","1","0","0","0","0","0","0","0","0","0","0","0","0","0","0","0","0","1"
"0x7f2c6b5b3680","      FMUL2 R56, R0.F32, R56.F32x2.HI_LO","2","1","2","65536","2097152","2097152","32","32","0","0","0","-","-","-","0","0","0","0","0","0","0","0","-","0","0","0","0","0","0","0","0","0","0","0","0","0","0","0","0","0","0","1","0","0","0","1","0","0","0","0","0","0","0","0","0","0","0","0","0","0","0","0","1"
"0x7f2c6b5b3690","      F2FP.BF16.F32.PACK_AB R51, R51, R50","0","0","0","65536","2097152","2097152","32","32","0","0","0","-","-","-","0","0","0","0","0","0","0","0","-","0","0","0","0","0","0","0","0","0","0","0","0","0","0","0","0","0","0","0","0","0","0","0","0","0","0","0","0","0","0","0","0","0","0","0","0","0","0","0","0"
"0x7f2c6b5b36a0","      FMUL2 R46, R0.F32, R46.F32x2.HI_LO","1","0","1","65536","2097152","2097152","32","32","0","0","0","-","-","-","0","0","0","0","0","0","0","0","-","0","0","0","0","0","0","0","0","0","0","0","0","0","0","0","0","0","0","1","0","0","0","0","0","0","0","0","0","0","0","0","0","0","0","0","0","0","0","0","0"
"0x7f2c6b5b36b0","      F2FP.BF16.F32.PACK_AB R50, R49, R48","2","0","2","65536","2097152","2097152","32","32","0","0","0","-","-","-","0","0","0","0","0","0","0","0","-","0","0","0","0","0","0","0","0","0","0","0","0","0","0","0","0","0","0","2","0","0","0","0","0","0","0","0","0","0","0","0","0","0","0","0","0","0","0","0","0"
"0x7f2c6b5b36c0","      FMUL2 R44, R0.F32, R44.F32x2.HI_LO","1","0","1","65536","2097152","2097152","32","32","0","0","0","-","-","-","0","0","0","0","0","0","0","0","-","0","0","0","0","0","0","0","0","0","0","0","0","0","0","0","0","0","0","1","0","0","0","0","0","0","0","0","0","0","0","0","0","0","0","0","0","0","0","0","0"
"0x7f2c6b5b36d0","      FMUL2 R40, R0.F32, R40.F32x2.HI_LO","4","1","4","65536","2097152","2097152","32","32","0","0","0","-","-","-","0","0","0","0","0","0","0","0","-","0","0","0","0","0","0","0","0","0","0","0","0","0","0","0","0","0","0","1","0","0","0","3","0","0","0","0","0","0","0","0","0","0","0","0","0","0","0","0","1"
"0x7f2c6b5b36e0","      F2FP.BF16.F32.PACK_AB R49, R47, R46","2","0","2","65536","2097152","2097152","32","32","0","0","0","-","-","-","0","0","0","0","0","0","0","0","-","0","0","0","0","0","0","0","0","0","0","0","0","0","0","0","0","0","0","2","0","0","0","0","0","0","0","0","0","0","0","0","0","0","0","0","0","0","0","0","0"
"0x7f2c6b5b36f0","      F2FP.BF16.F32.PACK_AB R48, R45, R44","0","0","0","65536","2097152","2097152","32","32","0","0","0","-","-","-","0","0","0","0","0","0","0","0","-","0","0","0","0","0","0","0","0","0","0","0","0","0","0","0","0","0","0","0","0","0","0","0","0","0","0","0","0","0","0","0","0","0","0","0","0","0","0","0","0"
"0x7f2c6b5b3700","      FMUL2 R64, R0.F32, R6.F32x2.HI_LO","30","29","30","65536","2097152","2097152","32","32","0","0","0","-","-","-","0","0","0","0","0","0","0","0","-","0","0","0","0","0","0","0","0","0","0","0","0","0","0","0","0","0","0","1","29","0","0","0","0","0","0","0","0","0","0","0","0","0","0","0","0","29","0","0","0"
"0x7f2c6b5b3710","      F2FP.BF16.F32.PACK_AB R7, R59, R58","0","0","0","65536","2097152","2097152","32","32","0","0","0","-","-","-","0","0","0","0","0","0","0","0","-","0","0","0","0","0","0","0","0","0","0","0","0","0","0","0","0","0","0","0","0","0","0","0","0","0","0","0","0","0","0","0","0","0","0","0","0","0","0","0","0"
"0x7f2c6b5b3720","      FMUL2 R66, R0.F32, R4.F32x2.HI_LO","2","0","2","65536","2097152","2097152","32","32","0","0","0","-","-","-","0","0","0","0","0","0","0","0","-","0","0","0","0","0","0","0","0","0","0","0","0","0","0","0","0","0","0","2","0","0","0","0","0","0","0","0","0","0","0","0","0","0","0","0","0","0","0","0","0"
"0x7f2c6b5b3730","      F2FP.BF16.F32.PACK_AB R4, R53, R52","3","0","3","65536","2097152","2097152","32","32","0","0","0","-","-","-","0","0","0","0","0","0","0","0","-","0","0","0","0","0","0","0","0","0","0","0","0","0","0","0","0","0","0","3","0","0","0","0","0","0","0","0","0","0","0","0","0","0","0","0","0","0","0","0","0"
"0x7f2c6b5b3740","      FMUL2 R58, R0.F32, R12.F32x2.HI_LO","0","0","0","65536","2097152","2097152","32","32","0","0","0","-","-","-","0","0","0","0","0","0","0","0","-","0","0","0","0","0","0","0","0","0","0","0","0","0","0","0","0","0","0","0","0","0","0","0","0","0","0","0","0","0","0","0","0","0","0","0","0","0","0","0","0"
"0x7f2c6b5b3750","      F2FP.BF16.F32.PACK_AB R5, R55, R54","0","0","0","65536","2097152","2097152","32","32","0","0","0","-","-","-","0","0","0","0","0","0","0","0","-","0","0","0","0","0","0","0","0","0","0","0","0","0","0","0","0","0","0","0","0","0","0","0","0","0","0","0","0","0","0","0","0","0","0","0","0","0","0","0","0"
"0x7f2c6b5b3760","      FMUL2 R68, R0.F32, R36.F32x2.HI_LO","553","510","553","65536","2097152","2097152","32","32","0","0","0","-","-","-","0","0","0","0","0","0","0","0","-","0","0","0","0","0","0","0","0","0","0","0","551","0","0","0","0","0","0","2","0","0","0","0","0","0","0","0","0","510","0","0","0","0","0","0","0","0","0","0","0"
"0x7f2c6b5b3770","      F2FP.BF16.F32.PACK_AB R37, R63, R62","1","0","1","65536","2097152","2097152","32","32","0","0","0","-","-","-","0","0","0","0","0","0","0","0","-","0","0","0","0","0","0","0","0","0","0","0","0","0","0","0","0","0","0","1","0","0","0","0","0","0","0","0","0","0","0","0","0","0","0","0","0","0","0","0","0"
"0x7f2c6b5b3780","      FMUL2 R12, R0.F32, R14.F32x2.HI_LO","2","0","2","65536","2097152","2097152","32","32","0","0","0","-","-","-","0","0","0","0","0","0","0","0","-","0","0","0","0","0","0","0","0","0","0","0","0","0","0","0","0","0","0","2","0","0","0","0","0","0","0","0","0","0","0","0","0","0","0","0","0","0","0","0","0"
"0x7f2c6b5b3790","      F2FP.BF16.F32.PACK_AB R36, R61, R60","0","0","0","65536","2097152","2097152","32","32","0","0","0","-","-","-","0","0","0","0","0","0","0","0","-","0","0","0","0","0","0","0","0","0","0","0","0","0","0","0","0","0","0","0","0","0","0","0","0","0","0","0","0","0","0","0","0","0","0","0","0","0","0","0","0"
"0x7f2c6b5b37a0","      FMUL2 R52, R0.F32, R20.F32x2.HI_LO","1","0","1","65536","2097152","2097152","32","32","0","0","0","-","-","-","0","0","0","0","0","0","0","0","-","0","0","0","0","0","0","0","0","0","0","0","0","0","0","0","0","0","0","1","0","0","0","0","0","0","0","0","0","0","0","0","0","0","0","0","0","0","0","0","0"
"0x7f2c6b5b37b0","      F2FP.BF16.F32.PACK_AB R6, R57, R56","4","0","4","65536","2097152","2097152","32","32","0","0","0","-","-","-","0","0","0","0","0","0","0","0","-","0","0","0","0","0","0","0","0","0","0","0","0","0","0","0","0","0","0","4","0","0","0","0","0","0","0","0","0","0","0","0","0","0","0","0","0","0","0","0","0"
"0x7f2c6b5b37c0","      FMUL2 R14, R0.F32, R18.F32x2.HI_LO","3","0","3","65536","2097152","2097152","32","32","0","0","0","-","-","-","0","0","0","0","0","0","0","0","-","0","0","0","0","0","0","0","0","0","0","0","0","0","0","0","0","0","0","3","0","0","0","0","0","0","0","0","0","0","0","0","0","0","0","0","0","0","0","0","0"
"0x7f2c6b5b37d0","      F2FP.BF16.F32.PACK_AB R13, R13, R12","1","0","1","65536","2097152","2097152","32","32","0","0","0","-","-","-","0","0","0","0","0","0","0","0","-","0","0","0","0","0","0","0","0","0","0","0","0","0","0","0","0","0","0","1","0","0","0","0","0","0","0","0","0","0","0","0","0","0","0","0","0","0","0","0","0"
"0x7f2c6b5b37e0","      FMUL2 R20, R0.F32, R22.F32x2.HI_LO","3","0","3","65536","2097152","2097152","32","32","0","0","0","-","-","-","0","0","0","0","0","0","0","0","-","0","0","0","0","0","0","0","0","0","0","0","0","0","0","0","0","0","0","3","0","0","0","0","0","0","0","0","0","0","0","0","0","0","0","0","0","0","0","0","0"
"0x7f2c6b5b37f0","      F2FP.BF16.F32.PACK_AB R12, R59, R58","0","0","0","65536","2097152","2097152","32","32","0","0","0","-","-","-","0","0","0","0","0","0","0","0","-","0","0","0","0","0","0","0","0","0","0","0","0","0","0","0","0","0","0","0","0","0","0","0","0","0","0","0","0","0","0","0","0","0","0","0","0","0","0","0","0"
"0x7f2c6b5b3800","      FMUL2 R24, R0.F32, R24.F32x2.HI_LO","1","0","1","65536","2097152","2097152","32","32","0","0","0","-","-","-","0","0","0","0","0","0","0","0","-","0","0","0","0","0","0","0","0","0","0","0","0","0","0","0","0","0","0","1","0","0","0","0","0","0","0","0","0","0","0","0","0","0","0","0","0","0","0","0","0"
"0x7f2c6b5b3810","      F2FP.BF16.F32.PACK_AB R15, R15, R14","1","0","1","65536","2097152","2097152","32","32","0","0","0","-","-","-","0","0","0","0","0","0","0","0","-","0","0","0","0","0","0","0","0","0","0","0","0","0","0","0","0","0","0","1","0","0","0","0","0","0","0","0","0","0","0","0","0","0","0","0","0","0","0","0","0"
"0x7f2c6b5b3820","      FMUL2 R26, R0.F32, R26.F32x2.HI_LO","4","0","4","65536","2097152","2097152","32","32","0","0","0","-","-","-","0","0","0","0","0","0","0","0","-","0","0","0","0","0","0","0","0","0","0","0","0","0","0","0","0","0","0","4","0","0","0","0","0","0","0","0","0","0","0","0","0","0","0","0","0","0","0","0","0"
"0x7f2c6b5b3830","      F2FP.BF16.F32.PACK_AB R21, R21, R20","0","0","0","65536","2097152","2097152","32","32","0","0","0","-","-","-","0","0","0","0","0","0","0","0","-","0","0","0","0","0","0","0","0","0","0","0","0","0","0","0","0","0","0","0","0","0","0","0","0","0","0","0","0","0","0","0","0","0","0","0","0","0","0","0","0"
"0x7f2c6b5b3840","      FMUL2 R62, R0.F32, R8.F32x2.HI_LO","0","0","0","65536","2097152","2097152","32","32","0","0","0","-","-","-","0","0","0","0","0","0","0","0","-","0","0","0","0","0","0","0","0","0","0","0","0","0","0","0","0","0","0","0","0","0","0","0","0","0","0","0","0","0","0","0","0","0","0","0","0","0","0","0","0"
"0x7f2c6b5b3850","      F2FP.BF16.F32.PACK_AB R9, R43, R42","1","0","1","65536","2097152","2097152","32","32","0","0","0","-","-","-","0","0","0","0","0","0","0","0","-","0","0","0","0","0","0","0","0","0","0","0","0","0","0","0","0","0","0","1","0","0","0","0","0","0","0","0","0","0","0","0","0","0","0","0","0","0","0","0","0"
"0x7f2c6b5b3860","      FMUL2 R60, R0.F32, R10.F32x2.HI_LO","1","0","1","65536","2097152","2097152","32","32","0","0","0","-","-","-","0","0","0","0","0","0","0","0","-","0","0","0","0","0","0","0","0","0","0","0","0","0","0","0","0","0","0","1","0","0","0","0","0","0","0","0","0","0","0","0","0","0","0","0","0","0","0","0","0"
"0x7f2c6b5b3870","      F2FP.BF16.F32.PACK_AB R11, R3, R2","0","0","0","65536","2097152","2097152","32","32","0","0","0","-","-","-","0","0","0","0","0","0","0","0","-","0","0","0","0","0","0","0","0","0","0","0","0","0","0","0","0","0","0","0","0","0","0","0","0","0","0","0","0","0","0","0","0","0","0","0","0","0","0","0","0"
"0x7f2c6b5b3880","      FMUL2 R54, R0.F32, R16.F32x2.HI_LO","1","0","1","65536","2097152","2097152","32","32","0","0","0","-","-","-","0","0","0","0","0","0","0","0","-","0","0","0","0","0","0","0","0","0","0","0","0","0","0","0","0","0","0","1","0","0","0","0","0","0","0","0","0","0","0","0","0","0","0","0","0","0","0","0","0"
"0x7f2c6b5b3890","      F2FP.BF16.F32.PACK_AB R10, R41, R40","1","0","1","65536","2097152","2097152","32","32","0","0","0","-","-","-","0","0","0","0","0","0","0","0","-","0","0","0","0","0","0","0","0","0","0","0","0","0","0","0","0","0","0","1","0","0","0","0","0","0","0","0","0","0","0","0","0","0","0","0","0","0","0","0","0"
"0x7f2c6b5b38a0","      FMUL2 R28, R0.F32, R28.F32x2.HI_LO","0","0","0","65536","2097152","2097152","32","32","0","0","0","-","-","-","0","0","0","0","0","0","0","0","-","0","0","0","0","0","0","0","0","0","0","0","0","0","0","0","0","0","0","0","0","0","0","0","0","0","0","0","0","0","0","0","0","0","0","0","0","0","0","0","0"
"0x7f2c6b5b38b0","      F2FP.BF16.F32.PACK_AB R8, R69, R68","4","0","4","65536","2097152","2097152","32","32","0","0","0","-","-","-","0","0","0","0","0","0","0","0","-","0","0","0","0","0","0","0","0","0","0","0","0","0","0","0","0","0","0","4","0","0","0","0","0","0","0","0","0","0","0","0","0","0","0","0","0","0","0","0","0"
"0x7f2c6b5b38c0","      FMUL2 R32, R0.F32, R32.F32x2.HI_LO","0","0","0","65536","2097152","2097152","32","32","0","0","0","-","-","-","0","0","0","0","0","0","0","0","-","0","0","0","0","0","0","0","0","0","0","0","0","0","0","0","0","0","0","0","0","0","0","0","0","0","0","0","0","0","0","0","0","0","0","0","0","0","0","0","0"
"0x7f2c6b5b38d0","      F2FP.BF16.F32.PACK_AB R23, R27, R26","1","0","1","65536","2097152","2097152","32","32","0","0","0","-","-","-","0","0","0","0","0","0","0","0","-","0","0","0","0","0","0","0","0","0","0","0","0","0","0","0","0","0","0","1","0","0","0","0","0","0","0","0","0","0","0","0","0","0","0","0","0","0","0","0","0"
"0x7f2c6b5b38e0","      FMUL2 R34, R0.F32, R34.F32x2.HI_LO","2","0","2","65536","2097152","2097152","32","32","0","0","0","-","-","-","0","0","0","0","0","0","0","0","-","0","0","0","0","0","0","0","0","0","0","0","0","0","0","0","0","0","0","2","0","0","0","0","0","0","0","0","0","0","0","0","0","0","0","0","0","0","0","0","0"
"0x7f2c6b5b38f0","      F2FP.BF16.F32.PACK_AB R22, R25, R24","2","0","2","65536","2097152","2097152","32","32","0","0","0","-","-","-","0","0","0","0","0","0","0","0","-","0","0","0","0","0","0","0","0","0","0","0","0","0","0","0","0","0","0","2","0","0","0","0","0","0","0","0","0","0","0","0","0","0","0","0","0","0","0","0","0"
"0x7f2c6b5b3900","      FMUL2 R30, R0.F32, R30.F32x2.HI_LO","3","0","3","65536","2097152","2097152","32","32","0","0","0","-","-","-","0","0","0","0","0","0","0","0","-","0","0","0","0","0","0","0","0","0","0","0","0","0","0","0","0","0","0","3","0","0","0","0","0","0","0","0","0","0","0","0","0","0","0","0","0","0","0","0","0"
"0x7f2c6b5b3910","      F2FP.BF16.F32.PACK_AB R18, R33, R32","2","0","2","65536","2097152","2097152","32","32","0","0","0","-","-","-","0","0","0","0","0","0","0","0","-","0","0","0","0","0","0","0","0","0","0","0","0","0","0","0","0","0","0","2","0","0","0","0","0","0","0","0","0","0","0","0","0","0","0","0","0","0","0","0","0"
"0x7f2c6b5b3920","      STG.E.NA.ENL2.256 desc[UR8][R88.64+0x80], R8, R48","2","0","2","65536","2097152","2097152","32","32","0","0","0","Global","Store","-","65536","0","0","0","0","0","65536","65536","","0","0","0","0","0","0","0","0","0","0","0","0","0","0","0","0","0","0","2","0","0","0","0","0","0","0","0","0","0","0","0","0","0","0","0","0","0","0","0","0"
"0x7f2c6b5b3930","      F2FP.BF16.F32.PACK_AB R19, R35, R34","0","0","0","65536","2097152","2097152","32","32","0","0","0","-","-","-","0","0","0","0","0","0","0","0","-","0","0","0","0","0","0","0","0","0","0","0","0","0","0","0","0","0","0","0","0","0","0","0","0","0","0","0","0","0","0","0","0","0","0","0","0","0","0","0","0"
"0x7f2c6b5b3940","      F2FP.BF16.F32.PACK_AB R17, R31, R30","4","0","4","65536","2097152","2097152","32","32","0","0","0","-","-","-","0","0","0","0","0","0","0","0","-","0","0","0","0","0","0","0","0","0","0","0","0","0","0","0","0","0","1","3","0","0","0","0","0","0","0","0","0","0","0","0","0","0","0","0","0","0","0","0","0"
"0x7f2c6b5b3950","      STG.E.NA.ENL2.256 desc[UR8][R88.64+0xa0], R4, R36","3","0","3","65536","2097152","2097152","32","32","0","0","0","Global","Store","-","65536","0","0","0","0","0","65536","65536","","0","0","0","0","0","0","0","0","0","0","0","0","0","0","0","0","0","0","3","0","0","0","0","0","0","0","0","0","0","0","0","0","0","0","0","0","0","0","0","0"
"0x7f2c6b5b3960","      F2FP.BF16.F32.PACK_AB R16, R29, R28","0","0","0","65536","2097152","2097152","32","32","0","0","0","-","-","-","0","0","0","0","0","0","0","0","-","0","0","0","0","0","0","0","0","0","0","0","0","0","0","0","0","0","0","0","0","0","0","0","0","0","0","0","0","0","0","0","0","0","0","0","0","0","0","0","0"
"0x7f2c6b5b3970","      NOP","0","0","0","65536","2097152","2097152","32","32","0","0","0","-","-","-","0","0","0","0","0","0","0","0","-","0","0","0","0","0","0","0","0","0","0","0","0","0","0","0","0","0","0","0","0","0","0","0","0","0","0","0","0","0","0","0","0","0","0","0","0","0","0","0","0"
"0x7f2c6b5b3980","      F2FP.BF16.F32.PACK_AB R14, R55, R54","4","0","4","65536","2097152","2097152","32","32","0","0","0","-","-","-","0","0","0","0","0","0","0","0","-","0","0","0","0","0","0","0","0","0","0","0","0","0","0","0","0","0","0","4","0","0","0","0","0","0","0","0","0","0","0","0","0","0","0","0","0","0","0","0","0"
"0x7f2c6b5b3990","      F2FP.BF16.F32.PACK_AB R27, R61, R60","7","5","7","65536","2097152","2097152","32","32","0","0","0","-","-","-","0","0","0","0","0","0","0","0","-","0","0","0","0","0","0","0","0","0","0","0","0","0","0","0","0","0","1","1","0","0","0","5","0","0","0","0","0","0","0","0","0","0","0","0","0","0","0","0","5"
"0x7f2c6b5b39a0","      F2FP.BF16.F32.PACK_AB R26, R63, R62","2","0","2","65536","2097152","2097152","32","32","0","0","0","-","-","-","0","0","0","0","0","0","0","0","-","0","0","0","0","0","0","0","0","0","0","0","0","0","0","0","0","0","0","2","0","0","0","0","0","0","0","0","0","0","0","0","0","0","0","0","0","0","0","0","0"
"0x7f2c6b5b39b0","      F2FP.BF16.F32.PACK_AB R25, R65, R64","2","0","2","65536","2097152","2097152","32","32","0","0","0","-","-","-","0","0","0","0","0","0","0","0","-","0","0","0","0","0","0","0","0","0","0","0","0","0","0","0","0","0","0","2","0","0","0","0","0","0","0","0","0","0","0","0","0","0","0","0","0","0","0","0","0"
"0x7f2c6b5b39c0","      F2FP.BF16.F32.PACK_AB R24, R67, R66","4","3","4","65536","2097152","2097152","32","32","0","0","0","-","-","-","0","0","0","0","0","0","0","0","-","0","0","0","0","0","0","0","0","0","0","0","0","2","0","0","0","0","0","1","0","0","0","1","0","0","0","0","0","0","2","0","0","0","0","0","0","0","0","0","1"
"0x7f2c6b5b39d0","      F2FP.BF16.F32.PACK_AB R20, R53, R52","2","0","2","65536","2097152","2097152","32","32","0","0","0","-","-","-","0","0","0","0","0","0","0","0","-","0","0","0","0","0","0","0","0","0","0","0","0","0","0","0","0","0","0","2","0","0","0","0","0","0","0","0","0","0","0","0","0","0","0","0","0","0","0","0","0"
"0x7f2c6b5b39e0","      STG.E.NA.ENL2.256 desc[UR8][R88.64+0xc0], R24, R12","20","6","20","65536","2097152","2097152","32","32","0","0","0","Global","Store","-","65536","0","0","0","0","0","65536","65536","","0","0","0","0","0","0","0","0","1","0","0","0","0","0","0","0","0","10","3","0","0","0","6","0","0","0","0","0","0","0","0","0","0","0","0","0","0","0","0","6"
"0x7f2c6b5b39f0","      STG.E.NA.ENL2.256 desc[UR8][R88.64+0xe0], R20, R16","5","4","5","65536","2097152","2097152","32","32","0","0","0","Global","Store","-","65536","0","0","0","0","0","65536","65536","","0","0","0","0","0","0","0","0","0","0","0","0","0","0","0","0","0","0","1","0","0","0","4","0","0","0","0","0","0","0","0","0","0","0","0","0","0","0","0","4"
"0x7f2c6b5b3a00","      NOP","0","0","0","65536","2097152","2097152","32","32","0","0","0","-","-","-","0","0","0","0","0","0","0","0","-","0","0","0","0","0","0","0","0","0","0","0","0","0","0","0","0","0","0","0","0","0","0","0","0","0","0","0","0","0","0","0","0","0","0","0","0","0","0","0","0"
"0x7f2c6b5b3a10","      BAR.SYNC.DEFER_BLOCKING 0x1, 0x100","0","0","0","65536","2097152","2097152","32","32","0","0","0","-","-","-","0","0","0","0","0","0","0","0","-","0","0","0","0","0","0","0","0","0","0","0","0","0","0","0","0","0","0","0","0","0","0","0","0","0","0","0","0","0","0","0","0","0","0","0","0","0","0","0","0"
"0x7f2c6b5b3a20","      NOP","323","264","323","65536","2097152","2097152","32","32","0","0","0","-","-","-","0","0","0","0","0","0","0","0","-","0","0","0","0","0","0","317","0","0","0","0","0","0","0","0","0","0","3","0","0","0","0","3","262","0","0","0","0","0","0","0","0","0","0","0","0","0","0","0","2"
"0x7f2c6b5b3a30","      LDG.E R110, desc[UR8][R110.64]","30","30","30","65536","2097152","2097152","32","32","0","0","0","Global","Load","32","65536","0","0","0","0","0","65536","65536","","0","0","0","0","0","0","0","0","0","0","0","0","0","0","30","0","0","0","0","0","0","0","0","0","0","0","0","0","0","0","0","30","0","0","0","0","0","0","0","0"
"0x7f2c6b5b3a40","      ULOP3.LUT UR40, UR40, 0x1, URZ, 0x3c, !UPT","3","0","3","65536","2097152","2097152","32","32","0","0","0","-","-","-","0","0","0","0","0","0","0","0","-","0","0","0","0","0","0","0","0","0","0","0","0","0","0","0","0","0","0","3","0","0","0","0","0","0","0","0","0","0","0","0","0","0","0","0","0","0","0","0","0"
"0x7f2c6b5b3a50","      R2UR UR5, R110","1469","1377","1469","65536","2097152","2097152","32","32","0","0","0","-","-","-","0","0","0","0","0","0","0","0","-","0","0","0","0","0","0","0","0","0","0","0","1466","1","0","0","0","0","1","1","0","0","0","0","0","0","0","0","0","1376","1","0","0","0","0","0","0","0","0","0","0"
"0x7f2c6b5b3a60","      USHF.R.S32.HI UR6, URZ, 0x1f, UR5","22","8","22","65536","2097152","2097152","32","32","0","0","0","-","-","-","0","0","0","0","0","0","0","0","-","0","0","0","0","0","0","0","0","0","0","0","0","0","0","0","0","0","6","0","0","0","0","16","0","0","0","0","0","0","0","0","0","0","0","0","0","0","0","0","8"
"0x7f2c6b5b3a70","      ULEA.HI UR6, UR6, UR5, URZ, 0x7","4","3","4","65536","2097152","2097152","32","32","0","0","0","-","-","-","0","0","0","0","0","0","0","0","-","0","0","0","0","0","0","0","0","0","0","0","0","0","0","0","0","0","0","1","0","0","0","3","0","0","0","0","0","0","0","0","0","0","0","0","0","0","0","0","3"
"0x7f2c6b5b3a80","      ULOP3.LUT UR7, UR6, 0xffffff80, URZ, 0xc0, !UPT","8","2","8","65536","2097152","2097152","32","32","0","0","0","-","-","-","0","0","0","0","0","0","0","0","-","0","0","0","0","0","0","0","0","1","0","0","0","0","0","0","0","0","2","3","0","0","0","2","0","0","0","0","0","0","0","0","0","0","0","0","0","0","0","0","2"
"0x7f2c6b5b3a90","      UISETP.NE.U32.AND UP0, UPT, UR5, UR7, UPT","5","3","5","65536","2097152","2097152","32","32","0","0","0","-","-","-","0","0","0","0","0","0","0","0","-","0","0","0","0","0","0","0","0","0","0","0","0","2","0","0","0","0","1","1","0","0","0","1","0","0","0","0","0","0","2","0","0","0","0","0","0","0","0","0","1"
"0x7f2c6b5b3aa0","      UISETP.GT.AND UP0, UPT, UR5, -0x1, UP0","6","4","6","65536","2097152","2097152","32","32","0","0","0","-","-","-","0","0","0","0","0","0","0","0","-","0","0","0","0","0","0","0","0","0","0","0","0","0","0","0","0","0","0","0","0","0","0","6","0","0","0","0","0","0","0","0","0","0","0","0","0","0","0","0","4"
"0x7f2c6b5b3ab0","      ULEA.HI.SX32 UR5, UR6, UR32, 0x19","2","2","2","65536","2097152","2097152","32","32","0","0","0","-","-","-","0","0","0","0","0","0","0","0","-","0","0","0","0","0","0","0","0","0","0","0","0","0","0","0","0","0","0","0","0","0","0","2","0","0","0","0","0","0","0","0","0","0","0","0","0","0","0","0","2"
"0x7f2c6b5b3ac0","      UIADD3 UR32, UPT, UPT, UR5, 0x1, URZ","5","2","5","65536","2097152","2097152","32","32","0","0","0","-","-","-","0","0","0","0","0","0","0","0","-","0","0","0","0","0","0","0","0","0","0","0","0","3","0","0","0","0","0","0","0","0","0","2","0","0","0","0","0","0","1","0","0","0","0","0","0","0","0","0","1"
"0x7f2c6b5b3ad0","@!UP0 UIADD3 UR32, UPT, UPT, UR5, URZ, URZ","7","3","7","65536","2097152","2097152","32","32","0","0","0","-","-","-","0","0","0","0","0","0","0","0","-","0","0","0","0","0","0","0","0","0","0","0","0","1","0","0","0","0","2","0","0","0","0","4","0","0","0","0","0","0","1","0","0","0","0","0","0","0","0","0","2"
"0x7f2c6b5b3ae0","      UISETP.GE.AND UP0, UPT, UR38, 0x1f6c, UPT","3","2","3","65536","2097152","2097152","32","32","0","0","0","-","-","-","0","0","0","0","0","0","0","0","-","0","0","0","0","0","0","0","0","0","0","0","0","0","0","0","0","0","0","1","0","0","0","2","0","0","0","0","0","0","0","0","0","0","0","0","0","0","0","0","2"
"0x7f2c6b5b3af0","      UMOV UR38, UR39","4","0","4","65536","2097152","2097152","32","32","0","0","0","-","-","-","0","0","0","0","0","0","0","0","-","0","0","0","0","0","0","0","0","0","0","0","0","0","0","0","0","0","0","1","0","0","0","3","0","0","0","0","0","0","0","0","0","0","0","0","0","0","0","0","0"
"0x7f2c6b5b3b00","      BRA.U !UP0, 0x7f2c6b5b0b50","6","3","6","65536","2097152","2097152","32","32","0","0","0","-","-","-","0","0","0","0","0","0","0","0","-","0","0","0","0","0","0","0","0","0","0","0","0","0","0","0","0","0","1","1","0","0","0","4","0","0","0","0","0","0","0","0","0","0","0","0","0","0","0","0","3"
"0x7f2c6b5b3b10","      ISETP.NE.U32.AND P0, PT, RZ, UR63, PT","8","3","8","1184","37888","37888","32","32","0","0","0","-","-","-","0","0","0","0","0","0","0","0","-","0","0","0","0","0","0","0","0","0","0","0","0","0","0","0","0","0","0","2","0","0","0","6","0","0","0","0","0","0","0","0","0","0","0","0","0","0","0","0","3"
"0x7f2c6b5b3b20","@P0   EXIT","0","0","0","1184","37888","33152","32","28","4","4","0","-","-","-","0","0","0","0","0","0","0","0","-","0","0","0","0","0","0","0","0","0","0","0","0","0","0","0","0","0","0","0","0","0","0","0","0","0","0","0","0","0","0","0","0","0","0","0","0","0","0","0","0"
"0x7f2c6b5b3b30","      S2UR UR6, SR_CgaCtaId","1","1","1","148","4736","4736","32","32","4","0","0","-","-","-","0","0","0","0","0","0","0","0","-","0","0","0","0","0","0","0","0","0","0","0","0","0","0","0","0","0","0","0","0","0","0","1","0","0","0","0","0","0","0","0","0","0","0","0","0","0","0","0","1"
"0x7f2c6b5b3b40","      LDS R3, [UR4+0x31940]","0","0","0","148","4736","4736","32","32","0","0","0","Shared","Load","32","0","1","0","148","148","0","0","0","-","0","0","0","0","0","0","0","0","0","0","0","0","0","0","0","0","0","0","0","0","0","0","0","0","0","0","0","0","0","0","0","0","0","0","0","0","0","0","0","0"
"0x7f2c6b5b3b50","      UMOV UR5, 0x40","0","0","0","148","4736","4736","32","32","0","0","0","-","-","-","0","0","0","0","0","0","0","0","-","0","0","0","0","0","0","0","0","0","0","0","0","0","0","0","0","0","0","0","0","0","0","0","0","0","0","0","0","0","0","0","0","0","0","0","0","0","0","0","0"
"0x7f2c6b5b3b60","      IMAD.MOV.U32 R2, RZ, RZ, 0xffff","0","0","0","148","4736","4736","32","32","0","0","0","-","-","-","0","0","0","0","0","0","0","0","-","0","0","0","0","0","0","0","0","0","0","0","0","0","0","0","0","0","0","0","0","0","0","0","0","0","0","0","0","0","0","0","0","0","0","0","0","0","0","0","0"
"0x7f2c6b5b3b70","      IMAD.MOV.U32 R0, RZ, RZ, 0x1","0","0","0","148","4736","4736","32","32","0","0","0","-","-","-","0","0","0","0","0","0","0","0","-","0","0","0","0","0","0","0","0","0","0","0","0","0","0","0","0","0","0","0","0","0","0","0","0","0","0","0","0","0","0","0","0","0","0","0","0","0","0","0","0"
"0x7f2c6b5b3b80","      ULEA UR5, UR6, UR5, 0x18","0","0","0","148","4736","4736","32","32","0","0","0","-","-","-","0","0","0","0","0","0","0","0","-","0","0","0","0","0","0","0","0","0","0","0","0","0","0","0","0","0","0","0","0","0","0","0","0","0","0","0","0","0","0","0","0","0","0","0","0","0","0","0","0"
"0x7f2c6b5b3b90","      NOP","0","0","0","148","4736","4736","32","32","0","0","0","-","-","-","0","0","0","0","0","0","0","0","-","0","0","0","0","0","0","0","0","0","0","0","0","0","0","0","0","0","0","0","0","0","0","0","0","0","0","0","0","0","0","0","0","0","0","0","0","0","0","0","0"
"0x7f2c6b5b3ba0","      LDS R5, [UR5+0x14]","1","1","1","148","4736","4736","32","32","0","0","0","Shared","Load","32","0","1","0","148","148","0","0","0","-","0","0","0","0","0","0","0","0","0","0","0","0","0","0","0","0","0","0","0","0","0","0","1","0","0","0","0","0","0","0","0","0","0","0","0","0","0","0","0","1"
"0x7f2c6b5b3bb0","      LOP3.LUT R3, R3, 0xffff, RZ, 0xc0, !PT","0","0","0","148","4736","4736","32","32","0","0","0","-","-","-","0","0","0","0","0","0","0","0","-","0","0","0","0","0","0","0","0","0","0","0","0","0","0","0","0","0","0","0","0","0","0","0","0","0","0","0","0","0","0","0","0","0","0","0","0","0","0","0","0"
"0x7f2c6b5b3bc0","      SHF.R.U32.HI R3, RZ, 0x5, R3","0","0","0","148","4736","4736","32","32","0","0","0","-","-","-","0","0","0","0","0","0","0","0","-","0","0","0","0","0","0","0","0","0","0","0","0","0","0","0","0","0","0","0","0","0","0","0","0","0","0","0","0","0","0","0","0","0","0","0","0","0","0","0","0"
"0x7f2c6b5b3bd0","      SHF.L.U32 R2, R2, R3, RZ","0","0","0","148","4736","4736","32","32","0","0","0","-","-","-","0","0","0","0","0","0","0","0","-","0","0","0","0","0","0","0","0","0","0","0","0","0","0","0","0","0","0","0","0","0","0","0","0","0","0","0","0","0","0","0","0","0","0","0","0","0","0","0","0"
"0x7f2c6b5b3be0","      SHF.L.U32 R0, R0, R3, RZ","0","0","0","148","4736","4736","32","32","0","0","0","-","-","-","0","0","0","0","0","0","0","0","-","0","0","0","0","0","0","0","0","0","0","0","0","0","0","0","0","0","0","0","0","0","0","0","0","0","0","0","0","0","0","0","0","0","0","0","0","0","0","0","0"
"0x7f2c6b5b3bf0","      LOP3.LUT R5, R5, R2, RZ, 0xc0, !PT","0","0","0","148","4736","4736","32","32","0","0","0","-","-","-","0","0","0","0","0","0","0","0","-","0","0","0","0","0","0","0","0","0","0","0","0","0","0","0","0","0","0","0","0","0","0","0","0","0","0","0","0","0","0","0","0","0","0","0","0","0","0","0","0"
"0x7f2c6b5b3c00","      ISETP.NE.AND P0, PT, R5, R2, PT","0","0","0","148","4736","4736","32","32","0","0","0","-","-","-","0","0","0","0","0","0","0","0","-","0","0","0","0","0","0","0","0","0","0","0","0","0","0","0","0","0","0","0","0","0","0","0","0","0","0","0","0","0","0","0","0","0","0","0","0","0","0","0","0"
"0x7f2c6b5b3c10","@P0   BRA 0x7f2c6b5b3d90","0","0","0","148","4736","0","32","0","32","32","0","-","-","-","0","0","0","0","0","0","0","0","-","0","0","0","0","0","0","0","0","0","0","0","0","0","0","0","0","0","0","0","0","0","0","0","0","0","0","0","0","0","0","0","0","0","0","0","0","0","0","0","0"
"0x7f2c6b5b3c20","      LDS R3, [UR5+0x18]","0","0","0","148","4736","4736","32","32","32","0","0","Shared","Load","32","0","1","0","148","148","0","0","0","-","0","0","0","0","0","0","0","0","0","0","0","0","0","0","0","0","0","0","0","0","0","0","0","0","0","0","0","0","0","0","0","0","0","0","0","0","0","0","0","0"
"0x7f2c6b5b3c30","      LOP3.LUT R3, R3, R0, RZ, 0xc0, !PT","1","1","1","148","4736","4736","32","32","0","0","0","-","-","-","0","0","0","0","0","0","0","0","-","0","0","0","0","0","0","0","0","0","0","0","0","0","0","0","0","0","0","0","1","0","0","0","0","0","0","0","0","0","0","0","0","0","0","0","0","1","0","0","0"
"0x7f2c6b5b3c40","      ISETP.NE.AND P0, PT, R3, R0, PT","0","0","0","148","4736","4736","32","32","0","0","0","-","-","-","0","0","0","0","0","0","0","0","-","0","0","0","0","0","0","0","0","0","0","0","0","0","0","0","0","0","0","0","0","0","0","0","0","0","0","0","0","0","0","0","0","0","0","0","0","0","0","0","0"
"0x7f2c6b5b3c50","@P0   BRA 0x7f2c6b5b3d60","0","0","0","148","4736","0","32","0","32","32","0","-","-","-","0","0","0","0","0","0","0","0","-","0","0","0","0","0","0","0","0","0","0","0","0","0","0","0","0","0","0","0","0","0","0","0","0","0","0","0","0","0","0","0","0","0","0","0","0","0","0","0","0"
"0x7f2c6b5b3c60","      R2UR UR4, R2","0","0","0","148","4736","4736","32","32","32","0","0","-","-","-","0","0","0","0","0","0","0","0","-","0","0","0","0","0","0","0","0","0","0","0","0","0","0","0","0","0","0","0","0","0","0","0","0","0","0","0","0","0","0","0","0","0","0","0","0","0","0","0","0"
"0x7f2c6b5b3c70","      S2R R3, SR_LANEID","0","0","0","148","4736","4736","32","32","0","0","0","-","-","-","0","0","0","0","0","0","0","0","-","0","0","0","0","0","0","0","0","0","0","0","0","0","0","0","0","0","0","0","0","0","0","0","0","0","0","0","0","0","0","0","0","0","0","0","0","0","0","0","0"
"0x7f2c6b5b3c80","      LOP3.LUT R4, RZ, R0, RZ, 0x33, !PT","0","0","0","148","4736","4736","32","32","0","0","0","-","-","-","0","0","0","0","0","0","0","0","-","0","0","0","0","0","0","0","0","0","0","0","0","0","0","0","0","0","0","0","0","0","0","0","0","0","0","0","0","0","0","0","0","0","0","0","0","0","0","0","0"
"0x7f2c6b5b3c90","      REDUX UR7, R4","0","0","0","148","4736","4736","32","32","0","0","0","-","-","-","0","0","0","0","0","0","0","0","-","0","0","0","0","0","0","0","0","0","0","0","0","0","0","0","0","0","0","0","0","0","0","0","0","0","0","0","0","0","0","0","0","0","0","0","0","0","0","0","0"
"0x7f2c6b5b3ca0","      ULOP3.LUT UR6, URZ, UR4, URZ, 0x33, !UPT","0","0","0","148","4736","4736","32","32","0","0","0","-","-","-","0","0","0","0","0","0","0","0","-","0","0","0","0","0","0","0","0","0","0","0","0","0","0","0","0","0","0","0","0","0","0","0","0","0","0","0","0","0","0","0","0","0","0","0","0","0","0","0","0"
"0x7f2c6b5b3cb0","      VOTEU.ANY UR4, UPT, PT","0","0","0","148","4736","4736","32","32","0","0","0","-","-","-","0","0","0","0","0","0","0","0","-","0","0","0","0","0","0","0","0","0","0","0","0","0","0","0","0","0","0","0","0","0","0","0","0","0","0","0","0","0","0","0","0","0","0","0","0","0","0","0","0"
"0x7f2c6b5b3cc0","      UFLO.U32 UR4, UR4","0","0","0","148","4736","4736","32","32","0","0","0","-","-","-","0","0","0","0","0","0","0","0","-","0","0","0","0","0","0","0","0","0","0","0","0","0","0","0","0","0","0","0","0","0","0","0","0","0","0","0","0","0","0","0","0","0","0","0","0","0","0","0","0"
"0x7f2c6b5b3cd0","      IMAD.U32 R2, RZ, RZ, UR6","0","0","0","148","4736","4736","32","32","0","0","0","-","-","-","0","0","0","0","0","0","0","0","-","0","0","0","0","0","0","0","0","0","0","0","0","0","0","0","0","0","0","0","0","0","0","0","0","0","0","0","0","0","0","0","0","0","0","0","0","0","0","0","0"
"0x7f2c6b5b3ce0","      REDUX UR8, R2","0","0","0","148","4736","4736","32","32","0","0","0","-","-","-","0","0","0","0","0","0","0","0","-","0","0","0","0","0","0","0","0","0","0","0","0","0","0","0","0","0","0","0","0","0","0","0","0","0","0","0","0","0","0","0","0","0","0","0","0","0","0","0","0"
"0x7f2c6b5b3cf0","      UTCATOMSWS.AND URZ, UR6","0","0","0","148","4736","4736","32","32","0","0","0","-","-","-","0","0","0","0","0","0","0","0","-","0","0","0","0","0","0","0","0","0","0","0","0","0","0","0","0","0","0","0","0","0","0","0","0","0","0","0","0","0","0","0","0","0","0","0","0","0","0","0","0"
"0x7f2c6b5b3d00","      IMAD.U32 R0, RZ, RZ, UR7","0","0","0","148","4736","4736","32","32","0","0","0","-","-","-","0","0","0","0","0","0","0","0","-","0","0","0","0","0","0","0","0","0","0","0","0","0","0","0","0","0","0","0","0","0","0","0","0","0","0","0","0","0","0","0","0","0","0","0","0","0","0","0","0"
"0x7f2c6b5b3d10","      ISETP.EQ.U32.AND P0, PT, R3, UR4, PT","0","0","0","148","4736","4736","32","32","0","0","0","-","-","-","0","0","0","0","0","0","0","0","-","0","0","0","0","0","0","0","0","0","0","0","0","0","0","0","0","0","0","0","0","0","0","0","0","0","0","0","0","0","0","0","0","0","0","0","0","0","0","0","0"
"0x7f2c6b5b3d20","      IMAD.U32 R3, RZ, RZ, UR8","0","0","0","148","4736","4736","32","32","0","0","0","-","-","-","0","0","0","0","0","0","0","0","-","0","0","0","0","0","0","0","0","0","0","0","0","0","0","0","0","0","0","0","0","0","0","0","0","0","0","0","0","0","0","0","0","0","0","0","0","0","0","0","0"
"0x7f2c6b5b3d30","@P0   ATOMS.AND RZ, [UR5+0x14], R3","0","0","0","148","4736","148","32","1","31","31","0","Shared","Atomic","32","0","1","0","148","148","0","0","0","-","0","0","0","0","0","0","0","0","0","0","0","0","0","0","0","0","0","0","0","0","0","0","0","0","0","0","0","0","0","0","0","0","0","0","0","0","0","0","0","0"
"0x7f2c6b5b3d40","@P0   ATOMS.AND RZ, [UR5+0x18], R0","0","0","0","148","4736","148","32","1","0","31","0","Shared","Atomic","32","0","1","0","148","148","0","0","0","-","0","0","0","0","0","0","0","0","0","0","0","0","0","0","0","0","0","0","0","0","0","0","0","0","0","0","0","0","0","0","0","0","0","0","0","0","0","0","0","0"
"0x7f2c6b5b3d50","      BRA 0x7f2c6b5b3db0","0","0","0","148","4736","4736","32","32","31","0","0","-","-","-","0","0","0","0","0","0","0","0","-","0","0","0","0","0","0","0","0","0","0","0","0","0","0","0","0","0","0","0","0","0","0","0","0","0","0","0","0","0","0","0","0","0","0","0","0","0","0","0","0"
"0x7f2c6b5b3d60","      MOV R2, 0x6400","0","0","0","0","0","0","0","0","32","32","0","-","-","-","0","0","0","0","0","0","0","0","-","0","0","0","0","0","0","0","0","0","0","0","0","0","0","0","0","0","0","0","0","0","0","0","0","0","0","0","0","0","0","0","0","0","0","0","0","0","0","0","0"
"0x7f2c6b5b3d70","      CALL.REL.NOINC 0x7f2c6b5b40d0","0","0","0","0","0","0","0","0","0","32","0","-","-","-","0","0","0","0","0","0","0","0","-","0","0","0","0","0","0","0","0","0","0","0","0","0","0","0","0","0","0","0","0","0","0","0","0","0","0","0","0","0","0","0","0","0","0","0","0","0","0","0","0"
"0x7f2c6b5b3d80","      BRA 0x7f2c6b5b3db0","0","0","0","0","0","0","0","0","0","32","0","-","-","-","0","0","0","0","0","0","0","0","-","0","0","0","0","0","0","0","0","0","0","0","0","0","0","0","0","0","0","0","0","0","0","0","0","0","0","0","0","0","0","0","0","0","0","0","0","0","0","0","0"
"0x7f2c6b5b3d90","      MOV R2, 0x6430","0","0","0","0","0","0","0","0","0","32","0","-","-","-","0","0","0","0","0","0","0","0","-","0","0","0","0","0","0","0","0","0","0","0","0","0","0","0","0","0","0","0","0","0","0","0","0","0","0","0","0","0","0","0","0","0","0","0","0","0","0","0","0"
"0x7f2c6b5b3da0","      CALL.REL.NOINC 0x7f2c6b5b4100","0","0","0","0","0","0","0","0","0","32","0","-","-","-","0","0","0","0","0","0","0","0","-","0","0","0","0","0","0","0","0","0","0","0","0","0","0","0","0","0","0","0","0","0","0","0","0","0","0","0","0","0","0","0","0","0","0","0","0","0","0","0","0"
"0x7f2c6b5b3db0","      NOP","0","0","0","148","4736","4736","32","32","32","0","0","-","-","-","0","0","0","0","0","0","0","0","-","0","0","0","0","0","0","0","0","0","0","0","0","0","0","0","0","0","0","0","0","0","0","0","0","0","0","0","0","0","0","0","0","0","0","0","0","0","0","0","0"
"0x7f2c6b5b3dc0","      EXIT","0","0","0","148","4736","4736","32","32","0","0","0","-","-","-","0","0","0","0","0","0","0","0","-","0","0","0","0","0","0","0","0","0","0","0","0","0","0","0","0","0","0","0","0","0","0","0","0","0","0","0","0","0","0","0","0","0","0","0","0","0","0","0","0"
"0x7f2c6b5b3dd0","      MOV R4, UR7","2","2","2","95984","3071488","3071488","32","32","0","0","0","-","-","-","0","0","0","0","0","0","0","0","-","0","0","0","0","0","0","0","2","0","0","0","0","0","0","0","0","0","0","0","0","0","0","0","0","2","0","0","0","0","0","0","0","0","0","0","0","0","0","0","0"
"0x7f2c6b5b3de0","      SYNCS.PHASECHK.TRANS64.TRYWAIT P2, [R4+URZ+0x31958], R7","0","0","0","613138","19620416","19620416","32","32","0","0","0","-","-","-","0","0","0","0","0","0","0","0","-","0","0","0","0","0","0","0","0","0","0","0","0","0","0","0","0","0","0","0","0","0","0","0","0","0","0","0","0","0","0","0","0","0","0","0","0","0","0","0","0"
"0x7f2c6b5b3df0","@!P2  NANOSLEEP.SYNCS 0x989680","0","0","0","613138","19620416","16971424","32","27","5","5","0","-","-","-","0","0","0","0","0","0","0","0","-","0","0","0","0","0","0","0","0","0","0","0","0","0","0","0","0","0","0","0","0","0","0","0","0","0","0","0","0","0","0","0","0","0","0","0","0","0","0","0","0"
"0x7f2c6b5b3e00","@!P2  SYNCS.PHASECHK.TRANS64 P2, [R4+URZ+0x31958], R7","0","0","0","613138","19620416","16971424","32","27","0","5","0","-","-","-","0","0","0","0","0","0","0","0","-","0","0","0","0","0","0","0","0","0","0","0","0","0","0","0","0","0","0","0","0","0","0","0","0","0","0","0","0","0","0","0","0","0","0","0","0","0","0","0","0"
"0x7f2c6b5b3e10","@!P2  BRA 0x7f2c6b5b3de0","0","0","0","613138","19620416","16548928","32","26","1","6","0","-","-","-","0","0","0","0","0","0","0","0","-","0","0","0","0","0","0","0","0","0","0","0","0","0","0","0","0","0","0","0","0","0","0","0","0","0","0","0","0","0","0","0","0","0","0","0","0","0","0","0","0"
"0x7f2c6b5b3e20","      BRA 0x7f2c6b5ae200","0","0","0","95984","3071488","3071488","32","32","6","0","0","-","-","-","0","0","0","0","0","0","0","0","-","0","0","0","0","0","0","0","0","0","0","0","0","0","0","0","0","0","0","0","0","0","0","0","0","0","0","0","0","0","0","0","0","0","0","0","0","0","0","0","0"
"0x7f2c6b5b3e30","      MOV R0, UR4","0","0","0","6","192","192","32","32","0","0","0","-","-","-","0","0","0","0","0","0","0","0","-","0","0","0","0","0","0","0","0","0","0","0","0","0","0","0","0","0","0","0","0","0","0","0","0","0","0","0","0","0","0","0","0","0","0","0","0","0","0","0","0"
"0x7f2c6b5b3e40","      SYNCS.PHASECHK.TRANS64.TRYWAIT P0, [R0+URZ+0x31938], R5","0","0","0","7","224","224","32","32","0","0","0","-","-","-","0","0","0","0","0","0","0","0","-","0","0","0","0","0","0","0","0","0","0","0","0","0","0","0","0","0","0","0","0","0","0","0","0","0","0","0","0","0","0","0","0","0","0","0","0","0","0","0","0"
"0x7f2c6b5b3e50","@!P0  NANOSLEEP.SYNCS 0x989680","0","0","0","7","224","96","32","13","19","19","0","-","-","-","0","0","0","0","0","0","0","0","-","0","0","0","0","0","0","0","0","0","0","0","0","0","0","0","0","0","0","0","0","0","0","0","0","0","0","0","0","0","0","0","0","0","0","0","0","0","0","0","0"
"0x7f2c6b5b3e60","@!P0  SYNCS.PHASECHK.TRANS64 P0, [R0+URZ+0x31938], R5","0","0","0","7","224","96","32","13","0","19","0","-","-","-","0","0","0","0","0","0","0","0","-","0","0","0","0","0","0","0","0","0","0","0","0","0","0","0","0","0","0","0","0","0","0","0","0","0","0","0","0","0","0","0","0","0","0","0","0","0","0","0","0"
"0x7f2c6b5b3e70","@!P0  BRA 0x7f2c6b5b3e40","0","0","0","7","224","32","32","4","9","28","0","-","-","-","0","0","0","0","0","0","0","0","-","0","0","0","0","0","0","0","0","0","0","0","0","0","0","0","0","0","0","0","0","0","0","0","0","0","0","0","0","0","0","0","0","0","0","0","0","0","0","0","0"
"0x7f2c6b5b3e80","      BRA 0x7f2c6b5afc20","0","0","0","6","192","192","32","32","28","0","0","-","-","-","0","0","0","0","0","0","0","0","-","0","0","0","0","0","0","0","0","0","0","0","0","0","0","0","0","0","0","0","0","0","0","0","0","0","0","0","0","0","0","0","0","0","0","0","0","0","0","0","0"
"0x7f2c6b5b3e90","      MOV R4, UR5","0","0","0","49411","1581152","1581152","32","32","0","0","0","-","-","-","0","0","0","0","0","0","0","0","-","0","0","0","0","0","0","0","0","0","0","0","0","0","0","0","0","0","0","0","0","0","0","0","0","0","0","0","0","0","0","0","0","0","0","0","0","0","0","0","0"
"0x7f2c6b5b3ea0","      SYNCS.PHASECHK.TRANS64.TRYWAIT P0, [R4+URZ+0x31948], R5","0","0","0","120584","3858688","3858688","32","32","0","0","0","-","-","-","0","0","0","0","0","0","0","0","-","0","0","0","0","0","0","0","0","0","0","0","0","0","0","0","0","0","0","0","0","0","0","0","0","0","0","0","0","0","0","0","0","0","0","0","0","0","0","0","0"
"0x7f2c6b5b3eb0","@!P0  NANOSLEEP.SYNCS 0x989680","0","0","0","120584","3858688","2481920","32","20","12","12","0","-","-","-","0","0","0","0","0","0","0","0","-","0","0","0","0","0","0","0","0","0","0","0","0","0","0","0","0","0","0","0","0","0","0","0","0","0","0","0","0","0","0","0","0","0","0","0","0","0","0","0","0"
"0x7f2c6b5b3ec0","@!P0  SYNCS.PHASECHK.TRANS64 P0, [R4+URZ+0x31948], R5","0","0","0","120584","3858688","2481920","32","20","0","12","0","-","-","-","0","0","0","0","0","0","0","0","-","0","0","0","0","0","0","0","0","0","0","0","0","0","0","0","0","0","0","0","0","0","0","0","0","0","0","0","0","0","0","0","0","0","0","0","0","0","0","0","0"
"0x7f2c6b5b3ed0","@!P0  BRA 0x7f2c6b5b3ea0","0","0","0","120584","3858688","2277536","32","18","2","14","0","-","-","-","0","0","0","0","0","0","0","0","-","0","0","0","0","0","0","0","0","0","0","0","0","0","0","0","0","0","0","0","0","0","0","0","0","0","0","0","0","0","0","0","0","0","0","0","0","0","0","0","0"
"0x7f2c6b5b3ee0","      BRA 0x7f2c6b5afef0","0","0","0","49411","1581152","1581152","32","32","14","0","0","-","-","-","0","0","0","0","0","0","0","0","-","0","0","0","0","0","0","0","0","0","0","0","0","0","0","0","0","0","0","0","0","0","0","0","0","0","0","0","0","0","0","0","0","0","0","0","0","0","0","0","0"
"0x7f2c6b5b3ef0","      MOV R4, UR4","0","0","0","131072","4194304","4194304","32","32","0","0","0","-","-","-","0","0","0","0","0","0","0","0","-","0","0","0","0","0","0","0","0","0","0","0","0","0","0","0","0","0","0","0","0","0","0","0","0","0","0","0","0","0","0","0","0","0","0","0","0","0","0","0","0"
"0x7f2c6b5b3f00","      SYNCS.PHASECHK.TRANS64.TRYWAIT P0, [R4+URZ+0x31930], R5","0","0","0","3483390","111468480","111468480","32","32","0","0","0","-","-","-","0","0","0","0","0","0","0","0","-","0","0","0","0","0","0","0","0","0","0","0","0","0","0","0","0","0","0","0","0","0","0","0","0","0","0","0","0","0","0","0","0","0","0","0","0","0","0","0","0"
"0x7f2c6b5b3f10","@!P0  NANOSLEEP.SYNCS 0x989680","0","0","0","3483390","111468480","108113056","32","31","1","1","0","-","-","-","0","0","0","0","0","0","0","0","-","0","0","0","0","0","0","0","0","0","0","0","0","0","0","0","0","0","0","0","0","0","0","0","0","0","0","0","0","0","0","0","0","0","0","0","0","0","0","0","0"
"0x7f2c6b5b3f20","@!P0  SYNCS.PHASECHK.TRANS64 P0, [R4+URZ+0x31930], R5","0","0","0","3483390","111468480","108113056","32","31","0","1","0","-","-","-","0","0","0","0","0","0","0","0","-","0","0","0","0","0","0","0","0","0","0","0","0","0","0","0","0","0","0","0","0","0","0","0","0","0","0","0","0","0","0","0","0","0","0","0","0","0","0","0","0"
"0x7f2c6b5b3f30","@!P0  BRA 0x7f2c6b5b3f00","0","0","0","3483390","111468480","107274176","32","30","1","2","0","-","-","-","0","0","0","0","0","0","0","0","-","0","0","0","0","0","0","0","0","0","0","0","0","0","0","0","0","0","0","0","0","0","0","0","0","0","0","0","0","0","0","0","0","0","0","0","0","0","0","0","0"
"0x7f2c6b5b3f40","      BRA 0x7f2c6b5b03a0","0","0","0","131072","4194304","4194304","32","32","2","0","0","-","-","-","0","0","0","0","0","0","0","0","-","0","0","0","0","0","0","0","0","0","0","0","0","0","0","0","0","0","0","0","0","0","0","0","0","0","0","0","0","0","0","0","0","0","0","0","0","0","0","0","0"
"0x7f2c6b5b3f50","      MOV R0, UR4","0","0","0","1008","32256","32256","32","32","0","0","0","-","-","-","0","0","0","0","0","0","0","0","-","0","0","0","0","0","0","0","0","0","0","0","0","0","0","0","0","0","0","0","0","0","0","0","0","0","0","0","0","0","0","0","0","0","0","0","0","0","0","0","0"
"0x7f2c6b5b3f60","      SYNCS.PHASECHK.TRANS64.TRYWAIT P0, [R0+URZ+0x31938], R3","0","0","0","2635","84320","84320","32","32","0","0","0","-","-","-","0","0","0","0","0","0","0","0","-","0","0","0","0","0","0","0","0","0","0","0","0","0","0","0","0","0","0","0","0","0","0","0","0","0","0","0","0","0","0","0","0","0","0","0","0","0","0","0","0"
"0x7f2c6b5b3f70","@!P0  NANOSLEEP.SYNCS 0x989680","0","0","0","2635","84320","58144","32","22","10","10","0","-","-","-","0","0","0","0","0","0","0","0","-","0","0","0","0","0","0","0","0","0","0","0","0","0","0","0","0","0","0","0","0","0","0","0","0","0","0","0","0","0","0","0","0","0","0","0","0","0","0","0","0"
"0x7f2c6b5b3f80","@!P0  SYNCS.PHASECHK.TRANS64 P0, [R0+URZ+0x31938], R3","0","0","0","2635","84320","58144","32","22","0","10","0","-","-","-","0","0","0","0","0","0","0","0","-","0","0","0","0","0","0","0","0","0","0","0","0","0","0","0","0","0","0","0","0","0","0","0","0","0","0","0","0","0","0","0","0","0","0","0","0","0","0","0","0"
"0x7f2c6b5b3f90","@!P0  BRA 0x7f2c6b5b3f60","0","0","0","2635","84320","52064","32","19","3","13","0","-","-","-","0","0","0","0","0","0","0","0","-","0","0","0","0","0","0","0","0","0","0","0","0","0","0","0","0","0","0","0","0","0","0","0","0","0","0","0","0","0","0","0","0","0","0","0","0","0","0","0","0"
"0x7f2c6b5b3fa0","      BRA 0x7f2c6b5b0da0","0","0","0","1008","32256","32256","32","32","13","0","0","-","-","-","0","0","0","0","0","0","0","0","-","0","0","0","0","0","0","0","0","0","0","0","0","0","0","0","0","0","0","0","0","0","0","0","0","0","0","0","0","0","0","0","0","0","0","0","0","0","0","0","0"
"0x7f2c6b5b3fb0","      MOV R0, UR10","0","0","0","623365","19947680","19947680","32","32","0","0","0","-","-","-","0","0","0","0","0","0","0","0","-","0","0","0","0","0","0","0","0","0","0","0","0","0","0","0","0","0","0","0","0","0","0","0","0","0","0","0","0","0","0","0","0","0","0","0","0","0","0","0","0"
"0x7f2c6b5b3fc0","      SYNCS.PHASECHK.TRANS64.TRYWAIT P0, [R0+URZ+0x31948], R3","0","0","0","623365","19947680","19947680","32","32","0","0","0","-","-","-","0","0","0","0","0","0","0","0","-","0","0","0","0","0","0","0","0","0","0","0","0","0","0","0","0","0","0","0","0","0","0","0","0","0","0","0","0","0","0","0","0","0","0","0","0","0","0","0","0"
"0x7f2c6b5b3fd0","@!P0  NANOSLEEP.SYNCS 0x989680","0","0","0","623365","19947680","11726624","32","18","14","14","0","-","-","-","0","0","0","0","0","0","0","0","-","0","0","0","0","0","0","0","0","0","0","0","0","0","0","0","0","0","0","0","0","0","0","0","0","0","0","0","0","0","0","0","0","0","0","0","0","0","0","0","0"
"0x7f2c6b5b3fe0","@!P0  SYNCS.PHASECHK.TRANS64 P0, [R0+URZ+0x31948], R3","0","0","0","623365","19947680","11726624","32","18","0","14","0","-","-","-","0","0","0","0","0","0","0","0","-","0","0","0","0","0","0","0","0","0","0","0","0","0","0","0","0","0","0","0","0","0","0","0","0","0","0","0","0","0","0","0","0","0","0","0","0","0","0","0","0"
"0x7f2c6b5b3ff0","@!P0  BRA 0x7f2c6b5b3fb0","0","0","0","623365","19947680","10648832","32","17","1","15","0","-","-","-","0","0","0","0","0","0","0","0","-","0","0","0","0","0","0","0","0","0","0","0","0","0","0","0","0","0","0","0","0","0","0","0","0","0","0","0","0","0","0","0","0","0","0","0","0","0","0","0","0"
"0x7f2c6b5b4000","      BRA 0x7f2c6b5b1160","0","0","0","290589","9298848","9298848","32","32","15","0","0","-","-","-","0","0","0","0","0","0","0","0","-","0","0","0","0","0","0","0","0","0","0","0","0","0","0","0","0","0","0","0","0","0","0","0","0","0","0","0","0","0","0","0","0","0","0","0","0","0","0","0","0"
"0x7f2c6b5b4010","      MOV R3, UR4","0","0","0","984224","31495168","31495168","32","32","0","0","0","-","-","-","0","0","0","0","0","0","0","0","-","0","0","0","0","0","0","0","0","0","0","0","0","0","0","0","0","0","0","0","0","0","0","0","0","0","0","0","0","0","0","0","0","0","0","0","0","0","0","0","0"
"0x7f2c6b5b4020","      SYNCS.PHASECHK.TRANS64.TRYWAIT P0, [R3+URZ+0x31920], R112","0","0","0","5595348","179051136","179051136","32","32","0","0","0","-","-","-","0","0","0","0","0","0","0","0","-","0","0","0","0","0","0","0","0","0","0","0","0","0","0","0","0","0","0","0","0","0","0","0","0","0","0","0","0","0","0","0","0","0","0","0","0","0","0","0","0"
"0x7f2c6b5b4030","@!P0  NANOSLEEP.SYNCS 0x989680","0","0","0","5595348","179051136","152663680","32","27","5","5","0","-","-","-","0","0","0","0","0","0","0","0","-","0","0","0","0","0","0","0","0","0","0","0","0","0","0","0","0","0","0","0","0","0","0","0","0","0","0","0","0","0","0","0","0","0","0","0","0","0","0","0","0"
"0x7f2c6b5b4040","@!P0  SYNCS.PHASECHK.TRANS64 P0, [R3+URZ+0x31920], R112","0","0","0","5595348","179051136","152663680","32","27","0","5","0","-","-","-","0","0","0","0","0","0","0","0","-","0","0","0","0","0","0","0","0","0","0","0","0","0","0","0","0","0","0","0","0","0","0","0","0","0","0","0","0","0","0","0","0","0","0","0","0","0","0","0","0"
"0x7f2c6b5b4050","@!P0  BRA 0x7f2c6b5b4020","0","0","0","5595348","179051136","147555968","32","26","1","6","0","-","-","-","0","0","0","0","0","0","0","0","-","0","0","0","0","0","0","0","0","0","0","0","0","0","0","0","0","0","0","0","0","0","0","0","0","0","0","0","0","0","0","0","0","0","0","0","0","0","0","0","0"
"0x7f2c6b5b4060","      BRA 0x7f2c6b5b11e0","0","0","0","984224","31495168","31495168","32","32","6","0","0","-","-","-","0","0","0","0","0","0","0","0","-","0","0","0","0","0","0","0","0","0","0","0","0","0","0","0","0","0","0","0","0","0","0","0","0","0","0","0","0","0","0","0","0","0","0","0","0","0","0","0","0"
"0x7f2c6b5b4070","      MOV R3, UR4","0","0","0","1048576","33554432","33554432","32","32","0","0","0","-","-","-","0","0","0","0","0","0","0","0","-","0","0","0","0","0","0","0","0","0","0","0","0","0","0","0","0","0","0","0","0","0","0","0","0","0","0","0","0","0","0","0","0","0","0","0","0","0","0","0","0"
"0x7f2c6b5b4080","      SYNCS.PHASECHK.TRANS64.TRYWAIT P1, [R3+URZ+0x31928], R112","1","1","1","1543304","49385728","49385728","32","32","0","0","0","-","-","-","0","0","0","0","0","0","0","0","-","0","0","0","0","0","0","0","0","0","0","0","0","0","0","0","0","0","0","0","0","0","0","1","0","0","0","0","0","0","0","0","0","0","0","0","0","0","0","0","1"
"0x7f2c6b5b4090","@!P1  NANOSLEEP.SYNCS 0x989680","21","21","21","1543304","49385728","20822720","32","13","19","19","0","-","-","-","0","0","0","0","0","0","0","0","-","0","0","0","0","0","0","0","0","0","0","0","21","0","0","0","0","0","0","0","0","0","0","0","0","0","0","0","0","21","0","0","0","0","0","0","0","0","0","0","0"
"0x7f2c6b5b40a0","@!P1  SYNCS.PHASECHK.TRANS64 P1, [R3+URZ+0x31928], R112","0","0","0","1543304","49385728","20822720","32","13","0","19","0","-","-","-","0","0","0","0","0","0","0","0","-","0","0","0","0","0","0","0","0","0","0","0","0","0","0","0","0","0","0","0","0","0","0","0","0","0","0","0","0","0","0","0","0","0","0","0","0","0","0","0","0"
"0x7f2c6b5b40b0","@!P1  BRA 0x7f2c6b5b4080","1","1","1","1543304","49385728","15831296","32","10","3","22","0","-","-","-","0","0","0","0","0","0","0","0","-","0","0","0","0","0","0","0","0","0","0","0","1","0","0","0","0","0","0","0","0","0","0","0","0","0","0","0","0","1","0","0","0","0","0","0","0","0","0","0","0"
"0x7f2c6b5b40c0","      BRA 0x7f2c6b5b2b80","0","0","0","1048576","33554432","33554432","32","32","22","0","0","-","-","-","0","0","0","0","0","0","0","0","-","0","0","0","0","0","0","0","0","0","0","0","0","0","0","0","0","0","0","0","0","0","0","0","0","0","0","0","0","0","0","0","0","0","0","0","0","0","0","0","0"
"0x7f2c6b5b40d0","      BPT.TRAP 0x1","1","1","1","0","0","0","0","0","32","32","0","-","-","-","0","0","0","0","0","0","0","0","-","0","0","0","0","0","0","0","0","0","0","0","0","0","0","0","0","0","0","0","0","0","0","1","0","0","0","0","0","0","0","0","0","0","0","0","0","0","0","0","1"
"0x7f2c6b5b40e0","      HFMA2 R3, -RZ, RZ, 0, 0","0","0","0","0","0","0","0","0","0","32","0","-","-","-","0","0","0","0","0","0","0","0","-","0","0","0","0","0","0","0","0","0","0","0","0","0","0","0","0","0","0","0","0","0","0","0","0","0","0","0","0","0","0","0","0","0","0","0","0","0","0","0","0"
"0x7f2c6b5b40f0","      RET.REL.NODEC R2, 0x7f2c6b5ad980","0","0","0","0","0","0","0","0","0","32","0","-","-","-","0","0","0","0","0","0","0","0","-","0","0","0","0","0","0","0","0","0","0","0","0","0","0","0","0","0","0","0","0","0","0","0","0","0","0","0","0","0","0","0","0","0","0","0","0","0","0","0","0"
"0x7f2c6b5b4100","      BPT.TRAP 0x1","0","0","0","0","0","0","0","0","0","32","0","-","-","-","0","0","0","0","0","0","0","0","-","0","0","0","0","0","0","0","0","0","0","0","0","0","0","0","0","0","0","0","0","0","0","0","0","0","0","0","0","0","0","0","0","0","0","0","0","0","0","0","0"
"0x7f2c6b5b4110","      MOV R3, 0x0","0","0","0","0","0","0","0","0","0","32","0","-","-","-","0","0","0","0","0","0","0","0","-","0","0","0","0","0","0","0","0","0","0","0","0","0","0","0","0","0","0","0","0","0","0","0","0","0","0","0","0","0","0","0","0","0","0","0","0","0","0","0","0"
"0x7f2c6b5b4120","      RET.REL.NODEC R2, 0x7f2c6b5ad980","0","0","0","0","0","0","0","0","0","32","0","-","-","-","0","0","0","0","0","0","0","0","-","0","0","0","0","0","0","0","0","0","0","0","0","0","0","0","0","0","0","0","0","0","0","0","0","0","0","0","0","0","0","0","0","0","0","0","0","0","0","0","0"
"0x7f2c6b5b4130","      IMAD.SHL.U32 R7, R8, 0x2, RZ","0","0","0","0","0","0","0","0","0","32","0","-","-","-","0","0","0","0","0","0","0","0","-","0","0","0","0","0","0","0","0","0","0","0","0","0","0","0","0","0","0","0","0","0","0","0","0","0","0","0","0","0","0","0","0","0","0","0","0","0","0","0","0"
"0x7f2c6b5b4140","      BSSY.RECONVERGENT B0, 0x7f2c6b5b4460","0","0","0","0","0","0","0","0","0","32","0","-","-","-","0","0","0","0","0","0","0","0","-","0","0","0","0","0","0","0","0","0","0","0","0","0","0","0","0","0","0","0","0","0","0","0","0","0","0","0","0","0","0","0","0","0","0","0","0","0","0","0","0"
"0x7f2c6b5b4150","      SHF.R.U32.HI R7, RZ, 0x18, R7","0","0","0","0","0","0","0","0","0","32","0","-","-","-","0","0","0","0","0","0","0","0","-","0","0","0","0","0","0","0","0","0","0","0","0","0","0","0","0","0","0","0","0","0","0","0","0","0","0","0","0","0","0","0","0","0","0","0","0","0","0","0","0"
"0x7f2c6b5b4160","      ISETP.NE.U32.AND P0, PT, R7, RZ, PT","0","0","0","0","0","0","0","0","0","32","0","-","-","-","0","0","0","0","0","0","0","0","-","0","0","0","0","0","0","0","0","0","0","0","0","0","0","0","0","0","0","0","0","0","0","0","0","0","0","0","0","0","0","0","0","0","0","0","0","0","0","0","0"
"0x7f2c6b5b4170","@P0   BRA 0x7f2c6b5b4220","0","0","0","0","0","0","0","0","0","32","0","-","-","-","0","0","0","0","0","0","0","0","-","0","0","0","0","0","0","0","0","0","0","0","0","0","0","0","0","0","0","0","0","0","0","0","0","0","0","0","0","0","0","0","0","0","0","0","0","0","0","0","0"
"0x7f2c6b5b4180","      SHF.L.U32 R0, R8, 0x1, RZ","0","0","0","0","0","0","0","0","0","32","0","-","-","-","0","0","0","0","0","0","0","0","-","0","0","0","0","0","0","0","0","0","0","0","0","0","0","0","0","0","0","0","0","0","0","0","0","0","0","0","0","0","0","0","0","0","0","0","0","0","0","0","0"
"0x7f2c6b5b4190","      ISETP.NE.AND P0, PT, R0, RZ, PT","0","0","0","0","0","0","0","0","0","32","0","-","-","-","0","0","0","0","0","0","0","0","-","0","0","0","0","0","0","0","0","0","0","0","0","0","0","0","0","0","0","0","0","0","0","0","0","0","0","0","0","0","0","0","0","0","0","0","0","0","0","0","0"
"0x7f2c6b5b41a0","@P0   FFMA R3, R8, 1.84467440737095516160e+19, RZ","0","0","0","0","0","0","0","0","0","32","0","-","-","-","0","0","0","0","0","0","0","0","-","0","0","0","0","0","0","0","0","0","0","0","0","0","0","0","0","0","0","0","0","0","0","0","0","0","0","0","0","0","0","0","0","0","0","0","0","0","0","0","0"
"0x7f2c6b5b41b0","@!P0  MUFU.RCP R4, R8","0","0","0","0","0","0","0","0","0","32","0","-","-","-","0","0","0","0","0","0","0","0","-","0","0","0","0","0","0","0","0","0","0","0","0","0","0","0","0","0","0","0","0","0","0","0","0","0","0","0","0","0","0","0","0","0","0","0","0","0","0","0","0"
"0x7f2c6b5b41c0","@P0   MUFU.RCP R0, R3","0","0","0","0","0","0","0","0","0","32","0","-","-","-","0","0","0","0","0","0","0","0","-","0","0","0","0","0","0","0","0","0","0","0","0","0","0","0","0","0","0","0","0","0","0","0","0","0","0","0","0","0","0","0","0","0","0","0","0","0","0","0","0"
"0x7f2c6b5b41d0","@P0   FFMA R5, R3, R0, -1","0","0","0","0","0","0","0","0","0","32","0","-","-","-","0","0","0","0","0","0","0","0","-","0","0","0","0","0","0","0","0","0","0","0","0","0","0","0","0","0","0","0","0","0","0","0","0","0","0","0","0","0","0","0","0","0","0","0","0","0","0","0","0"
"0x7f2c6b5b41e0","@P0   FADD.FTZ R5, -RZ, -R5","0","0","0","0","0","0","0","0","0","32","0","-","-","-","0","0","0","0","0","0","0","0","-","0","0","0","0","0","0","0","0","0","0","0","0","0","0","0","0","0","0","0","0","0","0","0","0","0","0","0","0","0","0","0","0","0","0","0","0","0","0","0","0"
"0x7f2c6b5b41f0","@P0   FFMA R5, R0, R5, R0","0","0","0","0","0","0","0","0","0","32","0","-","-","-","0","0","0","0","0","0","0","0","-","0","0","0","0","0","0","0","0","0","0","0","0","0","0","0","0","0","0","0","0","0","0","0","0","0","0","0","0","0","0","0","0","0","0","0","0","0","0","0","0"
"0x7f2c6b5b4200","@P0   FFMA R4, R5, 1.84467440737095516160e+19, RZ","0","0","0","0","0","0","0","0","0","32","0","-","-","-","0","0","0","0","0","0","0","0","-","0","0","0","0","0","0","0","0","0","0","0","0","0","0","0","0","0","0","0","0","0","0","0","0","0","0","0","0","0","0","0","0","0","0","0","0","0","0","0","0"
"0x7f2c6b5b4210","      BRA 0x7f2c6b5b4440","0","0","0","0","0","0","0","0","0","32","0","-","-","-","0","0","0","0","0","0","0","0","-","0","0","0","0","0","0","0","0","0","0","0","0","0","0","0","0","0","0","0","0","0","0","0","0","0","0","0","0","0","0","0","0","0","0","0","0","0","0","0","0"
"0x7f2c6b5b4220","      IADD3 R5, PT, PT, R7, -0xfd, RZ","0","0","0","0","0","0","0","0","0","32","0","-","-","-","0","0","0","0","0","0","0","0","-","0","0","0","0","0","0","0","0","0","0","0","0","0","0","0","0","0","0","0","0","0","0","0","0","0","0","0","0","0","0","0","0","0","0","0","0","0","0","0","0"
"0x7f2c6b5b4230","      ISETP.GT.U32.AND P0, PT, R5, 0x1, PT","0","0","0","0","0","0","0","0","0","32","0","-","-","-","0","0","0","0","0","0","0","0","-","0","0","0","0","0","0","0","0","0","0","0","0","0","0","0","0","0","0","0","0","0","0","0","0","0","0","0","0","0","0","0","0","0","0","0","0","0","0","0","0"
"0x7f2c6b5b4240","@P0   BRA 0x7f2c6b5b4430","0","0","0","0","0","0","0","0","0","32","0","-","-","-","0","0","0","0","0","0","0","0","-","0","0","0","0","0","0","0","0","0","0","0","0","0","0","0","0","0","0","0","0","0","0","0","0","0","0","0","0","0","0","0","0","0","0","0","0","0","0","0","0"
"0x7f2c6b5b4250","      LOP3.LUT R9, R8, 0x7fffff, RZ, 0xc0, !PT","0","0","0","0","0","0","0","0","0","32","0","-","-","-","0","0","0","0","0","0","0","0","-","0","0","0","0","0","0","0","0","0","0","0","0","0","0","0","0","0","0","0","0","0","0","0","0","0","0","0","0","0","0","0","0","0","0","0","0","0","0","0","0"
"0x7f2c6b5b4260","      IMAD.MOV.U32 R0, RZ, RZ, 0x3","0","0","0","0","0","0","0","0","0","32","0","-","-","-","0","0","0","0","0","0","0","0","-","0","0","0","0","0","0","0","0","0","0","0","0","0","0","0","0","0","0","0","0","0","0","0","0","0","0","0","0","0","0","0","0","0","0","0","0","0","0","0","0"
"0x7f2c6b5b4270","      VIADD R7, R7, 0xffffff04","0","0","0","0","0","0","0","0","0","32","0","-","-","-","0","0","0","0","0","0","0","0","-","0","0","0","0","0","0","0","0","0","0","0","0","0","0","0","0","0","0","0","0","0","0","0","0","0","0","0","0","0","0","0","0","0","0","0","0","0","0","0","0"
"0x7f2c6b5b4280","      LOP3.LUT R9, R9, 0x3f800000, RZ, 0xfc, !PT","0","0","0","0","0","0","0","0","0","32","0","-","-","-","0","0","0","0","0","0","0","0","-","0","0","0","0","0","0","0","0","0","0","0","0","0","0","0","0","0","0","0","0","0","0","0","0","0","0","0","0","0","0","0","0","0","0","0","0","0","0","0","0"
"0x7f2c6b5b4290","      SHF.L.U32 R0, R0, R5, RZ","0","0","0","0","0","0","0","0","0","32","0","-","-","-","0","0","0","0","0","0","0","0","-","0","0","0","0","0","0","0","0","0","0","0","0","0","0","0","0","0","0","0","0","0","0","0","0","0","0","0","0","0","0","0","0","0","0","0","0","0","0","0","0"
"0x7f2c6b5b42a0","      MUFU.RCP R4, R9","0","0","0","0","0","0","0","0","0","32","0","-","-","-","0","0","0","0","0","0","0","0","-","0","0","0","0","0","0","0","0","0","0","0","0","0","0","0","0","0","0","0","0","0","0","0","0","0","0","0","0","0","0","0","0","0","0","0","0","0","0","0","0"
"0x7f2c6b5b42b0","      FFMA R3, R9, R4, -1","0","0","0","0","0","0","0","0","0","32","0","-","-","-","0","0","0","0","0","0","0","0","-","0","0","0","0","0","0","0","0","0","0","0","0","0","0","0","0","0","0","0","0","0","0","0","0","0","0","0","0","0","0","0","0","0","0","0","0","0","0","0","0"
"0x7f2c6b5b42c0","      FADD.FTZ R3, -RZ, -R3","0","0","0","0","0","0","0","0","0","32","0","-","-","-","0","0","0","0","0","0","0","0","-","0","0","0","0","0","0","0","0","0","0","0","0","0","0","0","0","0","0","0","0","0","0","0","0","0","0","0","0","0","0","0","0","0","0","0","0","0","0","0","0"
"0x7f2c6b5b42d0","      FFMA.RM R6, R4, R3, R4","0","0","0","0","0","0","0","0","0","32","0","-","-","-","0","0","0","0","0","0","0","0","-","0","0","0","0","0","0","0","0","0","0","0","0","0","0","0","0","0","0","0","0","0","0","0","0","0","0","0","0","0","0","0","0","0","0","0","0","0","0","0","0"
"0x7f2c6b5b42e0","      FFMA.RP R3, R4, R3, R4","0","0","0","0","0","0","0","0","0","32","0","-","-","-","0","0","0","0","0","0","0","0","-","0","0","0","0","0","0","0","0","0","0","0","0","0","0","0","0","0","0","0","0","0","0","0","0","0","0","0","0","0","0","0","0","0","0","0","0","0","0","0","0"
"0x7f2c6b5b42f0","      LOP3.LUT R4, R6, 0x7fffff, RZ, 0xc0, !PT","0","0","0","0","0","0","0","0","0","32","0","-","-","-","0","0","0","0","0","0","0","0","-","0","0","0","0","0","0","0","0","0","0","0","0","0","0","0","0","0","0","0","0","0","0","0","0","0","0","0","0","0","0","0","0","0","0","0","0","0","0","0","0"
"0x7f2c6b5b4300","      FSETP.NEU.FTZ.AND P0, PT, R6, R3, PT","0","0","0","0","0","0","0","0","0","32","0","-","-","-","0","0","0","0","0","0","0","0","-","0","0","0","0","0","0","0","0","0","0","0","0","0","0","0","0","0","0","0","0","0","0","0","0","0","0","0","0","0","0","0","0","0","0","0","0","0","0","0","0"
"0x7f2c6b5b4310","      LOP3.LUT R4, R4, 0x800000, RZ, 0xfc, !PT","0","0","0","0","0","0","0","0","0","32","0","-","-","-","0","0","0","0","0","0","0","0","-","0","0","0","0","0","0","0","0","0","0","0","0","0","0","0","0","0","0","0","0","0","0","0","0","0","0","0","0","0","0","0","0","0","0","0","0","0","0","0","0"
"0x7f2c6b5b4320","      SEL R3, RZ, 0xffffffff, !P0","0","0","0","0","0","0","0","0","0","32","0","-","-","-","0","0","0","0","0","0","0","0","-","0","0","0","0","0","0","0","0","0","0","0","0","0","0","0","0","0","0","0","0","0","0","0","0","0","0","0","0","0","0","0","0","0","0","0","0","0","0","0","0"
"0x7f2c6b5b4330","      LOP3.LUT R0, R0, R4, RZ, 0xc0, !PT","0","0","0","0","0","0","0","0","0","32","0","-","-","-","0","0","0","0","0","0","0","0","-","0","0","0","0","0","0","0","0","0","0","0","0","0","0","0","0","0","0","0","0","0","0","0","0","0","0","0","0","0","0","0","0","0","0","0","0","0","0","0","0"
"0x7f2c6b5b4340","      SHF.R.U32.HI R7, RZ, R7, R4","0","0","0","0","0","0","0","0","0","32","0","-","-","-","0","0","0","0","0","0","0","0","-","0","0","0","0","0","0","0","0","0","0","0","0","0","0","0","0","0","0","0","0","0","0","0","0","0","0","0","0","0","0","0","0","0","0","0","0","0","0","0","0"
"0x7f2c6b5b4350","      IMAD.MOV R3, RZ, RZ, -R3","0","0","0","0","0","0","0","0","0","32","0","-","-","-","0","0","0","0","0","0","0","0","-","0","0","0","0","0","0","0","0","0","0","0","0","0","0","0","0","0","0","0","0","0","0","0","0","0","0","0","0","0","0","0","0","0","0","0","0","0","0","0","0"
"0x7f2c6b5b4360","      SHF.R.U32.HI R0, RZ, R5, R0","0","0","0","0","0","0","0","0","0","32","0","-","-","-","0","0","0","0","0","0","0","0","-","0","0","0","0","0","0","0","0","0","0","0","0","0","0","0","0","0","0","0","0","0","0","0","0","0","0","0","0","0","0","0","0","0","0","0","0","0","0","0","0"
"0x7f2c6b5b4370","      LOP3.LUT P1, RZ, R3, R5, R4, 0xf8, !PT","0","0","0","0","0","0","0","0","0","32","0","-","-","-","0","0","0","0","0","0","0","0","-","0","0","0","0","0","0","0","0","0","0","0","0","0","0","0","0","0","0","0","0","0","0","0","0","0","0","0","0","0","0","0","0","0","0","0","0","0","0","0","0"
"0x7f2c6b5b4380","      LOP3.LUT P2, RZ, R0, 0x1, RZ, 0xc0, !PT","0","0","0","0","0","0","0","0","0","32","0","-","-","-","0","0","0","0","0","0","0","0","-","0","0","0","0","0","0","0","0","0","0","0","0","0","0","0","0","0","0","0","0","0","0","0","0","0","0","0","0","0","0","0","0","0","0","0","0","0","0","0","0"
"0x7f2c6b5b4390","      LOP3.LUT P0, RZ, R0, 0x2, RZ, 0xc0, !PT","0","0","0","0","0","0","0","0","0","32","0","-","-","-","0","0","0","0","0","0","0","0","-","0","0","0","0","0","0","0","0","0","0","0","0","0","0","0","0","0","0","0","0","0","0","0","0","0","0","0","0","0","0","0","0","0","0","0","0","0","0","0","0"
"0x7f2c6b5b43a0","      PLOP3.LUT P0, PT, P2, P1, P0, 0xe0, 0x0","0","0","0","0","0","0","0","0","0","32","0","-","-","-","0","0","0","0","0","0","0","0","-","0","0","0","0","0","0","0","0","0","0","0","0","0","0","0","0","0","0","0","0","0","0","0","0","0","0","0","0","0","0","0","0","0","0","0","0","0","0","0","0"
"0x7f2c6b5b43b0","      SEL R0, RZ, 0x1, !P0","0","0","0","0","0","0","0","0","0","32","0","-","-","-","0","0","0","0","0","0","0","0","-","0","0","0","0","0","0","0","0","0","0","0","0","0","0","0","0","0","0","0","0","0","0","0","0","0","0","0","0","0","0","0","0","0","0","0","0","0","0","0","0"
"0x7f2c6b5b43c0","      LOP3.LUT P0, RZ, R8, 0x7fffff, RZ, 0xc0, !PT","0","0","0","0","0","0","0","0","0","32","0","-","-","-","0","0","0","0","0","0","0","0","-","0","0","0","0","0","0","0","0","0","0","0","0","0","0","0","0","0","0","0","0","0","0","0","0","0","0","0","0","0","0","0","0","0","0","0","0","0","0","0","0"
"0x7f2c6b5b43d0","      IMAD.MOV R0, RZ, RZ, -R0","0","0","0","0","0","0","0","0","0","32","0","-","-","-","0","0","0","0","0","0","0","0","-","0","0","0","0","0","0","0","0","0","0","0","0","0","0","0","0","0","0","0","0","0","0","0","0","0","0","0","0","0","0","0","0","0","0","0","0","0","0","0","0"
"0x7f2c6b5b43e0","      ISETP.GE.AND P1, PT, R0, RZ, PT","0","0","0","0","0","0","0","0","0","32","0","-","-","-","0","0","0","0","0","0","0","0","-","0","0","0","0","0","0","0","0","0","0","0","0","0","0","0","0","0","0","0","0","0","0","0","0","0","0","0","0","0","0","0","0","0","0","0","0","0","0","0","0"
"0x7f2c6b5b43f0","@!P1  VIADD R7, R7, 0x1","0","0","0","0","0","0","0","0","0","32","0","-","-","-","0","0","0","0","0","0","0","0","-","0","0","0","0","0","0","0","0","0","0","0","0","0","0","0","0","0","0","0","0","0","0","0","0","0","0","0","0","0","0","0","0","0","0","0","0","0","0","0","0"
"0x7f2c6b5b4400","@!P0  IMAD.SHL.U32 R7, R7, 0x2, RZ","0","0","0","0","0","0","0","0","0","32","0","-","-","-","0","0","0","0","0","0","0","0","-","0","0","0","0","0","0","0","0","0","0","0","0","0","0","0","0","0","0","0","0","0","0","0","0","0","0","0","0","0","0","0","0","0","0","0","0","0","0","0","0"
"0x7f2c6b5b4410","      LOP3.LUT R4, R7, 0x80000000, R8, 0xf8, !PT","0","0","0","0","0","0","0","0","0","32","0","-","-","-","0","0","0","0","0","0","0","0","-","0","0","0","0","0","0","0","0","0","0","0","0","0","0","0","0","0","0","0","0","0","0","0","0","0","0","0","0","0","0","0","0","0","0","0","0","0","0","0","0"
"0x7f2c6b5b4420","      BRA 0x7f2c6b5b4440","0","0","0","0","0","0","0","0","0","32","0","-","-","-","0","0","0","0","0","0","0","0","-","0","0","0","0","0","0","0","0","0","0","0","0","0","0","0","0","0","0","0","0","0","0","0","0","0","0","0","0","0","0","0","0","0","0","0","0","0","0","0","0"
"0x7f2c6b5b4430","      MUFU.RCP R4, R8","0","0","0","0","0","0","0","0","0","32","0","-","-","-","0","0","0","0","0","0","0","0","-","0","0","0","0","0","0","0","0","0","0","0","0","0","0","0","0","0","0","0","0","0","0","0","0","0","0","0","0","0","0","0","0","0","0","0","0","0","0","0","0"
"0x7f2c6b5b4440","      NOP","0","0","0","0","0","0","0","0","0","32","0","-","-","-","0","0","0","0","0","0","0","0","-","0","0","0","0","0","0","0","0","0","0","0","0","0","0","0","0","0","0","0","0","0","0","0","0","0","0","0","0","0","0","0","0","0","0","0","0","0","0","0","0"
"0x7f2c6b5b4450","      BSYNC.RECONVERGENT B0","0","0","0","0","0","0","0","0","0","32","0","-","-","-","0","0","0","0","0","0","0","0","-","0","0","0","0","0","0","0","0","0","0","0","0","0","0","0","0","0","0","0","0","0","0","0","0","0","0","0","0","0","0","0","0","0","0","0","0","0","0","0","0"
"0x7f2c6b5b4460","      HFMA2 R3, -RZ, RZ, 0, 0","0","0","0","0","0","0","0","0","0","32","0","-","-","-","0","0","0","0","0","0","0","0","-","0","0","0","0","0","0","0","0","0","0","0","0","0","0","0","0","0","0","0","0","0","0","0","0","0","0","0","0","0","0","0","0","0","0","0","0","0","0","0","0"
"0x7f2c6b5b4470","      RET.REL.NODEC R2, 0x7f2c6b5ad980","0","0","0","0","0","0","0","0","0","32","0","-","-","-","0","0","0","0","0","0","0","0","-","0","0","0","0","0","0","0","0","0","0","0","0","0","0","0","0","0","0","0","0","0","0","0","0","0","0","0","0","0","0","0","0","0","0","0","0","0","0","0","0"
"0x7f2c6b5b4480","      BRA 0x7f2c6b5b4480","0","0","0","0","0","0","0","0","0","0","0","-","-","-","0","0","0","0","0","0","0","0","-","0","0","0","0","0","0","0","0","0","0","0","0","0","0","0","0","0","0","0","0","0","0","0","0","0","0","0","0","0","0","0","0","0","0","0","0","0","0","0","0"
"0x7f2c6b5b4490","      NOP","0","0","0","0","0","0","0","0","0","32","0","-","-","-","0","0","0","0","0","0","0","0","-","0","0","0","0","0","0","0","0","0","0","0","0","0","0","0","0","0","0","0","0","0","0","0","0","0","0","0","0","0","0","0","0","0","0","0","0","0","0","0","0"
"0x7f2c6b5b44a0","      NOP","0","0","0","0","0","0","0","0","0","32","0","-","-","-","0","0","0","0","0","0","0","0","-","0","0","0","0","0","0","0","0","0","0","0","0","0","0","0","0","0","0","0","0","0","0","0","0","0","0","0","0","0","0","0","0","0","0","0","0","0","0","0","0"
"0x7f2c6b5b44b0","      NOP","0","0","0","0","0","0","0","0","0","32","0","-","-","-","0","0","0","0","0","0","0","0","-","0","0","0","0","0","0","0","0","0","0","0","0","0","0","0","0","0","0","0","0","0","0","0","0","0","0","0","0","0","0","0","0","0","0","0","0","0","0","0","0"
"0x7f2c6b5b44c0","      NOP","0","0","0","0","0","0","0","0","0","32","0","-","-","-","0","0","0","0","0","0","0","0","-","0","0","0","0","0","0","0","0","0","0","0","0","0","0","0","0","0","0","0","0","0","0","0","0","0","0","0","0","0","0","0","0","0","0","0","0","0","0","0","0"
"0x7f2c6b5b44d0","      NOP","0","0","0","0","0","0","0","0","0","32","0","-","-","-","0","0","0","0","0","0","0","0","-","0","0","0","0","0","0","0","0","0","0","0","0","0","0","0","0","0","0","0","0","0","0","0","0","0","0","0","0","0","0","0","0","0","0","0","0","0","0","0","0"
"0x7f2c6b5b44e0","      NOP","0","0","0","0","0","0","0","0","0","32","0","-","-","-","0","0","0","0","0","0","0","0","-","0","0","0","0","0","0","0","0","0","0","0","0","0","0","0","0","0","0","0","0","0","0","0","0","0","0","0","0","0","0","0","0","0","0","0","0","0","0","0","0"
"0x7f2c6b5b44f0","      NOP","0","0","0","0","0","0","0","0","0","32","0","-","-","-","0","0","0","0","0","0","0","0","-","0","0","0","0","0","0","0","0","0","0","0","0","0","0","0","0","0","0","0","0","0","0","0","0","0","0","0","0","0","0","0","0","0","0","0","0","0","0","0","0"
"0x7f2c6b5b4500","      NOP","0","0","0","0","0","0","0","0","0","32","0","-","-","-","0","0","0","0","0","0","0","0","-","0","0","0","0","0","0","0","0","0","0","0","0","0","0","0","0","0","0","0","0","0","0","0","0","0","0","0","0","0","0","0","0","0","0","0","0","0","0","0","0"
"0x7f2c6b5b4510","      NOP","0","0","0","0","0","0","0","0","0","32","0","-","-","-","0","0","0","0","0","0","0","0","-","0","0","0","0","0","0","0","0","0","0","0","0","0","0","0","0","0","0","0","0","0","0","0","0","0","0","0","0","0","0","0","0","0","0","0","0","0","0","0","0"
"0x7f2c6b5b4520","      NOP","0","0","0","0","0","0","0","0","0","32","0","-","-","-","0","0","0","0","0","0","0","0","-","0","0","0","0","0","0","0","0","0","0","0","0","0","0","0","0","0","0","0","0","0","0","0","0","0","0","0","0","0","0","0","0","0","0","0","0","0","0","0","0"
"0x7f2c6b5b4530","      NOP","0","0","0","0","0","0","0","0","0","32","0","-","-","-","0","0","0","0","0","0","0","0","-","0","0","0","0","0","0","0","0","0","0","0","0","0","0","0","0","0","0","0","0","0","0","0","0","0","0","0","0","0","0","0","0","0","0","0","0","0","0","0","0"
"0x7f2c6b5b4540","      NOP","0","0","0","0","0","0","0","0","0","32","0","-","-","-","0","0","0","0","0","0","0","0","-","0","0","0","0","0","0","0","0","0","0","0","0","0","0","0","0","0","0","0","0","0","0","0","0","0","0","0","0","0","0","0","0","0","0","0","0","0","0","0","0"
"0x7f2c6b5b4550","      NOP","0","0","0","0","0","0","0","0","0","32","0","-","-","-","0","0","0","0","0","0","0","0","-","0","0","0","0","0","0","0","0","0","0","0","0","0","0","0","0","0","0","0","0","0","0","0","0","0","0","0","0","0","0","0","0","0","0","0","0","0","0","0","0"
"0x7f2c6b5b4560","      NOP","0","0","0","0","0","0","0","0","0","32","0","-","-","-","0","0","0","0","0","0","0","0","-","0","0","0","0","0","0","0","0","0","0","0","0","0","0","0","0","0","0","0","0","0","0","0","0","0","0","0","0","0","0","0","0","0","0","0","0","0","0","0","0"
"0x7f2c6b5b4570","      NOP","0","0","0","0","0","0","0","0","0","32","0","-","-","-","0","0","0","0","0","0","0","0","-","0","0","0","0","0","0","0","0","0","0","0","0","0","0","0","0","0","0","0","0","0","0","0","0","0","0","0","0","0","0","0","0","0","0","0","0","0","0","0","0"
