"Kernel Name","kernel_cutlass_kernel_kernel_v045SparseMLA_object_at__tensorptrf8E4M3FNgmemalign16o819264576368645761_tensorptrf8E4M3FNgmemalign16o1310725765761_tensorptri32gmemalign16o8192204820481_tens_0",
"Address","Source","Warp Stall Sampling (All Samples)","Warp Stall Sampling (Not-issued Samples)","# Samples","Instructions Executed","Thread Instructions Executed","Predicated-On Thread Instructions Executed","Avg. Threads Executed","Avg. Predicated-On Threads Executed","Derivative Avg. Predicated-On Threads Executed","Avg. Predicated-On Threads Unexecuted","Divergent Branches","Address Space","Access Operation","Access Size","L1 Tag Requests Global","L1 Conflicts Shared N-Way","L1 Wavefronts Shared Excessive","L1 Wavefronts Shared","L1 Wavefronts Shared Ideal","L2 Theoretical Sectors Global Excessive","L2 Theoretical Sectors Global","L2 Theoretical Sectors Global Ideal","L2 Explicit Evict Policies","L2 Explicit Hit Policy Evict First","L2 Explicit Hit Policy Evict Last","L2 Explicit Hit Policy Evict Normal","L2 Explicit Hit Policy Evict Normal Demote","L2 Explicit Miss Policy Evict First","L2 Explicit Miss Policy Evict Normal","stall_barrier","stall_branch_resolving","stall_dispatch","stall_drain","stall_lg","stall_long_sb","stall_math","stall_membar","stall_mio","stall_misc","stall_no_inst","stall_not_selected","stall_selected","stall_short_sb","stall_sleep","stall_tex","stall_wait","stall_barrier (Not Issued)","stall_branch_resolving (Not Issued)","stall_dispatch (Not Issued)","stall_drain (Not Issued)","stall_lg (Not Issued)","stall_long_sb (Not Issued)","stall_math (Not Issued)","stall_membar (Not Issued)","stall_mio (Not Issued)","stall_misc (Not Issued)","stall_no_inst (Not Issued)","stall_not_selected (Not Issued)","stall_selected (Not Issued)","stall_short_sb (Not Issued)","stall_sleeping (Not Issued)","stall_tex (Not Issued)","stall_wait (Not Issued)"
"0x7ff32b5ad980","      LDC R1, c[0x0][0x37c]","71","61","71","98304","3145728","3145728","32","32","0","0","0","-","-","-","0","0","0","0","0","0","0","0","-","0","0","0","0","0","0","0","0","0","0","0","0","0","0","0","0","0","3","1","0","0","0","67","0","0","0","0","0","0","0","0","0","0","0","0","0","0","0","0","61"
"0x7ff32b5ad990","      S2R R98, SR_TID.X","0","0","0","98304","3145728","3145728","32","32","0","0","0","-","-","-","0","0","0","0","0","0","0","0","-","0","0","0","0","0","0","0","0","0","0","0","0","0","0","0","0","0","0","0","0","0","0","0","0","0","0","0","0","0","0","0","0","0","0","0","0","0","0","0","0"
"0x7ff32b5ad9a0","      S2UR UR4, SR_CgaCtaId","9","6","9","98304","3145728","3145728","32","32","0","0","0","-","-","-","0","0","0","0","0","0","0","0","-","0","0","0","0","0","0","0","0","0","0","0","0","0","0","3","0","0","0","0","0","0","0","6","0","0","0","0","0","0","0","0","3","0","0","0","0","0","0","0","3"
"0x7ff32b5ad9b0","      UMOV UR7, 0x400","3","0","3","98304","3145728","3145728","32","32","0","0","0","-","-","-","0","0","0","0","0","0","0","0","-","0","0","0","0","0","0","0","0","0","0","0","0","0","0","0","0","0","0","3","0","0","0","0","0","0","0","0","0","0","0","0","0","0","0","0","0","0","0","0","0"
"0x7ff32b5ad9c0","      UMOV UR8, 0x1","2","0","2","98304","3145728","3145728","32","32","0","0","0","-","-","-","0","0","0","0","0","0","0","0","-","0","0","0","0","0","0","0","0","0","0","0","0","0","0","0","0","0","0","2","0","0","0","0","0","0","0","0","0","0","0","0","0","0","0","0","0","0","0","0","0"
"0x7ff32b5ad9d0","      S2R R96, SR_CTAID.X","10","6","10","98304","3145728","3145728","32","32","0","0","0","-","-","-","0","0","0","0","0","0","0","0","-","0","0","0","0","0","0","0","0","0","0","0","0","0","0","6","0","0","0","4","0","0","0","0","0","0","0","0","0","0","0","0","6","0","0","0","0","0","0","0","0"
"0x7ff32b5ad9e0","      ULEA UR7, UR4, UR7, 0x18","113","78","113","98304","3145728","3145728","32","32","0","0","0","-","-","-","0","0","0","0","0","0","0","0","-","0","0","0","0","0","0","0","0","0","0","0","0","3","0","0","0","0","0","5","105","0","0","0","0","0","0","0","0","0","3","0","0","0","0","0","0","75","0","0","0"
"0x7ff32b5ad9f0","      UIADD3 UR53, UPT, UPT, UR7, 0x2f900, URZ","7","5","7","98304","3145728","3145728","32","32","0","0","0","-","-","-","0","0","0","0","0","0","0","0","-","0","0","0","0","0","0","0","0","0","0","0","0","1","0","0","0","0","0","2","0","0","0","4","0","0","0","0","0","0","1","0","0","0","0","0","0","0","0","0","4"
"0x7ff32b5ada00","      ISETP.NE.U32.AND P0, PT, R98, RZ, PT","3","0","3","98304","3145728","3145728","32","32","0","0","0","-","-","-","0","0","0","0","0","0","0","0","-","0","0","0","0","0","0","0","0","0","0","0","0","0","0","0","0","0","0","3","0","0","0","0","0","0","0","0","0","0","0","0","0","0","0","0","0","0","0","0","0"
"0x7ff32b5ada10","      SHF.R.U32.HI R81, RZ, 0x5, R98","12","0","12","98304","3145728","3145728","32","32","0","0","0","-","-","-","0","0","0","0","0","0","0","0","-","0","0","0","0","0","0","0","0","0","0","0","0","2","0","0","0","0","1","4","0","0","0","5","0","0","0","0","0","0","0","0","0","0","0","0","0","0","0","0","0"
"0x7ff32b5ada20","      R2UR UR5, R81","8","3","8","98304","3145728","3145728","32","32","0","0","0","-","-","-","0","0","0","0","0","0","0","0","-","0","0","0","0","0","0","0","0","0","0","0","0","0","0","0","0","0","1","2","0","0","0","5","0","0","0","0","0","0","0","0","0","0","0","0","0","0","0","0","3"
"0x7ff32b5ada30","      VOTEU.ALL UP0, P0","16","6","16","98304","3145728","3145728","32","32","0","0","0","-","-","-","0","0","0","0","0","0","0","0","-","0","0","0","0","0","0","0","0","0","0","0","0","0","0","0","0","0","1","2","0","0","0","13","0","0","0","0","0","0","0","0","0","0","0","0","0","0","0","0","6"
"0x7ff32b5ada40","@!UP0 UIADD3 UR8, UPT, UPT, -UR8, 0x100000, URZ","10","6","10","98304","3145728","262144","32","2","30","30","0","-","-","-","0","0","0","0","0","0","0","0","-","0","0","0","0","0","0","0","0","0","0","0","0","0","0","0","0","0","0","3","0","0","0","7","0","0","0","0","0","0","0","0","0","0","0","0","0","0","0","0","6"
"0x7ff32b5ada50","@!UP0 USHF.L.U32 UR9, UR8, 0xb, URZ","9","6","9","98304","3145728","262144","32","2","0","30","0","-","-","-","0","0","0","0","0","0","0","0","-","0","0","0","0","0","0","0","0","0","0","0","0","2","0","0","0","0","1","1","0","0","0","5","0","0","0","0","0","0","1","0","0","0","0","0","0","0","0","0","5"
"0x7ff32b5ada60","@!UP0 USHF.L.U32 UR8, UR8, 0x1, URZ","2","0","2","98304","3145728","262144","32","2","0","30","0","-","-","-","0","0","0","0","0","0","0","0","-","0","0","0","0","0","0","0","0","0","0","0","0","0","0","0","0","0","0","1","0","0","0","1","0","0","0","0","0","0","0","0","0","0","0","0","0","0","0","0","0"
"0x7ff32b5ada70","      IMAD.U32 R97, RZ, RZ, UR5","2","0","2","98304","3145728","3145728","32","32","30","0","0","-","-","-","0","0","0","0","0","0","0","0","-","0","0","0","0","0","0","0","0","0","0","0","0","0","0","0","0","0","0","2","0","0","0","0","0","0","0","0","0","0","0","0","0","0","0","0","0","0","0","0","0"
"0x7ff32b5ada80","      UISETP.NE.U32.AND UP1, UPT, UR5, URZ, UPT","1","0","1","98304","3145728","3145728","32","32","0","0","0","-","-","-","0","0","0","0","0","0","0","0","-","0","0","0","0","0","0","0","0","0","0","0","0","0","0","0","0","0","0","1","0","0","0","0","0","0","0","0","0","0","0","0","0","0","0","0","0","0","0","0","0"
"0x7ff32b5ada90","@!UP0 SYNCS.EXCH.64 URZ, [UR7+0x2f900], UR8","23","13","23","98304","3145728","262144","32","2","30","30","0","-","-","-","0","0","0","0","0","0","0","0","-","0","0","0","0","0","0","0","0","0","0","0","0","0","0","2","0","0","0","0","0","0","0","21","0","0","0","0","0","0","0","0","2","0","0","0","0","0","0","0","11"
"0x7ff32b5adaa0","@!UP0 SYNCS.EXCH.64 URZ, [UR7+0x2f910], UR8","12","9","12","98304","3145728","262144","32","2","0","30","0","-","-","-","0","0","0","0","0","0","0","0","-","0","0","0","0","0","0","0","0","0","0","0","0","0","0","10","0","0","1","1","0","0","0","0","0","0","0","0","0","0","0","0","9","0","0","0","0","0","0","0","0"
"0x7ff32b5adab0","@!UP0 SYNCS.EXCH.64 URZ, [UR7+0x2f920], UR8","6","4","6","98304","3145728","262144","32","2","0","30","0","-","-","-","0","0","0","0","0","0","0","0","-","0","0","0","0","0","0","0","0","0","0","0","0","0","0","4","0","0","0","2","0","0","0","0","0","0","0","0","0","0","0","0","4","0","0","0","0","0","0","0","0"
"0x7ff32b5adac0","@!UP0 SYNCS.EXCH.64 URZ, [UR7+0x2f918], UR8","18","15","18","98304","3145728","262144","32","2","0","30","0","-","-","-","0","0","0","0","0","0","0","0","-","0","0","0","0","0","0","0","0","0","0","0","0","0","0","15","0","0","1","2","0","0","0","0","0","0","0","0","0","0","0","0","15","0","0","0","0","0","0","0","0"
"0x7ff32b5adad0","@!UP0 SYNCS.EXCH.64 URZ, [UR7+0x2f928], UR8","32","23","32","98304","3145728","262144","32","2","0","30","0","-","-","-","0","0","0","0","0","0","0","0","-","0","0","0","0","0","0","0","0","0","0","0","0","0","0","29","0","0","2","1","0","0","0","0","0","0","0","0","0","0","0","0","23","0","0","0","0","0","0","0","0"
"0x7ff32b5adae0","      NOP","1","0","1","98304","3145728","3145728","32","32","30","0","0","-","-","-","0","0","0","0","0","0","0","0","-","0","0","0","0","0","0","0","0","0","0","0","0","0","0","0","0","0","0","1","0","0","0","0","0","0","0","0","0","0","0","0","0","0","0","0","0","0","0","0","0"
"0x7ff32b5adaf0","      BRA.U UP1, 0x7ff32b5adcf0","1","0","1","98304","3145728","3145728","32","32","0","0","0","-","-","-","0","0","0","0","0","0","0","0","-","0","0","0","0","0","0","0","0","0","0","0","0","0","0","0","0","0","0","1","0","0","0","0","0","0","0","0","0","0","0","0","0","0","0","0","0","0","0","0","0"
"0x7ff32b5adb00","      ELECT P0, URZ, PT","10","8","10","8192","262144","262144","32","32","0","0","0","-","-","-","0","0","0","0","0","0","0","0","-","0","0","0","0","0","0","0","0","0","0","0","0","0","0","0","0","0","0","0","0","0","0","10","0","0","0","0","0","0","0","0","0","0","0","0","0","0","0","0","8"
"0x7ff32b5adb10","      NOP","7","6","7","8192","262144","262144","32","32","0","0","0","-","-","-","0","0","0","0","0","0","0","0","-","0","0","0","0","0","0","0","0","0","0","0","7","0","0","0","0","0","0","0","0","0","0","0","0","0","0","0","0","6","0","0","0","0","0","0","0","0","0","0","0"
"0x7ff32b5adb20","@!P0  BRA 0x7ff32b5adc80","1","1","1","8192","262144","253952","32","31","1","1","8192","-","-","-","0","0","0","0","0","0","0","0","-","0","0","0","0","0","0","0","0","0","0","0","0","0","0","0","0","0","0","0","0","0","0","1","0","0","0","0","0","0","0","0","0","0","0","0","0","0","0","0","1"
"0x7ff32b5adb30","      UMOV UR8, 0x10","4","3","4","8192","8192","8192","1","1","30","31","0","-","-","-","0","0","0","0","0","0","0","0","-","0","0","0","0","0","0","0","1","0","0","0","0","0","0","0","0","0","0","1","0","0","0","2","0","1","0","0","0","0","0","0","0","0","0","0","0","0","0","0","2"
"0x7ff32b5adb40","      UMOV UR5, 0x40","0","0","0","8192","8192","8192","1","1","0","31","0","-","-","-","0","0","0","0","0","0","0","0","-","0","0","0","0","0","0","0","0","0","0","0","0","0","0","0","0","0","0","0","0","0","0","0","0","0","0","0","0","0","0","0","0","0","0","0","0","0","0","0","0"
"0x7ff32b5adb50","      HFMA2 R0, -RZ, RZ, 0, 5.9604644775390625e-08","0","0","0","8192","8192","8192","1","1","0","31","0","-","-","-","0","0","0","0","0","0","0","0","-","0","0","0","0","0","0","0","0","0","0","0","0","0","0","0","0","0","0","0","0","0","0","0","0","0","0","0","0","0","0","0","0","0","0","0","0","0","0","0","0"
"0x7ff32b5adb60","      ULEA UR6, UR4, UR5, 0x18","0","0","0","8192","8192","8192","1","1","0","31","0","-","-","-","0","0","0","0","0","0","0","0","-","0","0","0","0","0","0","0","0","0","0","0","0","0","0","0","0","0","0","0","0","0","0","0","0","0","0","0","0","0","0","0","0","0","0","0","0","0","0","0","0"
"0x7ff32b5adb70","      MOV R2, 0xffff","0","0","0","8192","8192","8192","1","1","0","31","0","-","-","-","0","0","0","0","0","0","0","0","-","0","0","0","0","0","0","0","0","0","0","0","0","0","0","0","0","0","0","0","0","0","0","0","0","0","0","0","0","0","0","0","0","0","0","0","0","0","0","0","0"
"0x7ff32b5adb80","      DEPBAR.LE SB1, 0x36","0","0","0","8192","8192","8192","1","1","0","31","0","-","-","-","0","0","0","0","0","0","0","0","-","0","0","0","0","0","0","0","0","0","0","0","0","0","0","0","0","0","0","0","0","0","0","0","0","0","0","0","0","0","0","0","0","0","0","0","0","0","0","0","0"
"0x7ff32b5adb90","      UTCATOMSWS.FIND_AND_SET.ALIGN UP0, UR5, UR8","0","0","0","8192","8192","8192","1","1","0","31","0","-","-","-","0","0","0","0","0","0","0","0","-","0","0","0","0","0","0","0","0","0","0","0","0","0","0","0","0","0","0","0","0","0","0","0","0","0","0","0","0","0","0","0","0","0","0","0","0","0","0","0","0"
"0x7ff32b5adba0","      MOV R3, UR5","8","8","8","8192","8192","8192","1","1","0","31","0","-","-","-","0","0","0","0","0","0","0","0","-","0","0","0","0","0","0","0","0","0","0","0","0","0","0","0","0","0","0","0","8","0","0","0","0","0","0","0","0","0","0","0","0","0","0","0","0","8","0","0","0"
"0x7ff32b5adbb0","      BRA.U UP0, 0x7ff32b5adc20","0","0","0","8192","8192","8192","1","1","0","31","0","-","-","-","0","0","0","0","0","0","0","0","-","0","0","0","0","0","0","0","0","0","0","0","0","0","0","0","0","0","0","0","0","0","0","0","0","0","0","0","0","0","0","0","0","0","0","0","0","0","0","0","0"
"0x7ff32b5adbc0","      UMOV UR5, 0x10","0","0","0","0","0","0","0","0","1","32","0","-","-","-","0","0","0","0","0","0","0","0","-","0","0","0","0","0","0","0","0","0","0","0","0","0","0","0","0","0","0","0","0","0","0","0","0","0","0","0","0","0","0","0","0","0","0","0","0","0","0","0","0"
"0x7ff32b5adbd0","      NANOSLEEP 0x64","0","0","0","0","0","0","0","0","0","32","0","-","-","-","0","0","0","0","0","0","0","0","-","0","0","0","0","0","0","0","0","0","0","0","0","0","0","0","0","0","0","0","0","0","0","0","0","0","0","0","0","0","0","0","0","0","0","0","0","0","0","0","0"
"0x7ff32b5adbe0","      DEPBAR.LE SB1, 0x36","0","0","0","0","0","0","0","0","0","32","0","-","-","-","0","0","0","0","0","0","0","0","-","0","0","0","0","0","0","0","0","0","0","0","0","0","0","0","0","0","0","0","0","0","0","0","0","0","0","0","0","0","0","0","0","0","0","0","0","0","0","0","0"
"0x7ff32b5adbf0","      UTCATOMSWS.FIND_AND_SET.ALIGN UP0, UR5, UR5","0","0","0","0","0","0","0","0","0","32","0","-","-","-","0","0","0","0","0","0","0","0","-","0","0","0","0","0","0","0","0","0","0","0","0","0","0","0","0","0","0","0","0","0","0","0","0","0","0","0","0","0","0","0","0","0","0","0","0","0","0","0","0"
"0x7ff32b5adc00","      MOV R3, UR5","0","0","0","0","0","0","0","0","0","32","0","-","-","-","0","0","0","0","0","0","0","0","-","0","0","0","0","0","0","0","0","0","0","0","0","0","0","0","0","0","0","0","0","0","0","0","0","0","0","0","0","0","0","0","0","0","0","0","0","0","0","0","0"
"0x7ff32b5adc10","      BRA.U !UP0, 0x7ff32b5adbc0","0","0","0","0","0","0","0","0","0","32","0","-","-","-","0","0","0","0","0","0","0","0","-","0","0","0","0","0","0","0","0","0","0","0","0","0","0","0","0","0","0","0","0","0","0","0","0","0","0","0","0","0","0","0","0","0","0","0","0","0","0","0","0"
"0x7ff32b5adc20","      SHF.L.U32 R2, R2, R3, RZ","3","3","3","8192","8192","8192","1","1","1","31","0","-","-","-","0","0","0","0","0","0","0","0","-","0","0","0","0","0","0","0","0","0","0","0","0","0","0","0","0","3","0","0","0","0","0","0","0","0","0","0","0","0","0","0","0","0","3","0","0","0","0","0","0"
"0x7ff32b5adc30","      SHF.L.U32 R0, R0, R3, RZ","1","0","1","8192","8192","8192","1","1","0","31","0","-","-","-","0","0","0","0","0","0","0","0","-","0","0","0","0","0","0","0","0","0","0","0","0","0","0","0","0","0","0","1","0","0","0","0","0","0","0","0","0","0","0","0","0","0","0","0","0","0","0","0","0"
"0x7ff32b5adc40","      IMAD.SHL.U32 R3, R3, 0x20, RZ","0","0","0","8192","8192","8192","1","1","0","31","0","-","-","-","0","0","0","0","0","0","0","0","-","0","0","0","0","0","0","0","0","0","0","0","0","0","0","0","0","0","0","0","0","0","0","0","0","0","0","0","0","0","0","0","0","0","0","0","0","0","0","0","0"
"0x7ff32b5adc50","      ATOMS.OR RZ, [UR6+0x14], R2","1","0","1","8192","8192","8192","1","1","0","31","0","Shared","Atomic","32","0","1","0","8192","8192","0","0","0","-","0","0","0","0","0","0","0","0","0","0","0","0","0","0","0","0","0","0","1","0","0","0","0","0","0","0","0","0","0","0","0","0","0","0","0","0","0","0","0","0"
"0x7ff32b5adc60","      ATOMS.OR RZ, [UR6+0x18], R0","0","0","0","8192","8192","8192","1","1","0","31","0","Shared","Atomic","32","0","1","0","8192","8192","0","0","0","-","0","0","0","0","0","0","0","0","0","0","0","0","0","0","0","0","0","0","0","0","0","0","0","0","0","0","0","0","0","0","0","0","0","0","0","0","0","0","0","0"
"0x7ff32b5adc70","      STS [UR7+0x2f908], R3","0","0","0","8192","8192","8192","1","1","0","31","0","Shared","Store","32","0","1","0","8192","8192","0","0","0","-","0","0","0","0","0","0","0","0","0","0","0","0","0","0","0","0","0","0","0","0","0","0","0","0","0","0","0","0","0","0","0","0","0","0","0","0","0","0","0","0"
"0x7ff32b5adc80","      WARPSYNC.ALL","5","4","5","16384","262144","262144","16","16","15","16","0","-","-","-","0","0","0","0","0","0","0","0","-","0","0","0","0","0","0","0","1","0","0","0","0","0","0","0","0","2","0","1","0","0","0","1","0","1","0","0","0","0","0","0","0","0","2","0","0","0","0","0","1"
"0x7ff32b5adc90","      ELECT P0, URZ, PT","12","10","12","8192","262144","262144","32","32","16","0","0","-","-","-","0","0","0","0","0","0","0","0","-","0","0","0","0","0","0","0","9","0","0","0","0","0","0","0","0","0","0","2","0","0","0","1","0","9","0","0","0","0","0","0","0","0","0","0","0","0","0","0","1"
"0x7ff32b5adca0","      MOV R0, 0x1","0","0","0","8192","262144","262144","32","32","0","0","0","-","-","-","0","0","0","0","0","0","0","0","-","0","0","0","0","0","0","0","0","0","0","0","0","0","0","0","0","0","0","0","0","0","0","0","0","0","0","0","0","0","0","0","0","0","0","0","0","0","0","0","0"
"0x7ff32b5adcb0","      UMOV UR5, 0x40","0","0","0","8192","262144","262144","32","32","0","0","0","-","-","-","0","0","0","0","0","0","0","0","-","0","0","0","0","0","0","0","0","0","0","0","0","0","0","0","0","0","0","0","0","0","0","0","0","0","0","0","0","0","0","0","0","0","0","0","0","0","0","0","0"
"0x7ff32b5adcc0","      UVIRTCOUNT.DEALLOC.SMPOOL 0x80","0","0","0","8192","262144","262144","32","32","0","0","0","-","-","-","0","0","0","0","0","0","0","0","-","0","0","0","0","0","0","0","0","0","0","0","0","0","0","0","0","0","0","0","0","0","0","0","0","0","0","0","0","0","0","0","0","0","0","0","0","0","0","0","0"
"0x7ff32b5adcd0","      ULEA UR5, UR4, UR5, 0x18","0","0","0","8192","262144","262144","32","32","0","0","0","-","-","-","0","0","0","0","0","0","0","0","-","0","0","0","0","0","0","0","0","0","0","0","0","0","0","0","0","0","0","0","0","0","0","0","0","0","0","0","0","0","0","0","0","0","0","0","0","0","0","0","0"
"0x7ff32b5adce0","@P0   STS.U8 [UR5+0x1c], R0","1","1","1","8192","262144","8192","32","1","31","31","0","Shared","Store","8","0","1","0","8192","8192","0","0","0","-","0","0","0","0","0","0","0","0","0","0","0","0","0","0","0","0","0","0","0","0","0","0","1","0","0","0","0","0","0","0","0","0","0","0","0","0","0","0","0","1"
"0x7ff32b5adcf0","      BAR.SYNC.DEFER_BLOCKING 0x0","91","82","91","98304","3145728","3145728","32","32","31","0","0","-","-","-","0","0","0","0","0","0","0","0","-","0","0","0","0","0","0","0","4","0","0","0","71","0","0","1","0","14","0","0","1","0","0","0","0","4","0","0","0","64","0","0","1","0","12","0","0","1","0","0","0"
"0x7ff32b5add00","      ISETP.GE.U32.AND P1, PT, R98, 0x100, PT","2","0","2","98304","3145728","3145728","32","32","0","0","0","-","-","-","0","0","0","0","0","0","0","0","-","0","0","0","0","0","0","0","0","0","0","0","0","0","0","0","0","0","0","2","0","0","0","0","0","0","0","0","0","0","0","0","0","0","0","0","0","0","0","0","0"
"0x7ff32b5add10","@!P1  BRA 0x7ff32b5ae2f0","335","321","335","98304","3145728","2097152","32","21","11","11","0","-","-","-","0","0","0","0","0","0","0","0","-","0","0","0","0","0","0","320","0","0","0","0","0","0","0","0","0","0","2","3","0","0","0","10","311","0","0","0","0","0","0","0","0","0","0","0","0","0","0","0","10"
"0x7ff32b5add20","      VIADD R12, R98, 0xffffff00","15","7","15","32768","1048576","1048576","32","32","11","0","0","-","-","-","0","0","0","0","0","0","0","0","-","0","0","0","0","0","0","0","0","0","0","0","0","0","0","0","0","0","0","5","0","0","0","10","0","0","0","0","0","0","0","0","0","0","0","0","0","0","0","0","7"
"0x7ff32b5add30","      LDCU.64 UR4, c[0x0][0x380]","1","0","1","32768","1048576","1048576","32","32","0","0","0","-","-","-","0","0","0","0","0","0","0","0","-","0","0","0","0","0","0","0","0","0","0","0","0","0","0","0","0","0","0","1","0","0","0","0","0","0","0","0","0","0","0","0","0","0","0","0","0","0","0","0","0"
"0x7ff32b5add40","      IMAD.SHL.U32 R3, R98, 0x10, RZ","0","0","0","32768","1048576","1048576","32","32","0","0","0","-","-","-","0","0","0","0","0","0","0","0","-","0","0","0","0","0","0","0","0","0","0","0","0","0","0","0","0","0","0","0","0","0","0","0","0","0","0","0","0","0","0","0","0","0","0","0","0","0","0","0","0"
"0x7ff32b5add50","      IMAD.SHL.U32 R6, R12, 0x10, RZ","0","0","0","32768","1048576","1048576","32","32","0","0","0","-","-","-","0","0","0","0","0","0","0","0","-","0","0","0","0","0","0","0","0","0","0","0","0","0","0","0","0","0","0","0","0","0","0","0","0","0","0","0","0","0","0","0","0","0","0","0","0","0","0","0","0"
"0x7ff32b5add60","      SHF.R.U32.HI R5, RZ, 0x2, R12","3","0","3","32768","1048576","1048576","32","32","0","0","0","-","-","-","0","0","0","0","0","0","0","0","-","0","0","0","0","0","0","0","0","0","0","0","0","0","0","0","0","0","0","3","0","0","0","0","0","0","0","0","0","0","0","0","0","0","0","0","0","0","0","0","0"
"0x7ff32b5add70","      IMAD.SHL.U32 R12, R12, 0x20, RZ","0","0","0","32768","1048576","1048576","32","32","0","0","0","-","-","-","0","0","0","0","0","0","0","0","-","0","0","0","0","0","0","0","0","0","0","0","0","0","0","0","0","0","0","0","0","0","0","0","0","0","0","0","0","0","0","0","0","0","0","0","0","0","0","0","0"
"0x7ff32b5add80","      LOP3.LUT R3, R3, 0x30, RZ, 0xc0, !PT","0","0","0","32768","1048576","1048576","32","32","0","0","0","-","-","-","0","0","0","0","0","0","0","0","-","0","0","0","0","0","0","0","0","0","0","0","0","0","0","0","0","0","0","0","0","0","0","0","0","0","0","0","0","0","0","0","0","0","0","0","0","0","0","0","0"
"0x7ff32b5add90","      IMAD.U32 R7, RZ, RZ, UR7","2","0","2","32768","1048576","1048576","32","32","0","0","0","-","-","-","0","0","0","0","0","0","0","0","-","0","0","0","0","0","0","0","0","0","0","0","0","0","0","0","0","0","0","2","0","0","0","0","0","0","0","0","0","0","0","0","0","0","0","0","0","0","0","0","0"
"0x7ff32b5adda0","      LDCU.64 UR8, c[0x0][0x358]","1","0","1","32768","1048576","1048576","32","32","0","0","0","-","-","-","0","0","0","0","0","0","0","0","-","0","0","0","0","0","0","0","0","0","0","0","0","0","0","0","0","0","0","1","0","0","0","0","0","0","0","0","0","0","0","0","0","0","0","0","0","0","0","0","0"
"0x7ff32b5addb0","      IMAD R4, R96, 0x40, R5","1","0","1","32768","1048576","1048576","32","32","0","0","0","-","-","-","0","0","0","0","0","0","0","0","-","0","0","0","0","0","0","0","0","0","0","0","0","0","0","0","0","0","0","1","0","0","0","0","0","0","0","0","0","0","0","0","0","0","0","0","0","0","0","0","0"
"0x7ff32b5addc0","      LOP3.LUT R6, R3, 0x7fffffc0, R6, 0xf8, !PT","1","0","1","32768","1048576","1048576","32","32","0","0","0","-","-","-","0","0","0","0","0","0","0","0","-","0","0","0","0","0","0","0","0","0","0","0","0","0","0","0","0","0","0","1","0","0","0","0","0","0","0","0","0","0","0","0","0","0","0","0","0","0","0","0","0"
"0x7ff32b5addd0","      VIADD R0, R5, 0x20","2","0","2","32768","1048576","1048576","32","32","0","0","0","-","-","-","0","0","0","0","0","0","0","0","-","0","0","0","0","0","0","0","0","0","0","0","0","0","0","0","0","0","0","2","0","0","0","0","0","0","0","0","0","0","0","0","0","0","0","0","0","0","0","0","0"
"0x7ff32b5adde0","      LOP3.LUT R12, R12, 0x7fffff80, RZ, 0xc0, !PT","0","0","0","32768","1048576","1048576","32","32","0","0","0","-","-","-","0","0","0","0","0","0","0","0","-","0","0","0","0","0","0","0","0","0","0","0","0","0","0","0","0","0","0","0","0","0","0","0","0","0","0","0","0","0","0","0","0","0","0","0","0","0","0","0","0"
"0x7ff32b5addf0","      IMAD R4, R4, 0x240, R3","1","0","1","32768","1048576","1048576","32","32","0","0","0","-","-","-","0","0","0","0","0","0","0","0","-","0","0","0","0","0","0","0","0","0","0","0","0","0","0","0","0","0","0","1","0","0","0","0","0","0","0","0","0","0","0","0","0","0","0","0","0","0","0","0","0"
"0x7ff32b5ade00","      IADD3 R6, PT, PT, R7, 0x8000, R6","2","0","2","32768","1048576","1048576","32","32","0","0","0","-","-","-","0","0","0","0","0","0","0","0","-","0","0","0","0","0","0","0","0","0","0","0","0","0","0","0","0","0","0","2","0","0","0","0","0","0","0","0","0","0","0","0","0","0","0","0","0","0","0","0","0"
"0x7ff32b5ade10","      LOP3.LUT R2, R0, 0xfffff8, RZ, 0xc0, !PT","6","4","6","32768","1048576","1048576","32","32","0","0","0","-","-","-","0","0","0","0","0","0","0","0","-","0","0","0","0","0","0","0","0","0","0","0","0","0","0","0","0","0","0","2","0","0","0","4","0","0","0","0","0","0","0","0","0","0","0","0","0","0","0","0","4"
"0x7ff32b5ade20","      IADD3 R12, PT, PT, R3, UR7, R12","3","0","3","32768","1048576","1048576","32","32","0","0","0","-","-","-","0","0","0","0","0","0","0","0","-","0","0","0","0","0","0","0","0","0","0","0","0","0","0","0","0","0","0","3","0","0","0","0","0","0","0","0","0","0","0","0","0","0","0","0","0","0","0","0","0"
"0x7ff32b5ade30","      LOP3.LUT R0, R0, 0x1fffff8, RZ, 0xc0, !PT","1","0","1","32768","1048576","1048576","32","32","0","0","0","-","-","-","0","0","0","0","0","0","0","0","-","0","0","0","0","0","0","0","0","0","0","0","0","0","0","0","0","0","0","1","0","0","0","0","0","0","0","0","0","0","0","0","0","0","0","0","0","0","0","0","0"
"0x7ff32b5ade40","      IADD3 R18, P0, PT, R4, UR4, RZ","2","1","2","32768","1048576","1048576","32","32","0","0","0","-","-","-","0","0","0","0","0","0","0","0","-","0","0","0","0","0","0","0","0","0","0","0","0","0","0","0","0","0","0","1","0","0","0","1","0","0","0","0","0","0","0","0","0","0","0","0","0","0","0","0","1"
"0x7ff32b5ade50","      VIADD R10, R12, 0x2000","1","0","1","32768","1048576","1048576","32","32","0","0","0","-","-","-","0","0","0","0","0","0","0","0","-","0","0","0","0","0","0","0","0","0","0","0","0","0","0","0","0","0","0","1","0","0","0","0","0","0","0","0","0","0","0","0","0","0","0","0","0","0","0","0","0"
"0x7ff32b5ade60","      SHF.R.U32.HI R11, RZ, 0x3, R6","0","0","0","32768","1048576","1048576","32","32","0","0","0","-","-","-","0","0","0","0","0","0","0","0","-","0","0","0","0","0","0","0","0","0","0","0","0","0","0","0","0","0","0","0","0","0","0","0","0","0","0","0","0","0","0","0","0","0","0","0","0","0","0","0","0"
"0x7ff32b5ade70","      VIADD R8, R12, 0x4000","0","0","0","32768","1048576","1048576","32","32","0","0","0","-","-","-","0","0","0","0","0","0","0","0","-","0","0","0","0","0","0","0","0","0","0","0","0","0","0","0","0","0","0","0","0","0","0","0","0","0","0","0","0","0","0","0","0","0","0","0","0","0","0","0","0"
"0x7ff32b5ade80","      LOP3.LUT R2, R2, 0x7, R5, 0xf8, !PT","16","14","16","32768","1048576","1048576","32","32","0","0","0","-","-","-","0","0","0","0","0","0","0","0","-","0","0","0","0","0","0","0","0","0","0","0","0","0","0","0","0","15","0","1","0","0","0","0","0","0","0","0","0","0","0","0","0","0","14","0","0","0","0","0","0"
"0x7ff32b5ade90","      VIADD R14, R12, 0x4040","0","0","0","32768","1048576","1048576","32","32","0","0","0","-","-","-","0","0","0","0","0","0","0","0","-","0","0","0","0","0","0","0","0","0","0","0","0","0","0","0","0","0","0","0","0","0","0","0","0","0","0","0","0","0","0","0","0","0","0","0","0","0","0","0","0"
"0x7ff32b5adea0","      LOP3.LUT R0, R0, 0x7, R5, 0xf8, !PT","1","0","1","32768","1048576","1048576","32","32","0","0","0","-","-","-","0","0","0","0","0","0","0","0","-","0","0","0","0","0","0","0","0","0","0","0","0","0","0","0","0","0","0","1","0","0","0","0","0","0","0","0","0","0","0","0","0","0","0","0","0","0","0","0","0"
"0x7ff32b5adeb0","      SHF.R.U32.HI R17, RZ, 0x3, R12","1","1","1","32768","1048576","1048576","32","32","0","0","0","-","-","-","0","0","0","0","0","0","0","0","-","0","0","0","0","0","0","0","0","0","0","0","0","0","0","0","0","0","0","0","0","0","0","1","0","0","0","0","0","0","0","0","0","0","0","0","0","0","0","0","1"
"0x7ff32b5adec0","      LEA.HI.X.SX32 R19, R4, UR5, 0x1, P0","0","0","0","32768","1048576","1048576","32","32","0","0","0","-","-","-","0","0","0","0","0","0","0","0","-","0","0","0","0","0","0","0","0","0","0","0","0","0","0","0","0","0","0","0","0","0","0","0","0","0","0","0","0","0","0","0","0","0","0","0","0","0","0","0","0"
"0x7ff32b5aded0","      VIADD R4, R12, 0x40","1","0","1","32768","1048576","1048576","32","32","0","0","0","-","-","-","0","0","0","0","0","0","0","0","-","0","0","0","0","0","0","0","0","0","0","0","0","0","0","0","0","0","0","1","0","0","0","0","0","0","0","0","0","0","0","0","0","0","0","0","0","0","0","0","0"
"0x7ff32b5adee0","      LOP3.LUT R11, R6, 0x30, R11, 0x78, !PT","2","0","2","32768","1048576","1048576","32","32","0","0","0","-","-","-","0","0","0","0","0","0","0","0","-","0","0","0","0","0","0","0","0","0","0","0","0","0","0","0","0","0","0","2","0","0","0","0","0","0","0","0","0","0","0","0","0","0","0","0","0","0","0","0","0"
"0x7ff32b5adef0","      VIADD R6, R12, 0x6000","0","0","0","32768","1048576","1048576","32","32","0","0","0","-","-","-","0","0","0","0","0","0","0","0","-","0","0","0","0","0","0","0","0","0","0","0","0","0","0","0","0","0","0","0","0","0","0","0","0","0","0","0","0","0","0","0","0","0","0","0","0","0","0","0","0"
"0x7ff32b5adf00","      LOP3.LUT R17, R17, 0x70, RZ, 0xc0, !PT","7","7","7","32768","1048576","1048576","32","32","0","0","0","-","-","-","0","0","0","0","0","0","0","0","-","0","0","0","0","0","0","0","0","0","0","0","0","0","0","0","0","7","0","0","0","0","0","0","0","0","0","0","0","0","0","0","0","0","7","0","0","0","0","0","0"
"0x7ff32b5adf10","      IMAD R0, R0, 0x40, R3","0","0","0","32768","1048576","1048576","32","32","0","0","0","-","-","-","0","0","0","0","0","0","0","0","-","0","0","0","0","0","0","0","0","0","0","0","0","0","0","0","0","0","0","0","0","0","0","0","0","0","0","0","0","0","0","0","0","0","0","0","0","0","0","0","0"
"0x7ff32b5adf20","      LEA R2, R2, UR7, 0x7","1","0","1","32768","1048576","1048576","32","32","0","0","0","-","-","-","0","0","0","0","0","0","0","0","-","0","0","0","0","0","0","0","0","0","0","0","0","0","0","0","0","0","0","1","0","0","0","0","0","0","0","0","0","0","0","0","0","0","0","0","0","0","0","0","0"
"0x7ff32b5adf30","      SHF.R.U32.HI R9, RZ, 0x3, R4","1","1","1","32768","1048576","1048576","32","32","0","0","0","-","-","-","0","0","0","0","0","0","0","0","-","0","0","0","0","0","0","0","0","0","0","0","0","0","0","0","0","0","0","0","0","0","0","1","0","0","0","0","0","0","0","0","0","0","0","0","0","0","0","0","1"
"0x7ff32b5adf40","      LOP3.LUT R5, R17, R10, RZ, 0x3c, !PT","0","0","0","32768","1048576","1048576","32","32","0","0","0","-","-","-","0","0","0","0","0","0","0","0","-","0","0","0","0","0","0","0","0","0","0","0","0","0","0","0","0","0","0","0","0","0","0","0","0","0","0","0","0","0","0","0","0","0","0","0","0","0","0","0","0"
"0x7ff32b5adf50","      IMAD.IADD R2, R3, 0x1, R2","2","0","2","32768","1048576","1048576","32","32","0","0","0","-","-","-","0","0","0","0","0","0","0","0","-","0","0","0","0","0","0","0","0","0","0","0","0","0","0","0","0","0","0","2","0","0","0","0","0","0","0","0","0","0","0","0","0","0","0","0","0","0","0","0","0"
"0x7ff32b5adf60","      LOP3.LUT R15, R17, R8, RZ, 0x3c, !PT","0","0","0","32768","1048576","1048576","32","32","0","0","0","-","-","-","0","0","0","0","0","0","0","0","-","0","0","0","0","0","0","0","0","0","0","0","0","0","0","0","0","0","0","0","0","0","0","0","0","0","0","0","0","0","0","0","0","0","0","0","0","0","0","0","0"
"0x7ff32b5adf70","      LOP3.LUT R13, R17, R6, RZ, 0x3c, !PT","0","0","0","32768","1048576","1048576","32","32","0","0","0","-","-","-","0","0","0","0","0","0","0","0","-","0","0","0","0","0","0","0","0","0","0","0","0","0","0","0","0","0","0","0","0","0","0","0","0","0","0","0","0","0","0","0","0","0","0","0","0","0","0","0","0"
"0x7ff32b5adf80","      VIADD R8, R2, 0x40","4","3","4","32768","1048576","1048576","32","32","0","0","0","-","-","-","0","0","0","0","0","0","0","0","-","0","0","0","0","0","0","0","0","0","0","0","0","0","0","0","0","3","0","1","0","0","0","0","0","0","0","0","0","0","0","0","0","0","3","0","0","0","0","0","0"
"0x7ff32b5adf90","      LOP3.LUT R17, R17, R12, RZ, 0x3c, !PT","2","0","2","32768","1048576","1048576","32","32","0","0","0","-","-","-","0","0","0","0","0","0","0","0","-","0","0","0","0","0","0","0","0","0","0","0","0","0","0","0","0","0","0","2","0","0","0","0","0","0","0","0","0","0","0","0","0","0","0","0","0","0","0","0","0"
"0x7ff32b5adfa0","      VIADD R10, R2, 0x6000","2","0","2","32768","1048576","1048576","32","32","0","0","0","-","-","-","0","0","0","0","0","0","0","0","-","0","0","0","0","0","0","0","0","0","0","0","0","0","0","0","0","0","0","2","0","0","0","0","0","0","0","0","0","0","0","0","0","0","0","0","0","0","0","0","0"
"0x7ff32b5adfb0","      IADD3 R7, PT, PT, R7, 0x8000, R0","0","0","0","32768","1048576","1048576","32","32","0","0","0","-","-","-","0","0","0","0","0","0","0","0","-","0","0","0","0","0","0","0","0","0","0","0","0","0","0","0","0","0","0","0","0","0","0","0","0","0","0","0","0","0","0","0","0","0","0","0","0","0","0","0","0"
"0x7ff32b5adfc0","      VIADD R0, R12, 0x2040","1","0","1","32768","1048576","1048576","32","32","0","0","0","-","-","-","0","0","0","0","0","0","0","0","-","0","0","0","0","0","0","0","0","0","0","0","0","0","0","0","0","0","0","1","0","0","0","0","0","0","0","0","0","0","0","0","0","0","0","0","0","0","0","0","0"
"0x7ff32b5adfd0","      LOP3.LUT R9, R9, 0x70, RZ, 0xc0, !PT","0","0","0","32768","1048576","1048576","32","32","0","0","0","-","-","-","0","0","0","0","0","0","0","0","-","0","0","0","0","0","0","0","0","0","0","0","0","0","0","0","0","0","0","0","0","0","0","0","0","0","0","0","0","0","0","0","0","0","0","0","0","0","0","0","0"
"0x7ff32b5adfe0","      VIADD R12, R12, 0x6040","1","0","1","32768","1048576","1048576","32","32","0","0","0","-","-","-","0","0","0","0","0","0","0","0","-","0","0","0","0","0","0","0","0","0","0","0","0","0","0","0","0","0","0","1","0","0","0","0","0","0","0","0","0","0","0","0","0","0","0","0","0","0","0","0","0"
"0x7ff32b5adff0","@!PT  LDS RZ, [RZ]","1","0","1","32768","1048576","0","32","0","32","32","0","","Load","32","0","0","0","0","0","0","0","0","-","0","0","0","0","0","0","0","0","0","0","0","0","0","0","0","0","0","0","1","0","0","0","0","0","0","0","0","0","0","0","0","0","0","0","0","0","0","0","0","0"
"0x7ff32b5ae000","@!PT  LDS RZ, [RZ]","2","1","2","32768","1048576","0","32","0","0","32","0","","Load","32","0","0","0","0","0","0","0","0","-","0","0","0","0","0","0","0","0","0","0","0","0","0","0","0","0","1","0","1","0","0","0","0","0","0","0","0","0","0","0","0","0","0","1","0","0","0","0","0","0"
"0x7ff32b5ae010","@!PT  LDS RZ, [RZ]","0","0","0","32768","1048576","0","32","0","0","32","0","","Load","32","0","0","0","0","0","0","0","0","-","0","0","0","0","0","0","0","0","0","0","0","0","0","0","0","0","0","0","0","0","0","0","0","0","0","0","0","0","0","0","0","0","0","0","0","0","0","0","0","0"
"0x7ff32b5ae020","      LDGSTS.E.BYPASS.LTC128B.128 desc[UR8][R18.64], [R17]","1","0","1","32768","1048576","1048576","32","32","32","0","0","Global,Shared","Load,Store","128","262144","8","131072","262144","131072","0","524288","524288","","0","0","0","0","0","0","0","0","0","0","0","0","0","0","0","0","0","0","1","0","0","0","0","0","0","0","0","0","0","0","0","0","0","0","0","0","0","0","0","0"
"0x7ff32b5ae030","      VIADD R22, R2, 0x2000","0","0","0","32768","1048576","1048576","32","32","0","0","0","-","-","-","0","0","0","0","0","0","0","0","-","0","0","0","0","0","0","0","0","0","0","0","0","0","0","0","0","0","0","0","0","0","0","0","0","0","0","0","0","0","0","0","0","0","0","0","0","0","0","0","0"
"0x7ff32b5ae040","      LOP3.LUT R21, R9, R4, RZ, 0x3c, !PT","1","0","1","32768","1048576","1048576","32","32","0","0","0","-","-","-","0","0","0","0","0","0","0","0","-","0","0","0","0","0","0","0","0","0","0","0","0","0","0","0","0","0","0","1","0","0","0","0","0","0","0","0","0","0","0","0","0","0","0","0","0","0","0","0","0"
"0x7ff32b5ae050","      VIADD R20, R2, 0x4000","1","0","1","32768","1048576","1048576","32","32","0","0","0","-","-","-","0","0","0","0","0","0","0","0","-","0","0","0","0","0","0","0","0","0","0","0","0","0","0","0","0","0","0","1","0","0","0","0","0","0","0","0","0","0","0","0","0","0","0","0","0","0","0","0","0"
"0x7ff32b5ae060","      LOP3.LUT R3, R9, R0, RZ, 0x3c, !PT","0","0","0","32768","1048576","1048576","32","32","0","0","0","-","-","-","0","0","0","0","0","0","0","0","-","0","0","0","0","0","0","0","0","0","0","0","0","0","0","0","0","0","0","0","0","0","0","0","0","0","0","0","0","0","0","0","0","0","0","0","0","0","0","0","0"
"0x7ff32b5ae070","      VIADD R6, R2, 0x2040","1","0","1","32768","1048576","1048576","32","32","0","0","0","-","-","-","0","0","0","0","0","0","0","0","-","0","0","0","0","0","0","0","0","0","0","0","0","0","0","0","0","0","0","1","0","0","0","0","0","0","0","0","0","0","0","0","0","0","0","0","0","0","0","0","0"
"0x7ff32b5ae080","      LOP3.LUT R14, R9, R14, RZ, 0x3c, !PT","0","0","0","32768","1048576","1048576","32","32","0","0","0","-","-","-","0","0","0","0","0","0","0","0","-","0","0","0","0","0","0","0","0","0","0","0","0","0","0","0","0","0","0","0","0","0","0","0","0","0","0","0","0","0","0","0","0","0","0","0","0","0","0","0","0"
"0x7ff32b5ae090","      LDGSTS.E.BYPASS.LTC128B.128 desc[UR8][R18.64+0x40], [R21]","1","0","1","32768","1048576","1048576","32","32","0","0","0","Global,Shared","Load,Store","128","262144","8","131072","262144","131072","0","524288","524288","","0","0","0","0","0","0","0","0","0","0","0","0","0","0","0","0","0","0","1","0","0","0","0","0","0","0","0","0","0","0","0","0","0","0","0","0","0","0","0","0"
"0x7ff32b5ae0a0","      LOP3.LUT R12, R9, R12, RZ, 0x3c, !PT","0","0","0","32768","1048576","1048576","32","32","0","0","0","-","-","-","0","0","0","0","0","0","0","0","-","0","0","0","0","0","0","0","0","0","0","0","0","0","0","0","0","0","0","0","0","0","0","0","0","0","0","0","0","0","0","0","0","0","0","0","0","0","0","0","0"
"0x7ff32b5ae0b0","      VIADD R4, R2, 0x4040","3","0","3","32768","1048576","1048576","32","32","0","0","0","-","-","-","0","0","0","0","0","0","0","0","-","0","0","0","0","0","0","0","0","0","0","0","0","0","0","0","0","0","0","3","0","0","0","0","0","0","0","0","0","0","0","0","0","0","0","0","0","0","0","0","0"
"0x7ff32b5ae0c0","      SHF.R.U32.HI R9, RZ, 0x3, R8","1","0","1","32768","1048576","1048576","32","32","0","0","0","-","-","-","0","0","0","0","0","0","0","0","-","0","0","0","0","0","0","0","0","0","0","0","0","0","0","0","0","0","0","1","0","0","0","0","0","0","0","0","0","0","0","0","0","0","0","0","0","0","0","0","0"
"0x7ff32b5ae0d0","      LDGSTS.E.BYPASS.LTC128B.128 desc[UR8][R18.64+0x80], [R5]","2","0","2","32768","1048576","1048576","32","32","0","0","0","Global,Shared","Load,Store","128","262144","8","131072","262144","131072","0","524288","524288","","0","0","0","0","0","0","0","0","0","0","0","0","0","0","0","0","0","0","2","0","0","0","0","0","0","0","0","0","0","0","0","0","0","0","0","0","0","0","0","0"
"0x7ff32b5ae0e0","      SHF.R.U32.HI R0, RZ, 0x3, R7","2","0","2","32768","1048576","1048576","32","32","0","0","0","-","-","-","0","0","0","0","0","0","0","0","-","0","0","0","0","0","0","0","0","0","0","0","0","0","0","0","0","0","0","2","0","0","0","0","0","0","0","0","0","0","0","0","0","0","0","0","0","0","0","0","0"
"0x7ff32b5ae0f0","      IADD3 R16, P0, PT, R18, 0x5000, RZ","2","1","2","32768","1048576","1048576","32","32","0","0","0","-","-","-","0","0","0","0","0","0","0","0","-","0","0","0","0","0","0","0","0","0","0","0","0","0","0","0","0","0","0","1","0","0","0","1","0","0","0","0","0","0","0","0","0","0","0","0","0","0","0","0","1"
"0x7ff32b5ae100","      LDGSTS.E.BYPASS.LTC128B.128 desc[UR8][R18.64+0xc0], [R3]","3","0","3","32768","1048576","1048576","32","32","0","0","0","Global,Shared","Load,Store","128","262144","8","131072","262144","131072","0","524288","524288","","0","0","0","0","0","0","0","0","0","0","0","0","0","0","0","0","0","0","3","0","0","0","0","0","0","0","0","0","0","0","0","0","0","0","0","0","0","0","0","0"
"0x7ff32b5ae110","      LOP3.LUT R9, R9, 0x70, RZ, 0xc0, !PT","1","0","1","32768","1048576","1048576","32","32","0","0","0","-","-","-","0","0","0","0","0","0","0","0","-","0","0","0","0","0","0","0","0","0","0","0","0","0","0","0","0","0","0","1","0","0","0","0","0","0","0","0","0","0","0","0","0","0","0","0","0","0","0","0","0"
"0x7ff32b5ae120","      LOP3.LUT R0, R7, 0x30, R0, 0x78, !PT","2","0","2","32768","1048576","1048576","32","32","0","0","0","-","-","-","0","0","0","0","0","0","0","0","-","0","0","0","0","0","0","0","0","0","0","0","0","0","0","0","0","0","0","2","0","0","0","0","0","0","0","0","0","0","0","0","0","0","0","0","0","0","0","0","0"
"0x7ff32b5ae130","      LDGSTS.E.BYPASS.LTC128B.128 desc[UR8][R18.64+0x100], [R15]","0","0","0","32768","1048576","1048576","32","32","0","0","0","Global,Shared","Load,Store","128","262144","8","131072","262144","131072","0","524288","524288","","0","0","0","0","0","0","0","0","0","0","0","0","0","0","0","0","0","0","0","0","0","0","0","0","0","0","0","0","0","0","0","0","0","0","0","0","0","0","0","0"
"0x7ff32b5ae140","      LOP3.LUT R23, R9, R6, RZ, 0x3c, !PT","3","0","3","32768","1048576","1048576","32","32","0","0","0","-","-","-","0","0","0","0","0","0","0","0","-","0","0","0","0","0","0","0","0","0","0","0","0","0","0","0","0","0","0","3","0","0","0","0","0","0","0","0","0","0","0","0","0","0","0","0","0","0","0","0","0"
"0x7ff32b5ae150","      LOP3.LUT R25, R9, R4, RZ, 0x3c, !PT","1","1","1","32768","1048576","1048576","32","32","0","0","0","-","-","-","0","0","0","0","0","0","0","0","-","0","0","0","0","0","0","0","0","0","0","0","0","0","0","0","0","0","0","0","0","0","0","1","0","0","0","0","0","0","0","0","0","0","0","0","0","0","0","0","1"
"0x7ff32b5ae160","      LDGSTS.E.BYPASS.LTC128B.128 desc[UR8][R18.64+0x140], [R14]","0","0","0","32768","1048576","1048576","32","32","0","0","0","Global,Shared","Load,Store","128","262144","8","131072","262144","131072","0","524288","524288","","0","0","0","0","0","0","0","0","0","0","0","0","0","0","0","0","0","0","0","0","0","0","0","0","0","0","0","0","0","0","0","0","0","0","0","0","0","0","0","0"
"0x7ff32b5ae170","      SHF.R.U32.HI R17, RZ, 0x3, R2","3","3","3","32768","1048576","1048576","32","32","0","0","0","-","-","-","0","0","0","0","0","0","0","0","-","0","0","0","0","0","0","0","0","0","0","0","3","0","0","0","0","0","0","0","0","0","0","0","0","0","0","0","0","3","0","0","0","0","0","0","0","0","0","0","0"
"0x7ff32b5ae180","      LDGSTS.E.BYPASS.LTC128B.128 desc[UR8][R18.64+0x180], [R13]","2","2","2","32768","1048576","1048576","32","32","0","0","0","Global,Shared","Load,Store","128","262144","8","131072","262144","131072","0","524288","524288","","0","0","0","0","0","0","0","0","0","0","0","0","0","0","0","0","0","0","0","0","0","0","2","0","0","0","0","0","0","0","0","0","0","0","0","0","0","0","0","2"
"0x7ff32b5ae190","      LOP3.LUT R17, R17, 0x70, RZ, 0xc0, !PT","0","0","0","32768","1048576","1048576","32","32","0","0","0","-","-","-","0","0","0","0","0","0","0","0","-","0","0","0","0","0","0","0","0","0","0","0","0","0","0","0","0","0","0","0","0","0","0","0","0","0","0","0","0","0","0","0","0","0","0","0","0","0","0","0","0"
"0x7ff32b5ae1a0","      LDGSTS.E.BYPASS.LTC128B.128 desc[UR8][R18.64+0x1c0], [R12]","1","0","1","32768","1048576","1048576","32","32","0","0","0","Global,Shared","Load,Store","128","262144","8","131072","262144","131072","0","524288","524288","","0","0","0","0","0","0","0","0","0","0","0","0","0","0","0","0","0","0","1","0","0","0","0","0","0","0","0","0","0","0","0","0","0","0","0","0","0","0","0","0"
"0x7ff32b5ae1b0","      LOP3.LUT R21, R9, R8, RZ, 0x3c, !PT","27","27","27","32768","1048576","1048576","32","32","0","0","0","-","-","-","0","0","0","0","0","0","0","0","-","0","0","0","0","0","0","0","0","0","0","0","27","0","0","0","0","0","0","0","0","0","0","0","0","0","0","0","0","27","0","0","0","0","0","0","0","0","0","0","0"
"0x7ff32b5ae1c0","      LOP3.LUT R7, R17, R22, RZ, 0x3c, !PT","1","0","1","32768","1048576","1048576","32","32","0","0","0","-","-","-","0","0","0","0","0","0","0","0","-","0","0","0","0","0","0","0","0","0","0","0","0","0","0","0","0","0","0","1","0","0","0","0","0","0","0","0","0","0","0","0","0","0","0","0","0","0","0","0","0"
"0x7ff32b5ae1d0","      LDGSTS.E.BYPASS.LTC128B.128 desc[UR8][R18.64+0x200], [R11]","0","0","0","32768","1048576","1048576","32","32","0","0","0","Global,Shared","Load,Store","128","262144","8","131072","262144","131072","0","524288","524288","","0","0","0","0","0","0","0","0","0","0","0","0","0","0","0","0","0","0","0","0","0","0","0","0","0","0","0","0","0","0","0","0","0","0","0","0","0","0","0","0"
"0x7ff32b5ae1e0","      LOP3.LUT R5, R17, R20, RZ, 0x3c, !PT","16","16","16","32768","1048576","1048576","32","32","0","0","0","-","-","-","0","0","0","0","0","0","0","0","-","0","0","0","0","0","0","0","0","0","0","0","16","0","0","0","0","0","0","0","0","0","0","0","0","0","0","0","0","16","0","0","0","0","0","0","0","0","0","0","0"
"0x7ff32b5ae1f0","      LOP3.LUT R3, R17, R10, RZ, 0x3c, !PT","3","0","3","32768","1048576","1048576","32","32","0","0","0","-","-","-","0","0","0","0","0","0","0","0","-","0","0","0","0","0","0","0","0","0","0","0","0","0","0","0","0","0","0","3","0","0","0","0","0","0","0","0","0","0","0","0","0","0","0","0","0","0","0","0","0"
"0x7ff32b5ae200","      LOP3.LUT R10, R17, R2, RZ, 0x3c, !PT","1","1","1","32768","1048576","1048576","32","32","0","0","0","-","-","-","0","0","0","0","0","0","0","0","-","0","0","0","0","0","0","0","0","0","0","0","0","0","0","0","0","0","0","0","0","0","0","1","0","0","0","0","0","0","0","0","0","0","0","0","0","0","0","0","1"
"0x7ff32b5ae210","      IMAD.X R17, RZ, RZ, R19, P0","1","0","1","32768","1048576","1048576","32","32","0","0","0","-","-","-","0","0","0","0","0","0","0","0","-","0","0","0","0","0","0","0","0","0","0","0","0","0","0","0","0","0","0","1","0","0","0","0","0","0","0","0","0","0","0","0","0","0","0","0","0","0","0","0","0"
"0x7ff32b5ae220","      VIADD R2, R2, 0x6040","4","2","4","32768","1048576","1048576","32","32","0","0","0","-","-","-","0","0","0","0","0","0","0","0","-","0","0","0","0","0","0","0","0","0","0","0","0","0","0","0","0","0","0","2","0","0","0","2","0","0","0","0","0","0","0","0","0","0","0","0","0","0","0","0","2"
"0x7ff32b5ae230","      LDGSTS.E.BYPASS.LTC128B.128 desc[UR8][R16.64+-0x800], [R10]","1","1","1","32768","1048576","1048576","32","32","0","0","0","Global,Shared","Load,Store","128","262144","8","131072","262144","131072","0","524288","524288","","0","0","0","0","0","0","0","0","0","0","0","0","0","0","0","0","0","0","0","0","0","0","1","0","0","0","0","0","0","0","0","0","0","0","0","0","0","0","0","1"
"0x7ff32b5ae240","      LOP3.LUT R9, R9, R2, RZ, 0x3c, !PT","2","1","2","32768","1048576","1048576","32","32","0","0","0","-","-","-","0","0","0","0","0","0","0","0","-","0","0","0","0","0","0","0","0","0","0","0","0","0","0","0","0","0","0","1","0","0","0","1","0","0","0","0","0","0","0","0","0","0","0","0","0","0","0","0","1"
"0x7ff32b5ae250","      LDGSTS.E.BYPASS.LTC128B.128 desc[UR8][R16.64+-0x7c0], [R21]","3","2","3","32768","1048576","1048576","32","32","0","0","0","Global,Shared","Load,Store","128","262144","8","131072","262144","131072","0","524288","524288","","0","0","0","0","0","0","0","0","0","0","0","0","0","0","0","0","0","0","1","0","0","0","2","0","0","0","0","0","0","0","0","0","0","0","0","0","0","0","0","2"
"0x7ff32b5ae260","      LDGSTS.E.BYPASS.LTC128B.128 desc[UR8][R16.64+-0x780], [R7]","2","2","2","32768","1048576","1048576","32","32","0","0","0","Global,Shared","Load,Store","128","262144","8","131072","262144","131072","0","524288","524288","","0","0","0","0","0","0","0","0","0","0","0","0","0","0","0","0","0","0","0","0","0","0","2","0","0","0","0","0","0","0","0","0","0","0","0","0","0","0","0","2"
"0x7ff32b5ae270","      LDGSTS.E.BYPASS.LTC128B.128 desc[UR8][R16.64+-0x740], [R23]","4","3","4","32768","1048576","1048576","32","32","0","0","0","Global,Shared","Load,Store","128","262144","8","131072","262144","131072","0","524288","524288","","0","0","0","0","0","0","0","0","0","0","0","0","0","0","0","0","0","0","1","0","0","0","3","0","0","0","0","0","0","0","0","0","0","0","0","0","0","0","0","3"
"0x7ff32b5ae280","      LDGSTS.E.BYPASS.LTC128B.128 desc[UR8][R16.64+-0x700], [R5]","3","3","3","32768","1048576","1048576","32","32","0","0","0","Global,Shared","Load,Store","128","262144","8","131072","262144","131072","0","524288","524288","","0","0","0","0","0","0","0","0","0","0","0","0","0","0","0","0","0","0","0","0","0","0","3","0","0","0","0","0","0","0","0","0","0","0","0","0","0","0","0","3"
"0x7ff32b5ae290","      LDGSTS.E.BYPASS.LTC128B.128 desc[UR8][R16.64+-0x6c0], [R25]","5","5","5","32768","1048576","1048576","32","32","0","0","0","Global,Shared","Load,Store","128","262144","8","131072","262144","131072","0","524288","524288","","0","0","0","0","0","0","0","0","0","0","0","0","0","0","0","0","0","0","0","0","0","0","5","0","0","0","0","0","0","0","0","0","0","0","0","0","0","0","0","5"
"0x7ff32b5ae2a0","      LDGSTS.E.BYPASS.LTC128B.128 desc[UR8][R16.64+-0x680], [R3]","3","3","3","32768","1048576","1048576","32","32","0","0","0","Global,Shared","Load,Store","128","262144","8","131072","262144","131072","0","524288","524288","","0","0","0","0","0","0","0","0","0","0","0","0","0","0","0","0","0","0","0","0","0","0","3","0","0","0","0","0","0","0","0","0","0","0","0","0","0","0","0","3"
"0x7ff32b5ae2b0","      LDGSTS.E.BYPASS.LTC128B.128 desc[UR8][R16.64+-0x640], [R9]","0","0","0","32768","1048576","1048576","32","32","0","0","0","Global,Shared","Load,Store","128","262144","8","131072","262144","131072","0","524288","524288","","0","0","0","0","0","0","0","0","0","0","0","0","0","0","0","0","0","0","0","0","0","0","0","0","0","0","0","0","0","0","0","0","0","0","0","0","0","0","0","0"
"0x7ff32b5ae2c0","      LDGSTS.E.BYPASS.LTC128B.128 desc[UR8][R16.64+-0x600], [R0]","11","11","11","32768","1048576","1048576","32","32","0","0","0","Global,Shared","Load,Store","128","262144","8","131072","262144","131072","0","524288","524288","","0","0","0","0","0","0","0","0","0","0","8","0","0","0","0","0","0","0","0","0","0","0","3","0","0","0","0","8","0","0","0","0","0","0","0","0","0","0","0","3"
"0x7ff32b5ae2d0","      LDGDEPBAR","19","17","19","32768","1048576","1048576","32","32","0","0","0","-","-","-","0","0","0","0","0","0","0","0","-","0","0","0","0","0","0","0","0","0","0","15","0","0","0","0","0","0","0","2","0","0","0","2","0","0","0","0","15","0","0","0","0","0","0","0","0","0","0","0","2"
"0x7ff32b5ae2e0","      DEPBAR.LE SB0, 0x0","3","0","3","32768","1048576","1048576","32","32","0","0","0","-","-","-","0","0","0","0","0","0","0","0","-","0","0","0","0","0","0","0","0","0","0","0","0","0","0","0","0","0","0","3","0","0","0","0","0","0","0","0","0","0","0","0","0","0","0","0","0","0","0","0","0"
"0x7ff32b5ae2f0","      BAR.SYNC.DEFER_BLOCKING 0x0","735","702","735","98304","3145728","3145728","32","32","0","0","0","-","-","-","0","0","0","0","0","0","0","0","-","0","0","0","0","0","0","0","6","0","0","0","691","0","0","0","0","35","0","0","0","0","0","3","0","3","0","0","0","691","0","0","0","0","5","0","0","0","0","0","3"
"0x7ff32b5ae300","@!P1  BRA 0x7ff32b5af960","2088","1974","2088","98304","3145728","2097152","32","21","11","11","0","-","-","-","0","0","0","0","0","0","0","0","-","0","0","0","0","0","0","2048","0","0","0","0","0","0","0","0","0","22","6","1","0","0","0","11","1945","0","0","0","0","0","0","0","0","0","19","0","0","0","0","0","10"
"0x7ff32b5ae310","      LDC.64 R2, c[0x0][0x398]","10","7","10","32768","1048576","1048576","32","32","11","0","0","-","-","-","0","0","0","0","0","0","0","0","-","0","0","0","0","0","0","0","0","0","0","0","0","0","0","0","0","0","0","2","0","0","0","8","0","0","0","0","0","0","0","0","0","0","0","0","0","0","0","0","7"
"0x7ff32b5ae320","      LDCU.64 UR4, c[0x0][0x358]","0","0","0","32768","1048576","1048576","32","32","0","0","0","-","-","-","0","0","0","0","0","0","0","0","-","0","0","0","0","0","0","0","0","0","0","0","0","0","0","0","0","0","0","0","0","0","0","0","0","0","0","0","0","0","0","0","0","0","0","0","0","0","0","0","0"
"0x7ff32b5ae330","      IMAD.WIDE.U32 R4, R96, 0x4, R2","16","13","16","32768","1048576","1048576","32","32","0","0","0","-","-","-","0","0","0","0","0","0","0","0","-","0","0","0","0","0","0","0","0","0","0","0","0","0","0","0","0","0","0","0","16","0","0","0","0","0","0","0","0","0","0","0","0","0","0","0","0","13","0","0","0"
"0x7ff32b5ae340","      LDG.E R0, desc[UR4][R4.64]","6","5","6","32768","1048576","1048576","32","32","0","0","0","Global","Load","32","32768","0","0","0","0","0","32768","32768","","0","0","0","0","0","0","0","0","2","0","0","0","0","0","0","0","0","0","1","0","0","0","3","0","0","2","0","0","0","0","0","0","0","0","0","0","0","0","0","3"
"0x7ff32b5ae350","      SHF.R.S32.HI R11, RZ, 0x1f, R0","182","162","182","32768","1048576","1048576","32","32","0","0","0","-","-","-","0","0","0","0","0","0","0","0","-","0","0","0","0","0","0","0","0","0","0","0","180","0","0","0","0","0","0","2","0","0","0","0","0","0","0","0","0","162","0","0","0","0","0","0","0","0","0","0","0"
"0x7ff32b5ae360","      LEA.HI R11, R11, R0, RZ, 0x7","1","1","1","32768","1048576","1048576","32","32","0","0","0","-","-","-","0","0","0","0","0","0","0","0","-","0","0","0","0","0","0","0","0","0","0","0","0","0","0","0","0","0","0","0","0","0","0","1","0","0","0","0","0","0","0","0","0","0","0","0","0","0","0","0","1"
"0x7ff32b5ae370","      LOP3.LUT R3, R11, 0xffffff80, RZ, 0xc0, !PT","4","3","4","32768","1048576","1048576","32","32","0","0","0","-","-","-","0","0","0","0","0","0","0","0","-","0","0","0","0","0","0","0","0","0","0","0","0","1","0","0","0","0","0","0","0","0","0","3","0","0","0","0","0","0","1","0","0","0","0","0","0","0","0","0","2"
"0x7ff32b5ae380","      SHF.R.S32.HI R2, RZ, 0x7, R11","2","0","2","32768","1048576","1048576","32","32","0","0","0","-","-","-","0","0","0","0","0","0","0","0","-","0","0","0","0","0","0","0","0","0","0","0","0","0","0","0","0","0","0","2","0","0","0","0","0","0","0","0","0","0","0","0","0","0","0","0","0","0","0","0","0"
"0x7ff32b5ae390","      ISETP.NE.U32.AND P0, PT, R0, R3, PT","4","0","4","32768","1048576","1048576","32","32","0","0","0","-","-","-","0","0","0","0","0","0","0","0","-","0","0","0","0","0","0","0","0","0","0","0","0","0","0","0","0","0","0","1","0","0","0","3","0","0","0","0","0","0","0","0","0","0","0","0","0","0","0","0","0"
"0x7ff32b5ae3a0","      LEA.HI.SX32 R11, R11, 0x1, 0x19","0","0","0","32768","1048576","1048576","32","32","0","0","0","-","-","-","0","0","0","0","0","0","0","0","-","0","0","0","0","0","0","0","0","0","0","0","0","0","0","0","0","0","0","0","0","0","0","0","0","0","0","0","0","0","0","0","0","0","0","0","0","0","0","0","0"
"0x7ff32b5ae3b0","      ISETP.GT.AND P0, PT, R0, -0x1, P0","3","0","3","32768","1048576","1048576","32","32","0","0","0","-","-","-","0","0","0","0","0","0","0","0","-","0","0","0","0","0","0","0","0","0","0","0","0","0","0","0","0","0","0","1","0","0","0","2","0","0","0","0","0","0","0","0","0","0","0","0","0","0","0","0","0"
"0x7ff32b5ae3c0","@!P0  IMAD.MOV R11, RZ, RZ, R2","8","4","8","32768","1048576","1048576","32","32","0","0","0","-","-","-","0","0","0","0","0","0","0","0","-","0","0","0","0","0","0","0","0","0","0","0","0","0","0","0","0","0","0","0","0","0","0","8","0","0","0","0","0","0","0","0","0","0","0","0","0","0","0","0","4"
"0x7ff32b5ae3d0","      ISETP.GE.AND P0, PT, R11, 0x1, PT","3","1","3","32768","1048576","1048576","32","32","0","0","0","-","-","-","0","0","0","0","0","0","0","0","-","0","0","0","0","0","0","0","0","0","0","0","0","0","0","0","0","0","2","0","0","0","0","1","0","0","0","0","0","0","0","0","0","0","0","0","0","0","0","0","1"
"0x7ff32b5ae3e0","@!P0  EXIT","10","6","10","32768","1048576","0","32","0","32","32","0","-","-","-","0","0","0","0","0","0","0","0","-","0","0","0","0","0","0","0","0","0","0","0","0","0","0","0","0","0","0","2","0","0","0","8","0","0","0","0","0","0","0","0","0","0","0","0","0","0","0","0","6"
"0x7ff32b5ae3f0","      LDCU.64 UR4, c[0x0][0x390]","0","0","0","32768","1048576","1048576","32","32","32","0","0","-","-","-","0","0","0","0","0","0","0","0","-","0","0","0","0","0","0","0","0","0","0","0","0","0","0","0","0","0","0","0","0","0","0","0","0","0","0","0","0","0","0","0","0","0","0","0","0","0","0","0","0"
"0x7ff32b5ae400","      IMAD.SHL.U32 R5, R96, 0x800, RZ","0","0","0","32768","1048576","1048576","32","32","0","0","0","-","-","-","0","0","0","0","0","0","0","0","-","0","0","0","0","0","0","0","0","0","0","0","0","0","0","0","0","0","0","0","0","0","0","0","0","0","0","0","0","0","0","0","0","0","0","0","0","0","0","0","0"
"0x7ff32b5ae410","      R2UR UR6, R81","0","0","0","32768","1048576","1048576","32","32","0","0","0","-","-","-","0","0","0","0","0","0","0","0","-","0","0","0","0","0","0","0","0","0","0","0","0","0","0","0","0","0","0","0","0","0","0","0","0","0","0","0","0","0","0","0","0","0","0","0","0","0","0","0","0"
"0x7ff32b5ae420","      VIADD R2, R98, 0xffffff00","1","0","1","32768","1048576","1048576","32","32","0","0","0","-","-","-","0","0","0","0","0","0","0","0","-","0","0","0","0","0","0","0","0","0","0","0","0","0","0","0","0","0","0","1","0","0","0","0","0","0","0","0","0","0","0","0","0","0","0","0","0","0","0","0","0"
"0x7ff32b5ae430","      LDCU.64 UR74, c[0x0][0x3a8]","0","0","0","32768","1048576","1048576","32","32","0","0","0","-","-","-","0","0","0","0","0","0","0","0","-","0","0","0","0","0","0","0","0","0","0","0","0","0","0","0","0","0","0","0","0","0","0","0","0","0","0","0","0","0","0","0","0","0","0","0","0","0","0","0","0"
"0x7ff32b5ae440","      IMAD.MOV R11, RZ, RZ, -R11","1","0","1","32768","1048576","1048576","32","32","0","0","0","-","-","-","0","0","0","0","0","0","0","0","-","0","0","0","0","0","0","0","0","0","0","0","0","0","0","0","0","0","0","1","0","0","0","0","0","0","0","0","0","0","0","0","0","0","0","0","0","0","0","0","0"
"0x7ff32b5ae450","      LOP3.LUT R3, R5, R98, RZ, 0xfc, !PT","0","0","0","32768","1048576","1048576","32","32","0","0","0","-","-","-","0","0","0","0","0","0","0","0","-","0","0","0","0","0","0","0","0","0","0","0","0","0","0","0","0","0","0","0","0","0","0","0","0","0","0","0","0","0","0","0","0","0","0","0","0","0","0","0","0"
"0x7ff32b5ae460","      IMAD.MOV.U32 R9, RZ, RZ, RZ","1","0","1","32768","1048576","1048576","32","32","0","0","0","-","-","-","0","0","0","0","0","0","0","0","-","0","0","0","0","0","0","0","0","0","0","0","0","0","0","0","0","0","0","1","0","0","0","0","0","0","0","0","0","0","0","0","0","0","0","0","0","0","0","0","0"
"0x7ff32b5ae470","      SHF.R.S32.HI R4, RZ, 0x1f, R5","1","0","1","32768","1048576","1048576","32","32","0","0","0","-","-","-","0","0","0","0","0","0","0","0","-","0","0","0","0","0","0","0","0","0","0","0","0","0","0","0","0","0","0","1","0","0","0","0","0","0","0","0","0","0","0","0","0","0","0","0","0","0","0","0","0"
"0x7ff32b5ae480","      IMAD.MOV.U32 R8, RZ, RZ, R98","1","0","1","32768","1048576","1048576","32","32","0","0","0","-","-","-","0","0","0","0","0","0","0","0","-","0","0","0","0","0","0","0","0","0","0","0","0","0","0","0","0","0","0","1","0","0","0","0","0","0","0","0","0","0","0","0","0","0","0","0","0","0","0","0","0"
"0x7ff32b5ae490","      ISETP.NE.U32.AND P3, PT, R2, RZ, PT","0","0","0","32768","1048576","1048576","32","32","0","0","0","-","-","-","0","0","0","0","0","0","0","0","-","0","0","0","0","0","0","0","0","0","0","0","0","0","0","0","0","0","0","0","0","0","0","0","0","0","0","0","0","0","0","0","0","0","0","0","0","0","0","0","0"
"0x7ff32b5ae4a0","      IMAD.MOV.U32 R12, RZ, RZ, RZ","1","0","1","32768","1048576","1048576","32","32","0","0","0","-","-","-","0","0","0","0","0","0","0","0","-","0","0","0","0","0","0","0","0","0","0","0","0","0","0","0","0","0","0","1","0","0","0","0","0","0","0","0","0","0","0","0","0","0","0","0","0","0","0","0","0"
"0x7ff32b5ae4b0","      LDCU.64 UR72, c[0x0][0x3a8]","1","0","1","32768","1048576","1048576","32","32","0","0","0","-","-","-","0","0","0","0","0","0","0","0","-","0","0","0","0","0","0","0","0","0","0","0","0","0","0","0","0","0","0","1","0","0","0","0","0","0","0","0","0","0","0","0","0","0","0","0","0","0","0","0","0"
"0x7ff32b5ae4c0","      ULEA UR47, UR6, 0xffffff00, 0x5","4","0","4","32768","1048576","1048576","32","32","0","0","0","-","-","-","0","0","0","0","0","0","0","0","-","0","0","0","0","0","0","0","0","0","0","0","0","0","0","0","0","0","1","2","0","0","0","1","0","0","0","0","0","0","0","0","0","0","0","0","0","0","0","0","0"
"0x7ff32b5ae4d0","      LEA R10, P0, R3, UR4, 0x2","27","1","27","32768","1048576","1048576","32","32","0","0","0","-","-","-","0","0","0","0","0","0","0","0","-","0","0","0","0","0","0","0","0","0","0","0","0","7","0","0","0","0","19","0","1","0","0","0","0","0","0","0","0","0","0","0","0","0","0","0","0","1","0","0","0"
"0x7ff32b5ae4e0","      UMOV UR23, URZ","1","0","1","32768","1048576","1048576","32","32","0","0","0","-","-","-","0","0","0","0","0","0","0","0","-","0","0","0","0","0","0","0","0","0","0","0","0","0","0","0","0","0","0","1","0","0","0","0","0","0","0","0","0","0","0","0","0","0","0","0","0","0","0","0","0"
"0x7ff32b5ae4f0","      UMOV UR42, URZ","0","0","0","32768","1048576","1048576","32","32","0","0","0","-","-","-","0","0","0","0","0","0","0","0","-","0","0","0","0","0","0","0","0","0","0","0","0","0","0","0","0","0","0","0","0","0","0","0","0","0","0","0","0","0","0","0","0","0","0","0","0","0","0","0","0"
"0x7ff32b5ae500","      UMOV UR66, 0x80","5","0","5","32768","1048576","1048576","32","32","0","0","0","-","-","-","0","0","0","0","0","0","0","0","-","0","0","0","0","0","0","0","0","0","0","0","0","0","0","0","0","0","4","1","0","0","0","0","0","0","0","0","0","0","0","0","0","0","0","0","0","0","0","0","0"
"0x7ff32b5ae510","      LEA.HI.X R3, R3, UR5, R4, 0x2, P0","2","0","2","32768","1048576","1048576","32","32","0","0","0","-","-","-","0","0","0","0","0","0","0","0","-","0","0","0","0","0","0","0","0","0","0","0","0","0","0","0","0","0","0","2","0","0","0","0","0","0","0","0","0","0","0","0","0","0","0","0","0","0","0","0","0"
"0x7ff32b5ae520","      UIADD3.64 UR74, UPT, UPT, UR74, 0x80, URZ","6","0","6","32768","1048576","1048576","32","32","0","0","0","-","-","-","0","0","0","0","0","0","0","0","-","0","0","0","0","0","0","0","0","0","0","0","0","1","0","0","0","0","5","0","0","0","0","0","0","0","0","0","0","0","0","0","0","0","0","0","0","0","0","0","0"
"0x7ff32b5ae530","      IADD3 R10, P0, PT, R10, -0x400, RZ","0","0","0","32768","1048576","1048576","32","32","0","0","0","-","-","-","0","0","0","0","0","0","0","0","-","0","0","0","0","0","0","0","0","0","0","0","0","0","0","0","0","0","0","0","0","0","0","0","0","0","0","0","0","0","0","0","0","0","0","0","0","0","0","0","0"
"0x7ff32b5ae540","      UMOV UR58, 0x100","1","0","1","32768","1048576","1048576","32","32","0","0","0","-","-","-","0","0","0","0","0","0","0","0","-","0","0","0","0","0","0","0","0","0","0","0","0","0","0","0","0","0","0","1","0","0","0","0","0","0","0","0","0","0","0","0","0","0","0","0","0","0","0","0","0"
"0x7ff32b5ae550","      UMOV UR50, 0x180","0","0","0","32768","1048576","1048576","32","32","0","0","0","-","-","-","0","0","0","0","0","0","0","0","-","0","0","0","0","0","0","0","0","0","0","0","0","0","0","0","0","0","0","0","0","0","0","0","0","0","0","0","0","0","0","0","0","0","0","0","0","0","0","0","0"
"0x7ff32b5ae560","      IADD3.X R3, PT, PT, R3, -0x1, RZ, P0, !PT","30","0","30","32768","1048576","1048576","32","32","0","0","0","-","-","-","0","0","0","0","0","0","0","0","-","0","0","0","0","0","0","0","0","1","0","0","0","9","0","0","0","0","17","3","0","0","0","0","0","0","0","0","0","0","0","0","0","0","0","0","0","0","0","0","0"
"0x7ff32b5ae570","      UISETP.GE.U32.AND UP0, UPT, UR23, 0x2, UPT","122","54","122","524288","16777216","16777216","32","32","0","0","0","-","-","-","0","0","0","0","0","0","0","0","-","0","0","0","0","0","0","0","35","1","0","0","0","19","0","0","0","7","27","0","0","0","0","33","0","22","0","0","0","0","5","0","0","0","6","0","0","0","0","0","21"
"0x7ff32b5ae580","      VIADD R5, R8, 0xffffff00","162","81","162","524288","16777216","16777216","32","32","0","0","0","-","-","-","0","0","0","0","0","0","0","0","-","0","0","0","0","0","0","0","0","0","0","0","0","10","0","0","0","131","4","17","0","0","0","0","0","0","0","0","0","0","5","0","0","0","76","0","0","0","0","0","0"
"0x7ff32b5ae590","      USHF.L.U32 UR4, UR23, 0x3, URZ","6","0","6","524288","16777216","16777216","32","32","0","0","0","-","-","-","0","0","0","0","0","0","0","0","-","0","0","0","0","0","0","0","0","0","0","0","0","0","0","0","0","0","0","6","0","0","0","0","0","0","0","0","0","0","0","0","0","0","0","0","0","0","0","0","0"
"0x7ff32b5ae5a0","      MOV R4, 0xffffffff","16","0","16","524288","16777216","16777216","32","32","0","0","0","-","-","-","0","0","0","0","0","0","0","0","-","0","0","0","0","0","0","0","0","0","0","0","0","0","0","0","0","0","1","15","0","0","0","0","0","0","0","0","0","0","0","0","0","0","0","0","0","0","0","0","0"
"0x7ff32b5ae5b0","      ULOP3.LUT UR39, UR23, 0x1, URZ, 0xc0, !UPT","16","1","16","524288","16777216","16777216","32","32","0","0","0","-","-","-","0","0","0","0","0","0","0","0","-","0","0","0","0","0","0","0","0","0","0","0","0","0","0","0","0","1","0","15","0","0","0","0","0","0","0","0","0","0","0","0","0","0","1","0","0","0","0","0","0"
"0x7ff32b5ae5c0","      ULOP3.LUT UR4, UR4, 0x8, URZ, 0xc0, !UPT","45","5","45","524288","16777216","16777216","32","32","0","0","0","-","-","-","0","0","0","0","0","0","0","0","-","0","0","0","0","0","0","0","0","0","0","0","0","1","0","0","0","0","19","11","0","0","0","14","0","0","0","0","0","0","0","0","0","0","0","0","0","0","0","0","5"
"0x7ff32b5ae5d0","      ISETP.GE.AND P0, PT, R5, R0, PT","9","0","9","524288","16777216","16777216","32","32","0","0","0","-","-","-","0","0","0","0","0","0","0","0","-","0","0","0","0","0","0","0","0","0","0","0","0","0","0","0","0","0","0","9","0","0","0","0","0","0","0","0","0","0","0","0","0","0","0","0","0","0","0","0","0"
"0x7ff32b5ae5e0","      UIADD3 UR6, UPT, UPT, UR7, UR4, URZ","67","14","67","524288","16777216","16777216","32","32","0","0","0","-","-","-","0","0","0","0","0","0","0","0","-","0","0","0","0","0","0","0","0","3","0","0","0","4","0","0","0","0","21","10","0","0","0","29","0","0","0","0","0","0","2","0","0","0","0","0","0","0","0","0","12"
"0x7ff32b5ae5f0","      BRA.U !UP0, 0x7ff32b5ae680","13","0","13","524288","16777216","16777216","32","32","0","0","0","-","-","-","0","0","0","0","0","0","0","0","-","0","0","0","0","0","0","0","0","0","0","0","0","0","0","0","0","0","0","13","0","0","0","0","0","0","0","0","0","0","0","0","0","0","0","0","0","0","0","0","0"
"0x7ff32b5ae600","      VIADD R2, R9, 0xffffffff","124","61","124","458752","14680064","14680064","32","32","0","0","0","-","-","-","0","0","0","0","0","0","0","0","-","0","0","0","0","0","0","0","0","0","0","0","0","4","0","0","0","0","9","7","0","0","0","104","0","0","0","0","0","0","4","0","0","0","0","0","0","0","0","0","57"
"0x7ff32b5ae610","      LEA.HI R5, R2, R2, RZ, 0x1","107","40","107","458752","14680064","14680064","32","32","0","0","0","-","-","-","0","0","0","0","0","0","0","0","-","0","0","0","0","0","0","0","0","1","0","0","0","21","0","0","0","0","29","8","0","0","0","48","0","0","0","0","0","0","16","0","0","0","0","0","0","0","0","0","24"
"0x7ff32b5ae620","      LOP3.LUT R5, R5, 0xfffffffe, RZ, 0xc0, !PT","50","13","50","458752","14680064","14680064","32","32","0","0","0","-","-","-","0","0","0","0","0","0","0","0","-","0","0","0","0","0","0","0","0","1","0","0","0","7","0","0","0","0","5","10","0","0","0","27","0","0","0","0","0","0","2","0","0","0","0","0","0","0","0","0","11"
"0x7ff32b5ae630","      IMAD.IADD R5, R2, 0x1, -R5","60","24","60","458752","14680064","14680064","32","32","0","0","0","-","-","-","0","0","0","0","0","0","0","0","-","0","0","0","0","0","0","0","0","0","0","0","0","7","0","0","0","0","13","3","0","0","0","37","0","0","0","0","0","0","7","0","0","0","0","0","0","0","0","0","17"
"0x7ff32b5ae640","      IMAD.U32 R2, RZ, RZ, UR4","25","8","25","458752","14680064","14680064","32","32","0","0","0","-","-","-","0","0","0","0","0","0","0","0","-","0","0","0","0","0","0","0","0","2","0","0","0","1","0","0","0","0","4","9","0","0","0","9","0","0","0","0","0","0","1","0","0","0","0","0","0","0","0","0","7"
"0x7ff32b5ae650","      SHF.L.U32 R5, R5, 0x1f, RZ","59","13","59","458752","14680064","14680064","32","32","0","0","0","-","-","-","0","0","0","0","0","0","0","0","-","0","0","0","0","0","0","0","0","0","0","0","0","10","0","0","0","0","16","10","0","0","0","23","0","0","0","0","0","0","6","0","0","0","0","0","0","0","0","0","7"
"0x7ff32b5ae660","      SYNCS.PHASECHK.TRANS64.TRYWAIT P1, [R2+UR7+0x2f920], R5","50","20","50","458752","14680064","14680064","32","32","0","0","0","-","-","-","0","0","0","0","0","0","0","0","-","0","0","0","0","0","0","0","0","1","0","0","0","0","0","0","0","0","3","15","0","0","0","31","0","0","0","0","0","0","0","0","0","0","0","0","0","0","0","0","20"
"0x7ff32b5ae670","@!P1  BRA 0x7ff32b5b3c00","15629","10832","15629","458752","14680064","14680064","32","32","0","0","0","-","-","-","0","0","0","0","0","0","0","0","-","0","0","0","0","0","0","0","0","0","0","0","15606","0","0","0","0","0","6","6","0","0","0","11","0","0","0","0","0","10831","0","0","0","0","0","0","0","0","0","0","1"
"0x7ff32b5ae680","      BSSY.RECONVERGENT B0, 0x7ff32b5ae6f0","58","10","58","524288","16777216","16777216","32","32","0","0","0","-","-","-","0","0","0","0","0","0","0","0","-","0","0","0","0","0","0","0","4","0","0","0","0","0","0","0","0","2","5","5","0","0","0","42","0","2","0","0","0","0","0","0","0","0","0","0","0","0","0","0","8"
"0x7ff32b5ae690","@P0   BRA 0x7ff32b5ae6d0","47","16","47","524288","16777216","0","32","0","32","32","0","-","-","-","0","0","0","0","0","0","0","0","-","0","0","0","0","0","0","0","0","0","0","0","0","0","0","0","0","0","1","11","0","0","0","35","0","0","0","0","0","0","0","0","0","0","0","0","0","0","0","0","16"
"0x7ff32b5ae6a0","      LDCU.64 UR8, c[0x0][0x358]","68","23","68","524288","16777216","16777216","32","32","32","0","0","-","-","-","0","0","0","0","0","0","0","0","-","0","0","0","0","0","0","0","0","2","0","0","0","0","0","0","0","0","10","12","0","0","0","44","0","0","0","0","0","0","0","0","0","0","0","0","0","0","0","0","23"
"0x7ff32b5ae6b0","      MOV R2, R10","10","0","10","524288","16777216","16777216","32","32","0","0","0","-","-","-","0","0","0","0","0","0","0","0","-","0","0","0","0","0","0","0","0","0","0","0","0","0","0","0","0","0","0","10","0","0","0","0","0","0","0","0","0","0","0","0","0","0","0","0","0","0","0","0","0"
"0x7ff32b5ae6c0","      LDG.E R4, desc[UR8][R2.64]","187","159","187","524288","16777216","16777216","32","32","0","0","0","Global","Load","32","524288","0","0","0","0","0","2097152","2097152","","0","0","0","0","0","0","0","0","1","0","0","0","0","0","0","0","0","0","12","130","0","0","44","0","0","0","0","0","0","0","0","0","0","0","0","0","124","0","0","35"
"0x7ff32b5ae6d0","      NOP","23","14","23","524288","16777216","16777216","32","32","0","0","0","-","-","-","0","0","0","0","0","0","0","0","-","0","0","0","0","0","0","0","0","0","0","0","0","0","0","0","0","0","0","8","0","0","0","15","0","0","0","0","0","0","0","0","0","0","0","0","0","0","0","0","14"
"0x7ff32b5ae6e0","      BSYNC.RECONVERGENT B0","5","0","5","524288","16777216","16777216","32","32","0","0","0","-","-","-","0","0","0","0","0","0","0","0","-","0","0","0","0","0","0","0","0","0","0","0","0","0","0","0","0","0","0","5","0","0","0","0","0","0","0","0","0","0","0","0","0","0","0","0","0","0","0","0","0"
"0x7ff32b5ae6f0","      ULEA UR31, UR39, UR7, 0x9","136","104","136","524288","16777216","16777216","32","32","0","0","0","-","-","-","0","0","0","0","0","0","0","0","-","0","0","0","0","0","0","0","77","0","0","0","0","0","0","0","0","0","12","14","0","0","0","33","0","72","0","0","0","0","0","0","0","0","0","0","0","0","0","0","32"
"0x7ff32b5ae700","@!P3  IMAD.MOV.U32 R5, RZ, RZ, 0x12000","10","0","10","524288","16777216","131072","32","0","32","32","0","-","-","-","0","0","0","0","0","0","0","0","-","0","0","0","0","0","0","0","0","0","0","0","0","0","0","0","0","0","0","10","0","0","0","0","0","0","0","0","0","0","0","0","0","0","0","0","0","0","0","0","0"
"0x7ff32b5ae710","      ELECT P1, URZ, PT","12","0","12","524288","16777216","16777216","32","32","32","0","0","-","-","-","0","0","0","0","0","0","0","0","-","0","0","0","0","0","0","0","0","0","0","0","0","0","0","0","0","0","0","12","0","0","0","0","0","0","0","0","0","0","0","0","0","0","0","0","0","0","0","0","0"
"0x7ff32b5ae720","      MOV R2, UR4","25","4","25","524288","16777216","16777216","32","32","0","0","0","-","-","-","0","0","0","0","0","0","0","0","-","0","0","0","0","0","0","0","0","0","0","0","0","0","0","0","0","0","6","9","0","0","0","10","0","0","0","0","0","0","0","0","0","0","0","0","0","0","0","0","4"
"0x7ff32b5ae730","      VIADD R12, R12, 0x1","9","0","9","524288","16777216","16777216","32","32","0","0","0","-","-","-","0","0","0","0","0","0","0","0","-","0","0","0","0","0","0","0","0","0","0","0","0","0","0","0","0","0","0","9","0","0","0","0","0","0","0","0","0","0","0","0","0","0","0","0","0","0","0","0","0"
"0x7ff32b5ae740","      BSSY.RECONVERGENT B0, 0x7ff32b5af8c0","18","0","18","524288","16777216","16777216","32","32","0","0","0","-","-","-","0","0","0","0","0","0","0","0","-","0","0","0","0","0","0","0","0","0","0","0","0","0","0","0","0","0","0","18","0","0","0","0","0","0","0","0","0","0","0","0","0","0","0","0","0","0","0","0","0"
"0x7ff32b5ae750","      LEA R7, R98, UR31, 0x2","11","0","11","524288","16777216","16777216","32","32","0","0","0","-","-","-","0","0","0","0","0","0","0","0","-","0","0","0","0","0","0","0","0","0","0","0","0","0","0","0","0","0","0","11","0","0","0","0","0","0","0","0","0","0","0","0","0","0","0","0","0","0","0","0","0"
"0x7ff32b5ae760","      VIADD R11, R11, 0x1","7","0","7","524288","16777216","16777216","32","32","0","0","0","-","-","-","0","0","0","0","0","0","0","0","-","0","0","0","0","0","0","0","0","0","0","0","0","0","0","0","0","0","0","7","0","0","0","0","0","0","0","0","0","0","0","0","0","0","0","0","0","0","0","0","0"
"0x7ff32b5ae770","      IADD3 R10, P0, PT, R10, 0x200, RZ","11","0","11","524288","16777216","16777216","32","32","0","0","0","-","-","-","0","0","0","0","0","0","0","0","-","0","0","0","0","0","0","0","0","0","0","0","0","0","0","0","0","0","0","11","0","0","0","0","0","0","0","0","0","0","0","0","0","0","0","0","0","0","0","0","0"
"0x7ff32b5ae780","      ISETP.NE.U32.AND P2, PT, R12, 0x2, PT","49","5","49","524288","16777216","16777216","32","32","0","0","0","-","-","-","0","0","0","0","0","0","0","0","-","0","0","0","0","0","0","0","0","0","0","0","0","0","0","0","0","0","26","6","0","0","0","17","0","0","0","0","0","0","0","0","0","0","0","0","0","0","0","0","5"
"0x7ff32b5ae790","      STS [R7+0x2f100], R4","5422","4943","5422","524288","16777216","16777216","32","32","0","0","0","Shared","Store","32","0","1","0","524288","524288","0","0","0","-","0","0","0","0","0","0","0","0","0","0","0","5408","0","0","0","0","0","1","13","0","0","0","0","0","0","0","0","0","4943","0","0","0","0","0","0","0","0","0","0","0"
"0x7ff32b5ae7a0","      BAR.SYNC.DEFER_BLOCKING 0x2, 0x80","9","0","9","524288","16777216","16777216","32","32","0","0","0","-","-","-","0","0","0","0","0","0","0","0","-","0","0","0","0","0","0","0","0","0","0","0","0","0","0","0","0","0","0","9","0","0","0","0","0","0","0","0","0","0","0","0","0","0","0","0","0","0","0","0","0"
"0x7ff32b5ae7b0","@!P3  SYNCS.ARRIVE.TRANS64 RZ, [R2+UR7+0x2f910], R5","403","389","403","524288","16777216","131072","32","0","32","32","0","-","-","-","0","0","0","0","0","0","0","0","-","0","0","0","0","0","0","345","0","0","0","0","0","0","0","0","0","0","0","10","0","0","0","48","343","0","0","0","0","0","0","0","0","0","0","0","0","0","0","0","46"
"0x7ff32b5ae7c0","      IADD3 R2, PT, PT, R9, 0x1, RZ","111","97","111","524288","16777216","16777216","32","32","32","0","0","-","-","-","0","0","0","0","0","0","0","0","-","0","0","0","0","0","0","0","0","0","0","0","85","0","0","0","0","0","2","11","0","0","0","13","0","0","0","0","0","84","0","0","0","0","0","0","0","0","0","0","13"
"0x7ff32b5ae7d0","      BAR.SYNC.DEFER_BLOCKING 0x2, 0x80","12","0","12","524288","16777216","16777216","32","32","0","0","0","-","-","-","0","0","0","0","0","0","0","0","-","0","0","0","0","0","0","0","0","0","0","0","0","0","0","0","0","0","0","12","0","0","0","0","0","0","0","0","0","0","0","0","0","0","0","0","0","0","0","0","0"
"0x7ff32b5ae7e0","@!P1  BRA 0x7ff32b5af8a0","203","188","203","524288","16777216","16252928","32","31","1","1","524288","-","-","-","0","0","0","0","0","0","0","0","-","0","0","0","0","0","0","146","0","0","0","0","0","0","0","0","0","0","0","14","0","0","0","43","145","0","0","0","0","0","0","0","0","0","0","0","0","0","0","0","43"
"0x7ff32b5ae7f0","      R2UR UR4, R81","87","74","87","524288","524288","524288","1","1","30","31","0","-","-","-","0","0","0","0","0","0","0","0","-","0","0","0","0","0","0","0","26","0","0","0","0","0","0","0","0","0","0","11","0","0","0","50","0","25","0","0","0","0","0","0","0","0","0","0","0","0","0","0","49"
"0x7ff32b5ae800","      ULEA UR5, UR39, UR47, 0x7","14","0","14","524288","524288","524288","1","1","0","31","0","-","-","-","0","0","0","0","0","0","0","0","-","0","0","0","0","0","0","0","0","0","0","0","0","0","0","0","0","0","0","14","0","0","0","0","0","0","0","0","0","0","0","0","0","0","0","0","0","0","0","0","0"
"0x7ff32b5ae810","      UIADD3 UR41, UPT, UPT, UR6, 0x2f910, URZ","11","6","11","524288","524288","524288","1","1","0","31","0","-","-","-","0","0","0","0","0","0","0","0","-","0","0","0","0","0","0","0","0","0","0","0","0","0","0","0","0","0","0","5","0","0","0","6","0","0","0","0","0","0","0","0","0","0","0","0","0","0","0","0","6"
"0x7ff32b5ae820","      ULEA UR5, UR5, UR7, 0x6","31","14","31","524288","524288","524288","1","1","0","31","0","-","-","-","0","0","0","0","0","0","0","0","-","0","0","0","0","0","0","0","0","0","0","0","0","0","0","0","0","0","0","17","0","0","0","14","0","0","0","0","0","0","0","0","0","0","0","0","0","0","0","0","14"
"0x7ff32b5ae830","      UMOV UR10, UR42","9","0","9","524288","524288","524288","1","1","0","31","0","-","-","-","0","0","0","0","0","0","0","0","-","0","0","0","0","0","0","0","0","0","0","0","0","0","0","0","0","0","0","9","0","0","0","0","0","0","0","0","0","0","0","0","0","0","0","0","0","0","0","0","0"
"0x7ff32b5ae840","      UMOV UR34, 0x80","13","0","13","524288","524288","524288","1","1","0","31","0","-","-","-","0","0","0","0","0","0","0","0","-","0","0","0","0","0","0","0","0","0","0","0","0","0","0","0","0","0","0","13","0","0","0","0","0","0","0","0","0","0","0","0","0","0","0","0","0","0","0","0","0"
"0x7ff32b5ae850","      UIADD3 UR8, UPT, UPT, UR5, 0x29000, URZ","13","10","13","524288","524288","524288","1","1","0","31","0","-","-","-","0","0","0","0","0","0","0","0","-","0","0","0","0","0","0","0","0","0","0","0","0","0","0","0","0","0","0","3","0","0","0","10","0","0","0","0","0","0","0","0","0","0","0","0","0","0","0","0","10"
"0x7ff32b5ae860","      UMOV UR65, UR41","12","0","12","524288","524288","524288","1","1","0","31","0","-","-","-","0","0","0","0","0","0","0","0","-","0","0","0","0","0","0","0","0","0","0","0","0","0","0","0","0","0","0","12","0","0","0","0","0","0","0","0","0","0","0","0","0","0","0","0","0","0","0","0","0"
"0x7ff32b5ae870","      UMOV UR57, UR41","16","0","16","524288","524288","524288","1","1","0","31","0","-","-","-","0","0","0","0","0","0","0","0","-","0","0","0","0","0","0","0","0","0","0","0","0","0","0","0","0","0","0","16","0","0","0","0","0","0","0","0","0","0","0","0","0","0","0","0","0","0","0","0","0"
"0x7ff32b5ae880","      ULEA UR15, UR4, UR31, 0x7","44","13","44","524288","524288","524288","1","1","0","31","0","-","-","-","0","0","0","0","0","0","0","0","-","0","0","0","0","0","0","0","0","0","0","0","0","1","0","0","0","0","2","14","0","0","0","27","0","0","0","0","0","0","0","0","0","0","0","0","0","0","0","0","13"
"0x7ff32b5ae890","      ULEA UR4, UR39, UR47, 0x9","23","16","23","524288","524288","524288","1","1","0","31","0","-","-","-","0","0","0","0","0","0","0","0","-","0","0","0","0","0","0","0","0","9","0","0","0","0","0","0","0","0","0","7","0","0","0","7","0","0","9","0","0","0","0","0","0","0","0","0","0","0","0","0","7"
"0x7ff32b5ae8a0","      UMOV UR49, UR41","9","0","9","524288","524288","524288","1","1","0","31","0","-","-","-","0","0","0","0","0","0","0","0","-","0","0","0","0","0","0","0","0","0","0","0","0","0","0","0","0","0","0","9","0","0","0","0","0","0","0","0","0","0","0","0","0","0","0","0","0","0","0","0","0"
"0x7ff32b5ae8b0","      UMOV UR9, UR41","6","0","6","524288","524288","524288","1","1","0","31","0","-","-","-","0","0","0","0","0","0","0","0","-","0","0","0","0","0","0","0","0","0","0","0","0","0","0","0","0","0","0","6","0","0","0","0","0","0","0","0","0","0","0","0","0","0","0","0","0","0","0","0","0"
"0x7ff32b5ae8c0","      ULEA UR4, UR4, UR7, 0x7","33","13","33","524288","524288","524288","1","1","0","31","0","-","-","-","0","0","0","0","0","0","0","0","-","0","0","0","0","0","0","0","0","0","0","0","0","0","0","0","0","0","0","12","0","0","0","21","0","0","0","0","0","0","0","0","0","0","0","0","0","0","0","0","13"
"0x7ff32b5ae8d0","      UMOV UR33, UR41","13","0","13","524288","524288","524288","1","1","0","31","0","-","-","-","0","0","0","0","0","0","0","0","-","0","0","0","0","0","0","0","0","0","0","0","0","0","0","0","0","0","0","13","0","0","0","0","0","0","0","0","0","0","0","0","0","0","0","0","0","0","0","0","0"
"0x7ff32b5ae8e0","      LDS.128 R4, [UR15+0x2f100]","18","10","18","524288","524288","524288","1","1","0","31","0","Shared","Load","128","0","1","0","524288","524288","0","0","0","-","0","0","0","0","0","0","0","0","0","0","0","0","0","0","0","0","0","0","8","0","0","0","10","0","0","0","0","0","0","0","0","0","0","0","0","0","0","0","0","10"
"0x7ff32b5ae8f0","      UIADD3 UR40, UPT, UPT, UR4, 0x9000, URZ","7","0","7","524288","524288","524288","1","1","0","31","0","-","-","-","0","0","0","0","0","0","0","0","-","0","0","0","0","0","0","0","0","0","0","0","0","0","0","0","0","0","0","7","0","0","0","0","0","0","0","0","0","0","0","0","0","0","0","0","0","0","0","0","0"
"0x7ff32b5ae900","      UIADD3 UR64, UPT, UPT, UR4, 0xd000, URZ","24","9","24","524288","524288","524288","1","1","0","31","0","-","-","-","0","0","0","0","0","0","0","0","-","0","0","0","0","0","0","0","0","0","0","0","0","0","0","0","0","0","1","14","0","0","0","9","0","0","0","0","0","0","0","0","0","0","0","0","0","0","0","0","9"
"0x7ff32b5ae910","      UIADD3 UR56, UPT, UPT, UR4, 0x11000, URZ","23","7","23","524288","524288","524288","1","1","0","31","0","-","-","-","0","0","0","0","0","0","0","0","-","0","0","0","0","0","0","0","0","0","0","0","0","0","0","0","0","0","0","16","0","0","0","7","0","0","0","0","0","0","0","0","0","0","0","0","0","0","0","0","7"
"0x7ff32b5ae920","      UIADD3 UR48, UPT, UPT, UR4, 0x15000, URZ","30","17","30","524288","524288","524288","1","1","0","31","0","-","-","-","0","0","0","0","0","0","0","0","-","0","0","0","0","0","0","0","0","0","0","0","0","0","0","0","0","0","1","12","0","0","0","17","0","0","0","0","0","0","0","0","0","0","0","0","0","0","0","0","17"
"0x7ff32b5ae930","      UIADD3 UR32, UPT, UPT, UR4, 0xd200, URZ","21","11","21","524288","524288","524288","1","1","0","31","0","-","-","-","0","0","0","0","0","0","0","0","-","0","0","0","0","0","0","0","0","0","0","0","0","0","0","0","0","0","0","10","0","0","0","11","0","0","0","0","0","0","0","0","0","0","0","0","0","0","0","0","11"
"0x7ff32b5ae940","      UIADD3 UR24, UPT, UPT, UR4, 0x11200, URZ","18","12","18","524288","524288","524288","1","1","0","31","0","-","-","-","0","0","0","0","0","0","0","0","-","0","0","0","0","0","0","0","0","0","0","0","0","0","0","0","0","0","0","6","0","0","0","12","0","0","0","0","0","0","0","0","0","0","0","0","0","0","0","0","12"
"0x7ff32b5ae950","      UIADD3 UR16, UPT, UPT, UR4, 0x15200, URZ","19","8","19","524288","524288","524288","1","1","0","31","0","-","-","-","0","0","0","0","0","0","0","0","-","0","0","0","0","0","0","0","0","0","0","0","0","0","0","0","0","0","0","10","0","0","0","9","0","0","0","0","0","0","0","0","0","0","0","0","0","0","0","0","8"
"0x7ff32b5ae960","      UMOV UR26, 0x100","11","0","11","524288","524288","524288","1","1","0","31","0","-","-","-","0","0","0","0","0","0","0","0","-","0","0","0","0","0","0","0","0","0","0","0","0","0","0","0","0","0","0","11","0","0","0","0","0","0","0","0","0","0","0","0","0","0","0","0","0","0","0","0","0"
"0x7ff32b5ae970","      UMOV UR25, UR41","8","0","8","524288","524288","524288","1","1","0","31","0","-","-","-","0","0","0","0","0","0","0","0","-","0","0","0","0","0","0","0","0","0","0","0","0","0","0","0","0","0","0","8","0","0","0","0","0","0","0","0","0","0","0","0","0","0","0","0","0","0","0","0","0"
"0x7ff32b5ae980","      UMOV UR18, 0x180","7","0","7","524288","524288","524288","1","1","0","31","0","-","-","-","0","0","0","0","0","0","0","0","-","0","0","0","0","0","0","0","0","0","0","0","0","0","0","0","0","0","0","7","0","0","0","0","0","0","0","0","0","0","0","0","0","0","0","0","0","0","0","0","0"
"0x7ff32b5ae990","      UMOV UR17, UR41","9","0","9","524288","524288","524288","1","1","0","31","0","-","-","-","0","0","0","0","0","0","0","0","-","0","0","0","0","0","0","0","0","0","0","0","0","0","0","0","0","0","0","9","0","0","0","0","0","0","0","0","0","0","0","0","0","0","0","0","0","0","0","0","0"
"0x7ff32b5ae9a0","      R2UR UR46, R7","175","155","175","524288","524288","524288","1","1","0","31","0","-","-","-","0","0","0","0","0","0","0","0","-","0","0","0","0","0","0","0","0","1","0","0","0","3","0","0","0","0","6","11","154","0","0","0","0","0","0","0","0","0","3","0","0","0","0","0","0","152","0","0","0"
"0x7ff32b5ae9b0","      R2UR UR45, R6","24","10","24","524288","524288","524288","1","1","0","31","0","-","-","-","0","0","0","0","0","0","0","0","-","0","0","0","0","0","0","0","0","0","0","0","0","2","0","0","0","0","1","12","0","0","0","9","0","0","0","0","0","0","2","0","0","0","0","0","0","0","0","0","8"
"0x7ff32b5ae9c0","      R2UR UR44, R5","25","9","25","524288","524288","524288","1","1","0","31","0","-","-","-","0","0","0","0","0","0","0","0","-","0","0","0","0","0","0","0","0","1","0","0","0","0","0","0","0","0","0","15","0","0","0","9","0","0","0","0","0","0","0","0","0","0","0","0","0","0","0","0","9"
"0x7ff32b5ae9d0","      R2UR UR43, R4","17","10","17","524288","524288","524288","1","1","0","31","0","-","-","-","0","0","0","0","0","0","0","0","-","0","0","0","0","0","0","0","0","0","0","0","0","1","0","0","0","0","0","7","0","0","0","9","0","0","0","0","0","0","1","0","0","0","0","0","0","0","0","0","9"
"0x7ff32b5ae9e0","      UMOV UR70, UR46","62","51","62","524288","524288","524288","1","1","0","31","0","-","-","-","0","0","0","0","0","0","0","0","-","0","0","0","0","0","0","0","0","0","0","0","0","0","0","0","0","0","1","10","0","0","0","51","0","0","0","0","0","0","0","0","0","0","0","0","0","0","0","0","51"
"0x7ff32b5ae9f0","      UMOV UR62, UR46","9","0","9","524288","524288","524288","1","1","0","31","0","-","-","-","0","0","0","0","0","0","0","0","-","0","0","0","0","0","0","0","0","0","0","0","0","0","0","0","0","0","0","9","0","0","0","0","0","0","0","0","0","0","0","0","0","0","0","0","0","0","0","0","0"
"0x7ff32b5aea00","      UMOV UR69, UR45","9","0","9","524288","524288","524288","1","1","0","31","0","-","-","-","0","0","0","0","0","0","0","0","-","0","0","0","0","0","0","0","0","0","0","0","0","0","0","0","0","0","0","9","0","0","0","0","0","0","0","0","0","0","0","0","0","0","0","0","0","0","0","0","0"
"0x7ff32b5aea10","      UMOV UR61, UR45","11","0","11","524288","524288","524288","1","1","0","31","0","-","-","-","0","0","0","0","0","0","0","0","-","0","0","0","0","0","0","0","0","0","0","0","0","0","0","0","0","0","0","11","0","0","0","0","0","0","0","0","0","0","0","0","0","0","0","0","0","0","0","0","0"
"0x7ff32b5aea20","      UMOV UR68, UR44","11","0","11","524288","524288","524288","1","1","0","31","0","-","-","-","0","0","0","0","0","0","0","0","-","0","0","0","0","0","0","0","0","0","0","0","0","0","0","0","0","0","0","11","0","0","0","0","0","0","0","0","0","0","0","0","0","0","0","0","0","0","0","0","0"
"0x7ff32b5aea30","      UMOV UR60, UR44","9","0","9","524288","524288","524288","1","1","0","31","0","-","-","-","0","0","0","0","0","0","0","0","-","0","0","0","0","0","0","0","0","0","0","0","0","0","0","0","0","0","0","9","0","0","0","0","0","0","0","0","0","0","0","0","0","0","0","0","0","0","0","0","0"
"0x7ff32b5aea40","      UMOV UR67, UR43","20","0","20","524288","524288","524288","1","1","0","31","0","-","-","-","0","0","0","0","0","0","0","0","-","0","0","0","0","0","0","0","0","10","0","0","0","0","0","0","0","0","0","10","0","0","0","0","0","0","0","0","0","0","0","0","0","0","0","0","0","0","0","0","0"
"0x7ff32b5aea50","      UTMALDG.2D.GATHER4 [UR40], [UR72]","28","0","28","524288","524288","524288","1","1","0","31","0","Global,Shared","-","-","0","0","0","0","0","0","0","0","-","0","0","0","0","0","0","0","0","12","0","0","0","0","0","0","0","0","0","16","0","0","0","0","0","0","0","0","0","0","0","0","0","0","0","0","0","0","0","0","0"
"0x7ff32b5aea60","      UMOV UR59, UR43","4","0","4","524288","524288","524288","1","1","0","31","0","-","-","-","0","0","0","0","0","0","0","0","-","0","0","0","0","0","0","0","0","0","0","0","0","0","0","0","0","0","0","4","0","0","0","0","0","0","0","0","0","0","0","0","0","0","0","0","0","0","0","0","0"
"0x7ff32b5aea70","      UMOV UR51, UR43","16","0","16","524288","524288","524288","1","1","0","31","0","-","-","-","0","0","0","0","0","0","0","0","-","0","0","0","0","0","0","0","0","0","0","0","0","0","0","0","0","0","0","16","0","0","0","0","0","0","0","0","0","0","0","0","0","0","0","0","0","0","0","0","0"
"0x7ff32b5aea80","      UMOV UR52, UR44","14","0","14","524288","524288","524288","1","1","0","31","0","-","-","-","0","0","0","0","0","0","0","0","-","0","0","0","0","0","0","0","0","0","0","0","0","0","0","0","0","0","0","14","0","0","0","0","0","0","0","0","0","0","0","0","0","0","0","0","0","0","0","0","0"
"0x7ff32b5aea90","      UMOV UR53, UR45","9","0","9","524288","524288","524288","1","1","0","31","0","-","-","-","0","0","0","0","0","0","0","0","-","0","0","0","0","0","0","0","0","0","0","0","0","0","0","0","0","0","0","9","0","0","0","0","0","0","0","0","0","0","0","0","0","0","0","0","0","0","0","0","0"
"0x7ff32b5aeaa0","      UMOV UR54, UR46","9","0","9","524288","524288","524288","1","1","0","31","0","-","-","-","0","0","0","0","0","0","0","0","-","0","0","0","0","0","0","0","0","0","0","0","0","0","0","0","0","0","0","9","0","0","0","0","0","0","0","0","0","0","0","0","0","0","0","0","0","0","0","0","0"
"0x7ff32b5aeab0","      UMOV UR11, UR43","8","0","8","524288","524288","524288","1","1","0","31","0","-","-","-","0","0","0","0","0","0","0","0","-","0","0","0","0","0","0","0","0","0","0","0","0","0","0","0","0","0","0","8","0","0","0","0","0","0","0","0","0","0","0","0","0","0","0","0","0","0","0","0","0"
"0x7ff32b5aeac0","      UMOV UR12, UR44","11","0","11","524288","524288","524288","1","1","0","31","0","-","-","-","0","0","0","0","0","0","0","0","-","0","0","0","0","0","0","0","0","0","0","0","0","0","0","0","0","0","0","11","0","0","0","0","0","0","0","0","0","0","0","0","0","0","0","0","0","0","0","0","0"
"0x7ff32b5aead0","      UTMALDG.2D.GATHER4 [UR64], [UR72]","9","0","9","524288","524288","524288","1","1","0","31","0","Global,Shared","-","-","0","0","0","0","0","0","0","0","-","0","0","0","0","0","0","0","0","0","0","0","0","0","0","0","0","0","0","9","0","0","0","0","0","0","0","0","0","0","0","0","0","0","0","0","0","0","0","0","0"
"0x7ff32b5aeae0","      UMOV UR13, UR45","13","0","13","524288","524288","524288","1","1","0","31","0","-","-","-","0","0","0","0","0","0","0","0","-","0","0","0","0","0","0","0","0","0","0","0","0","0","0","0","0","0","0","13","0","0","0","0","0","0","0","0","0","0","0","0","0","0","0","0","0","0","0","0","0"
"0x7ff32b5aeaf0","      UMOV UR14, UR46","11","0","11","524288","524288","524288","1","1","0","31","0","-","-","-","0","0","0","0","0","0","0","0","-","0","0","0","0","0","0","0","0","0","0","0","0","0","0","0","0","0","0","11","0","0","0","0","0","0","0","0","0","0","0","0","0","0","0","0","0","0","0","0","0"
"0x7ff32b5aeb00","      UTMALDG.2D.GATHER4 [UR56], [UR72]","14","3","14","524288","524288","524288","1","1","0","31","0","Global,Shared","-","-","0","0","0","0","0","0","0","0","-","0","0","0","0","0","0","0","0","0","0","0","0","0","0","0","0","3","0","11","0","0","0","0","0","0","0","0","0","0","0","0","0","0","3","0","0","0","0","0","0"
"0x7ff32b5aeb10","      UTMALDG.2D.GATHER4 [UR48], [UR72]","11","0","11","524288","524288","524288","1","1","0","31","0","Global,Shared","-","-","0","0","0","0","0","0","0","0","-","0","0","0","0","0","0","0","0","0","0","0","0","0","0","0","0","0","0","11","0","0","0","0","0","0","0","0","0","0","0","0","0","0","0","0","0","0","0","0","0"
"0x7ff32b5aeb20","      UTMALDG.2D.GATHER4 [UR8], [UR74]","118","97","118","524288","524288","524288","1","1","0","31","0","Global,Shared","-","-","0","0","0","0","0","0","0","0","-","0","0","0","0","0","0","0","0","0","0","0","0","0","0","105","0","0","2","11","0","0","0","0","0","0","0","0","0","0","0","0","97","0","0","0","0","0","0","0","0"
"0x7ff32b5aeb30","      UIADD3 UR40, UPT, UPT, UR4, 0x9200, URZ","10","0","10","524288","524288","524288","1","1","0","31","0","-","-","-","0","0","0","0","0","0","0","0","-","0","0","0","0","0","0","0","0","0","0","0","0","0","0","0","0","0","0","10","0","0","0","0","0","0","0","0","0","0","0","0","0","0","0","0","0","0","0","0","0"
"0x7ff32b5aeb40","      LDS.128 R4, [UR15+0x2f110]","10","0","10","524288","524288","524288","1","1","0","31","0","Shared","Load","128","0","1","0","524288","524288","0","0","0","-","0","0","0","0","0","0","0","0","0","0","0","0","0","0","0","0","0","0","10","0","0","0","0","0","0","0","0","0","0","0","0","0","0","0","0","0","0","0","0","0"
"0x7ff32b5aeb50","      UIADD3 UR8, UPT, UPT, UR5, 0x29100, URZ","708","677","708","524288","524288","524288","1","1","0","31","0","-","-","-","0","0","0","0","0","0","0","0","-","0","0","0","0","0","0","0","0","0","0","0","699","0","0","0","0","0","2","7","0","0","0","0","0","0","0","0","0","677","0","0","0","0","0","0","0","0","0","0","0"
"0x7ff32b5aeb60","      R2UR UR46, R7","12","1","12","524288","524288","524288","1","1","0","31","0","-","-","-","0","0","0","0","0","0","0","0","-","0","0","0","0","0","0","0","0","0","0","0","0","1","0","0","0","0","1","10","0","0","0","0","0","0","0","0","0","0","1","0","0","0","0","0","0","0","0","0","0"
"0x7ff32b5aeb70","      R2UR UR45, R6","37","23","37","524288","524288","524288","1","1","0","31","0","-","-","-","0","0","0","0","0","0","0","0","-","0","0","0","0","0","0","0","0","0","0","0","0","5","0","0","0","0","6","8","0","0","0","18","0","0","0","0","0","0","5","0","0","0","0","0","0","0","0","0","18"
"0x7ff32b5aeb80","      R2UR UR44, R5","37","19","37","524288","524288","524288","1","1","0","31","0","-","-","-","0","0","0","0","0","0","0","0","-","0","0","0","0","0","0","0","0","0","0","0","0","0","0","0","0","0","0","18","0","0","0","19","0","0","0","0","0","0","0","0","0","0","0","0","0","0","0","0","19"
"0x7ff32b5aeb90","      R2UR UR43, R4","20","8","20","524288","524288","524288","1","1","0","31","0","-","-","-","0","0","0","0","0","0","0","0","-","0","0","0","0","0","0","0","0","0","0","0","0","0","0","0","0","0","0","11","0","0","0","9","0","0","0","0","0","0","0","0","0","0","0","0","0","0","0","0","8"
"0x7ff32b5aeba0","      UMOV UR38, UR46","81","60","81","524288","524288","524288","1","1","0","31","0","-","-","-","0","0","0","0","0","0","0","0","-","0","0","0","0","0","0","0","0","1","0","0","0","0","0","0","0","0","4","15","0","0","0","61","0","0","0","0","0","0","0","0","0","0","0","0","0","0","0","0","60"
"0x7ff32b5aebb0","      UMOV UR30, UR46","13","0","13","524288","524288","524288","1","1","0","31","0","-","-","-","0","0","0","0","0","0","0","0","-","0","0","0","0","0","0","0","0","0","0","0","0","0","0","0","0","0","0","13","0","0","0","0","0","0","0","0","0","0","0","0","0","0","0","0","0","0","0","0","0"
"0x7ff32b5aebc0","      UMOV UR37, UR45","7","0","7","524288","524288","524288","1","1","0","31","0","-","-","-","0","0","0","0","0","0","0","0","-","0","0","0","0","0","0","0","0","0","0","0","0","0","0","0","0","0","0","7","0","0","0","0","0","0","0","0","0","0","0","0","0","0","0","0","0","0","0","0","0"
"0x7ff32b5aebd0","      UMOV UR29, UR45","12","0","12","524288","524288","524288","1","1","0","31","0","-","-","-","0","0","0","0","0","0","0","0","-","0","0","0","0","0","0","0","0","0","0","0","0","0","0","0","0","0","0","12","0","0","0","0","0","0","0","0","0","0","0","0","0","0","0","0","0","0","0","0","0"
"0x7ff32b5aebe0","      UMOV UR36, UR44","17","0","17","524288","524288","524288","1","1","0","31","0","-","-","-","0","0","0","0","0","0","0","0","-","0","0","0","0","0","0","0","0","0","0","0","0","0","0","0","0","0","0","17","0","0","0","0","0","0","0","0","0","0","0","0","0","0","0","0","0","0","0","0","0"
"0x7ff32b5aebf0","      UMOV UR28, UR44","13","0","13","524288","524288","524288","1","1","0","31","0","-","-","-","0","0","0","0","0","0","0","0","-","0","0","0","0","0","0","0","0","0","0","0","0","0","0","0","0","0","0","13","0","0","0","0","0","0","0","0","0","0","0","0","0","0","0","0","0","0","0","0","0"
"0x7ff32b5aec00","      UMOV UR35, UR43","19","0","19","524288","524288","524288","1","1","0","31","0","-","-","-","0","0","0","0","0","0","0","0","-","0","0","0","0","0","0","0","0","9","0","0","0","0","0","0","0","0","0","10","0","0","0","0","0","0","0","0","0","0","0","0","0","0","0","0","0","0","0","0","0"
"0x7ff32b5aec10","      UTMALDG.2D.GATHER4 [UR40], [UR72]","22","0","22","524288","524288","524288","1","1","0","31","0","Global,Shared","-","-","0","0","0","0","0","0","0","0","-","0","0","0","0","0","0","0","0","13","0","0","0","0","0","0","0","0","0","9","0","0","0","0","0","0","0","0","0","0","0","0","0","0","0","0","0","0","0","0","0"
"0x7ff32b5aec20","      UMOV UR27, UR43","14","0","14","524288","524288","524288","1","1","0","31","0","-","-","-","0","0","0","0","0","0","0","0","-","0","0","0","0","0","0","0","0","0","0","0","0","0","0","0","0","0","0","14","0","0","0","0","0","0","0","0","0","0","0","0","0","0","0","0","0","0","0","0","0"
"0x7ff32b5aec30","      UMOV UR19, UR43","10","0","10","524288","524288","524288","1","1","0","31","0","-","-","-","0","0","0","0","0","0","0","0","-","0","0","0","0","0","0","0","0","1","0","0","0","0","0","0","0","0","0","9","0","0","0","0","0","0","0","0","0","0","0","0","0","0","0","0","0","0","0","0","0"
"0x7ff32b5aec40","      UMOV UR20, UR44","7","0","7","524288","524288","524288","1","1","0","31","0","-","-","-","0","0","0","0","0","0","0","0","-","0","0","0","0","0","0","0","0","0","0","0","0","0","0","0","0","0","0","7","0","0","0","0","0","0","0","0","0","0","0","0","0","0","0","0","0","0","0","0","0"
"0x7ff32b5aec50","      UMOV UR21, UR45","11","0","11","524288","524288","524288","1","1","0","31","0","-","-","-","0","0","0","0","0","0","0","0","-","0","0","0","0","0","0","0","0","0","0","0","0","0","0","0","0","0","0","11","0","0","0","0","0","0","0","0","0","0","0","0","0","0","0","0","0","0","0","0","0"
"0x7ff32b5aec60","      UMOV UR22, UR46","2","0","2","524288","524288","524288","1","1","0","31","0","-","-","-","0","0","0","0","0","0","0","0","-","0","0","0","0","0","0","0","0","0","0","0","0","0","0","0","0","0","0","2","0","0","0","0","0","0","0","0","0","0","0","0","0","0","0","0","0","0","0","0","0"
"0x7ff32b5aec70","      UMOV UR11, UR43","11","0","11","524288","524288","524288","1","1","0","31","0","-","-","-","0","0","0","0","0","0","0","0","-","0","0","0","0","0","0","0","0","0","0","0","0","0","0","0","0","0","0","11","0","0","0","0","0","0","0","0","0","0","0","0","0","0","0","0","0","0","0","0","0"
"0x7ff32b5aec80","      UMOV UR12, UR44","10","0","10","524288","524288","524288","1","1","0","31","0","-","-","-","0","0","0","0","0","0","0","0","-","0","0","0","0","0","0","0","0","0","0","0","0","0","0","0","0","0","0","10","0","0","0","0","0","0","0","0","0","0","0","0","0","0","0","0","0","0","0","0","0"
"0x7ff32b5aec90","      UTMALDG.2D.GATHER4 [UR32], [UR72]","13","0","13","524288","524288","524288","1","1","0","31","0","Global,Shared","-","-","0","0","0","0","0","0","0","0","-","0","0","0","0","0","0","0","0","0","0","0","0","0","0","0","0","0","0","13","0","0","0","0","0","0","0","0","0","0","0","0","0","0","0","0","0","0","0","0","0"
"0x7ff32b5aeca0","      UMOV UR13, UR45","13","0","13","524288","524288","524288","1","1","0","31","0","-","-","-","0","0","0","0","0","0","0","0","-","0","0","0","0","0","0","0","0","0","0","0","0","0","0","0","0","0","0","13","0","0","0","0","0","0","0","0","0","0","0","0","0","0","0","0","0","0","0","0","0"
"0x7ff32b5aecb0","      UMOV UR14, UR46","10","0","10","524288","524288","524288","1","1","0","31","0","-","-","-","0","0","0","0","0","0","0","0","-","0","0","0","0","0","0","0","0","0","0","0","0","0","0","0","0","0","0","10","0","0","0","0","0","0","0","0","0","0","0","0","0","0","0","0","0","0","0","0","0"
"0x7ff32b5aecc0","      UTMALDG.2D.GATHER4 [UR24], [UR72]","14","0","14","524288","524288","524288","1","1","0","31","0","Global,Shared","-","-","0","0","0","0","0","0","0","0","-","0","0","0","0","0","0","0","0","0","0","0","0","0","0","0","0","0","0","14","0","0","0","0","0","0","0","0","0","0","0","0","0","0","0","0","0","0","0","0","0"
"0x7ff32b5aecd0","      UTMALDG.2D.GATHER4 [UR16], [UR72]","11","0","11","524288","524288","524288","1","1","0","31","0","Global,Shared","-","-","0","0","0","0","0","0","0","0","-","0","0","0","0","0","0","0","0","0","0","0","0","0","0","0","0","0","0","11","0","0","0","0","0","0","0","0","0","0","0","0","0","0","0","0","0","0","0","0","0"
"0x7ff32b5aece0","      UTMALDG.2D.GATHER4 [UR8], [UR74]","151","116","151","524288","524288","524288","1","1","0","31","0","Global,Shared","-","-","0","0","0","0","0","0","0","0","-","0","0","0","0","0","0","0","0","0","0","0","0","0","0","120","0","0","12","19","0","0","0","0","0","0","0","0","0","0","0","0","116","0","0","0","0","0","0","0","0"
"0x7ff32b5aecf0","      UIADD3 UR40, UPT, UPT, UR4, 0x9400, URZ","6","0","6","524288","524288","524288","1","1","0","31","0","-","-","-","0","0","0","0","0","0","0","0","-","0","0","0","0","0","0","0","0","0","0","0","0","0","0","0","0","0","0","6","0","0","0","0","0","0","0","0","0","0","0","0","0","0","0","0","0","0","0","0","0"
"0x7ff32b5aed00","      LDS.128 R4, [UR15+0x2f120]","7","0","7","524288","524288","524288","1","1","0","31","0","Shared","Load","128","0","1","0","524288","524288","0","0","0","-","0","0","0","0","0","0","0","0","0","0","0","0","0","0","0","0","0","0","7","0","0","0","0","0","0","0","0","0","0","0","0","0","0","0","0","0","0","0","0","0"
"0x7ff32b5aed10","      UIADD3 UR32, UPT, UPT, UR4, 0xd400, URZ","60","45","60","524288","524288","524288","1","1","0","31","0","-","-","-","0","0","0","0","0","0","0","0","-","0","0","0","0","0","0","0","0","0","0","0","46","0","0","0","0","0","2","12","0","0","0","0","0","0","0","0","0","45","0","0","0","0","0","0","0","0","0","0","0"
"0x7ff32b5aed20","      UIADD3 UR24, UPT, UPT, UR4, 0x11400, URZ","162","142","162","524288","524288","524288","1","1","0","31","0","-","-","-","0","0","0","0","0","0","0","0","-","0","0","0","0","0","0","0","0","0","0","0","133","0","0","0","0","0","6","10","0","0","0","13","0","0","0","0","0","130","0","0","0","0","0","0","0","0","0","0","12"
"0x7ff32b5aed30","      UIADD3 UR16, UPT, UPT, UR4, 0x15400, URZ","211","184","211","524288","524288","524288","1","1","0","31","0","-","-","-","0","0","0","0","0","0","0","0","-","0","0","0","0","0","0","0","0","0","0","0","185","0","0","0","0","0","1","16","0","0","0","9","0","0","0","0","0","175","0","0","0","0","0","0","0","0","0","0","9"
"0x7ff32b5aed40","      UIADD3 UR8, UPT, UPT, UR5, 0x29200, URZ","234","207","234","524288","524288","524288","1","1","0","31","0","-","-","-","0","0","0","0","0","0","0","0","-","0","0","0","0","0","0","0","0","0","0","0","206","0","0","0","0","0","6","14","0","0","0","8","0","0","0","0","0","200","0","0","0","0","0","0","0","0","0","0","7"
"0x7ff32b5aed50","      R2UR UR46, R7","47","13","47","524288","524288","524288","1","1","0","31","0","-","-","-","0","0","0","0","0","0","0","0","-","0","0","0","0","0","0","0","0","0","0","0","0","9","0","0","0","0","18","16","4","0","0","0","0","0","0","0","0","0","9","0","0","0","0","0","0","4","0","0","0"
"0x7ff32b5aed60","      R2UR UR45, R6","23","13","23","524288","524288","524288","1","1","0","31","0","-","-","-","0","0","0","0","0","0","0","0","-","0","0","0","0","0","0","0","0","0","0","0","0","0","0","0","0","0","2","7","0","0","0","14","0","0","0","0","0","0","0","0","0","0","0","0","0","0","0","0","13"
"0x7ff32b5aed70","      R2UR UR44, R5","25","12","25","524288","524288","524288","1","1","0","31","0","-","-","-","0","0","0","0","0","0","0","0","-","0","0","0","0","0","0","0","0","0","0","0","0","0","0","0","0","0","2","11","0","0","0","12","0","0","0","0","0","0","0","0","0","0","0","0","0","0","0","0","12"
"0x7ff32b5aed80","      R2UR UR43, R4","18","9","18","524288","524288","524288","1","1","0","31","0","-","-","-","0","0","0","0","0","0","0","0","-","0","0","0","0","0","0","0","0","0","0","0","0","0","0","0","0","0","2","7","0","0","0","9","0","0","0","0","0","0","0","0","0","0","0","0","0","0","0","0","9"
"0x7ff32b5aed90","      UMOV UR38, UR46","94","57","94","524288","524288","524288","1","1","0","31","0","-","-","-","0","0","0","0","0","0","0","0","-","0","0","0","0","0","0","0","0","0","0","0","0","0","0","0","0","0","13","17","0","0","0","64","0","0","0","0","0","0","0","0","0","0","0","0","0","0","0","0","57"
"0x7ff32b5aeda0","      UMOV UR30, UR46","10","0","10","524288","524288","524288","1","1","0","31","0","-","-","-","0","0","0","0","0","0","0","0","-","0","0","0","0","0","0","0","0","0","0","0","0","0","0","0","0","0","0","10","0","0","0","0","0","0","0","0","0","0","0","0","0","0","0","0","0","0","0","0","0"
"0x7ff32b5aedb0","      UMOV UR37, UR45","11","0","11","524288","524288","524288","1","1","0","31","0","-","-","-","0","0","0","0","0","0","0","0","-","0","0","0","0","0","0","0","0","0","0","0","0","0","0","0","0","0","0","11","0","0","0","0","0","0","0","0","0","0","0","0","0","0","0","0","0","0","0","0","0"
"0x7ff32b5aedc0","      UMOV UR29, UR45","13","0","13","524288","524288","524288","1","1","0","31","0","-","-","-","0","0","0","0","0","0","0","0","-","0","0","0","0","0","0","0","0","0","0","0","0","0","0","0","0","0","0","13","0","0","0","0","0","0","0","0","0","0","0","0","0","0","0","0","0","0","0","0","0"
"0x7ff32b5aedd0","      UMOV UR36, UR44","15","0","15","524288","524288","524288","1","1","0","31","0","-","-","-","0","0","0","0","0","0","0","0","-","0","0","0","0","0","0","0","0","0","0","0","0","0","0","0","0","0","0","15","0","0","0","0","0","0","0","0","0","0","0","0","0","0","0","0","0","0","0","0","0"
"0x7ff32b5aede0","      UMOV UR28, UR44","11","0","11","524288","524288","524288","1","1","0","31","0","-","-","-","0","0","0","0","0","0","0","0","-","0","0","0","0","0","0","0","0","1","0","0","0","0","0","0","0","0","0","10","0","0","0","0","0","0","0","0","0","0","0","0","0","0","0","0","0","0","0","0","0"
"0x7ff32b5aedf0","      UMOV UR35, UR43","15","0","15","524288","524288","524288","1","1","0","31","0","-","-","-","0","0","0","0","0","0","0","0","-","0","0","0","0","0","0","0","0","9","0","0","0","0","0","0","0","0","0","6","0","0","0","0","0","0","0","0","0","0","0","0","0","0","0","0","0","0","0","0","0"
"0x7ff32b5aee00","      UTMALDG.2D.GATHER4 [UR40], [UR72]","18","0","18","524288","524288","524288","1","1","0","31","0","Global,Shared","-","-","0","0","0","0","0","0","0","0","-","0","0","0","0","0","0","0","0","7","0","0","0","0","0","0","0","0","0","11","0","0","0","0","0","0","0","0","0","0","0","0","0","0","0","0","0","0","0","0","0"
"0x7ff32b5aee10","      UMOV UR27, UR43","15","0","15","524288","524288","524288","1","1","0","31","0","-","-","-","0","0","0","0","0","0","0","0","-","0","0","0","0","0","0","0","0","0","0","0","0","0","0","0","0","0","0","15","0","0","0","0","0","0","0","0","0","0","0","0","0","0","0","0","0","0","0","0","0"
"0x7ff32b5aee20","      UMOV UR19, UR43","8","0","8","524288","524288","524288","1","1","0","31","0","-","-","-","0","0","0","0","0","0","0","0","-","0","0","0","0","0","0","0","0","0","0","0","0","0","0","0","0","0","0","8","0","0","0","0","0","0","0","0","0","0","0","0","0","0","0","0","0","0","0","0","0"
"0x7ff32b5aee30","      UMOV UR20, UR44","8","0","8","524288","524288","524288","1","1","0","31","0","-","-","-","0","0","0","0","0","0","0","0","-","0","0","0","0","0","0","0","0","0","0","0","0","0","0","0","0","0","0","8","0","0","0","0","0","0","0","0","0","0","0","0","0","0","0","0","0","0","0","0","0"
"0x7ff32b5aee40","      UMOV UR21, UR45","8","0","8","524288","524288","524288","1","1","0","31","0","-","-","-","0","0","0","0","0","0","0","0","-","0","0","0","0","0","0","0","0","0","0","0","0","0","0","0","0","0","0","8","0","0","0","0","0","0","0","0","0","0","0","0","0","0","0","0","0","0","0","0","0"
"0x7ff32b5aee50","      UMOV UR22, UR46","14","0","14","524288","524288","524288","1","1","0","31","0","-","-","-","0","0","0","0","0","0","0","0","-","0","0","0","0","0","0","0","0","0","0","0","0","0","0","0","0","0","0","14","0","0","0","0","0","0","0","0","0","0","0","0","0","0","0","0","0","0","0","0","0"
"0x7ff32b5aee60","      UMOV UR11, UR43","6","0","6","524288","524288","524288","1","1","0","31","0","-","-","-","0","0","0","0","0","0","0","0","-","0","0","0","0","0","0","0","0","0","0","0","0","0","0","0","0","0","0","6","0","0","0","0","0","0","0","0","0","0","0","0","0","0","0","0","0","0","0","0","0"
"0x7ff32b5aee70","      UMOV UR12, UR44","9","0","9","524288","524288","524288","1","1","0","31","0","-","-","-","0","0","0","0","0","0","0","0","-","0","0","0","0","0","0","0","0","0","0","0","0","0","0","0","0","0","0","9","0","0","0","0","0","0","0","0","0","0","0","0","0","0","0","0","0","0","0","0","0"
"0x7ff32b5aee80","      UTMALDG.2D.GATHER4 [UR32], [UR72]","11","0","11","524288","524288","524288","1","1","0","31","0","Global,Shared","-","-","0","0","0","0","0","0","0","0","-","0","0","0","0","0","0","0","0","0","0","0","0","0","0","0","0","0","1","10","0","0","0","0","0","0","0","0","0","0","0","0","0","0","0","0","0","0","0","0","0"
"0x7ff32b5aee90","      UMOV UR13, UR45","9","0","9","524288","524288","524288","1","1","0","31","0","-","-","-","0","0","0","0","0","0","0","0","-","0","0","0","0","0","0","0","0","0","0","0","0","0","0","0","0","0","0","9","0","0","0","0","0","0","0","0","0","0","0","0","0","0","0","0","0","0","0","0","0"
"0x7ff32b5aeea0","      UMOV UR14, UR46","13","0","13","524288","524288","524288","1","1","0","31","0","-","-","-","0","0","0","0","0","0","0","0","-","0","0","0","0","0","0","0","0","0","0","0","0","0","0","0","0","0","0","13","0","0","0","0","0","0","0","0","0","0","0","0","0","0","0","0","0","0","0","0","0"
"0x7ff32b5aeeb0","      UTMALDG.2D.GATHER4 [UR24], [UR72]","11","0","11","524288","524288","524288","1","1","0","31","0","Global,Shared","-","-","0","0","0","0","0","0","0","0","-","0","0","0","0","0","0","0","0","0","0","0","0","0","0","0","0","0","0","11","0","0","0","0","0","0","0","0","0","0","0","0","0","0","0","0","0","0","0","0","0"
"0x7ff32b5aeec0","      UTMALDG.2D.GATHER4 [UR16], [UR72]","12","0","12","524288","524288","524288","1","1","0","31","0","Global,Shared","-","-","0","0","0","0","0","0","0","0","-","0","0","0","0","0","0","0","0","0","0","0","0","0","0","0","0","0","0","12","0","0","0","0","0","0","0","0","0","0","0","0","0","0","0","0","0","0","0","0","0"
"0x7ff32b5aeed0","      UTMALDG.2D.GATHER4 [UR8], [UR74]","236","116","236","524288","524288","524288","1","1","0","31","0","Global,Shared","-","-","0","0","0","0","0","0","0","0","-","0","0","0","0","0","0","0","0","0","0","0","0","0","0","151","0","0","76","9","0","0","0","0","0","0","0","0","0","0","0","0","116","0","0","0","0","0","0","0","0"
"0x7ff32b5aeee0","      UIADD3 UR40, UPT, UPT, UR4, 0x9600, URZ","12","0","12","524288","524288","524288","1","1","0","31","0","-","-","-","0","0","0","0","0","0","0","0","-","0","0","0","0","0","0","0","0","0","0","0","0","0","0","0","0","0","0","12","0","0","0","0","0","0","0","0","0","0","0","0","0","0","0","0","0","0","0","0","0"
"0x7ff32b5aeef0","      LDS.128 R4, [UR15+0x2f130]","8","0","8","524288","524288","524288","1","1","0","31","0","Shared","Load","128","0","1","0","524288","524288","0","0","0","-","0","0","0","0","0","0","0","0","0","0","0","0","0","0","0","0","0","0","8","0","0","0","0","0","0","0","0","0","0","0","0","0","0","0","0","0","0","0","0","0"
"0x7ff32b5aef00","      UIADD3 UR32, UPT, UPT, UR4, 0xd600, URZ","51","28","51","524288","524288","524288","1","1","0","31","0","-","-","-","0","0","0","0","0","0","0","0","-","0","0","0","0","0","0","0","0","0","0","0","35","0","0","0","0","0","3","13","0","0","0","0","0","0","0","0","0","28","0","0","0","0","0","0","0","0","0","0","0"
"0x7ff32b5aef10","      UIADD3 UR24, UPT, UPT, UR4, 0x11600, URZ","176","126","176","524288","524288","524288","1","1","0","31","0","-","-","-","0","0","0","0","0","0","0","0","-","0","0","0","0","0","0","0","0","0","0","0","128","0","0","0","0","0","26","8","0","0","0","14","0","0","0","0","0","115","0","0","0","0","0","0","0","0","0","0","11"
"0x7ff32b5aef20","      UIADD3 UR16, UPT, UPT, UR4, 0x15600, URZ","202","137","202","524288","524288","524288","1","1","0","31","0","-","-","-","0","0","0","0","0","0","0","0","-","0","0","0","0","0","0","0","0","0","0","0","158","0","0","0","0","0","21","14","0","0","0","9","0","0","0","0","0","132","0","0","0","0","0","0","0","0","0","0","5"
"0x7ff32b5aef30","      UIADD3 UR8, UPT, UPT, UR5, 0x29300, URZ","211","128","211","524288","524288","524288","1","1","0","31","0","-","-","-","0","0","0","0","0","0","0","0","-","0","0","0","0","0","0","0","0","0","0","0","151","0","0","0","0","0","42","8","0","0","0","10","0","0","0","0","0","121","0","0","0","0","0","0","0","0","0","0","7"
"0x7ff32b5aef40","      R2UR UR46, R7","140","72","140","524288","524288","524288","1","1","0","31","0","-","-","-","0","0","0","0","0","0","0","0","-","0","0","0","0","0","0","0","0","0","0","0","0","68","0","0","0","0","53","12","7","0","0","0","0","0","0","0","0","0","68","0","0","0","0","0","0","4","0","0","0"
"0x7ff32b5aef50","      R2UR UR45, R6","37","16","37","524288","524288","524288","1","1","0","31","0","-","-","-","0","0","0","0","0","0","0","0","-","0","0","0","0","0","0","0","0","0","0","0","0","8","0","0","0","0","8","10","0","0","0","11","0","0","0","0","0","0","6","0","0","0","0","0","0","0","0","0","10"
"0x7ff32b5aef60","      R2UR UR44, R5","33","13","33","524288","524288","524288","1","1","0","31","0","-","-","-","0","0","0","0","0","0","0","0","-","0","0","0","0","0","0","0","0","0","0","0","0","7","0","0","0","0","6","13","0","0","0","7","0","0","0","0","0","0","7","0","0","0","0","0","0","0","0","0","6"
"0x7ff32b5aef70","      R2UR UR43, R4","23","13","23","524288","524288","524288","1","1","0","31","0","-","-","-","0","0","0","0","0","0","0","0","-","0","0","0","0","0","0","0","0","0","0","0","0","0","0","0","0","0","1","9","0","0","0","13","0","0","0","0","0","0","0","0","0","0","0","0","0","0","0","0","13"
"0x7ff32b5aef80","      UMOV UR38, UR46","161","43","161","524288","524288","524288","1","1","0","31","0","-","-","-","0","0","0","0","0","0","0","0","-","0","0","0","0","0","0","0","0","0","0","0","0","0","0","0","0","0","92","11","0","0","0","58","0","0","0","0","0","0","0","0","0","0","0","0","0","0","0","0","43"
"0x7ff32b5aef90","      UMOV UR30, UR46","6","0","6","524288","524288","524288","1","1","0","31","0","-","-","-","0","0","0","0","0","0","0","0","-","0","0","0","0","0","0","0","0","0","0","0","0","0","0","0","0","0","0","6","0","0","0","0","0","0","0","0","0","0","0","0","0","0","0","0","0","0","0","0","0"
"0x7ff32b5aefa0","      UMOV UR37, UR45","6","0","6","524288","524288","524288","1","1","0","31","0","-","-","-","0","0","0","0","0","0","0","0","-","0","0","0","0","0","0","0","0","0","0","0","0","0","0","0","0","0","0","6","0","0","0","0","0","0","0","0","0","0","0","0","0","0","0","0","0","0","0","0","0"
"0x7ff32b5aefb0","      UMOV UR29, UR45","7","0","7","524288","524288","524288","1","1","0","31","0","-","-","-","0","0","0","0","0","0","0","0","-","0","0","0","0","0","0","0","0","0","0","0","0","0","0","0","0","0","0","7","0","0","0","0","0","0","0","0","0","0","0","0","0","0","0","0","0","0","0","0","0"
"0x7ff32b5aefc0","      UMOV UR36, UR44","12","0","12","524288","524288","524288","1","1","0","31","0","-","-","-","0","0","0","0","0","0","0","0","-","0","0","0","0","0","0","0","0","0","0","0","0","0","0","0","0","0","0","12","0","0","0","0","0","0","0","0","0","0","0","0","0","0","0","0","0","0","0","0","0"
"0x7ff32b5aefd0","      UMOV UR28, UR44","6","0","6","524288","524288","524288","1","1","0","31","0","-","-","-","0","0","0","0","0","0","0","0","-","0","0","0","0","0","0","0","0","0","0","0","0","0","0","0","0","0","0","6","0","0","0","0","0","0","0","0","0","0","0","0","0","0","0","0","0","0","0","0","0"
"0x7ff32b5aefe0","      UMOV UR35, UR43","12","0","12","524288","524288","524288","1","1","0","31","0","-","-","-","0","0","0","0","0","0","0","0","-","0","0","0","0","0","0","0","0","4","0","0","0","0","0","0","0","0","0","8","0","0","0","0","0","0","0","0","0","0","0","0","0","0","0","0","0","0","0","0","0"
"0x7ff32b5aeff0","      UTMALDG.2D.GATHER4 [UR40], [UR72]","16","0","16","524288","524288","524288","1","1","0","31","0","Global,Shared","-","-","0","0","0","0","0","0","0","0","-","0","0","0","0","0","0","0","0","9","0","0","0","0","0","0","0","0","0","7","0","0","0","0","0","0","0","0","0","0","0","0","0","0","0","0","0","0","0","0","0"
"0x7ff32b5af000","      UMOV UR27, UR43","7","0","7","524288","524288","524288","1","1","0","31","0","-","-","-","0","0","0","0","0","0","0","0","-","0","0","0","0","0","0","0","0","0","0","0","0","0","0","0","0","0","0","7","0","0","0","0","0","0","0","0","0","0","0","0","0","0","0","0","0","0","0","0","0"
"0x7ff32b5af010","      UMOV UR19, UR43","7","0","7","524288","524288","524288","1","1","0","31","0","-","-","-","0","0","0","0","0","0","0","0","-","0","0","0","0","0","0","0","0","0","0","0","0","0","0","0","0","0","0","7","0","0","0","0","0","0","0","0","0","0","0","0","0","0","0","0","0","0","0","0","0"
"0x7ff32b5af020","      UMOV UR20, UR44","9","0","9","524288","524288","524288","1","1","0","31","0","-","-","-","0","0","0","0","0","0","0","0","-","0","0","0","0","0","0","0","0","0","0","0","0","0","0","0","0","0","0","9","0","0","0","0","0","0","0","0","0","0","0","0","0","0","0","0","0","0","0","0","0"
"0x7ff32b5af030","      UMOV UR21, UR45","9","0","9","524288","524288","524288","1","1","0","31","0","-","-","-","0","0","0","0","0","0","0","0","-","0","0","0","0","0","0","0","0","0","0","0","0","0","0","0","0","0","0","9","0","0","0","0","0","0","0","0","0","0","0","0","0","0","0","0","0","0","0","0","0"
"0x7ff32b5af040","      UMOV UR22, UR46","6","0","6","524288","524288","524288","1","1","0","31","0","-","-","-","0","0","0","0","0","0","0","0","-","0","0","0","0","0","0","0","0","0","0","0","0","0","0","0","0","0","0","6","0","0","0","0","0","0","0","0","0","0","0","0","0","0","0","0","0","0","0","0","0"
"0x7ff32b5af050","      UMOV UR11, UR43","8","0","8","524288","524288","524288","1","1","0","31","0","-","-","-","0","0","0","0","0","0","0","0","-","0","0","0","0","0","0","0","0","0","0","0","0","0","0","0","0","0","0","8","0","0","0","0","0","0","0","0","0","0","0","0","0","0","0","0","0","0","0","0","0"
"0x7ff32b5af060","      UMOV UR12, UR44","11","0","11","524288","524288","524288","1","1","0","31","0","-","-","-","0","0","0","0","0","0","0","0","-","0","0","0","0","0","0","0","0","0","0","0","0","0","0","0","0","0","0","11","0","0","0","0","0","0","0","0","0","0","0","0","0","0","0","0","0","0","0","0","0"
"0x7ff32b5af070","      UTMALDG.2D.GATHER4 [UR32], [UR72]","6","0","6","524288","524288","524288","1","1","0","31","0","Global,Shared","-","-","0","0","0","0","0","0","0","0","-","0","0","0","0","0","0","0","0","0","0","0","0","0","0","0","0","0","0","6","0","0","0","0","0","0","0","0","0","0","0","0","0","0","0","0","0","0","0","0","0"
"0x7ff32b5af080","      UMOV UR13, UR45","9","0","9","524288","524288","524288","1","1","0","31","0","-","-","-","0","0","0","0","0","0","0","0","-","0","0","0","0","0","0","0","0","0","0","0","0","0","0","0","0","0","2","7","0","0","0","0","0","0","0","0","0","0","0","0","0","0","0","0","0","0","0","0","0"
"0x7ff32b5af090","      UMOV UR14, UR46","9","0","9","524288","524288","524288","1","1","0","31","0","-","-","-","0","0","0","0","0","0","0","0","-","0","0","0","0","0","0","0","0","0","0","0","0","0","0","0","0","0","0","9","0","0","0","0","0","0","0","0","0","0","0","0","0","0","0","0","0","0","0","0","0"
"0x7ff32b5af0a0","      UTMALDG.2D.GATHER4 [UR24], [UR72]","4","0","4","524288","524288","524288","1","1","0","31","0","Global,Shared","-","-","0","0","0","0","0","0","0","0","-","0","0","0","0","0","0","0","0","0","0","0","0","0","0","0","0","0","0","4","0","0","0","0","0","0","0","0","0","0","0","0","0","0","0","0","0","0","0","0","0"
"0x7ff32b5af0b0","      UTMALDG.2D.GATHER4 [UR16], [UR72]","10","0","10","524288","524288","524288","1","1","0","31","0","Global,Shared","-","-","0","0","0","0","0","0","0","0","-","0","0","0","0","0","0","0","0","0","0","0","0","0","0","0","0","0","0","10","0","0","0","0","0","0","0","0","0","0","0","0","0","0","0","0","0","0","0","0","0"
"0x7ff32b5af0c0","      UTMALDG.2D.GATHER4 [UR8], [UR74]","220","93","220","524288","524288","524288","1","1","0","31","0","Global,Shared","-","-","0","0","0","0","0","0","0","0","-","0","0","0","0","0","0","0","0","2","0","0","0","0","0","127","0","0","76","15","0","0","0","0","0","0","0","0","0","0","0","0","93","0","0","0","0","0","0","0","0"
"0x7ff32b5af0d0","      UIADD3 UR40, UPT, UPT, UR4, 0x9800, URZ","3","0","3","524288","524288","524288","1","1","0","31","0","-","-","-","0","0","0","0","0","0","0","0","-","0","0","0","0","0","0","0","0","0","0","0","0","0","0","0","0","0","0","3","0","0","0","0","0","0","0","0","0","0","0","0","0","0","0","0","0","0","0","0","0"
"0x7ff32b5af0e0","      LDS.128 R4, [UR15+0x2f140]","10","0","10","524288","524288","524288","1","1","0","31","0","Shared","Load","128","0","1","0","524288","524288","0","0","0","-","0","0","0","0","0","0","0","0","0","0","0","0","0","0","0","0","0","0","10","0","0","0","0","0","0","0","0","0","0","0","0","0","0","0","0","0","0","0","0","0"
"0x7ff32b5af0f0","      UIADD3 UR32, UPT, UPT, UR4, 0xd800, URZ","65","40","65","524288","524288","524288","1","1","0","31","0","-","-","-","0","0","0","0","0","0","0","0","-","0","0","0","0","0","0","0","0","0","0","0","43","0","0","0","0","0","4","18","0","0","0","0","0","0","0","0","0","40","0","0","0","0","0","0","0","0","0","0","0"
"0x7ff32b5af100","      UIADD3 UR24, UPT, UPT, UR4, 0x11800, URZ","158","110","158","524288","524288","524288","1","1","0","31","0","-","-","-","0","0","0","0","0","0","0","0","-","0","0","0","0","0","0","0","0","0","0","0","121","0","0","0","0","0","18","10","0","0","0","9","0","0","0","0","0","106","0","0","0","0","0","0","0","0","0","0","4"
"0x7ff32b5af110","      UIADD3 UR16, UPT, UPT, UR4, 0x15800, URZ","161","117","161","524288","524288","524288","1","1","0","31","0","-","-","-","0","0","0","0","0","0","0","0","-","0","0","0","0","0","0","0","0","0","0","0","131","0","0","0","0","0","11","12","0","0","0","7","0","0","0","0","0","115","0","0","0","0","0","0","0","0","0","0","2"
"0x7ff32b5af120","      UIADD3 UR8, UPT, UPT, UR5, 0x29400, URZ","150","99","150","524288","524288","524288","1","1","0","31","0","-","-","-","0","0","0","0","0","0","0","0","-","0","0","0","0","0","0","0","0","0","0","0","117","0","0","0","0","0","8","12","0","0","0","13","0","0","0","0","0","92","0","0","0","0","0","0","0","0","0","0","7"
"0x7ff32b5af130","      R2UR UR46, R7","246","117","246","524288","524288","524288","1","1","0","31","0","-","-","-","0","0","0","0","0","0","0","0","-","0","0","0","0","0","0","0","0","0","0","0","0","109","0","0","0","0","112","6","19","0","0","0","0","0","0","0","0","0","109","0","0","0","0","0","0","8","0","0","0"
"0x7ff32b5af140","      R2UR UR45, R6","29","8","29","524288","524288","524288","1","1","0","31","0","-","-","-","0","0","0","0","0","0","0","0","-","0","0","0","0","0","0","0","0","0","0","0","0","2","0","0","0","0","6","12","0","0","0","9","0","0","0","0","0","0","1","0","0","0","0","0","0","0","0","0","7"
"0x7ff32b5af150","      R2UR UR44, R5","19","7","19","524288","524288","524288","1","1","0","31","0","-","-","-","0","0","0","0","0","0","0","0","-","0","0","0","0","0","0","0","0","0","0","0","0","0","0","0","0","0","2","8","0","0","0","9","0","0","0","0","0","0","0","0","0","0","0","0","0","0","0","0","7"
"0x7ff32b5af160","      R2UR UR43, R4","20","9","20","524288","524288","524288","1","1","0","31","0","-","-","-","0","0","0","0","0","0","0","0","-","0","0","0","0","0","0","0","0","0","0","0","0","1","0","0","0","0","0","11","0","0","0","8","0","0","0","0","0","0","1","0","0","0","0","0","0","0","0","0","8"
"0x7ff32b5af170","      UMOV UR38, UR46","118","37","118","524288","524288","524288","1","1","0","31","0","-","-","-","0","0","0","0","0","0","0","0","-","0","0","0","0","0","0","0","0","0","0","0","0","0","0","0","0","0","53","6","0","0","0","59","0","0","0","0","0","0","0","0","0","0","0","0","0","0","0","0","37"
"0x7ff32b5af180","      UMOV UR30, UR46","10","0","10","524288","524288","524288","1","1","0","31","0","-","-","-","0","0","0","0","0","0","0","0","-","0","0","0","0","0","0","0","0","0","0","0","0","0","0","0","0","0","0","10","0","0","0","0","0","0","0","0","0","0","0","0","0","0","0","0","0","0","0","0","0"
"0x7ff32b5af190","      UMOV UR37, UR45","7","0","7","524288","524288","524288","1","1","0","31","0","-","-","-","0","0","0","0","0","0","0","0","-","0","0","0","0","0","0","0","0","0","0","0","0","0","0","0","0","0","0","7","0","0","0","0","0","0","0","0","0","0","0","0","0","0","0","0","0","0","0","0","0"
"0x7ff32b5af1a0","      UMOV UR29, UR45","10","0","10","524288","524288","524288","1","1","0","31","0","-","-","-","0","0","0","0","0","0","0","0","-","0","0","0","0","0","0","0","0","0","0","0","0","0","0","0","0","0","0","10","0","0","0","0","0","0","0","0","0","0","0","0","0","0","0","0","0","0","0","0","0"
"0x7ff32b5af1b0","      UMOV UR36, UR44","13","0","13","524288","524288","524288","1","1","0","31","0","-","-","-","0","0","0","0","0","0","0","0","-","0","0","0","0","0","0","0","0","0","0","0","0","0","0","0","0","0","0","13","0","0","0","0","0","0","0","0","0","0","0","0","0","0","0","0","0","0","0","0","0"
"0x7ff32b5af1c0","      UMOV UR28, UR44","13","0","13","524288","524288","524288","1","1","0","31","0","-","-","-","0","0","0","0","0","0","0","0","-","0","0","0","0","0","0","0","0","0","0","0","0","0","0","0","0","0","0","13","0","0","0","0","0","0","0","0","0","0","0","0","0","0","0","0","0","0","0","0","0"
"0x7ff32b5af1d0","      UMOV UR35, UR43","15","0","15","524288","524288","524288","1","1","0","31","0","-","-","-","0","0","0","0","0","0","0","0","-","0","0","0","0","0","0","0","0","10","0","0","0","0","0","0","0","0","0","5","0","0","0","0","0","0","0","0","0","0","0","0","0","0","0","0","0","0","0","0","0"
"0x7ff32b5af1e0","      UTMALDG.2D.GATHER4 [UR40], [UR72]","18","0","18","524288","524288","524288","1","1","0","31","0","Global,Shared","-","-","0","0","0","0","0","0","0","0","-","0","0","0","0","0","0","0","0","7","0","0","0","0","0","0","0","0","0","11","0","0","0","0","0","0","0","0","0","0","0","0","0","0","0","0","0","0","0","0","0"
"0x7ff32b5af1f0","      UMOV UR27, UR43","13","0","13","524288","524288","524288","1","1","0","31","0","-","-","-","0","0","0","0","0","0","0","0","-","0","0","0","0","0","0","0","0","0","0","0","0","0","0","0","0","0","0","13","0","0","0","0","0","0","0","0","0","0","0","0","0","0","0","0","0","0","0","0","0"
"0x7ff32b5af200","      UMOV UR19, UR43","14","0","14","524288","524288","524288","1","1","0","31","0","-","-","-","0","0","0","0","0","0","0","0","-","0","0","0","0","0","0","0","0","0","0","0","0","0","0","0","0","0","0","14","0","0","0","0","0","0","0","0","0","0","0","0","0","0","0","0","0","0","0","0","0"
"0x7ff32b5af210","      UMOV UR20, UR44","11","0","11","524288","524288","524288","1","1","0","31","0","-","-","-","0","0","0","0","0","0","0","0","-","0","0","0","0","0","0","0","0","0","0","0","0","0","0","0","0","0","0","11","0","0","0","0","0","0","0","0","0","0","0","0","0","0","0","0","0","0","0","0","0"
"0x7ff32b5af220","      UMOV UR21, UR45","10","0","10","524288","524288","524288","1","1","0","31","0","-","-","-","0","0","0","0","0","0","0","0","-","0","0","0","0","0","0","0","0","0","0","0","0","0","0","0","0","0","0","10","0","0","0","0","0","0","0","0","0","0","0","0","0","0","0","0","0","0","0","0","0"
"0x7ff32b5af230","      UMOV UR22, UR46","11","0","11","524288","524288","524288","1","1","0","31","0","-","-","-","0","0","0","0","0","0","0","0","-","0","0","0","0","0","0","0","0","0","0","0","0","0","0","0","0","0","0","11","0","0","0","0","0","0","0","0","0","0","0","0","0","0","0","0","0","0","0","0","0"
"0x7ff32b5af240","      UMOV UR11, UR43","11","0","11","524288","524288","524288","1","1","0","31","0","-","-","-","0","0","0","0","0","0","0","0","-","0","0","0","0","0","0","0","0","0","0","0","0","0","0","0","0","0","0","11","0","0","0","0","0","0","0","0","0","0","0","0","0","0","0","0","0","0","0","0","0"
"0x7ff32b5af250","      UMOV UR12, UR44","8","0","8","524288","524288","524288","1","1","0","31","0","-","-","-","0","0","0","0","0","0","0","0","-","0","0","0","0","0","0","0","0","0","0","0","0","0","0","0","0","0","0","8","0","0","0","0","0","0","0","0","0","0","0","0","0","0","0","0","0","0","0","0","0"
"0x7ff32b5af260","      UTMALDG.2D.GATHER4 [UR32], [UR72]","13","0","13","524288","524288","524288","1","1","0","31","0","Global,Shared","-","-","0","0","0","0","0","0","0","0","-","0","0","0","0","0","0","0","0","0","0","0","0","0","0","0","0","0","0","13","0","0","0","0","0","0","0","0","0","0","0","0","0","0","0","0","0","0","0","0","0"
"0x7ff32b5af270","      UMOV UR13, UR45","7","0","7","524288","524288","524288","1","1","0","31","0","-","-","-","0","0","0","0","0","0","0","0","-","0","0","0","0","0","0","0","0","0","0","0","0","0","0","0","0","0","0","7","0","0","0","0","0","0","0","0","0","0","0","0","0","0","0","0","0","0","0","0","0"
"0x7ff32b5af280","      UMOV UR14, UR46","20","3","20","524288","524288","524288","1","1","0","31","0","-","-","-","0","0","0","0","0","0","0","0","-","0","0","0","0","0","0","0","0","0","0","0","0","0","0","0","0","7","3","10","0","0","0","0","0","0","0","0","0","0","0","0","0","0","3","0","0","0","0","0","0"
"0x7ff32b5af290","      UTMALDG.2D.GATHER4 [UR24], [UR72]","13","0","13","524288","524288","524288","1","1","0","31","0","Global,Shared","-","-","0","0","0","0","0","0","0","0","-","0","0","0","0","0","0","0","0","0","0","0","0","0","0","0","0","0","0","13","0","0","0","0","0","0","0","0","0","0","0","0","0","0","0","0","0","0","0","0","0"
"0x7ff32b5af2a0","      UTMALDG.2D.GATHER4 [UR16], [UR72]","11","0","11","524288","524288","524288","1","1","0","31","0","Global,Shared","-","-","0","0","0","0","0","0","0","0","-","0","0","0","0","0","0","0","0","0","0","0","0","0","0","0","0","0","0","11","0","0","0","0","0","0","0","0","0","0","0","0","0","0","0","0","0","0","0","0","0"
"0x7ff32b5af2b0","      UTMALDG.2D.GATHER4 [UR8], [UR74]","134","80","134","524288","524288","524288","1","1","0","31","0","Global,Shared","-","-","0","0","0","0","0","0","0","0","-","0","0","0","0","0","0","0","0","0","0","0","0","0","0","108","0","0","16","10","0","0","0","0","0","0","0","0","0","0","0","0","80","0","0","0","0","0","0","0","0"
"0x7ff32b5af2c0","      UIADD3 UR40, UPT, UPT, UR4, 0x9a00, URZ","9","0","9","524288","524288","524288","1","1","0","31","0","-","-","-","0","0","0","0","0","0","0","0","-","0","0","0","0","0","0","0","0","0","0","0","0","0","0","0","0","0","0","9","0","0","0","0","0","0","0","0","0","0","0","0","0","0","0","0","0","0","0","0","0"
"0x7ff32b5af2d0","      LDS.128 R4, [UR15+0x2f150]","10","0","10","524288","524288","524288","1","1","0","31","0","Shared","Load","128","0","1","0","524288","524288","0","0","0","-","0","0","0","0","0","0","0","0","1","0","0","0","0","0","0","0","0","0","9","0","0","0","0","0","0","0","0","0","0","0","0","0","0","0","0","0","0","0","0","0"
"0x7ff32b5af2e0","      UIADD3 UR32, UPT, UPT, UR4, 0xda00, URZ","65","35","65","524288","524288","524288","1","1","0","31","0","-","-","-","0","0","0","0","0","0","0","0","-","0","0","0","0","0","0","0","0","0","0","0","49","0","0","0","0","0","6","10","0","0","0","0","0","0","0","0","0","35","0","0","0","0","0","0","0","0","0","0","0"
"0x7ff32b5af2f0","      UIADD3 UR24, UPT, UPT, UR4, 0x11a00, URZ","150","91","150","524288","524288","524288","1","1","0","31","0","-","-","-","0","0","0","0","0","0","0","0","-","0","0","0","0","0","0","0","0","0","0","0","107","0","0","0","0","0","23","10","0","0","0","10","0","0","0","0","0","88","0","0","0","0","0","0","0","0","0","0","3"
"0x7ff32b5af300","      UIADD3 UR16, UPT, UPT, UR4, 0x15a00, URZ","170","101","170","524288","524288","524288","1","1","0","31","0","-","-","-","0","0","0","0","0","0","0","0","-","0","0","0","0","0","0","0","0","0","0","0","128","0","0","0","0","0","13","15","0","0","0","14","0","0","0","0","0","92","0","0","0","0","0","0","0","0","0","0","9"
"0x7ff32b5af310","      UIADD3 UR8, UPT, UPT, UR5, 0x29500, URZ","165","85","165","524288","524288","524288","1","1","0","31","0","-","-","-","0","0","0","0","0","0","0","0","-","0","0","0","0","0","0","0","0","0","0","0","113","0","0","0","0","0","27","16","0","0","0","9","0","0","0","0","0","82","0","0","0","0","0","0","0","0","0","0","3"
"0x7ff32b5af320","      R2UR UR46, R7","56","14","56","524288","524288","524288","1","1","0","31","0","-","-","-","0","0","0","0","0","0","0","0","-","0","0","0","0","0","0","0","0","0","0","0","0","13","0","0","0","0","23","17","3","0","0","0","0","0","0","0","0","0","13","0","0","0","0","0","0","1","0","0","0"
"0x7ff32b5af330","      R2UR UR45, R6","39","23","39","524288","524288","524288","1","1","0","31","0","-","-","-","0","0","0","0","0","0","0","0","-","0","0","0","0","0","0","0","0","0","0","0","0","6","0","0","0","0","6","8","0","0","0","19","0","0","0","0","0","0","5","0","0","0","0","0","0","0","0","0","18"
"0x7ff32b5af340","      R2UR UR44, R5","28","18","28","524288","524288","524288","1","1","0","31","0","-","-","-","0","0","0","0","0","0","0","0","-","0","0","0","0","0","0","0","0","0","0","0","0","7","0","0","0","0","3","7","0","0","0","11","0","0","0","0","0","0","7","0","0","0","0","0","0","0","0","0","11"
"0x7ff32b5af350","      R2UR UR43, R4","41","16","41","524288","524288","524288","1","1","0","31","0","-","-","-","0","0","0","0","0","0","0","0","-","0","0","0","0","0","0","0","0","0","0","0","0","4","0","0","0","0","7","16","0","0","0","14","0","0","0","0","0","0","3","0","0","0","0","0","0","0","0","0","13"
"0x7ff32b5af360","      UMOV UR38, UR46","142","34","142","524288","524288","524288","1","1","0","31","0","-","-","-","0","0","0","0","0","0","0","0","-","0","0","0","0","0","0","0","0","0","0","0","0","0","0","0","0","0","71","14","0","0","0","57","0","0","0","0","0","0","0","0","0","0","0","0","0","0","0","0","34"
"0x7ff32b5af370","      UMOV UR30, UR46","11","0","11","524288","524288","524288","1","1","0","31","0","-","-","-","0","0","0","0","0","0","0","0","-","0","0","0","0","0","0","0","0","0","0","0","0","0","0","0","0","0","0","11","0","0","0","0","0","0","0","0","0","0","0","0","0","0","0","0","0","0","0","0","0"
"0x7ff32b5af380","      UMOV UR37, UR45","5","0","5","524288","524288","524288","1","1","0","31","0","-","-","-","0","0","0","0","0","0","0","0","-","0","0","0","0","0","0","0","0","0","0","0","0","0","0","0","0","0","0","5","0","0","0","0","0","0","0","0","0","0","0","0","0","0","0","0","0","0","0","0","0"
"0x7ff32b5af390","      UMOV UR29, UR45","7","0","7","524288","524288","524288","1","1","0","31","0","-","-","-","0","0","0","0","0","0","0","0","-","0","0","0","0","0","0","0","0","0","0","0","0","0","0","0","0","0","0","7","0","0","0","0","0","0","0","0","0","0","0","0","0","0","0","0","0","0","0","0","0"
"0x7ff32b5af3a0","      UMOV UR36, UR44","14","0","14","524288","524288","524288","1","1","0","31","0","-","-","-","0","0","0","0","0","0","0","0","-","0","0","0","0","0","0","0","0","0","0","0","0","0","0","0","0","0","0","14","0","0","0","0","0","0","0","0","0","0","0","0","0","0","0","0","0","0","0","0","0"
"0x7ff32b5af3b0","      UMOV UR28, UR44","11","0","11","524288","524288","524288","1","1","0","31","0","-","-","-","0","0","0","0","0","0","0","0","-","0","0","0","0","0","0","0","0","0","0","0","0","0","0","0","0","0","0","11","0","0","0","0","0","0","0","0","0","0","0","0","0","0","0","0","0","0","0","0","0"
"0x7ff32b5af3c0","      UMOV UR35, UR43","15","0","15","524288","524288","524288","1","1","0","31","0","-","-","-","0","0","0","0","0","0","0","0","-","0","0","0","0","0","0","0","0","10","0","0","0","0","0","0","0","0","0","5","0","0","0","0","0","0","0","0","0","0","0","0","0","0","0","0","0","0","0","0","0"
"0x7ff32b5af3d0","      UTMALDG.2D.GATHER4 [UR40], [UR72]","18","0","18","524288","524288","524288","1","1","0","31","0","Global,Shared","-","-","0","0","0","0","0","0","0","0","-","0","0","0","0","0","0","0","0","10","0","0","0","0","0","0","0","0","0","8","0","0","0","0","0","0","0","0","0","0","0","0","0","0","0","0","0","0","0","0","0"
"0x7ff32b5af3e0","      UMOV UR27, UR43","8","0","8","524288","524288","524288","1","1","0","31","0","-","-","-","0","0","0","0","0","0","0","0","-","0","0","0","0","0","0","0","0","0","0","0","0","0","0","0","0","0","0","8","0","0","0","0","0","0","0","0","0","0","0","0","0","0","0","0","0","0","0","0","0"
"0x7ff32b5af3f0","      UMOV UR19, UR43","10","0","10","524288","524288","524288","1","1","0","31","0","-","-","-","0","0","0","0","0","0","0","0","-","0","0","0","0","0","0","0","0","0","0","0","0","0","0","0","0","0","0","10","0","0","0","0","0","0","0","0","0","0","0","0","0","0","0","0","0","0","0","0","0"
"0x7ff32b5af400","      UMOV UR20, UR44","8","0","8","524288","524288","524288","1","1","0","31","0","-","-","-","0","0","0","0","0","0","0","0","-","0","0","0","0","0","0","0","0","0","0","0","0","0","0","0","0","0","0","8","0","0","0","0","0","0","0","0","0","0","0","0","0","0","0","0","0","0","0","0","0"
"0x7ff32b5af410","      UMOV UR21, UR45","6","0","6","524288","524288","524288","1","1","0","31","0","-","-","-","0","0","0","0","0","0","0","0","-","0","0","0","0","0","0","0","0","0","0","0","0","0","0","0","0","0","0","6","0","0","0","0","0","0","0","0","0","0","0","0","0","0","0","0","0","0","0","0","0"
"0x7ff32b5af420","      UMOV UR22, UR46","8","0","8","524288","524288","524288","1","1","0","31","0","-","-","-","0","0","0","0","0","0","0","0","-","0","0","0","0","0","0","0","0","0","0","0","0","0","0","0","0","0","0","8","0","0","0","0","0","0","0","0","0","0","0","0","0","0","0","0","0","0","0","0","0"
"0x7ff32b5af430","      UMOV UR11, UR43","6","0","6","524288","524288","524288","1","1","0","31","0","-","-","-","0","0","0","0","0","0","0","0","-","0","0","0","0","0","0","0","0","0","0","0","0","0","0","0","0","0","0","6","0","0","0","0","0","0","0","0","0","0","0","0","0","0","0","0","0","0","0","0","0"
"0x7ff32b5af440","      UMOV UR12, UR44","6","0","6","524288","524288","524288","1","1","0","31","0","-","-","-","0","0","0","0","0","0","0","0","-","0","0","0","0","0","0","0","0","0","0","0","0","0","0","0","0","0","0","6","0","0","0","0","0","0","0","0","0","0","0","0","0","0","0","0","0","0","0","0","0"
"0x7ff32b5af450","      UTMALDG.2D.GATHER4 [UR32], [UR72]","9","0","9","524288","524288","524288","1","1","0","31","0","Global,Shared","-","-","0","0","0","0","0","0","0","0","-","0","0","0","0","0","0","0","0","0","0","0","0","0","0","0","0","0","0","9","0","0","0","0","0","0","0","0","0","0","0","0","0","0","0","0","0","0","0","0","0"
"0x7ff32b5af460","      UMOV UR13, UR45","4","0","4","524288","524288","524288","1","1","0","31","0","-","-","-","0","0","0","0","0","0","0","0","-","0","0","0","0","0","0","0","0","0","0","0","0","0","0","0","0","0","0","4","0","0","0","0","0","0","0","0","0","0","0","0","0","0","0","0","0","0","0","0","0"
"0x7ff32b5af470","      UMOV UR14, UR46","11","0","11","524288","524288","524288","1","1","0","31","0","-","-","-","0","0","0","0","0","0","0","0","-","0","0","0","0","0","0","0","0","0","0","0","0","0","0","0","0","0","0","11","0","0","0","0","0","0","0","0","0","0","0","0","0","0","0","0","0","0","0","0","0"
"0x7ff32b5af480","      UTMALDG.2D.GATHER4 [UR24], [UR72]","40","3","40","524288","524288","524288","1","1","0","31","0","Global,Shared","-","-","0","0","0","0","0","0","0","0","-","0","0","0","0","0","0","0","0","0","0","0","0","0","0","0","0","10","23","7","0","0","0","0","0","0","0","0","0","0","0","0","0","0","3","0","0","0","0","0","0"
"0x7ff32b5af490","      UTMALDG.2D.GATHER4 [UR16], [UR72]","10","0","10","524288","524288","524288","1","1","0","31","0","Global,Shared","-","-","0","0","0","0","0","0","0","0","-","0","0","0","0","0","0","0","0","0","0","0","0","0","0","0","0","0","0","10","0","0","0","0","0","0","0","0","0","0","0","0","0","0","0","0","0","0","0","0","0"
"0x7ff32b5af4a0","      UTMALDG.2D.GATHER4 [UR8], [UR74]","181","63","181","524288","524288","524288","1","1","0","31","0","Global,Shared","-","-","0","0","0","0","0","0","0","0","-","0","0","0","0","0","0","0","0","0","0","0","0","0","0","109","0","0","64","8","0","0","0","0","0","0","0","0","0","0","0","0","63","0","0","0","0","0","0","0","0"
"0x7ff32b5af4b0","      UIADD3 UR40, UPT, UPT, UR4, 0x9c00, URZ","11","0","11","524288","524288","524288","1","1","0","31","0","-","-","-","0","0","0","0","0","0","0","0","-","0","0","0","0","0","0","0","0","0","0","0","0","0","0","0","0","0","0","11","0","0","0","0","0","0","0","0","0","0","0","0","0","0","0","0","0","0","0","0","0"
"0x7ff32b5af4c0","      LDS.128 R4, [UR15+0x2f160]","13","0","13","524288","524288","524288","1","1","0","31","0","Shared","Load","128","0","1","0","524288","524288","0","0","0","-","0","0","0","0","0","0","0","0","0","0","0","0","0","0","0","0","0","0","13","0","0","0","0","0","0","0","0","0","0","0","0","0","0","0","0","0","0","0","0","0"
"0x7ff32b5af4d0","      UIADD3 UR32, UPT, UPT, UR4, 0xdc00, URZ","49","16","49","524288","524288","524288","1","1","0","31","0","-","-","-","0","0","0","0","0","0","0","0","-","0","0","0","0","0","0","0","0","0","0","0","28","0","0","0","0","0","13","8","0","0","0","0","0","0","0","0","0","16","0","0","0","0","0","0","0","0","0","0","0"
"0x7ff32b5af4e0","      UIADD3 UR24, UPT, UPT, UR4, 0x11c00, URZ","148","56","148","524288","524288","524288","1","1","0","31","0","-","-","-","0","0","0","0","0","0","0","0","-","0","0","0","0","0","0","0","0","0","0","0","81","0","0","0","0","0","53","7","0","0","0","7","0","0","0","0","0","53","0","0","0","0","0","0","0","0","0","0","3"
"0x7ff32b5af4f0","      UIADD3 UR16, UPT, UPT, UR4, 0x15c00, URZ","124","59","124","524288","524288","524288","1","1","0","31","0","-","-","-","0","0","0","0","0","0","0","0","-","0","0","0","0","0","0","0","0","1","0","0","82","0","0","0","0","0","23","12","0","0","0","6","0","0","1","0","0","57","0","0","0","0","0","0","0","0","0","0","1"
"0x7ff32b5af500","      UIADD3 UR8, UPT, UPT, UR5, 0x29600, URZ","143","65","143","524288","524288","524288","1","1","0","31","0","-","-","-","0","0","0","0","0","0","0","0","-","0","0","0","0","0","0","0","0","0","0","0","92","0","0","0","0","0","21","15","0","0","0","15","0","0","0","0","0","59","0","0","0","0","0","0","0","0","0","0","6"
"0x7ff32b5af510","      R2UR UR46, R7","191","85","191","524288","524288","524288","1","1","0","31","0","-","-","-","0","0","0","0","0","0","0","0","-","0","0","0","0","0","0","0","0","0","0","0","0","77","0","0","0","0","86","12","16","0","0","0","0","0","0","0","0","0","77","0","0","0","0","0","0","8","0","0","0"
"0x7ff32b5af520","      R2UR UR45, R6","25","13","25","524288","524288","524288","1","1","0","31","0","-","-","-","0","0","0","0","0","0","0","0","-","0","0","0","0","0","0","0","0","0","0","0","0","5","0","0","0","0","5","4","0","0","0","11","0","0","0","0","0","0","4","0","0","0","0","0","0","0","0","0","9"
"0x7ff32b5af530","      R2UR UR44, R5","31","12","31","524288","524288","524288","1","1","0","31","0","-","-","-","0","0","0","0","0","0","0","0","-","0","0","0","0","0","0","0","0","0","0","0","0","2","0","0","0","0","5","13","0","0","0","11","0","0","0","0","0","0","1","0","0","0","0","0","0","0","0","0","11"
"0x7ff32b5af540","      R2UR UR43, R4","23","7","23","524288","524288","524288","1","1","0","31","0","-","-","-","0","0","0","0","0","0","0","0","-","0","0","0","0","0","0","0","0","0","0","0","0","0","0","0","0","0","2","13","0","0","0","8","0","0","0","0","0","0","0","0","0","0","0","0","0","0","0","0","7"
"0x7ff32b5af550","      UMOV UR38, UR46","114","31","114","524288","524288","524288","1","1","0","31","0","-","-","-","0","0","0","0","0","0","0","0","-","0","0","0","0","0","0","0","0","0","0","0","0","0","0","0","0","0","45","11","0","0","0","58","0","0","0","0","0","0","0","0","0","0","0","0","0","0","0","0","31"
"0x7ff32b5af560","      UMOV UR30, UR46","12","0","12","524288","524288","524288","1","1","0","31","0","-","-","-","0","0","0","0","0","0","0","0","-","0","0","0","0","0","0","0","0","0","0","0","0","0","0","0","0","0","0","12","0","0","0","0","0","0","0","0","0","0","0","0","0","0","0","0","0","0","0","0","0"
"0x7ff32b5af570","      UMOV UR37, UR45","15","0","15","524288","524288","524288","1","1","0","31","0","-","-","-","0","0","0","0","0","0","0","0","-","0","0","0","0","0","0","0","0","0","0","0","0","0","0","0","0","0","0","15","0","0","0","0","0","0","0","0","0","0","0","0","0","0","0","0","0","0","0","0","0"
"0x7ff32b5af580","      UMOV UR29, UR45","6","0","6","524288","524288","524288","1","1","0","31","0","-","-","-","0","0","0","0","0","0","0","0","-","0","0","0","0","0","0","0","0","0","0","0","0","0","0","0","0","0","0","6","0","0","0","0","0","0","0","0","0","0","0","0","0","0","0","0","0","0","0","0","0"
"0x7ff32b5af590","      UMOV UR36, UR44","9","0","9","524288","524288","524288","1","1","0","31","0","-","-","-","0","0","0","0","0","0","0","0","-","0","0","0","0","0","0","0","0","0","0","0","0","0","0","0","0","0","0","9","0","0","0","0","0","0","0","0","0","0","0","0","0","0","0","0","0","0","0","0","0"
"0x7ff32b5af5a0","      UMOV UR28, UR44","9","0","9","524288","524288","524288","1","1","0","31","0","-","-","-","0","0","0","0","0","0","0","0","-","0","0","0","0","0","0","0","0","0","0","0","0","0","0","0","0","0","0","9","0","0","0","0","0","0","0","0","0","0","0","0","0","0","0","0","0","0","0","0","0"
"0x7ff32b5af5b0","      UMOV UR35, UR43","28","0","28","524288","524288","524288","1","1","0","31","0","-","-","-","0","0","0","0","0","0","0","0","-","0","0","0","0","0","0","0","0","13","0","0","0","0","0","0","0","0","0","15","0","0","0","0","0","0","0","0","0","0","0","0","0","0","0","0","0","0","0","0","0"
"0x7ff32b5af5c0","      UTMALDG.2D.GATHER4 [UR40], [UR72]","15","0","15","524288","524288","524288","1","1","0","31","0","Global,Shared","-","-","0","0","0","0","0","0","0","0","-","0","0","0","0","0","0","0","0","8","0","0","0","0","0","0","0","0","0","7","0","0","0","0","0","0","0","0","0","0","0","0","0","0","0","0","0","0","0","0","0"
"0x7ff32b5af5d0","      UMOV UR27, UR43","15","0","15","524288","524288","524288","1","1","0","31","0","-","-","-","0","0","0","0","0","0","0","0","-","0","0","0","0","0","0","0","0","0","0","0","0","0","0","0","0","0","0","15","0","0","0","0","0","0","0","0","0","0","0","0","0","0","0","0","0","0","0","0","0"
"0x7ff32b5af5e0","      UMOV UR19, UR43","18","0","18","524288","524288","524288","1","1","0","31","0","-","-","-","0","0","0","0","0","0","0","0","-","0","0","0","0","0","0","0","0","0","0","0","0","0","0","0","0","0","0","18","0","0","0","0","0","0","0","0","0","0","0","0","0","0","0","0","0","0","0","0","0"
"0x7ff32b5af5f0","      UMOV UR20, UR44","13","0","13","524288","524288","524288","1","1","0","31","0","-","-","-","0","0","0","0","0","0","0","0","-","0","0","0","0","0","0","0","0","0","0","0","0","0","0","0","0","0","0","13","0","0","0","0","0","0","0","0","0","0","0","0","0","0","0","0","0","0","0","0","0"
"0x7ff32b5af600","      UMOV UR21, UR45","11","0","11","524288","524288","524288","1","1","0","31","0","-","-","-","0","0","0","0","0","0","0","0","-","0","0","0","0","0","0","0","0","0","0","0","0","0","0","0","0","0","0","11","0","0","0","0","0","0","0","0","0","0","0","0","0","0","0","0","0","0","0","0","0"
"0x7ff32b5af610","      UMOV UR22, UR46","11","0","11","524288","524288","524288","1","1","0","31","0","-","-","-","0","0","0","0","0","0","0","0","-","0","0","0","0","0","0","0","0","0","0","0","0","0","0","0","0","0","0","11","0","0","0","0","0","0","0","0","0","0","0","0","0","0","0","0","0","0","0","0","0"
"0x7ff32b5af620","      UMOV UR11, UR43","10","0","10","524288","524288","524288","1","1","0","31","0","-","-","-","0","0","0","0","0","0","0","0","-","0","0","0","0","0","0","0","0","0","0","0","0","0","0","0","0","0","0","10","0","0","0","0","0","0","0","0","0","0","0","0","0","0","0","0","0","0","0","0","0"
"0x7ff32b5af630","      UMOV UR12, UR44","10","0","10","524288","524288","524288","1","1","0","31","0","-","-","-","0","0","0","0","0","0","0","0","-","0","0","0","0","0","0","0","0","0","0","0","0","0","0","0","0","0","0","10","0","0","0","0","0","0","0","0","0","0","0","0","0","0","0","0","0","0","0","0","0"
"0x7ff32b5af640","      UTMALDG.2D.GATHER4 [UR32], [UR72]","8","0","8","524288","524288","524288","1","1","0","31","0","Global,Shared","-","-","0","0","0","0","0","0","0","0","-","0","0","0","0","0","0","0","0","0","0","0","0","0","0","0","0","0","0","8","0","0","0","0","0","0","0","0","0","0","0","0","0","0","0","0","0","0","0","0","0"
"0x7ff32b5af650","      UMOV UR13, UR45","4","0","4","524288","524288","524288","1","1","0","31","0","-","-","-","0","0","0","0","0","0","0","0","-","0","0","0","0","0","0","0","0","0","0","0","0","0","0","0","0","0","0","4","0","0","0","0","0","0","0","0","0","0","0","0","0","0","0","0","0","0","0","0","0"
"0x7ff32b5af660","      UMOV UR14, UR46","9","0","9","524288","524288","524288","1","1","0","31","0","-","-","-","0","0","0","0","0","0","0","0","-","0","0","0","0","0","0","0","0","0","0","0","0","0","0","0","0","0","0","9","0","0","0","0","0","0","0","0","0","0","0","0","0","0","0","0","0","0","0","0","0"
"0x7ff32b5af670","      UTMALDG.2D.GATHER4 [UR24], [UR72]","9","0","9","524288","524288","524288","1","1","0","31","0","Global,Shared","-","-","0","0","0","0","0","0","0","0","-","0","0","0","0","0","0","0","0","0","0","0","0","0","0","0","0","0","0","9","0","0","0","0","0","0","0","0","0","0","0","0","0","0","0","0","0","0","0","0","0"
"0x7ff32b5af680","      UTMALDG.2D.GATHER4 [UR16], [UR72]","28","3","28","524288","524288","524288","1","1","0","31","0","Global,Shared","-","-","0","0","0","0","0","0","0","0","-","0","0","0","0","0","0","0","0","0","0","0","0","0","0","0","0","11","3","14","0","0","0","0","0","0","0","0","0","0","0","0","0","0","3","0","0","0","0","0","0"
"0x7ff32b5af690","      UTMALDG.2D.GATHER4 [UR8], [UR74]","133","63","133","524288","524288","524288","1","1","0","31","0","Global,Shared","-","-","0","0","0","0","0","0","0","0","-","0","0","0","0","0","0","0","0","0","0","0","0","0","0","118","0","0","8","7","0","0","0","0","0","0","0","0","0","0","0","0","63","0","0","0","0","0","0","0","0"
"0x7ff32b5af6a0","      UIADD3 UR40, UPT, UPT, UR4, 0x9e00, URZ","18","0","18","524288","524288","524288","1","1","0","31","0","-","-","-","0","0","0","0","0","0","0","0","-","0","0","0","0","0","0","0","0","0","0","0","0","0","0","0","0","0","0","18","0","0","0","0","0","0","0","0","0","0","0","0","0","0","0","0","0","0","0","0","0"
"0x7ff32b5af6b0","      LDS.128 R4, [UR15+0x2f170]","7","0","7","524288","524288","524288","1","1","0","31","0","Shared","Load","128","0","1","0","524288","524288","0","0","0","-","0","0","0","0","0","0","0","0","0","0","0","0","0","0","0","0","0","0","7","0","0","0","0","0","0","0","0","0","0","0","0","0","0","0","0","0","0","0","0","0"
"0x7ff32b5af6c0","      UIADD3 UR32, UPT, UPT, UR4, 0xde00, URZ","57","22","57","524288","524288","524288","1","1","0","31","0","-","-","-","0","0","0","0","0","0","0","0","-","0","0","0","0","0","0","0","0","0","0","0","43","1","0","0","0","0","4","9","0","0","0","0","0","0","0","0","0","21","1","0","0","0","0","0","0","0","0","0","0"
"0x7ff32b5af6d0","      UIADD3 UR24, UPT, UPT, UR4, 0x11e00, URZ","141","75","141","524288","524288","524288","1","1","0","31","0","-","-","-","0","0","0","0","0","0","0","0","-","0","0","0","0","0","0","0","0","0","0","0","112","0","0","0","0","0","13","5","0","0","0","11","0","0","0","0","0","74","0","0","0","0","0","0","0","0","0","0","1"
"0x7ff32b5af6e0","      UIADD3 UR16, UPT, UPT, UR4, 0x15e00, URZ","151","83","151","524288","524288","524288","1","1","0","31","0","-","-","-","0","0","0","0","0","0","0","0","-","0","0","0","0","0","0","0","0","0","0","0","122","0","0","0","0","0","10","8","0","0","0","11","0","0","0","0","0","79","0","0","0","0","0","0","0","0","0","0","4"
"0x7ff32b5af6f0","      UIADD3 UR8, UPT, UPT, UR5, 0x29700, URZ","135","73","135","524288","524288","524288","1","1","0","31","0","-","-","-","0","0","0","0","0","0","0","0","-","0","0","0","0","0","0","0","0","0","0","0","106","0","0","0","0","0","8","13","0","0","0","8","0","0","0","0","0","70","0","0","0","0","0","0","0","0","0","0","3"
"0x7ff32b5af700","      R2UR UR46, R7","38","16","38","524288","524288","524288","1","1","0","31","0","-","-","-","0","0","0","0","0","0","0","0","-","0","0","0","0","0","0","0","0","0","0","0","0","14","0","0","0","0","10","10","4","0","0","0","0","0","0","0","0","0","14","0","0","0","0","0","0","2","0","0","0"
"0x7ff32b5af710","      R2UR UR45, R6","15","9","15","524288","524288","524288","1","1","0","31","0","-","-","-","0","0","0","0","0","0","0","0","-","0","0","0","0","0","0","0","0","0","0","0","0","1","0","0","0","0","1","5","0","0","0","8","0","0","0","0","0","0","1","0","0","0","0","0","0","0","0","0","8"
"0x7ff32b5af720","      R2UR UR44, R5","32","10","32","524288","524288","524288","1","1","0","31","0","-","-","-","0","0","0","0","0","0","0","0","-","0","0","0","0","0","0","0","0","0","0","0","0","1","0","0","0","0","3","17","0","0","0","11","0","0","0","0","0","0","1","0","0","0","0","0","0","0","0","0","9"
"0x7ff32b5af730","      R2UR UR43, R4","19","10","19","524288","524288","524288","1","1","0","31","0","-","-","-","0","0","0","0","0","0","0","0","-","0","0","0","0","0","0","0","0","0","0","0","0","0","0","0","0","0","0","6","0","0","0","13","0","0","0","0","0","0","0","0","0","0","0","0","0","0","0","0","10"
"0x7ff32b5af740","      UMOV UR38, UR46","93","43","93","524288","524288","524288","1","1","0","31","0","-","-","-","0","0","0","0","0","0","0","0","-","0","0","0","0","0","0","0","0","0","0","0","0","0","0","0","0","0","16","12","0","0","0","65","0","0","0","0","0","0","0","0","0","0","0","0","0","0","0","0","43"
"0x7ff32b5af750","      UMOV UR30, UR46","7","0","7","524288","524288","524288","1","1","0","31","0","-","-","-","0","0","0","0","0","0","0","0","-","0","0","0","0","0","0","0","0","0","0","0","0","0","0","0","0","0","0","7","0","0","0","0","0","0","0","0","0","0","0","0","0","0","0","0","0","0","0","0","0"
"0x7ff32b5af760","      UMOV UR37, UR45","7","0","7","524288","524288","524288","1","1","0","31","0","-","-","-","0","0","0","0","0","0","0","0","-","0","0","0","0","0","0","0","0","0","0","0","0","0","0","0","0","0","0","7","0","0","0","0","0","0","0","0","0","0","0","0","0","0","0","0","0","0","0","0","0"
"0x7ff32b5af770","      UMOV UR29, UR45","10","0","10","524288","524288","524288","1","1","0","31","0","-","-","-","0","0","0","0","0","0","0","0","-","0","0","0","0","0","0","0","0","0","0","0","0","0","0","0","0","0","0","10","0","0","0","0","0","0","0","0","0","0","0","0","0","0","0","0","0","0","0","0","0"
"0x7ff32b5af780","      UMOV UR36, UR44","15","0","15","524288","524288","524288","1","1","0","31","0","-","-","-","0","0","0","0","0","0","0","0","-","0","0","0","0","0","0","0","0","0","0","0","0","0","0","0","0","0","0","15","0","0","0","0","0","0","0","0","0","0","0","0","0","0","0","0","0","0","0","0","0"
"0x7ff32b5af790","      UMOV UR28, UR44","9","0","9","524288","524288","524288","1","1","0","31","0","-","-","-","0","0","0","0","0","0","0","0","-","0","0","0","0","0","0","0","0","2","0","0","0","0","0","0","0","0","0","7","0","0","0","0","0","0","0","0","0","0","0","0","0","0","0","0","0","0","0","0","0"
"0x7ff32b5af7a0","      UMOV UR35, UR43","17","0","17","524288","524288","524288","1","1","0","31","0","-","-","-","0","0","0","0","0","0","0","0","-","0","0","0","0","0","0","0","0","9","0","0","0","0","0","0","0","0","0","8","0","0","0","0","0","0","0","0","0","0","0","0","0","0","0","0","0","0","0","0","0"
"0x7ff32b5af7b0","      UTMALDG.2D.GATHER4 [UR40], [UR72]","19","0","19","524288","524288","524288","1","1","0","31","0","Global,Shared","-","-","0","0","0","0","0","0","0","0","-","0","0","0","0","0","0","0","0","11","0","0","0","0","0","0","0","0","0","8","0","0","0","0","0","0","0","0","0","0","0","0","0","0","0","0","0","0","0","0","0"
"0x7ff32b5af7c0","      UMOV UR27, UR43","6","0","6","524288","524288","524288","1","1","0","31","0","-","-","-","0","0","0","0","0","0","0","0","-","0","0","0","0","0","0","0","0","0","0","0","0","0","0","0","0","0","0","6","0","0","0","0","0","0","0","0","0","0","0","0","0","0","0","0","0","0","0","0","0"
"0x7ff32b5af7d0","      UMOV UR19, UR43","6","0","6","524288","524288","524288","1","1","0","31","0","-","-","-","0","0","0","0","0","0","0","0","-","0","0","0","0","0","0","0","0","0","0","0","0","0","0","0","0","0","0","6","0","0","0","0","0","0","0","0","0","0","0","0","0","0","0","0","0","0","0","0","0"
"0x7ff32b5af7e0","      UMOV UR20, UR44","8","0","8","524288","524288","524288","1","1","0","31","0","-","-","-","0","0","0","0","0","0","0","0","-","0","0","0","0","0","0","0","0","0","0","0","0","0","0","0","0","0","0","8","0","0","0","0","0","0","0","0","0","0","0","0","0","0","0","0","0","0","0","0","0"
"0x7ff32b5af7f0","      UMOV UR21, UR45","12","0","12","524288","524288","524288","1","1","0","31","0","-","-","-","0","0","0","0","0","0","0","0","-","0","0","0","0","0","0","0","0","0","0","0","0","0","0","0","0","0","0","12","0","0","0","0","0","0","0","0","0","0","0","0","0","0","0","0","0","0","0","0","0"
"0x7ff32b5af800","      UMOV UR22, UR46","13","0","13","524288","524288","524288","1","1","0","31","0","-","-","-","0","0","0","0","0","0","0","0","-","0","0","0","0","0","0","0","0","0","0","0","0","0","0","0","0","0","1","12","0","0","0","0","0","0","0","0","0","0","0","0","0","0","0","0","0","0","0","0","0"
"0x7ff32b5af810","      UMOV UR11, UR43","6","0","6","524288","524288","524288","1","1","0","31","0","-","-","-","0","0","0","0","0","0","0","0","-","0","0","0","0","0","0","0","0","0","0","0","0","0","0","0","0","0","0","6","0","0","0","0","0","0","0","0","0","0","0","0","0","0","0","0","0","0","0","0","0"
"0x7ff32b5af820","      UMOV UR12, UR44","10","0","10","524288","524288","524288","1","1","0","31","0","-","-","-","0","0","0","0","0","0","0","0","-","0","0","0","0","0","0","0","0","0","0","0","0","0","0","0","0","0","0","10","0","0","0","0","0","0","0","0","0","0","0","0","0","0","0","0","0","0","0","0","0"
"0x7ff32b5af830","      UTMALDG.2D.GATHER4 [UR32], [UR72]","11","0","11","524288","524288","524288","1","1","0","31","0","Global,Shared","-","-","0","0","0","0","0","0","0","0","-","0","0","0","0","0","0","0","0","0","0","0","0","0","0","0","0","0","0","11","0","0","0","0","0","0","0","0","0","0","0","0","0","0","0","0","0","0","0","0","0"
"0x7ff32b5af840","      UMOV UR13, UR45","8","0","8","524288","524288","524288","1","1","0","31","0","-","-","-","0","0","0","0","0","0","0","0","-","0","0","0","0","0","0","0","0","0","0","0","0","0","0","0","0","0","0","8","0","0","0","0","0","0","0","0","0","0","0","0","0","0","0","0","0","0","0","0","0"
"0x7ff32b5af850","      UMOV UR14, UR46","11","0","11","524288","524288","524288","1","1","0","31","0","-","-","-","0","0","0","0","0","0","0","0","-","0","0","0","0","0","0","0","0","0","0","0","0","0","0","0","0","0","0","11","0","0","0","0","0","0","0","0","0","0","0","0","0","0","0","0","0","0","0","0","0"
"0x7ff32b5af860","      UTMALDG.2D.GATHER4 [UR24], [UR72]","9","0","9","524288","524288","524288","1","1","0","31","0","Global,Shared","-","-","0","0","0","0","0","0","0","0","-","0","0","0","0","0","0","0","0","0","0","0","0","0","0","0","0","0","0","9","0","0","0","0","0","0","0","0","0","0","0","0","0","0","0","0","0","0","0","0","0"
"0x7ff32b5af870","      UTMALDG.2D.GATHER4 [UR16], [UR72]","8","0","8","524288","524288","524288","1","1","0","31","0","Global,Shared","-","-","0","0","0","0","0","0","0","0","-","0","0","0","0","0","0","0","0","0","0","0","0","0","0","0","0","0","0","8","0","0","0","0","0","0","0","0","0","0","0","0","0","0","0","0","0","0","0","0","0"
"0x7ff32b5af880","      UTMALDG.2D.GATHER4 [UR8], [UR74]","132","54","132","524288","524288","524288","1","1","0","31","0","Global,Shared","-","-","0","0","0","0","0","0","0","0","-","0","0","0","0","0","0","0","0","0","0","0","0","0","0","107","0","4","8","13","0","0","0","0","0","0","0","0","0","0","0","0","54","0","0","0","0","0","0","0","0"
"0x7ff32b5af890","      NOP","3","0","3","524288","524288","524288","1","1","0","31","0","-","-","-","0","0","0","0","0","0","0","0","-","0","0","0","0","0","0","0","0","0","0","0","0","0","0","0","0","0","0","3","0","0","0","0","0","0","0","0","0","0","0","0","0","0","0","0","0","0","0","0","0"
"0x7ff32b5af8a0","      NOP","79","31","79","1048576","16777216","16777216","16","16","15","16","0","-","-","-","0","0","0","0","0","0","0","0","-","0","0","0","0","0","0","0","40","0","0","0","0","0","0","0","0","18","8","13","0","0","0","0","0","21","0","0","0","0","0","0","0","0","10","0","0","0","0","0","0"
"0x7ff32b5af8b0","      BSYNC.RECONVERGENT B0","437","228","437","1048576","16777216","16777216","16","16","0","16","0","-","-","-","0","0","0","0","0","0","0","0","-","0","0","0","0","0","0","0","0","0","0","0","396","0","0","0","0","0","20","21","0","0","0","0","0","0","0","0","0","228","0","0","0","0","0","0","0","0","0","0","0"
"0x7ff32b5af8c0","      BAR.SYNC.DEFER_BLOCKING 0x2, 0x80","276","125","276","524288","16777216","16777216","32","32","16","0","0","-","-","-","0","0","0","0","0","0","0","0","-","0","0","0","0","0","0","0","153","0","0","0","0","0","0","0","0","0","5","31","0","0","0","87","0","81","0","0","0","0","0","0","0","0","0","0","0","0","0","0","44"
"0x7ff32b5af8d0","      ISETP.NE.U32.AND P1, PT, R11, RZ, PT","8","0","8","524288","16777216","16777216","32","32","0","0","0","-","-","-","0","0","0","0","0","0","0","0","-","0","0","0","0","0","0","0","0","0","0","0","0","0","0","0","0","0","0","8","0","0","0","0","0","0","0","0","0","0","0","0","0","0","0","0","0","0","0","0","0"
"0x7ff32b5af8e0","@P2   IMAD.MOV R2, RZ, RZ, R9","9","0","9","524288","16777216","8388608","32","16","16","16","0","-","-","-","0","0","0","0","0","0","0","0","-","0","0","0","0","0","0","0","0","0","0","0","0","0","0","0","0","0","0","9","0","0","0","0","0","0","0","0","0","0","0","0","0","0","0","0","0","0","0","0","0"
"0x7ff32b5af8f0","      SEL R12, R12, RZ, P2","13","0","13","524288","16777216","16777216","32","32","16","0","0","-","-","-","0","0","0","0","0","0","0","0","-","0","0","0","0","0","0","0","0","0","0","0","0","0","0","0","0","0","0","13","0","0","0","0","0","0","0","0","0","0","0","0","0","0","0","0","0","0","0","0","0"
"0x7ff32b5af900","      IMAD.X R3, RZ, RZ, R3, P0","13","0","13","524288","16777216","16777216","32","32","0","0","0","-","-","-","0","0","0","0","0","0","0","0","-","0","0","0","0","0","0","0","0","0","0","0","0","0","0","0","0","0","0","13","0","0","0","0","0","0","0","0","0","0","0","0","0","0","0","0","0","0","0","0","0"
"0x7ff32b5af910","@!P1  EXIT","1126","636","1126","524288","16777216","1048576","32","2","30","30","0","-","-","-","0","0","0","0","0","0","0","0","-","0","0","0","0","0","0","1109","0","0","0","0","0","0","0","0","0","0","4","13","0","0","0","0","636","0","0","0","0","0","0","0","0","0","0","0","0","0","0","0","0"
"0x7ff32b5af920","      IADD3 R8, PT, PT, R8, 0x80, RZ","110","53","110","491520","15728640","15728640","32","32","30","0","0","-","-","-","0","0","0","0","0","0","0","0","-","0","0","0","0","0","0","0","5","0","0","0","0","22","0","0","0","0","20","10","0","0","0","53","0","2","0","0","0","0","21","0","0","0","0","0","0","0","0","0","30"
"0x7ff32b5af930","      UIADD3 UR23, UPT, UPT, UR23, 0x1, URZ","14","0","14","491520","15728640","15728640","32","32","0","0","0","-","-","-","0","0","0","0","0","0","0","0","-","0","0","0","0","0","0","0","0","0","0","0","0","0","0","0","0","0","0","14","0","0","0","0","0","0","0","0","0","0","0","0","0","0","0","0","0","0","0","0","0"
"0x7ff32b5af940","      MOV R9, R2","12","0","12","491520","15728640","15728640","32","32","0","0","0","-","-","-","0","0","0","0","0","0","0","0","-","0","0","0","0","0","0","0","0","0","0","0","0","0","0","0","0","0","0","12","0","0","0","0","0","0","0","0","0","0","0","0","0","0","0","0","0","0","0","0","0"
"0x7ff32b5af950","      BRA 0x7ff32b5ae570","16","0","16","491520","15728640","15728640","32","32","0","0","0","-","-","-","0","0","0","0","0","0","0","0","-","0","0","0","0","0","0","0","0","0","0","0","0","0","0","0","0","0","0","16","0","0","0","0","0","0","0","0","0","0","0","0","0","0","0","0","0","0","0","0","0"
"0x7ff32b5af960","      LDC.64 R4, c[0x0][0x398]","81","46","81","65536","2097152","2097152","32","32","0","0","0","-","-","-","0","0","0","0","0","0","0","0","-","0","0","0","0","0","0","0","3","0","0","0","0","0","0","0","0","29","0","10","0","0","0","39","0","1","0","0","0","0","0","0","0","0","28","0","0","0","0","0","17"
"0x7ff32b5af970","      LDCU.64 UR4, c[0x0][0x358]","1","0","1","65536","2097152","2097152","32","32","0","0","0","-","-","-","0","0","0","0","0","0","0","0","-","0","0","0","0","0","0","0","0","0","0","0","0","0","0","0","0","0","0","1","0","0","0","0","0","0","0","0","0","0","0","0","0","0","0","0","0","0","0","0","0"
"0x7ff32b5af980","      LDS R2, [UR7+0x2f908]","24","18","24","65536","2097152","2097152","32","32","0","0","0","Shared","Load","32","0","1","0","65536","65536","0","0","0","-","0","0","0","0","0","0","0","0","0","0","0","0","0","0","0","0","21","0","3","0","0","0","0","0","0","0","0","0","0","0","0","0","0","18","0","0","0","0","0","0"
"0x7ff32b5af990","      IMAD.WIDE.U32 R4, R96, 0x4, R4","15","12","15","65536","2097152","2097152","32","32","0","0","0","-","-","-","0","0","0","0","0","0","0","0","-","0","0","0","0","0","0","0","0","0","0","0","0","0","0","0","0","0","0","2","13","0","0","0","0","0","0","0","0","0","0","0","0","0","0","0","0","12","0","0","0"
"0x7ff32b5af9a0","      LDG.E R0, desc[UR4][R4.64]","10","1","10","65536","2097152","2097152","32","32","0","0","0","Global","Load","32","65536","0","0","0","0","0","65536","65536","","0","0","0","0","0","0","0","0","3","0","0","0","0","0","0","0","0","2","1","0","0","0","4","0","0","0","0","0","0","0","0","0","0","0","0","0","0","0","0","1"
"0x7ff32b5af9b0","      LOP3.LUT R3, R98, 0x7f, RZ, 0xc0, !PT","1","0","1","65536","2097152","2097152","32","32","0","0","0","-","-","-","0","0","0","0","0","0","0","0","-","0","0","0","0","0","0","0","0","0","0","0","0","0","0","0","0","0","0","1","0","0","0","0","0","0","0","0","0","0","0","0","0","0","0","0","0","0","0","0","0"
"0x7ff32b5af9c0","      IMAD.U32 R77, R98, 0x10000, RZ","1","0","1","65536","2097152","2097152","32","32","0","0","0","-","-","-","0","0","0","0","0","0","0","0","-","0","0","0","0","0","0","0","0","0","0","0","0","0","0","0","0","0","0","1","0","0","0","0","0","0","0","0","0","0","0","0","0","0","0","0","0","0","0","0","0"
"0x7ff32b5af9d0","      SHF.R.U32.HI R99, RZ, 0x7, R98","1","0","1","65536","2097152","2097152","32","32","0","0","0","-","-","-","0","0","0","0","0","0","0","0","-","0","0","0","0","0","0","0","0","0","0","0","0","0","0","0","0","0","0","1","0","0","0","0","0","0","0","0","0","0","0","0","0","0","0","0","0","0","0","0","0"
"0x7ff32b5af9e0","      IMAD.SHL.U32 R76, R98, 0x4, RZ","4","0","4","65536","2097152","2097152","32","32","0","0","0","-","-","-","0","0","0","0","0","0","0","0","-","0","0","0","0","0","0","0","0","1","0","0","0","0","0","0","0","0","0","3","0","0","0","0","0","0","0","0","0","0","0","0","0","0","0","0","0","0","0","0","0"
"0x7ff32b5af9f0","      LOP3.LUT R102, R3, 0x80, R98, 0xf8, !PT","2","0","2","65536","2097152","2097152","32","32","0","0","0","-","-","-","0","0","0","0","0","0","0","0","-","0","0","0","0","0","0","0","0","0","0","0","0","0","0","0","0","0","0","2","0","0","0","0","0","0","0","0","0","0","0","0","0","0","0","0","0","0","0","0","0"
"0x7ff32b5afa00","      IMAD.MOV.U32 R79, RZ, RZ, RZ","2","0","2","65536","2097152","2097152","32","32","0","0","0","-","-","-","0","0","0","0","0","0","0","0","-","0","0","0","0","0","0","0","0","0","0","0","0","0","0","0","0","0","1","1","0","0","0","0","0","0","0","0","0","0","0","0","0","0","0","0","0","0","0","0","0"
"0x7ff32b5afa10","      LOP3.LUT R100, R98, 0x80, RZ, 0xc0, !PT","1","0","1","65536","2097152","2097152","32","32","0","0","0","-","-","-","0","0","0","0","0","0","0","0","-","0","0","0","0","0","0","0","0","0","0","0","0","0","0","0","0","0","0","1","0","0","0","0","0","0","0","0","0","0","0","0","0","0","0","0","0","0","0","0","0"
"0x7ff32b5afa20","      LOP3.LUT R77, R77, 0x600000, RZ, 0xc0, !PT","10","2","10","65536","2097152","2097152","32","32","0","0","0","-","-","-","0","0","0","0","0","0","0","0","-","0","0","0","0","0","0","0","0","0","0","0","0","2","0","0","0","0","4","1","0","0","0","3","0","0","0","0","0","0","0","0","0","0","0","0","0","0","0","0","2"
"0x7ff32b5afa30","      LOP3.LUT R76, R76, 0xfc, RZ, 0xc0, !PT","6","3","6","65536","2097152","2097152","32","32","0","0","0","-","-","-","0","0","0","0","0","0","0","0","-","0","0","0","0","0","0","0","0","0","0","0","0","3","0","0","0","0","2","0","0","0","0","1","0","0","0","0","0","0","2","0","0","0","0","0","0","0","0","0","1"
"0x7ff32b5afa40","      R2UR UR37, R2","4","1","4","65536","2097152","2097152","32","32","0","0","0","-","-","-","0","0","0","0","0","0","0","0","-","0","0","0","0","0","0","0","0","0","0","0","0","1","0","0","0","0","2","1","0","0","0","0","0","0","0","0","0","0","1","0","0","0","0","0","0","0","0","0","0"
"0x7ff32b5afa50","      LEA R102, R102, UR7, 0x2","2","1","2","65536","2097152","2097152","32","32","0","0","0","-","-","-","0","0","0","0","0","0","0","0","-","0","0","0","0","0","0","0","0","0","0","0","0","0","0","0","0","0","0","1","0","0","0","1","0","0","0","0","0","0","0","0","0","0","0","0","0","0","0","0","1"
"0x7ff32b5afa60","      R2UR UR4, R0","321","318","321","65536","2097152","2097152","32","32","0","0","0","-","-","-","0","0","0","0","0","0","0","0","-","0","0","0","0","0","0","0","0","0","0","0","314","1","0","0","0","0","0","3","0","0","0","3","0","0","0","0","0","314","1","0","0","0","0","0","0","0","0","0","3"
"0x7ff32b5afa70","      USHF.R.S32.HI UR5, URZ, 0x1f, UR4","13","7","13","65536","2097152","2097152","32","32","0","0","0","-","-","-","0","0","0","0","0","0","0","0","-","0","0","0","0","0","0","0","0","0","0","0","0","0","0","0","0","0","0","1","0","0","0","12","0","0","0","0","0","0","0","0","0","0","0","0","0","0","0","0","7"
"0x7ff32b5afa80","      ULEA.HI UR5, UR5, UR4, URZ, 0x7","5","1","5","65536","2097152","2097152","32","32","0","0","0","-","-","-","0","0","0","0","0","0","0","0","-","0","0","0","0","0","0","0","0","0","0","0","0","0","0","0","0","0","0","2","0","0","0","3","0","0","0","0","0","0","0","0","0","0","0","0","0","0","0","0","1"
"0x7ff32b5afa90","      ULOP3.LUT UR6, UR5, 0xffffff80, URZ, 0xc0, !UPT","4","3","4","65536","2097152","2097152","32","32","0","0","0","-","-","-","0","0","0","0","0","0","0","0","-","0","0","0","0","0","0","0","0","0","0","0","0","1","0","0","0","0","0","0","0","0","0","3","0","0","0","0","0","0","1","0","0","0","0","0","0","0","0","0","2"
"0x7ff32b5afaa0","      UISETP.NE.U32.AND UP0, UPT, UR4, UR6, UPT","9","4","9","65536","2097152","2097152","32","32","0","0","0","-","-","-","0","0","0","0","0","0","0","0","-","0","0","0","0","0","0","0","0","0","0","0","0","2","0","0","0","0","1","2","0","0","0","4","0","0","0","0","0","0","1","0","0","0","0","0","0","0","0","0","3"
"0x7ff32b5afab0","      UISETP.GT.AND UP0, UPT, UR4, -0x1, UP0","6","2","6","65536","2097152","2097152","32","32","0","0","0","-","-","-","0","0","0","0","0","0","0","0","-","0","0","0","0","0","0","0","0","0","0","0","0","0","0","0","0","0","0","3","0","0","0","3","0","0","0","0","0","0","0","0","0","0","0","0","0","0","0","0","2"
"0x7ff32b5afac0","      USHF.R.S32.HI UR4, URZ, 0x7, UR5","0","0","0","65536","2097152","2097152","32","32","0","0","0","-","-","-","0","0","0","0","0","0","0","0","-","0","0","0","0","0","0","0","0","0","0","0","0","0","0","0","0","0","0","0","0","0","0","0","0","0","0","0","0","0","0","0","0","0","0","0","0","0","0","0","0"
"0x7ff32b5afad0","      ULEA.HI.SX32 UR5, UR5, 0x1, 0x19","2","1","2","65536","2097152","2097152","32","32","0","0","0","-","-","-","0","0","0","0","0","0","0","0","-","0","0","0","0","0","0","0","0","0","0","0","0","0","0","0","0","0","0","1","0","0","0","1","0","0","0","0","0","0","0","0","0","0","0","0","0","0","0","0","1"
"0x7ff32b5afae0","@!UP0 UIADD3 UR5, UPT, UPT, UR4, URZ, URZ","7","4","7","65536","2097152","2097152","32","32","0","0","0","-","-","-","0","0","0","0","0","0","0","0","-","0","0","0","0","0","0","0","0","0","0","0","0","1","0","0","0","0","2","0","0","0","0","4","0","0","0","0","0","0","1","0","0","0","0","0","0","0","0","0","3"
"0x7ff32b5afaf0","      UISETP.GE.AND UP0, UPT, UR5, 0x1, UPT","13","2","13","65536","2097152","2097152","32","32","0","0","0","-","-","-","0","0","0","0","0","0","0","0","-","0","0","0","0","0","0","0","0","0","0","0","0","0","0","0","0","0","8","1","0","0","0","4","0","0","0","0","0","0","0","0","0","0","0","0","0","0","0","0","2"
"0x7ff32b5afb00","      BRA.U !UP0, 0x7ff32b5b21d0","51","1","51","65536","2097152","2097152","32","32","0","0","0","-","-","-","0","0","0","0","0","0","0","0","-","0","0","0","0","0","0","0","0","5","0","0","0","0","0","0","0","0","36","3","0","0","0","7","0","0","0","0","0","0","0","0","0","0","0","0","0","0","0","0","1"
"0x7ff32b5afb10","      LOP3.LUT R75, R3, 0x40, RZ, 0xc0, !PT","21","4","21","65536","2097152","2097152","32","32","0","0","0","-","-","-","0","0","0","0","0","0","0","0","-","0","0","0","0","0","0","0","0","1","0","0","0","5","0","0","0","0","6","2","0","0","0","7","0","0","0","0","0","0","0","0","0","0","0","0","0","0","0","0","4"
"0x7ff32b5afb20","      IMAD.SHL.U32 R74, R99, 0x20, RZ","0","0","0","65536","2097152","2097152","32","32","0","0","0","-","-","-","0","0","0","0","0","0","0","0","-","0","0","0","0","0","0","0","0","0","0","0","0","0","0","0","0","0","0","0","0","0","0","0","0","0","0","0","0","0","0","0","0","0","0","0","0","0","0","0","0"
"0x7ff32b5afb30","      LOP3.LUT R5, R3, 0x38, RZ, 0xc0, !PT","0","0","0","65536","2097152","2097152","32","32","0","0","0","-","-","-","0","0","0","0","0","0","0","0","-","0","0","0","0","0","0","0","0","0","0","0","0","0","0","0","0","0","0","0","0","0","0","0","0","0","0","0","0","0","0","0","0","0","0","0","0","0","0","0","0"
"0x7ff32b5afb40","      USHF.R.U32.HI UR50, URZ, 0x4, UR7","2","0","2","65536","2097152","2097152","32","32","0","0","0","-","-","-","0","0","0","0","0","0","0","0","-","0","0","0","0","0","0","0","0","0","0","0","0","0","0","0","0","0","0","2","0","0","0","0","0","0","0","0","0","0","0","0","0","0","0","0","0","0","0","0","0"
"0x7ff32b5afb50","      IMAD.U32 R101, RZ, RZ, UR7","2","0","2","65536","2097152","2097152","32","32","0","0","0","-","-","-","0","0","0","0","0","0","0","0","-","0","0","0","0","0","0","0","0","0","0","0","0","0","0","0","0","0","0","2","0","0","0","0","0","0","0","0","0","0","0","0","0","0","0","0","0","0","0","0","0"
"0x7ff32b5afb60","      UIADD3 UR8, UPT, UPT, UR7, 0x8000, URZ","3","0","3","65536","2097152","2097152","32","32","0","0","0","-","-","-","0","0","0","0","0","0","0","0","-","0","0","0","0","0","0","0","0","0","0","0","0","0","0","0","0","0","0","3","0","0","0","0","0","0","0","0","0","0","0","0","0","0","0","0","0","0","0","0","0"
"0x7ff32b5afb70","      IMAD.IADD R75, R74, 0x1, R75","3","0","3","65536","2097152","2097152","32","32","0","0","0","-","-","-","0","0","0","0","0","0","0","0","-","0","0","0","0","0","0","0","0","0","0","0","0","0","0","0","0","0","0","3","0","0","0","0","0","0","0","0","0","0","0","0","0","0","0","0","0","0","0","0","0"
"0x7ff32b5afb80","      LOP3.LUT R5, R5, 0x7, R98, 0xf8, !PT","0","0","0","65536","2097152","2097152","32","32","0","0","0","-","-","-","0","0","0","0","0","0","0","0","-","0","0","0","0","0","0","0","0","0","0","0","0","0","0","0","0","0","0","0","0","0","0","0","0","0","0","0","0","0","0","0","0","0","0","0","0","0","0","0","0"
"0x7ff32b5afb90","      ULOP3.LUT UR50, UR50, 0x3fff, URZ, 0xc0, !UPT","1","0","1","65536","2097152","2097152","32","32","0","0","0","-","-","-","0","0","0","0","0","0","0","0","-","0","0","0","0","0","0","0","0","0","0","0","0","0","0","0","0","0","0","1","0","0","0","0","0","0","0","0","0","0","0","0","0","0","0","0","0","0","0","0","0"
"0x7ff32b5afba0","      IADD3 R105, PT, PT, R77, UR37, R100","1","0","1","65536","2097152","2097152","32","32","0","0","0","-","-","-","0","0","0","0","0","0","0","0","-","0","0","0","0","0","0","0","0","0","0","0","0","0","0","0","0","0","0","1","0","0","0","0","0","0","0","0","0","0","0","0","0","0","0","0","0","0","0","0","0"
"0x7ff32b5afbb0","      IMAD.SHL.U32 R0, R75, 0x40, RZ","1","0","1","65536","2097152","2097152","32","32","0","0","0","-","-","-","0","0","0","0","0","0","0","0","-","0","0","0","0","0","0","0","0","0","0","0","0","0","0","0","0","0","0","1","0","0","0","0","0","0","0","0","0","0","0","0","0","0","0","0","0","0","0","0","0"
"0x7ff32b5afbc0","      UIADD3 UR6, UPT, UPT, UR7, 0x2d000, URZ","5","0","5","65536","2097152","2097152","32","32","0","0","0","-","-","-","0","0","0","0","0","0","0","0","-","0","0","0","0","0","0","0","0","0","0","0","0","0","0","0","0","0","0","5","0","0","0","0","0","0","0","0","0","0","0","0","0","0","0","0","0","0","0","0","0"
"0x7ff32b5afbd0","      IMAD.SHL.U32 R5, R5, 0x40, RZ","0","0","0","65536","2097152","2097152","32","32","0","0","0","-","-","-","0","0","0","0","0","0","0","0","-","0","0","0","0","0","0","0","0","0","0","0","0","0","0","0","0","0","0","0","0","0","0","0","0","0","0","0","0","0","0","0","0","0","0","0","0","0","0","0","0"
"0x7ff32b5afbe0","      ULOP3.LUT UR50, UR50, 0x10000, URZ, 0xfc, !UPT","3","0","3","65536","2097152","2097152","32","32","0","0","0","-","-","-","0","0","0","0","0","0","0","0","-","0","0","0","0","0","0","0","0","0","0","0","0","0","0","0","0","0","0","3","0","0","0","0","0","0","0","0","0","0","0","0","0","0","0","0","0","0","0","0","0"
"0x7ff32b5afbf0","      IMAD.MOV.U32 R79, RZ, RZ, RZ","1","0","1","65536","2097152","2097152","32","32","0","0","0","-","-","-","0","0","0","0","0","0","0","0","-","0","0","0","0","0","0","0","0","0","0","0","0","0","0","0","0","0","0","1","0","0","0","0","0","0","0","0","0","0","0","0","0","0","0","0","0","0","0","0","0"
"0x7ff32b5afc00","      LOP3.LUT R2, R74, 0x1000, R0, 0xf8, !PT","0","0","0","65536","2097152","2097152","32","32","0","0","0","-","-","-","0","0","0","0","0","0","0","0","-","0","0","0","0","0","0","0","0","0","0","0","0","0","0","0","0","0","0","0","0","0","0","0","0","0","0","0","0","0","0","0","0","0","0","0","0","0","0","0","0"
"0x7ff32b5afc10","      USHF.R.U32.HI UR8, URZ, 0x4, UR8","0","0","0","65536","2097152","2097152","32","32","0","0","0","-","-","-","0","0","0","0","0","0","0","0","-","0","0","0","0","0","0","0","0","0","0","0","0","0","0","0","0","0","0","0","0","0","0","0","0","0","0","0","0","0","0","0","0","0","0","0","0","0","0","0","0"
"0x7ff32b5afc20","      IADD3 R0, PT, PT, R0, 0x10, R75","2","0","2","65536","2097152","2097152","32","32","0","0","0","-","-","-","0","0","0","0","0","0","0","0","-","0","0","0","0","0","0","0","0","0","0","0","0","0","0","0","0","0","0","2","0","0","0","0","0","0","0","0","0","0","0","0","0","0","0","0","0","0","0","0","0"
"0x7ff32b5afc30","      USHF.R.U32.HI UR6, URZ, 0x4, UR6","0","0","0","65536","2097152","2097152","32","32","0","0","0","-","-","-","0","0","0","0","0","0","0","0","-","0","0","0","0","0","0","0","0","0","0","0","0","0","0","0","0","0","0","0","0","0","0","0","0","0","0","0","0","0","0","0","0","0","0","0","0","0","0","0","0"
"0x7ff32b5afc40","      IADD3 R3, PT, PT, R5, UR7, R2","2","0","2","65536","2097152","2097152","32","32","0","0","0","-","-","-","0","0","0","0","0","0","0","0","-","0","0","0","0","0","0","0","0","0","0","0","0","0","0","0","0","0","0","2","0","0","0","0","0","0","0","0","0","0","0","0","0","0","0","0","0","0","0","0","0"
"0x7ff32b5afc50","      UIADD3 UR4, UPT, UPT, UR37, 0x100, URZ","1","0","1","65536","2097152","2097152","32","32","0","0","0","-","-","-","0","0","0","0","0","0","0","0","-","0","0","0","0","0","0","0","0","0","0","0","0","0","0","0","0","0","0","1","0","0","0","0","0","0","0","0","0","0","0","0","0","0","0","0","0","0","0","0","0"
"0x7ff32b5afc60","      LOP3.LUT R0, R5, 0x1030, R0, 0xf8, !PT","0","0","0","65536","2097152","2097152","32","32","0","0","0","-","-","-","0","0","0","0","0","0","0","0","-","0","0","0","0","0","0","0","0","0","0","0","0","0","0","0","0","0","0","0","0","0","0","0","0","0","0","0","0","0","0","0","0","0","0","0","0","0","0","0","0"
"0x7ff32b5afc70","      UIADD3 UR20, UPT, UPT, UR50, 0x4, URZ","3","0","3","65536","2097152","2097152","32","32","0","0","0","-","-","-","0","0","0","0","0","0","0","0","-","0","0","0","0","0","0","0","0","0","0","0","0","0","0","0","0","0","0","3","0","0","0","0","0","0","0","0","0","0","0","0","0","0","0","0","0","0","0","0","0"
"0x7ff32b5afc80","      IADD3 R3, PT, PT, R3, 0x2d000, RZ","17","0","17","65536","2097152","2097152","32","32","0","0","0","-","-","-","0","0","0","0","0","0","0","0","-","0","0","0","0","0","0","0","0","2","0","0","0","6","0","0","0","1","7","1","0","0","0","0","0","0","0","0","0","0","0","0","0","0","0","0","0","0","0","0","0"
"0x7ff32b5afc90","      UIADD3 UR18, UPT, UPT, UR50, 0x6, URZ","0","0","0","65536","2097152","2097152","32","32","0","0","0","-","-","-","0","0","0","0","0","0","0","0","-","0","0","0","0","0","0","0","0","0","0","0","0","0","0","0","0","0","0","0","0","0","0","0","0","0","0","0","0","0","0","0","0","0","0","0","0","0","0","0","0"
"0x7ff32b5afca0","      IADD3 R0, PT, PT, R101, 0x2d000, R0","2","0","2","65536","2097152","2097152","32","32","0","0","0","-","-","-","0","0","0","0","0","0","0","0","-","0","0","0","0","0","0","0","0","0","0","0","0","0","0","0","0","0","0","2","0","0","0","0","0","0","0","0","0","0","0","0","0","0","0","0","0","0","0","0","0"
"0x7ff32b5afcb0","      UIADD3 UR16, UPT, UPT, UR50, 0x200, URZ","2","0","2","65536","2097152","2097152","32","32","0","0","0","-","-","-","0","0","0","0","0","0","0","0","-","0","0","0","0","0","0","0","0","0","0","0","0","0","0","0","0","0","0","2","0","0","0","0","0","0","0","0","0","0","0","0","0","0","0","0","0","0","0","0","0"
"0x7ff32b5afcc0","      SHF.R.U32.HI R104, RZ, 0x3, R3","3","0","3","65536","2097152","2097152","32","32","0","0","0","-","-","-","0","0","0","0","0","0","0","0","-","0","0","0","0","0","0","0","0","1","0","0","0","0","0","0","0","0","0","2","0","0","0","0","0","0","0","0","0","0","0","0","0","0","0","0","0","0","0","0","0"
"0x7ff32b5afcd0","      UIADD3 UR14, UPT, UPT, UR50, 0x202, URZ","3","0","3","65536","2097152","2097152","32","32","0","0","0","-","-","-","0","0","0","0","0","0","0","0","-","0","0","0","0","0","0","0","0","0","0","0","0","0","0","0","0","0","0","3","0","0","0","0","0","0","0","0","0","0","0","0","0","0","0","0","0","0","0","0","0"
"0x7ff32b5afce0","      SHF.R.U32.HI R103, RZ, 0x3, R0","0","0","0","65536","2097152","2097152","32","32","0","0","0","-","-","-","0","0","0","0","0","0","0","0","-","0","0","0","0","0","0","0","0","0","0","0","0","0","0","0","0","0","0","0","0","0","0","0","0","0","0","0","0","0","0","0","0","0","0","0","0","0","0","0","0"
"0x7ff32b5afcf0","      UIADD3 UR12, UPT, UPT, UR50, 0x204, URZ","4","0","4","65536","2097152","2097152","32","32","0","0","0","-","-","-","0","0","0","0","0","0","0","0","-","0","0","0","0","0","0","0","0","0","0","0","0","0","0","0","0","0","0","4","0","0","0","0","0","0","0","0","0","0","0","0","0","0","0","0","0","0","0","0","0"
"0x7ff32b5afd00","      LOP3.LUT R104, R3, 0x30, R104, 0x78, !PT","11","0","11","65536","2097152","2097152","32","32","0","0","0","-","-","-","0","0","0","0","0","0","0","0","-","0","0","0","0","0","0","0","0","0","0","0","0","3","0","0","0","0","6","2","0","0","0","0","0","0","0","0","0","0","0","0","0","0","0","0","0","0","0","0","0"
"0x7ff32b5afd10","      UIADD3 UR10, UPT, UPT, UR50, 0x206, URZ","2","0","2","65536","2097152","2097152","32","32","0","0","0","-","-","-","0","0","0","0","0","0","0","0","-","0","0","0","0","0","0","0","0","0","0","0","0","0","0","0","0","0","0","2","0","0","0","0","0","0","0","0","0","0","0","0","0","0","0","0","0","0","0","0","0"
"0x7ff32b5afd20","      LOP3.LUT R103, R0, 0x30, R103, 0x78, !PT","0","0","0","65536","2097152","2097152","32","32","0","0","0","-","-","-","0","0","0","0","0","0","0","0","-","0","0","0","0","0","0","0","0","0","0","0","0","0","0","0","0","0","0","0","0","0","0","0","0","0","0","0","0","0","0","0","0","0","0","0","0","0","0","0","0"
"0x7ff32b5afd30","      ULOP3.LUT UR56, UR8, 0x3fff, URZ, 0xc0, !UPT","1","0","1","65536","2097152","2097152","32","32","0","0","0","-","-","-","0","0","0","0","0","0","0","0","-","0","0","0","0","0","0","0","0","0","0","0","0","0","0","0","0","0","0","1","0","0","0","0","0","0","0","0","0","0","0","0","0","0","0","0","0","0","0","0","0"
"0x7ff32b5afd40","      IMAD.MOV.U32 R41, RZ, RZ, -0xeb60d36","2","0","2","65536","2097152","2097152","32","32","0","0","0","-","-","-","0","0","0","0","0","0","0","0","-","0","0","0","0","0","0","0","0","0","0","0","0","0","0","0","0","0","0","2","0","0","0","0","0","0","0","0","0","0","0","0","0","0","0","0","0","0","0","0","0"
"0x7ff32b5afd50","      ULOP3.LUT UR6, UR6, 0x3fff, URZ, 0xc0, !UPT","1","0","1","65536","2097152","2097152","32","32","0","0","0","-","-","-","0","0","0","0","0","0","0","0","-","0","0","0","0","0","0","0","0","0","0","0","0","0","0","0","0","0","0","1","0","0","0","0","0","0","0","0","0","0","0","0","0","0","0","0","0","0","0","0","0"
"0x7ff32b5afd60","      IADD3 R74, PT, PT, R77, UR4, R74","4","0","4","65536","2097152","2097152","32","32","0","0","0","-","-","-","0","0","0","0","0","0","0","0","-","0","0","0","0","0","0","0","0","0","0","0","0","0","0","0","0","0","0","4","0","0","0","0","0","0","0","0","0","0","0","0","0","0","0","0","0","0","0","0","0"
"0x7ff32b5afd70","      UMOV UR21, 0x40004040","2","0","2","65536","2097152","2097152","32","32","0","0","0","-","-","-","0","0","0","0","0","0","0","0","-","0","0","0","0","0","0","0","0","0","0","0","0","0","0","0","0","0","0","2","0","0","0","0","0","0","0","0","0","0","0","0","0","0","0","0","0","0","0","0","0"
"0x7ff32b5afd80","      UMOV UR19, 0x40004040","1","0","1","65536","2097152","2097152","32","32","0","0","0","-","-","-","0","0","0","0","0","0","0","0","-","0","0","0","0","0","0","0","0","0","0","0","0","0","0","0","0","1","0","0","0","0","0","0","0","0","0","0","0","0","0","0","0","0","0","0","0","0","0","0","0"
"0x7ff32b5afd90","      UMOV UR17, 0x40004040","1","0","1","65536","2097152","2097152","32","32","0","0","0","-","-","-","0","0","0","0","0","0","0","0","-","0","0","0","0","0","0","0","0","0","0","0","0","0","0","0","0","0","0","1","0","0","0","0","0","0","0","0","0","0","0","0","0","0","0","0","0","0","0","0","0"
"0x7ff32b5afda0","      UMOV UR15, 0x40004040","0","0","0","65536","2097152","2097152","32","32","0","0","0","-","-","-","0","0","0","0","0","0","0","0","-","0","0","0","0","0","0","0","0","0","0","0","0","0","0","0","0","0","0","0","0","0","0","0","0","0","0","0","0","0","0","0","0","0","0","0","0","0","0","0","0"
"0x7ff32b5afdb0","      UMOV UR13, 0x40004040","0","0","0","65536","2097152","2097152","32","32","0","0","0","-","-","-","0","0","0","0","0","0","0","0","-","0","0","0","0","0","0","0","0","0","0","0","0","0","0","0","0","0","0","0","0","0","0","0","0","0","0","0","0","0","0","0","0","0","0","0","0","0","0","0","0"
"0x7ff32b5afdc0","      UMOV UR11, 0x40004040","2","0","2","65536","2097152","2097152","32","32","0","0","0","-","-","-","0","0","0","0","0","0","0","0","-","0","0","0","0","0","0","0","0","1","0","0","0","0","0","0","0","0","0","1","0","0","0","0","0","0","0","0","0","0","0","0","0","0","0","0","0","0","0","0","0"
"0x7ff32b5afdd0","      ULOP3.LUT UR56, UR56, 0x10000, URZ, 0xfc, !UPT","0","0","0","65536","2097152","2097152","32","32","0","0","0","-","-","-","0","0","0","0","0","0","0","0","-","0","0","0","0","0","0","0","0","0","0","0","0","0","0","0","0","0","0","0","0","0","0","0","0","0","0","0","0","0","0","0","0","0","0","0","0","0","0","0","0"
"0x7ff32b5afde0","      IMAD.U32 R118, RZ, RZ, UR20","0","0","0","65536","2097152","2097152","32","32","0","0","0","-","-","-","0","0","0","0","0","0","0","0","-","0","0","0","0","0","0","0","0","0","0","0","0","0","0","0","0","0","0","0","0","0","0","0","0","0","0","0","0","0","0","0","0","0","0","0","0","0","0","0","0"
"0x7ff32b5afdf0","      ULOP3.LUT UR42, UR6, 0x10000, URZ, 0xfc, !UPT","1","0","1","65536","2097152","2097152","32","32","0","0","0","-","-","-","0","0","0","0","0","0","0","0","-","0","0","0","0","0","0","0","0","0","0","0","0","0","0","0","0","0","0","1","0","0","0","0","0","0","0","0","0","0","0","0","0","0","0","0","0","0","0","0","0"
"0x7ff32b5afe00","      MOV R119, UR21","4","1","4","65536","2097152","2097152","32","32","0","0","0","-","-","-","0","0","0","0","0","0","0","0","-","0","0","0","0","0","0","0","0","0","0","0","0","0","0","0","0","2","0","2","0","0","0","0","0","0","0","0","0","0","0","0","0","0","1","0","0","0","0","0","0"
"0x7ff32b5afe10","      IMAD.U32 R116, RZ, RZ, UR18","2","0","2","65536","2097152","2097152","32","32","0","0","0","-","-","-","0","0","0","0","0","0","0","0","-","0","0","0","0","0","0","0","0","0","0","0","0","0","0","0","0","0","0","2","0","0","0","0","0","0","0","0","0","0","0","0","0","0","0","0","0","0","0","0","0"
"0x7ff32b5afe20","      MOV R115, UR17","1","0","1","65536","2097152","2097152","32","32","0","0","0","-","-","-","0","0","0","0","0","0","0","0","-","0","0","0","0","0","0","0","0","0","0","0","0","0","0","0","0","0","0","1","0","0","0","0","0","0","0","0","0","0","0","0","0","0","0","0","0","0","0","0","0"
"0x7ff32b5afe30","      IMAD.U32 R117, RZ, RZ, UR19","1","0","1","65536","2097152","2097152","32","32","0","0","0","-","-","-","0","0","0","0","0","0","0","0","-","0","0","0","0","0","0","0","0","0","0","0","0","0","0","0","0","0","0","1","0","0","0","0","0","0","0","0","0","0","0","0","0","0","0","0","0","0","0","0","0"
"0x7ff32b5afe40","      MOV R111, UR13","1","0","1","65536","2097152","2097152","32","32","0","0","0","-","-","-","0","0","0","0","0","0","0","0","-","0","0","0","0","0","0","0","0","0","0","0","0","0","0","0","0","0","0","1","0","0","0","0","0","0","0","0","0","0","0","0","0","0","0","0","0","0","0","0","0"
"0x7ff32b5afe50","      IMAD.U32 R114, RZ, RZ, UR16","1","0","1","65536","2097152","2097152","32","32","0","0","0","-","-","-","0","0","0","0","0","0","0","0","-","0","0","0","0","0","0","0","0","0","0","0","0","0","0","0","0","0","0","1","0","0","0","0","0","0","0","0","0","0","0","0","0","0","0","0","0","0","0","0","0"
"0x7ff32b5afe60","      UIADD3 UR40, UPT, UPT, UR37, 0x80, URZ","3","0","3","65536","2097152","2097152","32","32","0","0","0","-","-","-","0","0","0","0","0","0","0","0","-","0","0","0","0","0","0","0","0","0","0","0","0","0","0","0","0","0","0","3","0","0","0","0","0","0","0","0","0","0","0","0","0","0","0","0","0","0","0","0","0"
"0x7ff32b5afe70","      IMAD.U32 R112, RZ, RZ, UR14","0","0","0","65536","2097152","2097152","32","32","0","0","0","-","-","-","0","0","0","0","0","0","0","0","-","0","0","0","0","0","0","0","0","0","0","0","0","0","0","0","0","0","0","0","0","0","0","0","0","0","0","0","0","0","0","0","0","0","0","0","0","0","0","0","0"
"0x7ff32b5afe80","      UIADD3 UR41, UPT, UPT, URZ, -UR5, URZ","4","0","4","65536","2097152","2097152","32","32","0","0","0","-","-","-","0","0","0","0","0","0","0","0","-","0","0","0","0","0","0","0","0","0","0","0","0","0","0","0","0","0","0","4","0","0","0","0","0","0","0","0","0","0","0","0","0","0","0","0","0","0","0","0","0"
"0x7ff32b5afe90","      IMAD.U32 R113, RZ, RZ, UR15","1","0","1","65536","2097152","2097152","32","32","0","0","0","-","-","-","0","0","0","0","0","0","0","0","-","0","0","0","0","0","0","0","0","0","0","0","0","0","0","0","0","0","0","1","0","0","0","0","0","0","0","0","0","0","0","0","0","0","0","0","0","0","0","0","0"
"0x7ff32b5afea0","      UMOV UR35, URZ","4","0","4","65536","2097152","2097152","32","32","0","0","0","-","-","-","0","0","0","0","0","0","0","0","-","0","0","0","0","0","0","0","0","0","0","0","0","0","0","0","0","0","0","4","0","0","0","0","0","0","0","0","0","0","0","0","0","0","0","0","0","0","0","0","0"
"0x7ff32b5afeb0","      IMAD.U32 R110, RZ, RZ, UR12","2","0","2","65536","2097152","2097152","32","32","0","0","0","-","-","-","0","0","0","0","0","0","0","0","-","0","0","0","0","0","0","0","0","0","0","0","0","0","0","0","0","0","0","2","0","0","0","0","0","0","0","0","0","0","0","0","0","0","0","0","0","0","0","0","0"
"0x7ff32b5afec0","      UMOV UR52, URZ","2","0","2","65536","2097152","2097152","32","32","0","0","0","-","-","-","0","0","0","0","0","0","0","0","-","0","0","0","0","0","0","0","0","0","0","0","0","0","0","0","0","0","0","2","0","0","0","0","0","0","0","0","0","0","0","0","0","0","0","0","0","0","0","0","0"
"0x7ff32b5afed0","      IMAD.U32 R108, RZ, RZ, UR10","1","0","1","65536","2097152","2097152","32","32","0","0","0","-","-","-","0","0","0","0","0","0","0","0","-","0","0","0","0","0","0","0","0","0","0","0","0","0","0","0","0","0","0","1","0","0","0","0","0","0","0","0","0","0","0","0","0","0","0","0","0","0","0","0","0"
"0x7ff32b5afee0","      UMOV UR34, URZ","1","0","1","65536","2097152","2097152","32","32","0","0","0","-","-","-","0","0","0","0","0","0","0","0","-","0","0","0","0","0","0","0","0","0","0","0","0","0","0","0","0","0","0","1","0","0","0","0","0","0","0","0","0","0","0","0","0","0","0","0","0","0","0","0","0"
"0x7ff32b5afef0","      IMAD.U32 R109, RZ, RZ, UR11","1","0","1","65536","2097152","2097152","32","32","0","0","0","-","-","-","0","0","0","0","0","0","0","0","-","0","0","0","0","0","0","0","0","0","0","0","0","0","0","0","0","0","0","1","0","0","0","0","0","0","0","0","0","0","0","0","0","0","0","0","0","0","0","0","0"
"0x7ff32b5aff00","      UMOV UR38, 0x0","8","0","8","65536","2097152","2097152","32","32","0","0","0","-","-","-","0","0","0","0","0","0","0","0","-","0","0","0","0","0","0","0","0","0","0","0","0","0","0","0","0","1","7","0","0","0","0","0","0","0","0","0","0","0","0","0","0","0","0","0","0","0","0","0","0"
"0x7ff32b5aff10","      UMOV UR39, 0x4200010","1","0","1","65536","2097152","2097152","32","32","0","0","0","-","-","-","0","0","0","0","0","0","0","0","-","0","0","0","0","0","0","0","0","0","0","0","0","0","0","0","0","0","0","1","0","0","0","0","0","0","0","0","0","0","0","0","0","0","0","0","0","0","0","0","0"
"0x7ff32b5aff20","      UMOV UR54, 0x0","0","0","0","65536","2097152","2097152","32","32","0","0","0","-","-","-","0","0","0","0","0","0","0","0","-","0","0","0","0","0","0","0","0","0","0","0","0","0","0","0","0","0","0","0","0","0","0","0","0","0","0","0","0","0","0","0","0","0","0","0","0","0","0","0","0"
"0x7ff32b5aff30","      UMOV UR55, 0x4410010","2","0","2","65536","2097152","2097152","32","32","0","0","0","-","-","-","0","0","0","0","0","0","0","0","-","0","0","0","0","0","0","0","0","0","0","0","0","0","0","0","0","0","0","2","0","0","0","0","0","0","0","0","0","0","0","0","0","0","0","0","0","0","0","0","0"
"0x7ff32b5aff40","      UIADD3 UR76, UPT, UPT, UR50, 0x400, URZ","1","0","1","65536","2097152","2097152","32","32","0","0","0","-","-","-","0","0","0","0","0","0","0","0","-","0","0","0","0","0","0","0","0","0","0","0","0","0","0","0","0","0","0","1","0","0","0","0","0","0","0","0","0","0","0","0","0","0","0","0","0","0","0","0","0"
"0x7ff32b5aff50","      UIADD3 UR74, UPT, UPT, UR50, 0x402, URZ","49","3","49","65536","2097152","2097152","32","32","0","0","0","-","-","-","0","0","0","0","0","0","0","0","-","0","0","0","0","0","0","0","0","4","0","0","0","11","0","0","0","0","28","3","0","0","0","3","0","0","0","0","0","0","2","0","0","0","0","0","0","0","0","0","1"
"0x7ff32b5aff60","      UIADD3 UR72, UPT, UPT, UR50, 0x404, URZ","3","1","3","65536","2097152","2097152","32","32","0","0","0","-","-","-","0","0","0","0","0","0","0","0","-","0","0","0","0","0","0","0","0","0","0","0","0","0","0","0","0","0","0","2","0","0","0","1","0","0","0","0","0","0","0","0","0","0","0","0","0","0","0","0","1"
"0x7ff32b5aff70","      UIADD3 UR70, UPT, UPT, UR50, 0x406, URZ","6","1","6","65536","2097152","2097152","32","32","0","0","0","-","-","-","0","0","0","0","0","0","0","0","-","0","0","0","0","0","0","0","0","0","0","0","0","0","0","0","0","0","3","2","0","0","0","1","0","0","0","0","0","0","0","0","0","0","0","0","0","0","0","0","1"
"0x7ff32b5aff80","      UIADD3 UR68, UPT, UPT, UR50, 0x600, URZ","11","1","11","65536","2097152","2097152","32","32","0","0","0","-","-","-","0","0","0","0","0","0","0","0","-","0","0","0","0","0","0","0","0","1","0","0","0","5","0","0","0","0","3","1","0","0","0","1","0","0","0","0","0","0","0","0","0","0","0","0","0","0","0","0","1"
"0x7ff32b5aff90","      UIADD3 UR66, UPT, UPT, UR50, 0x602, URZ","3","1","3","65536","2097152","2097152","32","32","0","0","0","-","-","-","0","0","0","0","0","0","0","0","-","0","0","0","0","0","0","0","0","0","0","0","0","0","0","0","0","0","0","2","0","0","0","1","0","0","0","0","0","0","0","0","0","0","0","0","0","0","0","0","1"
"0x7ff32b5affa0","      UIADD3 UR64, UPT, UPT, UR50, 0x604, URZ","3","2","3","65536","2097152","2097152","32","32","0","0","0","-","-","-","0","0","0","0","0","0","0","0","-","0","0","0","0","0","0","0","0","0","0","0","0","0","0","0","0","0","0","1","0","0","0","2","0","0","0","0","0","0","0","0","0","0","0","0","0","0","0","0","2"
"0x7ff32b5affb0","      UIADD3 UR62, UPT, UPT, UR50, 0x606, URZ","6","1","6","65536","2097152","2097152","32","32","0","0","0","-","-","-","0","0","0","0","0","0","0","0","-","0","0","0","0","0","0","0","0","1","0","0","0","2","0","0","0","0","3","0","0","0","0","0","0","0","0","0","0","0","1","0","0","0","0","0","0","0","0","0","0"
"0x7ff32b5affc0","      UMOV UR51, 0x40004040","0","0","0","65536","2097152","2097152","32","32","0","0","0","-","-","-","0","0","0","0","0","0","0","0","-","0","0","0","0","0","0","0","0","0","0","0","0","0","0","0","0","0","0","0","0","0","0","0","0","0","0","0","0","0","0","0","0","0","0","0","0","0","0","0","0"
"0x7ff32b5affd0","      UIADD3 UR58, UPT, UPT, UR50, 0x2, URZ","1","0","1","65536","2097152","2097152","32","32","0","0","0","-","-","-","0","0","0","0","0","0","0","0","-","0","0","0","0","0","0","0","0","0","0","0","0","0","0","0","0","0","0","1","0","0","0","0","0","0","0","0","0","0","0","0","0","0","0","0","0","0","0","0","0"
"0x7ff32b5affe0","      UMOV UR43, 0x80004020","3","0","3","65536","2097152","2097152","32","32","0","0","0","-","-","-","0","0","0","0","0","0","0","0","-","0","0","0","0","0","0","0","0","0","0","0","0","0","0","0","0","0","0","3","0","0","0","0","0","0","0","0","0","0","0","0","0","0","0","0","0","0","0","0","0"
"0x7ff32b5afff0","      UIADD3 UR60, UPT, UPT, UR56, 0x2, URZ","4","0","4","65536","2097152","2097152","32","32","0","0","0","-","-","-","0","0","0","0","0","0","0","0","-","0","0","0","0","0","0","0","0","0","0","0","0","0","0","0","0","0","0","4","0","0","0","0","0","0","0","0","0","0","0","0","0","0","0","0","0","0","0","0","0"
"0x7ff32b5b0000","      UIADD3 UR48, UPT, UPT, UR42, 0x2, URZ","1","0","1","65536","2097152","2097152","32","32","0","0","0","-","-","-","0","0","0","0","0","0","0","0","-","0","0","0","0","0","0","0","0","0","0","0","0","0","0","0","0","0","0","1","0","0","0","0","0","0","0","0","0","0","0","0","0","0","0","0","0","0","0","0","0"
"0x7ff32b5b0010","      UMOV UR77, 0x40004040","0","0","0","65536","2097152","2097152","32","32","0","0","0","-","-","-","0","0","0","0","0","0","0","0","-","0","0","0","0","0","0","0","0","0","0","0","0","0","0","0","0","0","0","0","0","0","0","0","0","0","0","0","0","0","0","0","0","0","0","0","0","0","0","0","0"
"0x7ff32b5b0020","      UIADD3 UR46, UPT, UPT, UR42, 0x100, URZ","1","0","1","65536","2097152","2097152","32","32","0","0","0","-","-","-","0","0","0","0","0","0","0","0","-","0","0","0","0","0","0","0","0","0","0","0","0","0","0","0","0","0","0","1","0","0","0","0","0","0","0","0","0","0","0","0","0","0","0","0","0","0","0","0","0"
"0x7ff32b5b0030","      UMOV UR75, 0x40004040","0","0","0","65536","2097152","2097152","32","32","0","0","0","-","-","-","0","0","0","0","0","0","0","0","-","0","0","0","0","0","0","0","0","0","0","0","0","0","0","0","0","0","0","0","0","0","0","0","0","0","0","0","0","0","0","0","0","0","0","0","0","0","0","0","0"
"0x7ff32b5b0040","      UIADD3 UR44, UPT, UPT, UR42, 0x102, URZ","2","0","2","65536","2097152","2097152","32","32","0","0","0","-","-","-","0","0","0","0","0","0","0","0","-","0","0","0","0","0","0","0","0","0","0","0","0","0","0","0","0","0","0","2","0","0","0","0","0","0","0","0","0","0","0","0","0","0","0","0","0","0","0","0","0"
"0x7ff32b5b0050","      UMOV UR73, 0x40004040","2","0","2","65536","2097152","2097152","32","32","0","0","0","-","-","-","0","0","0","0","0","0","0","0","-","0","0","0","0","0","0","0","0","0","0","0","0","0","0","0","0","0","0","2","0","0","0","0","0","0","0","0","0","0","0","0","0","0","0","0","0","0","0","0","0"
"0x7ff32b5b0060","      UMOV UR71, 0x40004040","1","0","1","65536","2097152","2097152","32","32","0","0","0","-","-","-","0","0","0","0","0","0","0","0","-","0","0","0","0","0","0","0","0","1","0","0","0","0","0","0","0","0","0","0","0","0","0","0","0","0","0","0","0","0","0","0","0","0","0","0","0","0","0","0","0"
"0x7ff32b5b0070","      UMOV UR69, 0x40004040","3","0","3","65536","2097152","2097152","32","32","0","0","0","-","-","-","0","0","0","0","0","0","0","0","-","0","0","0","0","0","0","0","0","0","0","0","0","0","0","0","0","0","0","3","0","0","0","0","0","0","0","0","0","0","0","0","0","0","0","0","0","0","0","0","0"
"0x7ff32b5b0080","      UMOV UR67, 0x40004040","2","0","2","65536","2097152","2097152","32","32","0","0","0","-","-","-","0","0","0","0","0","0","0","0","-","0","0","0","0","0","0","0","0","0","0","0","0","0","0","0","0","0","0","2","0","0","0","0","0","0","0","0","0","0","0","0","0","0","0","0","0","0","0","0","0"
"0x7ff32b5b0090","      UMOV UR65, 0x40004040","2","0","2","65536","2097152","2097152","32","32","0","0","0","-","-","-","0","0","0","0","0","0","0","0","-","0","0","0","0","0","0","0","0","0","0","0","0","0","0","0","0","0","0","2","0","0","0","0","0","0","0","0","0","0","0","0","0","0","0","0","0","0","0","0","0"
"0x7ff32b5b00a0","      UMOV UR63, 0x40004040","2","0","2","65536","2097152","2097152","32","32","0","0","0","-","-","-","0","0","0","0","0","0","0","0","-","0","0","0","0","0","0","0","0","0","0","0","0","0","0","0","0","0","0","2","0","0","0","0","0","0","0","0","0","0","0","0","0","0","0","0","0","0","0","0","0"
"0x7ff32b5b00b0","      UMOV UR59, 0x40004040","0","0","0","65536","2097152","2097152","32","32","0","0","0","-","-","-","0","0","0","0","0","0","0","0","-","0","0","0","0","0","0","0","0","0","0","0","0","0","0","0","0","0","0","0","0","0","0","0","0","0","0","0","0","0","0","0","0","0","0","0","0","0","0","0","0"
"0x7ff32b5b00c0","      UMOV UR57, 0x80004020","1","0","1","65536","2097152","2097152","32","32","0","0","0","-","-","-","0","0","0","0","0","0","0","0","-","0","0","0","0","0","0","0","0","0","0","0","0","0","0","0","0","0","0","1","0","0","0","0","0","0","0","0","0","0","0","0","0","0","0","0","0","0","0","0","0"
"0x7ff32b5b00d0","      UMOV UR61, 0x80004020","2","0","2","65536","2097152","2097152","32","32","0","0","0","-","-","-","0","0","0","0","0","0","0","0","-","0","0","0","0","0","0","0","0","2","0","0","0","0","0","0","0","0","0","0","0","0","0","0","0","0","0","0","0","0","0","0","0","0","0","0","0","0","0","0","0"
"0x7ff32b5b00e0","      UMOV UR49, 0x80004020","0","0","0","65536","2097152","2097152","32","32","0","0","0","-","-","-","0","0","0","0","0","0","0","0","-","0","0","0","0","0","0","0","0","0","0","0","0","0","0","0","0","0","0","0","0","0","0","0","0","0","0","0","0","0","0","0","0","0","0","0","0","0","0","0","0"
"0x7ff32b5b00f0","      UMOV UR47, 0x80004020","4","0","4","65536","2097152","2097152","32","32","0","0","0","-","-","-","0","0","0","0","0","0","0","0","-","0","0","0","0","0","0","0","0","0","0","0","0","0","0","0","0","0","0","4","0","0","0","0","0","0","0","0","0","0","0","0","0","0","0","0","0","0","0","0","0"
"0x7ff32b5b0100","      UMOV UR45, 0x80004020","0","0","0","65536","2097152","2097152","32","32","0","0","0","-","-","-","0","0","0","0","0","0","0","0","-","0","0","0","0","0","0","0","0","0","0","0","0","0","0","0","0","0","0","0","0","0","0","0","0","0","0","0","0","0","0","0","0","0","0","0","0","0","0","0","0"
"0x7ff32b5b0110","      ULEA.HI UR5, UR35, UR35, URZ, 0x1","451","392","451","1048576","33554432","33554432","32","32","0","0","0","-","-","-","0","0","0","0","0","0","0","0","-","0","0","0","0","0","0","0","59","1","0","0","0","9","0","0","0","361","8","2","0","0","0","11","0","59","0","0","0","0","4","0","0","0","327","0","0","0","0","0","2"
"0x7ff32b5b0120","      USHF.L.U32 UR8, UR34, 0x3, URZ","49","26","49","1048576","33554432","33554432","32","32","0","0","0","-","-","-","0","0","0","0","0","0","0","0","-","0","0","0","0","0","0","0","0","0","0","0","0","0","0","0","0","0","0","23","0","0","0","26","0","0","0","0","0","0","0","0","0","0","0","0","0","0","0","0","26"
"0x7ff32b5b0130","      ULOP3.LUT UR5, UR5, 0xfffffffe, URZ, 0xc0, !UPT","40","24","40","1048576","33554432","33554432","32","32","0","0","0","-","-","-","0","0","0","0","0","0","0","0","-","0","0","0","0","0","0","0","0","0","0","0","0","0","0","0","0","0","0","16","0","0","0","24","0","0","0","0","0","0","0","0","0","0","0","0","0","0","0","0","24"
"0x7ff32b5b0140","      UIADD3 UR6, UPT, UPT, -UR5, UR35, URZ","157","73","157","1048576","33554432","33554432","32","32","0","0","0","-","-","-","0","0","0","0","0","0","0","0","-","0","0","0","0","0","0","0","0","0","0","0","0","39","0","0","0","0","39","20","0","0","0","59","0","0","0","0","0","0","37","0","0","0","0","0","0","0","0","0","36"
"0x7ff32b5b0150","      ULOP3.LUT UR5, UR8, 0x8, URZ, 0xc0, !UPT","65","25","65","1048576","33554432","33554432","32","32","0","0","0","-","-","-","0","0","0","0","0","0","0","0","-","0","0","0","0","0","0","0","0","0","0","0","0","0","0","0","0","0","4","27","0","0","0","34","0","0","0","0","0","0","0","0","0","0","0","0","0","0","0","0","25"
"0x7ff32b5b0160","      IMAD.U32 R0, RZ, RZ, UR6","102","16","102","1048576","33554432","33554432","32","32","0","0","0","-","-","-","0","0","0","0","0","0","0","0","-","0","0","0","0","0","0","0","0","1","0","0","0","0","0","0","0","0","25","23","0","0","0","53","0","0","0","0","0","0","0","0","0","0","0","0","0","0","0","0","16"
"0x7ff32b5b0170","      MOV R106, UR5","49","16","49","1048576","33554432","33554432","32","32","0","0","0","-","-","-","0","0","0","0","0","0","0","0","-","0","0","0","0","0","0","0","0","0","0","0","0","7","0","0","0","0","6","18","0","0","0","18","0","0","0","0","0","0","7","0","0","0","0","0","0","0","0","0","9"
"0x7ff32b5b0180","      UIADD3 UR5, UPT, UPT, UR7, UR5, URZ","27","1","27","1048576","33554432","33554432","32","32","0","0","0","-","-","-","0","0","0","0","0","0","0","0","-","0","0","0","0","0","0","0","0","4","0","0","0","0","0","0","0","2","1","20","0","0","0","0","0","0","0","0","0","0","0","0","0","0","1","0","0","0","0","0","0"
"0x7ff32b5b0190","      SHF.L.U32 R3, R0, 0x1f, RZ","50","3","50","1048576","33554432","33554432","32","32","0","0","0","-","-","-","0","0","0","0","0","0","0","0","-","0","0","0","0","0","0","0","0","0","0","0","0","3","0","0","0","0","3","22","0","0","0","22","0","0","0","0","0","0","1","0","0","0","0","0","0","0","0","0","2"
"0x7ff32b5b01a0","      SYNCS.PHASECHK.TRANS64.TRYWAIT P0, [R106+UR7+0x2f910], R3","118","36","118","1048576","33554432","33554432","32","32","0","0","0","-","-","-","0","0","0","0","0","0","0","0","-","0","0","0","0","0","0","0","0","0","0","0","0","0","0","0","0","0","16","27","0","0","0","75","0","0","0","0","0","0","0","0","0","0","0","0","0","0","0","0","36"
"0x7ff32b5b01b0","@!P0  BRA 0x7ff32b5b3c60","4263","3347","4263","1048576","33554432","2097152","32","2","30","30","0","-","-","-","0","0","0","0","0","0","0","0","-","0","0","0","0","0","0","0","0","0","0","0","4185","0","0","0","0","0","37","20","0","0","0","21","0","0","0","0","0","3339","0","0","0","0","0","0","0","0","0","0","8"
"0x7ff32b5b01c0","      USHF.L.U32 UR5, UR34, 0x9, URZ","142","67","142","1048576","33554432","33554432","32","32","30","0","0","-","-","-","0","0","0","0","0","0","0","0","-","0","0","0","0","0","0","0","0","0","0","0","0","3","0","0","0","0","19","24","0","0","0","96","0","0","0","0","0","0","2","0","0","0","0","0","0","0","0","0","65"
"0x7ff32b5b01d0","      NOP","23","0","23","1048576","33554432","33554432","32","32","0","0","0","-","-","-","0","0","0","0","0","0","0","0","-","0","0","0","0","0","0","0","0","0","0","0","0","0","0","0","0","0","0","23","0","0","0","0","0","0","0","0","0","0","0","0","0","0","0","0","0","0","0","0","0"
"0x7ff32b5b01e0","      USHF.L.U32 UR8, UR34, 0x10, URZ","30","0","30","1048576","33554432","33554432","32","32","0","0","0","-","-","-","0","0","0","0","0","0","0","0","-","0","0","0","0","0","0","0","0","0","0","0","0","0","0","0","0","0","0","30","0","0","0","0","0","0","0","0","0","0","0","0","0","0","0","0","0","0","0","0","0"
"0x7ff32b5b01f0","@!PT  LDS RZ, [RZ]","25","0","25","1048576","33554432","0","32","0","32","32","0","","Load","32","0","0","0","0","0","0","0","0","-","0","0","0","0","0","0","0","0","0","0","0","0","0","0","0","0","0","0","25","0","0","0","0","0","0","0","0","0","0","0","0","0","0","0","0","0","0","0","0","0"
"0x7ff32b5b0200","@!PT  LDS RZ, [RZ]","24","0","24","1048576","33554432","0","32","0","0","32","0","","Load","32","0","0","0","0","0","0","0","0","-","0","0","0","0","0","0","0","0","0","0","0","0","0","0","0","0","0","0","24","0","0","0","0","0","0","0","0","0","0","0","0","0","0","0","0","0","0","0","0","0"
"0x7ff32b5b0210","@!PT  LDS RZ, [RZ]","20","0","20","1048576","33554432","0","32","0","0","32","0","","Load","32","0","0","0","0","0","0","0","0","-","0","0","0","0","0","0","0","0","0","0","0","0","0","0","0","0","0","0","20","0","0","0","0","0","0","0","0","0","0","0","0","0","0","0","0","0","0","0","0","0"
"0x7ff32b5b0220","@!PT  LDS RZ, [RZ]","23","0","23","1048576","33554432","0","32","0","0","32","0","","Load","32","0","0","0","0","0","0","0","0","-","0","0","0","0","0","0","0","0","0","0","0","0","0","0","0","0","0","0","23","0","0","0","0","0","0","0","0","0","0","0","0","0","0","0","0","0","0","0","0","0"
"0x7ff32b5b0230","      MEMBAR.ALL.CTA","33","0","33","1048576","33554432","33554432","32","32","32","0","0","-","-","-","0","0","0","0","0","0","0","0","-","0","0","0","0","0","0","0","0","0","0","0","0","0","0","0","0","0","0","33","0","0","0","0","0","0","0","0","0","0","0","0","0","0","0","0","0","0","0","0","0"
"0x7ff32b5b0240","      FENCE.VIEW.ASYNC.S","377","155","377","1048576","33554432","33554432","32","32","0","0","0","-","-","-","0","0","0","0","0","0","0","0","-","0","0","0","0","0","0","0","0","3","0","0","205","0","0","0","0","0","56","16","0","0","0","97","0","0","0","0","0","120","0","0","0","0","0","0","0","0","0","0","35"
"0x7ff32b5b0250","      ULOP3.LUT UR5, UR5, 0x200, URZ, 0xc0, !UPT","24","0","24","1048576","33554432","33554432","32","32","0","0","0","-","-","-","0","0","0","0","0","0","0","0","-","0","0","0","0","0","0","0","0","0","0","0","0","0","0","0","0","0","0","24","0","0","0","0","0","0","0","0","0","0","0","0","0","0","0","0","0","0","0","0","0"
"0x7ff32b5b0260","      SHF.L.U32 R0, RZ, 0x1f, RZ","30","0","30","1048576","33554432","33554432","32","32","0","0","0","-","-","-","0","0","0","0","0","0","0","0","-","0","0","0","0","0","0","0","0","0","0","0","0","0","0","0","0","0","0","30","0","0","0","0","0","0","0","0","0","0","0","0","0","0","0","0","0","0","0","0","0"
"0x7ff32b5b0270","      ULOP3.LUT UR8, UR8, 0x10000, URZ, 0xc0, !UPT","34","0","34","1048576","33554432","33554432","32","32","0","0","0","-","-","-","0","0","0","0","0","0","0","0","-","0","0","0","0","0","0","0","0","0","0","0","0","0","0","0","0","0","0","34","0","0","0","0","0","0","0","0","0","0","0","0","0","0","0","0","0","0","0","0","0"
"0x7ff32b5b0280","      UIADD3 UR6, UPT, UPT, UR7, UR5, URZ","50","11","50","1048576","33554432","33554432","32","32","0","0","0","-","-","-","0","0","0","0","0","0","0","0","-","0","0","0","0","0","0","0","0","1","0","0","0","5","0","0","0","0","7","25","0","0","0","12","0","0","0","0","0","0","0","0","0","0","0","0","0","0","0","0","11"
"0x7ff32b5b0290","      UIADD3 UR36, UPT, UPT, UR7, 0x9000, UR8","61","14","61","1048576","33554432","33554432","32","32","0","0","0","-","-","-","0","0","0","0","0","0","0","0","-","0","0","0","0","0","0","0","0","2","0","0","0","10","0","0","0","0","18","17","0","0","0","14","0","0","0","0","0","0","0","0","0","0","0","0","0","0","0","0","14"
"0x7ff32b5b02a0","      BRA.U UP1, 0x7ff32b5b0870","23","0","23","1048576","33554432","33554432","32","32","0","0","0","-","-","-","0","0","0","0","0","0","0","0","-","0","0","0","0","0","0","0","0","0","0","0","0","0","0","0","0","0","0","23","0","0","0","0","0","0","0","0","0","0","0","0","0","0","0","0","0","0","0","0","0"
"0x7ff32b5b02b0","      MOV.SPILL R11, UR49","139","100","139","131072","4194304","4194304","32","32","0","0","0","-","-","-","0","0","0","0","0","0","0","0","-","0","0","0","0","0","0","0","0","0","0","0","0","0","0","0","0","0","0","27","0","0","0","112","0","0","0","0","0","0","0","0","0","0","0","0","0","0","0","0","100"
"0x7ff32b5b02c0","      USHF.R.U32.HI UR8, URZ, 0x4, UR36","2","0","2","131072","4194304","4194304","32","32","0","0","0","-","-","-","0","0","0","0","0","0","0","0","-","0","0","0","0","0","0","0","0","0","0","0","0","0","0","0","0","0","0","2","0","0","0","0","0","0","0","0","0","0","0","0","0","0","0","0","0","0","0","0","0"
"0x7ff32b5b02d0","      MOV.SPILL R10, UR48","3","0","3","131072","4194304","4194304","32","32","0","0","0","-","-","-","0","0","0","0","0","0","0","0","-","0","0","0","0","0","0","0","0","0","0","0","0","0","0","0","0","0","0","3","0","0","0","0","0","0","0","0","0","0","0","0","0","0","0","0","0","0","0","0","0"
"0x7ff32b5b02e0","      USHF.L.U32 UR5, UR34, 0xd, URZ","4","0","4","131072","4194304","4194304","32","32","0","0","0","-","-","-","0","0","0","0","0","0","0","0","-","0","0","0","0","0","0","0","0","0","0","0","0","0","0","0","0","0","0","4","0","0","0","0","0","0","0","0","0","0","0","0","0","0","0","0","0","0","0","0","0"
"0x7ff32b5b02f0","      R2UR UR48, R118","3","0","3","131072","4194304","4194304","32","32","0","0","0","-","-","-","0","0","0","0","0","0","0","0","-","0","0","0","0","0","0","0","0","0","0","0","0","0","0","0","0","0","0","3","0","0","0","0","0","0","0","0","0","0","0","0","0","0","0","0","0","0","0","0","0"
"0x7ff32b5b0300","      UMOV UR9, 0x40004040","4","0","4","131072","4194304","4194304","32","32","0","0","0","-","-","-","0","0","0","0","0","0","0","0","-","0","0","0","0","0","0","0","0","0","0","0","0","0","0","0","0","0","0","4","0","0","0","0","0","0","0","0","0","0","0","0","0","0","0","0","0","0","0","0","0"
"0x7ff32b5b0310","      R2UR UR49, R119","2","0","2","131072","4194304","4194304","32","32","0","0","0","-","-","-","0","0","0","0","0","0","0","0","-","0","0","0","0","0","0","0","0","1","0","0","0","0","0","0","0","0","0","1","0","0","0","0","0","0","0","0","0","0","0","0","0","0","0","0","0","0","0","0","0"
"0x7ff32b5b0320","      ULOP3.LUT UR5, UR5, 0x2000, URZ, 0xc0, !UPT","2","0","2","131072","4194304","4194304","32","32","0","0","0","-","-","-","0","0","0","0","0","0","0","0","-","0","0","0","0","0","0","0","0","0","0","0","0","0","0","0","0","0","0","2","0","0","0","0","0","0","0","0","0","0","0","0","0","0","0","0","0","0","0","0","0"
"0x7ff32b5b0330","      MOV.SPILL R9, UR47","4","0","4","131072","4194304","4194304","32","32","0","0","0","-","-","-","0","0","0","0","0","0","0","0","-","0","0","0","0","0","0","0","0","0","0","0","0","0","0","0","0","0","0","4","0","0","0","0","0","0","0","0","0","0","0","0","0","0","0","0","0","0","0","0","0"
"0x7ff32b5b0340","      UMOV UR19, 0x40004040","1","0","1","131072","4194304","4194304","32","32","0","0","0","-","-","-","0","0","0","0","0","0","0","0","-","0","0","0","0","0","0","0","0","0","0","0","0","0","0","0","0","0","0","1","0","0","0","0","0","0","0","0","0","0","0","0","0","0","0","0","0","0","0","0","0"
"0x7ff32b5b0350","      R2UR UR47, R117","4","0","4","131072","4194304","4194304","32","32","0","0","0","-","-","-","0","0","0","0","0","0","0","0","-","0","0","0","0","0","0","0","0","2","0","0","0","0","0","0","0","0","0","2","0","0","0","0","0","0","0","0","0","0","0","0","0","0","0","0","0","0","0","0","0"
"0x7ff32b5b0360","      UIADD3 UR5, UPT, UPT, UR7, 0x29000, UR5","1","0","1","131072","4194304","4194304","32","32","0","0","0","-","-","-","0","0","0","0","0","0","0","0","-","0","0","0","0","0","0","0","0","0","0","0","0","0","0","0","0","0","0","1","0","0","0","0","0","0","0","0","0","0","0","0","0","0","0","0","0","0","0","0","0"
"0x7ff32b5b0370","      MOV.SPILL R8, UR46","6","0","6","131072","4194304","4194304","32","32","0","0","0","-","-","-","0","0","0","0","0","0","0","0","-","0","0","0","0","0","0","0","0","2","0","0","0","0","0","0","0","0","0","4","0","0","0","0","0","0","0","0","0","0","0","0","0","0","0","0","0","0","0","0","0"
"0x7ff32b5b0380","      UMOV UR17, 0x40004040","1","0","1","131072","4194304","4194304","32","32","0","0","0","-","-","-","0","0","0","0","0","0","0","0","-","0","0","0","0","0","0","0","0","0","0","0","0","0","0","0","0","0","0","1","0","0","0","0","0","0","0","0","0","0","0","0","0","0","0","0","0","0","0","0","0"
"0x7ff32b5b0390","      R2UR UR46, R116","4","0","4","131072","4194304","4194304","32","32","0","0","0","-","-","-","0","0","0","0","0","0","0","0","-","0","0","0","0","0","0","0","0","2","0","0","0","0","0","0","0","0","0","2","0","0","0","0","0","0","0","0","0","0","0","0","0","0","0","0","0","0","0","0","0"
"0x7ff32b5b03a0","      UMOV UR13, 0x40004040","3","0","3","131072","4194304","4194304","32","32","0","0","0","-","-","-","0","0","0","0","0","0","0","0","-","0","0","0","0","0","0","0","0","0","0","0","0","0","0","0","0","0","0","3","0","0","0","0","0","0","0","0","0","0","0","0","0","0","0","0","0","0","0","0","0"
"0x7ff32b5b03b0","      UMOV UR15, 0x40004040","7","0","7","131072","4194304","4194304","32","32","0","0","0","-","-","-","0","0","0","0","0","0","0","0","-","0","0","0","0","0","0","0","0","0","0","0","0","0","0","0","0","0","0","7","0","0","0","0","0","0","0","0","0","0","0","0","0","0","0","0","0","0","0","0","0"
"0x7ff32b5b03c0","      UMOV UR11, 0x40004040","3","0","3","131072","4194304","4194304","32","32","0","0","0","-","-","-","0","0","0","0","0","0","0","0","-","0","0","0","0","0","0","0","0","0","0","0","0","0","0","0","0","0","0","3","0","0","0","0","0","0","0","0","0","0","0","0","0","0","0","0","0","0","0","0","0"
"0x7ff32b5b03d0","      UMOV UR23, 0x40004040","5","0","5","131072","4194304","4194304","32","32","0","0","0","-","-","-","0","0","0","0","0","0","0","0","-","0","0","0","0","0","0","0","0","3","0","0","0","0","0","0","0","0","0","2","0","0","0","0","0","0","0","0","0","0","0","0","0","0","0","0","0","0","0","0","0"
"0x7ff32b5b03e0","      MOV.SPILL R7, UR45","5","0","5","131072","4194304","4194304","32","32","0","0","0","-","-","-","0","0","0","0","0","0","0","0","-","0","0","0","0","0","0","0","0","0","0","0","0","0","0","0","0","0","0","5","0","0","0","0","0","0","0","0","0","0","0","0","0","0","0","0","0","0","0","0","0"
"0x7ff32b5b03f0","      UMOV UR33, 0x40004040","2","0","2","131072","4194304","4194304","32","32","0","0","0","-","-","-","0","0","0","0","0","0","0","0","-","0","0","0","0","0","0","0","0","0","0","0","0","0","0","0","0","0","0","2","0","0","0","0","0","0","0","0","0","0","0","0","0","0","0","0","0","0","0","0","0"
"0x7ff32b5b0400","      R2UR UR45, R115","11","4","11","131072","4194304","4194304","32","32","0","0","0","-","-","-","0","0","0","0","0","0","0","0","-","0","0","0","0","0","0","0","0","0","0","0","0","0","0","0","0","8","0","3","0","0","0","0","0","0","0","0","0","0","0","0","0","0","4","0","0","0","0","0","0"
"0x7ff32b5b0410","      UMOV UR31, 0x40004040","3","0","3","131072","4194304","4194304","32","32","0","0","0","-","-","-","0","0","0","0","0","0","0","0","-","0","0","0","0","0","0","0","0","1","0","0","0","0","0","0","0","0","0","2","0","0","0","0","0","0","0","0","0","0","0","0","0","0","0","0","0","0","0","0","0"
"0x7ff32b5b0420","      UMOV UR29, 0x40004040","11","0","11","131072","4194304","4194304","32","32","0","0","0","-","-","-","0","0","0","0","0","0","0","0","-","0","0","0","0","0","0","0","0","6","0","0","0","0","0","0","0","0","0","5","0","0","0","0","0","0","0","0","0","0","0","0","0","0","0","0","0","0","0","0","0"
"0x7ff32b5b0430","      UMOV UR27, 0x40004040","2","0","2","131072","4194304","4194304","32","32","0","0","0","-","-","-","0","0","0","0","0","0","0","0","-","0","0","0","0","0","0","0","0","0","0","0","0","0","0","0","0","0","0","2","0","0","0","0","0","0","0","0","0","0","0","0","0","0","0","0","0","0","0","0","0"
"0x7ff32b5b0440","      MOV.SPILL R6, UR44","5","0","5","131072","4194304","4194304","32","32","0","0","0","-","-","-","0","0","0","0","0","0","0","0","-","0","0","0","0","0","0","0","0","0","0","0","0","0","0","0","0","0","0","5","0","0","0","0","0","0","0","0","0","0","0","0","0","0","0","0","0","0","0","0","0"
"0x7ff32b5b0450","      UMOV UR25, 0x40004040","1","0","1","131072","4194304","4194304","32","32","0","0","0","-","-","-","0","0","0","0","0","0","0","0","-","0","0","0","0","0","0","0","0","0","0","0","0","0","0","0","0","0","0","1","0","0","0","0","0","0","0","0","0","0","0","0","0","0","0","0","0","0","0","0","0"
"0x7ff32b5b0460","      R2UR UR44, R114","7","0","7","131072","4194304","4194304","32","32","0","0","0","-","-","-","0","0","0","0","0","0","0","0","-","0","0","0","0","0","0","0","0","2","0","0","0","0","0","0","0","0","0","5","0","0","0","0","0","0","0","0","0","0","0","0","0","0","0","0","0","0","0","0","0"
"0x7ff32b5b0470","      UMOV UR21, 0x3fff","3","0","3","131072","4194304","4194304","32","32","0","0","0","-","-","-","0","0","0","0","0","0","0","0","-","0","0","0","0","0","0","0","0","0","0","0","0","0","0","0","0","0","0","3","0","0","0","0","0","0","0","0","0","0","0","0","0","0","0","0","0","0","0","0","0"
"0x7ff32b5b0480","      MOV.SPILL R5, UR43","3","0","3","131072","4194304","4194304","32","32","0","0","0","-","-","-","0","0","0","0","0","0","0","0","-","0","0","0","0","0","0","0","0","0","0","0","0","0","0","0","0","0","0","3","0","0","0","0","0","0","0","0","0","0","0","0","0","0","0","0","0","0","0","0","0"
"0x7ff32b5b0490","      ULOP3.LUT UR8, UR8, 0x10000, UR21, 0xec, !UPT","0","0","0","131072","4194304","4194304","32","32","0","0","0","-","-","-","0","0","0","0","0","0","0","0","-","0","0","0","0","0","0","0","0","0","0","0","0","0","0","0","0","0","0","0","0","0","0","0","0","0","0","0","0","0","0","0","0","0","0","0","0","0","0","0","0"
"0x7ff32b5b04a0","      R2UR UR43, R113","4","0","4","131072","4194304","4194304","32","32","0","0","0","-","-","-","0","0","0","0","0","0","0","0","-","0","0","0","0","0","0","0","0","0","0","0","0","0","0","0","0","0","0","4","0","0","0","0","0","0","0","0","0","0","0","0","0","0","0","0","0","0","0","0","0"
"0x7ff32b5b04b0","      MOV.SPILL R4, UR42","3","1","3","131072","4194304","4194304","32","32","0","0","0","-","-","-","0","0","0","0","0","0","0","0","-","0","0","0","0","0","0","0","0","0","0","0","0","0","0","0","0","0","0","0","0","0","0","3","0","0","0","0","0","0","0","0","0","0","0","0","0","0","0","0","1"
"0x7ff32b5b04c0","      UIADD3 UR18, UPT, UPT, UR8, 0x2, URZ","1","0","1","131072","4194304","4194304","32","32","0","0","0","-","-","-","0","0","0","0","0","0","0","0","-","0","0","0","0","0","0","0","0","0","0","0","0","0","0","0","0","0","0","1","0","0","0","0","0","0","0","0","0","0","0","0","0","0","0","0","0","0","0","0","0"
"0x7ff32b5b04d0","      R2UR UR42, R112","8","0","8","131072","4194304","4194304","32","32","0","0","0","-","-","-","0","0","0","0","0","0","0","0","-","0","0","0","0","0","0","0","0","2","0","0","0","0","0","0","0","0","0","6","0","0","0","0","0","0","0","0","0","0","0","0","0","0","0","0","0","0","0","0","0"
"0x7ff32b5b04e0","      UIADD3 UR16, UPT, UPT, UR8, 0x4, URZ","2","0","2","131072","4194304","4194304","32","32","0","0","0","-","-","-","0","0","0","0","0","0","0","0","-","0","0","0","0","0","0","0","0","0","0","0","0","0","0","0","0","0","0","2","0","0","0","0","0","0","0","0","0","0","0","0","0","0","0","0","0","0","0","0","0"
"0x7ff32b5b04f0","      MOV.SPILL R3, UR41","1","0","1","131072","4194304","4194304","32","32","0","0","0","-","-","-","0","0","0","0","0","0","0","0","-","0","0","0","0","0","0","0","0","0","0","0","0","0","0","0","0","0","0","1","0","0","0","0","0","0","0","0","0","0","0","0","0","0","0","0","0","0","0","0","0"
"0x7ff32b5b0500","      UIADD3 UR12, UPT, UPT, UR8, 0x6, URZ","5","1","5","131072","4194304","4194304","32","32","0","0","0","-","-","-","0","0","0","0","0","0","0","0","-","0","0","0","0","0","0","0","0","0","0","0","0","0","0","0","0","1","0","4","0","0","0","0","0","0","0","0","0","0","0","0","0","0","1","0","0","0","0","0","0"
"0x7ff32b5b0510","      UTCQMMA.WS gdesc[UR50], gdesc[UR8], tmem[UR4], tmem[UR38], idesc[UR39], !UPT","2","0","2","131072","4194304","4194304","32","32","0","0","0","TmemShared","Load,Store","-","0","0","0","0","0","0","0","0","-","0","0","0","0","0","0","0","0","1","0","0","0","0","0","0","0","0","0","1","0","0","0","0","0","0","0","0","0","0","0","0","0","0","0","0","0","0","0","0","0"
"0x7ff32b5b0520","      UIADD3 UR14, UPT, UPT, UR8, 0x400, URZ","6","0","6","131072","4194304","4194304","32","32","0","0","0","-","-","-","0","0","0","0","0","0","0","0","-","0","0","0","0","0","0","0","0","0","0","0","0","0","0","0","0","0","0","6","0","0","0","0","0","0","0","0","0","0","0","0","0","0","0","0","0","0","0","0","0"
"0x7ff32b5b0530","      R2UR UR41, R111","1","0","1","131072","4194304","4194304","32","32","0","0","0","-","-","-","0","0","0","0","0","0","0","0","-","0","0","0","0","0","0","0","0","0","0","0","0","0","0","0","0","0","0","1","0","0","0","0","0","0","0","0","0","0","0","0","0","0","0","0","0","0","0","0","0"
"0x7ff32b5b0540","      UIADD3 UR10, UPT, UPT, UR8, 0x402, URZ","7","0","7","131072","4194304","4194304","32","32","0","0","0","-","-","-","0","0","0","0","0","0","0","0","-","0","0","0","0","0","0","0","0","0","0","0","0","0","0","0","0","0","0","7","0","0","0","0","0","0","0","0","0","0","0","0","0","0","0","0","0","0","0","0","0"
"0x7ff32b5b0550","      UTCQMMA.WS gdesc[UR58], gdesc[UR18], tmem[UR4], tmem[UR38], idesc[UR39], UPT","2","0","2","131072","4194304","4194304","32","32","0","0","0","TmemShared","Load,Store","-","0","0","0","0","0","0","0","0","-","0","0","0","0","0","0","0","0","0","0","0","0","0","0","0","0","0","0","2","0","0","0","0","0","0","0","0","0","0","0","0","0","0","0","0","0","0","0","0","0"
"0x7ff32b5b0560","      UIADD3 UR22, UPT, UPT, UR8, 0x404, URZ","2","0","2","131072","4194304","4194304","32","32","0","0","0","-","-","-","0","0","0","0","0","0","0","0","-","0","0","0","0","0","0","0","0","0","0","0","0","0","0","0","0","0","0","2","0","0","0","0","0","0","0","0","0","0","0","0","0","0","0","0","0","0","0","0","0"
"0x7ff32b5b0570","      MOV.SPILL R2, UR40","3","0","3","131072","4194304","4194304","32","32","0","0","0","-","-","-","0","0","0","0","0","0","0","0","-","0","0","0","0","0","0","0","0","0","0","0","0","0","0","0","0","0","0","3","0","0","0","0","0","0","0","0","0","0","0","0","0","0","0","0","0","0","0","0","0"
"0x7ff32b5b0580","      UIADD3 UR32, UPT, UPT, UR8, 0x406, URZ","6","4","6","131072","4194304","4194304","32","32","0","0","0","-","-","-","0","0","0","0","0","0","0","0","-","0","0","0","0","0","0","0","0","0","0","0","0","0","0","0","0","4","0","2","0","0","0","0","0","0","0","0","0","0","0","0","0","0","4","0","0","0","0","0","0"
"0x7ff32b5b0590","      R2UR UR40, R110","4","0","4","131072","4194304","4194304","32","32","0","0","0","-","-","-","0","0","0","0","0","0","0","0","-","0","0","0","0","0","0","0","0","0","0","0","0","0","0","0","0","0","0","4","0","0","0","0","0","0","0","0","0","0","0","0","0","0","0","0","0","0","0","0","0"
"0x7ff32b5b05a0","      UIADD3 UR30, UPT, UPT, UR8, 0x800, URZ","4","0","4","131072","4194304","4194304","32","32","0","0","0","-","-","-","0","0","0","0","0","0","0","0","-","0","0","0","0","0","0","0","0","0","0","0","0","0","0","0","0","0","0","4","0","0","0","0","0","0","0","0","0","0","0","0","0","0","0","0","0","0","0","0","0"
"0x7ff32b5b05b0","      UTCQMMA.WS gdesc[UR48], gdesc[UR16], tmem[UR4], tmem[UR38], idesc[UR39], UPT","3","0","3","131072","4194304","4194304","32","32","0","0","0","TmemShared","Load,Store","-","0","0","0","0","0","0","0","0","-","0","0","0","0","0","0","0","0","0","0","0","0","0","0","0","0","0","0","3","0","0","0","0","0","0","0","0","0","0","0","0","0","0","0","0","0","0","0","0","0"
"0x7ff32b5b05c0","      UTCQMMA.WS gdesc[UR46], gdesc[UR12], tmem[UR4], tmem[UR38], idesc[UR39], UPT","3","0","3","131072","4194304","4194304","32","32","0","0","0","TmemShared","Load,Store","-","0","0","0","0","0","0","0","0","-","0","0","0","0","0","0","0","0","0","0","0","0","0","0","0","0","0","0","3","0","0","0","0","0","0","0","0","0","0","0","0","0","0","0","0","0","0","0","0","0"
"0x7ff32b5b05d0","      UTCQMMA.WS gdesc[UR44], gdesc[UR14], tmem[UR4], tmem[UR38], idesc[UR39], UPT","10","7","10","131072","4194304","4194304","32","32","0","0","0","TmemShared","Load,Store","-","0","0","0","0","0","0","0","0","-","0","0","0","0","0","0","0","0","0","0","0","0","0","0","10","0","0","0","0","0","0","0","0","0","0","0","0","0","0","0","0","7","0","0","0","0","0","0","0","0"
"0x7ff32b5b05e0","      UTCQMMA.WS gdesc[UR42], gdesc[UR10], tmem[UR4], tmem[UR38], idesc[UR39], UPT","22","16","22","131072","4194304","4194304","32","32","0","0","0","TmemShared","Load,Store","-","0","0","0","0","0","0","0","0","-","0","0","0","0","0","0","0","0","0","0","0","0","0","0","16","0","0","0","6","0","0","0","0","0","0","0","0","0","0","0","0","16","0","0","0","0","0","0","0","0"
"0x7ff32b5b05f0","      UIADD3 UR28, UPT, UPT, UR8, 0x802, URZ","2","0","2","131072","4194304","4194304","32","32","0","0","0","-","-","-","0","0","0","0","0","0","0","0","-","0","0","0","0","0","0","0","0","0","0","0","0","0","0","0","0","0","0","2","0","0","0","0","0","0","0","0","0","0","0","0","0","0","0","0","0","0","0","0","0"
"0x7ff32b5b0600","      UIADD3 UR26, UPT, UPT, UR8, 0x804, URZ","5","3","5","131072","4194304","4194304","32","32","0","0","0","-","-","-","0","0","0","0","0","0","0","0","-","0","0","0","0","0","0","0","0","0","0","0","0","0","0","0","0","0","0","2","0","0","0","3","0","0","0","0","0","0","0","0","0","0","0","0","0","0","0","0","3"
"0x7ff32b5b0610","      UIADD3 UR24, UPT, UPT, UR8, 0x806, URZ","6","2","6","131072","4194304","4194304","32","32","0","0","0","-","-","-","0","0","0","0","0","0","0","0","-","0","0","0","0","0","0","0","0","1","0","0","0","0","0","0","0","0","0","3","0","0","0","2","0","0","0","0","0","0","0","0","0","0","0","0","0","0","0","0","2"
"0x7ff32b5b0620","      UIADD3 UR20, UPT, UPT, UR8, 0xc00, URZ","6","1","6","131072","4194304","4194304","32","32","0","0","0","-","-","-","0","0","0","0","0","0","0","0","-","0","0","0","0","0","0","0","0","0","0","0","0","0","0","0","0","0","0","5","0","0","0","1","0","0","0","0","0","0","0","0","0","0","0","0","0","0","0","0","1"
"0x7ff32b5b0630","      UTCQMMA.WS gdesc[UR40], gdesc[UR22], tmem[UR4], tmem[UR38], idesc[UR39], UPT","17","11","17","131072","4194304","4194304","32","32","0","0","0","TmemShared","Load,Store","-","0","0","0","0","0","0","0","0","-","0","0","0","0","0","0","0","0","0","0","0","0","0","0","11","0","0","0","6","0","0","0","0","0","0","0","0","0","0","0","0","11","0","0","0","0","0","0","0","0"
"0x7ff32b5b0640","      UMOV UR9, 0x80004020","2","0","2","131072","4194304","4194304","32","32","0","0","0","-","-","-","0","0","0","0","0","0","0","0","-","0","0","0","0","0","0","0","0","0","0","0","0","0","0","0","0","0","0","2","0","0","0","0","0","0","0","0","0","0","0","0","0","0","0","0","0","0","0","0","0"
"0x7ff32b5b0650","      UIADD3 UR18, UPT, UPT, UR8, 0xc02, URZ","4","0","4","131072","4194304","4194304","32","32","0","0","0","-","-","-","0","0","0","0","0","0","0","0","-","0","0","0","0","0","0","0","0","0","0","0","0","0","0","0","0","0","0","4","0","0","0","0","0","0","0","0","0","0","0","0","0","0","0","0","0","0","0","0","0"
"0x7ff32b5b0660","      R2UR.FILL UR49, R11","1","0","1","131072","4194304","4194304","32","32","0","0","0","-","-","-","0","0","0","0","0","0","0","0","-","0","0","0","0","0","0","0","0","0","0","0","0","0","0","0","0","0","0","1","0","0","0","0","0","0","0","0","0","0","0","0","0","0","0","0","0","0","0","0","0"
"0x7ff32b5b0670","      UIADD3 UR16, UPT, UPT, UR8, 0xc04, URZ","0","0","0","131072","4194304","4194304","32","32","0","0","0","-","-","-","0","0","0","0","0","0","0","0","-","0","0","0","0","0","0","0","0","0","0","0","0","0","0","0","0","0","0","0","0","0","0","0","0","0","0","0","0","0","0","0","0","0","0","0","0","0","0","0","0"
"0x7ff32b5b0680","      R2UR UR14, R108","131","125","131","131072","4194304","4194304","32","32","0","0","0","-","-","-","0","0","0","0","0","0","0","0","-","0","0","0","0","0","0","0","0","0","0","0","0","0","0","0","0","0","0","5","126","0","0","0","0","0","0","0","0","0","0","0","0","0","0","0","0","125","0","0","0"
"0x7ff32b5b0690","      UIADD3 UR12, UPT, UPT, UR8, 0xc06, URZ","3","0","3","131072","4194304","4194304","32","32","0","0","0","-","-","-","0","0","0","0","0","0","0","0","-","0","0","0","0","0","0","0","0","0","0","0","0","0","0","0","0","0","0","3","0","0","0","0","0","0","0","0","0","0","0","0","0","0","0","0","0","0","0","0","0"
"0x7ff32b5b06a0","      R2UR UR15, R109","2","0","2","131072","4194304","4194304","32","32","0","0","0","-","-","-","0","0","0","0","0","0","0","0","-","0","0","0","0","0","0","0","0","0","0","0","0","0","0","0","0","0","0","2","0","0","0","0","0","0","0","0","0","0","0","0","0","0","0","0","0","0","0","0","0"
"0x7ff32b5b06b0","      USHF.R.U32.HI UR8, URZ, 0x4, UR5","4","0","4","131072","4194304","4194304","32","32","0","0","0","-","-","-","0","0","0","0","0","0","0","0","-","0","0","0","0","0","0","0","0","0","0","0","0","0","0","0","0","0","0","4","0","0","0","0","0","0","0","0","0","0","0","0","0","0","0","0","0","0","0","0","0"
"0x7ff32b5b06c0","      R2UR.FILL UR48, R10","6","0","6","131072","4194304","4194304","32","32","0","0","0","-","-","-","0","0","0","0","0","0","0","0","-","0","0","0","0","0","0","0","0","0","0","0","0","0","0","0","0","0","0","6","0","0","0","0","0","0","0","0","0","0","0","0","0","0","0","0","0","0","0","0","0"
"0x7ff32b5b06d0","      UMOV UR11, 0x80004020","230","223","230","131072","4194304","4194304","32","32","0","0","0","-","-","-","0","0","0","0","0","0","0","0","-","0","0","0","0","0","0","0","0","0","0","0","0","0","0","0","0","0","0","4","226","0","0","0","0","0","0","0","0","0","0","0","0","0","0","0","0","223","0","0","0"
"0x7ff32b5b06e0","      R2UR.FILL UR47, R9","2","0","2","131072","4194304","4194304","32","32","0","0","0","-","-","-","0","0","0","0","0","0","0","0","-","0","0","0","0","0","0","0","0","0","0","0","0","0","0","0","0","0","0","2","0","0","0","0","0","0","0","0","0","0","0","0","0","0","0","0","0","0","0","0","0"
"0x7ff32b5b06f0","      ULOP3.LUT UR8, UR8, 0x10000, UR21, 0xec, !UPT","5","0","5","131072","4194304","4194304","32","32","0","0","0","-","-","-","0","0","0","0","0","0","0","0","-","0","0","0","0","0","0","0","0","0","0","0","0","0","0","0","0","0","0","5","0","0","0","0","0","0","0","0","0","0","0","0","0","0","0","0","0","0","0","0","0"
"0x7ff32b5b0700","      R2UR.FILL UR46, R8","1","0","1","131072","4194304","4194304","32","32","0","0","0","-","-","-","0","0","0","0","0","0","0","0","-","0","0","0","0","0","0","0","0","0","0","0","0","0","0","0","0","0","0","1","0","0","0","0","0","0","0","0","0","0","0","0","0","0","0","0","0","0","0","0","0"
"0x7ff32b5b0710","      UMOV UR21, 0x40004040","10","4","10","131072","4194304","4194304","32","32","0","0","0","-","-","-","0","0","0","0","0","0","0","0","-","0","0","0","0","0","0","0","0","0","0","0","0","0","0","0","0","0","0","6","0","0","0","4","0","0","0","0","0","0","0","0","0","0","0","0","0","0","0","0","4"
"0x7ff32b5b0720","      UIADD3 UR10, UPT, UPT, UR8, 0x2, URZ","1","0","1","131072","4194304","4194304","32","32","0","0","0","-","-","-","0","0","0","0","0","0","0","0","-","0","0","0","0","0","0","0","0","0","0","0","0","0","0","0","0","0","0","1","0","0","0","0","0","0","0","0","0","0","0","0","0","0","0","0","0","0","0","0","0"
"0x7ff32b5b0730","      R2UR.FILL UR45, R7","2","0","2","131072","4194304","4194304","32","32","0","0","0","-","-","-","0","0","0","0","0","0","0","0","-","0","0","0","0","0","0","0","0","0","0","0","0","0","0","0","0","0","0","2","0","0","0","0","0","0","0","0","0","0","0","0","0","0","0","0","0","0","0","0","0"
"0x7ff32b5b0740","      R2UR.FILL UR44, R6","5","1","5","131072","4194304","4194304","32","32","0","0","0","-","-","-","0","0","0","0","0","0","0","0","-","0","0","0","0","0","0","0","0","0","0","0","0","0","0","0","0","0","1","3","0","0","0","1","0","0","0","0","0","0","0","0","0","0","0","0","0","0","0","0","1"
"0x7ff32b5b0750","      UTCQMMA.WS gdesc[UR14], gdesc[UR32], tmem[UR4], tmem[UR38], idesc[UR39], UPT","0","0","0","131072","4194304","4194304","32","32","0","0","0","TmemShared","Load,Store","-","0","0","0","0","0","0","0","0","-","0","0","0","0","0","0","0","0","0","0","0","0","0","0","0","0","0","0","0","0","0","0","0","0","0","0","0","0","0","0","0","0","0","0","0","0","0","0","0","0"
"0x7ff32b5b0760","      UTCQMMA.WS gdesc[UR76], gdesc[UR30], tmem[UR4], tmem[UR38], idesc[UR39], UPT","2","0","2","131072","4194304","4194304","32","32","0","0","0","TmemShared","Load,Store","-","0","0","0","0","0","0","0","0","-","0","0","0","0","0","0","0","0","0","0","0","0","0","0","0","0","0","0","2","0","0","0","0","0","0","0","0","0","0","0","0","0","0","0","0","0","0","0","0","0"
"0x7ff32b5b0770","      UTCQMMA.WS gdesc[UR74], gdesc[UR28], tmem[UR4], tmem[UR38], idesc[UR39], UPT","3","0","3","131072","4194304","4194304","32","32","0","0","0","TmemShared","Load,Store","-","0","0","0","0","0","0","0","0","-","0","0","0","0","0","0","0","0","0","0","0","0","0","0","0","0","0","0","3","0","0","0","0","0","0","0","0","0","0","0","0","0","0","0","0","0","0","0","0","0"
"0x7ff32b5b0780","      UTCQMMA.WS gdesc[UR72], gdesc[UR26], tmem[UR4], tmem[UR38], idesc[UR39], UPT","71","69","71","131072","4194304","4194304","32","32","0","0","0","TmemShared","Load,Store","-","0","0","0","0","0","0","0","0","-","0","0","0","0","0","0","0","0","0","0","0","0","0","0","70","0","0","0","1","0","0","0","0","0","0","0","0","0","0","0","0","69","0","0","0","0","0","0","0","0"
"0x7ff32b5b0790","      UTCQMMA.WS gdesc[UR70], gdesc[UR24], tmem[UR4], tmem[UR38], idesc[UR39], UPT","128","122","128","131072","4194304","4194304","32","32","0","0","0","TmemShared","Load,Store","-","0","0","0","0","0","0","0","0","-","0","0","0","0","0","0","0","0","0","0","0","0","0","0","125","0","0","0","3","0","0","0","0","0","0","0","0","0","0","0","0","122","0","0","0","0","0","0","0","0"
"0x7ff32b5b07a0","      R2UR.FILL UR43, R5","1","0","1","131072","4194304","4194304","32","32","0","0","0","-","-","-","0","0","0","0","0","0","0","0","-","0","0","0","0","0","0","0","0","0","0","0","0","0","0","0","0","0","0","1","0","0","0","0","0","0","0","0","0","0","0","0","0","0","0","0","0","0","0","0","0"
"0x7ff32b5b07b0","      UTCQMMA.WS gdesc[UR68], gdesc[UR20], tmem[UR4], tmem[UR38], idesc[UR39], UPT","121","114","121","131072","4194304","4194304","32","32","0","0","0","TmemShared","Load,Store","-","0","0","0","0","0","0","0","0","-","0","0","0","0","0","0","0","0","0","0","0","0","0","0","118","0","0","0","3","0","0","0","0","0","0","0","0","0","0","0","0","114","0","0","0","0","0","0","0","0"
"0x7ff32b5b07c0","      UTCQMMA.WS gdesc[UR66], gdesc[UR18], tmem[UR4], tmem[UR38], idesc[UR39], UPT","120","105","120","131072","4194304","4194304","32","32","0","0","0","TmemShared","Load,Store","-","0","0","0","0","0","0","0","0","-","0","0","0","0","0","0","0","0","0","0","0","0","0","0","118","0","0","1","1","0","0","0","0","0","0","0","0","0","0","0","0","105","0","0","0","0","0","0","0","0"
"0x7ff32b5b07d0","      R2UR.FILL UR42, R4","2","0","2","131072","4194304","4194304","32","32","0","0","0","-","-","-","0","0","0","0","0","0","0","0","-","0","0","0","0","0","0","0","0","0","0","0","0","0","0","0","0","0","0","2","0","0","0","0","0","0","0","0","0","0","0","0","0","0","0","0","0","0","0","0","0"
"0x7ff32b5b07e0","      UTCQMMA.WS gdesc[UR64], gdesc[UR16], tmem[UR4], tmem[UR38], idesc[UR39], UPT","103","73","103","131072","4194304","4194304","32","32","0","0","0","TmemShared","Load,Store","-","0","0","0","0","0","0","0","0","-","0","0","0","0","0","0","0","0","1","0","0","0","0","0","98","0","0","2","2","0","0","0","0","0","0","0","0","0","0","0","0","73","0","0","0","0","0","0","0","0"
"0x7ff32b5b07f0","      UTCQMMA.WS gdesc[UR62], gdesc[UR12], tmem[UR4], tmem[UR38], idesc[UR39], UPT","117","96","117","131072","4194304","4194304","32","32","0","0","0","TmemShared","Load,Store","-","0","0","0","0","0","0","0","0","-","0","0","0","0","0","0","0","0","0","0","0","0","0","0","114","0","0","1","2","0","0","0","0","0","0","0","0","0","0","0","0","96","0","0","0","0","0","0","0","0"
"0x7ff32b5b0800","      R2UR.FILL UR41, R3","3","0","3","131072","4194304","4194304","32","32","0","0","0","-","-","-","0","0","0","0","0","0","0","0","-","0","0","0","0","0","0","0","0","0","0","0","0","0","0","0","0","0","0","3","0","0","0","0","0","0","0","0","0","0","0","0","0","0","0","0","0","0","0","0","0"
"0x7ff32b5b0810","      UTCQMMA.WS gdesc[UR56], gdesc[UR8], tmem[UR4], tmem[UR38], idesc[UR39], UPT","133","111","133","131072","4194304","4194304","32","32","0","0","0","TmemShared","Load,Store","-","0","0","0","0","0","0","0","0","-","0","0","0","0","0","0","0","0","0","0","0","0","0","0","128","0","0","1","4","0","0","0","0","0","0","0","0","0","0","0","0","111","0","0","0","0","0","0","0","0"
"0x7ff32b5b0820","      UTCQMMA.WS gdesc[UR60], gdesc[UR10], tmem[UR4], tmem[UR38], idesc[UR39], UPT","112","97","112","131072","4194304","4194304","32","32","0","0","0","TmemShared","Load,Store","-","0","0","0","0","0","0","0","0","-","0","0","0","0","0","0","0","0","0","0","0","0","0","0","109","0","0","2","1","0","0","0","0","0","0","0","0","0","0","0","0","97","0","0","0","0","0","0","0","0"
"0x7ff32b5b0830","      R2UR.FILL UR40, R2","1","0","1","131072","4194304","4194304","32","32","0","0","0","-","-","-","0","0","0","0","0","0","0","0","-","0","0","0","0","0","0","0","0","0","0","0","0","0","0","0","0","0","0","1","0","0","0","0","0","0","0","0","0","0","0","0","0","0","0","0","0","0","0","0","0"
"0x7ff32b5b0840","      UTCBAR [UR53], URZ","112","86","112","131072","4194304","4194304","32","32","0","0","0","-","-","-","0","0","0","0","0","0","0","0","-","0","0","0","0","0","0","0","0","0","0","0","0","0","0","107","0","0","3","2","0","0","0","0","0","0","0","0","0","0","0","0","86","0","0","0","0","0","0","0","0"
"0x7ff32b5b0850","      NOP","2","0","2","131072","4194304","4194304","32","32","0","0","0","-","-","-","0","0","0","0","0","0","0","0","-","0","0","0","0","0","0","0","0","0","0","0","0","0","0","0","0","0","0","2","0","0","0","0","0","0","0","0","0","0","0","0","0","0","0","0","0","0","0","0","0"
"0x7ff32b5b0860","@!UPT UIADD3 URZ, UPT, UPT, URZ, URZ, URZ","34","22","34","131072","4194304","0","32","0","32","32","0","-","-","-","0","0","0","0","0","0","0","0","-","0","0","0","0","0","0","0","0","1","0","0","0","0","0","0","0","0","1","3","0","0","0","29","0","0","0","0","0","0","0","0","0","0","0","0","0","0","0","0","22"
"0x7ff32b5b0870","      SYNCS.PHASECHK.TRANS64.TRYWAIT P0, [UR7+0x2f900], R0","633","481","633","1048576","33554432","33554432","32","32","32","0","0","-","-","-","0","0","0","0","0","0","0","0","-","0","0","0","0","0","0","0","53","5","0","0","254","0","0","0","0","209","26","6","0","0","0","80","0","49","0","0","0","227","0","0","0","0","145","0","0","0","0","0","60"
"0x7ff32b5b0880","@!P0  BRA 0x7ff32b5b3cc0","19646","16469","19646","1048576","33554432","29360128","32","28","4","4","0","-","-","-","0","0","0","0","0","0","0","0","-","0","0","0","0","0","0","0","0","1","0","0","19562","0","0","0","0","2","42","21","0","0","0","18","0","0","0","0","0","16449","0","0","0","0","2","0","0","0","0","0","18"
"0x7ff32b5b0890","      R2UR UR5, R74","154","78","154","1048576","33554432","33554432","32","32","4","0","0","-","-","-","0","0","0","0","0","0","0","0","-","0","0","0","0","0","0","0","0","5","0","0","0","5","0","0","0","0","26","24","0","0","0","94","0","0","0","0","0","0","3","0","0","0","0","0","0","0","0","0","75"
"0x7ff32b5b08a0","      NOP","22","0","22","1048576","33554432","33554432","32","32","0","0","0","-","-","-","0","0","0","0","0","0","0","0","-","0","0","0","0","0","0","0","0","2","0","0","0","0","0","0","0","0","0","20","0","0","0","0","0","0","0","0","0","0","0","0","0","0","0","0","0","0","0","0","0"
"0x7ff32b5b08b0","      LEA R0, R75, UR6, 0x2","23","0","23","1048576","33554432","33554432","32","32","0","0","0","-","-","-","0","0","0","0","0","0","0","0","-","0","0","0","0","0","0","0","0","0","0","0","0","0","0","0","0","0","0","23","0","0","0","0","0","0","0","0","0","0","0","0","0","0","0","0","0","0","0","0","0"
"0x7ff32b5b08c0","      LDTM.x32 R4, tmem[UR5]","298","107","298","1048576","33554432","33554432","32","32","0","0","0","Tmem","Load","-","0","0","0","0","0","0","0","0","-","0","0","0","0","0","0","0","0","3","0","0","0","0","0","0","0","0","26","25","0","0","0","244","0","0","1","0","0","0","0","0","0","0","0","0","0","0","0","0","106"
"0x7ff32b5b08d0","      NOP","25","0","25","1048576","33554432","33554432","32","32","0","0","0","-","-","-","0","0","0","0","0","0","0","0","-","0","0","0","0","0","0","0","0","0","0","0","0","0","0","0","0","0","0","25","0","0","0","0","0","0","0","0","0","0","0","0","0","0","0","0","0","0","0","0","0"
"0x7ff32b5b08e0","      LDS.128 R48, [R0+0x2f500]","15","0","15","1048576","33554432","33554432","32","32","0","0","0","Shared","Load","128","0","2","0","2097152","2097152","0","0","0","-","0","0","0","0","0","0","0","0","0","0","0","0","0","0","0","0","0","0","15","0","0","0","0","0","0","0","0","0","0","0","0","0","0","0","0","0","0","0","0","0"
"0x7ff32b5b08f0","      LDS.128 R44, [R0+0x2f510]","210","82","210","1048576","33554432","33554432","32","32","0","0","0","Shared","Load","128","0","2","0","2097152","2097152","0","0","0","-","0","0","0","0","0","0","0","0","2","0","0","0","0","0","0","0","0","41","21","0","0","0","146","0","0","0","0","0","0","0","0","0","0","0","0","0","0","0","0","82"
"0x7ff32b5b0900","      LDS.128 R52, [R0+0x2f520]","236","114","236","1048576","33554432","33554432","32","32","0","0","0","Shared","Load","128","0","2","0","2097152","2097152","0","0","0","-","0","0","0","0","0","0","0","0","5","0","0","0","0","0","0","0","0","34","27","0","0","0","170","0","0","0","0","0","0","0","0","0","0","0","0","0","0","0","0","114"
"0x7ff32b5b0910","      ISETP.GT.AND P3, PT, R48, -0x1, PT","823","391","823","1048576","33554432","33554432","32","32","0","0","0","-","-","-","0","0","0","0","0","0","0","0","-","0","0","0","0","0","0","0","0","3","0","0","0","119","0","0","0","0","199","19","483","0","0","0","0","0","0","0","0","0","66","0","0","0","0","0","0","325","0","0","0"
"0x7ff32b5b0920","      FMUL R89, R8, 0.090168438851833343506","15","0","15","1048576","33554432","33554432","32","32","0","0","0","-","-","-","0","0","0","0","0","0","0","0","-","0","0","0","0","0","0","0","0","0","0","0","0","0","0","0","0","0","0","15","0","0","0","0","0","0","0","0","0","0","0","0","0","0","0","0","0","0","0","0","0"
"0x7ff32b5b0930","      ISETP.GT.AND P2, PT, R49, -0x1, PT","14","0","14","1048576","33554432","33554432","32","32","0","0","0","-","-","-","0","0","0","0","0","0","0","0","-","0","0","0","0","0","0","0","0","0","0","0","0","0","0","0","0","0","0","14","0","0","0","0","0","0","0","0","0","0","0","0","0","0","0","0","0","0","0","0","0"
"0x7ff32b5b0940","      FMUL R88, R9, 0.090168438851833343506","23","0","23","1048576","33554432","33554432","32","32","0","0","0","-","-","-","0","0","0","0","0","0","0","0","-","0","0","0","0","0","0","0","0","0","0","0","0","0","0","0","0","0","0","23","0","0","0","0","0","0","0","0","0","0","0","0","0","0","0","0","0","0","0","0","0"
"0x7ff32b5b0950","      ISETP.GT.AND P1, PT, R50, -0x1, PT","24","0","24","1048576","33554432","33554432","32","32","0","0","0","-","-","-","0","0","0","0","0","0","0","0","-","0","0","0","0","0","0","0","0","0","0","0","0","0","0","0","0","0","0","24","0","0","0","0","0","0","0","0","0","0","0","0","0","0","0","0","0","0","0","0","0"
"0x7ff32b5b0960","      FMUL R87, R10, 0.090168438851833343506","21","0","21","1048576","33554432","33554432","32","32","0","0","0","-","-","-","0","0","0","0","0","0","0","0","-","0","0","0","0","0","0","0","0","0","0","0","0","0","0","0","0","0","0","21","0","0","0","0","0","0","0","0","0","0","0","0","0","0","0","0","0","0","0","0","0"
"0x7ff32b5b0970","      ISETP.GT.AND P0, PT, R51, -0x1, PT","27","0","27","1048576","33554432","33554432","32","32","0","0","0","-","-","-","0","0","0","0","0","0","0","0","-","0","0","0","0","0","0","0","0","1","0","0","0","0","0","0","0","0","0","26","0","0","0","0","0","0","0","0","0","0","0","0","0","0","0","0","0","0","0","0","0"
"0x7ff32b5b0980","      FMUL R86, R11, 0.090168438851833343506","29","0","29","1048576","33554432","33554432","32","32","0","0","0","-","-","-","0","0","0","0","0","0","0","0","-","0","0","0","0","0","0","0","0","0","0","0","0","0","0","0","0","0","0","29","0","0","0","0","0","0","0","0","0","0","0","0","0","0","0","0","0","0","0","0","0"
"0x7ff32b5b0990","      ISETP.GT.AND P6, PT, R44, -0x1, PT","1158","295","1158","1048576","33554432","33554432","32","32","0","0","0","-","-","-","0","0","0","0","0","0","0","0","-","0","0","0","0","0","0","0","0","9","0","0","0","373","0","0","0","0","654","21","101","0","0","0","0","0","0","0","0","0","269","0","0","0","0","0","0","26","0","0","0"
"0x7ff32b5b09a0","      FMUL R85, R12, 0.090168438851833343506","22","0","22","1048576","33554432","33554432","32","32","0","0","0","-","-","-","0","0","0","0","0","0","0","0","-","0","0","0","0","0","0","0","0","0","0","0","0","0","0","0","0","0","0","22","0","0","0","0","0","0","0","0","0","0","0","0","0","0","0","0","0","0","0","0","0"
"0x7ff32b5b09b0","      ISETP.GT.AND P5, PT, R45, -0x1, PT","18","0","18","1048576","33554432","33554432","32","32","0","0","0","-","-","-","0","0","0","0","0","0","0","0","-","0","0","0","0","0","0","0","0","0","0","0","0","0","0","0","0","0","0","18","0","0","0","0","0","0","0","0","0","0","0","0","0","0","0","0","0","0","0","0","0"
"0x7ff32b5b09c0","      FMUL R84, R13, 0.090168438851833343506","19","0","19","1048576","33554432","33554432","32","32","0","0","0","-","-","-","0","0","0","0","0","0","0","0","-","0","0","0","0","0","0","0","0","0","0","0","0","0","0","0","0","0","0","19","0","0","0","0","0","0","0","0","0","0","0","0","0","0","0","0","0","0","0","0","0"
"0x7ff32b5b09d0","      ISETP.GT.AND P4, PT, R46, -0x1, PT","17","0","17","1048576","33554432","33554432","32","32","0","0","0","-","-","-","0","0","0","0","0","0","0","0","-","0","0","0","0","0","0","0","0","0","0","0","0","0","0","0","0","0","1","16","0","0","0","0","0","0","0","0","0","0","0","0","0","0","0","0","0","0","0","0","0"
"0x7ff32b5b09e0","      FMUL R83, R14, 0.090168438851833343506","21","0","21","1048576","33554432","33554432","32","32","0","0","0","-","-","-","0","0","0","0","0","0","0","0","-","0","0","0","0","0","0","0","0","0","0","0","0","0","0","0","0","0","0","21","0","0","0","0","0","0","0","0","0","0","0","0","0","0","0","0","0","0","0","0","0"
"0x7ff32b5b09f0","      FMUL R82, R15, 0.090168438851833343506","24","0","24","1048576","33554432","33554432","32","32","0","0","0","-","-","-","0","0","0","0","0","0","0","0","-","0","0","0","0","0","0","0","0","0","0","0","0","0","0","0","0","0","0","24","0","0","0","0","0","0","0","0","0","0","0","0","0","0","0","0","0","0","0","0","0"
"0x7ff32b5b0a00","      LDS.128 R8, [R0+0x2f530]","21","0","21","1048576","33554432","33554432","32","32","0","0","0","Shared","Load","128","0","2","0","2097152","2097152","0","0","0","-","0","0","0","0","0","0","0","0","0","0","0","0","0","0","0","0","0","0","21","0","0","0","0","0","0","0","0","0","0","0","0","0","0","0","0","0","0","0","0","0"
"0x7ff32b5b0a10","      SEL R44, R87, 0xf149f2ca, P4","24","0","24","1048576","33554432","33554432","32","32","0","0","0","-","-","-","0","0","0","0","0","0","0","0","-","0","0","0","0","0","0","0","0","0","0","0","0","0","0","0","0","0","0","24","0","0","0","0","0","0","0","0","0","0","0","0","0","0","0","0","0","0","0","0","0"
"0x7ff32b5b0a20","      FMUL R67, R16, 0.090168438851833343506","26","0","26","1048576","33554432","33554432","32","32","0","0","0","-","-","-","0","0","0","0","0","0","0","0","-","0","0","0","0","0","0","0","0","0","0","0","0","0","0","0","0","0","0","26","0","0","0","0","0","0","0","0","0","0","0","0","0","0","0","0","0","0","0","0","0"
"0x7ff32b5b0a30","      FMUL R66, R17, 0.090168438851833343506","12","0","12","1048576","33554432","33554432","32","32","0","0","0","-","-","-","0","0","0","0","0","0","0","0","-","0","0","0","0","0","0","0","0","0","0","0","0","0","0","0","0","0","0","12","0","0","0","0","0","0","0","0","0","0","0","0","0","0","0","0","0","0","0","0","0"
"0x7ff32b5b0a40","      FMUL R42, R18, 0.090168438851833343506","25","0","25","1048576","33554432","33554432","32","32","0","0","0","-","-","-","0","0","0","0","0","0","0","0","-","0","0","0","0","0","0","0","0","0","0","0","0","0","0","0","0","0","0","25","0","0","0","0","0","0","0","0","0","0","0","0","0","0","0","0","0","0","0","0","0"
"0x7ff32b5b0a50","      FMUL R43, R19, 0.090168438851833343506","23","0","23","1048576","33554432","33554432","32","32","0","0","0","-","-","-","0","0","0","0","0","0","0","0","-","0","0","0","0","0","0","0","0","0","0","0","0","0","0","0","0","0","0","23","0","0","0","0","0","0","0","0","0","0","0","0","0","0","0","0","0","0","0","0","0"
"0x7ff32b5b0a60","      FMUL R65, R20, 0.090168438851833343506","15","0","15","1048576","33554432","33554432","32","32","0","0","0","-","-","-","0","0","0","0","0","0","0","0","-","0","0","0","0","0","0","0","0","0","0","0","0","0","0","0","0","0","0","15","0","0","0","0","0","0","0","0","0","0","0","0","0","0","0","0","0","0","0","0","0"
"0x7ff32b5b0a70","      FMUL R64, R21, 0.090168438851833343506","27","0","27","1048576","33554432","33554432","32","32","0","0","0","-","-","-","0","0","0","0","0","0","0","0","-","0","0","0","0","0","0","0","0","0","0","0","0","0","0","0","0","0","0","27","0","0","0","0","0","0","0","0","0","0","0","0","0","0","0","0","0","0","0","0","0"
"0x7ff32b5b0a80","      LDS.128 R12, [R0+0x2f540]","89","0","89","1048576","33554432","33554432","32","32","0","0","0","Shared","Load","128","0","2","0","2097152","2097152","0","0","0","-","0","0","0","0","0","0","0","0","0","0","0","0","0","0","0","0","7","47","35","0","0","0","0","0","0","0","0","0","0","0","0","0","0","0","0","0","0","0","0","0"
"0x7ff32b5b0a90","      FMUL R63, R22, 0.090168438851833343506","22","0","22","1048576","33554432","33554432","32","32","0","0","0","-","-","-","0","0","0","0","0","0","0","0","-","0","0","0","0","0","0","0","0","0","0","0","0","0","0","0","0","0","0","22","0","0","0","0","0","0","0","0","0","0","0","0","0","0","0","0","0","0","0","0","0"
"0x7ff32b5b0aa0","      FMUL R62, R23, 0.090168438851833343506","20","0","20","1048576","33554432","33554432","32","32","0","0","0","-","-","-","0","0","0","0","0","0","0","0","-","0","0","0","0","0","0","0","0","0","0","0","0","0","0","0","0","0","0","20","0","0","0","0","0","0","0","0","0","0","0","0","0","0","0","0","0","0","0","0","0"
"0x7ff32b5b0ab0","      FMUL R37, R32, 0.090168438851833343506","21","0","21","1048576","33554432","33554432","32","32","0","0","0","-","-","-","0","0","0","0","0","0","0","0","-","0","0","0","0","0","0","0","0","0","0","0","0","0","0","0","0","0","0","21","0","0","0","0","0","0","0","0","0","0","0","0","0","0","0","0","0","0","0","0","0"
"0x7ff32b5b0ac0","      FMUL R36, R33, 0.090168438851833343506","20","0","20","1048576","33554432","33554432","32","32","0","0","0","-","-","-","0","0","0","0","0","0","0","0","-","0","0","0","0","0","0","0","0","0","0","0","0","0","0","0","0","1","0","19","0","0","0","0","0","0","0","0","0","0","0","0","0","0","0","0","0","0","0","0","0"
"0x7ff32b5b0ad0","      FMUL R2, R34, 0.090168438851833343506","28","0","28","1048576","33554432","33554432","32","32","0","0","0","-","-","-","0","0","0","0","0","0","0","0","-","0","0","0","0","0","0","0","0","0","0","0","0","0","0","0","0","0","0","28","0","0","0","0","0","0","0","0","0","0","0","0","0","0","0","0","0","0","0","0","0"
"0x7ff32b5b0ae0","      FMUL R3, R35, 0.090168438851833343506","27","0","27","1048576","33554432","33554432","32","32","0","0","0","-","-","-","0","0","0","0","0","0","0","0","-","0","0","0","0","0","0","0","0","0","0","0","0","0","0","0","0","0","0","27","0","0","0","0","0","0","0","0","0","0","0","0","0","0","0","0","0","0","0","0","0"
"0x7ff32b5b0af0","      FMUL R91, R6, 0.090168438851833343506","32","0","32","1048576","33554432","33554432","32","32","0","0","0","-","-","-","0","0","0","0","0","0","0","0","-","0","0","0","0","0","0","0","0","0","0","0","0","0","0","0","0","0","0","32","0","0","0","0","0","0","0","0","0","0","0","0","0","0","0","0","0","0","0","0","0"
"0x7ff32b5b0b00","      LDS.128 R16, [R0+0x2f550]","244","2","244","1048576","33554432","33554432","32","32","0","0","0","Shared","Load","128","0","2","0","2097152","2097152","0","0","0","-","0","0","0","0","0","0","0","0","1","0","0","0","0","0","0","0","19","208","16","0","0","0","0","0","0","0","0","0","0","0","0","0","0","2","0","0","0","0","0","0"
"0x7ff32b5b0b10","      FMUL R90, R7, 0.090168438851833343506","18","0","18","1048576","33554432","33554432","32","32","0","0","0","-","-","-","0","0","0","0","0","0","0","0","-","0","0","0","0","0","0","0","0","0","0","0","0","0","0","0","0","0","0","18","0","0","0","0","0","0","0","0","0","0","0","0","0","0","0","0","0","0","0","0","0"
"0x7ff32b5b0b20","      FMUL R93, R4, 0.090168438851833343506","26","0","26","1048576","33554432","33554432","32","32","0","0","0","-","-","-","0","0","0","0","0","0","0","0","-","0","0","0","0","0","0","0","0","0","0","0","0","0","0","0","0","0","0","26","0","0","0","0","0","0","0","0","0","0","0","0","0","0","0","0","0","0","0","0","0"
"0x7ff32b5b0b30","      FMUL R92, R5, 0.090168438851833343506","30","0","30","1048576","33554432","33554432","32","32","0","0","0","-","-","-","0","0","0","0","0","0","0","0","-","0","0","0","0","0","0","0","0","0","0","0","0","0","0","0","0","0","0","30","0","0","0","0","0","0","0","0","0","0","0","0","0","0","0","0","0","0","0","0","0"
"0x7ff32b5b0b40","      FMUL R60, R25, 0.090168438851833343506","31","0","31","1048576","33554432","33554432","32","32","0","0","0","-","-","-","0","0","0","0","0","0","0","0","-","0","0","0","0","0","0","0","0","0","0","0","0","0","0","0","0","0","0","31","0","0","0","0","0","0","0","0","0","0","0","0","0","0","0","0","0","0","0","0","0"
"0x7ff32b5b0b50","      FMUL R61, R24, 0.090168438851833343506","15","0","15","1048576","33554432","33554432","32","32","0","0","0","-","-","-","0","0","0","0","0","0","0","0","-","0","0","0","0","0","0","0","0","0","0","0","0","0","0","0","0","0","0","15","0","0","0","0","0","0","0","0","0","0","0","0","0","0","0","0","0","0","0","0","0"
"0x7ff32b5b0b60","      SEL R24, R91, 0xf149f2ca, P1","23","0","23","1048576","33554432","33554432","32","32","0","0","0","-","-","-","0","0","0","0","0","0","0","0","-","0","0","0","0","0","0","0","0","1","0","0","0","0","0","0","0","0","0","22","0","0","0","0","0","0","0","0","0","0","0","0","0","0","0","0","0","0","0","0","0"
"0x7ff32b5b0b70","      FMUL R58, R27, 0.090168438851833343506","26","0","26","1048576","33554432","33554432","32","32","0","0","0","-","-","-","0","0","0","0","0","0","0","0","-","0","0","0","0","0","0","0","0","0","0","0","0","0","0","0","0","0","0","26","0","0","0","0","0","0","0","0","0","0","0","0","0","0","0","0","0","0","0","0","0"
"0x7ff32b5b0b80","      SEL R6, R93, 0xf149f2ca, P3","47","2","47","1048576","33554432","33554432","32","32","0","0","0","-","-","-","0","0","0","0","0","0","0","0","-","0","0","0","0","0","0","0","0","0","0","0","0","9","0","0","0","2","20","16","0","0","0","0","0","0","0","0","0","0","2","0","0","0","0","0","0","0","0","0","0"
"0x7ff32b5b0b90","      LDS.128 R20, [R0+0x2f560]","29","0","29","1048576","33554432","33554432","32","32","0","0","0","Shared","Load","128","0","2","0","2097152","2097152","0","0","0","-","0","0","0","0","0","0","0","0","0","0","0","0","0","0","0","0","0","0","29","0","0","0","0","0","0","0","0","0","0","0","0","0","0","0","0","0","0","0","0","0"
"0x7ff32b5b0ba0","      SEL R7, R92, 0xf149f2ca, P2","23","0","23","1048576","33554432","33554432","32","32","0","0","0","-","-","-","0","0","0","0","0","0","0","0","-","0","0","0","0","0","0","0","0","0","0","0","0","0","0","0","0","0","0","23","0","0","0","0","0","0","0","0","0","0","0","0","0","0","0","0","0","0","0","0","0"
"0x7ff32b5b0bb0","      FMUL R40, R28, 0.090168438851833343506","20","0","20","1048576","33554432","33554432","32","32","0","0","0","-","-","-","0","0","0","0","0","0","0","0","-","0","0","0","0","0","0","0","0","0","0","0","0","0","0","0","0","0","0","20","0","0","0","0","0","0","0","0","0","0","0","0","0","0","0","0","0","0","0","0","0"
"0x7ff32b5b0bc0","      SEL R25, R90, 0xf149f2ca, P0","39","0","39","1048576","33554432","33554432","32","32","0","0","0","-","-","-","0","0","0","0","0","0","0","0","-","0","0","0","0","0","0","0","0","0","0","0","0","0","0","0","0","0","0","39","0","0","0","0","0","0","0","0","0","0","0","0","0","0","0","0","0","0","0","0","0"
"0x7ff32b5b0bd0","      FMUL R59, R26, 0.090168438851833343506","20","0","20","1048576","33554432","33554432","32","32","0","0","0","-","-","-","0","0","0","0","0","0","0","0","-","0","0","0","0","0","0","0","0","0","0","0","0","0","0","0","0","0","0","20","0","0","0","0","0","0","0","0","0","0","0","0","0","0","0","0","0","0","0","0","0"
"0x7ff32b5b0be0","      ISETP.GT.AND P3, PT, R47, -0x1, PT","24","0","24","1048576","33554432","33554432","32","32","0","0","0","-","-","-","0","0","0","0","0","0","0","0","-","0","0","0","0","0","0","0","0","0","0","0","0","0","0","0","0","0","0","24","0","0","0","0","0","0","0","0","0","0","0","0","0","0","0","0","0","0","0","0","0"
"0x7ff32b5b0bf0","      FMUL R39, R30, 0.090168438851833343506","23","0","23","1048576","33554432","33554432","32","32","0","0","0","-","-","-","0","0","0","0","0","0","0","0","-","0","0","0","0","0","0","0","0","0","0","0","0","0","0","0","0","0","0","23","0","0","0","0","0","0","0","0","0","0","0","0","0","0","0","0","0","0","0","0","0"
"0x7ff32b5b0c00","      ISETP.GT.AND P2, PT, R52, -0x1, PT","80","2","80","1048576","33554432","33554432","32","32","0","0","0","-","-","-","0","0","0","0","0","0","0","0","-","0","0","0","0","0","0","0","0","0","0","0","0","9","0","0","0","6","45","20","0","0","0","0","0","0","0","0","0","0","2","0","0","0","0","0","0","0","0","0","0"
"0x7ff32b5b0c10","      LDS.128 R32, [R0+0x2f570]","24","0","24","1048576","33554432","33554432","32","32","0","0","0","Shared","Load","128","0","2","0","2097152","2097152","0","0","0","-","0","0","0","0","0","0","0","0","0","0","0","0","0","0","0","0","0","0","24","0","0","0","0","0","0","0","0","0","0","0","0","0","0","0","0","0","0","0","0","0"
"0x7ff32b5b0c20","      ISETP.GT.AND P1, PT, R53, -0x1, PT","24","0","24","1048576","33554432","33554432","32","32","0","0","0","-","-","-","0","0","0","0","0","0","0","0","-","0","0","0","0","0","0","0","0","0","0","0","0","0","0","0","0","0","0","24","0","0","0","0","0","0","0","0","0","0","0","0","0","0","0","0","0","0","0","0","0"
"0x7ff32b5b0c30","      FMUL R38, R31, 0.090168438851833343506","29","0","29","1048576","33554432","33554432","32","32","0","0","0","-","-","-","0","0","0","0","0","0","0","0","-","0","0","0","0","0","0","0","0","0","0","0","0","0","0","0","0","0","0","29","0","0","0","0","0","0","0","0","0","0","0","0","0","0","0","0","0","0","0","0","0"
"0x7ff32b5b0c40","      ISETP.GT.AND P0, PT, R54, -0x1, PT","24","0","24","1048576","33554432","33554432","32","32","0","0","0","-","-","-","0","0","0","0","0","0","0","0","-","0","0","0","0","0","0","0","0","0","0","0","0","0","0","0","0","0","0","24","0","0","0","0","0","0","0","0","0","0","0","0","0","0","0","0","0","0","0","0","0"
"0x7ff32b5b0c50","      FMUL R5, R29, 0.090168438851833343506","19","0","19","1048576","33554432","33554432","32","32","0","0","0","-","-","-","0","0","0","0","0","0","0","0","-","0","0","0","0","0","0","0","0","0","0","0","0","0","0","0","0","0","0","19","0","0","0","0","0","0","0","0","0","0","0","0","0","0","0","0","0","0","0","0","0"
"0x7ff32b5b0c60","      SEL R26, R89, 0xf149f2ca, P6","33","0","33","1048576","33554432","33554432","32","32","0","0","0","-","-","-","0","0","0","0","0","0","0","0","-","0","0","0","0","0","0","0","0","0","0","0","0","0","0","0","0","0","0","33","0","0","0","0","0","0","0","0","0","0","0","0","0","0","0","0","0","0","0","0","0"
"0x7ff32b5b0c70","      SEL R27, R88, 0xf149f2ca, P5","701","231","701","1048576","33554432","33554432","32","32","0","0","0","-","-","-","0","0","0","0","0","0","0","0","-","0","0","0","0","0","0","0","0","6","0","0","0","281","0","0","0","0","367","26","0","0","0","21","0","0","0","0","0","0","230","0","0","0","0","0","0","0","0","0","1"
"0x7ff32b5b0c80","      ISETP.GT.AND P6, PT, R55, -0x1, PT","102","20","102","1048576","33554432","33554432","32","32","0","0","0","-","-","-","0","0","0","0","0","0","0","0","-","0","0","0","0","0","0","0","0","0","0","0","0","12","0","0","0","0","46","23","0","0","0","21","0","0","0","0","0","0","8","0","0","0","0","0","0","0","0","0","12"
"0x7ff32b5b0c90","      ISETP.GT.AND P5, PT, R8, -0x1, PT","81","30","81","1048576","33554432","33554432","32","32","0","0","0","-","-","-","0","0","0","0","0","0","0","0","-","0","0","0","0","0","0","0","0","0","0","0","0","23","0","0","0","0","21","20","0","0","0","17","0","0","0","0","0","0","18","0","0","0","0","0","0","0","0","0","12"
"0x7ff32b5b0ca0","      SEL R45, R86, 0xf149f2ca, P3","94","18","94","1048576","33554432","33554432","32","32","0","0","0","-","-","-","0","0","0","0","0","0","0","0","-","0","0","0","0","0","0","0","0","2","0","0","0","4","0","0","0","0","29","38","0","0","0","21","0","0","0","0","0","0","3","0","0","0","0","0","0","0","0","0","15"
"0x7ff32b5b0cb0","      SEL R30, R85, 0xf149f2ca, P2","76","18","76","1048576","33554432","33554432","32","32","0","0","0","-","-","-","0","0","0","0","0","0","0","0","-","0","0","0","0","0","0","0","0","2","0","0","0","1","0","0","0","0","30","25","0","0","0","18","0","0","0","0","0","0","1","0","0","0","0","0","0","0","0","0","17"
"0x7ff32b5b0cc0","      SEL R31, R84, 0xf149f2ca, P1","80","14","80","1048576","33554432","33554432","32","32","0","0","0","-","-","-","0","0","0","0","0","0","0","0","-","0","0","0","0","0","0","0","0","1","0","0","0","5","0","0","0","0","34","22","0","0","0","18","0","0","0","0","0","0","3","0","0","0","0","0","0","0","0","0","11"
"0x7ff32b5b0cd0","      SEL R46, R83, 0xf149f2ca, P0","52","17","52","1048576","33554432","33554432","32","32","0","0","0","-","-","-","0","0","0","0","0","0","0","0","-","0","0","0","0","0","0","0","0","0","0","0","0","1","0","0","0","0","14","19","0","0","0","18","0","0","0","0","0","0","1","0","0","0","0","0","0","0","0","0","16"
"0x7ff32b5b0ce0","      ISETP.GT.AND P4, PT, R9, -0x1, PT","72","27","72","1048576","33554432","33554432","32","32","0","0","0","-","-","-","0","0","0","0","0","0","0","0","-","0","0","0","0","0","0","0","0","1","0","0","0","8","0","0","0","0","17","24","0","0","0","22","0","0","0","0","0","0","6","0","0","0","0","0","0","0","0","0","21"
"0x7ff32b5b0cf0","      ISETP.GT.AND P3, PT, R10, -0x1, PT","88","32","88","1048576","33554432","33554432","32","32","0","0","0","-","-","-","0","0","0","0","0","0","0","0","-","0","0","0","0","0","0","0","0","2","0","0","0","17","0","0","0","0","22","23","0","0","0","24","0","0","0","0","0","0","14","0","0","0","0","0","0","0","0","0","18"
"0x7ff32b5b0d00","      ISETP.GT.AND P2, PT, R11, -0x1, PT","74","31","74","1048576","33554432","33554432","32","32","0","0","0","-","-","-","0","0","0","0","0","0","0","0","-","0","0","0","0","0","0","0","0","0","0","0","0","13","0","0","0","0","11","20","0","0","0","30","0","0","0","0","0","0","9","0","0","0","0","0","0","0","0","0","22"
"0x7ff32b5b0d10","      ISETP.GT.AND P1, PT, R12, -0x1, PT","78","31","78","1048576","33554432","33554432","32","32","0","0","0","-","-","-","0","0","0","0","0","0","0","0","-","0","0","0","0","0","0","0","0","1","0","0","0","10","0","0","0","0","24","16","0","0","0","27","0","0","0","0","0","0","8","0","0","0","0","0","0","0","0","0","23"
"0x7ff32b5b0d20","      ISETP.GT.AND P0, PT, R13, -0x1, PT","57","25","57","1048576","33554432","33554432","32","32","0","0","0","-","-","-","0","0","0","0","0","0","0","0","-","0","0","0","0","0","0","0","0","3","0","0","0","6","0","0","0","0","15","13","0","0","0","20","0","0","0","0","0","0","6","0","0","0","0","0","0","0","0","0","19"
"0x7ff32b5b0d30","      SEL R47, R82, 0xf149f2ca, P6","73","28","73","1048576","33554432","33554432","32","32","0","0","0","-","-","-","0","0","0","0","0","0","0","0","-","0","0","0","0","0","0","0","0","0","0","0","0","7","0","0","0","0","16","27","0","0","0","23","0","0","0","0","0","0","6","0","0","0","0","0","0","0","0","0","22"
"0x7ff32b5b0d40","      SEL R28, R67, 0xf149f2ca, P5","64","23","64","1048576","33554432","33554432","32","32","0","0","0","-","-","-","0","0","0","0","0","0","0","0","-","0","0","0","0","0","0","0","0","1","0","0","0","4","0","0","0","0","13","23","0","0","0","23","0","0","0","0","0","0","3","0","0","0","0","0","0","0","0","0","20"
"0x7ff32b5b0d50","      SEL R29, R66, 0xf149f2ca, P4","72","32","72","1048576","33554432","33554432","32","32","0","0","0","-","-","-","0","0","0","0","0","0","0","0","-","0","0","0","0","0","0","0","0","1","0","0","0","13","0","0","0","0","15","15","0","0","0","28","0","0","0","0","0","0","8","0","0","0","0","0","0","0","0","0","24"
"0x7ff32b5b0d60","      SEL R42, R42, 0xf149f2ca, P3","70","29","70","1048576","33554432","33554432","32","32","0","0","0","-","-","-","0","0","0","0","0","0","0","0","-","0","0","0","0","0","0","0","0","1","0","0","0","7","0","0","0","0","20","18","0","0","0","24","0","0","0","0","0","0","6","0","0","0","0","0","0","0","0","0","23"
"0x7ff32b5b0d70","      SEL R43, R43, 0xf149f2ca, P2","65","26","65","1048576","33554432","33554432","32","32","0","0","0","-","-","-","0","0","0","0","0","0","0","0","-","0","0","0","0","0","0","0","0","1","0","0","0","11","0","0","0","0","15","17","0","0","0","21","0","0","0","0","0","0","8","0","0","0","0","0","0","0","0","0","18"
"0x7ff32b5b0d80","      SEL R8, R65, 0xf149f2ca, P1","90","29","90","1048576","33554432","33554432","32","32","0","0","0","-","-","-","0","0","0","0","0","0","0","0","-","0","0","0","0","0","0","0","0","2","0","0","0","9","0","0","0","0","21","31","0","0","0","27","0","0","0","0","0","0","7","0","0","0","0","0","0","0","0","0","22"
"0x7ff32b5b0d90","      SEL R9, R64, 0xf149f2ca, P0","84","22","84","1048576","33554432","33554432","32","32","0","0","0","-","-","-","0","0","0","0","0","0","0","0","-","0","0","0","0","0","0","0","0","1","0","0","0","6","0","0","0","0","22","34","0","0","0","21","0","0","0","0","0","0","5","0","0","0","0","0","0","0","0","0","17"
"0x7ff32b5b0da0","      ISETP.GT.AND P2, PT, R19, -0x1, PT","72","32","72","1048576","33554432","33554432","32","32","0","0","0","-","-","-","0","0","0","0","0","0","0","0","-","0","0","0","0","0","0","0","0","0","0","0","0","11","0","0","0","0","12","25","0","0","0","24","0","0","0","0","0","0","11","0","0","0","0","0","0","0","0","0","21"
"0x7ff32b5b0db0","      FMNMX3.NAN R11, R31, R46, R47, !PT","72","27","72","1048576","33554432","33554432","32","32","0","0","0","-","-","-","0","0","0","0","0","0","0","0","-","0","0","0","0","0","0","0","0","2","0","0","0","12","0","0","0","0","20","19","0","0","0","19","0","0","0","0","0","0","12","0","0","0","0","0","0","0","0","0","15"
"0x7ff32b5b0dc0","      FMNMX3.NAN R12, R28, R29, R42, !PT","92","33","92","1048576","33554432","33554432","32","32","0","0","0","-","-","-","0","0","0","0","0","0","0","0","-","0","0","0","0","0","0","0","0","1","0","0","0","9","0","0","0","0","26","28","0","0","0","28","0","0","0","0","0","0","8","0","0","0","0","0","0","0","0","0","25"
"0x7ff32b5b0dd0","      FMNMX3.NAN R13, R43, R8, R9, !PT","71","24","71","1048576","33554432","33554432","32","32","0","0","0","-","-","-","0","0","0","0","0","0","0","0","-","0","0","0","0","0","0","0","0","1","0","0","0","11","0","0","0","0","21","21","0","0","0","17","0","0","0","0","0","0","9","0","0","0","0","0","0","0","0","0","15"
"0x7ff32b5b0de0","      ISETP.GT.AND P4, PT, R17, -0x1, PT","82","28","82","1048576","33554432","33554432","32","32","0","0","0","-","-","-","0","0","0","0","0","0","0","0","-","0","0","0","0","0","0","0","0","3","0","0","0","9","0","0","0","0","24","21","0","0","0","25","0","0","0","0","0","0","7","0","0","0","0","0","0","0","0","0","21"
"0x7ff32b5b0df0","      ISETP.GT.AND P0, PT, R20, -0x1, PT","76","27","76","1048576","33554432","33554432","32","32","0","0","0","-","-","-","0","0","0","0","0","0","0","0","-","0","0","0","0","0","0","0","0","1","0","0","0","8","0","0","0","0","29","16","0","0","0","22","0","0","0","0","0","0","6","0","0","0","0","0","0","0","0","0","21"
"0x7ff32b5b0e00","      FMNMX3.NAN R11, R11, R12, R13, !PT","82","22","82","1048576","33554432","33554432","32","32","0","0","0","-","-","-","0","0","0","0","0","0","0","0","-","0","0","0","0","0","0","0","0","1","0","0","0","10","0","0","0","0","28","26","0","0","0","17","0","0","0","0","0","0","7","0","0","0","0","0","0","0","0","0","15"
"0x7ff32b5b0e10","      ISETP.GT.AND P6, PT, R14, -0x1, PT","88","32","88","1048576","33554432","33554432","32","32","0","0","0","-","-","-","0","0","0","0","0","0","0","0","-","0","0","0","0","0","0","0","0","1","0","0","0","10","0","0","0","0","26","25","0","0","0","26","0","0","0","0","0","0","9","0","0","0","0","0","0","0","0","0","23"
"0x7ff32b5b0e20","      ISETP.GT.AND P5, PT, R15, -0x1, PT","92","40","92","1048576","33554432","33554432","32","32","0","0","0","-","-","-","0","0","0","0","0","0","0","0","-","0","0","0","0","0","0","0","0","0","0","0","0","7","0","0","0","0","27","22","0","0","0","36","0","0","0","0","0","0","6","0","0","0","0","0","0","0","0","0","34"
"0x7ff32b5b0e30","      ISETP.GT.AND P3, PT, R18, -0x1, PT","80","28","80","1048576","33554432","33554432","32","32","0","0","0","-","-","-","0","0","0","0","0","0","0","0","-","0","0","0","0","0","0","0","0","0","0","0","0","10","0","0","0","0","27","21","0","0","0","22","0","0","0","0","0","0","9","0","0","0","0","0","0","0","0","0","19"
"0x7ff32b5b0e40","      SEL R18, R63, 0xf149f2ca, P6","77","29","77","1048576","33554432","33554432","32","32","0","0","0","-","-","-","0","0","0","0","0","0","0","0","-","0","0","0","0","0","0","0","0","0","0","0","0","11","0","0","0","0","24","18","0","0","0","24","0","0","0","0","0","0","9","0","0","0","0","0","0","0","0","0","20"
"0x7ff32b5b0e50","      SEL R19, R62, 0xf149f2ca, P5","77","30","77","1048576","33554432","33554432","32","32","0","0","0","-","-","-","0","0","0","0","0","0","0","0","-","0","0","0","0","0","0","0","0","1","0","0","0","7","0","0","0","0","17","25","0","0","0","27","0","0","0","0","0","0","6","0","0","0","0","0","0","0","0","0","24"
"0x7ff32b5b0e60","      ISETP.GT.AND P6, PT, R21, -0x1, PT","63","22","63","1048576","33554432","33554432","32","32","0","0","0","-","-","-","0","0","0","0","0","0","0","0","-","0","0","0","0","0","0","0","0","2","0","0","0","9","0","0","0","0","12","23","0","0","0","17","0","0","0","0","0","0","6","0","0","0","0","0","0","0","0","0","16"
"0x7ff32b5b0e70","      ISETP.GT.AND P5, PT, R22, -0x1, PT","61","22","61","1048576","33554432","33554432","32","32","0","0","0","-","-","-","0","0","0","0","0","0","0","0","-","0","0","0","0","0","0","0","0","1","0","0","0","7","0","0","0","0","11","24","0","0","0","18","0","0","0","0","0","0","7","0","0","0","0","0","0","0","0","0","15"
"0x7ff32b5b0e80","      ISETP.GT.AND P1, PT, R16, -0x1, PT","54","19","54","1048576","33554432","33554432","32","32","0","0","0","-","-","-","0","0","0","0","0","0","0","0","-","0","0","0","0","0","0","0","0","1","0","0","0","5","0","0","0","0","12","17","0","0","0","19","0","0","0","0","0","0","4","0","0","0","0","0","0","0","0","0","15"
"0x7ff32b5b0e90","      SEL R17, R58, 0xf149f2ca, P2","68","31","68","1048576","33554432","33554432","32","32","0","0","0","-","-","-","0","0","0","0","0","0","0","0","-","0","0","0","0","0","0","0","0","2","0","0","0","5","0","0","0","0","15","16","0","0","0","30","0","0","0","0","0","0","4","0","0","0","0","0","0","0","0","0","27"
"0x7ff32b5b0ea0","      SEL R16, R59, 0xf149f2ca, P3","70","34","70","1048576","33554432","33554432","32","32","0","0","0","-","-","-","0","0","0","0","0","0","0","0","-","0","0","0","0","0","0","0","0","1","0","0","0","10","0","0","0","0","15","16","0","0","0","28","0","0","0","0","0","0","9","0","0","0","0","0","0","0","0","0","25"
"0x7ff32b5b0eb0","      SEL R15, R60, 0xf149f2ca, P4","71","28","71","1048576","33554432","33554432","32","32","0","0","0","-","-","-","0","0","0","0","0","0","0","0","-","0","0","0","0","0","0","0","0","0","0","0","0","11","0","0","0","0","19","23","0","0","0","18","0","0","0","0","0","0","11","0","0","0","0","0","0","0","0","0","17"
"0x7ff32b5b0ec0","      ISETP.GT.AND P2, PT, R33, -0x1, PT","63","28","63","1048576","33554432","33554432","32","32","0","0","0","-","-","-","0","0","0","0","0","0","0","0","-","0","0","0","0","0","0","0","0","0","0","0","0","12","0","0","0","0","13","20","0","0","0","18","0","0","0","0","0","0","12","0","0","0","0","0","0","0","0","0","16"
"0x7ff32b5b0ed0","      SEL R12, R40, 0xf149f2ca, P0","73","29","73","1048576","33554432","33554432","32","32","0","0","0","-","-","-","0","0","0","0","0","0","0","0","-","0","0","0","0","0","0","0","0","1","0","0","0","8","0","0","0","0","18","23","0","0","0","23","0","0","0","0","0","0","8","0","0","0","0","0","0","0","0","0","21"
"0x7ff32b5b0ee0","      SEL R13, R5, 0xf149f2ca, P6","51","19","51","1048576","33554432","33554432","32","32","0","0","0","-","-","-","0","0","0","0","0","0","0","0","-","0","0","0","0","0","0","0","0","1","0","0","0","9","0","0","0","0","8","20","0","0","0","13","0","0","0","0","0","0","9","0","0","0","0","0","0","0","0","0","10"
"0x7ff32b5b0ef0","      ISETP.GT.AND P4, PT, R23, -0x1, PT","74","31","74","1048576","33554432","33554432","32","32","0","0","0","-","-","-","0","0","0","0","0","0","0","0","-","0","0","0","0","0","0","0","0","0","0","0","0","4","0","0","0","0","13","29","0","0","0","28","0","0","0","0","0","0","4","0","0","0","0","0","0","0","0","0","27"
"0x7ff32b5b0f00","      SEL R14, R61, 0xf149f2ca, P1","61","21","61","1048576","33554432","33554432","32","32","0","0","0","-","-","-","0","0","0","0","0","0","0","0","-","0","0","0","0","0","0","0","0","1","0","0","0","5","0","0","0","0","12","23","0","0","0","20","0","0","0","0","0","0","5","0","0","0","0","0","0","0","0","0","16"
"0x7ff32b5b0f10","      SEL R70, R39, 0xf149f2ca, P5","68","36","68","1048576","33554432","33554432","32","32","0","0","0","-","-","-","0","0","0","0","0","0","0","0","-","0","0","0","0","0","0","0","0","0","0","0","0","8","0","0","0","0","10","17","0","0","0","33","0","0","0","0","0","0","5","0","0","0","0","0","0","0","0","0","31"
"0x7ff32b5b0f20","      ISETP.GT.AND P3, PT, R32, -0x1, PT","60","23","60","1048576","33554432","33554432","32","32","0","0","0","-","-","-","0","0","0","0","0","0","0","0","-","0","0","0","0","0","0","0","0","1","0","0","0","3","0","0","0","0","7","25","0","0","0","24","0","0","0","0","0","0","3","0","0","0","0","0","0","0","0","0","20"
"0x7ff32b5b0f30","      ISETP.GT.AND P0, PT, R35, -0x1, PT","63","22","63","1048576","33554432","33554432","32","32","0","0","0","-","-","-","0","0","0","0","0","0","0","0","-","0","0","0","0","0","0","0","0","0","0","0","0","5","0","0","0","0","15","24","0","0","0","19","0","0","0","0","0","0","4","0","0","0","0","0","0","0","0","0","18"
"0x7ff32b5b0f40","      FMNMX3.NAN R10, R6, R7, R24, !PT","63","22","63","1048576","33554432","33554432","32","32","0","0","0","-","-","-","0","0","0","0","0","0","0","0","-","0","0","0","0","0","0","0","0","1","0","0","0","3","0","0","0","0","16","22","0","0","0","21","0","0","0","0","0","0","2","0","0","0","0","0","0","0","0","0","20"
"0x7ff32b5b0f50","      FMNMX3.NAN R49, R25, R26, R27, !PT","66","26","66","1048576","33554432","33554432","32","32","0","0","0","-","-","-","0","0","0","0","0","0","0","0","-","0","0","0","0","0","0","0","0","0","0","0","0","7","0","0","0","0","18","19","0","0","0","22","0","0","0","0","0","0","5","0","0","0","0","0","0","0","0","0","21"
"0x7ff32b5b0f60","      FMNMX3.NAN R48, R44, R45, R30, !PT","76","28","76","1048576","33554432","33554432","32","32","0","0","0","-","-","-","0","0","0","0","0","0","0","0","-","0","0","0","0","0","0","0","0","0","0","0","0","1","0","0","0","0","19","25","0","0","0","31","0","0","0","0","0","0","0","0","0","0","0","0","0","0","0","0","28"
"0x7ff32b5b0f70","      FMNMX3.NAN R5, R18, R19, R14, !PT","75","31","75","1048576","33554432","33554432","32","32","0","0","0","-","-","-","0","0","0","0","0","0","0","0","-","0","0","0","0","0","0","0","0","2","0","0","0","6","0","0","0","0","19","20","0","0","0","28","0","0","0","0","0","0","4","0","0","0","0","0","0","0","0","0","27"
"0x7ff32b5b0f80","      FMNMX3.NAN R21, R12, R13, R70, !PT","52","19","52","1048576","33554432","33554432","32","32","0","0","0","-","-","-","0","0","0","0","0","0","0","0","-","0","0","0","0","0","0","0","0","1","0","0","0","6","0","0","0","0","7","20","0","0","0","18","0","0","0","0","0","0","5","0","0","0","0","0","0","0","0","0","14"
"0x7ff32b5b0f90","      ISETP.GT.AND P1, PT, R34, -0x1, PT","51","24","51","1048576","33554432","33554432","32","32","0","0","0","-","-","-","0","0","0","0","0","0","0","0","-","0","0","0","0","0","0","0","0","1","0","0","0","8","0","0","0","0","10","13","0","0","0","19","0","0","0","0","0","0","7","0","0","0","0","0","0","0","0","0","17"
"0x7ff32b5b0fa0","      SEL R71, R38, 0xf149f2ca, P4","70","24","70","1048576","33554432","33554432","32","32","0","0","0","-","-","-","0","0","0","0","0","0","0","0","-","0","0","0","0","0","0","0","0","0","0","0","0","1","0","0","0","0","11","31","0","0","0","27","0","0","0","0","0","0","1","0","0","0","0","0","0","0","0","0","23"
"0x7ff32b5b0fb0","      SEL R68, R37, 0xf149f2ca, P3","57","19","57","1048576","33554432","33554432","32","32","0","0","0","-","-","-","0","0","0","0","0","0","0","0","-","0","0","0","0","0","0","0","0","3","0","0","0","7","0","0","0","0","15","18","0","0","0","14","0","0","0","0","0","0","7","0","0","0","0","0","0","0","0","0","12"
"0x7ff32b5b0fc0","      SEL R69, R36, 0xf149f2ca, P2","61","17","61","1048576","33554432","33554432","32","32","0","0","0","-","-","-","0","0","0","0","0","0","0","0","-","0","0","0","0","0","0","0","0","0","0","0","0","1","0","0","0","0","15","25","0","0","0","20","0","0","0","0","0","0","0","0","0","0","0","0","0","0","0","0","17"
"0x7ff32b5b0fd0","      FMNMX3.NAN R20, R15, R16, R17, !PT","57","27","57","1048576","33554432","33554432","32","32","0","0","0","-","-","-","0","0","0","0","0","0","0","0","-","0","0","0","0","0","0","0","0","0","0","0","0","5","0","0","0","0","11","15","0","0","0","26","0","0","0","0","0","0","4","0","0","0","0","0","0","0","0","0","23"
"0x7ff32b5b0fe0","      FMNMX3.NAN R10, R10, R49, R48, !PT","50","19","50","1048576","33554432","33554432","32","32","0","0","0","-","-","-","0","0","0","0","0","0","0","0","-","0","0","0","0","0","0","0","0","0","0","0","0","2","0","0","0","0","8","19","0","0","0","21","0","0","0","0","0","0","2","0","0","0","0","0","0","0","0","0","17"
"0x7ff32b5b0ff0","      SEL R2, R2, 0xf149f2ca, P1","59","27","59","1048576","33554432","33554432","32","32","0","0","0","-","-","-","0","0","0","0","0","0","0","0","-","0","0","0","0","0","0","0","0","0","0","0","0","4","0","0","0","0","5","24","0","0","0","26","0","0","0","0","0","0","3","0","0","0","0","0","0","0","0","0","24"
"0x7ff32b5b1000","      SEL R3, R3, 0xf149f2ca, P0","56","27","56","1048576","33554432","33554432","32","32","0","0","0","-","-","-","0","0","0","0","0","0","0","0","-","0","0","0","0","0","0","0","0","1","0","0","0","5","0","0","0","0","8","18","0","0","0","24","0","0","0","0","0","0","5","0","0","0","0","0","0","0","0","0","22"
"0x7ff32b5b1010","      FMNMX3.NAN R22, R71, R68, R69, !PT","57","22","57","1048576","33554432","33554432","32","32","0","0","0","-","-","-","0","0","0","0","0","0","0","0","-","0","0","0","0","0","0","0","0","0","0","0","0","6","0","0","0","0","6","21","0","0","0","24","0","0","0","0","0","0","2","0","0","0","0","0","0","0","0","0","20"
"0x7ff32b5b1020","      FMNMX3.NAN R5, R5, R20, R21, !PT","52","19","52","1048576","33554432","33554432","32","32","0","0","0","-","-","-","0","0","0","0","0","0","0","0","-","0","0","0","0","0","0","0","0","1","0","0","0","3","0","0","0","0","7","22","0","0","0","19","0","0","0","0","0","0","2","0","0","0","0","0","0","0","0","0","17"
"0x7ff32b5b1030","      FMNMX3.NAN R22, R22, R2, R3, !PT","50","21","50","1048576","33554432","33554432","32","32","0","0","0","-","-","-","0","0","0","0","0","0","0","0","-","0","0","0","0","0","0","0","0","0","0","0","0","1","0","0","0","0","3","25","0","0","0","21","0","0","0","0","0","0","0","0","0","0","0","0","0","0","0","0","21"
"0x7ff32b5b1040","      FMNMX3.NAN R5, R10, R11, R5, !PT","65","28","65","1048576","33554432","33554432","32","32","0","0","0","-","-","-","0","0","0","0","0","0","0","0","-","0","0","0","0","0","0","0","0","1","0","0","0","4","0","0","0","0","9","27","0","0","0","24","0","0","0","0","0","0","4","0","0","0","0","0","0","0","0","0","24"
"0x7ff32b5b1050","      FMNMX3.NAN R11, R5, R22, R41, !PT","665","259","665","1048576","33554432","33554432","32","32","0","0","0","-","-","-","0","0","0","0","0","0","0","0","-","0","0","0","0","0","0","0","0","2","0","0","0","261","0","0","0","0","321","24","0","0","0","57","0","0","0","0","0","0","227","0","0","0","0","0","0","0","0","0","32"
"0x7ff32b5b1060","      STS [R102+0x2f100], R11","195","49","195","1048576","33554432","33554432","32","32","0","0","0","Shared","Store","32","0","1","0","1048576","1048576","0","0","0","-","0","0","0","0","0","0","0","0","1","0","0","0","0","0","0","0","0","103","14","0","0","0","77","0","0","0","0","0","0","0","0","0","0","0","0","0","0","0","0","49"
"0x7ff32b5b1070","      NOP","22","0","22","1048576","33554432","33554432","32","32","0","0","0","-","-","-","0","0","0","0","0","0","0","0","-","0","0","0","0","0","0","0","0","0","0","0","0","0","0","0","0","0","0","22","0","0","0","0","0","0","0","0","0","0","0","0","0","0","0","0","0","0","0","0","0"
"0x7ff32b5b1080","      BAR.SYNC.DEFER_BLOCKING 0x1, 0x100","30","0","30","1048576","33554432","33554432","32","32","0","0","0","-","-","-","0","0","0","0","0","0","0","0","-","0","0","0","0","0","0","0","0","0","0","0","0","0","0","0","0","0","0","30","0","0","0","0","0","0","0","0","0","0","0","0","0","0","0","0","0","0","0","0","0"
"0x7ff32b5b1090","      NOP","2060","1089","2060","1048576","33554432","33554432","32","32","0","0","0","-","-","-","0","0","0","0","0","0","0","0","-","0","0","0","0","0","0","1888","0","3","0","0","0","0","0","0","0","0","49","19","0","0","0","101","1038","0","0","0","0","0","0","0","0","0","0","0","0","0","0","0","51"
"0x7ff32b5b10a0","      LDS R33, [R76+UR7+0x2f300]","24","0","24","1048576","33554432","33554432","32","32","0","0","0","Shared","Load","32","0","1","0","1048576","1048576","0","0","0","-","0","0","0","0","0","0","0","0","0","0","0","0","0","0","0","0","0","0","24","0","0","0","0","0","0","0","0","0","0","0","0","0","0","0","0","0","0","0","0","0"
"0x7ff32b5b10b0","      LDS R0, [R76+UR7+0x2f400]","110","32","110","1048576","33554432","33554432","32","32","0","0","0","Shared","Load","32","0","1","0","1048576","1048576","0","0","0","-","0","0","0","0","0","0","0","0","0","0","0","0","0","0","0","0","0","9","28","0","0","0","73","0","0","0","0","0","0","0","0","0","0","0","0","0","0","0","0","32"
"0x7ff32b5b10c0","      LDS R35, [R76+UR7+0x2f100]","85","29","85","1048576","33554432","33554432","32","32","0","0","0","Shared","Load","32","0","1","0","1048576","1048576","0","0","0","-","0","0","0","0","0","0","0","0","1","0","0","0","0","0","0","0","0","4","27","0","0","0","53","0","0","0","0","0","0","0","0","0","0","0","0","0","0","0","0","29"
"0x7ff32b5b10d0","      LDS R78, [R76+UR7+0x2f200]","117","49","117","1048576","33554432","33554432","32","32","0","0","0","Shared","Load","32","0","1","0","1048576","1048576","0","0","0","-","0","0","0","0","0","0","0","0","0","0","0","0","0","0","0","0","0","9","27","0","0","0","81","0","0","0","0","0","0","0","0","0","0","0","0","0","0","0","0","49"
"0x7ff32b5b10e0","      FMNMX R0, R33, R0, !PT","478","353","478","1048576","33554432","33554432","32","32","0","0","0","-","-","-","0","0","0","0","0","0","0","0","-","0","0","0","0","0","0","0","0","2","0","0","0","5","0","0","0","0","22","21","428","0","0","0","0","0","0","0","0","0","5","0","0","0","0","0","0","348","0","0","0"
"0x7ff32b5b10f0","      FMNMX3 R78, R35, R78, R0, !PT","355","244","355","1048576","33554432","33554432","32","32","0","0","0","-","-","-","0","0","0","0","0","0","0","0","-","0","0","0","0","0","0","0","0","0","0","0","0","3","0","0","0","0","25","25","233","0","0","69","0","0","0","0","0","0","3","0","0","0","0","0","0","181","0","0","60"
"0x7ff32b5b1100","      FADD2 R22, R24.F32x2.HI_LO, -R78.F32","195","77","195","1048576","33554432","33554432","32","32","0","0","0","-","-","-","0","0","0","0","0","0","0","0","-","0","0","0","0","0","0","0","0","2","0","0","0","25","0","0","0","0","57","29","0","0","0","82","0","0","1","0","0","0","22","0","0","0","0","0","0","0","0","0","54"
"0x7ff32b5b1110","      FADD2 R20, R26.F32x2.HI_LO, -R78.F32","64","14","64","1048576","33554432","33554432","32","32","0","0","0","-","-","-","0","0","0","0","0","0","0","0","-","0","0","0","0","0","0","0","0","1","0","0","0","2","0","0","0","0","16","29","0","0","0","16","0","0","0","0","0","0","1","0","0","0","0","0","0","0","0","0","13"
"0x7ff32b5b1120","      FADD2 R10, R44.F32x2.HI_LO, -R78.F32","45","27","45","1048576","33554432","33554432","32","32","0","0","0","-","-","-","0","0","0","0","0","0","0","0","-","0","0","0","0","0","0","0","0","0","0","0","0","6","0","0","0","0","3","10","0","0","0","26","0","0","0","0","0","0","5","0","0","0","0","0","0","0","0","0","22"
"0x7ff32b5b1130","      MUFU.EX2 R22, R22","51","12","51","1048576","33554432","33554432","32","32","0","0","0","-","-","-","0","0","0","0","0","0","0","0","-","0","0","0","0","0","0","0","0","0","0","0","0","0","0","0","0","0","8","16","0","0","0","27","0","0","0","0","0","0","0","0","0","0","0","0","0","0","0","0","12"
"0x7ff32b5b1140","      FADD2 R90, R28.F32x2.HI_LO, -R78.F32","30","0","30","1048576","33554432","33554432","32","32","0","0","0","-","-","-","0","0","0","0","0","0","0","0","-","0","0","0","0","0","0","0","0","2","0","0","0","0","0","0","0","0","0","28","0","0","0","0","0","0","0","0","0","0","0","0","0","0","0","0","0","0","0","0","0"
"0x7ff32b5b1150","      FADD2 R88, R42.F32x2.HI_LO, -R78.F32","77","29","77","1048576","33554432","33554432","32","32","0","0","0","-","-","-","0","0","0","0","0","0","0","0","-","0","0","0","0","0","0","0","0","2","0","0","0","8","0","0","0","0","20","24","0","0","0","23","0","0","1","0","0","0","5","0","0","0","0","0","0","0","0","0","23"
"0x7ff32b5b1160","      MUFU.EX2 R23, R23","183","97","183","1048576","33554432","33554432","32","32","0","0","0","-","-","-","0","0","0","0","0","0","0","0","-","0","0","0","0","0","0","0","0","8","0","0","0","0","0","0","0","0","14","15","0","0","0","146","0","0","6","0","0","0","0","0","0","0","0","0","0","0","0","0","91"
"0x7ff32b5b1170","      FADD2 R84, R18.F32x2.HI_LO, -R78.F32","27","0","27","1048576","33554432","33554432","32","32","0","0","0","-","-","-","0","0","0","0","0","0","0","0","-","0","0","0","0","0","0","0","0","0","0","0","0","0","0","0","0","0","0","27","0","0","0","0","0","0","0","0","0","0","0","0","0","0","0","0","0","0","0","0","0"
"0x7ff32b5b1180","      FADD2 R56, R12.F32x2.HI_LO, -R78.F32","117","43","117","1048576","33554432","33554432","32","32","0","0","0","-","-","-","0","0","0","0","0","0","0","0","-","0","0","0","0","0","0","0","0","0","0","0","0","43","0","0","0","0","29","24","0","0","0","21","0","0","0","0","0","0","40","0","0","0","0","0","0","0","0","0","3"
"0x7ff32b5b1190","      MUFU.EX2 R20, R20","187","89","187","1048576","33554432","33554432","32","32","0","0","0","-","-","-","0","0","0","0","0","0","0","0","-","0","0","0","0","0","0","0","0","1","0","0","0","0","0","0","0","0","13","26","0","0","0","147","0","0","1","0","0","0","0","0","0","0","0","0","0","0","0","0","88"
"0x7ff32b5b11a0","      FADD2 R48, R6.F32x2.HI_LO, -R78.F32","8","0","8","1048576","33554432","33554432","32","32","0","0","0","-","-","-","0","0","0","0","0","0","0","0","-","0","0","0","0","0","0","0","0","0","0","0","0","0","0","0","0","0","0","8","0","0","0","0","0","0","0","0","0","0","0","0","0","0","0","0","0","0","0","0","0"
"0x7ff32b5b11b0","      FADD2 R6, R30.F32x2.HI_LO, -R78.F32","66","22","66","1048576","33554432","33554432","32","32","0","0","0","-","-","-","0","0","0","0","0","0","0","0","-","0","0","0","0","0","0","0","0","1","0","0","0","6","0","0","0","0","16","15","0","0","0","28","0","0","0","0","0","0","4","0","0","0","0","0","0","0","0","0","18"
"0x7ff32b5b11c0","      MUFU.EX2 R21, R21","190","104","190","1048576","33554432","33554432","32","32","0","0","0","-","-","-","0","0","0","0","0","0","0","0","-","0","0","0","0","0","0","0","0","15","0","0","0","0","0","0","0","0","13","18","0","0","0","144","0","0","15","0","0","0","0","0","0","0","0","0","0","0","0","0","89"
"0x7ff32b5b11d0","      FADD2 R86, R8.F32x2.HI_LO, -R78.F32","14","0","14","1048576","33554432","33554432","32","32","0","0","0","-","-","-","0","0","0","0","0","0","0","0","-","0","0","0","0","0","0","0","0","0","0","0","0","0","0","0","0","0","0","14","0","0","0","0","0","0","0","0","0","0","0","0","0","0","0","0","0","0","0","0","0"
"0x7ff32b5b11e0","      FADD2 R94, R14.F32x2.HI_LO, -R78.F32","131","43","131","1048576","33554432","33554432","32","32","0","0","0","-","-","-","0","0","0","0","0","0","0","0","-","0","0","0","0","0","0","0","0","0","0","0","0","35","0","0","0","0","42","19","0","0","0","35","0","0","0","0","0","0","32","0","0","0","0","0","0","0","0","0","11"
"0x7ff32b5b11f0","      MUFU.EX2 R48, R48","175","93","175","1048576","33554432","33554432","32","32","0","0","0","-","-","-","0","0","0","0","0","0","0","0","-","0","0","0","0","0","0","0","0","0","0","0","0","0","0","0","0","0","6","25","0","0","0","144","0","0","0","0","0","0","0","0","0","0","0","0","0","0","0","0","93"
"0x7ff32b5b1200","      FADD2 R82, R16.F32x2.HI_LO, -R78.F32","20","0","20","1048576","33554432","33554432","32","32","0","0","0","-","-","-","0","0","0","0","0","0","0","0","-","0","0","0","0","0","0","0","0","0","0","0","0","0","0","0","0","0","0","20","0","0","0","0","0","0","0","0","0","0","0","0","0","0","0","0","0","0","0","0","0"
"0x7ff32b5b1210","      FADD2 R70, R70.F32x2.HI_LO, -R78.F32","63","20","63","1048576","33554432","33554432","32","32","0","0","0","-","-","-","0","0","0","0","0","0","0","0","-","0","0","0","0","0","0","0","0","1","0","0","0","11","0","0","0","0","15","18","0","0","0","18","0","0","0","0","0","0","8","0","0","0","0","0","0","0","0","0","12"
"0x7ff32b5b1220","      MUFU.EX2 R49, R49","176","102","176","1048576","33554432","33554432","32","32","0","0","0","-","-","-","0","0","0","0","0","0","0","0","-","0","0","0","0","0","0","0","0","13","0","0","0","0","0","0","0","0","8","24","0","0","0","131","0","0","12","0","0","0","0","0","0","0","0","0","0","0","0","0","90"
"0x7ff32b5b1230","      FADD2 R2, R2.F32x2.HI_LO, -R78.F32","21","0","21","1048576","33554432","33554432","32","32","0","0","0","-","-","-","0","0","0","0","0","0","0","0","-","0","0","0","0","0","0","0","0","0","0","0","0","0","0","0","0","0","0","21","0","0","0","0","0","0","0","0","0","0","0","0","0","0","0","0","0","0","0","0","0"
"0x7ff32b5b1240","      FADD2 R92, R46.F32x2.HI_LO, -R78.F32","112","37","112","1048576","33554432","33554432","32","32","0","0","0","-","-","-","0","0","0","0","0","0","0","0","-","0","0","0","0","0","0","0","0","0","0","0","0","31","0","0","0","0","35","23","0","0","0","23","0","0","0","0","0","0","28","0","0","0","0","0","0","0","0","0","9"
"0x7ff32b5b1250","      MUFU.EX2 R10, R10","184","85","184","1048576","33554432","33554432","32","32","0","0","0","-","-","-","0","0","0","0","0","0","0","0","-","0","0","0","0","0","0","0","0","2","0","0","0","0","0","0","0","0","12","25","0","0","0","145","0","0","0","0","0","0","0","0","0","0","0","0","0","0","0","0","85"
"0x7ff32b5b1260","      FADD2 R68, R68.F32x2.HI_LO, -R78.F32","33","0","33","1048576","33554432","33554432","32","32","0","0","0","-","-","-","0","0","0","0","0","0","0","0","-","0","0","0","0","0","0","0","0","0","0","0","0","0","0","0","0","0","0","33","0","0","0","0","0","0","0","0","0","0","0","0","0","0","0","0","0","0","0","0","0"
"0x7ff32b5b1270","      FADD R80, -R78, R41","66","21","66","1048576","33554432","33554432","32","32","0","0","0","-","-","-","0","0","0","0","0","0","0","0","-","0","0","0","0","0","0","0","0","3","0","0","0","6","0","0","0","0","7","25","0","0","0","25","0","0","0","0","0","0","5","0","0","0","0","0","0","0","0","0","16"
"0x7ff32b5b1280","      MUFU.EX2 R11, R11","168","72","168","1048576","33554432","33554432","32","32","0","0","0","-","-","-","0","0","0","0","0","0","0","0","-","0","0","0","0","0","0","0","0","0","0","0","0","0","0","0","0","0","14","35","0","0","0","119","0","0","0","0","0","0","0","0","0","0","0","0","0","0","0","0","72"
"0x7ff32b5b1290","      FADD R8, RZ, R48","16","0","16","1048576","33554432","33554432","32","32","0","0","0","-","-","-","0","0","0","0","0","0","0","0","-","0","0","0","0","0","0","0","0","0","0","0","0","0","0","0","0","0","0","16","0","0","0","0","0","0","0","0","0","0","0","0","0","0","0","0","0","0","0","0","0"
"0x7ff32b5b12a0","      MUFU.EX2 R6, R6","211","114","211","1048576","33554432","33554432","32","32","0","0","0","-","-","-","0","0","0","0","0","0","0","0","-","0","0","0","0","0","0","0","0","0","0","0","0","0","0","0","0","0","12","20","0","0","0","179","0","0","0","0","0","0","0","0","0","0","0","0","0","0","0","0","114"
"0x7ff32b5b12b0","      FADD R15, R49, R8","27","0","27","1048576","33554432","33554432","32","32","0","0","0","-","-","-","0","0","0","0","0","0","0","0","-","0","0","0","0","0","0","0","0","0","0","0","0","0","0","0","0","0","0","27","0","0","0","0","0","0","0","0","0","0","0","0","0","0","0","0","0","0","0","0","0"
"0x7ff32b5b12c0","      FMUL2 R8, R22.F32x2.HI_LO, 256","89","25","89","1048576","33554432","33554432","32","32","0","0","0","-","-","-","0","0","0","0","0","0","0","0","-","0","0","0","0","0","0","0","0","0","0","0","0","44","0","0","0","0","21","24","0","0","0","0","0","0","0","0","0","0","25","0","0","0","0","0","0","0","0","0","0"
"0x7ff32b5b12d0","      MUFU.EX2 R7, R7","190","91","190","1048576","33554432","33554432","32","32","0","0","0","-","-","-","0","0","0","0","0","0","0","0","-","0","0","0","0","0","0","0","0","1","0","0","0","0","0","0","0","0","23","22","0","0","0","144","0","0","0","0","0","0","0","0","0","0","0","0","0","0","0","0","91"
"0x7ff32b5b12e0","      FMUL2 R48, R48.F32x2.HI_LO, 256","25","0","25","1048576","33554432","33554432","32","32","0","0","0","-","-","-","0","0","0","0","0","0","0","0","-","0","0","0","0","0","0","0","0","0","0","0","0","0","0","0","0","0","0","25","0","0","0","0","0","0","0","0","0","0","0","0","0","0","0","0","0","0","0","0","0"
"0x7ff32b5b12f0","      FADD R14, R22, R15","43","11","43","1048576","33554432","33554432","32","32","0","0","0","-","-","-","0","0","0","0","0","0","0","0","-","0","0","0","0","0","0","0","0","1","0","0","0","1","0","0","0","0","7","20","0","0","0","14","0","0","0","0","0","0","0","0","0","0","0","0","0","0","0","0","11"
"0x7ff32b5b1300","      MUFU.EX2 R92, R92","172","78","172","1048576","33554432","33554432","32","32","0","0","0","-","-","-","0","0","0","0","0","0","0","0","-","0","0","0","0","0","0","0","0","0","0","0","0","0","0","0","0","0","13","18","0","0","0","141","0","0","0","0","0","0","0","0","0","0","0","0","0","0","0","0","78"
"0x7ff32b5b1310","      F2FP.SATFINITE.E4M3.F32.PACK_AB_MERGE_C R5, R9, R8, RZ","27","0","27","1048576","33554432","33554432","32","32","0","0","0","-","-","-","0","0","0","0","0","0","0","0","-","0","0","0","0","0","0","0","0","0","0","0","0","0","0","0","0","0","0","27","0","0","0","0","0","0","0","0","0","0","0","0","0","0","0","0","0","0","0","0","0"
"0x7ff32b5b1320","      FMUL2 R12, R10.F32x2.HI_LO, 256","25","0","25","1048576","33554432","33554432","32","32","0","0","0","-","-","-","0","0","0","0","0","0","0","0","-","0","0","0","0","0","0","0","0","1","0","0","0","0","0","0","0","0","0","24","0","0","0","0","0","0","0","0","0","0","0","0","0","0","0","0","0","0","0","0","0"
"0x7ff32b5b1330","      F2FP.SATFINITE.E4M3.F32.PACK_AB_MERGE_C R48, R49, R48, RZ","25","0","25","1048576","33554432","33554432","32","32","0","0","0","-","-","-","0","0","0","0","0","0","0","0","-","0","0","0","0","0","0","0","0","5","0","0","0","0","0","0","0","0","0","20","0","0","0","0","0","0","0","0","0","0","0","0","0","0","0","0","0","0","0","0","0"
"0x7ff32b5b1340","      MUFU.EX2 R93, R93","157","44","157","1048576","33554432","33554432","32","32","0","0","0","-","-","-","0","0","0","0","0","0","0","0","-","0","0","0","0","0","0","0","0","1","0","0","0","0","0","0","0","0","8","21","0","0","0","127","0","0","0","0","0","0","0","0","0","0","0","0","0","0","0","0","44"
"0x7ff32b5b1350","      FMUL2 R8, R20.F32x2.HI_LO, 256","29","0","29","1048576","33554432","33554432","32","32","0","0","0","-","-","-","0","0","0","0","0","0","0","0","-","0","0","0","0","0","0","0","0","3","0","0","0","0","0","0","0","0","0","26","0","0","0","0","0","0","0","0","0","0","0","0","0","0","0","0","0","0","0","0","0"
"0x7ff32b5b1360","      F2FP.SATFINITE.E4M3.F32.PACK_AB_MERGE_C R18, R13, R12, RZ","15","0","15","1048576","33554432","33554432","32","32","0","0","0","-","-","-","0","0","0","0","0","0","0","0","-","0","0","0","0","0","0","0","0","0","0","0","0","0","0","0","0","0","0","15","0","0","0","0","0","0","0","0","0","0","0","0","0","0","0","0","0","0","0","0","0"
"0x7ff32b5b1370","      MUFU.EX2 R90, R90","207","83","207","1048576","33554432","33554432","32","32","0","0","0","-","-","-","0","0","0","0","0","0","0","0","-","0","0","0","0","0","0","0","0","2","0","0","0","0","0","0","0","0","4","26","0","0","0","175","0","0","2","0","0","0","0","0","0","0","0","0","0","0","0","0","81"
"0x7ff32b5b1380","      FADD R23, R23, R14","26","0","26","1048576","33554432","33554432","32","32","0","0","0","-","-","-","0","0","0","0","0","0","0","0","-","0","0","0","0","0","0","0","0","1","0","0","0","0","0","0","0","0","0","25","0","0","0","0","0","0","0","0","0","0","0","0","0","0","0","0","0","0","0","0","0"
"0x7ff32b5b1390","      F2FP.SATFINITE.E4M3.F32.PACK_AB_MERGE_C R19, R9, R8, RZ","18","0","18","1048576","33554432","33554432","32","32","0","0","0","-","-","-","0","0","0","0","0","0","0","0","-","0","0","0","0","0","0","0","0","0","0","0","0","0","0","0","0","0","0","18","0","0","0","0","0","0","0","0","0","0","0","0","0","0","0","0","0","0","0","0","0"
"0x7ff32b5b13a0","      FMUL2 R8, R6.F32x2.HI_LO, 256","26","0","26","1048576","33554432","33554432","32","32","0","0","0","-","-","-","0","0","0","0","0","0","0","0","-","0","0","0","0","0","0","0","0","1","0","0","0","0","0","0","0","0","0","25","0","0","0","0","0","0","0","0","0","0","0","0","0","0","0","0","0","0","0","0","0"
"0x7ff32b5b13b0","      MUFU.EX2 R91, R91","177","58","177","1048576","33554432","33554432","32","32","0","0","0","-","-","-","0","0","0","0","0","0","0","0","-","0","0","0","0","0","0","0","0","0","0","0","0","0","0","0","0","0","6","31","0","0","0","140","0","0","0","0","0","0","0","0","0","0","0","0","0","0","0","0","58"
"0x7ff32b5b13c0","      MUFU.EX2 R88, R88","233","127","233","1048576","33554432","33554432","32","32","0","0","0","-","-","-","0","0","0","0","0","0","0","0","-","0","0","0","0","0","0","0","0","0","0","0","0","0","0","0","0","0","4","25","0","0","0","204","0","0","0","0","0","0","0","0","0","0","0","0","0","0","0","0","127"
"0x7ff32b5b13d0","      F2FP.SATFINITE.E4M3.F32.PACK_AB_MERGE_C R25, R9, R8, RZ","24","0","24","1048576","33554432","33554432","32","32","0","0","0","-","-","-","0","0","0","0","0","0","0","0","-","0","0","0","0","0","0","0","0","0","0","0","0","0","0","0","0","0","0","24","0","0","0","0","0","0","0","0","0","0","0","0","0","0","0","0","0","0","0","0","0"
"0x7ff32b5b13e0","      FMUL2 R12, R92.F32x2.HI_LO, 256","29","0","29","1048576","33554432","33554432","32","32","0","0","0","-","-","-","0","0","0","0","0","0","0","0","-","0","0","0","0","0","0","0","0","0","0","0","0","0","0","0","0","0","0","29","0","0","0","0","0","0","0","0","0","0","0","0","0","0","0","0","0","0","0","0","0"
"0x7ff32b5b13f0","      MUFU.EX2 R89, R89","186","94","186","1048576","33554432","33554432","32","32","0","0","0","-","-","-","0","0","0","0","0","0","0","0","-","0","0","0","0","0","0","0","0","0","0","0","0","0","0","0","0","0","5","24","0","0","0","157","0","0","0","0","0","0","0","0","0","0","0","0","0","0","0","0","94"
"0x7ff32b5b1400","      F2FP.SATFINITE.E4M3.F32.PACK_AB_MERGE_C R22, R13, R12, RZ","18","0","18","1048576","33554432","33554432","32","32","0","0","0","-","-","-","0","0","0","0","0","0","0","0","-","0","0","0","0","0","0","0","0","0","0","0","0","0","0","0","0","0","0","18","0","0","0","0","0","0","0","0","0","0","0","0","0","0","0","0","0","0","0","0","0"
"0x7ff32b5b1410","      MUFU.EX2 R84, R84","222","126","222","1048576","33554432","33554432","32","32","0","0","0","-","-","-","0","0","0","0","0","0","0","0","-","0","0","0","0","0","0","0","0","0","0","0","0","0","0","0","0","0","4","21","0","0","0","197","0","0","0","0","0","0","0","0","0","0","0","0","0","0","0","0","126"
"0x7ff32b5b1420","      FMUL2 R8, R90.F32x2.HI_LO, 256","30","0","30","1048576","33554432","33554432","32","32","0","0","0","-","-","-","0","0","0","0","0","0","0","0","-","0","0","0","0","0","0","0","0","0","0","0","0","0","0","0","0","0","0","30","0","0","0","0","0","0","0","0","0","0","0","0","0","0","0","0","0","0","0","0","0"
"0x7ff32b5b1430","      MUFU.EX2 R85, R85","194","122","194","1048576","33554432","33554432","32","32","0","0","0","-","-","-","0","0","0","0","0","0","0","0","-","0","0","0","0","0","0","0","0","0","0","0","0","0","0","0","0","0","2","15","0","0","0","177","0","0","0","0","0","0","0","0","0","0","0","0","0","0","0","0","122"
"0x7ff32b5b1440","      F2FP.SATFINITE.E4M3.F32.PACK_AB_MERGE_C R27, R9, R8, RZ","31","0","31","1048576","33554432","33554432","32","32","0","0","0","-","-","-","0","0","0","0","0","0","0","0","-","0","0","0","0","0","0","0","0","0","0","0","0","0","0","0","0","0","0","31","0","0","0","0","0","0","0","0","0","0","0","0","0","0","0","0","0","0","0","0","0"
"0x7ff32b5b1450","      MUFU.EX2 R82, R82","217","127","217","1048576","33554432","33554432","32","32","0","0","0","-","-","-","0","0","0","0","0","0","0","0","-","0","0","0","0","0","0","0","0","0","0","0","0","0","0","0","0","0","6","24","0","0","0","187","0","0","0","0","0","0","0","0","0","0","0","0","0","0","0","0","127"
"0x7ff32b5b1460","      FMUL2 R12, R88.F32x2.HI_LO, 256","27","0","27","1048576","33554432","33554432","32","32","0","0","0","-","-","-","0","0","0","0","0","0","0","0","-","0","0","0","0","0","0","0","0","0","0","0","0","0","0","0","0","0","0","27","0","0","0","0","0","0","0","0","0","0","0","0","0","0","0","0","0","0","0","0","0"
"0x7ff32b5b1470","      MUFU.EX2 R83, R83","214","147","214","1048576","33554432","33554432","32","32","0","0","0","-","-","-","0","0","0","0","0","0","0","0","-","0","0","0","0","0","0","0","0","0","0","0","0","0","0","0","0","0","4","19","0","0","0","191","0","0","0","0","0","0","0","0","0","0","0","0","0","0","0","0","147"
"0x7ff32b5b1480","      F2FP.SATFINITE.E4M3.F32.PACK_AB_MERGE_C R24, R13, R12, RZ","30","0","30","1048576","33554432","33554432","32","32","0","0","0","-","-","-","0","0","0","0","0","0","0","0","-","0","0","0","0","0","0","0","0","0","0","0","0","0","0","0","0","0","0","30","0","0","0","0","0","0","0","0","0","0","0","0","0","0","0","0","0","0","0","0","0"
"0x7ff32b5b1490","      MUFU.EX2 R86, R86","191","116","191","1048576","33554432","33554432","32","32","0","0","0","-","-","-","0","0","0","0","0","0","0","0","-","0","0","0","0","0","0","0","0","0","0","0","0","0","0","0","0","0","0","20","0","0","0","171","0","0","0","0","0","0","0","0","0","0","0","0","0","0","0","0","116"
"0x7ff32b5b14a0","      FMUL2 R14, R84.F32x2.HI_LO, 256","13","0","13","1048576","33554432","33554432","32","32","0","0","0","-","-","-","0","0","0","0","0","0","0","0","-","0","0","0","0","0","0","0","0","0","0","0","0","0","0","0","0","0","0","13","0","0","0","0","0","0","0","0","0","0","0","0","0","0","0","0","0","0","0","0","0"
"0x7ff32b5b14b0","      MUFU.EX2 R87, R87","214","132","214","1048576","33554432","33554432","32","32","0","0","0","-","-","-","0","0","0","0","0","0","0","0","-","0","0","0","0","0","0","0","0","0","0","0","0","0","0","0","0","0","2","19","0","0","0","193","0","0","0","0","0","0","0","0","0","0","0","0","0","0","0","0","132"
"0x7ff32b5b14c0","      F2FP.SATFINITE.E4M3.F32.PACK_AB_MERGE_C R26, R15, R14, RZ","23","0","23","1048576","33554432","33554432","32","32","0","0","0","-","-","-","0","0","0","0","0","0","0","0","-","0","0","0","0","0","0","0","0","0","0","0","0","0","0","0","0","0","0","23","0","0","0","0","0","0","0","0","0","0","0","0","0","0","0","0","0","0","0","0","0"
"0x7ff32b5b14d0","      MUFU.EX2 R94, R94","204","130","204","1048576","33554432","33554432","32","32","0","0","0","-","-","-","0","0","0","0","0","0","0","0","-","0","0","0","0","0","0","0","0","0","0","0","0","0","0","0","0","0","0","20","0","0","0","184","0","0","0","0","0","0","0","0","0","0","0","0","0","0","0","0","130"
"0x7ff32b5b14e0","      FMUL2 R8, R82.F32x2.HI_LO, 256","19","0","19","1048576","33554432","33554432","32","32","0","0","0","-","-","-","0","0","0","0","0","0","0","0","-","0","0","0","0","0","0","0","0","0","0","0","0","0","0","0","0","0","0","19","0","0","0","0","0","0","0","0","0","0","0","0","0","0","0","0","0","0","0","0","0"
"0x7ff32b5b14f0","      MUFU.EX2 R95, R95","212","130","212","1048576","33554432","33554432","32","32","0","0","0","-","-","-","0","0","0","0","0","0","0","0","-","0","0","0","0","0","0","0","0","0","0","0","0","0","0","0","0","0","2","21","0","0","0","189","0","0","0","0","0","0","0","0","0","0","0","0","0","0","0","0","130"
"0x7ff32b5b1500","      F2FP.SATFINITE.E4M3.F32.PACK_AB_MERGE_C R28, R9, R8, RZ","19","0","19","1048576","33554432","33554432","32","32","0","0","0","-","-","-","0","0","0","0","0","0","0","0","-","0","0","0","0","0","0","0","0","0","0","0","0","0","0","0","0","0","0","19","0","0","0","0","0","0","0","0","0","0","0","0","0","0","0","0","0","0","0","0","0"
"0x7ff32b5b1510","      MUFU.EX2 R72, R56","200","122","200","1048576","33554432","33554432","32","32","0","0","0","-","-","-","0","0","0","0","0","0","0","0","-","0","0","0","0","0","0","0","0","0","0","0","0","0","0","0","0","0","3","17","0","0","0","180","0","0","0","0","0","0","0","0","0","0","0","0","0","0","0","0","122"
"0x7ff32b5b1520","      FMUL2 R12, R86.F32x2.HI_LO, 256","28","0","28","1048576","33554432","33554432","32","32","0","0","0","-","-","-","0","0","0","0","0","0","0","0","-","0","0","0","0","0","0","0","0","0","0","0","0","0","0","0","0","0","0","28","0","0","0","0","0","0","0","0","0","0","0","0","0","0","0","0","0","0","0","0","0"
"0x7ff32b5b1530","      MUFU.EX2 R73, R57","191","117","191","1048576","33554432","33554432","32","32","0","0","0","-","-","-","0","0","0","0","0","0","0","0","-","0","0","0","0","0","0","0","0","0","0","0","0","0","0","0","0","0","0","24","0","0","0","167","0","0","0","0","0","0","0","0","0","0","0","0","0","0","0","0","117"
"0x7ff32b5b1540","      F2FP.SATFINITE.E4M3.F32.PACK_AB_MERGE_C R29, R13, R12, RZ","17","0","17","1048576","33554432","33554432","32","32","0","0","0","-","-","-","0","0","0","0","0","0","0","0","-","0","0","0","0","0","0","0","0","0","0","0","0","0","0","0","0","0","0","17","0","0","0","0","0","0","0","0","0","0","0","0","0","0","0","0","0","0","0","0","0"
"0x7ff32b5b1550","      MUFU.EX2 R70, R70","211","131","211","1048576","33554432","33554432","32","32","0","0","0","-","-","-","0","0","0","0","0","0","0","0","-","0","0","0","0","0","0","0","0","0","0","0","0","0","0","0","0","0","0","32","0","0","0","179","0","0","0","0","0","0","0","0","0","0","0","0","0","0","0","0","131"
"0x7ff32b5b1560","      FMUL2 R14, R94.F32x2.HI_LO, 256","24","0","24","1048576","33554432","33554432","32","32","0","0","0","-","-","-","0","0","0","0","0","0","0","0","-","0","0","0","0","0","0","0","0","0","0","0","0","0","0","0","0","0","0","24","0","0","0","0","0","0","0","0","0","0","0","0","0","0","0","0","0","0","0","0","0"
"0x7ff32b5b1570","      MUFU.EX2 R71, R71","202","126","202","1048576","33554432","33554432","32","32","0","0","0","-","-","-","0","0","0","0","0","0","0","0","-","0","0","0","0","0","0","0","0","0","0","0","0","0","0","0","0","0","1","30","0","0","0","171","0","0","0","0","0","0","0","0","0","0","0","0","0","0","0","0","126"
"0x7ff32b5b1580","      F2FP.SATFINITE.E4M3.F32.PACK_AB_MERGE_C R31, R15, R14, RZ","16","0","16","1048576","33554432","33554432","32","32","0","0","0","-","-","-","0","0","0","0","0","0","0","0","-","0","0","0","0","0","0","0","0","0","0","0","0","0","0","0","0","0","0","16","0","0","0","0","0","0","0","0","0","0","0","0","0","0","0","0","0","0","0","0","0"
"0x7ff32b5b1590","      MUFU.EX2 R2, R2","189","116","189","1048576","33554432","33554432","32","32","0","0","0","-","-","-","0","0","0","0","0","0","0","0","-","0","0","0","0","0","0","0","0","0","0","0","0","0","0","0","0","0","1","19","0","0","0","169","0","0","0","0","0","0","0","0","0","0","0","0","0","0","0","0","116"
"0x7ff32b5b15a0","      FMUL2 R8, R72.F32x2.HI_LO, 256","26","0","26","1048576","33554432","33554432","32","32","0","0","0","-","-","-","0","0","0","0","0","0","0","0","-","0","0","0","0","0","0","0","0","0","0","0","0","0","0","0","0","0","0","26","0","0","0","0","0","0","0","0","0","0","0","0","0","0","0","0","0","0","0","0","0"
"0x7ff32b5b15b0","      MUFU.EX2 R3, R3","211","127","211","1048576","33554432","33554432","32","32","0","0","0","-","-","-","0","0","0","0","0","0","0","0","-","0","0","0","0","0","0","0","0","0","0","0","0","0","0","0","0","0","0","21","0","0","0","190","0","0","0","0","0","0","0","0","0","0","0","0","0","0","0","0","127"
"0x7ff32b5b15c0","      F2FP.SATFINITE.E4M3.F32.PACK_AB_MERGE_C R43, R9, R8, RZ","21","0","21","1048576","33554432","33554432","32","32","0","0","0","-","-","-","0","0","0","0","0","0","0","0","-","0","0","0","0","0","0","0","0","0","0","0","0","0","0","0","0","0","0","21","0","0","0","0","0","0","0","0","0","0","0","0","0","0","0","0","0","0","0","0","0"
"0x7ff32b5b15d0","      MUFU.EX2 R68, R68","182","101","182","1048576","33554432","33554432","32","32","0","0","0","-","-","-","0","0","0","0","0","0","0","0","-","0","0","0","0","0","0","0","0","0","0","0","0","0","0","0","0","0","0","23","0","0","0","159","0","0","0","0","0","0","0","0","0","0","0","0","0","0","0","0","101"
"0x7ff32b5b15e0","      PRMT R9, R31, 0x5410, R28","22","0","22","1048576","33554432","33554432","32","32","0","0","0","-","-","-","0","0","0","0","0","0","0","0","-","0","0","0","0","0","0","0","0","1","0","0","0","0","0","0","0","0","0","21","0","0","0","0","0","0","0","0","0","0","0","0","0","0","0","0","0","0","0","0","0"
"0x7ff32b5b15f0","      FMUL2 R12, R70.F32x2.HI_LO, 256","17","0","17","1048576","33554432","33554432","32","32","0","0","0","-","-","-","0","0","0","0","0","0","0","0","-","0","0","0","0","0","0","0","0","0","0","0","0","0","0","0","0","0","0","17","0","0","0","0","0","0","0","0","0","0","0","0","0","0","0","0","0","0","0","0","0"
"0x7ff32b5b1600","      MUFU.EX2 R69, R69","221","88","221","1048576","33554432","33554432","32","32","0","0","0","-","-","-","0","0","0","0","0","0","0","0","-","0","0","0","0","0","0","0","0","0","0","0","0","0","0","0","0","0","18","27","0","0","0","176","0","0","0","0","0","0","0","0","0","0","0","0","0","0","0","0","88"
"0x7ff32b5b1610","      FADD R8, R20, R23","32","0","32","1048576","33554432","33554432","32","32","0","0","0","-","-","-","0","0","0","0","0","0","0","0","-","0","0","0","0","0","0","0","0","7","0","0","0","0","0","0","0","0","0","25","0","0","0","0","0","0","0","0","0","0","0","0","0","0","0","0","0","0","0","0","0"
"0x7ff32b5b1620","      F2FP.SATFINITE.E4M3.F32.PACK_AB_MERGE_C R30, R13, R12, RZ","25","0","25","1048576","33554432","33554432","32","32","0","0","0","-","-","-","0","0","0","0","0","0","0","0","-","0","0","0","0","0","0","0","0","0","0","0","0","0","0","0","0","0","0","25","0","0","0","0","0","0","0","0","0","0","0","0","0","0","0","0","0","0","0","0","0"
"0x7ff32b5b1630","      MUFU.EX2 R80, R80","190","71","190","1048576","33554432","33554432","32","32","0","0","0","-","-","-","0","0","0","0","0","0","0","0","-","0","0","0","0","0","0","0","0","0","0","0","0","0","0","0","0","0","10","18","0","0","0","162","0","0","0","0","0","0","0","0","0","0","0","0","0","0","0","0","71"
"0x7ff32b5b1640","      PRMT R12, R48, 0x5410, R5","24","0","24","1048576","33554432","33554432","32","32","0","0","0","-","-","-","0","0","0","0","0","0","0","0","-","0","0","0","0","0","0","0","0","2","0","0","0","0","0","0","0","0","0","22","0","0","0","0","0","0","0","0","0","0","0","0","0","0","0","0","0","0","0","0","0"
"0x7ff32b5b1650","      FMUL2 R14, R2.F32x2.HI_LO, 256","19","0","19","1048576","33554432","33554432","32","32","0","0","0","-","-","-","0","0","0","0","0","0","0","0","-","0","0","0","0","0","0","0","0","0","0","0","0","0","0","0","0","0","0","19","0","0","0","0","0","0","0","0","0","0","0","0","0","0","0","0","0","0","0","0","0"
"0x7ff32b5b1660","      PRMT R13, R19, 0x5410, R18","15","0","15","1048576","33554432","33554432","32","32","0","0","0","-","-","-","0","0","0","0","0","0","0","0","-","0","0","0","0","0","0","0","0","0","0","0","0","0","0","0","0","0","0","15","0","0","0","0","0","0","0","0","0","0","0","0","0","0","0","0","0","0","0","0","0"
"0x7ff32b5b1670","      FADD R21, R21, R8","27","0","27","1048576","33554432","33554432","32","32","0","0","0","-","-","-","0","0","0","0","0","0","0","0","-","0","0","0","0","0","0","0","0","0","0","0","0","0","0","0","0","0","0","27","0","0","0","0","0","0","0","0","0","0","0","0","0","0","0","0","0","0","0","0","0"
"0x7ff32b5b1680","      PRMT R8, R29, 0x5410, R26","16","0","16","1048576","33554432","33554432","32","32","0","0","0","-","-","-","0","0","0","0","0","0","0","0","-","0","0","0","0","0","0","0","0","0","0","0","0","0","0","0","0","0","0","16","0","0","0","0","0","0","0","0","0","0","0","0","0","0","0","0","0","0","0","0","0"
"0x7ff32b5b1690","      F2FP.SATFINITE.E4M3.F32.PACK_AB_MERGE_C R20, R15, R14, RZ","143","44","143","1048576","33554432","33554432","32","32","0","0","0","-","-","-","0","0","0","0","0","0","0","0","-","0","0","0","0","0","0","0","0","21","0","0","0","35","0","0","0","0","31","26","0","0","0","30","0","0","15","0","0","0","15","0","0","0","0","0","0","0","0","0","14"
"0x7ff32b5b16a0","      FADD R10, R10, R21","19","0","19","1048576","33554432","33554432","32","32","0","0","0","-","-","-","0","0","0","0","0","0","0","0","-","0","0","0","0","0","0","0","0","1","0","0","0","0","0","0","0","0","0","18","0","0","0","0","0","0","0","0","0","0","0","0","0","0","0","0","0","0","0","0","0"
"0x7ff32b5b16b0","      PRMT R14, R25, 0x5410, R22","18","0","18","1048576","33554432","33554432","32","32","0","0","0","-","-","-","0","0","0","0","0","0","0","0","-","0","0","0","0","0","0","0","0","0","0","0","0","0","0","0","0","0","0","18","0","0","0","0","0","0","0","0","0","0","0","0","0","0","0","0","0","0","0","0","0"
"0x7ff32b5b16c0","      FMUL2 R16, R68.F32x2.HI_LO, 256","17","0","17","1048576","33554432","33554432","32","32","0","0","0","-","-","-","0","0","0","0","0","0","0","0","-","0","0","0","0","0","0","0","0","2","0","0","0","0","0","0","0","0","0","15","0","0","0","0","0","0","0","0","0","0","0","0","0","0","0","0","0","0","0","0","0"
"0x7ff32b5b16d0","      PRMT R15, R27, 0x5410, R24","24","0","24","1048576","33554432","33554432","32","32","0","0","0","-","-","-","0","0","0","0","0","0","0","0","-","0","0","0","0","0","0","0","0","0","0","0","0","0","0","0","0","0","0","24","0","0","0","0","0","0","0","0","0","0","0","0","0","0","0","0","0","0","0","0","0"
"0x7ff32b5b16e0","      FADD R5, R11, R10","21","0","21","1048576","33554432","33554432","32","32","0","0","0","-","-","-","0","0","0","0","0","0","0","0","-","0","0","0","0","0","0","0","0","1","0","0","0","0","0","0","0","0","0","20","0","0","0","0","0","0","0","0","0","0","0","0","0","0","0","0","0","0","0","0","0"
"0x7ff32b5b16f0","      PRMT R10, R43, 0x5410, R30","23","0","23","1048576","33554432","33554432","32","32","0","0","0","-","-","-","0","0","0","0","0","0","0","0","-","0","0","0","0","0","0","0","0","0","0","0","0","0","0","0","0","0","0","23","0","0","0","0","0","0","0","0","0","0","0","0","0","0","0","0","0","0","0","0","0"
"0x7ff32b5b1700","      FSETP.NEU.AND P0, PT, R80, 1, PT","183","42","183","1048576","33554432","33554432","32","32","0","0","0","-","-","-","0","0","0","0","0","0","0","0","-","0","0","0","0","0","0","0","0","11","0","0","0","72","0","0","0","0","61","21","2","0","0","16","0","0","10","0","0","0","23","0","0","0","0","0","0","0","0","0","9"
"0x7ff32b5b1710","      STS.128 [R104], R12","23","0","23","1048576","33554432","33554432","32","32","0","0","0","Shared","Store","128","0","4","0","4194304","4194304","0","0","0","-","0","0","0","0","0","0","0","0","1","0","0","0","0","0","0","0","0","0","22","0","0","0","0","0","0","0","0","0","0","0","0","0","0","0","0","0","0","0","0","0"
"0x7ff32b5b1720","      F2FP.SATFINITE.E4M3.F32.PACK_AB_MERGE_C R17, R17, R16, RZ","21","0","21","1048576","33554432","33554432","32","32","0","0","0","-","-","-","0","0","0","0","0","0","0","0","-","0","0","0","0","0","0","0","0","5","0","0","0","0","0","0","0","0","0","16","0","0","0","0","0","0","0","0","0","0","0","0","0","0","0","0","0","0","0","0","0"
"0x7ff32b5b1730","      FADD R6, R6, R5","25","0","25","1048576","33554432","33554432","32","32","0","0","0","-","-","-","0","0","0","0","0","0","0","0","-","0","0","0","0","0","0","0","0","1","0","0","0","0","0","0","0","0","0","24","0","0","0","0","0","0","0","0","0","0","0","0","0","0","0","0","0","0","0","0","0"
"0x7ff32b5b1740","      PRMT R11, R17, 0x5410, R20","119","10","119","1048576","33554432","33554432","32","32","0","0","0","-","-","-","0","0","0","0","0","0","0","0","-","0","0","0","0","0","0","0","0","4","0","0","0","23","0","0","0","0","26","21","0","0","0","45","0","0","1","0","0","0","7","0","0","0","0","0","0","0","0","0","2"
"0x7ff32b5b1750","      FADD R107, R7, R6","27","0","27","1048576","33554432","33554432","32","32","0","0","0","-","-","-","0","0","0","0","0","0","0","0","-","0","0","0","0","0","0","0","0","1","0","0","0","0","0","0","0","0","0","26","0","0","0","0","0","0","0","0","0","0","0","0","0","0","0","0","0","0","0","0","0"
"0x7ff32b5b1760","      STS.128 [R103], R8","109","42","109","1048576","33554432","33554432","32","32","0","0","0","Shared","Store","128","0","4","0","4194304","4194304","0","0","0","-","0","0","0","0","0","0","0","0","10","0","0","0","0","0","0","0","0","12","28","0","0","0","59","0","0","6","0","0","0","0","0","0","0","0","0","0","0","0","0","36"
"0x7ff32b5b1770","      VOTE.ALL P0, !P0","67","30","67","1048576","33554432","33554432","32","32","0","0","0","-","-","-","0","0","0","0","0","0","0","0","-","0","0","0","0","0","0","0","0","6","0","0","0","2","0","0","0","0","2","31","0","0","0","26","0","0","5","0","0","0","0","0","0","0","0","0","0","0","0","0","25"
"0x7ff32b5b1780","      ISETP.EQ.U32.OR P0, PT, RZ, UR34, P0","104","39","104","1048576","33554432","33554432","32","32","0","0","0","-","-","-","0","0","0","0","0","0","0","0","-","0","0","0","0","0","0","0","0","0","0","0","0","10","0","0","0","0","0","24","0","0","0","70","0","0","0","0","0","0","10","0","0","0","0","0","0","0","0","0","29"
"0x7ff32b5b1790","@!UPT UIADD3 URZ, UPT, UPT, URZ, URZ, URZ","247","188","247","1048576","33554432","0","32","0","32","32","0","-","-","-","0","0","0","0","0","0","0","0","-","0","0","0","0","0","0","0","0","0","0","0","0","0","0","0","0","0","16","15","0","0","0","216","0","0","0","0","0","0","0","0","0","0","0","0","0","0","0","0","188"
"0x7ff32b5b17a0","@P0   BRA 0x7ff32b5b1ca0","46","20","46","1048576","33554432","3352832","32","3","3","29","0","-","-","-","0","0","0","0","0","0","0","0","-","0","0","0","0","0","0","0","0","0","0","0","0","0","0","0","0","0","0","26","0","0","0","20","0","0","0","0","0","0","0","0","0","0","0","0","0","0","0","0","20"
"0x7ff32b5b17b0","      R2UR UR5, R105","146","64","146","943800","30201600","30201600","32","32","29","0","0","-","-","-","0","0","0","0","0","0","0","0","-","0","0","0","0","0","0","0","0","0","0","0","0","11","0","0","0","0","2","27","0","0","0","106","0","0","0","0","0","0","11","0","0","0","0","0","0","0","0","0","53"
"0x7ff32b5b17c0","      R2UR UR6, R105","30","19","30","943800","30201600","30201600","32","32","0","0","0","-","-","-","0","0","0","0","0","0","0","0","-","0","0","0","0","0","0","0","0","0","0","0","0","1","0","0","0","0","0","11","0","0","0","18","0","0","0","0","0","0","1","0","0","0","0","0","0","0","0","0","18"
"0x7ff32b5b17d0","      LDTM.x32 R36, tmem[UR5]","203","142","203","943800","30201600","30201600","32","32","0","0","0","Tmem","Load","-","0","0","0","0","0","0","0","0","-","0","0","0","0","0","0","0","0","0","0","0","0","0","0","0","0","0","0","19","0","0","0","184","0","0","0","0","0","0","0","0","0","0","0","0","0","0","0","0","142"
"0x7ff32b5b17e0","      NOP","16","0","16","943800","30201600","30201600","32","32","0","0","0","-","-","-","0","0","0","0","0","0","0","0","-","0","0","0","0","0","0","0","0","0","0","0","0","0","0","0","0","0","0","16","0","0","0","0","0","0","0","0","0","0","0","0","0","0","0","0","0","0","0","0","0"
"0x7ff32b5b17f0","      FMUL2 R36, R36.F32x2.HI_LO, R80.F32","763","561","763","943800","30201600","30201600","32","32","0","0","0","-","-","-","0","0","0","0","0","0","0","0","-","0","0","0","0","0","0","0","0","0","0","0","0","46","0","0","0","0","44","22","651","0","0","0","0","0","0","0","0","0","46","0","0","0","0","0","0","515","0","0","0"
"0x7ff32b5b1800","      FMUL2 R38, R38.F32x2.HI_LO, R80.F32","37","16","37","943800","30201600","30201600","32","32","0","0","0","-","-","-","0","0","0","0","0","0","0","0","-","0","0","0","0","0","0","0","0","0","0","0","0","0","0","0","0","0","1","20","0","0","0","16","0","0","0","0","0","0","0","0","0","0","0","0","0","0","0","0","16"
"0x7ff32b5b1810","      FMUL2 R40, R40.F32x2.HI_LO, R80.F32","54","12","54","943800","30201600","30201600","32","32","0","0","0","-","-","-","0","0","0","0","0","0","0","0","-","0","0","0","0","0","0","0","0","0","0","0","0","0","0","0","0","0","21","15","0","0","0","18","0","0","0","0","0","0","0","0","0","0","0","0","0","0","0","0","12"
"0x7ff32b5b1820","      FMUL2 R42, R42.F32x2.HI_LO, R80.F32","39","16","39","943800","30201600","30201600","32","32","0","0","0","-","-","-","0","0","0","0","0","0","0","0","-","0","0","0","0","0","0","0","0","0","0","0","0","0","0","0","0","0","0","20","0","0","0","19","0","0","0","0","0","0","0","0","0","0","0","0","0","0","0","0","16"
"0x7ff32b5b1830","      FMUL2 R44, R44.F32x2.HI_LO, R80.F32","28","14","28","943800","30201600","30201600","32","32","0","0","0","-","-","-","0","0","0","0","0","0","0","0","-","0","0","0","0","0","0","0","0","0","0","0","0","0","0","0","0","0","0","14","0","0","0","14","0","0","0","0","0","0","0","0","0","0","0","0","0","0","0","0","14"
"0x7ff32b5b1840","      FMUL2 R46, R46.F32x2.HI_LO, R80.F32","34","19","34","943800","30201600","30201600","32","32","0","0","0","-","-","-","0","0","0","0","0","0","0","0","-","0","0","0","0","0","0","0","0","0","0","0","0","0","0","0","0","0","0","15","0","0","0","19","0","0","0","0","0","0","0","0","0","0","0","0","0","0","0","0","19"
"0x7ff32b5b1850","      FMUL2 R48, R48.F32x2.HI_LO, R80.F32","196","21","196","943800","30201600","30201600","32","32","0","0","0","-","-","-","0","0","0","0","0","0","0","0","-","0","0","0","0","0","0","0","0","0","0","0","0","0","0","0","0","0","0","24","0","0","0","172","0","0","0","0","0","0","0","0","0","0","0","0","0","0","0","0","21"
"0x7ff32b5b1860","      FMUL2 R50, R50.F32x2.HI_LO, R80.F32","45","23","45","943800","30201600","30201600","32","32","0","0","0","-","-","-","0","0","0","0","0","0","0","0","-","0","0","0","0","0","0","0","0","0","0","0","0","0","0","0","0","0","0","22","0","0","0","23","0","0","0","0","0","0","0","0","0","0","0","0","0","0","0","0","23"
"0x7ff32b5b1870","      FMUL2 R52, R52.F32x2.HI_LO, R80.F32","38","16","38","943800","30201600","30201600","32","32","0","0","0","-","-","-","0","0","0","0","0","0","0","0","-","0","0","0","0","0","0","0","0","0","0","0","0","0","0","0","0","0","0","22","0","0","0","16","0","0","0","0","0","0","0","0","0","0","0","0","0","0","0","0","16"
"0x7ff32b5b1880","      FMUL2 R54, R54.F32x2.HI_LO, R80.F32","45","22","45","943800","30201600","30201600","32","32","0","0","0","-","-","-","0","0","0","0","0","0","0","0","-","0","0","0","0","0","0","0","0","0","0","0","0","0","0","0","0","0","0","23","0","0","0","22","0","0","0","0","0","0","0","0","0","0","0","0","0","0","0","0","22"
"0x7ff32b5b1890","      FMUL2 R56, R56.F32x2.HI_LO, R80.F32","35","19","35","943800","30201600","30201600","32","32","0","0","0","-","-","-","0","0","0","0","0","0","0","0","-","0","0","0","0","0","0","0","0","0","0","0","0","0","0","0","0","0","0","16","0","0","0","19","0","0","0","0","0","0","0","0","0","0","0","0","0","0","0","0","19"
"0x7ff32b5b18a0","      FMUL2 R58, R58.F32x2.HI_LO, R80.F32","40","19","40","943800","30201600","30201600","32","32","0","0","0","-","-","-","0","0","0","0","0","0","0","0","-","0","0","0","0","0","0","0","0","0","0","0","0","0","0","0","0","0","0","21","0","0","0","19","0","0","0","0","0","0","0","0","0","0","0","0","0","0","0","0","19"
"0x7ff32b5b18b0","      FMUL2 R60, R60.F32x2.HI_LO, R80.F32","29","9","29","943800","30201600","30201600","32","32","0","0","0","-","-","-","0","0","0","0","0","0","0","0","-","0","0","0","0","0","0","0","0","0","0","0","0","0","0","0","0","0","0","20","0","0","0","9","0","0","0","0","0","0","0","0","0","0","0","0","0","0","0","0","9"
"0x7ff32b5b18c0","      FMUL2 R62, R62.F32x2.HI_LO, R80.F32","38","21","38","943800","30201600","30201600","32","32","0","0","0","-","-","-","0","0","0","0","0","0","0","0","-","0","0","0","0","0","0","0","0","0","0","0","0","0","0","0","0","0","1","16","0","0","0","21","0","0","0","0","0","0","0","0","0","0","0","0","0","0","0","0","21"
"0x7ff32b5b18d0","      FMUL2 R64, R64.F32x2.HI_LO, R80.F32","41","20","41","943800","30201600","30201600","32","32","0","0","0","-","-","-","0","0","0","0","0","0","0","0","-","0","0","0","0","0","0","0","0","0","0","0","0","0","0","0","0","0","0","21","0","0","0","20","0","0","0","0","0","0","0","0","0","0","0","0","0","0","0","0","20"
"0x7ff32b5b18e0","      FMUL2 R66, R66.F32x2.HI_LO, R80.F32","31","13","31","943800","30201600","30201600","32","32","0","0","0","-","-","-","0","0","0","0","0","0","0","0","-","0","0","0","0","0","0","0","0","0","0","0","0","0","0","0","0","0","1","17","0","0","0","13","0","0","0","0","0","0","0","0","0","0","0","0","0","0","0","0","13"
"0x7ff32b5b18f0","      STTM.x32 tmem[UR6], R36","76","37","76","943800","30201600","30201600","32","32","0","0","0","Tmem","Store","-","0","0","0","0","0","0","0","0","-","0","0","0","0","0","0","0","0","0","0","0","0","0","0","0","0","0","15","17","0","0","0","44","0","0","0","0","0","0","0","0","0","0","0","0","0","0","0","0","37"
"0x7ff32b5b1900","      LDTM.x32 R4, tmem[UR5+0x20]","19","0","19","943800","30201600","30201600","32","32","0","0","0","Tmem","Load","-","0","0","0","0","0","0","0","0","-","0","0","0","0","0","0","0","0","0","0","0","0","0","0","0","0","0","0","19","0","0","0","0","0","0","0","0","0","0","0","0","0","0","0","0","0","0","0","0","0"
"0x7ff32b5b1910","      NOP","13","0","13","943800","30201600","30201600","32","32","0","0","0","-","-","-","0","0","0","0","0","0","0","0","-","0","0","0","0","0","0","0","0","0","0","0","0","0","0","0","0","0","0","13","0","0","0","0","0","0","0","0","0","0","0","0","0","0","0","0","0","0","0","0","0"
"0x7ff32b5b1920","      FMUL2 R4, R4.F32x2.HI_LO, R80.F32","1047","412","1047","943800","30201600","30201600","32","32","0","0","0","-","-","-","0","0","0","0","0","0","0","0","-","0","0","0","0","0","0","0","0","1","0","0","0","1","0","0","0","0","9","20","1016","0","0","0","0","0","1","0","0","0","1","0","0","0","0","0","0","410","0","0","0"
"0x7ff32b5b1930","      FMUL2 R6, R6.F32x2.HI_LO, R80.F32","42","19","42","943800","30201600","30201600","32","32","0","0","0","-","-","-","0","0","0","0","0","0","0","0","-","0","0","0","0","0","0","0","0","0","0","0","0","0","0","0","0","0","0","22","0","0","0","20","0","0","0","0","0","0","0","0","0","0","0","0","0","0","0","0","19"
"0x7ff32b5b1940","      FMUL2 R8, R8.F32x2.HI_LO, R80.F32","44","22","44","943800","30201600","30201600","32","32","0","0","0","-","-","-","0","0","0","0","0","0","0","0","-","0","0","0","0","0","0","0","0","1","0","0","0","0","0","0","0","0","1","20","0","0","0","22","0","0","0","0","0","0","0","0","0","0","0","0","0","0","0","0","22"
"0x7ff32b5b1950","      FMUL2 R10, R10.F32x2.HI_LO, R80.F32","170","21","170","943800","30201600","30201600","32","32","0","0","0","-","-","-","0","0","0","0","0","0","0","0","-","0","0","0","0","0","0","0","0","1","0","0","0","0","0","0","0","0","1","29","0","0","0","139","0","0","0","0","0","0","0","0","0","0","0","0","0","0","0","0","21"
"0x7ff32b5b1960","      FMUL2 R12, R12.F32x2.HI_LO, R80.F32","167","22","167","943800","30201600","30201600","32","32","0","0","0","-","-","-","0","0","0","0","0","0","0","0","-","0","0","0","0","0","0","0","0","0","0","0","0","0","0","0","0","0","0","19","0","0","0","148","0","0","0","0","0","0","0","0","0","0","0","0","0","0","0","0","22"
"0x7ff32b5b1970","      FMUL2 R14, R14.F32x2.HI_LO, R80.F32","34","20","34","943800","30201600","30201600","32","32","0","0","0","-","-","-","0","0","0","0","0","0","0","0","-","0","0","0","0","0","0","0","0","0","0","0","0","0","0","0","0","0","0","14","0","0","0","20","0","0","0","0","0","0","0","0","0","0","0","0","0","0","0","0","20"
"0x7ff32b5b1980","      FMUL2 R16, R16.F32x2.HI_LO, R80.F32","35","22","35","943800","30201600","30201600","32","32","0","0","0","-","-","-","0","0","0","0","0","0","0","0","-","0","0","0","0","0","0","0","0","0","0","0","0","0","0","0","0","0","0","13","0","0","0","22","0","0","0","0","0","0","0","0","0","0","0","0","0","0","0","0","22"
"0x7ff32b5b1990","      FMUL2 R18, R18.F32x2.HI_LO, R80.F32","39","13","39","943800","30201600","30201600","32","32","0","0","0","-","-","-","0","0","0","0","0","0","0","0","-","0","0","0","0","0","0","0","0","0","0","0","0","0","0","0","0","0","0","26","0","0","0","13","0","0","0","0","0","0","0","0","0","0","0","0","0","0","0","0","13"
"0x7ff32b5b19a0","      FMUL2 R20, R20.F32x2.HI_LO, R80.F32","38","18","38","943800","30201600","30201600","32","32","0","0","0","-","-","-","0","0","0","0","0","0","0","0","-","0","0","0","0","0","0","0","0","0","0","0","0","0","0","0","0","0","1","19","0","0","0","18","0","0","0","0","0","0","0","0","0","0","0","0","0","0","0","0","18"
"0x7ff32b5b19b0","      FMUL2 R22, R22.F32x2.HI_LO, R80.F32","45","21","45","943800","30201600","30201600","32","32","0","0","0","-","-","-","0","0","0","0","0","0","0","0","-","0","0","0","0","0","0","0","0","0","0","0","0","0","0","0","0","0","0","24","0","0","0","21","0","0","0","0","0","0","0","0","0","0","0","0","0","0","0","0","21"
"0x7ff32b5b19c0","      FMUL2 R24, R24.F32x2.HI_LO, R80.F32","35","21","35","943800","30201600","30201600","32","32","0","0","0","-","-","-","0","0","0","0","0","0","0","0","-","0","0","0","0","0","0","0","0","0","0","0","0","0","0","0","0","0","0","14","0","0","0","21","0","0","0","0","0","0","0","0","0","0","0","0","0","0","0","0","21"
"0x7ff32b5b19d0","      FMUL2 R26, R26.F32x2.HI_LO, R80.F32","39","21","39","943800","30201600","30201600","32","32","0","0","0","-","-","-","0","0","0","0","0","0","0","0","-","0","0","0","0","0","0","0","0","0","0","0","0","0","0","0","0","0","0","18","0","0","0","21","0","0","0","0","0","0","0","0","0","0","0","0","0","0","0","0","21"
"0x7ff32b5b19e0","      FMUL2 R28, R28.F32x2.HI_LO, R80.F32","40","21","40","943800","30201600","30201600","32","32","0","0","0","-","-","-","0","0","0","0","0","0","0","0","-","0","0","0","0","0","0","0","0","0","0","0","0","0","0","0","0","0","0","19","0","0","0","21","0","0","0","0","0","0","0","0","0","0","0","0","0","0","0","0","21"
"0x7ff32b5b19f0","      FMUL2 R30, R30.F32x2.HI_LO, R80.F32","34","14","34","943800","30201600","30201600","32","32","0","0","0","-","-","-","0","0","0","0","0","0","0","0","-","0","0","0","0","0","0","0","0","0","0","0","0","0","0","0","0","0","0","20","0","0","0","14","0","0","0","0","0","0","0","0","0","0","0","0","0","0","0","0","14"
"0x7ff32b5b1a00","      FMUL2 R32, R32.F32x2.HI_LO, R80.F32","35","15","35","943800","30201600","30201600","32","32","0","0","0","-","-","-","0","0","0","0","0","0","0","0","-","0","0","0","0","0","0","0","0","0","0","0","0","0","0","0","0","0","0","20","0","0","0","15","0","0","0","0","0","0","0","0","0","0","0","0","0","0","0","0","15"
"0x7ff32b5b1a10","      FMUL2 R34, R34.F32x2.HI_LO, R80.F32","27","13","27","943800","30201600","30201600","32","32","0","0","0","-","-","-","0","0","0","0","0","0","0","0","-","0","0","0","0","0","0","0","0","0","0","0","0","0","0","0","0","0","0","14","0","0","0","13","0","0","0","0","0","0","0","0","0","0","0","0","0","0","0","0","13"
"0x7ff32b5b1a20","      STTM.x32 tmem[UR6+0x20], R4","71","54","71","943800","30201600","30201600","32","32","0","0","0","Tmem","Store","-","0","0","0","0","0","0","0","0","-","0","0","0","0","0","0","0","0","0","0","0","0","0","0","0","0","0","0","17","0","0","0","54","0","0","0","0","0","0","0","0","0","0","0","0","0","0","0","0","54"
"0x7ff32b5b1a30","      LDTM.x32 R36, tmem[UR5+0x40]","17","0","17","943800","30201600","30201600","32","32","0","0","0","Tmem","Load","-","0","0","0","0","0","0","0","0","-","0","0","0","0","0","0","0","0","0","0","0","0","0","0","0","0","0","0","17","0","0","0","0","0","0","0","0","0","0","0","0","0","0","0","0","0","0","0","0","0"
"0x7ff32b5b1a40","      NOP","19","0","19","943800","30201600","30201600","32","32","0","0","0","-","-","-","0","0","0","0","0","0","0","0","-","0","0","0","0","0","0","0","0","0","0","0","0","0","0","0","0","0","0","19","0","0","0","0","0","0","0","0","0","0","0","0","0","0","0","0","0","0","0","0","0"
"0x7ff32b5b1a50","      FMUL2 R36, R36.F32x2.HI_LO, R80.F32","1107","431","1107","943800","30201600","30201600","32","32","0","0","0","-","-","-","0","0","0","0","0","0","0","0","-","0","0","0","0","0","0","0","0","0","0","0","0","0","0","0","0","0","9","17","1081","0","0","0","0","0","0","0","0","0","0","0","0","0","0","0","0","431","0","0","0"
"0x7ff32b5b1a60","      FMUL2 R38, R38.F32x2.HI_LO, R80.F32","37","16","37","943800","30201600","30201600","32","32","0","0","0","-","-","-","0","0","0","0","0","0","0","0","-","0","0","0","0","0","0","0","0","0","0","0","0","0","0","0","0","0","0","21","0","0","0","16","0","0","0","0","0","0","0","0","0","0","0","0","0","0","0","0","16"
"0x7ff32b5b1a70","      FMUL2 R40, R40.F32x2.HI_LO, R80.F32","33","18","33","943800","30201600","30201600","32","32","0","0","0","-","-","-","0","0","0","0","0","0","0","0","-","0","0","0","0","0","0","0","0","0","0","0","0","0","0","0","0","0","0","15","0","0","0","18","0","0","0","0","0","0","0","0","0","0","0","0","0","0","0","0","18"
"0x7ff32b5b1a80","      FMUL2 R42, R42.F32x2.HI_LO, R80.F32","188","15","188","943800","30201600","30201600","32","32","0","0","0","-","-","-","0","0","0","0","0","0","0","0","-","0","0","0","0","0","0","0","0","0","0","0","0","0","0","0","0","0","0","20","0","0","0","168","0","0","0","0","0","0","0","0","0","0","0","0","0","0","0","0","15"
"0x7ff32b5b1a90","      FMUL2 R44, R44.F32x2.HI_LO, R80.F32","169","19","169","943800","30201600","30201600","32","32","0","0","0","-","-","-","0","0","0","0","0","0","0","0","-","0","0","0","0","0","0","0","0","0","0","0","0","0","0","0","0","0","0","22","0","0","0","147","0","0","0","0","0","0","0","0","0","0","0","0","0","0","0","0","19"
"0x7ff32b5b1aa0","      FMUL2 R46, R46.F32x2.HI_LO, R80.F32","59","24","59","943800","30201600","30201600","32","32","0","0","0","-","-","-","0","0","0","0","0","0","0","0","-","0","0","0","0","0","0","0","0","0","0","0","0","0","0","0","0","0","0","35","0","0","0","24","0","0","0","0","0","0","0","0","0","0","0","0","0","0","0","0","24"
"0x7ff32b5b1ab0","      FMUL2 R48, R48.F32x2.HI_LO, R80.F32","46","23","46","943800","30201600","30201600","32","32","0","0","0","-","-","-","0","0","0","0","0","0","0","0","-","0","0","0","0","0","0","0","0","0","0","0","0","0","0","0","0","0","0","23","0","0","0","23","0","0","0","0","0","0","0","0","0","0","0","0","0","0","0","0","23"
"0x7ff32b5b1ac0","      FMUL2 R50, R50.F32x2.HI_LO, R80.F32","42","20","42","943800","30201600","30201600","32","32","0","0","0","-","-","-","0","0","0","0","0","0","0","0","-","0","0","0","0","0","0","0","0","0","0","0","0","0","0","0","0","0","0","22","0","0","0","20","0","0","0","0","0","0","0","0","0","0","0","0","0","0","0","0","20"
"0x7ff32b5b1ad0","      FMUL2 R52, R52.F32x2.HI_LO, R80.F32","38","20","38","943800","30201600","30201600","32","32","0","0","0","-","-","-","0","0","0","0","0","0","0","0","-","0","0","0","0","0","0","0","0","0","0","0","0","0","0","0","0","0","0","18","0","0","0","20","0","0","0","0","0","0","0","0","0","0","0","0","0","0","0","0","20"
"0x7ff32b5b1ae0","      FMUL2 R54, R54.F32x2.HI_LO, R80.F32","40","19","40","943800","30201600","30201600","32","32","0","0","0","-","-","-","0","0","0","0","0","0","0","0","-","0","0","0","0","0","0","0","0","0","0","0","0","0","0","0","0","0","0","21","0","0","0","19","0","0","0","0","0","0","0","0","0","0","0","0","0","0","0","0","19"
"0x7ff32b5b1af0","      FMUL2 R56, R56.F32x2.HI_LO, R80.F32","36","18","36","943800","30201600","30201600","32","32","0","0","0","-","-","-","0","0","0","0","0","0","0","0","-","0","0","0","0","0","0","0","0","0","0","0","0","0","0","0","0","0","0","18","0","0","0","18","0","0","0","0","0","0","0","0","0","0","0","0","0","0","0","0","18"
"0x7ff32b5b1b00","      FMUL2 R58, R58.F32x2.HI_LO, R80.F32","44","19","44","943800","30201600","30201600","32","32","0","0","0","-","-","-","0","0","0","0","0","0","0","0","-","0","0","0","0","0","0","0","0","0","0","0","0","0","0","0","0","0","0","25","0","0","0","19","0","0","0","0","0","0","0","0","0","0","0","0","0","0","0","0","19"
"0x7ff32b5b1b10","      FMUL2 R60, R60.F32x2.HI_LO, R80.F32","29","17","29","943800","30201600","30201600","32","32","0","0","0","-","-","-","0","0","0","0","0","0","0","0","-","0","0","0","0","0","0","0","0","0","0","0","0","0","0","0","0","0","0","12","0","0","0","17","0","0","0","0","0","0","0","0","0","0","0","0","0","0","0","0","17"
"0x7ff32b5b1b20","      FMUL2 R62, R62.F32x2.HI_LO, R80.F32","30","11","30","943800","30201600","30201600","32","32","0","0","0","-","-","-","0","0","0","0","0","0","0","0","-","0","0","0","0","0","0","0","0","0","0","0","0","0","0","0","0","0","0","19","0","0","0","11","0","0","0","0","0","0","0","0","0","0","0","0","0","0","0","0","11"
"0x7ff32b5b1b30","      FMUL2 R64, R64.F32x2.HI_LO, R80.F32","28","13","28","943800","30201600","30201600","32","32","0","0","0","-","-","-","0","0","0","0","0","0","0","0","-","0","0","0","0","0","0","0","0","0","0","0","0","0","0","0","0","0","0","15","0","0","0","13","0","0","0","0","0","0","0","0","0","0","0","0","0","0","0","0","13"
"0x7ff32b5b1b40","      FMUL2 R66, R66.F32x2.HI_LO, R80.F32","48","25","48","943800","30201600","30201600","32","32","0","0","0","-","-","-","0","0","0","0","0","0","0","0","-","0","0","0","0","0","0","0","0","0","0","0","0","0","0","0","0","0","0","23","0","0","0","25","0","0","0","0","0","0","0","0","0","0","0","0","0","0","0","0","25"
"0x7ff32b5b1b50","      STTM.x32 tmem[UR6+0x40], R36","78","58","78","943800","30201600","30201600","32","32","0","0","0","Tmem","Store","-","0","0","0","0","0","0","0","0","-","0","0","0","0","0","0","0","0","0","0","0","0","0","0","0","0","0","0","20","0","0","0","58","0","0","0","0","0","0","0","0","0","0","0","0","0","0","0","0","58"
"0x7ff32b5b1b60","      LDTM.x32 R4, tmem[UR5+0x60]","15","0","15","943800","30201600","30201600","32","32","0","0","0","Tmem","Load","-","0","0","0","0","0","0","0","0","-","0","0","0","0","0","0","0","0","0","0","0","0","0","0","0","0","0","0","15","0","0","0","0","0","0","0","0","0","0","0","0","0","0","0","0","0","0","0","0","0"
"0x7ff32b5b1b70","      NOP","20","0","20","943800","30201600","30201600","32","32","0","0","0","-","-","-","0","0","0","0","0","0","0","0","-","0","0","0","0","0","0","0","0","0","0","0","0","0","0","0","0","0","0","20","0","0","0","0","0","0","0","0","0","0","0","0","0","0","0","0","0","0","0","0","0"
"0x7ff32b5b1b80","      FMUL2 R4, R4.F32x2.HI_LO, R80.F32","1100","425","1100","943800","30201600","30201600","32","32","0","0","0","-","-","-","0","0","0","0","0","0","0","0","-","0","0","0","0","0","0","0","0","0","0","0","0","0","0","0","0","0","0","16","1084","0","0","0","0","0","0","0","0","0","0","0","0","0","0","0","0","425","0","0","0"
"0x7ff32b5b1b90","      FMUL2 R6, R6.F32x2.HI_LO, R80.F32","47","19","47","943800","30201600","30201600","32","32","0","0","0","-","-","-","0","0","0","0","0","0","0","0","-","0","0","0","0","0","0","0","0","0","0","0","0","0","0","0","0","0","0","28","0","0","0","19","0","0","0","0","0","0","0","0","0","0","0","0","0","0","0","0","19"
"0x7ff32b5b1ba0","      FMUL2 R8, R8.F32x2.HI_LO, R80.F32","33","13","33","943800","30201600","30201600","32","32","0","0","0","-","-","-","0","0","0","0","0","0","0","0","-","0","0","0","0","0","0","0","0","0","0","0","0","0","0","0","0","0","0","20","0","0","0","13","0","0","0","0","0","0","0","0","0","0","0","0","0","0","0","0","13"
"0x7ff32b5b1bb0","      FMUL2 R10, R10.F32x2.HI_LO, R80.F32","162","13","162","943800","30201600","30201600","32","32","0","0","0","-","-","-","0","0","0","0","0","0","0","0","-","0","0","0","0","0","0","0","0","0","0","0","0","0","0","0","0","0","0","19","0","0","0","143","0","0","0","0","0","0","0","0","0","0","0","0","0","0","0","0","13"
"0x7ff32b5b1bc0","      FMUL2 R12, R12.F32x2.HI_LO, R80.F32","206","16","206","943800","30201600","30201600","32","32","0","0","0","-","-","-","0","0","0","0","0","0","0","0","-","0","0","0","0","0","0","0","0","0","0","0","0","1","0","0","0","0","0","19","0","0","0","186","0","0","0","0","0","0","1","0","0","0","0","0","0","0","0","0","15"
"0x7ff32b5b1bd0","      FMUL2 R14, R14.F32x2.HI_LO, R80.F32","41","20","41","943800","30201600","30201600","32","32","0","0","0","-","-","-","0","0","0","0","0","0","0","0","-","0","0","0","0","0","0","0","0","0","0","0","0","0","0","0","0","0","1","20","0","0","0","20","0","0","0","0","0","0","0","0","0","0","0","0","0","0","0","0","20"
"0x7ff32b5b1be0","      FMUL2 R16, R16.F32x2.HI_LO, R80.F32","94","27","94","943800","30201600","30201600","32","32","0","0","0","-","-","-","0","0","0","0","0","0","0","0","-","0","0","0","0","0","0","0","0","0","0","0","0","19","0","0","0","0","32","29","0","0","0","14","0","0","0","0","0","0","19","0","0","0","0","0","0","0","0","0","8"
"0x7ff32b5b1bf0","      FMUL2 R18, R18.F32x2.HI_LO, R80.F32","65","24","65","943800","30201600","30201600","32","32","0","0","0","-","-","-","0","0","0","0","0","0","0","0","-","0","0","0","0","0","0","0","0","0","0","0","0","11","0","0","0","0","12","21","0","0","0","21","0","0","0","0","0","0","11","0","0","0","0","0","0","0","0","0","13"
"0x7ff32b5b1c00","      FMUL2 R20, R20.F32x2.HI_LO, R80.F32","40","21","40","943800","30201600","30201600","32","32","0","0","0","-","-","-","0","0","0","0","0","0","0","0","-","0","0","0","0","0","0","0","0","0","0","0","0","0","0","0","0","0","0","19","0","0","0","21","0","0","0","0","0","0","0","0","0","0","0","0","0","0","0","0","21"
"0x7ff32b5b1c10","      FMUL2 R22, R22.F32x2.HI_LO, R80.F32","35","13","35","943800","30201600","30201600","32","32","0","0","0","-","-","-","0","0","0","0","0","0","0","0","-","0","0","0","0","0","0","0","0","0","0","0","0","0","0","0","0","0","0","22","0","0","0","13","0","0","0","0","0","0","0","0","0","0","0","0","0","0","0","0","13"
"0x7ff32b5b1c20","      FMUL2 R24, R24.F32x2.HI_LO, R80.F32","40","16","40","943800","30201600","30201600","32","32","0","0","0","-","-","-","0","0","0","0","0","0","0","0","-","0","0","0","0","0","0","0","0","0","0","0","0","0","0","0","0","0","0","24","0","0","0","16","0","0","0","0","0","0","0","0","0","0","0","0","0","0","0","0","16"
"0x7ff32b5b1c30","      FMUL2 R26, R26.F32x2.HI_LO, R80.F32","34","16","34","943800","30201600","30201600","32","32","0","0","0","-","-","-","0","0","0","0","0","0","0","0","-","0","0","0","0","0","0","0","0","0","0","0","0","0","0","0","0","0","0","18","0","0","0","16","0","0","0","0","0","0","0","0","0","0","0","0","0","0","0","0","16"
"0x7ff32b5b1c40","      FMUL2 R28, R28.F32x2.HI_LO, R80.F32","34","18","34","943800","30201600","30201600","32","32","0","0","0","-","-","-","0","0","0","0","0","0","0","0","-","0","0","0","0","0","0","0","0","0","0","0","0","0","0","0","0","0","0","16","0","0","0","18","0","0","0","0","0","0","0","0","0","0","0","0","0","0","0","0","18"
"0x7ff32b5b1c50","      FMUL2 R30, R30.F32x2.HI_LO, R80.F32","44","20","44","943800","30201600","30201600","32","32","0","0","0","-","-","-","0","0","0","0","0","0","0","0","-","0","0","0","0","0","0","0","0","0","0","0","0","0","0","0","0","0","0","24","0","0","0","20","0","0","0","0","0","0","0","0","0","0","0","0","0","0","0","0","20"
"0x7ff32b5b1c60","      FMUL2 R32, R32.F32x2.HI_LO, R80.F32","35","19","35","943800","30201600","30201600","32","32","0","0","0","-","-","-","0","0","0","0","0","0","0","0","-","0","0","0","0","0","0","0","0","0","0","0","0","0","0","0","0","0","0","16","0","0","0","19","0","0","0","0","0","0","0","0","0","0","0","0","0","0","0","0","19"
"0x7ff32b5b1c70","      FMUL2 R34, R34.F32x2.HI_LO, R80.F32","35","17","35","943800","30201600","30201600","32","32","0","0","0","-","-","-","0","0","0","0","0","0","0","0","-","0","0","0","0","0","0","0","0","0","0","0","0","0","0","0","0","0","0","18","0","0","0","17","0","0","0","0","0","0","0","0","0","0","0","0","0","0","0","0","17"
"0x7ff32b5b1c80","      STTM.x32 tmem[UR5+0x60], R4","74","61","74","943800","30201600","30201600","32","32","0","0","0","Tmem","Store","-","0","0","0","0","0","0","0","0","-","0","0","0","0","0","0","0","0","0","0","0","0","0","0","0","0","0","0","13","0","0","0","61","0","0","0","0","0","0","0","0","0","0","0","0","0","0","0","0","61"
"0x7ff32b5b1c90","      FENCE.VIEW.ASYNC.T","13","0","13","943800","30201600","30201600","32","32","0","0","0","-","-","-","0","0","0","0","0","0","0","0","-","0","0","0","0","0","0","0","0","0","0","0","0","0","0","0","0","0","0","13","0","0","0","0","0","0","0","0","0","0","0","0","0","0","0","0","0","0","0","0","0"
"0x7ff32b5b1ca0","      NOP","542","316","542","1048576","33554432","33554432","32","32","0","0","0","-","-","-","0","0","0","0","0","0","0","0","-","0","0","0","0","0","0","0","10","0","0","0","0","0","0","0","0","37","9","23","442","0","0","21","0","10","0","0","0","0","0","0","0","0","30","0","0","263","0","0","13"
"0x7ff32b5b1cb0","      BAR.SYNC.DEFER_BLOCKING 0x1, 0x100","20","0","20","1048576","33554432","33554432","32","32","0","0","0","-","-","-","0","0","0","0","0","0","0","0","-","0","0","0","0","0","0","0","0","0","0","0","0","0","0","0","0","0","0","20","0","0","0","0","0","0","0","0","0","0","0","0","0","0","0","0","0","0","0","0","0"
"0x7ff32b5b1cc0","      HFMA2 R4, -RZ, RZ, 0, 5.9604644775390625e-08","24","0","24","1048576","33554432","33554432","32","32","0","0","0","-","-","-","0","0","0","0","0","0","0","0","-","0","0","0","0","0","0","0","0","0","0","0","0","0","0","0","0","0","0","24","0","0","0","0","0","0","0","0","0","0","0","0","0","0","0","0","0","0","0","0","0"
"0x7ff32b5b1cd0","      FADD R92, R92, R107","48","24","48","1048576","33554432","33554432","32","32","0","0","0","-","-","-","0","0","0","0","0","0","0","0","-","0","0","0","0","0","0","0","0","0","0","0","0","0","0","0","0","0","1","22","0","0","0","25","0","0","0","0","0","0","0","0","0","0","0","0","0","0","0","0","24"
"0x7ff32b5b1ce0","      SHF.L.U32 R4, R4, 0x1f, RZ","55","28","55","1048576","33554432","33554432","32","32","0","0","0","-","-","-","0","0","0","0","0","0","0","0","-","0","0","0","0","0","0","0","0","0","0","0","0","0","0","0","0","0","1","17","0","0","0","37","0","0","0","0","0","0","0","0","0","0","0","0","0","0","0","0","28"
"0x7ff32b5b1cf0","      FADD R93, R93, R92","17","0","17","1048576","33554432","33554432","32","32","0","0","0","-","-","-","0","0","0","0","0","0","0","0","-","0","0","0","0","0","0","0","0","0","0","0","0","0","0","0","0","0","0","17","0","0","0","0","0","0","0","0","0","0","0","0","0","0","0","0","0","0","0","0","0"
"0x7ff32b5b1d00","      NOP","1503","1248","1503","1048576","33554432","33554432","32","32","0","0","0","-","-","-","0","0","0","0","0","0","0","0","-","0","0","0","0","0","0","1403","0","0","0","0","0","0","0","0","0","9","67","24","0","0","0","0","1242","0","0","0","0","0","0","0","0","0","6","0","0","0","0","0","0"
"0x7ff32b5b1d10","@!PT  LDS RZ, [RZ]","27","0","27","1048576","33554432","0","32","0","32","32","0","","Load","32","0","0","0","0","0","0","0","0","-","0","0","0","0","0","0","0","0","0","0","0","0","0","0","0","0","0","0","27","0","0","0","0","0","0","0","0","0","0","0","0","0","0","0","0","0","0","0","0","0"
"0x7ff32b5b1d20","@!PT  LDS RZ, [RZ]","24","0","24","1048576","33554432","0","32","0","0","32","0","","Load","32","0","0","0","0","0","0","0","0","-","0","0","0","0","0","0","0","0","0","0","0","0","0","0","0","0","0","0","24","0","0","0","0","0","0","0","0","0","0","0","0","0","0","0","0","0","0","0","0","0"
"0x7ff32b5b1d30","@!PT  LDS RZ, [RZ]","35","0","35","1048576","33554432","0","32","0","0","32","0","","Load","32","0","0","0","0","0","0","0","0","-","0","0","0","0","0","0","0","0","0","0","0","0","0","0","0","0","0","0","35","0","0","0","0","0","0","0","0","0","0","0","0","0","0","0","0","0","0","0","0","0"
"0x7ff32b5b1d40","@!PT  LDS RZ, [RZ]","30","0","30","1048576","33554432","0","32","0","0","32","0","","Load","32","0","0","0","0","0","0","0","0","-","0","0","0","0","0","0","0","0","0","0","0","0","0","0","0","0","0","0","30","0","0","0","0","0","0","0","0","0","0","0","0","0","0","0","0","0","0","0","0","0"
"0x7ff32b5b1d50","      MEMBAR.ALL.CTA","22","0","22","1048576","33554432","33554432","32","32","32","0","0","-","-","-","0","0","0","0","0","0","0","0","-","0","0","0","0","0","0","0","0","0","0","0","0","0","0","0","0","0","0","22","0","0","0","0","0","0","0","0","0","0","0","0","0","0","0","0","0","0","0","0","0"
"0x7ff32b5b1d60","      FENCE.VIEW.ASYNC.S","510","369","510","1048576","33554432","33554432","32","32","0","0","0","-","-","-","0","0","0","0","0","0","0","0","-","0","0","0","0","0","0","0","0","3","0","0","368","0","0","0","0","0","0","29","0","0","0","110","0","0","0","0","0","318","0","0","0","0","0","0","0","0","0","0","51"
"0x7ff32b5b1d70","      BRA.U UP1, 0x7ff32b5b1f50","16","0","16","1048576","33554432","33554432","32","32","0","0","0","-","-","-","0","0","0","0","0","0","0","0","-","0","0","0","0","0","0","0","0","0","0","0","0","0","0","0","0","0","0","16","0","0","0","0","0","0","0","0","0","0","0","0","0","0","0","0","0","0","0","0","0"
"0x7ff32b5b1d80","      USHF.R.U32.HI UR8, URZ, 0x4, UR36","112","82","112","131072","4194304","4194304","32","32","0","0","0","-","-","-","0","0","0","0","0","0","0","0","-","0","0","0","0","0","0","0","0","0","0","0","0","0","0","0","0","0","0","22","0","0","0","90","0","0","0","0","0","0","0","0","0","0","0","0","0","0","0","0","82"
"0x7ff32b5b1d90","      UISETP.NE.U32.AND UP0, UPT, UR34, URZ, UPT","6","4","6","131072","4194304","4194304","32","32","0","0","0","-","-","-","0","0","0","0","0","0","0","0","-","0","0","0","0","0","0","0","0","0","0","0","0","0","0","0","0","0","0","2","0","0","0","4","0","0","0","0","0","0","0","0","0","0","0","0","0","0","0","0","4"
"0x7ff32b5b1da0","      UMOV UR23, 0x40004040","3","0","3","131072","4194304","4194304","32","32","0","0","0","-","-","-","0","0","0","0","0","0","0","0","-","0","0","0","0","0","0","0","0","0","0","0","0","0","0","0","0","0","0","3","0","0","0","0","0","0","0","0","0","0","0","0","0","0","0","0","0","0","0","0","0"
"0x7ff32b5b1db0","      UMOV UR21, 0x40004040","1","0","1","131072","4194304","4194304","32","32","0","0","0","-","-","-","0","0","0","0","0","0","0","0","-","0","0","0","0","0","0","0","0","0","0","0","0","0","0","0","0","0","0","1","0","0","0","0","0","0","0","0","0","0","0","0","0","0","0","0","0","0","0","0","0"
"0x7ff32b5b1dc0","      UMOV UR19, 0x40004040","1","0","1","131072","4194304","4194304","32","32","0","0","0","-","-","-","0","0","0","0","0","0","0","0","-","0","0","0","0","0","0","0","0","0","0","0","0","0","0","0","0","0","0","1","0","0","0","0","0","0","0","0","0","0","0","0","0","0","0","0","0","0","0","0","0"
"0x7ff32b5b1dd0","      UMOV UR17, 0x40004040","2","0","2","131072","4194304","4194304","32","32","0","0","0","-","-","-","0","0","0","0","0","0","0","0","-","0","0","0","0","0","0","0","0","0","0","0","0","0","0","0","0","0","0","2","0","0","0","0","0","0","0","0","0","0","0","0","0","0","0","0","0","0","0","0","0"
"0x7ff32b5b1de0","      UMOV UR15, 0x40004040","2","0","2","131072","4194304","4194304","32","32","0","0","0","-","-","-","0","0","0","0","0","0","0","0","-","0","0","0","0","0","0","0","0","0","0","0","0","0","0","0","0","0","0","2","0","0","0","0","0","0","0","0","0","0","0","0","0","0","0","0","0","0","0","0","0"
"0x7ff32b5b1df0","      UMOV UR13, 0x40004040","1","0","1","131072","4194304","4194304","32","32","0","0","0","-","-","-","0","0","0","0","0","0","0","0","-","0","0","0","0","0","0","0","0","0","0","0","0","0","0","0","0","0","0","1","0","0","0","0","0","0","0","0","0","0","0","0","0","0","0","0","0","0","0","0","0"
"0x7ff32b5b1e00","      UMOV UR11, 0x40004040","0","0","0","131072","4194304","4194304","32","32","0","0","0","-","-","-","0","0","0","0","0","0","0","0","-","0","0","0","0","0","0","0","0","0","0","0","0","0","0","0","0","0","0","0","0","0","0","0","0","0","0","0","0","0","0","0","0","0","0","0","0","0","0","0","0"
"0x7ff32b5b1e10","      UMOV UR9, 0x3fff","2","0","2","131072","4194304","4194304","32","32","0","0","0","-","-","-","0","0","0","0","0","0","0","0","-","0","0","0","0","0","0","0","0","0","0","0","0","0","0","0","0","0","0","2","0","0","0","0","0","0","0","0","0","0","0","0","0","0","0","0","0","0","0","0","0"
"0x7ff32b5b1e20","      ULOP3.LUT UR8, UR8, 0x4000000, UR9, 0xec, !UPT","15","0","15","131072","4194304","4194304","32","32","0","0","0","-","-","-","0","0","0","0","0","0","0","0","-","0","0","0","0","0","0","0","0","0","0","0","0","0","0","0","0","0","3","6","0","0","0","6","0","0","0","0","0","0","0","0","0","0","0","0","0","0","0","0","0"
"0x7ff32b5b1e30","      UMOV UR9, 0x40004040","9","4","9","131072","4194304","4194304","32","32","0","0","0","-","-","-","0","0","0","0","0","0","0","0","-","0","0","0","0","0","0","0","0","0","0","0","0","0","0","0","0","0","3","1","0","0","0","5","0","0","0","0","0","0","0","0","0","0","0","0","0","0","0","0","4"
"0x7ff32b5b1e40","      UIADD3 UR22, UPT, UPT, UR8, 0x100, URZ","1","0","1","131072","4194304","4194304","32","32","0","0","0","-","-","-","0","0","0","0","0","0","0","0","-","0","0","0","0","0","0","0","0","0","0","0","0","0","0","0","0","0","0","1","0","0","0","0","0","0","0","0","0","0","0","0","0","0","0","0","0","0","0","0","0"
"0x7ff32b5b1e50","      UIADD3 UR20, UPT, UPT, UR8, 0x200, URZ","6","2","6","131072","4194304","4194304","32","32","0","0","0","-","-","-","0","0","0","0","0","0","0","0","-","0","0","0","0","0","0","0","0","0","0","0","0","0","0","0","0","0","0","3","0","0","0","3","0","0","0","0","0","0","0","0","0","0","0","0","0","0","0","0","2"
"0x7ff32b5b1e60","      UIADD3 UR18, UPT, UPT, UR8, 0x300, URZ","5","2","5","131072","4194304","4194304","32","32","0","0","0","-","-","-","0","0","0","0","0","0","0","0","-","0","0","0","0","0","0","0","0","0","0","0","0","0","0","0","0","0","0","3","0","0","0","2","0","0","0","0","0","0","0","0","0","0","0","0","0","0","0","0","2"
"0x7ff32b5b1e70","      UTCQMMA.WS gdesc[UR42], gdesc[UR8], tmem[UR37], tmem[UR54], idesc[UR55], UP0","17","14","17","131072","4194304","4194304","32","32","0","0","0","TmemShared","Load,Store","-","0","0","0","0","0","0","0","0","-","0","0","0","0","0","0","0","0","0","0","0","14","0","0","0","0","0","0","3","0","0","0","0","0","0","0","0","0","14","0","0","0","0","0","0","0","0","0","0","0"
"0x7ff32b5b1e80","      UIADD3 UR16, UPT, UPT, UR8, 0x800, URZ","2","0","2","131072","4194304","4194304","32","32","0","0","0","-","-","-","0","0","0","0","0","0","0","0","-","0","0","0","0","0","0","0","0","0","0","0","0","0","0","0","0","0","0","2","0","0","0","0","0","0","0","0","0","0","0","0","0","0","0","0","0","0","0","0","0"
"0x7ff32b5b1e90","      UIADD3 UR14, UPT, UPT, UR8, 0x900, URZ","9","1","9","131072","4194304","4194304","32","32","0","0","0","-","-","-","0","0","0","0","0","0","0","0","-","0","0","0","0","0","0","0","0","0","0","0","0","0","0","0","0","0","0","7","0","0","0","2","0","0","0","0","0","0","0","0","0","0","0","0","0","0","0","0","1"
"0x7ff32b5b1ea0","      UTCQMMA.WS gdesc[UR48], gdesc[UR22], tmem[UR37], tmem[UR54], idesc[UR55], UPT","2","0","2","131072","4194304","4194304","32","32","0","0","0","TmemShared","Load,Store","-","0","0","0","0","0","0","0","0","-","0","0","0","0","0","0","0","0","0","0","0","0","0","0","0","0","0","0","2","0","0","0","0","0","0","0","0","0","0","0","0","0","0","0","0","0","0","0","0","0"
"0x7ff32b5b1eb0","      UIADD3 UR12, UPT, UPT, UR8, 0xa00, URZ","4","0","4","131072","4194304","4194304","32","32","0","0","0","-","-","-","0","0","0","0","0","0","0","0","-","0","0","0","0","0","0","0","0","0","0","0","0","0","0","0","0","0","0","4","0","0","0","0","0","0","0","0","0","0","0","0","0","0","0","0","0","0","0","0","0"
"0x7ff32b5b1ec0","      UTCQMMA.WS gdesc[UR46], gdesc[UR20], tmem[UR37], tmem[UR54], idesc[UR55], UPT","4","0","4","131072","4194304","4194304","32","32","0","0","0","TmemShared","Load,Store","-","0","0","0","0","0","0","0","0","-","0","0","0","0","0","0","0","0","0","0","0","0","0","0","0","0","0","0","4","0","0","0","0","0","0","0","0","0","0","0","0","0","0","0","0","0","0","0","0","0"
"0x7ff32b5b1ed0","      UIADD3 UR10, UPT, UPT, UR8, 0xb00, URZ","3","0","3","131072","4194304","4194304","32","32","0","0","0","-","-","-","0","0","0","0","0","0","0","0","-","0","0","0","0","0","0","0","0","0","0","0","0","0","0","0","0","0","0","3","0","0","0","0","0","0","0","0","0","0","0","0","0","0","0","0","0","0","0","0","0"
"0x7ff32b5b1ee0","      UTCQMMA.WS gdesc[UR44], gdesc[UR18], tmem[UR37], tmem[UR54], idesc[UR55], UPT","4","0","4","131072","4194304","4194304","32","32","0","0","0","TmemShared","Load,Store","-","0","0","0","0","0","0","0","0","-","0","0","0","0","0","0","0","0","0","0","0","0","0","0","0","0","0","0","4","0","0","0","0","0","0","0","0","0","0","0","0","0","0","0","0","0","0","0","0","0"
"0x7ff32b5b1ef0","      UTCQMMA.WS gdesc[UR42], gdesc[UR16], tmem[UR40], tmem[UR54], idesc[UR55], UP0","22","13","22","131072","4194304","4194304","32","32","0","0","0","TmemShared","Load,Store","-","0","0","0","0","0","0","0","0","-","0","0","0","0","0","0","0","0","0","0","0","0","0","0","19","0","0","0","1","0","0","0","2","0","0","0","0","0","0","0","0","13","0","0","0","0","0","0","0","0"
"0x7ff32b5b1f00","      UTCQMMA.WS gdesc[UR48], gdesc[UR14], tmem[UR40], tmem[UR54], idesc[UR55], UPT","22","12","22","131072","4194304","4194304","32","32","0","0","0","TmemShared","Load,Store","-","0","0","0","0","0","0","0","0","-","0","0","0","0","0","0","0","0","0","0","0","0","0","0","14","0","0","1","5","0","0","0","2","0","0","0","0","0","0","0","0","10","0","0","0","0","0","0","0","2"
"0x7ff32b5b1f10","      UTCQMMA.WS gdesc[UR46], gdesc[UR12], tmem[UR40], tmem[UR54], idesc[UR55], UPT","36","22","36","131072","4194304","4194304","32","32","0","0","0","TmemShared","Load,Store","-","0","0","0","0","0","0","0","0","-","0","0","0","0","0","0","0","0","0","0","0","0","0","0","33","0","0","0","3","0","0","0","0","0","0","0","0","0","0","0","0","22","0","0","0","0","0","0","0","0"
"0x7ff32b5b1f20","      UTCQMMA.WS gdesc[UR44], gdesc[UR10], tmem[UR40], tmem[UR54], idesc[UR55], UPT","228","185","228","131072","4194304","4194304","32","32","0","0","0","TmemShared","Load,Store","-","0","0","0","0","0","0","0","0","-","0","0","0","0","0","0","0","0","0","0","0","0","0","0","217","0","0","0","7","0","0","0","4","0","0","0","0","0","0","0","0","183","0","0","0","0","0","0","0","2"
"0x7ff32b5b1f30","      UTCBAR [UR53], URZ","231","229","231","131072","4194304","4194304","32","32","0","0","0","-","-","-","0","0","0","0","0","0","0","0","-","0","0","0","0","0","0","0","0","0","0","0","0","0","0","229","0","0","0","2","0","0","0","0","0","0","0","0","0","0","0","0","229","0","0","0","0","0","0","0","0"
"0x7ff32b5b1f40","      NOP","2","0","2","131072","4194304","4194304","32","32","0","0","0","-","-","-","0","0","0","0","0","0","0","0","-","0","0","0","0","0","0","0","0","0","0","0","0","0","0","0","0","0","0","2","0","0","0","0","0","0","0","0","0","0","0","0","0","0","0","0","0","0","0","0","0"
"0x7ff32b5b1f50","      SYNCS.PHASECHK.TRANS64.TRYWAIT P1, [UR7+0x2f900], R4","551","466","551","1048576","33554432","33554432","32","32","0","0","0","-","-","-","0","0","0","0","0","0","0","0","-","0","0","0","0","0","0","0","55","0","0","0","163","0","0","0","0","323","8","2","0","0","0","0","0","52","0","0","0","123","0","0","0","0","291","0","0","0","0","0","0"
"0x7ff32b5b1f60","      FADD R90, R90, R93","25","0","25","1048576","33554432","33554432","32","32","0","0","0","-","-","-","0","0","0","0","0","0","0","0","-","0","0","0","0","0","0","0","0","0","0","0","0","0","0","0","0","0","0","25","0","0","0","0","0","0","0","0","0","0","0","0","0","0","0","0","0","0","0","0","0"
"0x7ff32b5b1f70","      ISETP.NE.U32.AND P0, PT, R98, RZ, PT","26","0","26","1048576","33554432","33554432","32","32","0","0","0","-","-","-","0","0","0","0","0","0","0","0","-","0","0","0","0","0","0","0","0","0","0","0","0","0","0","0","0","0","0","26","0","0","0","0","0","0","0","0","0","0","0","0","0","0","0","0","0","0","0","0","0"
"0x7ff32b5b1f80","      FADD R91, R91, R90","63","33","63","1048576","33554432","33554432","32","32","0","0","0","-","-","-","0","0","0","0","0","0","0","0","-","0","0","0","0","0","0","0","0","0","0","0","0","0","0","0","0","1","0","21","0","0","0","41","0","0","0","0","0","0","0","0","0","0","1","0","0","0","0","0","32"
"0x7ff32b5b1f90","      FADD R88, R88, R91","94","38","94","1048576","33554432","33554432","32","32","0","0","0","-","-","-","0","0","0","0","0","0","0","0","-","0","0","0","0","0","0","0","0","0","0","0","0","0","0","0","0","0","14","24","0","0","0","56","0","0","0","0","0","0","0","0","0","0","0","0","0","0","0","0","38"
"0x7ff32b5b1fa0","      FADD R89, R89, R88","94","37","94","1048576","33554432","33554432","32","32","0","0","0","-","-","-","0","0","0","0","0","0","0","0","-","0","0","0","0","0","0","0","0","0","0","0","0","0","0","0","0","0","6","22","0","0","0","66","0","0","0","0","0","0","0","0","0","0","0","0","0","0","0","0","37"
"0x7ff32b5b1fb0","      FADD R86, R86, R89","109","52","109","1048576","33554432","33554432","32","32","0","0","0","-","-","-","0","0","0","0","0","0","0","0","-","0","0","0","0","0","0","0","0","0","0","0","0","0","0","0","0","0","0","32","0","0","0","77","0","0","0","0","0","0","0","0","0","0","0","0","0","0","0","0","52"
"0x7ff32b5b1fc0","      FADD R87, R87, R86","96","51","96","1048576","33554432","33554432","32","32","0","0","0","-","-","-","0","0","0","0","0","0","0","0","-","0","0","0","0","0","0","0","0","0","0","0","0","0","0","0","0","0","0","22","0","0","0","74","0","0","0","0","0","0","0","0","0","0","0","0","0","0","0","0","51"
"0x7ff32b5b1fd0","      FADD R84, R84, R87","74","44","74","1048576","33554432","33554432","32","32","0","0","0","-","-","-","0","0","0","0","0","0","0","0","-","0","0","0","0","0","0","0","0","0","0","0","0","0","0","0","0","0","0","19","0","0","0","55","0","0","0","0","0","0","0","0","0","0","0","0","0","0","0","0","44"
"0x7ff32b5b1fe0","      FADD R85, R85, R84","81","51","81","1048576","33554432","33554432","32","32","0","0","0","-","-","-","0","0","0","0","0","0","0","0","-","0","0","0","0","0","0","0","0","0","0","0","0","0","0","0","0","0","0","15","0","0","0","66","0","0","0","0","0","0","0","0","0","0","0","0","0","0","0","0","51"
"0x7ff32b5b1ff0","      FADD R94, R94, R85","92","55","92","1048576","33554432","33554432","32","32","0","0","0","-","-","-","0","0","0","0","0","0","0","0","-","0","0","0","0","0","0","0","0","0","0","0","0","0","0","0","0","0","0","22","0","0","0","70","0","0","0","0","0","0","0","0","0","0","0","0","0","0","0","0","55"
"0x7ff32b5b2000","      FADD R95, R95, R94","88","47","88","1048576","33554432","33554432","32","32","0","0","0","-","-","-","0","0","0","0","0","0","0","0","-","0","0","0","0","0","0","0","0","0","0","0","0","0","0","0","0","0","0","25","0","0","0","63","0","0","0","0","0","0","0","0","0","0","0","0","0","0","0","0","47"
"0x7ff32b5b2010","      FADD R82, R82, R95","90","54","90","1048576","33554432","33554432","32","32","0","0","0","-","-","-","0","0","0","0","0","0","0","0","-","0","0","0","0","0","0","0","0","0","0","0","0","0","0","0","0","0","0","19","0","0","0","71","0","0","0","0","0","0","0","0","0","0","0","0","0","0","0","0","54"
"0x7ff32b5b2020","      FADD R5, R83, R82","94","58","94","1048576","33554432","33554432","32","32","0","0","0","-","-","-","0","0","0","0","0","0","0","0","-","0","0","0","0","0","0","0","0","0","0","0","0","0","0","0","0","0","0","22","0","0","0","72","0","0","0","0","0","0","0","0","0","0","0","0","0","0","0","0","58"
"0x7ff32b5b2030","      FADD R72, R72, R5","81","42","81","1048576","33554432","33554432","32","32","0","0","0","-","-","-","0","0","0","0","0","0","0","0","-","0","0","0","0","0","0","0","0","0","0","0","0","0","0","0","0","0","0","22","0","0","0","59","0","0","0","0","0","0","0","0","0","0","0","0","0","0","0","0","42"
"0x7ff32b5b2040","      FADD R73, R73, R72","93","46","93","1048576","33554432","33554432","32","32","0","0","0","-","-","-","0","0","0","0","0","0","0","0","-","0","0","0","0","0","0","0","0","0","0","0","0","0","0","0","0","0","0","30","0","0","0","63","0","0","0","0","0","0","0","0","0","0","0","0","0","0","0","0","46"
"0x7ff32b5b2050","      FADD R70, R70, R73","73","43","73","1048576","33554432","33554432","32","32","0","0","0","-","-","-","0","0","0","0","0","0","0","0","-","0","0","0","0","0","0","0","0","0","0","0","0","0","0","0","0","0","0","20","0","0","0","53","0","0","0","0","0","0","0","0","0","0","0","0","0","0","0","0","43"
"0x7ff32b5b2060","      FADD R71, R71, R70","89","47","89","1048576","33554432","33554432","32","32","0","0","0","-","-","-","0","0","0","0","0","0","0","0","-","0","0","0","0","0","0","0","0","0","0","0","0","0","0","0","0","0","0","24","0","0","0","65","0","0","0","0","0","0","0","0","0","0","0","0","0","0","0","0","47"
"0x7ff32b5b2070","      FADD R68, R68, R71","82","50","82","1048576","33554432","33554432","32","32","0","0","0","-","-","-","0","0","0","0","0","0","0","0","-","0","0","0","0","0","0","0","0","0","0","0","0","0","0","0","0","0","0","20","0","0","0","62","0","0","0","0","0","0","0","0","0","0","0","0","0","0","0","0","50"
"0x7ff32b5b2080","      FADD R69, R69, R68","83","51","83","1048576","33554432","33554432","32","32","0","0","0","-","-","-","0","0","0","0","0","0","0","0","-","0","0","0","0","0","0","0","0","0","0","0","0","0","0","0","0","0","0","19","0","0","0","64","0","0","0","0","0","0","0","0","0","0","0","0","0","0","0","0","51"
"0x7ff32b5b2090","      FADD R0, R2, R69","112","65","112","1048576","33554432","33554432","32","32","0","0","0","-","-","-","0","0","0","0","0","0","0","0","-","0","0","0","0","0","0","0","0","0","0","0","0","0","0","0","0","0","0","28","0","0","0","84","0","0","0","0","0","0","0","0","0","0","0","0","0","0","0","0","65"
"0x7ff32b5b20a0","      FADD R0, R3, R0","82","56","82","1048576","33554432","33554432","32","32","0","0","0","-","-","-","0","0","0","0","0","0","0","0","-","0","0","0","0","0","0","0","0","0","0","0","0","0","0","0","0","0","0","17","0","0","0","65","0","0","0","0","0","0","0","0","0","0","0","0","0","0","0","0","56"
"0x7ff32b5b20b0","      FFMA R79, R79, R80, R0","81","54","81","1048576","33554432","33554432","32","32","0","0","0","-","-","-","0","0","0","0","0","0","0","0","-","0","0","0","0","0","0","0","0","0","0","0","0","0","0","0","0","0","0","21","0","0","0","60","0","0","0","0","0","0","0","0","0","0","0","0","0","0","0","0","54"
"0x7ff32b5b20c0","@!P1  BRA 0x7ff32b5b3d10","13913","13696","13913","1048576","33554432","29360128","32","28","4","4","0","-","-","-","0","0","0","0","0","0","0","0","-","0","0","0","0","0","0","0","0","0","0","0","13805","0","0","0","0","0","83","25","0","0","0","0","0","0","0","0","0","13696","0","0","0","0","0","0","0","0","0","0","0"
"0x7ff32b5b20d0","      UIADD3 UR6, UPT, UPT, UR52, 0x1, URZ","194","138","194","1048576","33554432","33554432","32","32","4","0","0","-","-","-","0","0","0","0","0","0","0","0","-","0","0","0","0","0","0","0","0","0","0","0","0","28","0","0","0","0","25","24","0","0","0","117","0","0","0","0","0","0","28","0","0","0","0","0","0","0","0","0","110"
"0x7ff32b5b20e0","      NOP","19","0","19","1048576","33554432","33554432","32","32","0","0","0","-","-","-","0","0","0","0","0","0","0","0","-","0","0","0","0","0","0","0","0","0","0","0","0","0","0","0","0","0","0","19","0","0","0","0","0","0","0","0","0","0","0","0","0","0","0","0","0","0","0","0","0"
"0x7ff32b5b20f0","      UIADD3 UR41, UPT, UPT, UR41, 0x1, URZ","21","0","21","1048576","33554432","33554432","32","32","0","0","0","-","-","-","0","0","0","0","0","0","0","0","-","0","0","0","0","0","0","0","0","0","0","0","0","0","0","0","0","0","0","21","0","0","0","0","0","0","0","0","0","0","0","0","0","0","0","0","0","0","0","0","0"
"0x7ff32b5b2100","      NOP","20","0","20","1048576","33554432","33554432","32","32","0","0","0","-","-","-","0","0","0","0","0","0","0","0","-","0","0","0","0","0","0","0","0","0","0","0","0","0","0","0","0","0","0","20","0","0","0","0","0","0","0","0","0","0","0","0","0","0","0","0","0","0","0","0","0"
"0x7ff32b5b2110","      UISETP.NE.U32.AND UP0, UPT, UR6, 0x2, UPT","21","0","21","1048576","33554432","33554432","32","32","0","0","0","-","-","-","0","0","0","0","0","0","0","0","-","0","0","0","0","0","0","0","0","0","0","0","0","0","0","0","0","0","0","21","0","0","0","0","0","0","0","0","0","0","0","0","0","0","0","0","0","0","0","0","0"
"0x7ff32b5b2120","      BAR.SYNC.DEFER_BLOCKING 0x1, 0x100","16","0","16","1048576","33554432","33554432","32","32","0","0","0","-","-","-","0","0","0","0","0","0","0","0","-","0","0","0","0","0","0","0","0","0","0","0","0","0","0","0","0","0","0","16","0","0","0","0","0","0","0","0","0","0","0","0","0","0","0","0","0","0","0","0","0"
"0x7ff32b5b2130","      UIADD3 UR5, UPT, UPT, UR35, 0x1, URZ","28","0","28","1048576","33554432","33554432","32","32","0","0","0","-","-","-","0","0","0","0","0","0","0","0","-","0","0","0","0","0","0","0","0","0","0","0","0","0","0","0","0","0","0","28","0","0","0","0","0","0","0","0","0","0","0","0","0","0","0","0","0","0","0","0","0"
"0x7ff32b5b2140","      MOV R41, R78","21","0","21","1048576","33554432","33554432","32","32","0","0","0","-","-","-","0","0","0","0","0","0","0","0","-","0","0","0","0","0","0","0","0","0","0","0","0","0","0","0","0","0","0","21","0","0","0","0","0","0","0","0","0","0","0","0","0","0","0","0","0","0","0","0","0"
"0x7ff32b5b2150","      USEL UR52, UR6, URZ, UP0","23","0","23","1048576","33554432","33554432","32","32","0","0","0","-","-","-","0","0","0","0","0","0","0","0","-","0","0","0","0","0","0","0","0","0","0","0","0","0","0","0","0","0","0","23","0","0","0","0","0","0","0","0","0","0","0","0","0","0","0","0","0","0","0","0","0"
"0x7ff32b5b2160","      UIADD3 UR34, UPT, UPT, UR34, 0x1, URZ","34","6","34","1048576","33554432","33554432","32","32","0","0","0","-","-","-","0","0","0","0","0","0","0","0","-","0","0","0","0","0","0","0","0","0","0","0","0","0","0","0","0","0","0","20","0","0","0","14","0","0","0","0","0","0","0","0","0","0","0","0","0","0","0","0","6"
"0x7ff32b5b2170","@UP0  UIADD3 UR5, UPT, UPT, UR35, URZ, URZ","119","93","119","1048576","33554432","16777216","32","16","16","16","0","-","-","-","0","0","0","0","0","0","0","0","-","0","0","0","0","0","0","0","0","0","0","0","0","4","0","0","0","0","0","21","0","0","0","94","0","0","0","0","0","0","1","0","0","0","0","0","0","0","0","0","92"
"0x7ff32b5b2180","      UISETP.NE.U32.AND UP0, UPT, UR41, URZ, UPT","47","23","47","1048576","33554432","33554432","32","32","16","0","0","-","-","-","0","0","0","0","0","0","0","0","-","0","0","0","0","0","0","0","0","0","0","0","0","0","0","0","0","0","0","24","0","0","0","23","0","0","0","0","0","0","0","0","0","0","0","0","0","0","0","0","23"
"0x7ff32b5b2190","      NOP","355","162","355","1048576","33554432","33554432","32","32","0","0","0","-","-","-","0","0","0","0","0","0","0","0","-","0","0","0","0","0","0","308","0","0","0","0","0","0","0","0","0","0","25","22","0","0","0","0","162","0","0","0","0","0","0","0","0","0","0","0","0","0","0","0","0"
"0x7ff32b5b21a0","@!P0  SYNCS.ARRIVE.TRANS64.A1T0 RZ, [R106+UR7+0x2f920], RZ","27","0","27","1048576","33554432","131072","32","0","32","32","0","-","-","-","0","0","0","0","0","0","0","0","-","0","0","0","0","0","0","0","0","0","0","0","0","0","0","0","0","0","0","27","0","0","0","0","0","0","0","0","0","0","0","0","0","0","0","0","0","0","0","0","0"
"0x7ff32b5b21b0","      UMOV UR35, UR5","52","9","52","1048576","33554432","33554432","32","32","32","0","0","-","-","-","0","0","0","0","0","0","0","0","-","0","0","0","0","0","0","0","0","0","0","0","0","0","0","0","0","0","0","14","0","0","0","38","0","0","0","0","0","0","0","0","0","0","0","0","0","0","0","0","9"
"0x7ff32b5b21c0","      BRA.U UP0, 0x7ff32b5b0110","95","48","95","1048576","33554432","33554432","32","32","0","0","0","-","-","-","0","0","0","0","0","0","0","0","-","0","0","0","0","0","0","0","0","0","0","0","0","0","0","0","0","0","0","30","0","0","0","65","0","0","0","0","0","0","0","0","0","0","0","0","0","0","0","0","48"
"0x7ff32b5b21d0","      STS [R102+0x2f100], R79","107","76","107","65536","2097152","2097152","32","32","0","0","0","Shared","Store","32","0","1","0","65536","65536","0","0","0","-","0","0","0","0","0","0","0","0","0","0","0","0","0","0","0","0","0","1","20","0","0","0","86","0","0","0","0","0","0","0","0","0","0","0","0","0","0","0","0","76"
"0x7ff32b5b21e0","      NOP","1","0","1","65536","2097152","2097152","32","32","0","0","0","-","-","-","0","0","0","0","0","0","0","0","-","0","0","0","0","0","0","0","0","0","0","0","0","0","0","0","0","0","0","1","0","0","0","0","0","0","0","0","0","0","0","0","0","0","0","0","0","0","0","0","0"
"0x7ff32b5b21f0","      BAR.SYNC.DEFER_BLOCKING 0x1, 0x100","4","0","4","65536","2097152","2097152","32","32","0","0","0","-","-","-","0","0","0","0","0","0","0","0","-","0","0","0","0","0","0","0","0","0","0","0","0","0","0","0","0","0","0","4","0","0","0","0","0","0","0","0","0","0","0","0","0","0","0","0","0","0","0","0","0"
"0x7ff32b5b2200","      ISETP.GT.U32.AND P0, PT, R98, 0x3f, PT","4","0","4","65536","2097152","2097152","32","32","0","0","0","-","-","-","0","0","0","0","0","0","0","0","-","0","0","0","0","0","0","0","0","0","0","0","0","0","0","0","0","0","0","4","0","0","0","0","0","0","0","0","0","0","0","0","0","0","0","0","0","0","0","0","0"
"0x7ff32b5b2210","      NOP","34","30","34","65536","2097152","2097152","32","32","0","0","0","-","-","-","0","0","0","0","0","0","0","0","-","0","0","0","0","0","0","27","0","0","0","0","0","0","0","0","0","0","1","2","0","0","0","4","27","0","0","0","0","0","0","0","0","0","0","0","0","0","0","0","3"
"0x7ff32b5b2220","@P0   BRA 0x7ff32b5b23a0","16","12","16","65536","2097152","1572864","32","24","8","8","0","-","-","-","0","0","0","0","0","0","0","0","-","0","0","0","0","0","0","0","0","0","0","0","0","0","0","0","0","0","0","0","0","0","0","16","0","0","0","0","0","0","0","0","0","0","0","0","0","0","0","0","12"
"0x7ff32b5b2230","      LDS R5, [R76+UR7+0x2f100]","5","4","5","16384","524288","524288","32","32","8","0","0","Shared","Load","32","0","1","0","16384","16384","0","0","0","-","0","0","0","0","0","0","0","0","0","0","0","0","0","0","0","0","0","0","1","0","0","0","4","0","0","0","0","0","0","0","0","0","0","0","0","0","0","0","0","4"
"0x7ff32b5b2240","      BSSY.RECONVERGENT B1, 0x7ff32b5b2390","0","0","0","16384","524288","524288","32","32","0","0","0","-","-","-","0","0","0","0","0","0","0","0","-","0","0","0","0","0","0","0","0","0","0","0","0","0","0","0","0","0","0","0","0","0","0","0","0","0","0","0","0","0","0","0","0","0","0","0","0","0","0","0","0"
"0x7ff32b5b2250","      LDS R2, [R76+UR7+0x2f200]","2","1","2","16384","524288","524288","32","32","0","0","0","Shared","Load","32","0","1","0","16384","16384","0","0","0","-","0","0","0","0","0","0","0","0","0","0","0","0","0","0","0","0","0","0","1","0","0","0","1","0","0","0","0","0","0","0","0","0","0","0","0","0","0","0","0","1"
"0x7ff32b5b2260","      LDS R3, [R76+UR7+0x2f300]","4","2","4","16384","524288","524288","32","32","0","0","0","Shared","Load","32","0","1","0","16384","16384","0","0","0","-","0","0","0","0","0","0","0","0","0","0","0","0","0","0","0","0","0","0","2","0","0","0","2","0","0","0","0","0","0","0","0","0","0","0","0","0","0","0","0","2"
"0x7ff32b5b2270","      LDS R0, [R76+UR7+0x2f400]","1","1","1","16384","524288","524288","32","32","0","0","0","Shared","Load","32","0","1","0","16384","16384","0","0","0","-","0","0","0","0","0","0","0","0","0","0","0","0","0","0","0","0","0","0","0","0","0","0","1","0","0","0","0","0","0","0","0","0","0","0","0","0","0","0","0","1"
"0x7ff32b5b2280","      FADD R2, R5, R2","10","1","10","16384","524288","524288","32","32","0","0","0","-","-","-","0","0","0","0","0","0","0","0","-","0","0","0","0","0","0","0","0","0","0","0","0","0","0","0","0","0","5","0","5","0","0","0","0","0","0","0","0","0","0","0","0","0","0","0","0","1","0","0","0"
"0x7ff32b5b2290","      FADD R3, R3, R0","1","0","1","16384","524288","524288","32","32","0","0","0","-","-","-","0","0","0","0","0","0","0","0","-","0","0","0","0","0","0","0","0","0","0","0","0","0","0","0","0","0","0","1","0","0","0","0","0","0","0","0","0","0","0","0","0","0","0","0","0","0","0","0","0"
"0x7ff32b5b22a0","      FADD R2, R2, R3","4","3","4","16384","524288","524288","32","32","0","0","0","-","-","-","0","0","0","0","0","0","0","0","-","0","0","0","0","0","0","0","0","0","0","0","0","0","0","0","0","0","0","0","0","0","0","4","0","0","0","0","0","0","0","0","0","0","0","0","0","0","0","0","3"
"0x7ff32b5b22b0","      FMUL R8, R2, 256","0","0","0","16384","524288","524288","32","32","0","0","0","-","-","-","0","0","0","0","0","0","0","0","-","0","0","0","0","0","0","0","0","0","0","0","0","0","0","0","0","0","0","0","0","0","0","0","0","0","0","0","0","0","0","0","0","0","0","0","0","0","0","0","0"
"0x7ff32b5b22c0","      IADD3 R0, PT, PT, R8, 0x1800000, RZ","2","2","2","16384","524288","524288","32","32","0","0","0","-","-","-","0","0","0","0","0","0","0","0","-","0","0","0","0","0","0","0","0","0","0","0","0","0","0","0","0","0","0","0","0","0","0","2","0","0","0","0","0","0","0","0","0","0","0","0","0","0","0","0","2"
"0x7ff32b5b22d0","      LOP3.LUT R0, R0, 0x7f800000, RZ, 0xc0, !PT","3","2","3","16384","524288","524288","32","32","0","0","0","-","-","-","0","0","0","0","0","0","0","0","-","0","0","0","0","0","0","0","0","0","0","0","0","0","0","0","0","0","0","1","0","0","0","2","0","0","0","0","0","0","0","0","0","0","0","0","0","0","0","0","2"
"0x7ff32b5b22e0","      ISETP.GT.U32.AND P0, PT, R0, 0x1ffffff, PT","0","0","0","16384","524288","524288","32","32","0","0","0","-","-","-","0","0","0","0","0","0","0","0","-","0","0","0","0","0","0","0","0","0","0","0","0","0","0","0","0","0","0","0","0","0","0","0","0","0","0","0","0","0","0","0","0","0","0","0","0","0","0","0","0"
"0x7ff32b5b22f0","@P0   BRA 0x7ff32b5b2330","6","6","6","16384","524288","524288","32","32","0","0","0","-","-","-","0","0","0","0","0","0","0","0","-","0","0","0","0","0","0","0","0","0","0","0","0","0","0","0","0","0","0","0","0","0","0","6","0","0","0","0","0","0","0","0","0","0","0","0","0","0","0","0","6"
"0x7ff32b5b2300","      MOV R2, 0x49a0","0","0","0","0","0","0","0","0","32","32","0","-","-","-","0","0","0","0","0","0","0","0","-","0","0","0","0","0","0","0","0","0","0","0","0","0","0","0","0","0","0","0","0","0","0","0","0","0","0","0","0","0","0","0","0","0","0","0","0","0","0","0","0"
"0x7ff32b5b2310","      CALL.REL.NOINC 0x7ff32b5b3dc0","0","0","0","0","0","0","0","0","0","32","0","-","-","-","0","0","0","0","0","0","0","0","-","0","0","0","0","0","0","0","0","0","0","0","0","0","0","0","0","0","0","0","0","0","0","0","0","0","0","0","0","0","0","0","0","0","0","0","0","0","0","0","0"
"0x7ff32b5b2320","      BRA 0x7ff32b5b2370","0","0","0","0","0","0","0","0","0","32","0","-","-","-","0","0","0","0","0","0","0","0","-","0","0","0","0","0","0","0","0","0","0","0","0","0","0","0","0","0","0","0","0","0","0","0","0","0","0","0","0","0","0","0","0","0","0","0","0","0","0","0","0"
"0x7ff32b5b2330","      MUFU.RCP R3, R8","0","0","0","16384","524288","524288","32","32","32","0","0","-","-","-","0","0","0","0","0","0","0","0","-","0","0","0","0","0","0","0","0","0","0","0","0","0","0","0","0","0","0","0","0","0","0","0","0","0","0","0","0","0","0","0","0","0","0","0","0","0","0","0","0"
"0x7ff32b5b2340","      FFMA R0, R8, R3, -1","8","7","8","16384","524288","524288","32","32","0","0","0","-","-","-","0","0","0","0","0","0","0","0","-","0","0","0","0","0","0","0","0","0","0","0","0","0","0","0","0","0","0","1","6","0","0","1","0","0","0","0","0","0","0","0","0","0","0","0","0","6","0","0","1"
"0x7ff32b5b2350","      FADD.FTZ R0, -RZ, -R0","2","1","2","16384","524288","524288","32","32","0","0","0","-","-","-","0","0","0","0","0","0","0","0","-","0","0","0","0","0","0","0","0","0","0","0","0","0","0","0","0","0","0","1","0","0","0","1","0","0","0","0","0","0","0","0","0","0","0","0","0","0","0","0","1"
"0x7ff32b5b2360","      FFMA R4, R3, R0, R3","3","2","3","16384","524288","524288","32","32","0","0","0","-","-","-","0","0","0","0","0","0","0","0","-","0","0","0","0","0","0","0","0","0","0","0","0","0","0","0","0","0","0","1","0","0","0","2","0","0","0","0","0","0","0","0","0","0","0","0","0","0","0","0","2"
"0x7ff32b5b2370","      NOP","6","5","6","16384","524288","524288","32","32","0","0","0","-","-","-","0","0","0","0","0","0","0","0","-","0","0","0","0","0","0","0","0","0","0","0","0","0","0","0","0","0","0","1","0","0","0","5","0","0","0","0","0","0","0","0","0","0","0","0","0","0","0","0","5"
"0x7ff32b5b2380","      BSYNC.RECONVERGENT B1","3","0","3","16384","524288","524288","32","32","0","0","0","-","-","-","0","0","0","0","0","0","0","0","-","0","0","0","0","0","0","0","0","0","0","0","0","0","0","0","0","0","0","3","0","0","0","0","0","0","0","0","0","0","0","0","0","0","0","0","0","0","0","0","0"
"0x7ff32b5b2390","      STS [R76+UR7+0x2f000], R4","4","4","4","16384","524288","524288","32","32","0","0","0","Shared","Store","32","0","1","0","16384","16384","0","0","0","-","0","0","0","0","0","0","0","3","0","0","0","0","0","0","0","0","0","0","0","0","0","0","1","0","3","0","0","0","0","0","0","0","0","0","0","0","0","0","0","1"
"0x7ff32b5b23a0","      NOP","42","36","42","65536","2097152","2097152","32","32","0","0","0","-","-","-","0","0","0","0","0","0","0","0","-","0","0","0","0","0","0","0","9","0","0","0","0","0","0","0","0","31","0","0","0","0","0","2","0","7","0","0","0","0","0","0","0","0","27","0","0","0","0","0","2"
"0x7ff32b5b23b0","      BAR.SYNC.DEFER_BLOCKING 0x1, 0x100","1","0","1","65536","2097152","2097152","32","32","0","0","0","-","-","-","0","0","0","0","0","0","0","0","-","0","0","0","0","0","0","0","0","0","0","0","0","0","0","0","0","0","0","1","0","0","0","0","0","0","0","0","0","0","0","0","0","0","0","0","0","0","0","0","0"
"0x7ff32b5b23c0","      IMAD.SHL.U32 R2, R98, 0x4, RZ","4","0","4","65536","2097152","2097152","32","32","0","0","0","-","-","-","0","0","0","0","0","0","0","0","-","0","0","0","0","0","0","0","0","0","0","0","0","0","0","0","0","0","0","4","0","0","0","0","0","0","0","0","0","0","0","0","0","0","0","0","0","0","0","0","0"
"0x7ff32b5b23d0","      IADD3 R77, PT, PT, R77, UR37, R100","3","0","3","65536","2097152","2097152","32","32","0","0","0","-","-","-","0","0","0","0","0","0","0","0","-","0","0","0","0","0","0","0","0","0","0","0","0","0","0","0","0","0","0","3","0","0","0","0","0","0","0","0","0","0","0","0","0","0","0","0","0","0","0","0","0"
"0x7ff32b5b23e0","      IMAD.SHL.U32 R3, R98, 0x8, RZ","2","0","2","65536","2097152","2097152","32","32","0","0","0","-","-","-","0","0","0","0","0","0","0","0","-","0","0","0","0","0","0","0","0","0","0","0","0","0","0","0","0","0","0","2","0","0","0","0","0","0","0","0","0","0","0","0","0","0","0","0","0","0","0","0","0"
"0x7ff32b5b23f0","      R2UR UR9, R81","0","0","0","65536","2097152","2097152","32","32","0","0","0","-","-","-","0","0","0","0","0","0","0","0","-","0","0","0","0","0","0","0","0","0","0","0","0","0","0","0","0","0","0","0","0","0","0","0","0","0","0","0","0","0","0","0","0","0","0","0","0","0","0","0","0"
"0x7ff32b5b2400","      IMAD.SHL.U32 R38, R98, 0x200, RZ","20","10","20","65536","2097152","2097152","32","32","0","0","0","-","-","-","0","0","0","0","0","0","0","0","-","0","0","0","0","0","0","0","0","0","0","0","0","0","0","0","0","19","0","1","0","0","0","0","0","0","0","0","0","0","0","0","0","0","10","0","0","0","0","0","0"
"0x7ff32b5b2410","      LOP3.LUT R2, R2, 0xfc, RZ, 0xc0, !PT","0","0","0","65536","2097152","2097152","32","32","0","0","0","-","-","-","0","0","0","0","0","0","0","0","-","0","0","0","0","0","0","0","0","0","0","0","0","0","0","0","0","0","0","0","0","0","0","0","0","0","0","0","0","0","0","0","0","0","0","0","0","0","0","0","0"
"0x7ff32b5b2420","      IMAD.SHL.U32 R6, R98, 0x80, RZ","2","0","2","65536","2097152","2097152","32","32","0","0","0","-","-","-","0","0","0","0","0","0","0","0","-","0","0","0","0","0","0","0","0","0","0","0","0","0","0","0","0","0","0","2","0","0","0","0","0","0","0","0","0","0","0","0","0","0","0","0","0","0","0","0","0"
"0x7ff32b5b2430","      R2UR UR8, R77","4","0","4","65536","2097152","2097152","32","32","0","0","0","-","-","-","0","0","0","0","0","0","0","0","-","0","0","0","0","0","0","0","0","0","0","0","0","0","0","0","0","0","0","4","0","0","0","0","0","0","0","0","0","0","0","0","0","0","0","0","0","0","0","0","0"
"0x7ff32b5b2440","      VIADD R79, R3, 0x800","1","0","1","65536","2097152","2097152","32","32","0","0","0","-","-","-","0","0","0","0","0","0","0","0","-","0","0","0","0","0","0","0","0","0","0","0","0","0","0","0","0","0","0","1","0","0","0","0","0","0","0","0","0","0","0","0","0","0","0","0","0","0","0","0","0"
"0x7ff32b5b2450","      LOP3.LUT R38, R38, R3, RZ, 0xfc, !PT","1","0","1","65536","2097152","2097152","32","32","0","0","0","-","-","-","0","0","0","0","0","0","0","0","-","0","0","0","0","0","0","0","0","0","0","0","0","0","0","0","0","0","0","1","0","0","0","0","0","0","0","0","0","0","0","0","0","0","0","0","0","0","0","0","0"
"0x7ff32b5b2460","      IMAD.SHL.U32 R88, R98, 0x40, RZ","1","0","1","65536","2097152","2097152","32","32","0","0","0","-","-","-","0","0","0","0","0","0","0","0","-","0","0","0","0","0","0","0","0","0","0","0","0","0","0","0","0","0","0","1","0","0","0","0","0","0","0","0","0","0","0","0","0","0","0","0","0","0","0","0","0"
"0x7ff32b5b2470","      LOP3.LUT R6, R6, 0x2000, RZ, 0xc0, !PT","5","0","5","65536","2097152","2097152","32","32","0","0","0","-","-","-","0","0","0","0","0","0","0","0","-","0","0","0","0","0","0","0","0","0","0","0","0","0","0","0","0","0","0","5","0","0","0","0","0","0","0","0","0","0","0","0","0","0","0","0","0","0","0","0","0"
"0x7ff32b5b2480","      VIADD R93, R3, 0x1800","17","5","17","65536","2097152","2097152","32","32","0","0","0","-","-","-","0","0","0","0","0","0","0","0","-","0","0","0","0","0","0","0","0","0","0","0","0","0","0","0","0","11","0","6","0","0","0","0","0","0","0","0","0","0","0","0","0","0","5","0","0","0","0","0","0"
"0x7ff32b5b2490","      LOP3.LUT R4, R38, 0x7038, RZ, 0xc0, !PT","0","0","0","65536","2097152","2097152","32","32","0","0","0","-","-","-","0","0","0","0","0","0","0","0","-","0","0","0","0","0","0","0","0","0","0","0","0","0","0","0","0","0","0","0","0","0","0","0","0","0","0","0","0","0","0","0","0","0","0","0","0","0","0","0","0"
"0x7ff32b5b24a0","      VIADD R39, R3, 0x2800","3","0","3","65536","2097152","2097152","32","32","0","0","0","-","-","-","0","0","0","0","0","0","0","0","-","0","0","0","0","0","0","0","0","0","0","0","0","0","0","0","0","0","0","3","0","0","0","0","0","0","0","0","0","0","0","0","0","0","0","0","0","0","0","0","0"
"0x7ff32b5b24b0","      SHF.R.U32.HI R79, RZ, 0x3, R79","2","0","2","65536","2097152","2097152","32","32","0","0","0","-","-","-","0","0","0","0","0","0","0","0","-","0","0","0","0","0","0","0","0","0","0","0","0","0","0","0","0","0","0","2","0","0","0","0","0","0","0","0","0","0","0","0","0","0","0","0","0","0","0","0","0"
"0x7ff32b5b24c0","      IMAD R99, R99, 0x4000, R6","2","0","2","65536","2097152","2097152","32","32","0","0","0","-","-","-","0","0","0","0","0","0","0","0","-","0","0","0","0","0","0","0","0","0","0","0","0","0","0","0","0","0","0","2","0","0","0","0","0","0","0","0","0","0","0","0","0","0","0","0","0","0","0","0","0"
"0x7ff32b5b24d0","      LOP3.LUT R78, R4, 0xc0, R98, 0xf8, !PT","0","0","0","65536","2097152","2097152","32","32","0","0","0","-","-","-","0","0","0","0","0","0","0","0","-","0","0","0","0","0","0","0","0","0","0","0","0","0","0","0","0","0","0","0","0","0","0","0","0","0","0","0","0","0","0","0","0","0","0","0","0","0","0","0","0"
"0x7ff32b5b24e0","      VIADD R91, R3, 0x3800","3","0","3","65536","2097152","2097152","32","32","0","0","0","-","-","-","0","0","0","0","0","0","0","0","-","0","0","0","0","0","0","0","0","0","0","0","0","0","0","0","0","0","0","3","0","0","0","0","0","0","0","0","0","0","0","0","0","0","0","0","0","0","0","0","0"
"0x7ff32b5b24f0","      LOP3.LUT R79, R4, 0x1c0, R79, 0xf8, !PT","4","0","4","65536","2097152","2097152","32","32","0","0","0","-","-","-","0","0","0","0","0","0","0","0","-","0","0","0","0","0","0","0","0","0","0","0","0","0","0","0","0","0","0","4","0","0","0","0","0","0","0","0","0","0","0","0","0","0","0","0","0","0","0","0","0"
"0x7ff32b5b2500","      VIADD R37, R99, 0x1000","12","7","12","65536","2097152","2097152","32","32","0","0","0","-","-","-","0","0","0","0","0","0","0","0","-","0","0","0","0","0","0","0","0","0","0","0","0","0","0","0","0","12","0","0","0","0","0","0","0","0","0","0","0","0","0","0","0","0","7","0","0","0","0","0","0"
"0x7ff32b5b2510","      LOP3.LUT R88, R88, 0xfc0, RZ, 0xc0, !PT","4","0","4","65536","2097152","2097152","32","32","0","0","0","-","-","-","0","0","0","0","0","0","0","0","-","0","0","0","0","0","0","0","0","0","0","0","0","0","0","0","0","0","0","4","0","0","0","0","0","0","0","0","0","0","0","0","0","0","0","0","0","0","0","0","0"
"0x7ff32b5b2520","      VIADD R89, R3, 0x5800","2","0","2","65536","2097152","2097152","32","32","0","0","0","-","-","-","0","0","0","0","0","0","0","0","-","0","0","0","0","0","0","0","0","0","0","0","0","0","0","0","0","0","0","2","0","0","0","0","0","0","0","0","0","0","0","0","0","0","0","0","0","0","0","0","0"
"0x7ff32b5b2530","      NOP","165","115","165","65536","2097152","2097152","32","32","0","0","0","-","-","-","0","0","0","0","0","0","0","0","-","0","0","0","0","0","0","139","0","1","0","0","0","0","0","0","0","0","24","1","0","0","0","0","115","0","0","0","0","0","0","0","0","0","0","0","0","0","0","0","0"
"0x7ff32b5b2540","      LDS R2, [R2+UR7+0x2f000]","0","0","0","65536","2097152","2097152","32","32","0","0","0","Shared","Load","32","0","1","0","65536","65536","0","0","0","-","0","0","0","0","0","0","0","0","0","0","0","0","0","0","0","0","0","0","0","0","0","0","0","0","0","0","0","0","0","0","0","0","0","0","0","0","0","0","0","0"
"0x7ff32b5b2550","      LOP3.LUT R36, R88, R99, RZ, 0xfc, !PT","2","0","2","65536","2097152","2097152","32","32","0","0","0","-","-","-","0","0","0","0","0","0","0","0","-","0","0","0","0","0","0","0","0","0","0","0","0","0","0","0","0","0","0","2","0","0","0","0","0","0","0","0","0","0","0","0","0","0","0","0","0","0","0","0","0"
"0x7ff32b5b2560","      VIADD R41, R3, 0x7800","3","0","3","65536","2097152","2097152","32","32","0","0","0","-","-","-","0","0","0","0","0","0","0","0","-","0","0","0","0","0","0","0","0","0","0","0","0","0","0","0","0","0","0","3","0","0","0","0","0","0","0","0","0","0","0","0","0","0","0","0","0","0","0","0","0"
"0x7ff32b5b2570","      LOP3.LUT R80, R88, 0x6000, R99, 0xf8, !PT","2","0","2","65536","2097152","2097152","32","32","0","0","0","-","-","-","0","0","0","0","0","0","0","0","-","0","0","0","0","0","0","0","0","0","0","0","0","0","0","0","0","0","0","2","0","0","0","0","0","0","0","0","0","0","0","0","0","0","0","0","0","0","0","0","0"
"0x7ff32b5b2580","      LDTM.x32 R4, tmem[UR8]","0","0","0","65536","2097152","2097152","32","32","0","0","0","Tmem","Load","-","0","0","0","0","0","0","0","0","-","0","0","0","0","0","0","0","0","0","0","0","0","0","0","0","0","0","0","0","0","0","0","0","0","0","0","0","0","0","0","0","0","0","0","0","0","0","0","0","0"
"0x7ff32b5b2590","      R2UR UR6, R77","2","0","2","65536","2097152","2097152","32","32","0","0","0","-","-","-","0","0","0","0","0","0","0","0","-","0","0","0","0","0","0","0","0","0","0","0","0","0","0","0","0","0","0","2","0","0","0","0","0","0","0","0","0","0","0","0","0","0","0","0","0","0","0","0","0"
"0x7ff32b5b25a0","      IMAD.SHL.U32 R38, R38, 0x2, RZ","3","0","3","65536","2097152","2097152","32","32","0","0","0","-","-","-","0","0","0","0","0","0","0","0","-","0","0","0","0","0","0","0","0","0","0","0","0","0","0","0","0","0","0","3","0","0","0","0","0","0","0","0","0","0","0","0","0","0","0","0","0","0","0","0","0"
"0x7ff32b5b25b0","      R2UR UR5, R77","1","0","1","65536","2097152","2097152","32","32","0","0","0","-","-","-","0","0","0","0","0","0","0","0","-","0","0","0","0","0","0","0","0","0","0","0","0","0","0","0","0","0","0","1","0","0","0","0","0","0","0","0","0","0","0","0","0","0","0","0","0","0","0","0","0"
"0x7ff32b5b25c0","      IMAD.U32 R76, RZ, RZ, UR7","3","0","3","65536","2097152","2097152","32","32","0","0","0","-","-","-","0","0","0","0","0","0","0","0","-","0","0","0","0","0","0","0","0","0","0","0","0","0","0","0","0","0","0","3","0","0","0","0","0","0","0","0","0","0","0","0","0","0","0","0","0","0","0","0","0"
"0x7ff32b5b25d0","      R2UR UR4, R77","0","0","0","65536","2097152","2097152","32","32","0","0","0","-","-","-","0","0","0","0","0","0","0","0","-","0","0","0","0","0","0","0","0","0","0","0","0","0","0","0","0","0","0","0","0","0","0","0","0","0","0","0","0","0","0","0","0","0","0","0","0","0","0","0","0"
"0x7ff32b5b25e0","      VIADD R77, R3, 0x6800","3","0","3","65536","2097152","2097152","32","32","0","0","0","-","-","-","0","0","0","0","0","0","0","0","-","0","0","0","0","0","0","0","0","0","0","0","0","0","0","0","0","0","0","3","0","0","0","0","0","0","0","0","0","0","0","0","0","0","0","0","0","0","0","0","0"
"0x7ff32b5b25f0","      LOP3.LUT R88, R88, 0x7000, R37, 0xf8, !PT","0","0","0","65536","2097152","2097152","32","32","0","0","0","-","-","-","0","0","0","0","0","0","0","0","-","0","0","0","0","0","0","0","0","0","0","0","0","0","0","0","0","0","0","0","0","0","0","0","0","0","0","0","0","0","0","0","0","0","0","0","0","0","0","0","0"
"0x7ff32b5b2600","      VIADD R37, R3, 0x4800","2","0","2","65536","2097152","2097152","32","32","0","0","0","-","-","-","0","0","0","0","0","0","0","0","-","0","0","0","0","0","0","0","0","0","0","0","0","0","0","0","0","0","0","2","0","0","0","0","0","0","0","0","0","0","0","0","0","0","0","0","0","0","0","0","0"
"0x7ff32b5b2610","      SHF.R.U32.HI R93, RZ, 0x2, R93","0","0","0","65536","2097152","2097152","32","32","0","0","0","-","-","-","0","0","0","0","0","0","0","0","-","0","0","0","0","0","0","0","0","0","0","0","0","0","0","0","0","0","0","0","0","0","0","0","0","0","0","0","0","0","0","0","0","0","0","0","0","0","0","0","0"
"0x7ff32b5b2620","      NOP","4","0","4","65536","2097152","2097152","32","32","0","0","0","-","-","-","0","0","0","0","0","0","0","0","-","0","0","0","0","0","0","0","0","0","0","0","0","0","0","0","0","0","0","4","0","0","0","0","0","0","0","0","0","0","0","0","0","0","0","0","0","0","0","0","0"
"0x7ff32b5b2630","      SHF.R.U32.HI R39, RZ, 0x2, R39","2","0","2","65536","2097152","2097152","32","32","0","0","0","-","-","-","0","0","0","0","0","0","0","0","-","0","0","0","0","0","0","0","0","0","0","0","0","0","0","0","0","0","0","2","0","0","0","0","0","0","0","0","0","0","0","0","0","0","0","0","0","0","0","0","0"
"0x7ff32b5b2640","      LDCU.64 UR10, c[0x0][0x358]","3","0","3","65536","2097152","2097152","32","32","0","0","0","-","-","-","0","0","0","0","0","0","0","0","-","0","0","0","0","0","0","0","0","0","0","0","0","0","0","0","0","0","0","3","0","0","0","0","0","0","0","0","0","0","0","0","0","0","0","0","0","0","0","0","0"
"0x7ff32b5b2650","      SHF.R.U32.HI R91, RZ, 0x2, R91","2","0","2","65536","2097152","2097152","32","32","0","0","0","-","-","-","0","0","0","0","0","0","0","0","-","0","0","0","0","0","0","0","0","0","0","0","0","0","0","0","0","0","0","2","0","0","0","0","0","0","0","0","0","0","0","0","0","0","0","0","0","0","0","0","0"
"0x7ff32b5b2660","      IMAD R3, R96, 0x8000, R3","1","0","1","65536","2097152","2097152","32","32","0","0","0","-","-","-","0","0","0","0","0","0","0","0","-","0","0","0","0","0","0","0","0","0","0","0","0","0","0","0","0","0","0","1","0","0","0","0","0","0","0","0","0","0","0","0","0","0","0","0","0","0","0","0","0"
"0x7ff32b5b2670","      SHF.R.U32.HI R37, RZ, 0x2, R37","2","0","2","65536","2097152","2097152","32","32","0","0","0","-","-","-","0","0","0","0","0","0","0","0","-","0","0","0","0","0","0","0","0","0","0","0","0","0","0","0","0","0","0","2","0","0","0","0","0","0","0","0","0","0","0","0","0","0","0","0","0","0","0","0","0"
"0x7ff32b5b2680","      LOP3.LUT R38, R38, 0xe070, RZ, 0xc0, !PT","107","8","107","65536","2097152","2097152","32","32","0","0","0","-","-","-","0","0","0","0","0","0","0","0","-","0","0","0","0","0","0","0","0","6","0","0","0","43","0","0","0","0","54","3","0","0","0","1","0","0","0","0","0","0","7","0","0","0","0","0","0","0","0","0","1"
"0x7ff32b5b2690","      SHF.R.U32.HI R89, RZ, 0x2, R89","3","1","3","65536","2097152","2097152","32","32","0","0","0","-","-","-","0","0","0","0","0","0","0","0","-","0","0","0","0","0","0","0","0","0","0","0","0","0","0","0","0","0","0","1","0","0","0","2","0","0","0","0","0","0","0","0","0","0","0","0","0","0","0","0","1"
"0x7ff32b5b26a0","      SHF.R.U32.HI R77, RZ, 0x2, R77","1","1","1","65536","2097152","2097152","32","32","0","0","0","-","-","-","0","0","0","0","0","0","0","0","-","0","0","0","0","0","0","0","0","0","0","0","0","0","0","0","0","0","0","0","0","0","0","1","0","0","0","0","0","0","0","0","0","0","0","0","0","0","0","0","1"
"0x7ff32b5b26b0","      SHF.R.U32.HI R41, RZ, 0x2, R41","4","1","4","65536","2097152","2097152","32","32","0","0","0","-","-","-","0","0","0","0","0","0","0","0","-","0","0","0","0","0","0","0","0","0","0","0","0","0","0","0","0","0","0","3","0","0","0","1","0","0","0","0","0","0","0","0","0","0","0","0","0","0","0","0","1"
"0x7ff32b5b26c0","      LOP3.LUT R93, R38, 0x380, R93, 0xf8, !PT","4","2","4","65536","2097152","2097152","32","32","0","0","0","-","-","-","0","0","0","0","0","0","0","0","-","0","0","0","0","0","0","0","0","0","0","0","0","0","0","0","0","0","0","2","0","0","0","2","0","0","0","0","0","0","0","0","0","0","0","0","0","0","0","0","2"
"0x7ff32b5b26d0","      LOP3.LUT R39, R38, 0x380, R39, 0xf8, !PT","3","0","3","65536","2097152","2097152","32","32","0","0","0","-","-","-","0","0","0","0","0","0","0","0","-","0","0","0","0","0","0","0","0","0","0","0","0","0","0","0","0","0","0","3","0","0","0","0","0","0","0","0","0","0","0","0","0","0","0","0","0","0","0","0","0"
"0x7ff32b5b26e0","      LOP3.LUT R91, R38, 0x380, R91, 0xf8, !PT","8","1","8","65536","2097152","2097152","32","32","0","0","0","-","-","-","0","0","0","0","0","0","0","0","-","0","0","0","0","0","0","0","0","0","0","0","0","2","0","0","0","0","2","3","0","0","0","1","0","0","0","0","0","0","0","0","0","0","0","0","0","0","0","0","1"
"0x7ff32b5b26f0","      LOP3.LUT R37, R38, 0x380, R37, 0xf8, !PT","0","0","0","65536","2097152","2097152","32","32","0","0","0","-","-","-","0","0","0","0","0","0","0","0","-","0","0","0","0","0","0","0","0","0","0","0","0","0","0","0","0","0","0","0","0","0","0","0","0","0","0","0","0","0","0","0","0","0","0","0","0","0","0","0","0"
"0x7ff32b5b2700","      LOP3.LUT R89, R38, 0x380, R89, 0xf8, !PT","7","2","7","65536","2097152","2097152","32","32","0","0","0","-","-","-","0","0","0","0","0","0","0","0","-","0","0","0","0","0","0","0","0","0","0","0","0","0","0","0","0","0","0","5","0","0","0","2","0","0","0","0","0","0","0","0","0","0","0","0","0","0","0","0","2"
"0x7ff32b5b2710","      LOP3.LUT R77, R38, 0x380, R77, 0xf8, !PT","2","2","2","65536","2097152","2097152","32","32","0","0","0","-","-","-","0","0","0","0","0","0","0","0","-","0","0","0","0","0","0","0","0","0","0","0","0","0","0","0","0","0","0","0","0","0","0","2","0","0","0","0","0","0","0","0","0","0","0","0","0","0","0","0","2"
"0x7ff32b5b2720","      FMUL2 R14, R2.F32, R14.F32x2.HI_LO","1","0","1","65536","2097152","2097152","32","32","0","0","0","-","-","-","0","0","0","0","0","0","0","0","-","0","0","0","0","0","0","0","0","0","0","0","0","0","0","0","0","0","0","1","0","0","0","0","0","0","0","0","0","0","0","0","0","0","0","0","0","0","0","0","0"
"0x7ff32b5b2730","      LOP3.LUT R41, R38, 0x380, R41, 0xf8, !PT","2","0","2","65536","2097152","2097152","32","32","0","0","0","-","-","-","0","0","0","0","0","0","0","0","-","0","0","0","0","0","0","0","0","0","0","0","0","0","0","0","0","0","0","2","0","0","0","0","0","0","0","0","0","0","0","0","0","0","0","0","0","0","0","0","0"
"0x7ff32b5b2740","      FMUL2 R10, R2.F32, R10.F32x2.HI_LO","3","0","3","65536","2097152","2097152","32","32","0","0","0","-","-","-","0","0","0","0","0","0","0","0","-","0","0","0","0","0","0","0","0","0","0","0","0","0","0","0","0","0","0","3","0","0","0","0","0","0","0","0","0","0","0","0","0","0","0","0","0","0","0","0","0"
"0x7ff32b5b2750","      IADD3 R93, PT, PT, R76, 0x9400, R93","2","0","2","65536","2097152","2097152","32","32","0","0","0","-","-","-","0","0","0","0","0","0","0","0","-","0","0","0","0","0","0","0","0","0","0","0","0","0","0","0","0","0","0","2","0","0","0","0","0","0","0","0","0","0","0","0","0","0","0","0","0","0","0","0","0"
"0x7ff32b5b2760","      FMUL2 R8, R2.F32, R8.F32x2.HI_LO","5","0","5","65536","2097152","2097152","32","32","0","0","0","-","-","-","0","0","0","0","0","0","0","0","-","0","0","0","0","0","0","0","0","0","0","0","0","0","0","0","0","0","0","5","0","0","0","0","0","0","0","0","0","0","0","0","0","0","0","0","0","0","0","0","0"
"0x7ff32b5b2770","      IADD3 R92, PT, PT, R76, 0x9800, R39","1","0","1","65536","2097152","2097152","32","32","0","0","0","-","-","-","0","0","0","0","0","0","0","0","-","0","0","0","0","0","0","0","0","0","0","0","0","0","0","0","0","0","0","1","0","0","0","0","0","0","0","0","0","0","0","0","0","0","0","0","0","0","0","0","0"
"0x7ff32b5b2780","      FMUL2 R6, R2.F32, R6.F32x2.HI_LO","2","0","2","65536","2097152","2097152","32","32","0","0","0","-","-","-","0","0","0","0","0","0","0","0","-","0","0","0","0","0","0","0","0","0","0","0","0","0","0","0","0","0","0","2","0","0","0","0","0","0","0","0","0","0","0","0","0","0","0","0","0","0","0","0","0"
"0x7ff32b5b2790","      IADD3 R91, PT, PT, R76, 0x9c00, R91","9","0","9","65536","2097152","2097152","32","32","0","0","0","-","-","-","0","0","0","0","0","0","0","0","-","0","0","0","0","0","0","0","0","3","0","0","0","0","0","0","0","0","0","6","0","0","0","0","0","0","0","0","0","0","0","0","0","0","0","0","0","0","0","0","0"
"0x7ff32b5b27a0","      FMUL2 R26, R2.F32, R26.F32x2.HI_LO","1","0","1","65536","2097152","2097152","32","32","0","0","0","-","-","-","0","0","0","0","0","0","0","0","-","0","0","0","0","0","0","0","0","0","0","0","0","0","0","0","0","0","0","1","0","0","0","0","0","0","0","0","0","0","0","0","0","0","0","0","0","0","0","0","0"
"0x7ff32b5b27b0","      IADD3 R90, PT, PT, R76, 0xa000, R37","3","0","3","65536","2097152","2097152","32","32","0","0","0","-","-","-","0","0","0","0","0","0","0","0","-","0","0","0","0","0","0","0","0","2","0","0","0","0","0","0","0","0","0","1","0","0","0","0","0","0","0","0","0","0","0","0","0","0","0","0","0","0","0","0","0"
"0x7ff32b5b27c0","      FMUL2 R4, R2.F32, R4.F32x2.HI_LO","1","0","1","65536","2097152","2097152","32","32","0","0","0","-","-","-","0","0","0","0","0","0","0","0","-","0","0","0","0","0","0","0","0","0","0","0","0","0","0","0","0","0","0","1","0","0","0","0","0","0","0","0","0","0","0","0","0","0","0","0","0","0","0","0","0"
"0x7ff32b5b27d0","      IADD3 R89, PT, PT, R76, 0xa400, R89","3","0","3","65536","2097152","2097152","32","32","0","0","0","-","-","-","0","0","0","0","0","0","0","0","-","0","0","0","0","0","0","0","0","3","0","0","0","0","0","0","0","0","0","0","0","0","0","0","0","0","0","0","0","0","0","0","0","0","0","0","0","0","0","0","0"
"0x7ff32b5b27e0","      FMUL2 R20, R2.F32, R20.F32x2.HI_LO","2","0","2","65536","2097152","2097152","32","32","0","0","0","-","-","-","0","0","0","0","0","0","0","0","-","0","0","0","0","0","0","0","0","0","0","0","0","0","0","0","0","0","0","2","0","0","0","0","0","0","0","0","0","0","0","0","0","0","0","0","0","0","0","0","0"
"0x7ff32b5b27f0","      IADD3 R77, PT, PT, R76, 0xa800, R77","5","0","5","65536","2097152","2097152","32","32","0","0","0","-","-","-","0","0","0","0","0","0","0","0","-","0","0","0","0","0","0","0","0","3","0","0","0","0","0","0","0","0","0","2","0","0","0","0","0","0","0","0","0","0","0","0","0","0","0","0","0","0","0","0","0"
"0x7ff32b5b2800","      FMUL2 R12, R2.F32, R12.F32x2.HI_LO","2","0","2","65536","2097152","2097152","32","32","0","0","0","-","-","-","0","0","0","0","0","0","0","0","-","0","0","0","0","0","0","0","0","0","0","0","0","1","0","0","0","0","0","1","0","0","0","0","0","0","0","0","0","0","0","0","0","0","0","0","0","0","0","0","0"
"0x7ff32b5b2810","      F2FP.BF16.F32.PACK_AB R73, R15, R14","4","0","4","65536","2097152","2097152","32","32","0","0","0","-","-","-","0","0","0","0","0","0","0","0","-","0","0","0","0","0","0","0","0","3","0","0","0","0","0","0","0","0","0","1","0","0","0","0","0","0","0","0","0","0","0","0","0","0","0","0","0","0","0","0","0"
"0x7ff32b5b2820","      FMUL2 R74, R2.F32, R18.F32x2.HI_LO","3","0","3","65536","2097152","2097152","32","32","0","0","0","-","-","-","0","0","0","0","0","0","0","0","-","0","0","0","0","0","0","0","0","0","0","0","0","0","0","0","0","0","0","3","0","0","0","0","0","0","0","0","0","0","0","0","0","0","0","0","0","0","0","0","0"
"0x7ff32b5b2830","      IADD3 R76, PT, PT, R76, 0xac00, R41","3","0","3","65536","2097152","2097152","32","32","0","0","0","-","-","-","0","0","0","0","0","0","0","0","-","0","0","0","0","0","0","0","0","1","0","0","0","0","0","0","0","0","0","2","0","0","0","0","0","0","0","0","0","0","0","0","0","0","0","0","0","0","0","0","0"
"0x7ff32b5b2840","      FMUL2 R22, R2.F32, R22.F32x2.HI_LO","2","0","2","65536","2097152","2097152","32","32","0","0","0","-","-","-","0","0","0","0","0","0","0","0","-","0","0","0","0","0","0","0","0","0","0","0","0","0","0","0","0","0","0","2","0","0","0","0","0","0","0","0","0","0","0","0","0","0","0","0","0","0","0","0","0"
"0x7ff32b5b2850","      LEA R14, R36, UR7, 0x1","6","0","6","65536","2097152","2097152","32","32","0","0","0","-","-","-","0","0","0","0","0","0","0","0","-","0","0","0","0","0","0","0","0","4","0","0","0","0","0","0","0","0","0","2","0","0","0","0","0","0","0","0","0","0","0","0","0","0","0","0","0","0","0","0","0"
"0x7ff32b5b2860","      FMUL2 R24, R2.F32, R24.F32x2.HI_LO","3","0","3","65536","2097152","2097152","32","32","0","0","0","-","-","-","0","0","0","0","0","0","0","0","-","0","0","0","0","0","0","0","0","0","0","0","0","0","0","0","0","0","0","3","0","0","0","0","0","0","0","0","0","0","0","0","0","0","0","0","0","0","0","0","0"
"0x7ff32b5b2870","      LDTM.x32 R36, tmem[UR6+0x20]","1","0","1","65536","2097152","2097152","32","32","0","0","0","Tmem","Load","-","0","0","0","0","0","0","0","0","-","0","0","0","0","0","0","0","0","0","0","0","0","0","0","0","0","0","0","1","0","0","0","0","0","0","0","0","0","0","0","0","0","0","0","0","0","0","0","0","0"
"0x7ff32b5b2880","      LEA R80, R80, UR7, 0x1","1","0","1","65536","2097152","2097152","32","32","0","0","0","-","-","-","0","0","0","0","0","0","0","0","-","0","0","0","0","0","0","0","0","0","0","0","0","0","0","0","0","0","0","1","0","0","0","0","0","0","0","0","0","0","0","0","0","0","0","0","0","0","0","0","0"
"0x7ff32b5b2890","      FMUL2 R34, R2.F32, R34.F32x2.HI_LO","1","0","1","65536","2097152","2097152","32","32","0","0","0","-","-","-","0","0","0","0","0","0","0","0","-","0","0","0","0","0","0","0","0","1","0","0","0","0","0","0","0","0","0","0","0","0","0","0","0","0","0","0","0","0","0","0","0","0","0","0","0","0","0","0","0"
"0x7ff32b5b28a0","      F2FP.BF16.F32.PACK_AB R11, R11, R10","2","0","2","65536","2097152","2097152","32","32","0","0","0","-","-","-","0","0","0","0","0","0","0","0","-","0","0","0","0","0","0","0","0","0","0","0","0","0","0","0","0","0","0","2","0","0","0","0","0","0","0","0","0","0","0","0","0","0","0","0","0","0","0","0","0"
"0x7ff32b5b28b0","      VIADD R87, R14, 0x9000","4","0","4","65536","2097152","2097152","32","32","0","0","0","-","-","-","0","0","0","0","0","0","0","0","-","0","0","0","0","0","0","0","0","2","0","0","0","0","0","0","0","0","0","2","0","0","0","0","0","0","0","0","0","0","0","0","0","0","0","0","0","0","0","0","0"
"0x7ff32b5b28c0","      F2FP.BF16.F32.PACK_AB R10, R9, R8","5","0","5","65536","2097152","2097152","32","32","0","0","0","-","-","-","0","0","0","0","0","0","0","0","-","0","0","0","0","0","0","0","0","0","0","0","0","0","0","0","0","0","0","5","0","0","0","0","0","0","0","0","0","0","0","0","0","0","0","0","0","0","0","0","0"
"0x7ff32b5b28d0","      VIADD R100, R80, 0x9010","1","0","1","65536","2097152","2097152","32","32","0","0","0","-","-","-","0","0","0","0","0","0","0","0","-","0","0","0","0","0","0","0","0","0","0","0","0","0","0","0","0","0","0","1","0","0","0","0","0","0","0","0","0","0","0","0","0","0","0","0","0","0","0","0","0"
"0x7ff32b5b28e0","      F2FP.BF16.F32.PACK_AB R9, R7, R6","3","0","3","65536","2097152","2097152","32","32","0","0","0","-","-","-","0","0","0","0","0","0","0","0","-","0","0","0","0","0","0","0","0","0","0","0","0","0","0","0","0","0","0","3","0","0","0","0","0","0","0","0","0","0","0","0","0","0","0","0","0","0","0","0","0"
"0x7ff32b5b28f0","      VIADD R99, R80, 0x9020","2","0","2","65536","2097152","2097152","32","32","0","0","0","-","-","-","0","0","0","0","0","0","0","0","-","0","0","0","0","0","0","0","0","0","0","0","0","0","0","0","0","0","0","2","0","0","0","0","0","0","0","0","0","0","0","0","0","0","0","0","0","0","0","0","0"
"0x7ff32b5b2900","      F2FP.BF16.F32.PACK_AB R19, R27, R26","1","0","1","65536","2097152","2097152","32","32","0","0","0","-","-","-","0","0","0","0","0","0","0","0","-","0","0","0","0","0","0","0","0","0","0","0","0","0","0","0","0","0","0","1","0","0","0","0","0","0","0","0","0","0","0","0","0","0","0","0","0","0","0","0","0"
"0x7ff32b5b2910","      VIADD R6, R80, 0x9030","2","0","2","65536","2097152","2097152","32","32","0","0","0","-","-","-","0","0","0","0","0","0","0","0","-","0","0","0","0","0","0","0","0","0","0","0","0","0","0","0","0","0","0","2","0","0","0","0","0","0","0","0","0","0","0","0","0","0","0","0","0","0","0","0","0"
"0x7ff32b5b2920","      SHF.R.U32.HI R7, RZ, 0x3, R100","3","0","3","65536","2097152","2097152","32","32","0","0","0","-","-","-","0","0","0","0","0","0","0","0","-","0","0","0","0","0","0","0","0","0","0","0","0","0","0","0","0","0","0","3","0","0","0","0","0","0","0","0","0","0","0","0","0","0","0","0","0","0","0","0","0"
"0x7ff32b5b2930","      FMUL2 R26, R2.F32, R16.F32x2.HI_LO","4","0","4","65536","2097152","2097152","32","32","0","0","0","-","-","-","0","0","0","0","0","0","0","0","-","0","0","0","0","0","0","0","0","0","0","0","0","0","0","0","0","0","0","4","0","0","0","0","0","0","0","0","0","0","0","0","0","0","0","0","0","0","0","0","0"
"0x7ff32b5b2940","      SHF.R.U32.HI R8, RZ, 0x3, R99","0","0","0","65536","2097152","2097152","32","32","0","0","0","-","-","-","0","0","0","0","0","0","0","0","-","0","0","0","0","0","0","0","0","0","0","0","0","0","0","0","0","0","0","0","0","0","0","0","0","0","0","0","0","0","0","0","0","0","0","0","0","0","0","0","0"
"0x7ff32b5b2950","      VIADD R98, R80, 0x9060","0","0","0","65536","2097152","2097152","32","32","0","0","0","-","-","-","0","0","0","0","0","0","0","0","-","0","0","0","0","0","0","0","0","0","0","0","0","0","0","0","0","0","0","0","0","0","0","0","0","0","0","0","0","0","0","0","0","0","0","0","0","0","0","0","0"
"0x7ff32b5b2960","      LOP3.LUT R100, R100, 0x70, R7, 0x78, !PT","1","0","1","65536","2097152","2097152","32","32","0","0","0","-","-","-","0","0","0","0","0","0","0","0","-","0","0","0","0","0","0","0","0","0","0","0","0","0","0","0","0","0","0","1","0","0","0","0","0","0","0","0","0","0","0","0","0","0","0","0","0","0","0","0","0"
"0x7ff32b5b2970","      VIADD R14, R14, 0xb000","3","0","3","65536","2097152","2097152","32","32","0","0","0","-","-","-","0","0","0","0","0","0","0","0","-","0","0","0","0","0","0","0","0","0","0","0","0","0","0","0","0","0","0","3","0","0","0","0","0","0","0","0","0","0","0","0","0","0","0","0","0","0","0","0","0"
"0x7ff32b5b2980","      SHF.R.U32.HI R7, RZ, 0x3, R6","6","2","6","65536","2097152","2097152","32","32","0","0","0","-","-","-","0","0","0","0","0","0","0","0","-","0","0","0","0","0","0","0","0","0","0","0","0","2","0","0","0","0","2","2","0","0","0","0","0","0","0","0","0","0","2","0","0","0","0","0","0","0","0","0","0"
"0x7ff32b5b2990","      FMUL2 R32, R2.F32, R32.F32x2.HI_LO","1","0","1","65536","2097152","2097152","32","32","0","0","0","-","-","-","0","0","0","0","0","0","0","0","-","0","0","0","0","0","0","0","0","0","0","0","0","0","0","0","0","0","0","1","0","0","0","0","0","0","0","0","0","0","0","0","0","0","0","0","0","0","0","0","0"
"0x7ff32b5b29a0","      LOP3.LUT R99, R99, 0x70, R8, 0x78, !PT","1","0","1","65536","2097152","2097152","32","32","0","0","0","-","-","-","0","0","0","0","0","0","0","0","-","0","0","0","0","0","0","0","0","0","0","0","0","0","0","0","0","0","0","1","0","0","0","0","0","0","0","0","0","0","0","0","0","0","0","0","0","0","0","0","0"
"0x7ff32b5b29b0","      FMUL2 R30, R2.F32, R30.F32x2.HI_LO","5","0","5","65536","2097152","2097152","32","32","0","0","0","-","-","-","0","0","0","0","0","0","0","0","-","0","0","0","0","0","0","0","0","0","0","0","0","0","0","0","0","0","0","5","0","0","0","0","0","0","0","0","0","0","0","0","0","0","0","0","0","0","0","0","0"
"0x7ff32b5b29c0","      F2FP.BF16.F32.PACK_AB R8, R5, R4","2","0","2","65536","2097152","2097152","32","32","0","0","0","-","-","-","0","0","0","0","0","0","0","0","-","0","0","0","0","0","0","0","0","0","0","0","0","0","0","0","0","0","0","2","0","0","0","0","0","0","0","0","0","0","0","0","0","0","0","0","0","0","0","0","0"
"0x7ff32b5b29d0","      VIADD R5, R80, 0x9040","2","0","2","65536","2097152","2097152","32","32","0","0","0","-","-","-","0","0","0","0","0","0","0","0","-","0","0","0","0","0","0","0","0","0","0","0","0","0","0","0","0","0","0","2","0","0","0","0","0","0","0","0","0","0","0","0","0","0","0","0","0","0","0","0","0"
"0x7ff32b5b29e0","      LOP3.LUT R4, R6, 0x70, R7, 0x78, !PT","4","0","4","65536","2097152","2097152","32","32","0","0","0","-","-","-","0","0","0","0","0","0","0","0","-","0","0","0","0","0","0","0","0","1","0","0","0","0","0","0","0","0","0","3","0","0","0","0","0","0","0","0","0","0","0","0","0","0","0","0","0","0","0","0","0"
"0x7ff32b5b29f0","      VIADD R6, R80, 0x9050","4","0","4","65536","2097152","2097152","32","32","0","0","0","-","-","-","0","0","0","0","0","0","0","0","-","0","0","0","0","0","0","0","0","0","0","0","0","0","0","0","0","0","0","4","0","0","0","0","0","0","0","0","0","0","0","0","0","0","0","0","0","0","0","0","0"
"0x7ff32b5b2a00","      F2FP.BF16.F32.PACK_AB R16, R21, R20","18","5","18","65536","2097152","2097152","32","32","0","0","0","-","-","-","0","0","0","0","0","0","0","0","-","0","0","0","0","0","0","0","0","1","0","0","0","7","0","0","0","0","6","4","0","0","0","0","0","0","0","0","0","0","5","0","0","0","0","0","0","0","0","0","0"
"0x7ff32b5b2a10","      VIADD R80, R80, 0x9070","2","0","2","65536","2097152","2097152","32","32","0","0","0","-","-","-","0","0","0","0","0","0","0","0","-","0","0","0","0","0","0","0","0","0","0","0","0","0","0","0","0","0","0","2","0","0","0","0","0","0","0","0","0","0","0","0","0","0","0","0","0","0","0","0","0"
"0x7ff32b5b2a20","      F2FP.BF16.F32.PACK_AB R72, R13, R12","0","0","0","65536","2097152","2097152","32","32","0","0","0","-","-","-","0","0","0","0","0","0","0","0","-","0","0","0","0","0","0","0","0","0","0","0","0","0","0","0","0","0","0","0","0","0","0","0","0","0","0","0","0","0","0","0","0","0","0","0","0","0","0","0","0"
"0x7ff32b5b2a30","      FMUL2 R66, R2.F32, R66.F32x2.HI_LO","139","11","139","65536","2097152","2097152","32","32","0","0","0","-","-","-","0","0","0","0","0","0","0","0","-","0","0","0","0","0","0","0","0","2","0","0","0","38","0","0","0","0","54","3","42","0","0","0","0","0","0","0","0","0","1","0","0","0","0","0","0","10","0","0","0"
"0x7ff32b5b2a40","      SHF.R.U32.HI R12, RZ, 0x3, R87","2","0","2","65536","2097152","2097152","32","32","0","0","0","-","-","-","0","0","0","0","0","0","0","0","-","0","0","0","0","0","0","0","0","0","0","0","0","0","0","0","0","0","0","2","0","0","0","0","0","0","0","0","0","0","0","0","0","0","0","0","0","0","0","0","0"
"0x7ff32b5b2a50","      FMUL2 R64, R2.F32, R64.F32x2.HI_LO","2","0","2","65536","2097152","2097152","32","32","0","0","0","-","-","-","0","0","0","0","0","0","0","0","-","0","0","0","0","0","0","0","0","0","0","0","0","0","0","0","0","0","0","2","0","0","0","0","0","0","0","0","0","0","0","0","0","0","0","0","0","0","0","0","0"
"0x7ff32b5b2a60","      LEA R20, R78, UR7, 0x1","1","0","1","65536","2097152","2097152","32","32","0","0","0","-","-","-","0","0","0","0","0","0","0","0","-","0","0","0","0","0","0","0","0","1","0","0","0","0","0","0","0","0","0","0","0","0","0","0","0","0","0","0","0","0","0","0","0","0","0","0","0","0","0","0","0"
"0x7ff32b5b2a70","      FMUL2 R28, R2.F32, R28.F32x2.HI_LO","1","0","1","65536","2097152","2097152","32","32","0","0","0","-","-","-","0","0","0","0","0","0","0","0","-","0","0","0","0","0","0","0","0","0","0","0","0","0","0","0","0","0","0","1","0","0","0","0","0","0","0","0","0","0","0","0","0","0","0","0","0","0","0","0","0"
"0x7ff32b5b2a80","      LOP3.LUT R87, R87, 0x70, R12, 0x78, !PT","4","0","4","65536","2097152","2097152","32","32","0","0","0","-","-","-","0","0","0","0","0","0","0","0","-","0","0","0","0","0","0","0","0","1","0","0","0","0","0","0","0","0","0","3","0","0","0","0","0","0","0","0","0","0","0","0","0","0","0","0","0","0","0","0","0"
"0x7ff32b5b2a90","      FMUL2 R58, R2.F32, R58.F32x2.HI_LO","1","0","1","65536","2097152","2097152","32","32","0","0","0","-","-","-","0","0","0","0","0","0","0","0","-","0","0","0","0","0","0","0","0","0","0","0","0","0","0","0","0","0","0","1","0","0","0","0","0","0","0","0","0","0","0","0","0","0","0","0","0","0","0","0","0"
"0x7ff32b5b2aa0","      SHF.R.U32.HI R12, RZ, 0x3, R5","2","0","2","65536","2097152","2097152","32","32","0","0","0","-","-","-","0","0","0","0","0","0","0","0","-","0","0","0","0","0","0","0","0","0","0","0","0","0","0","0","0","0","0","2","0","0","0","0","0","0","0","0","0","0","0","0","0","0","0","0","0","0","0","0","0"
"0x7ff32b5b2ab0","      VIADD R85, R20, 0x9000","2","0","2","65536","2097152","2097152","32","32","0","0","0","-","-","-","0","0","0","0","0","0","0","0","-","0","0","0","0","0","0","0","0","1","0","0","0","0","0","0","0","0","0","1","0","0","0","0","0","0","0","0","0","0","0","0","0","0","0","0","0","0","0","0","0"
"0x7ff32b5b2ac0","      SHF.R.U32.HI R95, RZ, 0x3, R80","6","0","6","65536","2097152","2097152","32","32","0","0","0","-","-","-","0","0","0","0","0","0","0","0","-","0","0","0","0","0","0","0","0","4","0","0","0","0","0","0","0","0","0","2","0","0","0","0","0","0","0","0","0","0","0","0","0","0","0","0","0","0","0","0","0"
"0x7ff32b5b2ad0","      VIADD R84, R20, 0x9400","2","0","2","65536","2097152","2097152","32","32","0","0","0","-","-","-","0","0","0","0","0","0","0","0","-","0","0","0","0","0","0","0","0","0","0","0","0","0","0","0","0","0","0","2","0","0","0","0","0","0","0","0","0","0","0","0","0","0","0","0","0","0","0","0","0"
"0x7ff32b5b2ae0","      LEA R79, R79, UR7, 0x1","1","0","1","65536","2097152","2097152","32","32","0","0","0","-","-","-","0","0","0","0","0","0","0","0","-","0","0","0","0","0","0","0","0","0","0","0","0","0","0","0","0","0","0","1","0","0","0","0","0","0","0","0","0","0","0","0","0","0","0","0","0","0","0","0","0"
"0x7ff32b5b2af0","      VIADD R82, R20, 0x9c00","1","0","1","65536","2097152","2097152","32","32","0","0","0","-","-","-","0","0","0","0","0","0","0","0","-","0","0","0","0","0","0","0","0","0","0","0","0","0","0","0","0","0","0","1","0","0","0","0","0","0","0","0","0","0","0","0","0","0","0","0","0","0","0","0","0"
"0x7ff32b5b2b00","      F2FP.BF16.F32.PACK_AB R67, R67, R66","4","0","4","65536","2097152","2097152","32","32","0","0","0","-","-","-","0","0","0","0","0","0","0","0","-","0","0","0","0","0","0","0","0","0","0","0","0","0","0","0","0","0","0","4","0","0","0","0","0","0","0","0","0","0","0","0","0","0","0","0","0","0","0","0","0"
"0x7ff32b5b2b10","      VIADD R78, R20, 0xa800","3","0","3","65536","2097152","2097152","32","32","0","0","0","-","-","-","0","0","0","0","0","0","0","0","-","0","0","0","0","0","0","0","0","0","0","0","0","0","0","0","0","0","0","3","0","0","0","0","0","0","0","0","0","0","0","0","0","0","0","0","0","0","0","0","0"
"0x7ff32b5b2b20","      F2FP.BF16.F32.PACK_AB R66, R65, R64","4","0","4","65536","2097152","2097152","32","32","0","0","0","-","-","-","0","0","0","0","0","0","0","0","-","0","0","0","0","0","0","0","0","0","0","0","0","0","0","0","0","0","0","4","0","0","0","0","0","0","0","0","0","0","0","0","0","0","0","0","0","0","0","0","0"
"0x7ff32b5b2b30","      VIADD R79, R79, 0x9000","3","0","3","65536","2097152","2097152","32","32","0","0","0","-","-","-","0","0","0","0","0","0","0","0","-","0","0","0","0","0","0","0","0","0","0","0","0","0","0","0","0","0","0","3","0","0","0","0","0","0","0","0","0","0","0","0","0","0","0","0","0","0","0","0","0"
"0x7ff32b5b2b40","      LOP3.LUT R64, R5, 0x70, R12, 0x78, !PT","3","0","3","65536","2097152","2097152","32","32","0","0","0","-","-","-","0","0","0","0","0","0","0","0","-","0","0","0","0","0","0","0","0","0","0","0","0","0","0","0","0","0","0","3","0","0","0","0","0","0","0","0","0","0","0","0","0","0","0","0","0","0","0","0","0"
"0x7ff32b5b2b50","      FMUL2 R56, R2.F32, R56.F32x2.HI_LO","1","0","1","65536","2097152","2097152","32","32","0","0","0","-","-","-","0","0","0","0","0","0","0","0","-","0","0","0","0","0","0","0","0","0","0","0","0","0","0","0","0","0","0","1","0","0","0","0","0","0","0","0","0","0","0","0","0","0","0","0","0","0","0","0","0"
"0x7ff32b5b2b60","      LOP3.LUT R95, R80, 0x70, R95, 0x78, !PT","1","0","1","65536","2097152","2097152","32","32","0","0","0","-","-","-","0","0","0","0","0","0","0","0","-","0","0","0","0","0","0","0","0","0","0","0","0","0","0","0","0","0","0","1","0","0","0","0","0","0","0","0","0","0","0","0","0","0","0","0","0","0","0","0","0"
"0x7ff32b5b2b70","      VIADD R80, R20, 0xa000","2","0","2","65536","2097152","2097152","32","32","0","0","0","-","-","-","0","0","0","0","0","0","0","0","-","0","0","0","0","0","0","0","0","0","0","0","0","0","0","0","0","0","0","2","0","0","0","0","0","0","0","0","0","0","0","0","0","0","0","0","0","0","0","0","0"
"0x7ff32b5b2b80","      SHF.R.U32.HI R12, RZ, 0x3, R85","3","1","3","65536","2097152","2097152","32","32","0","0","0","-","-","-","0","0","0","0","0","0","0","0","-","0","0","0","0","0","0","0","0","0","0","0","0","0","0","0","0","1","0","2","0","0","0","0","0","0","0","0","0","0","0","0","0","0","1","0","0","0","0","0","0"
"0x7ff32b5b2b90","      FMUL2 R50, R2.F32, R50.F32x2.HI_LO","3","0","3","65536","2097152","2097152","32","32","0","0","0","-","-","-","0","0","0","0","0","0","0","0","-","0","0","0","0","0","0","0","0","0","0","0","0","0","0","0","0","0","0","3","0","0","0","0","0","0","0","0","0","0","0","0","0","0","0","0","0","0","0","0","0"
"0x7ff32b5b2ba0","      F2FP.BF16.F32.PACK_AB R17, R23, R22","3","0","3","65536","2097152","2097152","32","32","0","0","0","-","-","-","0","0","0","0","0","0","0","0","-","0","0","0","0","0","0","0","0","0","0","0","0","0","0","0","0","0","0","3","0","0","0","0","0","0","0","0","0","0","0","0","0","0","0","0","0","0","0","0","0"
"0x7ff32b5b2bb0","      VIADD R22, R20, 0xa400","1","0","1","65536","2097152","2097152","32","32","0","0","0","-","-","-","0","0","0","0","0","0","0","0","-","0","0","0","0","0","0","0","0","0","0","0","0","0","0","0","0","0","0","1","0","0","0","0","0","0","0","0","0","0","0","0","0","0","0","0","0","0","0","0","0"
"0x7ff32b5b2bc0","      LOP3.LUT R85, R85, 0x70, R12, 0x78, !PT","3","0","3","65536","2097152","2097152","32","32","0","0","0","-","-","-","0","0","0","0","0","0","0","0","-","0","0","0","0","0","0","0","0","0","0","0","0","0","0","0","0","0","0","3","0","0","0","0","0","0","0","0","0","0","0","0","0","0","0","0","0","0","0","0","0"
"0x7ff32b5b2bd0","      VIADD R12, R20, 0x9800","0","0","0","65536","2097152","2097152","32","32","0","0","0","-","-","-","0","0","0","0","0","0","0","0","-","0","0","0","0","0","0","0","0","0","0","0","0","0","0","0","0","0","0","0","0","0","0","0","0","0","0","0","0","0","0","0","0","0","0","0","0","0","0","0","0"
"0x7ff32b5b2be0","      SHF.R.U32.HI R13, RZ, 0x3, R14","2","0","2","65536","2097152","2097152","32","32","0","0","0","-","-","-","0","0","0","0","0","0","0","0","-","0","0","0","0","0","0","0","0","0","0","0","0","0","0","0","0","0","0","2","0","0","0","0","0","0","0","0","0","0","0","0","0","0","0","0","0","0","0","0","0"
"0x7ff32b5b2bf0","      FMUL2 R48, R2.F32, R48.F32x2.HI_LO","2","0","2","65536","2097152","2097152","32","32","0","0","0","-","-","-","0","0","0","0","0","0","0","0","-","0","0","0","0","0","0","0","0","0","0","0","0","0","0","0","0","0","0","2","0","0","0","0","0","0","0","0","0","0","0","0","0","0","0","0","0","0","0","0","0"
"0x7ff32b5b2c00","      SHF.R.U32.HI R21, RZ, 0x3, R80","2","2","2","65536","2097152","2097152","32","32","0","0","0","-","-","-","0","0","0","0","0","0","0","0","-","0","0","0","0","0","0","0","0","0","0","0","0","0","0","0","0","2","0","0","0","0","0","0","0","0","0","0","0","0","0","0","0","0","2","0","0","0","0","0","0"
"0x7ff32b5b2c10","      FMUL2 R46, R2.F32, R46.F32x2.HI_LO","1","0","1","65536","2097152","2097152","32","32","0","0","0","-","-","-","0","0","0","0","0","0","0","0","-","0","0","0","0","0","0","0","0","0","0","0","0","0","0","0","0","0","0","1","0","0","0","0","0","0","0","0","0","0","0","0","0","0","0","0","0","0","0","0","0"
"0x7ff32b5b2c20","      F2FP.BF16.F32.PACK_AB R75, R75, R74","1","0","1","65536","2097152","2097152","32","32","0","0","0","-","-","-","0","0","0","0","0","0","0","0","-","0","0","0","0","0","0","0","0","0","0","0","0","0","0","0","0","0","0","1","0","0","0","0","0","0","0","0","0","0","0","0","0","0","0","0","0","0","0","0","0"
"0x7ff32b5b2c30","      FMUL2 R44, R2.F32, R44.F32x2.HI_LO","3","0","3","65536","2097152","2097152","32","32","0","0","0","-","-","-","0","0","0","0","0","0","0","0","-","0","0","0","0","0","0","0","0","0","0","0","0","0","0","0","0","0","0","3","0","0","0","0","0","0","0","0","0","0","0","0","0","0","0","0","0","0","0","0","0"
"0x7ff32b5b2c40","      SHF.R.U32.HI R86, RZ, 0x3, R79","5","0","5","65536","2097152","2097152","32","32","0","0","0","-","-","-","0","0","0","0","0","0","0","0","-","0","0","0","0","0","0","0","0","0","0","0","0","0","0","0","0","0","0","5","0","0","0","0","0","0","0","0","0","0","0","0","0","0","0","0","0","0","0","0","0"
"0x7ff32b5b2c50","      FMUL2 R42, R2.F32, R42.F32x2.HI_LO","2","0","2","65536","2097152","2097152","32","32","0","0","0","-","-","-","0","0","0","0","0","0","0","0","-","0","0","0","0","0","0","0","0","0","0","0","0","0","0","0","0","0","0","2","0","0","0","0","0","0","0","0","0","0","0","0","0","0","0","0","0","0","0","0","0"
"0x7ff32b5b2c60","      F2FP.BF16.F32.PACK_AB R74, R27, R26","5","0","5","65536","2097152","2097152","32","32","0","0","0","-","-","-","0","0","0","0","0","0","0","0","-","0","0","0","0","0","0","0","0","0","0","0","0","0","0","0","0","0","0","5","0","0","0","0","0","0","0","0","0","0","0","0","0","0","0","0","0","0","0","0","0"
"0x7ff32b5b2c70","      FMUL2 R40, R2.F32, R40.F32x2.HI_LO","2","0","2","65536","2097152","2097152","32","32","0","0","0","-","-","-","0","0","0","0","0","0","0","0","-","0","0","0","0","0","0","0","0","0","0","0","0","0","0","0","0","0","0","2","0","0","0","0","0","0","0","0","0","0","0","0","0","0","0","0","0","0","0","0","0"
"0x7ff32b5b2c80","      F2FP.BF16.F32.PACK_AB R18, R25, R24","8","0","8","65536","2097152","2097152","32","32","0","0","0","-","-","-","0","0","0","0","0","0","0","0","-","0","0","0","0","0","0","0","0","2","0","0","0","1","0","0","0","0","0","5","0","0","0","0","0","0","0","0","0","0","0","0","0","0","0","0","0","0","0","0","0"
"0x7ff32b5b2c90","      FMUL2 R38, R2.F32, R38.F32x2.HI_LO","3","0","3","65536","2097152","2097152","32","32","0","0","0","-","-","-","0","0","0","0","0","0","0","0","-","0","0","0","0","0","0","0","0","0","0","0","0","0","0","0","0","0","0","3","0","0","0","0","0","0","0","0","0","0","0","0","0","0","0","0","0","0","0","0","0"
"0x7ff32b5b2ca0","      F2FP.BF16.F32.PACK_AB R71, R35, R34","0","0","0","65536","2097152","2097152","32","32","0","0","0","-","-","-","0","0","0","0","0","0","0","0","-","0","0","0","0","0","0","0","0","0","0","0","0","0","0","0","0","0","0","0","0","0","0","0","0","0","0","0","0","0","0","0","0","0","0","0","0","0","0","0","0"
"0x7ff32b5b2cb0","      FMUL2 R36, R2.F32, R36.F32x2.HI_LO","2","0","2","65536","2097152","2097152","32","32","0","0","0","-","-","-","0","0","0","0","0","0","0","0","-","0","0","0","0","0","0","0","0","0","0","0","0","0","0","0","0","0","0","2","0","0","0","0","0","0","0","0","0","0","0","0","0","0","0","0","0","0","0","0","0"
"0x7ff32b5b2cc0","      F2FP.BF16.F32.PACK_AB R70, R33, R32","0","0","0","65536","2097152","2097152","32","32","0","0","0","-","-","-","0","0","0","0","0","0","0","0","-","0","0","0","0","0","0","0","0","0","0","0","0","0","0","0","0","0","0","0","0","0","0","0","0","0","0","0","0","0","0","0","0","0","0","0","0","0","0","0","0"
"0x7ff32b5b2cd0","      STS.128 [R87], R8","5","0","5","65536","2097152","2097152","32","32","0","0","0","Shared","Store","128","0","4","0","262144","262144","0","0","0","-","0","0","0","0","0","0","0","0","0","0","0","0","0","0","0","0","0","0","5","0","0","0","0","0","0","0","0","0","0","0","0","0","0","0","0","0","0","0","0","0"
"0x7ff32b5b2ce0","      F2FP.BF16.F32.PACK_AB R69, R31, R30","3","0","3","65536","2097152","2097152","32","32","0","0","0","-","-","-","0","0","0","0","0","0","0","0","-","0","0","0","0","0","0","0","0","0","0","0","0","0","0","0","0","0","0","3","0","0","0","0","0","0","0","0","0","0","0","0","0","0","0","0","0","0","0","0","0"
"0x7ff32b5b2cf0","      VIADD R65, R20, 0xac00","2","0","2","65536","2097152","2097152","32","32","0","0","0","-","-","-","0","0","0","0","0","0","0","0","-","0","0","0","0","0","0","0","0","0","0","0","0","0","0","0","0","0","0","2","0","0","0","0","0","0","0","0","0","0","0","0","0","0","0","0","0","0","0","0","0"
"0x7ff32b5b2d00","      F2FP.BF16.F32.PACK_AB R68, R29, R28","6","0","6","65536","2097152","2097152","32","32","0","0","0","-","-","-","0","0","0","0","0","0","0","0","-","0","0","0","0","0","0","0","0","0","0","0","0","3","0","0","0","0","1","2","0","0","0","0","0","0","0","0","0","0","0","0","0","0","0","0","0","0","0","0","0"
"0x7ff32b5b2d10","      STS.128 [R100], R72","1","0","1","65536","2097152","2097152","32","32","0","0","0","Shared","Store","128","0","4","0","262144","262144","0","0","0","-","0","0","0","0","0","0","0","0","0","0","0","0","0","0","0","0","0","0","1","0","0","0","0","0","0","0","0","0","0","0","0","0","0","0","0","0","0","0","0","0"
"0x7ff32b5b2d20","      SHF.R.U32.HI R5, RZ, 0x3, R6","3","0","3","65536","2097152","2097152","32","32","0","0","0","-","-","-","0","0","0","0","0","0","0","0","-","0","0","0","0","0","0","0","0","0","0","0","0","0","0","0","0","0","0","3","0","0","0","0","0","0","0","0","0","0","0","0","0","0","0","0","0","0","0","0","0"
"0x7ff32b5b2d30","      FMUL2 R54, R2.F32, R54.F32x2.HI_LO","1","0","1","65536","2097152","2097152","32","32","0","0","0","-","-","-","0","0","0","0","0","0","0","0","-","0","0","0","0","0","0","0","0","0","0","0","0","0","0","0","0","0","0","1","0","0","0","0","0","0","0","0","0","0","0","0","0","0","0","0","0","0","0","0","0"
"0x7ff32b5b2d40","      SHF.R.U32.HI R7, RZ, 0x3, R98","0","0","0","65536","2097152","2097152","32","32","0","0","0","-","-","-","0","0","0","0","0","0","0","0","-","0","0","0","0","0","0","0","0","0","0","0","0","0","0","0","0","0","0","0","0","0","0","0","0","0","0","0","0","0","0","0","0","0","0","0","0","0","0","0","0"
"0x7ff32b5b2d50","      STS.128 [R99], R16","2","0","2","65536","2097152","2097152","32","32","0","0","0","Shared","Store","128","0","4","0","262144","262144","0","0","0","-","0","0","0","0","0","0","0","0","0","0","0","0","0","0","0","0","0","0","2","0","0","0","0","0","0","0","0","0","0","0","0","0","0","0","0","0","0","0","0","0"
"0x7ff32b5b2d60","      LOP3.LUT R94, R14, 0x70, R13, 0x78, !PT","0","0","0","65536","2097152","2097152","32","32","0","0","0","-","-","-","0","0","0","0","0","0","0","0","-","0","0","0","0","0","0","0","0","0","0","0","0","0","0","0","0","0","0","0","0","0","0","0","0","0","0","0","0","0","0","0","0","0","0","0","0","0","0","0","0"
"0x7ff32b5b2d70","      FMUL2 R52, R2.F32, R52.F32x2.HI_LO","2","0","2","65536","2097152","2097152","32","32","0","0","0","-","-","-","0","0","0","0","0","0","0","0","-","0","0","0","0","0","0","0","0","0","0","0","0","0","0","0","0","0","0","2","0","0","0","0","0","0","0","0","0","0","0","0","0","0","0","0","0","0","0","0","0"
"0x7ff32b5b2d80","      LOP3.LUT R80, R80, 0x70, R21, 0x78, !PT","7","0","7","65536","2097152","2097152","32","32","0","0","0","-","-","-","0","0","0","0","0","0","0","0","-","0","0","0","0","0","0","0","0","0","0","0","0","1","0","0","0","0","1","5","0","0","0","0","0","0","0","0","0","0","0","0","0","0","0","0","0","0","0","0","0"
"0x7ff32b5b2d90","      STS.128 [R4], R68","4","0","4","65536","2097152","2097152","32","32","0","0","0","Shared","Store","128","0","4","0","262144","262144","0","0","0","-","0","0","0","0","0","0","0","0","0","0","0","0","0","0","0","0","0","0","4","0","0","0","0","0","0","0","0","0","0","0","0","0","0","0","0","0","0","0","0","0"
"0x7ff32b5b2da0","      LOP3.LUT R86, R79, 0x70, R86, 0x78, !PT","3","0","3","65536","2097152","2097152","32","32","0","0","0","-","-","-","0","0","0","0","0","0","0","0","-","0","0","0","0","0","0","0","0","0","0","0","0","0","0","0","0","0","0","3","0","0","0","0","0","0","0","0","0","0","0","0","0","0","0","0","0","0","0","0","0"
"0x7ff32b5b2db0","      NOP","3","0","3","65536","2097152","2097152","32","32","0","0","0","-","-","-","0","0","0","0","0","0","0","0","-","0","0","0","0","0","0","0","0","0","0","0","0","0","0","0","0","0","0","3","0","0","0","0","0","0","0","0","0","0","0","0","0","0","0","0","0","0","0","0","0"
"0x7ff32b5b2dc0","      SHF.R.U32.HI R13, RZ, 0x3, R84","1","0","1","65536","2097152","2097152","32","32","0","0","0","-","-","-","0","0","0","0","0","0","0","0","-","0","0","0","0","0","0","0","0","0","0","0","0","0","0","0","0","0","0","1","0","0","0","0","0","0","0","0","0","0","0","0","0","0","0","0","0","0","0","0","0"
"0x7ff32b5b2dd0","      FMUL2 R62, R2.F32, R62.F32x2.HI_LO","2","0","2","65536","2097152","2097152","32","32","0","0","0","-","-","-","0","0","0","0","0","0","0","0","-","0","0","0","0","0","0","0","0","1","0","0","0","0","0","0","0","0","0","1","0","0","0","0","0","0","0","0","0","0","0","0","0","0","0","0","0","0","0","0","0"
"0x7ff32b5b2de0","      SHF.R.U32.HI R83, RZ, 0x3, R12","2","0","2","65536","2097152","2097152","32","32","0","0","0","-","-","-","0","0","0","0","0","0","0","0","-","0","0","0","0","0","0","0","0","0","0","0","0","0","0","0","0","0","0","2","0","0","0","0","0","0","0","0","0","0","0","0","0","0","0","0","0","0","0","0","0"
"0x7ff32b5b2df0","      FMUL2 R60, R2.F32, R60.F32x2.HI_LO","2","0","2","65536","2097152","2097152","32","32","0","0","0","-","-","-","0","0","0","0","0","0","0","0","-","0","0","0","0","0","0","0","0","0","0","0","0","0","0","0","0","0","0","2","0","0","0","0","0","0","0","0","0","0","0","0","0","0","0","0","0","0","0","0","0"
"0x7ff32b5b2e00","      SHF.R.U32.HI R23, RZ, 0x3, R82","1","0","1","65536","2097152","2097152","32","32","0","0","0","-","-","-","0","0","0","0","0","0","0","0","-","0","0","0","0","0","0","0","0","0","0","0","0","0","0","0","0","0","0","1","0","0","0","0","0","0","0","0","0","0","0","0","0","0","0","0","0","0","0","0","0"
"0x7ff32b5b2e10","      SHF.R.U32.HI R21, RZ, 0x3, R78","101","16","101","65536","2097152","2097152","32","32","0","0","0","-","-","-","0","0","0","0","0","0","0","0","-","0","0","0","0","0","0","0","0","7","0","0","0","47","0","0","0","0","44","1","0","0","0","2","0","0","0","0","0","0","15","0","0","0","0","0","0","0","0","0","1"
"0x7ff32b5b2e20","      SHF.R.U32.HI R79, RZ, 0x3, R22","6","4","6","65536","2097152","2097152","32","32","0","0","0","-","-","-","0","0","0","0","0","0","0","0","-","0","0","0","0","0","0","0","0","0","0","0","0","0","0","0","0","0","0","2","0","0","0","4","0","0","0","0","0","0","0","0","0","0","0","0","0","0","0","0","4"
"0x7ff32b5b2e30","      LOP3.LUT R5, R6, 0x70, R5, 0x78, !PT","4","2","4","65536","2097152","2097152","32","32","0","0","0","-","-","-","0","0","0","0","0","0","0","0","-","0","0","0","0","0","0","0","0","0","0","0","0","0","0","0","0","0","0","2","0","0","0","2","0","0","0","0","0","0","0","0","0","0","0","0","0","0","0","0","2"
"0x7ff32b5b2e40","      LOP3.LUT R98, R98, 0x70, R7, 0x78, !PT","3","2","3","65536","2097152","2097152","32","32","0","0","0","-","-","-","0","0","0","0","0","0","0","0","-","0","0","0","0","0","0","0","0","0","0","0","0","0","0","0","0","0","0","1","0","0","0","2","0","0","0","0","0","0","0","0","0","0","0","0","0","0","0","0","2"
"0x7ff32b5b2e50","      F2FP.BF16.F32.PACK_AB R7, R59, R58","8","3","8","65536","2097152","2097152","32","32","0","0","0","-","-","-","0","0","0","0","0","0","0","0","-","0","0","0","0","0","0","0","0","0","0","0","0","0","0","0","0","0","0","5","0","0","0","3","0","0","0","0","0","0","0","0","0","0","0","0","0","0","0","0","3"
"0x7ff32b5b2e60","      F2FP.BF16.F32.PACK_AB R6, R57, R56","7","3","7","65536","2097152","2097152","32","32","0","0","0","-","-","-","0","0","0","0","0","0","0","0","-","0","0","0","0","0","0","0","0","0","0","0","0","0","0","0","0","0","0","4","0","0","0","3","0","0","0","0","0","0","0","0","0","0","0","0","0","0","0","0","3"
"0x7ff32b5b2e70","      LOP3.LUT R84, R84, 0x70, R13, 0x78, !PT","22","10","22","65536","2097152","2097152","32","32","0","0","0","-","-","-","0","0","0","0","0","0","0","0","-","0","0","0","0","0","0","0","0","0","0","0","0","6","0","0","0","0","9","2","0","0","0","5","0","0","0","0","0","0","5","0","0","0","0","0","0","0","0","0","5"
"0x7ff32b5b2e80","      LOP3.LUT R83, R12, 0x70, R83, 0x78, !PT","5","3","5","65536","2097152","2097152","32","32","0","0","0","-","-","-","0","0","0","0","0","0","0","0","-","0","0","0","0","0","0","0","0","0","0","0","0","0","0","0","0","0","0","2","0","0","0","3","0","0","0","0","0","0","0","0","0","0","0","0","0","0","0","0","3"
"0x7ff32b5b2e90","      F2FP.BF16.F32.PACK_AB R15, R51, R50","1","1","1","65536","2097152","2097152","32","32","0","0","0","-","-","-","0","0","0","0","0","0","0","0","-","0","0","0","0","0","0","0","0","0","0","0","0","0","0","0","0","0","0","0","0","0","0","1","0","0","0","0","0","0","0","0","0","0","0","0","0","0","0","0","1"
"0x7ff32b5b2ea0","      F2FP.BF16.F32.PACK_AB R14, R49, R48","3","2","3","65536","2097152","2097152","32","32","0","0","0","-","-","-","0","0","0","0","0","0","0","0","-","0","0","0","0","0","0","0","0","0","0","0","0","0","0","0","0","0","0","1","0","0","0","2","0","0","0","0","0","0","0","0","0","0","0","0","0","0","0","0","2"
"0x7ff32b5b2eb0","      F2FP.BF16.F32.PACK_AB R13, R47, R46","3","0","3","65536","2097152","2097152","32","32","0","0","0","-","-","-","0","0","0","0","0","0","0","0","-","0","0","0","0","0","0","0","0","0","0","0","0","0","0","0","0","0","0","3","0","0","0","0","0","0","0","0","0","0","0","0","0","0","0","0","0","0","0","0","0"
"0x7ff32b5b2ec0","      F2FP.BF16.F32.PACK_AB R12, R45, R44","6","5","6","65536","2097152","2097152","32","32","0","0","0","-","-","-","0","0","0","0","0","0","0","0","-","0","0","0","0","0","0","0","0","0","0","0","0","0","0","0","0","0","0","1","0","0","0","5","0","0","0","0","0","0","0","0","0","0","0","0","0","0","0","0","5"
"0x7ff32b5b2ed0","      F2FP.BF16.F32.PACK_AB R59, R43, R42","48","19","48","65536","2097152","2097152","32","32","0","0","0","-","-","-","0","0","0","0","0","0","0","0","-","0","0","0","0","0","0","0","0","0","0","0","0","18","0","0","0","0","26","2","0","0","0","2","0","0","0","0","0","0","17","0","0","0","0","0","0","0","0","0","2"
"0x7ff32b5b2ee0","      LOP3.LUT R82, R82, 0x70, R23, 0x78, !PT","4","3","4","65536","2097152","2097152","32","32","0","0","0","-","-","-","0","0","0","0","0","0","0","0","-","0","0","0","0","0","0","0","0","0","0","0","0","0","0","0","0","0","0","1","0","0","0","3","0","0","0","0","0","0","0","0","0","0","0","0","0","0","0","0","3"
"0x7ff32b5b2ef0","      LOP3.LUT R79, R22, 0x70, R79, 0x78, !PT","2","0","2","65536","2097152","2097152","32","32","0","0","0","-","-","-","0","0","0","0","0","0","0","0","-","0","0","0","0","0","0","0","0","0","0","0","0","0","0","0","0","0","0","1","0","0","0","1","0","0","0","0","0","0","0","0","0","0","0","0","0","0","0","0","0"
"0x7ff32b5b2f00","      LOP3.LUT R78, R78, 0x70, R21, 0x78, !PT","7","3","7","65536","2097152","2097152","32","32","0","0","0","-","-","-","0","0","0","0","0","0","0","0","-","0","0","0","0","0","0","0","0","0","0","0","0","0","0","0","0","0","0","4","0","0","0","3","0","0","0","0","0","0","0","0","0","0","0","0","0","0","0","0","3"
"0x7ff32b5b2f10","      F2FP.BF16.F32.PACK_AB R58, R41, R40","3","2","3","65536","2097152","2097152","32","32","0","0","0","-","-","-","0","0","0","0","0","0","0","0","-","0","0","0","0","0","0","0","0","0","0","0","0","0","0","0","0","0","0","1","0","0","0","2","0","0","0","0","0","0","0","0","0","0","0","0","0","0","0","0","2"
"0x7ff32b5b2f20","      F2FP.BF16.F32.PACK_AB R57, R39, R38","5","4","5","65536","2097152","2097152","32","32","0","0","0","-","-","-","0","0","0","0","0","0","0","0","-","0","0","0","0","0","0","0","0","0","0","0","0","0","0","0","0","0","0","1","0","0","0","4","0","0","0","0","0","0","0","0","0","0","0","0","0","0","0","0","4"
"0x7ff32b5b2f30","      F2FP.BF16.F32.PACK_AB R56, R37, R36","26","7","26","65536","2097152","2097152","32","32","0","0","0","-","-","-","0","0","0","0","0","0","0","0","-","0","0","0","0","0","0","0","0","3","0","0","0","13","0","0","0","0","7","1","0","0","0","2","0","0","0","0","0","0","5","0","0","0","0","0","0","0","0","0","2"
"0x7ff32b5b2f40","      LDTM.x32 R20, tmem[UR5+0x40]","6","2","6","65536","2097152","2097152","32","32","0","0","0","Tmem","Load","-","0","0","0","0","0","0","0","0","-","0","0","0","0","0","0","0","0","0","0","0","0","0","0","0","0","0","0","4","0","0","0","2","0","0","0","0","0","0","0","0","0","0","0","0","0","0","0","0","2"
"0x7ff32b5b2f50","      LEA R73, R88, UR7, 0x1","1","0","1","65536","2097152","2097152","32","32","0","0","0","-","-","-","0","0","0","0","0","0","0","0","-","0","0","0","0","0","0","0","0","0","0","0","0","0","0","0","0","0","0","1","0","0","0","0","0","0","0","0","0","0","0","0","0","0","0","0","0","0","0","0","0"
"0x7ff32b5b2f60","      STS.128 [R64], R56","9","2","9","65536","2097152","2097152","32","32","0","0","0","Shared","Store","128","0","4","0","262144","262144","0","0","0","-","0","0","0","0","0","0","0","0","0","0","0","0","0","0","0","0","0","1","5","0","0","0","3","0","0","0","0","0","0","0","0","0","0","0","0","0","0","0","0","2"
"0x7ff32b5b2f70","      SHF.R.U32.HI R102, RZ, 0x3, R65","4","0","4","65536","2097152","2097152","32","32","0","0","0","-","-","-","0","0","0","0","0","0","0","0","-","0","0","0","0","0","0","0","0","0","0","0","0","0","0","0","0","0","0","4","0","0","0","0","0","0","0","0","0","0","0","0","0","0","0","0","0","0","0","0","0"
"0x7ff32b5b2f80","      VIADD R74, R73, 0x9010","4","2","4","65536","2097152","2097152","32","32","0","0","0","-","-","-","0","0","0","0","0","0","0","0","-","0","0","0","0","0","0","0","0","0","0","0","0","0","0","0","0","0","0","2","0","0","0","2","0","0","0","0","0","0","0","0","0","0","0","0","0","0","0","0","2"
"0x7ff32b5b2f90","      STS.128 [R5], R12","2","0","2","65536","2097152","2097152","32","32","0","0","0","Shared","Store","128","0","4","0","262144","262144","0","0","0","-","0","0","0","0","0","0","0","0","0","0","0","0","0","0","0","0","0","0","2","0","0","0","0","0","0","0","0","0","0","0","0","0","0","0","0","0","0","0","0","0"
"0x7ff32b5b2fa0","      LOP3.LUT R87, R65, 0x70, R102, 0x78, !PT","4","0","4","65536","2097152","2097152","32","32","0","0","0","-","-","-","0","0","0","0","0","0","0","0","-","0","0","0","0","0","0","0","0","0","0","0","0","0","0","0","0","0","0","4","0","0","0","0","0","0","0","0","0","0","0","0","0","0","0","0","0","0","0","0","0"
"0x7ff32b5b2fb0","      VIADD R75, R73, 0x9050","3","0","3","65536","2097152","2097152","32","32","0","0","0","-","-","-","0","0","0","0","0","0","0","0","-","0","0","0","0","0","0","0","0","0","0","0","0","0","0","0","0","0","0","3","0","0","0","0","0","0","0","0","0","0","0","0","0","0","0","0","0","0","0","0","0"
"0x7ff32b5b2fc0","      F2FP.BF16.F32.PACK_AB R4, R53, R52","3","0","3","65536","2097152","2097152","32","32","0","0","0","-","-","-","0","0","0","0","0","0","0","0","-","0","0","0","0","0","0","0","0","0","0","0","0","0","0","0","0","0","0","3","0","0","0","0","0","0","0","0","0","0","0","0","0","0","0","0","0","0","0","0","0"
"0x7ff32b5b2fd0","      VIADD R88, R73, 0x9070","0","0","0","65536","2097152","2097152","32","32","0","0","0","-","-","-","0","0","0","0","0","0","0","0","-","0","0","0","0","0","0","0","0","0","0","0","0","0","0","0","0","0","0","0","0","0","0","0","0","0","0","0","0","0","0","0","0","0","0","0","0","0","0","0","0"
"0x7ff32b5b2fe0","      F2FP.BF16.F32.PACK_AB R65, R63, R62","6","0","6","65536","2097152","2097152","32","32","0","0","0","-","-","-","0","0","0","0","0","0","0","0","-","0","0","0","0","0","0","0","0","0","0","0","0","0","0","0","0","0","0","6","0","0","0","0","0","0","0","0","0","0","0","0","0","0","0","0","0","0","0","0","0"
"0x7ff32b5b2ff0","      SHF.R.U32.HI R9, RZ, 0x3, R92","81","29","81","65536","2097152","2097152","32","32","0","0","0","-","-","-","0","0","0","0","0","0","0","0","-","0","0","0","0","0","0","0","0","4","0","0","0","39","0","0","0","0","33","1","0","0","0","4","0","0","1","0","0","0","24","0","0","0","0","0","0","0","0","0","4"
"0x7ff32b5b3000","      SHF.R.U32.HI R8, RZ, 0x3, R91","6","6","6","65536","2097152","2097152","32","32","0","0","0","-","-","-","0","0","0","0","0","0","0","0","-","0","0","0","0","0","0","0","0","1","0","0","0","0","0","0","0","0","0","0","0","0","0","5","0","0","1","0","0","0","0","0","0","0","0","0","0","0","0","0","5"
"0x7ff32b5b3010","      LOP3.LUT R71, R92, 0x70, R9, 0x78, !PT","3","2","3","65536","2097152","2097152","32","32","0","0","0","-","-","-","0","0","0","0","0","0","0","0","-","0","0","0","0","0","0","0","0","0","0","0","0","0","0","0","0","0","0","1","0","0","0","2","0","0","0","0","0","0","0","0","0","0","0","0","0","0","0","0","2"
"0x7ff32b5b3020","      LOP3.LUT R70, R91, 0x70, R8, 0x78, !PT","3","2","3","65536","2097152","2097152","32","32","0","0","0","-","-","-","0","0","0","0","0","0","0","0","-","0","0","0","0","0","0","0","0","0","0","0","0","0","0","0","0","0","0","1","0","0","0","2","0","0","0","0","0","0","0","0","0","0","0","0","0","0","0","0","2"
"0x7ff32b5b3030","      SHF.R.U32.HI R104, RZ, 0x3, R93","3","2","3","65536","2097152","2097152","32","32","0","0","0","-","-","-","0","0","0","0","0","0","0","0","-","0","0","0","0","0","0","0","0","0","0","0","0","0","0","0","0","0","0","1","0","0","0","2","0","0","0","0","0","0","0","0","0","0","0","0","0","0","0","0","2"
"0x7ff32b5b3040","      FMUL2 R34, R2.F32, R34.F32x2.HI_LO","16","6","16","65536","2097152","2097152","32","32","0","0","0","-","-","-","0","0","0","0","0","0","0","0","-","0","0","0","0","0","0","0","0","0","0","0","0","0","0","0","0","0","0","3","13","0","0","0","0","0","0","0","0","0","0","0","0","0","0","0","0","6","0","0","0"
"0x7ff32b5b3050","      SHF.R.U32.HI R69, RZ, 0x3, R90","1","0","1","65536","2097152","2097152","32","32","0","0","0","-","-","-","0","0","0","0","0","0","0","0","-","0","0","0","0","0","0","0","0","0","0","0","0","0","0","0","0","0","0","1","0","0","0","0","0","0","0","0","0","0","0","0","0","0","0","0","0","0","0","0","0"
"0x7ff32b5b3060","      FMUL2 R32, R2.F32, R32.F32x2.HI_LO","1","0","1","65536","2097152","2097152","32","32","0","0","0","-","-","-","0","0","0","0","0","0","0","0","-","0","0","0","0","0","0","0","0","0","0","0","0","0","0","0","0","0","0","1","0","0","0","0","0","0","0","0","0","0","0","0","0","0","0","0","0","0","0","0","0"
"0x7ff32b5b3070","      SHF.R.U32.HI R68, RZ, 0x3, R89","2","0","2","65536","2097152","2097152","32","32","0","0","0","-","-","-","0","0","0","0","0","0","0","0","-","0","0","0","0","0","0","0","0","0","0","0","0","0","0","0","0","0","0","2","0","0","0","0","0","0","0","0","0","0","0","0","0","0","0","0","0","0","0","0","0"
"0x7ff32b5b3080","      FMUL2 R30, R2.F32, R30.F32x2.HI_LO","1","0","1","65536","2097152","2097152","32","32","0","0","0","-","-","-","0","0","0","0","0","0","0","0","-","0","0","0","0","0","0","0","0","0","0","0","0","0","0","0","0","0","0","1","0","0","0","0","0","0","0","0","0","0","0","0","0","0","0","0","0","0","0","0","0"
"0x7ff32b5b3090","      LOP3.LUT R72, R93, 0x70, R104, 0x78, !PT","3","0","3","65536","2097152","2097152","32","32","0","0","0","-","-","-","0","0","0","0","0","0","0","0","-","0","0","0","0","0","0","0","0","0","0","0","0","0","0","0","0","0","0","3","0","0","0","0","0","0","0","0","0","0","0","0","0","0","0","0","0","0","0","0","0"
"0x7ff32b5b30a0","      FMUL2 R26, R2.F32, R26.F32x2.HI_LO","1","0","1","65536","2097152","2097152","32","32","0","0","0","-","-","-","0","0","0","0","0","0","0","0","-","0","0","0","0","0","0","0","0","0","0","0","0","0","0","0","0","0","0","1","0","0","0","0","0","0","0","0","0","0","0","0","0","0","0","0","0","0","0","0","0"
"0x7ff32b5b30b0","      LOP3.LUT R69, R90, 0x70, R69, 0x78, !PT","1","0","1","65536","2097152","2097152","32","32","0","0","0","-","-","-","0","0","0","0","0","0","0","0","-","0","0","0","0","0","0","0","0","1","0","0","0","0","0","0","0","0","0","0","0","0","0","0","0","0","0","0","0","0","0","0","0","0","0","0","0","0","0","0","0"
"0x7ff32b5b30c0","      FMUL2 R24, R2.F32, R24.F32x2.HI_LO","6","0","6","65536","2097152","2097152","32","32","0","0","0","-","-","-","0","0","0","0","0","0","0","0","-","0","0","0","0","0","0","0","0","1","0","0","0","0","0","0","0","0","0","5","0","0","0","0","0","0","0","0","0","0","0","0","0","0","0","0","0","0","0","0","0"
"0x7ff32b5b30d0","      F2FP.BF16.F32.PACK_AB R53, R31, R30","0","0","0","65536","2097152","2097152","32","32","0","0","0","-","-","-","0","0","0","0","0","0","0","0","-","0","0","0","0","0","0","0","0","0","0","0","0","0","0","0","0","0","0","0","0","0","0","0","0","0","0","0","0","0","0","0","0","0","0","0","0","0","0","0","0"
"0x7ff32b5b30e0","      FMUL2 R22, R2.F32, R22.F32x2.HI_LO","2","0","2","65536","2097152","2097152","32","32","0","0","0","-","-","-","0","0","0","0","0","0","0","0","-","0","0","0","0","0","0","0","0","1","0","0","0","0","0","0","0","0","0","1","0","0","0","0","0","0","0","0","0","0","0","0","0","0","0","0","0","0","0","0","0"
"0x7ff32b5b30f0","      F2FP.BF16.F32.PACK_AB R64, R61, R60","2","0","2","65536","2097152","2097152","32","32","0","0","0","-","-","-","0","0","0","0","0","0","0","0","-","0","0","0","0","0","0","0","0","0","0","0","0","0","0","0","0","0","0","2","0","0","0","0","0","0","0","0","0","0","0","0","0","0","0","0","0","0","0","0","0"
"0x7ff32b5b3100","      FMUL2 R20, R2.F32, R20.F32x2.HI_LO","5","0","5","65536","2097152","2097152","32","32","0","0","0","-","-","-","0","0","0","0","0","0","0","0","-","0","0","0","0","0","0","0","0","0","0","0","0","0","0","0","0","0","0","5","0","0","0","0","0","0","0","0","0","0","0","0","0","0","0","0","0","0","0","0","0"
"0x7ff32b5b3110","      F2FP.BF16.F32.PACK_AB R59, R27, R26","2","0","2","65536","2097152","2097152","32","32","0","0","0","-","-","-","0","0","0","0","0","0","0","0","-","0","0","0","0","0","0","0","0","2","0","0","0","0","0","0","0","0","0","0","0","0","0","0","0","0","0","0","0","0","0","0","0","0","0","0","0","0","0","0","0"
"0x7ff32b5b3120","      FMUL2 R28, R2.F32, R28.F32x2.HI_LO","1","0","1","65536","2097152","2097152","32","32","0","0","0","-","-","-","0","0","0","0","0","0","0","0","-","0","0","0","0","0","0","0","0","0","0","0","0","0","0","0","0","0","0","1","0","0","0","0","0","0","0","0","0","0","0","0","0","0","0","0","0","0","0","0","0"
"0x7ff32b5b3130","      SHF.R.U32.HI R5, RZ, 0x3, R74","7","2","7","65536","2097152","2097152","32","32","0","0","0","-","-","-","0","0","0","0","0","0","0","0","-","0","0","0","0","0","0","0","0","0","0","0","0","0","0","0","0","0","1","1","5","0","0","0","0","0","0","0","0","0","0","0","0","0","0","0","0","2","0","0","0"
"0x7ff32b5b3140","      FMUL2 R50, R2.F32, R50.F32x2.HI_LO","1","0","1","65536","2097152","2097152","32","32","0","0","0","-","-","-","0","0","0","0","0","0","0","0","-","0","0","0","0","0","0","0","0","0","0","0","0","0","0","0","0","0","0","1","0","0","0","0","0","0","0","0","0","0","0","0","0","0","0","0","0","0","0","0","0"
"0x7ff32b5b3150","      F2FP.BF16.F32.PACK_AB R58, R25, R24","3","0","3","65536","2097152","2097152","32","32","0","0","0","-","-","-","0","0","0","0","0","0","0","0","-","0","0","0","0","0","0","0","0","0","0","0","0","0","0","0","0","0","0","3","0","0","0","0","0","0","0","0","0","0","0","0","0","0","0","0","0","0","0","0","0"
"0x7ff32b5b3160","      FMUL2 R48, R2.F32, R48.F32x2.HI_LO","1","0","1","65536","2097152","2097152","32","32","0","0","0","-","-","-","0","0","0","0","0","0","0","0","-","0","0","0","0","0","0","0","0","0","0","0","0","0","0","0","0","0","0","1","0","0","0","0","0","0","0","0","0","0","0","0","0","0","0","0","0","0","0","0","0"
"0x7ff32b5b3170","      LOP3.LUT R74, R74, 0x70, R5, 0x78, !PT","5","0","5","65536","2097152","2097152","32","32","0","0","0","-","-","-","0","0","0","0","0","0","0","0","-","0","0","0","0","0","0","0","0","0","0","0","0","0","0","0","0","0","0","5","0","0","0","0","0","0","0","0","0","0","0","0","0","0","0","0","0","0","0","0","0"
"0x7ff32b5b3180","      FMUL2 R42, R2.F32, R42.F32x2.HI_LO","2","0","2","65536","2097152","2097152","32","32","0","0","0","-","-","-","0","0","0","0","0","0","0","0","-","0","0","0","0","0","0","0","0","0","0","0","0","0","0","0","0","0","0","2","0","0","0","0","0","0","0","0","0","0","0","0","0","0","0","0","0","0","0","0","0"
"0x7ff32b5b3190","      F2FP.BF16.F32.PACK_AB R5, R55, R54","4","0","4","65536","2097152","2097152","32","32","0","0","0","-","-","-","0","0","0","0","0","0","0","0","-","0","0","0","0","0","0","0","0","1","0","0","0","0","0","0","0","0","0","3","0","0","0","0","0","0","0","0","0","0","0","0","0","0","0","0","0","0","0","0","0"
"0x7ff32b5b31a0","      FMUL2 R46, R2.F32, R46.F32x2.HI_LO","1","0","1","65536","2097152","2097152","32","32","0","0","0","-","-","-","0","0","0","0","0","0","0","0","-","0","0","0","0","0","0","0","0","0","0","0","0","0","0","0","0","0","0","1","0","0","0","0","0","0","0","0","0","0","0","0","0","0","0","0","0","0","0","0","0"
"0x7ff32b5b31b0","      F2FP.BF16.F32.PACK_AB R55, R35, R34","2","0","2","65536","2097152","2097152","32","32","0","0","0","-","-","-","0","0","0","0","0","0","0","0","-","0","0","0","0","0","0","0","0","0","0","0","0","0","0","0","0","0","0","2","0","0","0","0","0","0","0","0","0","0","0","0","0","0","0","0","0","0","0","0","0"
"0x7ff32b5b31c0","      FMUL2 R44, R2.F32, R44.F32x2.HI_LO","2","0","2","65536","2097152","2097152","32","32","0","0","0","-","-","-","0","0","0","0","0","0","0","0","-","0","0","0","0","0","0","0","0","0","0","0","0","0","0","0","0","0","0","2","0","0","0","0","0","0","0","0","0","0","0","0","0","0","0","0","0","0","0","0","0"
"0x7ff32b5b31d0","      F2FP.BF16.F32.PACK_AB R54, R33, R32","6","0","6","65536","2097152","2097152","32","32","0","0","0","-","-","-","0","0","0","0","0","0","0","0","-","0","0","0","0","0","0","0","0","2","0","0","0","0","0","0","0","0","0","4","0","0","0","0","0","0","0","0","0","0","0","0","0","0","0","0","0","0","0","0","0"
"0x7ff32b5b31e0","      STS.128 [R98], R4","0","0","0","65536","2097152","2097152","32","32","0","0","0","Shared","Store","128","0","4","0","262144","262144","0","0","0","-","0","0","0","0","0","0","0","0","0","0","0","0","0","0","0","0","0","0","0","0","0","0","0","0","0","0","0","0","0","0","0","0","0","0","0","0","0","0","0","0"
"0x7ff32b5b31f0","      F2FP.BF16.F32.PACK_AB R57, R23, R22","4","0","4","65536","2097152","2097152","32","32","0","0","0","-","-","-","0","0","0","0","0","0","0","0","-","0","0","0","0","0","0","0","0","0","0","0","0","0","0","0","0","0","0","4","0","0","0","0","0","0","0","0","0","0","0","0","0","0","0","0","0","0","0","0","0"
"0x7ff32b5b3200","      LDC.64 R90, c[0x0][0x3a0]","2","0","2","65536","2097152","2097152","32","32","0","0","0","-","-","-","0","0","0","0","0","0","0","0","-","0","0","0","0","0","0","0","0","0","0","0","0","0","0","0","0","0","0","2","0","0","0","0","0","0","0","0","0","0","0","0","0","0","0","0","0","0","0","0","0"
"0x7ff32b5b3210","      F2FP.BF16.F32.PACK_AB R56, R21, R20","3","0","3","65536","2097152","2097152","32","32","0","0","0","-","-","-","0","0","0","0","0","0","0","0","-","0","0","0","0","0","0","0","0","0","0","0","0","0","0","0","0","0","0","3","0","0","0","0","0","0","0","0","0","0","0","0","0","0","0","0","0","0","0","0","0"
"0x7ff32b5b3220","      STS.128 [R95], R64","4","0","4","65536","2097152","2097152","32","32","0","0","0","Shared","Store","128","0","4","0","262144","262144","0","0","0","-","0","0","0","0","0","0","0","0","0","0","0","0","0","0","0","0","0","0","4","0","0","0","0","0","0","0","0","0","0","0","0","0","0","0","0","0","0","0","0","0"
"0x7ff32b5b3230","      F2FP.BF16.F32.PACK_AB R52, R29, R28","4","0","4","65536","2097152","2097152","32","32","0","0","0","-","-","-","0","0","0","0","0","0","0","0","-","0","0","0","0","0","0","0","0","0","0","0","0","0","0","0","0","0","0","4","0","0","0","0","0","0","0","0","0","0","0","0","0","0","0","0","0","0","0","0","0"
"0x7ff32b5b3240","      NOP","3","0","3","65536","2097152","2097152","32","32","0","0","0","-","-","-","0","0","0","0","0","0","0","0","-","0","0","0","0","0","0","0","0","0","0","0","0","0","0","0","0","0","0","3","0","0","0","0","0","0","0","0","0","0","0","0","0","0","0","0","0","0","0","0","0"
"0x7ff32b5b3250","      F2FP.BF16.F32.PACK_AB R51, R51, R50","2","0","2","65536","2097152","2097152","32","32","0","0","0","-","-","-","0","0","0","0","0","0","0","0","-","0","0","0","0","0","0","0","0","0","0","0","0","0","0","0","0","0","0","2","0","0","0","0","0","0","0","0","0","0","0","0","0","0","0","0","0","0","0","0","0"
"0x7ff32b5b3260","      STS.128 [R94], R56","1","0","1","65536","2097152","2097152","32","32","0","0","0","Shared","Store","128","0","4","0","262144","262144","0","0","0","-","0","0","0","0","0","0","0","0","0","0","0","0","0","0","0","0","0","0","1","0","0","0","0","0","0","0","0","0","0","0","0","0","0","0","0","0","0","0","0","0"
"0x7ff32b5b3270","      F2FP.BF16.F32.PACK_AB R50, R49, R48","3","0","3","65536","2097152","2097152","32","32","0","0","0","-","-","-","0","0","0","0","0","0","0","0","-","0","0","0","0","0","0","0","0","0","0","0","0","0","0","0","0","0","0","3","0","0","0","0","0","0","0","0","0","0","0","0","0","0","0","0","0","0","0","0","0"
"0x7ff32b5b3280","      VIADD R48, R73, 0x9020","4","0","4","65536","2097152","2097152","32","32","0","0","0","-","-","-","0","0","0","0","0","0","0","0","-","0","0","0","0","0","0","0","0","0","0","0","0","0","0","0","0","0","1","3","0","0","0","0","0","0","0","0","0","0","0","0","0","0","0","0","0","0","0","0","0"
"0x7ff32b5b3290","      SHF.R.U32.HI R49, RZ, 0x3, R76","4","0","4","65536","2097152","2097152","32","32","0","0","0","-","-","-","0","0","0","0","0","0","0","0","-","0","0","0","0","0","0","0","0","0","0","0","0","0","0","0","0","0","0","4","0","0","0","0","0","0","0","0","0","0","0","0","0","0","0","0","0","0","0","0","0"
"0x7ff32b5b32a0","      STS.128 [R74], R52","3","0","3","65536","2097152","2097152","32","32","0","0","0","Shared","Store","128","0","4","0","262144","262144","0","0","0","-","0","0","0","0","0","0","0","0","0","0","0","0","0","0","0","0","0","0","3","0","0","0","0","0","0","0","0","0","0","0","0","0","0","0","0","0","0","0","0","0"
"0x7ff32b5b32b0","      F2FP.BF16.F32.PACK_AB R43, R43, R42","0","0","0","65536","2097152","2097152","32","32","0","0","0","-","-","-","0","0","0","0","0","0","0","0","-","0","0","0","0","0","0","0","0","0","0","0","0","0","0","0","0","0","0","0","0","0","0","0","0","0","0","0","0","0","0","0","0","0","0","0","0","0","0","0","0"
"0x7ff32b5b32c0","      LOP3.LUT R76, R76, 0x70, R49, 0x78, !PT","71","21","71","65536","2097152","2097152","32","32","0","0","0","-","-","-","0","0","0","0","0","0","0","0","-","0","0","0","0","0","0","0","0","10","0","0","0","31","0","0","0","0","25","0","0","0","0","5","0","0","5","0","0","0","13","0","0","0","0","0","0","0","0","0","3"
"0x7ff32b5b32d0","      SHF.R.U32.HI R61, RZ, 0x3, R48","1","1","1","65536","2097152","2097152","32","32","0","0","0","-","-","-","0","0","0","0","0","0","0","0","-","0","0","0","0","0","0","0","0","0","0","0","0","0","0","0","0","0","0","0","0","0","0","1","0","0","0","0","0","0","0","0","0","0","0","0","0","0","0","0","1"
"0x7ff32b5b32e0","      SHF.R.U32.HI R60, RZ, 0x3, R77","32","1","32","65536","2097152","2097152","32","32","0","0","0","-","-","-","0","0","0","0","0","0","0","0","-","0","0","0","0","0","0","0","0","3","0","0","0","14","0","0","0","0","8","2","0","0","0","5","0","0","0","0","0","0","0","0","0","0","0","0","0","0","0","0","1"
"0x7ff32b5b32f0","      LOP3.LUT R68, R89, 0x70, R68, 0x78, !PT","4","3","4","65536","2097152","2097152","32","32","0","0","0","-","-","-","0","0","0","0","0","0","0","0","-","0","0","0","0","0","0","0","0","0","0","0","0","0","0","0","0","0","0","1","0","0","0","3","0","0","0","0","0","0","0","0","0","0","0","0","0","0","0","0","3"
"0x7ff32b5b3300","      LOP3.LUT R77, R77, 0x70, R60, 0x78, !PT","4","0","4","65536","2097152","2097152","32","32","0","0","0","-","-","-","0","0","0","0","0","0","0","0","-","0","0","0","0","0","0","0","0","0","0","0","0","0","0","0","0","0","0","4","0","0","0","0","0","0","0","0","0","0","0","0","0","0","0","0","0","0","0","0","0"
"0x7ff32b5b3310","      ISETP.NE.U32.AND P0, PT, RZ, UR9, PT","0","0","0","65536","2097152","2097152","32","32","0","0","0","-","-","-","0","0","0","0","0","0","0","0","-","0","0","0","0","0","0","0","0","0","0","0","0","0","0","0","0","0","0","0","0","0","0","0","0","0","0","0","0","0","0","0","0","0","0","0","0","0","0","0","0"
"0x7ff32b5b3320","      IMAD.WIDE R90, R3, 0x2, R90","3","0","3","65536","2097152","2097152","32","32","0","0","0","-","-","-","0","0","0","0","0","0","0","0","-","0","0","0","0","0","0","0","0","0","0","0","0","0","0","0","0","0","0","3","0","0","0","0","0","0","0","0","0","0","0","0","0","0","0","0","0","0","0","0","0"
"0x7ff32b5b3330","      LDTM.x32 R4, tmem[UR4+0x60]","3","1","3","65536","2097152","2097152","32","32","0","0","0","Tmem","Load","-","0","0","0","0","0","0","0","0","-","0","0","0","0","0","0","0","0","1","0","0","0","0","0","0","0","0","0","1","1","0","0","0","0","0","1","0","0","0","0","0","0","0","0","0","0","0","0","0","0"
"0x7ff32b5b3340","      VIADD R56, R73, 0x9030","26","5","26","65536","2097152","2097152","32","32","0","0","0","-","-","-","0","0","0","0","0","0","0","0","-","0","0","0","0","0","0","0","0","3","0","0","0","3","0","0","0","0","6","3","9","0","0","2","0","0","0","0","0","0","0","0","0","0","0","0","0","4","0","0","1"
"0x7ff32b5b3350","      LOP3.LUT R57, R48, 0x70, R61, 0x78, !PT","6","0","6","65536","2097152","2097152","32","32","0","0","0","-","-","-","0","0","0","0","0","0","0","0","-","0","0","0","0","0","0","0","0","1","0","0","0","0","0","0","0","0","0","5","0","0","0","0","0","0","0","0","0","0","0","0","0","0","0","0","0","0","0","0","0"
"0x7ff32b5b3360","      FMUL2 R52, R2.F32, R40.F32x2.HI_LO","23","4","23","65536","2097152","2097152","32","32","0","0","0","-","-","-","0","0","0","0","0","0","0","0","-","0","0","0","0","0","0","0","0","0","0","0","0","6","0","0","0","0","7","0","10","0","0","0","0","0","0","0","0","0","0","0","0","0","0","0","0","4","0","0","0"
"0x7ff32b5b3370","      SHF.R.U32.HI R49, RZ, 0x3, R56","24","2","24","65536","2097152","2097152","32","32","0","0","0","-","-","-","0","0","0","0","0","0","0","0","-","0","0","0","0","0","0","0","0","0","0","0","0","6","0","0","0","0","10","4","0","0","0","4","0","0","0","0","0","0","2","0","0","0","0","0","0","0","0","0","0"
"0x7ff32b5b3380","      VIADD R74, R73, 0x9040","4","0","4","65536","2097152","2097152","32","32","0","0","0","-","-","-","0","0","0","0","0","0","0","0","-","0","0","0","0","0","0","0","0","0","0","0","0","0","0","0","0","0","0","4","0","0","0","0","0","0","0","0","0","0","0","0","0","0","0","0","0","0","0","0","0"
"0x7ff32b5b3390","      FMUL2 R40, R2.F32, R38.F32x2.HI_LO","8","4","8","65536","2097152","2097152","32","32","0","0","0","-","-","-","0","0","0","0","0","0","0","0","-","0","0","0","0","0","0","0","0","3","0","0","0","0","0","0","0","0","2","2","0","0","0","1","0","0","3","0","0","0","0","0","0","0","0","0","0","0","0","0","1"
"0x7ff32b5b33a0","      LOP3.LUT R56, R56, 0x70, R49, 0x78, !PT","4","0","4","65536","2097152","2097152","32","32","0","0","0","-","-","-","0","0","0","0","0","0","0","0","-","0","0","0","0","0","0","0","0","2","0","0","0","0","0","0","0","0","0","2","0","0","0","0","0","0","0","0","0","0","0","0","0","0","0","0","0","0","0","0","0"
"0x7ff32b5b33b0","      FMUL2 R48, R2.F32, R36.F32x2.HI_LO","1","0","1","65536","2097152","2097152","32","32","0","0","0","-","-","-","0","0","0","0","0","0","0","0","-","0","0","0","0","0","0","0","0","0","0","0","0","0","0","0","0","0","0","1","0","0","0","0","0","0","0","0","0","0","0","0","0","0","0","0","0","0","0","0","0"
"0x7ff32b5b33c0","      F2FP.BF16.F32.PACK_AB R42, R53, R52","3","0","3","65536","2097152","2097152","32","32","0","0","0","-","-","-","0","0","0","0","0","0","0","0","-","0","0","0","0","0","0","0","0","0","0","0","0","0","0","0","0","0","0","3","0","0","0","0","0","0","0","0","0","0","0","0","0","0","0","0","0","0","0","0","0"
"0x7ff32b5b33d0","      SHF.R.U32.HI R55, RZ, 0x3, R74","4","1","4","65536","2097152","2097152","32","32","0","0","0","-","-","-","0","0","0","0","0","0","0","0","-","0","0","0","0","0","0","0","0","0","0","0","0","0","0","0","0","0","0","3","0","0","0","1","0","0","0","0","0","0","0","0","0","0","0","0","0","0","0","0","1"
"0x7ff32b5b33e0","      F2FP.BF16.F32.PACK_AB R41, R41, R40","5","3","5","65536","2097152","2097152","32","32","0","0","0","-","-","-","0","0","0","0","0","0","0","0","-","0","0","0","0","0","0","0","0","2","0","0","0","0","0","0","0","0","0","1","0","0","0","2","0","0","1","0","0","0","0","0","0","0","0","0","0","0","0","0","2"
"0x7ff32b5b33f0","      FMUL2 R52, R2.F32, R12.F32x2.HI_LO","33","12","33","65536","2097152","2097152","32","32","0","0","0","-","-","-","0","0","0","0","0","0","0","0","-","0","0","0","0","0","0","0","0","0","0","0","0","4","0","0","0","0","9","3","17","0","0","0","0","0","0","0","0","0","0","0","0","0","0","0","0","12","0","0","0"
"0x7ff32b5b3400","      VIADD R12, R73, 0x9060","5","2","5","65536","2097152","2097152","32","32","0","0","0","-","-","-","0","0","0","0","0","0","0","0","-","0","0","0","0","0","0","0","0","0","0","0","0","0","0","0","0","0","0","1","0","0","0","4","0","0","0","0","0","0","0","0","0","0","0","0","0","0","0","0","2"
"0x7ff32b5b3410","      FMUL2 R36, R2.F32, R4.F32x2.HI_LO","8","3","8","65536","2097152","2097152","32","32","0","0","0","-","-","-","0","0","0","0","0","0","0","0","-","0","0","0","0","0","0","0","0","0","0","0","0","0","0","0","0","0","1","2","0","0","0","5","0","0","0","0","0","0","0","0","0","0","0","0","0","0","0","0","3"
"0x7ff32b5b3420","      LOP3.LUT R74, R74, 0x70, R55, 0x78, !PT","6","0","6","65536","2097152","2097152","32","32","0","0","0","-","-","-","0","0","0","0","0","0","0","0","-","0","0","0","0","0","0","0","0","1","0","0","0","0","0","0","0","0","0","5","0","0","0","0","0","0","0","0","0","0","0","0","0","0","0","0","0","0","0","0","0"
"0x7ff32b5b3430","      FMUL2 R4, R2.F32, R6.F32x2.HI_LO","2","0","2","65536","2097152","2097152","32","32","0","0","0","-","-","-","0","0","0","0","0","0","0","0","-","0","0","0","0","0","0","0","0","0","0","0","0","0","0","0","0","0","0","2","0","0","0","0","0","0","0","0","0","0","0","0","0","0","0","0","0","0","0","0","0"
"0x7ff32b5b3440","      F2FP.BF16.F32.PACK_AB R40, R49, R48","3","0","3","65536","2097152","2097152","32","32","0","0","0","-","-","-","0","0","0","0","0","0","0","0","-","0","0","0","0","0","0","0","0","1","0","0","0","0","0","0","0","0","0","2","0","0","0","0","0","0","0","0","0","0","0","0","0","0","0","0","0","0","0","0","0"
"0x7ff32b5b3450","      FMUL2 R6, R2.F32, R10.F32x2.HI_LO","0","0","0","65536","2097152","2097152","32","32","0","0","0","-","-","-","0","0","0","0","0","0","0","0","-","0","0","0","0","0","0","0","0","0","0","0","0","0","0","0","0","0","0","0","0","0","0","0","0","0","0","0","0","0","0","0","0","0","0","0","0","0","0","0","0"
"0x7ff32b5b3460","      SHF.R.U32.HI R10, RZ, 0x3, R75","2","0","2","65536","2097152","2097152","32","32","0","0","0","-","-","-","0","0","0","0","0","0","0","0","-","0","0","0","0","0","0","0","0","0","0","0","0","0","0","0","0","0","0","2","0","0","0","0","0","0","0","0","0","0","0","0","0","0","0","0","0","0","0","0","0"
"0x7ff32b5b3470","      FMUL2 R38, R2.F32, R8.F32x2.HI_LO","5","0","5","65536","2097152","2097152","32","32","0","0","0","-","-","-","0","0","0","0","0","0","0","0","-","0","0","0","0","0","0","0","0","1","0","0","0","0","0","0","0","0","0","4","0","0","0","0","0","0","0","0","0","0","0","0","0","0","0","0","0","0","0","0","0"
"0x7ff32b5b3480","      SHF.R.U32.HI R13, RZ, 0x3, R12","6","0","6","65536","2097152","2097152","32","32","0","0","0","-","-","-","0","0","0","0","0","0","0","0","-","0","0","0","0","0","0","0","0","3","0","0","0","0","0","0","0","0","0","3","0","0","0","0","0","0","0","0","0","0","0","0","0","0","0","0","0","0","0","0","0"
"0x7ff32b5b3490","      FMUL2 R8, R2.F32, R14.F32x2.HI_LO","5","0","5","65536","2097152","2097152","32","32","0","0","0","-","-","-","0","0","0","0","0","0","0","0","-","0","0","0","0","0","0","0","0","0","0","0","0","0","0","0","0","0","0","5","0","0","0","0","0","0","0","0","0","0","0","0","0","0","0","0","0","0","0","0","0"
"0x7ff32b5b34a0","      LOP3.LUT R75, R75, 0x70, R10, 0x78, !PT","9","0","9","65536","2097152","2097152","32","32","0","0","0","-","-","-","0","0","0","0","0","0","0","0","-","0","0","0","0","0","0","0","0","0","0","0","0","0","0","0","0","0","0","9","0","0","0","0","0","0","0","0","0","0","0","0","0","0","0","0","0","0","0","0","0"
"0x7ff32b5b34b0","      FMUL2 R10, R2.F32, R18.F32x2.HI_LO","1","0","1","65536","2097152","2097152","32","32","0","0","0","-","-","-","0","0","0","0","0","0","0","0","-","0","0","0","0","0","0","0","0","0","0","0","0","0","0","0","0","0","0","1","0","0","0","0","0","0","0","0","0","0","0","0","0","0","0","0","0","0","0","0","0"
"0x7ff32b5b34c0","      LOP3.LUT R73, R12, 0x70, R13, 0x78, !PT","2","0","2","65536","2097152","2097152","32","32","0","0","0","-","-","-","0","0","0","0","0","0","0","0","-","0","0","0","0","0","0","0","0","0","0","0","0","0","0","0","0","0","0","2","0","0","0","0","0","0","0","0","0","0","0","0","0","0","0","0","0","0","0","0","0"
"0x7ff32b5b34d0","      FMUL2 R54, R2.F32, R16.F32x2.HI_LO","3","0","3","65536","2097152","2097152","32","32","0","0","0","-","-","-","0","0","0","0","0","0","0","0","-","0","0","0","0","0","0","0","0","0","0","0","0","0","0","0","0","0","0","3","0","0","0","0","0","0","0","0","0","0","0","0","0","0","0","0","0","0","0","0","0"
"0x7ff32b5b34e0","      SHF.R.U32.HI R13, RZ, 0x3, R88","5","0","5","65536","2097152","2097152","32","32","0","0","0","-","-","-","0","0","0","0","0","0","0","0","-","0","0","0","0","0","0","0","0","0","0","0","0","0","0","0","0","0","0","5","0","0","0","0","0","0","0","0","0","0","0","0","0","0","0","0","0","0","0","0","0"
"0x7ff32b5b34f0","      FMUL2 R20, R2.F32, R20.F32x2.HI_LO","3","0","3","65536","2097152","2097152","32","32","0","0","0","-","-","-","0","0","0","0","0","0","0","0","-","0","0","0","0","0","0","0","0","0","0","0","0","0","0","0","0","0","0","3","0","0","0","0","0","0","0","0","0","0","0","0","0","0","0","0","0","0","0","0","0"
"0x7ff32b5b3500","      F2FP.BF16.F32.PACK_AB R49, R47, R46","3","0","3","65536","2097152","2097152","32","32","0","0","0","-","-","-","0","0","0","0","0","0","0","0","-","0","0","0","0","0","0","0","0","1","0","0","0","0","0","0","0","0","0","2","0","0","0","0","0","0","0","0","0","0","0","0","0","0","0","0","0","0","0","0","0"
"0x7ff32b5b3510","      FMUL2 R22, R2.F32, R22.F32x2.HI_LO","0","0","0","65536","2097152","2097152","32","32","0","0","0","-","-","-","0","0","0","0","0","0","0","0","-","0","0","0","0","0","0","0","0","0","0","0","0","0","0","0","0","0","0","0","0","0","0","0","0","0","0","0","0","0","0","0","0","0","0","0","0","0","0","0","0"
"0x7ff32b5b3520","      F2FP.BF16.F32.PACK_AB R48, R45, R44","3","0","3","65536","2097152","2097152","32","32","0","0","0","-","-","-","0","0","0","0","0","0","0","0","-","0","0","0","0","0","0","0","0","2","0","0","0","0","0","0","0","0","0","1","0","0","0","0","0","0","0","0","0","0","0","0","0","0","0","0","0","0","0","0","0"
"0x7ff32b5b3530","      FMUL2 R24, R2.F32, R24.F32x2.HI_LO","2","0","2","65536","2097152","2097152","32","32","0","0","0","-","-","-","0","0","0","0","0","0","0","0","-","0","0","0","0","0","0","0","0","0","0","0","0","0","0","0","0","0","0","2","0","0","0","0","0","0","0","0","0","0","0","0","0","0","0","0","0","0","0","0","0"
"0x7ff32b5b3540","      F2FP.BF16.F32.PACK_AB R7, R7, R6","1","0","1","65536","2097152","2097152","32","32","0","0","0","-","-","-","0","0","0","0","0","0","0","0","-","0","0","0","0","0","0","0","0","0","0","0","0","0","0","0","0","0","0","1","0","0","0","0","0","0","0","0","0","0","0","0","0","0","0","0","0","0","0","0","0"
"0x7ff32b5b3550","      FMUL2 R26, R2.F32, R26.F32x2.HI_LO","7","0","7","65536","2097152","2097152","32","32","0","0","0","-","-","-","0","0","0","0","0","0","0","0","-","0","0","0","0","0","0","0","0","0","0","0","0","0","0","0","0","0","0","7","0","0","0","0","0","0","0","0","0","0","0","0","0","0","0","0","0","0","0","0","0"
"0x7ff32b5b3560","      F2FP.BF16.F32.PACK_AB R5, R5, R4","0","0","0","65536","2097152","2097152","32","32","0","0","0","-","-","-","0","0","0","0","0","0","0","0","-","0","0","0","0","0","0","0","0","0","0","0","0","0","0","0","0","0","0","0","0","0","0","0","0","0","0","0","0","0","0","0","0","0","0","0","0","0","0","0","0"
"0x7ff32b5b3570","      FMUL2 R30, R2.F32, R30.F32x2.HI_LO","1","0","1","65536","2097152","2097152","32","32","0","0","0","-","-","-","0","0","0","0","0","0","0","0","-","0","0","0","0","0","0","0","0","0","0","0","0","0","0","0","0","0","0","1","0","0","0","0","0","0","0","0","0","0","0","0","0","0","0","0","0","0","0","0","0"
"0x7ff32b5b3580","      F2FP.BF16.F32.PACK_AB R11, R11, R10","4","0","4","65536","2097152","2097152","32","32","0","0","0","-","-","-","0","0","0","0","0","0","0","0","-","0","0","0","0","0","0","0","0","1","0","0","0","0","0","0","0","0","0","3","0","0","0","0","0","0","0","0","0","0","0","0","0","0","0","0","0","0","0","0","0"
"0x7ff32b5b3590","      FMUL2 R34, R2.F32, R34.F32x2.HI_LO","2","0","2","65536","2097152","2097152","32","32","0","0","0","-","-","-","0","0","0","0","0","0","0","0","-","0","0","0","0","0","0","0","0","0","0","0","0","0","0","0","0","0","0","2","0","0","0","0","0","0","0","0","0","0","0","0","0","0","0","0","0","0","0","0","0"
"0x7ff32b5b35a0","      F2FP.BF16.F32.PACK_AB R9, R9, R8","1","0","1","65536","2097152","2097152","32","32","0","0","0","-","-","-","0","0","0","0","0","0","0","0","-","0","0","0","0","0","0","0","0","0","0","0","0","0","0","0","0","0","0","1","0","0","0","0","0","0","0","0","0","0","0","0","0","0","0","0","0","0","0","0","0"
"0x7ff32b5b35b0","      FMUL2 R32, R2.F32, R32.F32x2.HI_LO","0","0","0","65536","2097152","2097152","32","32","0","0","0","-","-","-","0","0","0","0","0","0","0","0","-","0","0","0","0","0","0","0","0","0","0","0","0","0","0","0","0","0","0","0","0","0","0","0","0","0","0","0","0","0","0","0","0","0","0","0","0","0","0","0","0"
"0x7ff32b5b35c0","      F2FP.BF16.F32.PACK_AB R6, R39, R38","1","0","1","65536","2097152","2097152","32","32","0","0","0","-","-","-","0","0","0","0","0","0","0","0","-","0","0","0","0","0","0","0","0","0","0","0","0","0","0","0","0","0","0","1","0","0","0","0","0","0","0","0","0","0","0","0","0","0","0","0","0","0","0","0","0"
"0x7ff32b5b35d0","      FMUL2 R28, R2.F32, R28.F32x2.HI_LO","0","0","0","65536","2097152","2097152","32","32","0","0","0","-","-","-","0","0","0","0","0","0","0","0","-","0","0","0","0","0","0","0","0","0","0","0","0","0","0","0","0","0","0","0","0","0","0","0","0","0","0","0","0","0","0","0","0","0","0","0","0","0","0","0","0"
"0x7ff32b5b35e0","      F2FP.BF16.F32.PACK_AB R4, R37, R36","3","0","3","65536","2097152","2097152","32","32","0","0","0","-","-","-","0","0","0","0","0","0","0","0","-","0","0","0","0","0","0","0","0","1","0","0","0","0","0","0","0","0","0","2","0","0","0","0","0","0","0","0","0","0","0","0","0","0","0","0","0","0","0","0","0"
"0x7ff32b5b35f0","      STS.128 [R57], R40","4","0","4","65536","2097152","2097152","32","32","0","0","0","Shared","Store","128","0","4","0","262144","262144","0","0","0","-","0","0","0","0","0","0","0","0","0","0","0","0","0","0","0","0","0","0","4","0","0","0","0","0","0","0","0","0","0","0","0","0","0","0","0","0","0","0","0","0"
"0x7ff32b5b3600","      LOP3.LUT R88, R88, 0x70, R13, 0x78, !PT","2","0","2","65536","2097152","2097152","32","32","0","0","0","-","-","-","0","0","0","0","0","0","0","0","-","0","0","0","0","0","0","0","0","0","0","0","0","0","0","0","0","0","0","2","0","0","0","0","0","0","0","0","0","0","0","0","0","0","0","0","0","0","0","0","0"
"0x7ff32b5b3610","      F2FP.BF16.F32.PACK_AB R10, R55, R54","6","4","6","65536","2097152","2097152","32","32","0","0","0","-","-","-","0","0","0","0","0","0","0","0","-","0","0","0","0","0","0","0","0","0","0","0","0","1","0","0","0","0","1","1","0","0","0","3","0","0","0","0","0","0","1","0","0","0","0","0","0","0","0","0","3"
"0x7ff32b5b3620","      STS.128 [R56], R48","4","0","4","65536","2097152","2097152","32","32","0","0","0","Shared","Store","128","0","4","0","262144","262144","0","0","0","-","0","0","0","0","0","0","0","0","1","0","0","0","0","0","0","0","0","0","3","0","0","0","0","0","0","0","0","0","0","0","0","0","0","0","0","0","0","0","0","0"
"0x7ff32b5b3630","      F2FP.BF16.F32.PACK_AB R8, R53, R52","3","0","3","65536","2097152","2097152","32","32","0","0","0","-","-","-","0","0","0","0","0","0","0","0","-","0","0","0","0","0","0","0","0","0","0","0","0","0","0","0","0","0","0","3","0","0","0","0","0","0","0","0","0","0","0","0","0","0","0","0","0","0","0","0","0"
"0x7ff32b5b3640","      NOP","2","0","2","65536","2097152","2097152","32","32","0","0","0","-","-","-","0","0","0","0","0","0","0","0","-","0","0","0","0","0","0","0","0","1","0","0","0","0","0","0","0","0","0","1","0","0","0","0","0","0","0","0","0","0","0","0","0","0","0","0","0","0","0","0","0"
"0x7ff32b5b3650","      F2FP.BF16.F32.PACK_AB R15, R27, R26","3","0","3","65536","2097152","2097152","32","32","0","0","0","-","-","-","0","0","0","0","0","0","0","0","-","0","0","0","0","0","0","0","0","1","0","0","0","0","0","0","0","0","0","2","0","0","0","0","0","0","0","0","0","0","0","0","0","0","0","0","0","0","0","0","0"
"0x7ff32b5b3660","      STS.128 [R74], R4","4","0","4","65536","2097152","2097152","32","32","0","0","0","Shared","Store","128","0","4","0","262144","262144","0","0","0","-","0","0","0","0","0","0","0","0","0","0","0","0","0","0","0","0","0","0","4","0","0","0","0","0","0","0","0","0","0","0","0","0","0","0","0","0","0","0","0","0"
"0x7ff32b5b3670","      F2FP.BF16.F32.PACK_AB R14, R25, R24","3","0","3","65536","2097152","2097152","32","32","0","0","0","-","-","-","0","0","0","0","0","0","0","0","-","0","0","0","0","0","0","0","0","0","0","0","0","0","0","0","0","0","0","3","0","0","0","0","0","0","0","0","0","0","0","0","0","0","0","0","0","0","0","0","0"
"0x7ff32b5b3680","      F2FP.BF16.F32.PACK_AB R13, R23, R22","8","0","8","65536","2097152","2097152","32","32","0","0","0","-","-","-","0","0","0","0","0","0","0","0","-","0","0","0","0","0","0","0","0","0","0","0","0","1","0","0","0","0","6","1","0","0","0","0","0","0","0","0","0","0","0","0","0","0","0","0","0","0","0","0","0"
"0x7ff32b5b3690","      STS.128 [R75], R8","4","0","4","65536","2097152","2097152","32","32","0","0","0","Shared","Store","128","0","4","0","262144","262144","0","0","0","-","0","0","0","0","0","0","0","0","0","0","0","0","0","0","0","0","0","0","4","0","0","0","0","0","0","0","0","0","0","0","0","0","0","0","0","0","0","0","0","0"
"0x7ff32b5b36a0","      F2FP.BF16.F32.PACK_AB R12, R21, R20","3","0","3","65536","2097152","2097152","32","32","0","0","0","-","-","-","0","0","0","0","0","0","0","0","-","0","0","0","0","0","0","0","0","0","0","0","0","0","0","0","0","0","0","3","0","0","0","0","0","0","0","0","0","0","0","0","0","0","0","0","0","0","0","0","0"
"0x7ff32b5b36b0","      F2FP.BF16.F32.PACK_AB R19, R35, R34","5","2","5","65536","2097152","2097152","32","32","0","0","0","-","-","-","0","0","0","0","0","0","0","0","-","0","0","0","0","0","0","0","0","0","0","0","0","0","0","0","0","0","0","3","0","0","0","2","0","0","0","0","0","0","0","0","0","0","0","0","0","0","0","0","2"
"0x7ff32b5b36c0","      F2FP.BF16.F32.PACK_AB R18, R33, R32","14","3","14","65536","2097152","2097152","32","32","0","0","0","-","-","-","0","0","0","0","0","0","0","0","-","0","0","0","0","0","0","0","0","1","0","0","0","5","0","0","0","0","6","0","0","0","0","2","0","0","0","0","0","0","2","0","0","0","0","0","0","0","0","0","1"
"0x7ff32b5b36d0","      STS.128 [R73], R12","4","0","4","65536","2097152","2097152","32","32","0","0","0","Shared","Store","128","0","4","0","262144","262144","0","0","0","-","0","0","0","0","0","0","0","0","0","0","0","0","0","0","0","0","0","0","4","0","0","0","0","0","0","0","0","0","0","0","0","0","0","0","0","0","0","0","0","0"
"0x7ff32b5b36e0","      F2FP.BF16.F32.PACK_AB R17, R31, R30","2","0","2","65536","2097152","2097152","32","32","0","0","0","-","-","-","0","0","0","0","0","0","0","0","-","0","0","0","0","0","0","0","0","0","0","0","0","0","0","0","0","0","0","2","0","0","0","0","0","0","0","0","0","0","0","0","0","0","0","0","0","0","0","0","0"
"0x7ff32b5b36f0","      F2FP.BF16.F32.PACK_AB R16, R29, R28","9","2","9","65536","2097152","2097152","32","32","0","0","0","-","-","-","0","0","0","0","0","0","0","0","-","0","0","0","0","0","0","0","0","0","0","0","0","4","0","0","0","0","2","1","0","0","0","2","0","0","0","0","0","0","0","0","0","0","0","0","0","0","0","0","2"
"0x7ff32b5b3700","      STS.128 [R88], R16","25","9","25","65536","2097152","2097152","32","32","0","0","0","Shared","Store","128","0","4","0","262144","262144","0","0","0","-","0","0","0","0","0","0","0","0","2","0","0","0","0","0","0","0","0","8","1","0","0","0","14","0","0","0","0","0","0","0","0","0","0","0","0","0","0","0","0","9"
"0x7ff32b5b3710","      NOP","5","0","5","65536","2097152","2097152","32","32","0","0","0","-","-","-","0","0","0","0","0","0","0","0","-","0","0","0","0","0","0","0","0","0","0","0","0","0","0","0","0","0","0","5","0","0","0","0","0","0","0","0","0","0","0","0","0","0","0","0","0","0","0","0","0"
"0x7ff32b5b3720","      BAR.SYNC.DEFER_BLOCKING 0x1, 0x100","3","0","3","65536","2097152","2097152","32","32","0","0","0","-","-","-","0","0","0","0","0","0","0","0","-","0","0","0","0","0","0","0","0","0","0","0","0","0","0","0","0","0","0","3","0","0","0","0","0","0","0","0","0","0","0","0","0","0","0","0","0","0","0","0","0"
"0x7ff32b5b3730","      NOP","72","49","72","65536","2097152","2097152","32","32","0","0","0","-","-","-","0","0","0","0","0","0","0","0","-","0","0","0","0","0","0","60","0","0","0","0","0","0","0","0","0","0","0","1","0","0","0","11","42","0","0","0","0","0","0","0","0","0","0","0","0","0","0","0","7"
"0x7ff32b5b3740","      LDS.128 R60, [R86]","5","0","5","65536","2097152","2097152","32","32","0","0","0","Shared","Load","128","0","4","0","262144","262144","0","0","0","-","0","0","0","0","0","0","0","0","0","0","0","0","0","0","0","0","0","0","5","0","0","0","0","0","0","0","0","0","0","0","0","0","0","0","0","0","0","0","0","0"
"0x7ff32b5b3750","      LDS.128 R64, [R85]","6","1","6","65536","2097152","2097152","32","32","0","0","0","Shared","Load","128","0","4","0","262144","262144","0","0","0","-","0","0","0","0","0","0","0","0","0","0","0","0","0","0","0","0","0","0","2","0","0","0","4","0","0","0","0","0","0","0","0","0","0","0","0","0","0","0","0","1"
"0x7ff32b5b3760","      LDS.128 R56, [R84]","51","45","51","65536","2097152","2097152","32","32","0","0","0","Shared","Load","128","0","4","0","262144","262144","0","0","0","-","0","0","0","0","0","0","0","0","0","0","0","0","0","0","39","0","0","2","1","0","0","0","9","0","0","0","0","0","0","0","0","39","0","0","0","0","0","0","0","6"
"0x7ff32b5b3770","      LDS.128 R48, [R83]","73","67","73","65536","2097152","2097152","32","32","0","0","0","Shared","Load","128","0","4","0","262144","262144","0","0","0","-","0","0","0","0","0","0","0","0","0","0","0","0","0","0","61","0","0","4","2","0","0","0","6","0","0","0","0","0","0","0","0","61","0","0","0","0","0","0","0","6"
"0x7ff32b5b3780","      LDS.128 R40, [R82]","52","49","52","65536","2097152","2097152","32","32","0","0","0","Shared","Load","128","0","4","0","262144","262144","0","0","0","-","0","0","0","0","0","0","0","0","0","0","0","0","0","0","41","0","0","3","0","0","0","0","8","0","0","0","0","0","0","0","0","41","0","0","0","0","0","0","0","8"
"0x7ff32b5b3790","      LDS.128 R32, [R80]","44","43","44","65536","2097152","2097152","32","32","0","0","0","Shared","Load","128","0","4","0","262144","262144","0","0","0","-","0","0","0","0","0","0","0","0","0","0","0","0","0","0","37","0","0","0","1","0","0","0","6","0","0","0","0","0","0","0","0","37","0","0","0","0","0","0","0","6"
"0x7ff32b5b37a0","      LDS.128 R24, [R79]","52","48","52","65536","2097152","2097152","32","32","0","0","0","Shared","Load","128","0","4","0","262144","262144","0","0","0","-","0","0","0","0","0","0","0","0","0","0","0","0","0","0","43","0","0","0","4","0","0","0","5","0","0","0","0","0","0","0","0","43","0","0","0","0","0","0","0","5"
"0x7ff32b5b37b0","      LDS.128 R16, [R78]","49","48","49","65536","2097152","2097152","32","32","0","0","0","Shared","Load","128","0","4","0","262144","262144","0","0","0","-","0","0","0","0","0","0","0","0","0","0","0","0","0","0","44","0","0","1","0","0","0","0","4","0","0","0","0","0","0","0","0","44","0","0","0","0","0","0","0","4"
"0x7ff32b5b37c0","      LDS.128 R8, [R87]","44","43","44","65536","2097152","2097152","32","32","0","0","0","Shared","Load","128","0","4","0","262144","262144","0","0","0","-","0","0","0","0","0","0","0","0","0","0","0","0","0","0","37","0","0","1","0","0","0","0","6","0","0","0","0","0","0","0","0","37","0","0","0","0","0","0","0","6"
"0x7ff32b5b37d0","      LDS.128 R52, [R72]","31","28","31","65536","2097152","2097152","32","32","0","0","0","Shared","Load","128","0","4","0","262144","262144","0","0","0","-","0","0","0","0","0","0","0","0","0","0","0","0","0","0","18","0","0","2","1","0","0","0","10","0","0","0","0","0","0","0","0","18","0","0","0","0","0","0","0","10"
"0x7ff32b5b37e0","      LDS.128 R44, [R71]","49","44","49","65536","2097152","2097152","32","32","0","0","0","Shared","Load","128","0","4","0","262144","262144","0","0","0","-","0","0","0","0","0","0","0","0","0","0","0","0","0","0","39","0","0","2","3","0","0","0","5","0","0","0","0","0","0","0","0","39","0","0","0","0","0","0","0","5"
"0x7ff32b5b37f0","      LDS.128 R36, [R70]","49","45","49","65536","2097152","2097152","32","32","0","0","0","Shared","Load","128","0","4","0","262144","262144","0","0","0","-","0","0","0","0","0","0","0","0","0","0","0","0","0","0","35","0","0","0","4","0","0","0","10","0","0","0","0","0","0","0","0","35","0","0","0","0","0","0","0","10"
"0x7ff32b5b3800","      LDS.128 R28, [R69]","66","64","66","65536","2097152","2097152","32","32","0","0","0","Shared","Load","128","0","4","0","262144","262144","0","0","0","-","0","0","0","0","0","0","0","0","0","0","0","0","0","0","59","0","0","0","2","0","0","0","5","0","0","0","0","0","0","0","0","59","0","0","0","0","0","0","0","5"
"0x7ff32b5b3810","      LDS.128 R20, [R68]","49","42","49","65536","2097152","2097152","32","32","0","0","0","Shared","Load","128","0","4","0","262144","262144","0","0","0","-","0","0","0","0","0","0","0","0","0","0","0","0","0","0","37","0","0","3","4","0","0","0","5","0","0","0","0","0","0","0","0","37","0","0","0","0","0","0","0","5"
"0x7ff32b5b3820","      LDS.128 R12, [R77]","53","51","53","65536","2097152","2097152","32","32","0","0","0","Shared","Load","128","0","4","0","262144","262144","0","0","0","-","0","0","0","0","0","0","0","0","0","0","0","0","0","0","46","0","0","1","1","0","0","0","5","0","0","0","0","0","0","0","0","46","0","0","0","0","0","0","0","5"
"0x7ff32b5b3830","      LDS.128 R4, [R76]","58","55","58","65536","2097152","2097152","32","32","0","0","0","Shared","Load","128","0","4","0","262144","262144","0","0","0","-","0","0","0","0","0","0","0","0","0","0","0","0","0","0","50","0","0","1","2","0","0","0","5","0","0","0","0","0","0","0","0","50","0","0","0","0","0","0","0","5"
"0x7ff32b5b3840","      STG.E.128 desc[UR10][R90.64+0x1000], R60","52","50","52","65536","2097152","2097152","32","32","0","0","0","Global","Store","128","262144","0","0","0","0","0","1048576","1048576","","0","0","0","0","0","0","0","0","0","0","0","0","0","0","47","0","0","1","1","0","0","0","3","0","0","0","0","0","0","0","0","47","0","0","0","0","0","0","0","3"
"0x7ff32b5b3850","      STG.E.128 desc[UR10][R90.64], R64","44","41","44","65536","2097152","2097152","32","32","0","0","0","Global","Store","128","262144","0","0","0","0","0","1048576","1048576","","0","0","0","0","0","0","0","0","0","0","0","0","0","0","36","0","0","0","3","0","0","0","5","0","0","0","0","0","0","0","0","36","0","0","0","0","0","0","0","5"
"0x7ff32b5b3860","      STG.E.128 desc[UR10][R90.64+0x2000], R56","44","41","44","65536","2097152","2097152","32","32","0","0","0","Global","Store","128","262144","0","0","0","0","0","1048576","1048576","","0","0","0","0","0","0","0","0","0","0","0","0","0","0","38","0","0","2","1","0","0","0","3","0","0","0","0","0","0","0","0","38","0","0","0","0","0","0","0","3"
"0x7ff32b5b3870","      STG.E.128 desc[UR10][R90.64+0x4000], R48","68","61","68","65536","2097152","2097152","32","32","0","0","0","Global","Store","128","262144","0","0","0","0","0","1048576","1048576","","0","0","0","0","0","0","0","0","0","0","2","0","0","0","52","0","0","1","6","0","0","0","7","0","0","0","0","2","0","0","0","52","0","0","0","0","0","0","0","7"
"0x7ff32b5b3880","      STG.E.128 desc[UR10][R90.64+0x6000], R40","306","300","306","65536","2097152","2097152","32","32","0","0","0","Global","Store","128","262144","0","0","0","0","0","1048576","1048576","","0","0","0","0","0","0","0","0","0","0","25","0","0","0","12","0","0","0","1","263","0","0","5","0","0","0","0","25","0","0","0","12","0","0","0","0","258","0","0","5"
"0x7ff32b5b3890","      STG.E.128 desc[UR10][R90.64+0x8000], R32","64","64","64","65536","2097152","2097152","32","32","0","0","0","Global","Store","128","262144","0","0","0","0","0","1048576","1048576","","0","0","0","0","0","0","0","0","0","0","38","0","0","0","21","0","0","0","0","0","0","0","5","0","0","0","0","38","0","0","0","21","0","0","0","0","0","0","0","5"
"0x7ff32b5b38a0","      STG.E.128 desc[UR10][R90.64+0xa000], R24","89","88","89","65536","2097152","2097152","32","32","0","0","0","Global","Store","128","262144","0","0","0","0","0","1048576","1048576","","0","0","0","0","0","0","0","0","0","0","74","0","0","0","9","0","0","0","1","0","0","0","5","0","0","0","0","74","0","0","0","9","0","0","0","0","0","0","0","5"
"0x7ff32b5b38b0","      STG.E.128 desc[UR10][R90.64+0xc000], R16","91","87","91","65536","2097152","2097152","32","32","0","0","0","Global","Store","128","262144","0","0","0","0","0","1048576","1048576","","0","0","0","0","0","0","0","0","0","0","70","0","0","0","10","0","0","0","3","0","0","0","8","0","0","0","0","70","0","0","0","10","0","0","0","0","0","0","0","7"
"0x7ff32b5b38c0","      STG.E.128 desc[UR10][R90.64+0xe000], R8","97","95","97","65536","2097152","2097152","32","32","0","0","0","Global","Store","128","262144","0","0","0","0","0","1048576","1048576","","0","0","0","0","0","0","0","0","0","0","84","0","0","0","1","0","0","0","2","0","0","0","10","0","0","0","0","84","0","0","0","1","0","0","0","0","0","0","0","10"
"0x7ff32b5b38d0","      STG.E.128 desc[UR10][R90.64+0x3000], R52","112","111","112","65536","2097152","2097152","32","32","0","0","0","Global","Store","128","262144","0","0","0","0","0","1048576","1048576","","0","0","0","0","0","0","0","0","0","0","104","0","0","0","1","0","0","0","1","0","0","0","6","0","0","0","0","104","0","0","0","1","0","0","0","0","0","0","0","6"
"0x7ff32b5b38e0","      STG.E.128 desc[UR10][R90.64+0x5000], R44","191","188","191","65536","2097152","2097152","32","32","0","0","0","Global","Store","128","262144","0","0","0","0","0","1048576","1048576","","0","0","0","0","0","0","0","0","0","0","185","0","0","0","0","0","0","0","2","0","0","0","4","0","0","0","0","185","0","0","0","0","0","0","0","0","0","0","0","3"
"0x7ff32b5b38f0","      STG.E.128 desc[UR10][R90.64+0x7000], R36","226","222","226","65536","2097152","2097152","32","32","0","0","0","Global","Store","128","262144","0","0","0","0","0","1048576","1048576","","0","0","0","0","0","0","0","0","0","0","217","0","0","0","0","0","0","1","2","0","0","0","6","0","0","0","0","216","0","0","0","0","0","0","0","0","0","0","0","6"
"0x7ff32b5b3900","      STG.E.128 desc[UR10][R90.64+0x9000], R28","284","277","284","65536","2097152","2097152","32","32","0","0","0","Global","Store","128","262144","0","0","0","0","0","1048576","1048576","","0","0","0","0","0","0","0","0","0","0","271","0","0","0","1","0","0","4","3","0","0","0","5","0","0","0","0","271","0","0","0","1","0","0","0","0","0","0","0","5"
"0x7ff32b5b3910","      STG.E.128 desc[UR10][R90.64+0xb000], R20","198","196","198","65536","2097152","2097152","32","32","0","0","0","Global","Store","128","262144","0","0","0","0","0","1048576","1048576","","0","0","0","0","0","0","0","0","0","0","189","0","0","0","0","0","0","1","1","0","0","0","7","0","0","0","0","189","0","0","0","0","0","0","0","0","0","0","0","7"
"0x7ff32b5b3920","      STG.E.128 desc[UR10][R90.64+0xd000], R12","190","187","190","65536","2097152","2097152","32","32","0","0","0","Global","Store","128","262144","0","0","0","0","0","1048576","1048576","","0","0","0","0","0","0","0","0","0","0","181","0","0","0","0","0","0","2","1","0","0","0","6","0","0","0","0","181","0","0","0","0","0","0","0","0","0","0","0","6"
"0x7ff32b5b3930","      STG.E.128 desc[UR10][R90.64+0xf000], R4","203","200","203","65536","2097152","2097152","32","32","0","0","0","Global","Store","128","262144","0","0","0","0","0","1048576","1048576","","0","0","0","0","0","0","0","0","0","0","199","0","0","0","0","0","0","0","1","0","0","0","3","0","0","0","0","197","0","0","0","0","0","0","0","0","0","0","0","3"
"0x7ff32b5b3940","      NOP","4","0","4","65536","2097152","2097152","32","32","0","0","0","-","-","-","0","0","0","0","0","0","0","0","-","0","0","0","0","0","0","0","0","0","0","0","0","0","0","0","0","0","0","4","0","0","0","0","0","0","0","0","0","0","0","0","0","0","0","0","0","0","0","0","0"
"0x7ff32b5b3950","      BAR.SYNC.DEFER_BLOCKING 0x1, 0x100","3","0","3","65536","2097152","2097152","32","32","0","0","0","-","-","-","0","0","0","0","0","0","0","0","-","0","0","0","0","0","0","0","0","0","0","0","0","0","0","0","0","0","0","3","0","0","0","0","0","0","0","0","0","0","0","0","0","0","0","0","0","0","0","0","0"
"0x7ff32b5b3960","      NOP","485","470","485","65536","2097152","2097152","32","32","0","0","0","-","-","-","0","0","0","0","0","0","0","0","-","0","0","0","0","0","0","468","0","0","0","0","0","0","0","0","0","0","3","5","0","0","0","9","461","0","0","0","0","0","0","0","0","0","0","0","0","0","0","0","9"
"0x7ff32b5b3970","@P0   EXIT","1","0","1","65536","2097152","1835008","32","28","4","4","0","-","-","-","0","0","0","0","0","0","0","0","-","0","0","0","0","0","0","0","0","0","0","0","0","0","0","0","0","0","0","1","0","0","0","0","0","0","0","0","0","0","0","0","0","0","0","0","0","0","0","0","0"
"0x7ff32b5b3980","      S2UR UR6, SR_CgaCtaId","16","14","16","8192","262144","262144","32","32","4","0","0","-","-","-","0","0","0","0","0","0","0","0","-","0","0","0","0","0","0","0","12","0","0","0","0","0","0","0","0","0","0","0","0","0","0","4","0","12","0","0","0","0","0","0","0","0","0","0","0","0","0","0","2"
"0x7ff32b5b3990","      UMOV UR4, 0x40","0","0","0","8192","262144","262144","32","32","0","0","0","-","-","-","0","0","0","0","0","0","0","0","-","0","0","0","0","0","0","0","0","0","0","0","0","0","0","0","0","0","0","0","0","0","0","0","0","0","0","0","0","0","0","0","0","0","0","0","0","0","0","0","0"
"0x7ff32b5b39a0","      NOP","1","0","1","8192","262144","262144","32","32","0","0","0","-","-","-","0","0","0","0","0","0","0","0","-","0","0","0","0","0","0","0","0","0","0","0","0","0","0","0","0","0","0","1","0","0","0","0","0","0","0","0","0","0","0","0","0","0","0","0","0","0","0","0","0"
"0x7ff32b5b39b0","      UMOV UR5, 0xffff","0","0","0","8192","262144","262144","32","32","0","0","0","-","-","-","0","0","0","0","0","0","0","0","-","0","0","0","0","0","0","0","0","0","0","0","0","0","0","0","0","0","0","0","0","0","0","0","0","0","0","0","0","0","0","0","0","0","0","0","0","0","0","0","0"
"0x7ff32b5b39c0","      UMOV UR7, 0x1","0","0","0","8192","262144","262144","32","32","0","0","0","-","-","-","0","0","0","0","0","0","0","0","-","0","0","0","0","0","0","0","0","0","0","0","0","0","0","0","0","0","0","0","0","0","0","0","0","0","0","0","0","0","0","0","0","0","0","0","0","0","0","0","0"
"0x7ff32b5b39d0","      ULEA UR6, UR6, UR4, 0x18","4","4","4","8192","262144","262144","32","32","0","0","0","-","-","-","0","0","0","0","0","0","0","0","-","0","0","0","0","0","0","0","0","0","0","0","0","0","0","0","0","0","0","0","4","0","0","0","0","0","0","0","0","0","0","0","0","0","0","0","0","4","0","0","0"
"0x7ff32b5b39e0","      ULOP3.LUT UR4, UR37, 0xffff, URZ, 0xc0, !UPT","1","1","1","8192","262144","262144","32","32","0","0","0","-","-","-","0","0","0","0","0","0","0","0","-","0","0","0","0","0","0","0","0","0","0","0","0","0","0","0","0","0","0","0","0","0","0","1","0","0","0","0","0","0","0","0","0","0","0","0","0","0","0","0","1"
"0x7ff32b5b39f0","      USHF.R.U32.HI UR4, URZ, 0x5, UR4","2","2","2","8192","262144","262144","32","32","0","0","0","-","-","-","0","0","0","0","0","0","0","0","-","0","0","0","0","0","0","0","0","0","0","0","0","0","0","0","0","0","0","0","0","0","0","2","0","0","0","0","0","0","0","0","0","0","0","0","0","0","0","0","2"
"0x7ff32b5b3a00","      LDS R0, [UR6+0x14]","0","0","0","8192","262144","262144","32","32","0","0","0","Shared","Load","32","0","1","0","8192","8192","0","0","0","-","0","0","0","0","0","0","0","0","0","0","0","0","0","0","0","0","0","0","0","0","0","0","0","0","0","0","0","0","0","0","0","0","0","0","0","0","0","0","0","0"
"0x7ff32b5b3a10","      USHF.L.U32 UR5, UR5, UR4, URZ","0","0","0","8192","262144","262144","32","32","0","0","0","-","-","-","0","0","0","0","0","0","0","0","-","0","0","0","0","0","0","0","0","0","0","0","0","0","0","0","0","0","0","0","0","0","0","0","0","0","0","0","0","0","0","0","0","0","0","0","0","0","0","0","0"
"0x7ff32b5b3a20","      USHF.L.U32 UR4, UR7, UR4, URZ","0","0","0","8192","262144","262144","32","32","0","0","0","-","-","-","0","0","0","0","0","0","0","0","-","0","0","0","0","0","0","0","0","0","0","0","0","0","0","0","0","0","0","0","0","0","0","0","0","0","0","0","0","0","0","0","0","0","0","0","0","0","0","0","0"
"0x7ff32b5b3a30","      LOP3.LUT R0, R0, UR5, RZ, 0xc0, !PT","98","98","98","8192","262144","262144","32","32","0","0","0","-","-","-","0","0","0","0","0","0","0","0","-","0","0","0","0","0","0","0","0","0","0","0","0","0","0","0","0","0","0","0","97","0","0","1","0","0","0","0","0","0","0","0","0","0","0","0","0","97","0","0","1"
"0x7ff32b5b3a40","      ISETP.NE.AND P0, PT, R0, UR5, PT","1","1","1","8192","262144","262144","32","32","0","0","0","-","-","-","0","0","0","0","0","0","0","0","-","0","0","0","0","0","0","0","0","0","0","0","0","0","0","0","0","0","0","0","0","0","0","1","0","0","0","0","0","0","0","0","0","0","0","0","0","0","0","0","1"
"0x7ff32b5b3a50","@P0   BRA 0x7ff32b5b3bc0","2","2","2","8192","262144","0","32","0","32","32","0","-","-","-","0","0","0","0","0","0","0","0","-","0","0","0","0","0","0","0","0","0","0","0","0","0","0","0","0","0","0","0","0","0","0","2","0","0","0","0","0","0","0","0","0","0","0","0","0","0","0","0","2"
"0x7ff32b5b3a60","      LDS R0, [UR6+0x18]","0","0","0","8192","262144","262144","32","32","32","0","0","Shared","Load","32","0","1","0","8192","8192","0","0","0","-","0","0","0","0","0","0","0","0","0","0","0","0","0","0","0","0","0","0","0","0","0","0","0","0","0","0","0","0","0","0","0","0","0","0","0","0","0","0","0","0"
"0x7ff32b5b3a70","      LOP3.LUT R0, R0, UR4, RZ, 0xc0, !PT","5","5","5","8192","262144","262144","32","32","0","0","0","-","-","-","0","0","0","0","0","0","0","0","-","0","0","0","0","0","0","0","0","0","0","0","0","0","0","0","0","0","0","0","5","0","0","0","0","0","0","0","0","0","0","0","0","0","0","0","0","5","0","0","0"
"0x7ff32b5b3a80","      ISETP.NE.AND P0, PT, R0, UR4, PT","2","1","2","8192","262144","262144","32","32","0","0","0","-","-","-","0","0","0","0","0","0","0","0","-","0","0","0","0","0","0","0","0","0","0","0","0","0","0","0","0","0","0","1","0","0","0","1","0","0","0","0","0","0","0","0","0","0","0","0","0","0","0","0","1"
"0x7ff32b5b3a90","@P0   BRA 0x7ff32b5b3b90","2","2","2","8192","262144","0","32","0","32","32","0","-","-","-","0","0","0","0","0","0","0","0","-","0","0","0","0","0","0","0","0","0","0","0","0","0","0","0","0","0","0","0","0","0","0","2","0","0","0","0","0","0","0","0","0","0","0","0","0","0","0","0","2"
"0x7ff32b5b3aa0","      S2R R2, SR_LANEID","0","0","0","8192","262144","262144","32","32","32","0","0","-","-","-","0","0","0","0","0","0","0","0","-","0","0","0","0","0","0","0","0","0","0","0","0","0","0","0","0","0","0","0","0","0","0","0","0","0","0","0","0","0","0","0","0","0","0","0","0","0","0","0","0"
"0x7ff32b5b3ab0","      ULOP3.LUT UR5, URZ, UR5, URZ, 0x33, !UPT","2","0","2","8192","262144","262144","32","32","0","0","0","-","-","-","0","0","0","0","0","0","0","0","-","0","0","0","0","0","0","0","0","0","0","0","0","0","0","0","0","0","0","2","0","0","0","0","0","0","0","0","0","0","0","0","0","0","0","0","0","0","0","0","0"
"0x7ff32b5b3ac0","      LOP3.LUT R4, RZ, UR4, RZ, 0x33, !PT","0","0","0","8192","262144","262144","32","32","0","0","0","-","-","-","0","0","0","0","0","0","0","0","-","0","0","0","0","0","0","0","0","0","0","0","0","0","0","0","0","0","0","0","0","0","0","0","0","0","0","0","0","0","0","0","0","0","0","0","0","0","0","0","0"
"0x7ff32b5b3ad0","      VOTEU.ANY UR4, UPT, PT","0","0","0","8192","262144","262144","32","32","0","0","0","-","-","-","0","0","0","0","0","0","0","0","-","0","0","0","0","0","0","0","0","0","0","0","0","0","0","0","0","0","0","0","0","0","0","0","0","0","0","0","0","0","0","0","0","0","0","0","0","0","0","0","0"
"0x7ff32b5b3ae0","      UFLO.U32 UR4, UR4","0","0","0","8192","262144","262144","32","32","0","0","0","-","-","-","0","0","0","0","0","0","0","0","-","0","0","0","0","0","0","0","0","0","0","0","0","0","0","0","0","0","0","0","0","0","0","0","0","0","0","0","0","0","0","0","0","0","0","0","0","0","0","0","0"
"0x7ff32b5b3af0","      REDUX UR7, R4","1","0","1","8192","262144","262144","32","32","0","0","0","-","-","-","0","0","0","0","0","0","0","0","-","0","0","0","0","0","0","0","0","0","0","0","0","0","0","0","0","0","0","1","0","0","0","0","0","0","0","0","0","0","0","0","0","0","0","0","0","0","0","0","0"
"0x7ff32b5b3b00","      IMAD.U32 R0, RZ, RZ, UR5","1","0","1","8192","262144","262144","32","32","0","0","0","-","-","-","0","0","0","0","0","0","0","0","-","0","0","0","0","0","0","0","0","0","0","0","0","0","0","0","0","0","0","1","0","0","0","0","0","0","0","0","0","0","0","0","0","0","0","0","0","0","0","0","0"
"0x7ff32b5b3b10","      UTCATOMSWS.AND URZ, UR5","0","0","0","8192","262144","262144","32","32","0","0","0","-","-","-","0","0","0","0","0","0","0","0","-","0","0","0","0","0","0","0","0","0","0","0","0","0","0","0","0","0","0","0","0","0","0","0","0","0","0","0","0","0","0","0","0","0","0","0","0","0","0","0","0"
"0x7ff32b5b3b20","      REDUX UR8, R0","1","0","1","8192","262144","262144","32","32","0","0","0","-","-","-","0","0","0","0","0","0","0","0","-","0","0","0","0","0","0","0","0","0","0","0","0","0","0","0","0","0","0","1","0","0","0","0","0","0","0","0","0","0","0","0","0","0","0","0","0","0","0","0","0"
"0x7ff32b5b3b30","      ISETP.EQ.U32.AND P0, PT, R2, UR4, PT","5","5","5","8192","262144","262144","32","32","0","0","0","-","-","-","0","0","0","0","0","0","0","0","-","0","0","0","0","0","0","0","0","0","0","0","0","0","0","0","0","0","0","0","5","0","0","0","0","0","0","0","0","0","0","0","0","0","0","0","0","5","0","0","0"
"0x7ff32b5b3b40","      IMAD.U32 R2, RZ, RZ, UR7","11","9","11","8192","262144","262144","32","32","0","0","0","-","-","-","0","0","0","0","0","0","0","0","-","0","0","0","0","0","0","0","0","0","0","0","0","0","0","0","0","0","0","0","11","0","0","0","0","0","0","0","0","0","0","0","0","0","0","0","0","9","0","0","0"
"0x7ff32b5b3b50","      MOV R3, UR8","3","2","3","8192","262144","262144","32","32","0","0","0","-","-","-","0","0","0","0","0","0","0","0","-","0","0","0","0","0","0","0","0","0","0","0","0","0","0","0","0","0","0","1","2","0","0","0","0","0","0","0","0","0","0","0","0","0","0","0","0","2","0","0","0"
"0x7ff32b5b3b60","@P0   ATOMS.AND RZ, [UR6+0x14], R3","3","3","3","8192","262144","8192","32","1","31","31","0","Shared","Atomic","32","0","1","0","8192","8192","0","0","0","-","0","0","0","0","0","0","0","0","0","0","0","0","0","0","0","0","0","0","0","0","0","0","3","0","0","0","0","0","0","0","0","0","0","0","0","0","0","0","0","3"
"0x7ff32b5b3b70","@P0   ATOMS.AND RZ, [UR6+0x18], R2","0","0","0","8192","262144","8192","32","1","0","31","0","Shared","Atomic","32","0","1","0","8192","8192","0","0","0","-","0","0","0","0","0","0","0","0","0","0","0","0","0","0","0","0","0","0","0","0","0","0","0","0","0","0","0","0","0","0","0","0","0","0","0","0","0","0","0","0"
"0x7ff32b5b3b80","      BRA 0x7ff32b5b3be0","2","0","2","8192","262144","262144","32","32","31","0","0","-","-","-","0","0","0","0","0","0","0","0","-","0","0","0","0","0","0","0","0","0","0","0","0","0","0","0","0","0","0","2","0","0","0","0","0","0","0","0","0","0","0","0","0","0","0","0","0","0","0","0","0"
"0x7ff32b5b3b90","      MOV R2, 0x6230","1","0","1","0","0","0","0","0","32","32","0","-","-","-","0","0","0","0","0","0","0","0","-","0","0","0","0","0","0","0","0","0","0","0","0","0","0","0","0","0","0","0","0","0","0","1","0","0","0","0","0","0","0","0","0","0","0","0","0","0","0","0","0"
"0x7ff32b5b3ba0","      CALL.REL.NOINC 0x7ff32b5b3d60","0","0","0","0","0","0","0","0","0","32","0","-","-","-","0","0","0","0","0","0","0","0","-","0","0","0","0","0","0","0","0","0","0","0","0","0","0","0","0","0","0","0","0","0","0","0","0","0","0","0","0","0","0","0","0","0","0","0","0","0","0","0","0"
"0x7ff32b5b3bb0","      BRA 0x7ff32b5b3be0","0","0","0","0","0","0","0","0","0","32","0","-","-","-","0","0","0","0","0","0","0","0","-","0","0","0","0","0","0","0","0","0","0","0","0","0","0","0","0","0","0","0","0","0","0","0","0","0","0","0","0","0","0","0","0","0","0","0","0","0","0","0","0"
"0x7ff32b5b3bc0","      MOV R2, 0x6260","0","0","0","0","0","0","0","0","0","32","0","-","-","-","0","0","0","0","0","0","0","0","-","0","0","0","0","0","0","0","0","0","0","0","0","0","0","0","0","0","0","0","0","0","0","0","0","0","0","0","0","0","0","0","0","0","0","0","0","0","0","0","0"
"0x7ff32b5b3bd0","      CALL.REL.NOINC 0x7ff32b5b3d90","0","0","0","0","0","0","0","0","0","32","0","-","-","-","0","0","0","0","0","0","0","0","-","0","0","0","0","0","0","0","0","0","0","0","0","0","0","0","0","0","0","0","0","0","0","0","0","0","0","0","0","0","0","0","0","0","0","0","0","0","0","0","0"
"0x7ff32b5b3be0","      NOP","2","2","2","8192","262144","262144","32","32","32","0","0","-","-","-","0","0","0","0","0","0","0","0","-","0","0","0","0","0","0","0","2","0","0","0","0","0","0","0","0","0","0","0","0","0","0","0","0","2","0","0","0","0","0","0","0","0","0","0","0","0","0","0","0"
"0x7ff32b5b3bf0","      EXIT","0","0","0","8192","262144","262144","32","32","0","0","0","-","-","-","0","0","0","0","0","0","0","0","-","0","0","0","0","0","0","0","0","0","0","0","0","0","0","0","0","0","0","0","0","0","0","0","0","0","0","0","0","0","0","0","0","0","0","0","0","0","0","0","0"
"0x7ff32b5b3c00","      MOV R2, UR6","8","4","8","458752","14680064","14680064","32","32","0","0","0","-","-","-","0","0","0","0","0","0","0","0","-","0","0","0","0","0","0","0","4","0","0","0","0","0","0","0","0","0","0","2","0","0","0","2","0","3","0","0","0","0","0","0","0","0","0","0","0","0","0","0","1"
"0x7ff32b5b3c10","      SYNCS.PHASECHK.TRANS64.TRYWAIT P1, [R2+URZ+0x2f920], R5","0","0","0","7452439","238478048","238478048","32","32","0","0","0","-","-","-","0","0","0","0","0","0","0","0","-","0","0","0","0","0","0","0","0","0","0","0","0","0","0","0","0","0","0","0","0","0","0","0","0","0","0","0","0","0","0","0","0","0","0","0","0","0","0","0","0"
"0x7ff32b5b3c20","@!P1  NANOSLEEP.SYNCS 0x989680","0","0","0","7452439","238478048","225732288","32","30","2","2","0","-","-","-","0","0","0","0","0","0","0","0","-","0","0","0","0","0","0","0","0","0","0","0","0","0","0","0","0","0","0","0","0","0","0","0","0","0","0","0","0","0","0","0","0","0","0","0","0","0","0","0","0"
"0x7ff32b5b3c30","@!P1  SYNCS.PHASECHK.TRANS64 P1, [R2+URZ+0x2f920], R5","0","0","0","7452439","238478048","225732288","32","30","0","2","0","-","-","-","0","0","0","0","0","0","0","0","-","0","0","0","0","0","0","0","0","0","0","0","0","0","0","0","0","0","0","0","0","0","0","0","0","0","0","0","0","0","0","0","0","0","0","0","0","0","0","0","0"
"0x7ff32b5b3c40","@!P1  BRA 0x7ff32b5b3c10","0","0","0","7452439","238478048","223797984","32","30","0","2","0","-","-","-","0","0","0","0","0","0","0","0","-","0","0","0","0","0","0","0","0","0","0","0","0","0","0","0","0","0","0","0","0","0","0","0","0","0","0","0","0","0","0","0","0","0","0","0","0","0","0","0","0"
"0x7ff32b5b3c50","      BRA 0x7ff32b5ae680","0","0","0","458752","14680064","14680064","32","32","2","0","0","-","-","-","0","0","0","0","0","0","0","0","-","0","0","0","0","0","0","0","0","0","0","0","0","0","0","0","0","0","0","0","0","0","0","0","0","0","0","0","0","0","0","0","0","0","0","0","0","0","0","0","0"
"0x7ff32b5b3c60","      MOV R0, UR5","0","0","0","65536","2097152","2097152","32","32","0","0","0","-","-","-","0","0","0","0","0","0","0","0","-","0","0","0","0","0","0","0","0","0","0","0","0","0","0","0","0","0","0","0","0","0","0","0","0","0","0","0","0","0","0","0","0","0","0","0","0","0","0","0","0"
"0x7ff32b5b3c70","      SYNCS.PHASECHK.TRANS64.TRYWAIT P0, [R0+URZ+0x2f910], R3","0","0","0","1049085","33570720","33570720","32","32","0","0","0","-","-","-","0","0","0","0","0","0","0","0","-","0","0","0","0","0","0","0","0","0","0","0","0","0","0","0","0","0","0","0","0","0","0","0","0","0","0","0","0","0","0","0","0","0","0","0","0","0","0","0","0"
"0x7ff32b5b3c80","@!P0  NANOSLEEP.SYNCS 0x989680","0","0","0","1049085","33570720","31777568","32","30","2","2","0","-","-","-","0","0","0","0","0","0","0","0","-","0","0","0","0","0","0","0","0","0","0","0","0","0","0","0","0","0","0","0","0","0","0","0","0","0","0","0","0","0","0","0","0","0","0","0","0","0","0","0","0"
"0x7ff32b5b3c90","@!P0  SYNCS.PHASECHK.TRANS64 P0, [R0+URZ+0x2f910], R3","0","0","0","1049085","33570720","31777568","32","30","0","2","0","-","-","-","0","0","0","0","0","0","0","0","-","0","0","0","0","0","0","0","0","0","0","0","0","0","0","0","0","0","0","0","0","0","0","0","0","0","0","0","0","0","0","0","0","0","0","0","0","0","0","0","0"
"0x7ff32b5b3ca0","@!P0  BRA 0x7ff32b5b3c70","0","0","0","1049085","33570720","31473568","32","30","0","2","0","-","-","-","0","0","0","0","0","0","0","0","-","0","0","0","0","0","0","0","0","0","0","0","0","0","0","0","0","0","0","0","0","0","0","0","0","0","0","0","0","0","0","0","0","0","0","0","0","0","0","0","0"
"0x7ff32b5b3cb0","      BRA 0x7ff32b5b01c0","0","0","0","65536","2097152","2097152","32","32","2","0","0","-","-","-","0","0","0","0","0","0","0","0","-","0","0","0","0","0","0","0","0","0","0","0","0","0","0","0","0","0","0","0","0","0","0","0","0","0","0","0","0","0","0","0","0","0","0","0","0","0","0","0","0"
"0x7ff32b5b3cc0","      SYNCS.PHASECHK.TRANS64.TRYWAIT P0, [R101+URZ+0x2f900], R0","0","0","0","6314677","202069664","202069664","32","32","0","0","0","-","-","-","0","0","0","0","0","0","0","0","-","0","0","0","0","0","0","0","0","0","0","0","0","0","0","0","0","0","0","0","0","0","0","0","0","0","0","0","0","0","0","0","0","0","0","0","0","0","0","0","0"
"0x7ff32b5b3cd0","@!P0  NANOSLEEP.SYNCS 0x989680","0","0","0","6314677","202069664","175870656","32","27","5","5","0","-","-","-","0","0","0","0","0","0","0","0","-","0","0","0","0","0","0","0","0","0","0","0","0","0","0","0","0","0","0","0","0","0","0","0","0","0","0","0","0","0","0","0","0","0","0","0","0","0","0","0","0"
"0x7ff32b5b3ce0","@!P0  SYNCS.PHASECHK.TRANS64 P0, [R101+URZ+0x2f900], R0","0","0","0","6314677","202069664","175870656","32","27","0","5","0","-","-","-","0","0","0","0","0","0","0","0","-","0","0","0","0","0","0","0","0","0","0","0","0","0","0","0","0","0","0","0","0","0","0","0","0","0","0","0","0","0","0","0","0","0","0","0","0","0","0","0","0"
"0x7ff32b5b3cf0","@!P0  BRA 0x7ff32b5b3cc0","0","0","0","6314677","202069664","172709536","32","27","0","5","0","-","-","-","0","0","0","0","0","0","0","0","-","0","0","0","0","0","0","0","0","0","0","0","0","0","0","0","0","0","0","0","0","0","0","0","0","0","0","0","0","0","0","0","0","0","0","0","0","0","0","0","0"
"0x7ff32b5b3d00","      BRA 0x7ff32b5b0890","0","0","0","917504","29360128","29360128","32","32","5","0","0","-","-","-","0","0","0","0","0","0","0","0","-","0","0","0","0","0","0","0","0","0","0","0","0","0","0","0","0","0","0","0","0","0","0","0","0","0","0","0","0","0","0","0","0","0","0","0","0","0","0","0","0"
"0x7ff32b5b3d10","      SYNCS.PHASECHK.TRANS64.TRYWAIT P1, [R101+URZ+0x2f900], R4","0","0","0","917504","29360128","29360128","32","32","0","0","0","-","-","-","0","0","0","0","0","0","0","0","-","0","0","0","0","0","0","0","0","0","0","0","0","0","0","0","0","0","0","0","0","0","0","0","0","0","0","0","0","0","0","0","0","0","0","0","0","0","0","0","0"
"0x7ff32b5b3d20","@!P1  NANOSLEEP.SYNCS 0x989680","0","0","0","917504","29360128","0","32","0","32","32","0","-","-","-","0","0","0","0","0","0","0","0","-","0","0","0","0","0","0","0","0","0","0","0","0","0","0","0","0","0","0","0","0","0","0","0","0","0","0","0","0","0","0","0","0","0","0","0","0","0","0","0","0"
"0x7ff32b5b3d30","@!P1  SYNCS.PHASECHK.TRANS64 P1, [R101+URZ+0x2f900], R4","0","0","0","917504","29360128","0","32","0","0","32","0","-","-","-","0","0","0","0","0","0","0","0","-","0","0","0","0","0","0","0","0","0","0","0","0","0","0","0","0","0","0","0","0","0","0","0","0","0","0","0","0","0","0","0","0","0","0","0","0","0","0","0","0"
"0x7ff32b5b3d40","@!P1  BRA 0x7ff32b5b3d10","0","0","0","917504","29360128","0","32","0","0","32","0","-","-","-","0","0","0","0","0","0","0","0","-","0","0","0","0","0","0","0","0","0","0","0","0","0","0","0","0","0","0","0","0","0","0","0","0","0","0","0","0","0","0","0","0","0","0","0","0","0","0","0","0"
"0x7ff32b5b3d50","      BRA 0x7ff32b5b20d0","0","0","0","917504","29360128","29360128","32","32","32","0","0","-","-","-","0","0","0","0","0","0","0","0","-","0","0","0","0","0","0","0","0","0","0","0","0","0","0","0","0","0","0","0","0","0","0","0","0","0","0","0","0","0","0","0","0","0","0","0","0","0","0","0","0"
"0x7ff32b5b3d60","      BPT.TRAP 0x1","0","0","0","0","0","0","0","0","32","32","0","-","-","-","0","0","0","0","0","0","0","0","-","0","0","0","0","0","0","0","0","0","0","0","0","0","0","0","0","0","0","0","0","0","0","0","0","0","0","0","0","0","0","0","0","0","0","0","0","0","0","0","0"
"0x7ff32b5b3d70","      HFMA2 R3, -RZ, RZ, 0, 0","0","0","0","0","0","0","0","0","0","32","0","-","-","-","0","0","0","0","0","0","0","0","-","0","0","0","0","0","0","0","0","0","0","0","0","0","0","0","0","0","0","0","0","0","0","0","0","0","0","0","0","0","0","0","0","0","0","0","0","0","0","0","0"
"0x7ff32b5b3d80","      RET.REL.NODEC R2, 0x7ff32b5ad980","0","0","0","0","0","0","0","0","0","32","0","-","-","-","0","0","0","0","0","0","0","0","-","0","0","0","0","0","0","0","0","0","0","0","0","0","0","0","0","0","0","0","0","0","0","0","0","0","0","0","0","0","0","0","0","0","0","0","0","0","0","0","0"
"0x7ff32b5b3d90","      BPT.TRAP 0x1","0","0","0","0","0","0","0","0","0","32","0","-","-","-","0","0","0","0","0","0","0","0","-","0","0","0","0","0","0","0","0","0","0","0","0","0","0","0","0","0","0","0","0","0","0","0","0","0","0","0","0","0","0","0","0","0","0","0","0","0","0","0","0"
"0x7ff32b5b3da0","      MOV R3, 0x0","0","0","0","0","0","0","0","0","0","32","0","-","-","-","0","0","0","0","0","0","0","0","-","0","0","0","0","0","0","0","0","0","0","0","0","0","0","0","0","0","0","0","0","0","0","0","0","0","0","0","0","0","0","0","0","0","0","0","0","0","0","0","0"
"0x7ff32b5b3db0","      RET.REL.NODEC R2, 0x7ff32b5ad980","0","0","0","0","0","0","0","0","0","32","0","-","-","-","0","0","0","0","0","0","0","0","-","0","0","0","0","0","0","0","0","0","0","0","0","0","0","0","0","0","0","0","0","0","0","0","0","0","0","0","0","0","0","0","0","0","0","0","0","0","0","0","0"
"0x7ff32b5b3dc0","      IMAD.SHL.U32 R7, R8, 0x2, RZ","0","0","0","0","0","0","0","0","0","32","0","-","-","-","0","0","0","0","0","0","0","0","-","0","0","0","0","0","0","0","0","0","0","0","0","0","0","0","0","0","0","0","0","0","0","0","0","0","0","0","0","0","0","0","0","0","0","0","0","0","0","0","0"
"0x7ff32b5b3dd0","      BSSY.RECONVERGENT B0, 0x7ff32b5b40f0","0","0","0","0","0","0","0","0","0","32","0","-","-","-","0","0","0","0","0","0","0","0","-","0","0","0","0","0","0","0","0","0","0","0","0","0","0","0","0","0","0","0","0","0","0","0","0","0","0","0","0","0","0","0","0","0","0","0","0","0","0","0","0"
"0x7ff32b5b3de0","      SHF.R.U32.HI R7, RZ, 0x18, R7","0","0","0","0","0","0","0","0","0","32","0","-","-","-","0","0","0","0","0","0","0","0","-","0","0","0","0","0","0","0","0","0","0","0","0","0","0","0","0","0","0","0","0","0","0","0","0","0","0","0","0","0","0","0","0","0","0","0","0","0","0","0","0"
"0x7ff32b5b3df0","      ISETP.NE.U32.AND P0, PT, R7, RZ, PT","0","0","0","0","0","0","0","0","0","32","0","-","-","-","0","0","0","0","0","0","0","0","-","0","0","0","0","0","0","0","0","0","0","0","0","0","0","0","0","0","0","0","0","0","0","0","0","0","0","0","0","0","0","0","0","0","0","0","0","0","0","0","0"
"0x7ff32b5b3e00","@P0   BRA 0x7ff32b5b3eb0","0","0","0","0","0","0","0","0","0","32","0","-","-","-","0","0","0","0","0","0","0","0","-","0","0","0","0","0","0","0","0","0","0","0","0","0","0","0","0","0","0","0","0","0","0","0","0","0","0","0","0","0","0","0","0","0","0","0","0","0","0","0","0"
"0x7ff32b5b3e10","      SHF.L.U32 R0, R8, 0x1, RZ","0","0","0","0","0","0","0","0","0","32","0","-","-","-","0","0","0","0","0","0","0","0","-","0","0","0","0","0","0","0","0","0","0","0","0","0","0","0","0","0","0","0","0","0","0","0","0","0","0","0","0","0","0","0","0","0","0","0","0","0","0","0","0"
"0x7ff32b5b3e20","      ISETP.NE.AND P0, PT, R0, RZ, PT","0","0","0","0","0","0","0","0","0","32","0","-","-","-","0","0","0","0","0","0","0","0","-","0","0","0","0","0","0","0","0","0","0","0","0","0","0","0","0","0","0","0","0","0","0","0","0","0","0","0","0","0","0","0","0","0","0","0","0","0","0","0","0"
"0x7ff32b5b3e30","@P0   FFMA R3, R8, 1.84467440737095516160e+19, RZ","0","0","0","0","0","0","0","0","0","32","0","-","-","-","0","0","0","0","0","0","0","0","-","0","0","0","0","0","0","0","0","0","0","0","0","0","0","0","0","0","0","0","0","0","0","0","0","0","0","0","0","0","0","0","0","0","0","0","0","0","0","0","0"
"0x7ff32b5b3e40","@!P0  MUFU.RCP R4, R8","0","0","0","0","0","0","0","0","0","32","0","-","-","-","0","0","0","0","0","0","0","0","-","0","0","0","0","0","0","0","0","0","0","0","0","0","0","0","0","0","0","0","0","0","0","0","0","0","0","0","0","0","0","0","0","0","0","0","0","0","0","0","0"
"0x7ff32b5b3e50","@P0   MUFU.RCP R0, R3","0","0","0","0","0","0","0","0","0","32","0","-","-","-","0","0","0","0","0","0","0","0","-","0","0","0","0","0","0","0","0","0","0","0","0","0","0","0","0","0","0","0","0","0","0","0","0","0","0","0","0","0","0","0","0","0","0","0","0","0","0","0","0"
"0x7ff32b5b3e60","@P0   FFMA R5, R3, R0, -1","0","0","0","0","0","0","0","0","0","32","0","-","-","-","0","0","0","0","0","0","0","0","-","0","0","0","0","0","0","0","0","0","0","0","0","0","0","0","0","0","0","0","0","0","0","0","0","0","0","0","0","0","0","0","0","0","0","0","0","0","0","0","0"
"0x7ff32b5b3e70","@P0   FADD.FTZ R5, -RZ, -R5","0","0","0","0","0","0","0","0","0","32","0","-","-","-","0","0","0","0","0","0","0","0","-","0","0","0","0","0","0","0","0","0","0","0","0","0","0","0","0","0","0","0","0","0","0","0","0","0","0","0","0","0","0","0","0","0","0","0","0","0","0","0","0"
"0x7ff32b5b3e80","@P0   FFMA R5, R0, R5, R0","0","0","0","0","0","0","0","0","0","32","0","-","-","-","0","0","0","0","0","0","0","0","-","0","0","0","0","0","0","0","0","0","0","0","0","0","0","0","0","0","0","0","0","0","0","0","0","0","0","0","0","0","0","0","0","0","0","0","0","0","0","0","0"
"0x7ff32b5b3e90","@P0   FFMA R4, R5, 1.84467440737095516160e+19, RZ","0","0","0","0","0","0","0","0","0","32","0","-","-","-","0","0","0","0","0","0","0","0","-","0","0","0","0","0","0","0","0","0","0","0","0","0","0","0","0","0","0","0","0","0","0","0","0","0","0","0","0","0","0","0","0","0","0","0","0","0","0","0","0"
"0x7ff32b5b3ea0","      BRA 0x7ff32b5b40d0","0","0","0","0","0","0","0","0","0","32","0","-","-","-","0","0","0","0","0","0","0","0","-","0","0","0","0","0","0","0","0","0","0","0","0","0","0","0","0","0","0","0","0","0","0","0","0","0","0","0","0","0","0","0","0","0","0","0","0","0","0","0","0"
"0x7ff32b5b3eb0","      IADD3 R5, PT, PT, R7, -0xfd, RZ","0","0","0","0","0","0","0","0","0","32","0","-","-","-","0","0","0","0","0","0","0","0","-","0","0","0","0","0","0","0","0","0","0","0","0","0","0","0","0","0","0","0","0","0","0","0","0","0","0","0","0","0","0","0","0","0","0","0","0","0","0","0","0"
"0x7ff32b5b3ec0","      ISETP.GT.U32.AND P0, PT, R5, 0x1, PT","0","0","0","0","0","0","0","0","0","32","0","-","-","-","0","0","0","0","0","0","0","0","-","0","0","0","0","0","0","0","0","0","0","0","0","0","0","0","0","0","0","0","0","0","0","0","0","0","0","0","0","0","0","0","0","0","0","0","0","0","0","0","0"
"0x7ff32b5b3ed0","@P0   BRA 0x7ff32b5b40c0","0","0","0","0","0","0","0","0","0","32","0","-","-","-","0","0","0","0","0","0","0","0","-","0","0","0","0","0","0","0","0","0","0","0","0","0","0","0","0","0","0","0","0","0","0","0","0","0","0","0","0","0","0","0","0","0","0","0","0","0","0","0","0"
"0x7ff32b5b3ee0","      LOP3.LUT R9, R8, 0x7fffff, RZ, 0xc0, !PT","0","0","0","0","0","0","0","0","0","32","0","-","-","-","0","0","0","0","0","0","0","0","-","0","0","0","0","0","0","0","0","0","0","0","0","0","0","0","0","0","0","0","0","0","0","0","0","0","0","0","0","0","0","0","0","0","0","0","0","0","0","0","0"
"0x7ff32b5b3ef0","      IMAD.MOV.U32 R0, RZ, RZ, 0x3","0","0","0","0","0","0","0","0","0","32","0","-","-","-","0","0","0","0","0","0","0","0","-","0","0","0","0","0","0","0","0","0","0","0","0","0","0","0","0","0","0","0","0","0","0","0","0","0","0","0","0","0","0","0","0","0","0","0","0","0","0","0","0"
"0x7ff32b5b3f00","      VIADD R7, R7, 0xffffff04","0","0","0","0","0","0","0","0","0","32","0","-","-","-","0","0","0","0","0","0","0","0","-","0","0","0","0","0","0","0","0","0","0","0","0","0","0","0","0","0","0","0","0","0","0","0","0","0","0","0","0","0","0","0","0","0","0","0","0","0","0","0","0"
"0x7ff32b5b3f10","      LOP3.LUT R9, R9, 0x3f800000, RZ, 0xfc, !PT","0","0","0","0","0","0","0","0","0","32","0","-","-","-","0","0","0","0","0","0","0","0","-","0","0","0","0","0","0","0","0","0","0","0","0","0","0","0","0","0","0","0","0","0","0","0","0","0","0","0","0","0","0","0","0","0","0","0","0","0","0","0","0"
"0x7ff32b5b3f20","      SHF.L.U32 R0, R0, R5, RZ","0","0","0","0","0","0","0","0","0","32","0","-","-","-","0","0","0","0","0","0","0","0","-","0","0","0","0","0","0","0","0","0","0","0","0","0","0","0","0","0","0","0","0","0","0","0","0","0","0","0","0","0","0","0","0","0","0","0","0","0","0","0","0"
"0x7ff32b5b3f30","      MUFU.RCP R4, R9","0","0","0","0","0","0","0","0","0","32","0","-","-","-","0","0","0","0","0","0","0","0","-","0","0","0","0","0","0","0","0","0","0","0","0","0","0","0","0","0","0","0","0","0","0","0","0","0","0","0","0","0","0","0","0","0","0","0","0","0","0","0","0"
"0x7ff32b5b3f40","      FFMA R3, R9, R4, -1","0","0","0","0","0","0","0","0","0","32","0","-","-","-","0","0","0","0","0","0","0","0","-","0","0","0","0","0","0","0","0","0","0","0","0","0","0","0","0","0","0","0","0","0","0","0","0","0","0","0","0","0","0","0","0","0","0","0","0","0","0","0","0"
"0x7ff32b5b3f50","      FADD.FTZ R3, -RZ, -R3","0","0","0","0","0","0","0","0","0","32","0","-","-","-","0","0","0","0","0","0","0","0","-","0","0","0","0","0","0","0","0","0","0","0","0","0","0","0","0","0","0","0","0","0","0","0","0","0","0","0","0","0","0","0","0","0","0","0","0","0","0","0","0"
"0x7ff32b5b3f60","      FFMA.RM R6, R4, R3, R4","0","0","0","0","0","0","0","0","0","32","0","-","-","-","0","0","0","0","0","0","0","0","-","0","0","0","0","0","0","0","0","0","0","0","0","0","0","0","0","0","0","0","0","0","0","0","0","0","0","0","0","0","0","0","0","0","0","0","0","0","0","0","0"
"0x7ff32b5b3f70","      FFMA.RP R3, R4, R3, R4","0","0","0","0","0","0","0","0","0","32","0","-","-","-","0","0","0","0","0","0","0","0","-","0","0","0","0","0","0","0","0","0","0","0","0","0","0","0","0","0","0","0","0","0","0","0","0","0","0","0","0","0","0","0","0","0","0","0","0","0","0","0","0"
"0x7ff32b5b3f80","      LOP3.LUT R4, R6, 0x7fffff, RZ, 0xc0, !PT","0","0","0","0","0","0","0","0","0","32","0","-","-","-","0","0","0","0","0","0","0","0","-","0","0","0","0","0","0","0","0","0","0","0","0","0","0","0","0","0","0","0","0","0","0","0","0","0","0","0","0","0","0","0","0","0","0","0","0","0","0","0","0"
"0x7ff32b5b3f90","      FSETP.NEU.FTZ.AND P0, PT, R6, R3, PT","0","0","0","0","0","0","0","0","0","32","0","-","-","-","0","0","0","0","0","0","0","0","-","0","0","0","0","0","0","0","0","0","0","0","0","0","0","0","0","0","0","0","0","0","0","0","0","0","0","0","0","0","0","0","0","0","0","0","0","0","0","0","0"
"0x7ff32b5b3fa0","      LOP3.LUT R4, R4, 0x800000, RZ, 0xfc, !PT","0","0","0","0","0","0","0","0","0","32","0","-","-","-","0","0","0","0","0","0","0","0","-","0","0","0","0","0","0","0","0","0","0","0","0","0","0","0","0","0","0","0","0","0","0","0","0","0","0","0","0","0","0","0","0","0","0","0","0","0","0","0","0"
"0x7ff32b5b3fb0","      SEL R3, RZ, 0xffffffff, !P0","0","0","0","0","0","0","0","0","0","32","0","-","-","-","0","0","0","0","0","0","0","0","-","0","0","0","0","0","0","0","0","0","0","0","0","0","0","0","0","0","0","0","0","0","0","0","0","0","0","0","0","0","0","0","0","0","0","0","0","0","0","0","0"
"0x7ff32b5b3fc0","      LOP3.LUT R0, R0, R4, RZ, 0xc0, !PT","0","0","0","0","0","0","0","0","0","32","0","-","-","-","0","0","0","0","0","0","0","0","-","0","0","0","0","0","0","0","0","0","0","0","0","0","0","0","0","0","0","0","0","0","0","0","0","0","0","0","0","0","0","0","0","0","0","0","0","0","0","0","0"
"0x7ff32b5b3fd0","      SHF.R.U32.HI R7, RZ, R7, R4","0","0","0","0","0","0","0","0","0","32","0","-","-","-","0","0","0","0","0","0","0","0","-","0","0","0","0","0","0","0","0","0","0","0","0","0","0","0","0","0","0","0","0","0","0","0","0","0","0","0","0","0","0","0","0","0","0","0","0","0","0","0","0"
"0x7ff32b5b3fe0","      IMAD.MOV R3, RZ, RZ, -R3","0","0","0","0","0","0","0","0","0","32","0","-","-","-","0","0","0","0","0","0","0","0","-","0","0","0","0","0","0","0","0","0","0","0","0","0","0","0","0","0","0","0","0","0","0","0","0","0","0","0","0","0","0","0","0","0","0","0","0","0","0","0","0"
"0x7ff32b5b3ff0","      SHF.R.U32.HI R0, RZ, R5, R0","0","0","0","0","0","0","0","0","0","32","0","-","-","-","0","0","0","0","0","0","0","0","-","0","0","0","0","0","0","0","0","0","0","0","0","0","0","0","0","0","0","0","0","0","0","0","0","0","0","0","0","0","0","0","0","0","0","0","0","0","0","0","0"
"0x7ff32b5b4000","      LOP3.LUT P1, RZ, R3, R5, R4, 0xf8, !PT","0","0","0","0","0","0","0","0","0","32","0","-","-","-","0","0","0","0","0","0","0","0","-","0","0","0","0","0","0","0","0","0","0","0","0","0","0","0","0","0","0","0","0","0","0","0","0","0","0","0","0","0","0","0","0","0","0","0","0","0","0","0","0"
"0x7ff32b5b4010","      LOP3.LUT P2, RZ, R0, 0x1, RZ, 0xc0, !PT","0","0","0","0","0","0","0","0","0","32","0","-","-","-","0","0","0","0","0","0","0","0","-","0","0","0","0","0","0","0","0","0","0","0","0","0","0","0","0","0","0","0","0","0","0","0","0","0","0","0","0","0","0","0","0","0","0","0","0","0","0","0","0"
"0x7ff32b5b4020","      LOP3.LUT P0, RZ, R0, 0x2, RZ, 0xc0, !PT","0","0","0","0","0","0","0","0","0","32","0","-","-","-","0","0","0","0","0","0","0","0","-","0","0","0","0","0","0","0","0","0","0","0","0","0","0","0","0","0","0","0","0","0","0","0","0","0","0","0","0","0","0","0","0","0","0","0","0","0","0","0","0"
"0x7ff32b5b4030","      PLOP3.LUT P0, PT, P2, P1, P0, 0xe0, 0x0","0","0","0","0","0","0","0","0","0","32","0","-","-","-","0","0","0","0","0","0","0","0","-","0","0","0","0","0","0","0","0","0","0","0","0","0","0","0","0","0","0","0","0","0","0","0","0","0","0","0","0","0","0","0","0","0","0","0","0","0","0","0","0"
"0x7ff32b5b4040","      SEL R0, RZ, 0x1, !P0","0","0","0","0","0","0","0","0","0","32","0","-","-","-","0","0","0","0","0","0","0","0","-","0","0","0","0","0","0","0","0","0","0","0","0","0","0","0","0","0","0","0","0","0","0","0","0","0","0","0","0","0","0","0","0","0","0","0","0","0","0","0","0"
"0x7ff32b5b4050","      LOP3.LUT P0, RZ, R8, 0x7fffff, RZ, 0xc0, !PT","0","0","0","0","0","0","0","0","0","32","0","-","-","-","0","0","0","0","0","0","0","0","-","0","0","0","0","0","0","0","0","0","0","0","0","0","0","0","0","0","0","0","0","0","0","0","0","0","0","0","0","0","0","0","0","0","0","0","0","0","0","0","0"
"0x7ff32b5b4060","      IMAD.MOV R0, RZ, RZ, -R0","0","0","0","0","0","0","0","0","0","32","0","-","-","-","0","0","0","0","0","0","0","0","-","0","0","0","0","0","0","0","0","0","0","0","0","0","0","0","0","0","0","0","0","0","0","0","0","0","0","0","0","0","0","0","0","0","0","0","0","0","0","0","0"
"0x7ff32b5b4070","      ISETP.GE.AND P1, PT, R0, RZ, PT","0","0","0","0","0","0","0","0","0","32","0","-","-","-","0","0","0","0","0","0","0","0","-","0","0","0","0","0","0","0","0","0","0","0","0","0","0","0","0","0","0","0","0","0","0","0","0","0","0","0","0","0","0","0","0","0","0","0","0","0","0","0","0"
"0x7ff32b5b4080","@!P1  VIADD R7, R7, 0x1","0","0","0","0","0","0","0","0","0","32","0","-","-","-","0","0","0","0","0","0","0","0","-","0","0","0","0","0","0","0","0","0","0","0","0","0","0","0","0","0","0","0","0","0","0","0","0","0","0","0","0","0","0","0","0","0","0","0","0","0","0","0","0"
"0x7ff32b5b4090","@!P0  IMAD.SHL.U32 R7, R7, 0x2, RZ","0","0","0","0","0","0","0","0","0","32","0","-","-","-","0","0","0","0","0","0","0","0","-","0","0","0","0","0","0","0","0","0","0","0","0","0","0","0","0","0","0","0","0","0","0","0","0","0","0","0","0","0","0","0","0","0","0","0","0","0","0","0","0"
"0x7ff32b5b40a0","      LOP3.LUT R4, R7, 0x80000000, R8, 0xf8, !PT","0","0","0","0","0","0","0","0","0","32","0","-","-","-","0","0","0","0","0","0","0","0","-","0","0","0","0","0","0","0","0","0","0","0","0","0","0","0","0","0","0","0","0","0","0","0","0","0","0","0","0","0","0","0","0","0","0","0","0","0","0","0","0"
"0x7ff32b5b40b0","      BRA 0x7ff32b5b40d0","0","0","0","0","0","0","0","0","0","32","0","-","-","-","0","0","0","0","0","0","0","0","-","0","0","0","0","0","0","0","0","0","0","0","0","0","0","0","0","0","0","0","0","0","0","0","0","0","0","0","0","0","0","0","0","0","0","0","0","0","0","0","0"
"0x7ff32b5b40c0","      MUFU.RCP R4, R8","0","0","0","0","0","0","0","0","0","32","0","-","-","-","0","0","0","0","0","0","0","0","-","0","0","0","0","0","0","0","0","0","0","0","0","0","0","0","0","0","0","0","0","0","0","0","0","0","0","0","0","0","0","0","0","0","0","0","0","0","0","0","0"
"0x7ff32b5b40d0","      NOP","0","0","0","0","0","0","0","0","0","32","0","-","-","-","0","0","0","0","0","0","0","0","-","0","0","0","0","0","0","0","0","0","0","0","0","0","0","0","0","0","0","0","0","0","0","0","0","0","0","0","0","0","0","0","0","0","0","0","0","0","0","0","0"
"0x7ff32b5b40e0","      BSYNC.RECONVERGENT B0","0","0","0","0","0","0","0","0","0","32","0","-","-","-","0","0","0","0","0","0","0","0","-","0","0","0","0","0","0","0","0","0","0","0","0","0","0","0","0","0","0","0","0","0","0","0","0","0","0","0","0","0","0","0","0","0","0","0","0","0","0","0","0"
"0x7ff32b5b40f0","      HFMA2 R3, -RZ, RZ, 0, 0","0","0","0","0","0","0","0","0","0","32","0","-","-","-","0","0","0","0","0","0","0","0","-","0","0","0","0","0","0","0","0","0","0","0","0","0","0","0","0","0","0","0","0","0","0","0","0","0","0","0","0","0","0","0","0","0","0","0","0","0","0","0","0"
"0x7ff32b5b4100","      RET.REL.NODEC R2, 0x7ff32b5ad980","0","0","0","0","0","0","0","0","0","32","0","-","-","-","0","0","0","0","0","0","0","0","-","0","0","0","0","0","0","0","0","0","0","0","0","0","0","0","0","0","0","0","0","0","0","0","0","0","0","0","0","0","0","0","0","0","0","0","0","0","0","0","0"
"0x7ff32b5b4110","      BRA 0x7ff32b5b4110","0","0","0","0","0","0","0","0","0","0","0","-","-","-","0","0","0","0","0","0","0","0","-","0","0","0","0","0","0","0","0","0","0","0","0","0","0","0","0","0","0","0","0","0","0","0","0","0","0","0","0","0","0","0","0","0","0","0","0","0","0","0","0"
"0x7ff32b5b4120","      NOP","0","0","0","0","0","0","0","0","0","32","0","-","-","-","0","0","0","0","0","0","0","0","-","0","0","0","0","0","0","0","0","0","0","0","0","0","0","0","0","0","0","0","0","0","0","0","0","0","0","0","0","0","0","0","0","0","0","0","0","0","0","0","0"
"0x7ff32b5b4130","      NOP","0","0","0","0","0","0","0","0","0","32","0","-","-","-","0","0","0","0","0","0","0","0","-","0","0","0","0","0","0","0","0","0","0","0","0","0","0","0","0","0","0","0","0","0","0","0","0","0","0","0","0","0","0","0","0","0","0","0","0","0","0","0","0"
"0x7ff32b5b4140","      NOP","0","0","0","0","0","0","0","0","0","32","0","-","-","-","0","0","0","0","0","0","0","0","-","0","0","0","0","0","0","0","0","0","0","0","0","0","0","0","0","0","0","0","0","0","0","0","0","0","0","0","0","0","0","0","0","0","0","0","0","0","0","0","0"
"0x7ff32b5b4150","      NOP","0","0","0","0","0","0","0","0","0","32","0","-","-","-","0","0","0","0","0","0","0","0","-","0","0","0","0","0","0","0","0","0","0","0","0","0","0","0","0","0","0","0","0","0","0","0","0","0","0","0","0","0","0","0","0","0","0","0","0","0","0","0","0"
"0x7ff32b5b4160","      NOP","0","0","0","0","0","0","0","0","0","32","0","-","-","-","0","0","0","0","0","0","0","0","-","0","0","0","0","0","0","0","0","0","0","0","0","0","0","0","0","0","0","0","0","0","0","0","0","0","0","0","0","0","0","0","0","0","0","0","0","0","0","0","0"
"0x7ff32b5b4170","      NOP","0","0","0","0","0","0","0","0","0","32","0","-","-","-","0","0","0","0","0","0","0","0","-","0","0","0","0","0","0","0","0","0","0","0","0","0","0","0","0","0","0","0","0","0","0","0","0","0","0","0","0","0","0","0","0","0","0","0","0","0","0","0","0"
"0x7ff32b5b4180","      NOP","0","0","0","0","0","0","0","0","0","32","0","-","-","-","0","0","0","0","0","0","0","0","-","0","0","0","0","0","0","0","0","0","0","0","0","0","0","0","0","0","0","0","0","0","0","0","0","0","0","0","0","0","0","0","0","0","0","0","0","0","0","0","0"
"0x7ff32b5b4190","      NOP","0","0","0","0","0","0","0","0","0","32","0","-","-","-","0","0","0","0","0","0","0","0","-","0","0","0","0","0","0","0","0","0","0","0","0","0","0","0","0","0","0","0","0","0","0","0","0","0","0","0","0","0","0","0","0","0","0","0","0","0","0","0","0"
"0x7ff32b5b41a0","      NOP","0","0","0","0","0","0","0","0","0","32","0","-","-","-","0","0","0","0","0","0","0","0","-","0","0","0","0","0","0","0","0","0","0","0","0","0","0","0","0","0","0","0","0","0","0","0","0","0","0","0","0","0","0","0","0","0","0","0","0","0","0","0","0"
"0x7ff32b5b41b0","      NOP","0","0","0","0","0","0","0","0","0","32","0","-","-","-","0","0","0","0","0","0","0","0","-","0","0","0","0","0","0","0","0","0","0","0","0","0","0","0","0","0","0","0","0","0","0","0","0","0","0","0","0","0","0","0","0","0","0","0","0","0","0","0","0"
"0x7ff32b5b41c0","      NOP","0","0","0","0","0","0","0","0","0","32","0","-","-","-","0","0","0","0","0","0","0","0","-","0","0","0","0","0","0","0","0","0","0","0","0","0","0","0","0","0","0","0","0","0","0","0","0","0","0","0","0","0","0","0","0","0","0","0","0","0","0","0","0"
"0x7ff32b5b41d0","      NOP","0","0","0","0","0","0","0","0","0","32","0","-","-","-","0","0","0","0","0","0","0","0","-","0","0","0","0","0","0","0","0","0","0","0","0","0","0","0","0","0","0","0","0","0","0","0","0","0","0","0","0","0","0","0","0","0","0","0","0","0","0","0","0"
"0x7ff32b5b41e0","      NOP","0","0","0","0","0","0","0","0","0","32","0","-","-","-","0","0","0","0","0","0","0","0","-","0","0","0","0","0","0","0","0","0","0","0","0","0","0","0","0","0","0","0","0","0","0","0","0","0","0","0","0","0","0","0","0","0","0","0","0","0","0","0","0"
"0x7ff32b5b41f0","      NOP","0","0","0","0","0","0","0","0","0","32","0","-","-","-","0","0","0","0","0","0","0","0","-","0","0","0","0","0","0","0","0","0","0","0","0","0","0","0","0","0","0","0","0","0","0","0","0","0","0","0","0","0","0","0","0","0","0","0","0","0","0","0","0"
