"Kernel Name","kernel_cutlass_kernel_kernel_v183SparseMLA_object_at__tensorptrf8E4M3FNgmemalign16o819264576368645761_tensorptrf8E4M3FNgmemalign16o1310725765761_tensorptri32gmemalign16o8192204820481_tens_0",
"Address","Source","Warp Stall Sampling (All Samples)","Warp Stall Sampling (Not-issued Samples)","# Samples","Instructions Executed","Thread Instructions Executed","Predicated-On Thread Instructions Executed","Avg. Threads Executed","Avg. Predicated-On Threads Executed","Derivative Avg. Predicated-On Threads Executed","Avg. Predicated-On Threads Unexecuted","Divergent Branches","Address Space","Access Operation","Access Size","L1 Tag Requests Global","L1 Conflicts Shared N-Way","L1 Wavefronts Shared Excessive","L1 Wavefronts Shared","L1 Wavefronts Shared Ideal","L2 Theoretical Sectors Global Excessive","L2 Theoretical Sectors Global","L2 Theoretical Sectors Global Ideal","L2 Explicit Evict Policies","L2 Explicit Hit Policy Evict First","L2 Explicit Hit Policy Evict Last","L2 Explicit Hit Policy Evict Normal","L2 Explicit Hit Policy Evict Normal Demote","L2 Explicit Miss Policy Evict First","L2 Explicit Miss Policy Evict Normal","stall_barrier","stall_branch_resolving","stall_dispatch","stall_drain","stall_lg","stall_long_sb","stall_math","stall_membar","stall_mio","stall_misc","stall_no_inst","stall_not_selected","stall_selected","stall_short_sb","stall_sleep","stall_tex","stall_wait","stall_barrier (Not Issued)","stall_branch_resolving (Not Issued)","stall_dispatch (Not Issued)","stall_drain (Not Issued)","stall_lg (Not Issued)","stall_long_sb (Not Issued)","stall_math (Not Issued)","stall_membar (Not Issued)","stall_mio (Not Issued)","stall_misc (Not Issued)","stall_no_inst (Not Issued)","stall_not_selected (Not Issued)","stall_selected (Not Issued)","stall_short_sb (Not Issued)","stall_sleeping (Not Issued)","stall_tex (Not Issued)","stall_wait (Not Issued)"
"0x7f34975ad980","      LDC R1, c[0x0][0x37c]","67","53","67","106496","3407872","3407872","32","32","0","0","0","-","-","-","0","0","0","0","0","0","0","0","-","0","0","0","0","0","0","0","0","0","0","0","0","0","0","0","0","0","3","1","0","0","0","63","0","0","0","0","0","0","0","0","0","0","0","0","0","0","0","0","53"
"0x7f34975ad990","      S2R R107, SR_TID.X","4","0","4","106496","3407872","3407872","32","32","0","0","0","-","-","-","0","0","0","0","0","0","0","0","-","0","0","0","0","0","0","0","0","0","0","0","0","0","0","0","0","0","0","4","0","0","0","0","0","0","0","0","0","0","0","0","0","0","0","0","0","0","0","0","0"
"0x7f34975ad9a0","      S2UR UR5, SR_CgaCtaId","17","16","17","106496","3407872","3407872","32","32","0","0","0","-","-","-","0","0","0","0","0","0","0","0","-","0","0","0","0","0","0","0","0","0","0","0","0","0","0","1","0","0","0","0","0","0","0","16","0","0","0","0","0","0","0","0","1","0","0","0","0","0","0","0","15"
"0x7f34975ad9b0","      UMOV UR4, 0x400","2","0","2","106496","3407872","3407872","32","32","0","0","0","-","-","-","0","0","0","0","0","0","0","0","-","0","0","0","0","0","0","0","0","0","0","0","0","0","0","0","0","0","0","2","0","0","0","0","0","0","0","0","0","0","0","0","0","0","0","0","0","0","0","0","0"
"0x7f34975ad9c0","      BSSY.RECONVERGENT B0, 0x7f34975adba0","1","0","1","106496","3407872","3407872","32","32","0","0","0","-","-","-","0","0","0","0","0","0","0","0","-","0","0","0","0","0","0","0","0","0","0","0","0","0","0","0","0","0","0","1","0","0","0","0","0","0","0","0","0","0","0","0","0","0","0","0","0","0","0","0","0"
"0x7f34975ad9d0","      S2UR UR28, SR_CTAID.X","14","7","14","106496","3407872","3407872","32","32","0","0","0","-","-","-","0","0","0","0","0","0","0","0","-","0","0","0","0","0","0","0","0","0","0","0","0","0","0","1","0","0","0","2","0","0","0","11","0","0","0","0","0","0","0","0","0","0","0","0","0","0","0","0","7"
"0x7f34975ad9e0","      ULEA UR4, UR5, UR4, 0x18","105","68","105","106496","3407872","3407872","32","32","0","0","0","-","-","-","0","0","0","0","0","0","0","0","-","0","0","0","0","0","0","0","0","0","0","0","0","0","0","0","0","0","0","3","102","0","0","0","0","0","0","0","0","0","0","0","0","0","0","0","0","68","0","0","0"
"0x7f34975ad9f0","      UIADD3 UR6, UPT, UPT, UR4, 0x2f920, URZ","8","7","8","106496","3407872","3407872","32","32","0","0","0","-","-","-","0","0","0","0","0","0","0","0","-","0","0","0","0","0","0","0","0","0","0","0","0","0","0","0","0","0","0","0","0","0","0","8","0","0","0","0","0","0","0","0","0","0","0","0","0","0","0","0","7"
"0x7f34975ada00","      UIADD3 UR59, UPT, UPT, UR4, 0x2f928, URZ","5","1","5","106496","3407872","3407872","32","32","0","0","0","-","-","-","0","0","0","0","0","0","0","0","-","0","0","0","0","0","0","0","0","0","0","0","0","0","0","0","0","0","0","4","0","0","0","1","0","0","0","0","0","0","0","0","0","0","0","0","0","0","0","0","1"
"0x7f34975ada10","      ISETP.NE.U32.AND P0, PT, R107, RZ, PT","2","0","2","106496","3407872","3407872","32","32","0","0","0","-","-","-","0","0","0","0","0","0","0","0","-","0","0","0","0","0","0","0","0","0","0","0","0","0","0","0","0","0","0","2","0","0","0","0","0","0","0","0","0","0","0","0","0","0","0","0","0","0","0","0","0"
"0x7f34975ada20","      SHF.R.U32.HI R0, RZ, 0x5, R107","3","1","3","106496","3407872","3407872","32","32","0","0","0","-","-","-","0","0","0","0","0","0","0","0","-","0","0","0","0","0","0","0","0","0","0","0","0","0","0","0","0","0","0","2","0","0","0","1","0","0","0","0","0","0","0","0","0","0","0","0","0","0","0","0","1"
"0x7f34975ada30","      R2UR UR39, R0","9","6","9","106496","3407872","3407872","32","32","0","0","0","-","-","-","0","0","0","0","0","0","0","0","-","0","0","0","0","0","0","0","0","0","0","0","0","0","0","0","0","0","0","1","0","0","0","8","0","0","0","0","0","0","0","0","0","0","0","0","0","0","0","0","6"
"0x7f34975ada40","      IMAD.U32 R0, RZ, RZ, UR6","0","0","0","106496","3407872","3407872","32","32","0","0","0","-","-","-","0","0","0","0","0","0","0","0","-","0","0","0","0","0","0","0","0","0","0","0","0","0","0","0","0","0","0","0","0","0","0","0","0","0","0","0","0","0","0","0","0","0","0","0","0","0","0","0","0"
"0x7f34975ada50","@P0   BRA 0x7f34975adb80","15","8","15","106496","3407872","3399680","32","31","1","1","8192","-","-","-","0","0","0","0","0","0","0","0","-","0","0","0","0","0","0","0","0","0","0","0","0","0","0","0","0","0","2","4","0","0","0","9","0","0","0","0","0","0","0","0","0","0","0","0","0","0","0","0","8"
"0x7f34975ada60","      UMOV UR6, 0x1","6","3","6","8192","8192","8192","1","1","30","31","0","-","-","-","0","0","0","0","0","0","0","0","-","0","0","0","0","0","0","0","0","0","0","0","0","0","0","0","0","0","0","1","0","0","0","5","0","0","0","0","0","0","0","0","0","0","0","0","0","0","0","0","3"
"0x7f34975ada70","      UMOV UR8, 0x100","0","0","0","8192","8192","8192","1","1","0","31","0","-","-","-","0","0","0","0","0","0","0","0","-","0","0","0","0","0","0","0","0","0","0","0","0","0","0","0","0","0","0","0","0","0","0","0","0","0","0","0","0","0","0","0","0","0","0","0","0","0","0","0","0"
"0x7f34975ada80","      UIADD3 UR6, UPT, UPT, -UR6, 0x100000, URZ","0","0","0","8192","8192","8192","1","1","0","31","0","-","-","-","0","0","0","0","0","0","0","0","-","0","0","0","0","0","0","0","0","0","0","0","0","0","0","0","0","0","0","0","0","0","0","0","0","0","0","0","0","0","0","0","0","0","0","0","0","0","0","0","0"
"0x7f34975ada90","      USHF.L.U32 UR7, UR6, 0xb, URZ","0","0","0","8192","8192","8192","1","1","0","31","0","-","-","-","0","0","0","0","0","0","0","0","-","0","0","0","0","0","0","0","0","0","0","0","0","0","0","0","0","0","0","0","0","0","0","0","0","0","0","0","0","0","0","0","0","0","0","0","0","0","0","0","0"
"0x7f34975adaa0","      USHF.L.U32 UR6, UR6, 0x1, URZ","0","0","0","8192","8192","8192","1","1","0","31","0","-","-","-","0","0","0","0","0","0","0","0","-","0","0","0","0","0","0","0","0","0","0","0","0","0","0","0","0","0","0","0","0","0","0","0","0","0","0","0","0","0","0","0","0","0","0","0","0","0","0","0","0"
"0x7f34975adab0","      UIADD3 UR8, UPT, UPT, -UR8, 0x100000, URZ","0","0","0","8192","8192","8192","1","1","0","31","0","-","-","-","0","0","0","0","0","0","0","0","-","0","0","0","0","0","0","0","0","0","0","0","0","0","0","0","0","0","0","0","0","0","0","0","0","0","0","0","0","0","0","0","0","0","0","0","0","0","0","0","0"
"0x7f34975adac0","      USHF.L.U32 UR9, UR8, 0xb, URZ","0","0","0","8192","8192","8192","1","1","0","31","0","-","-","-","0","0","0","0","0","0","0","0","-","0","0","0","0","0","0","0","0","0","0","0","0","0","0","0","0","0","0","0","0","0","0","0","0","0","0","0","0","0","0","0","0","0","0","0","0","0","0","0","0"
"0x7f34975adad0","      USHF.L.U32 UR8, UR8, 0x1, URZ","0","0","0","8192","8192","8192","1","1","0","31","0","-","-","-","0","0","0","0","0","0","0","0","-","0","0","0","0","0","0","0","0","0","0","0","0","0","0","0","0","0","0","0","0","0","0","0","0","0","0","0","0","0","0","0","0","0","0","0","0","0","0","0","0"
"0x7f34975adae0","      FENCE.VIEW.ASYNC.S","0","0","0","8192","8192","8192","1","1","0","31","0","-","-","-","0","0","0","0","0","0","0","0","-","0","0","0","0","0","0","0","0","0","0","0","0","0","0","0","0","0","0","0","0","0","0","0","0","0","0","0","0","0","0","0","0","0","0","0","0","0","0","0","0"
"0x7f34975adaf0","      SYNCS.EXCH.64 URZ, [UR4+0x2f920], UR6","0","0","0","8192","8192","8192","1","1","0","31","0","-","-","-","0","0","0","0","0","0","0","0","-","0","0","0","0","0","0","0","0","0","0","0","0","0","0","0","0","0","0","0","0","0","0","0","0","0","0","0","0","0","0","0","0","0","0","0","0","0","0","0","0"
"0x7f34975adb00","      SYNCS.EXCH.64 URZ, [UR4+0x2f928], UR6","0","0","0","8192","8192","8192","1","1","0","31","0","-","-","-","0","0","0","0","0","0","0","0","-","0","0","0","0","0","0","0","0","0","0","0","0","0","0","0","0","0","0","0","0","0","0","0","0","0","0","0","0","0","0","0","0","0","0","0","0","0","0","0","0"
"0x7f34975adb10","      SYNCS.EXCH.64 URZ, [UR4+0x2f930], UR8","0","0","0","8192","8192","8192","1","1","0","31","0","-","-","-","0","0","0","0","0","0","0","0","-","0","0","0","0","0","0","0","0","0","0","0","0","0","0","0","0","0","0","0","0","0","0","0","0","0","0","0","0","0","0","0","0","0","0","0","0","0","0","0","0"
"0x7f34975adb20","      SYNCS.EXCH.64 URZ, [UR4+0x2f938], UR6","0","0","0","8192","8192","8192","1","1","0","31","0","-","-","-","0","0","0","0","0","0","0","0","-","0","0","0","0","0","0","0","0","0","0","0","0","0","0","0","0","0","0","0","0","0","0","0","0","0","0","0","0","0","0","0","0","0","0","0","0","0","0","0","0"
"0x7f34975adb30","      SYNCS.EXCH.64 URZ, [UR4+0x2f948], UR6","1","0","1","8192","8192","8192","1","1","0","31","0","-","-","-","0","0","0","0","0","0","0","0","-","0","0","0","0","0","0","0","0","0","0","0","0","0","0","1","0","0","0","0","0","0","0","0","0","0","0","0","0","0","0","0","0","0","0","0","0","0","0","0","0"
"0x7f34975adb40","      SYNCS.EXCH.64 URZ, [UR4+0x2f958], UR6","0","0","0","8192","8192","8192","1","1","0","31","0","-","-","-","0","0","0","0","0","0","0","0","-","0","0","0","0","0","0","0","0","0","0","0","0","0","0","0","0","0","0","0","0","0","0","0","0","0","0","0","0","0","0","0","0","0","0","0","0","0","0","0","0"
"0x7f34975adb50","      SYNCS.EXCH.64 URZ, [UR4+0x2f950], UR6","0","0","0","8192","8192","8192","1","1","0","31","0","-","-","-","0","0","0","0","0","0","0","0","-","0","0","0","0","0","0","0","0","0","0","0","0","0","0","0","0","0","0","0","0","0","0","0","0","0","0","0","0","0","0","0","0","0","0","0","0","0","0","0","0"
"0x7f34975adb60","      SYNCS.EXCH.64 URZ, [UR4+0x2f960], UR6","0","0","0","8192","8192","8192","1","1","0","31","0","-","-","-","0","0","0","0","0","0","0","0","-","0","0","0","0","0","0","0","0","0","0","0","0","0","0","0","0","0","0","0","0","0","0","0","0","0","0","0","0","0","0","0","0","0","0","0","0","0","0","0","0"
"0x7f34975adb70","      NOP","0","0","0","8192","8192","8192","1","1","0","31","0","-","-","-","0","0","0","0","0","0","0","0","-","0","0","0","0","0","0","0","0","0","0","0","0","0","0","0","0","0","0","0","0","0","0","0","0","0","0","0","0","0","0","0","0","0","0","0","0","0","0","0","0"
"0x7f34975adb80","      NOP","21","13","21","114688","3407872","3407872","29","29","28","3","0","-","-","-","0","0","0","0","0","0","0","0","-","0","0","0","0","0","0","0","5","0","0","0","0","0","0","0","0","16","0","0","0","0","0","0","0","5","0","0","0","0","0","0","0","0","8","0","0","0","0","0","0"
"0x7f34975adb90","      BSYNC.RECONVERGENT B0","3","0","3","114688","3407872","3407872","29","29","0","3","0","-","-","-","0","0","0","0","0","0","0","0","-","0","0","0","0","0","0","0","0","0","0","0","0","0","0","0","0","0","0","3","0","0","0","0","0","0","0","0","0","0","0","0","0","0","0","0","0","0","0","0","0"
"0x7f34975adba0","      UISETP.NE.U32.AND UP0, UPT, UR39, URZ, UPT","34","14","34","106496","3407872","3407872","32","32","3","0","0","-","-","-","0","0","0","0","0","0","0","0","-","0","0","0","0","0","0","0","19","0","0","0","0","3","0","0","0","0","1","3","0","0","0","8","0","5","0","0","0","0","3","0","0","0","0","0","0","0","0","0","6"
"0x7f34975adbb0","      NOP","2","0","2","106496","3407872","3407872","32","32","0","0","0","-","-","-","0","0","0","0","0","0","0","0","-","0","0","0","0","0","0","0","0","0","0","0","0","0","0","0","0","0","0","2","0","0","0","0","0","0","0","0","0","0","0","0","0","0","0","0","0","0","0","0","0"
"0x7f34975adbc0","      BRA.U UP0, 0x7f34975addc0","17","11","17","106496","3407872","3407872","32","32","0","0","0","-","-","-","0","0","0","0","0","0","0","0","-","0","0","0","0","0","0","0","0","0","0","0","0","0","0","0","0","0","0","3","0","0","0","14","0","0","0","0","0","0","0","0","0","0","0","0","0","0","0","0","11"
"0x7f34975adbd0","      ELECT P0, URZ, PT","16","13","16","8192","262144","262144","32","32","0","0","0","-","-","-","0","0","0","0","0","0","0","0","-","0","0","0","0","0","0","0","0","0","0","0","0","0","0","0","0","0","0","3","0","0","0","13","0","0","0","0","0","0","0","0","0","0","0","0","0","0","0","0","13"
"0x7f34975adbe0","      NOP","0","0","0","8192","262144","262144","32","32","0","0","0","-","-","-","0","0","0","0","0","0","0","0","-","0","0","0","0","0","0","0","0","0","0","0","0","0","0","0","0","0","0","0","0","0","0","0","0","0","0","0","0","0","0","0","0","0","0","0","0","0","0","0","0"
"0x7f34975adbf0","@!P0  BRA 0x7f34975add50","1","1","1","8192","262144","253952","32","31","1","1","8192","-","-","-","0","0","0","0","0","0","0","0","-","0","0","0","0","0","0","0","0","0","0","0","0","0","0","0","0","0","0","0","0","0","0","1","0","0","0","0","0","0","0","0","0","0","0","0","0","0","0","0","1"
"0x7f34975adc00","      UMOV UR8, 0x10","0","0","0","8192","8192","8192","1","1","30","31","0","-","-","-","0","0","0","0","0","0","0","0","-","0","0","0","0","0","0","0","0","0","0","0","0","0","0","0","0","0","0","0","0","0","0","0","0","0","0","0","0","0","0","0","0","0","0","0","0","0","0","0","0"
"0x7f34975adc10","      UMOV UR6, 0x40","0","0","0","8192","8192","8192","1","1","0","31","0","-","-","-","0","0","0","0","0","0","0","0","-","0","0","0","0","0","0","0","0","0","0","0","0","0","0","0","0","0","0","0","0","0","0","0","0","0","0","0","0","0","0","0","0","0","0","0","0","0","0","0","0"
"0x7f34975adc20","      HFMA2 R2, -RZ, RZ, 0, 5.9604644775390625e-08","0","0","0","8192","8192","8192","1","1","0","31","0","-","-","-","0","0","0","0","0","0","0","0","-","0","0","0","0","0","0","0","0","0","0","0","0","0","0","0","0","0","0","0","0","0","0","0","0","0","0","0","0","0","0","0","0","0","0","0","0","0","0","0","0"
"0x7f34975adc30","      ULEA UR7, UR5, UR6, 0x18","0","0","0","8192","8192","8192","1","1","0","31","0","-","-","-","0","0","0","0","0","0","0","0","-","0","0","0","0","0","0","0","0","0","0","0","0","0","0","0","0","0","0","0","0","0","0","0","0","0","0","0","0","0","0","0","0","0","0","0","0","0","0","0","0"
"0x7f34975adc40","      MOV R3, 0xffff","0","0","0","8192","8192","8192","1","1","0","31","0","-","-","-","0","0","0","0","0","0","0","0","-","0","0","0","0","0","0","0","0","0","0","0","0","0","0","0","0","0","0","0","0","0","0","0","0","0","0","0","0","0","0","0","0","0","0","0","0","0","0","0","0"
"0x7f34975adc50","      DEPBAR.LE SB0, 0x36","0","0","0","8192","8192","8192","1","1","0","31","0","-","-","-","0","0","0","0","0","0","0","0","-","0","0","0","0","0","0","0","0","0","0","0","0","0","0","0","0","0","0","0","0","0","0","0","0","0","0","0","0","0","0","0","0","0","0","0","0","0","0","0","0"
"0x7f34975adc60","      UTCATOMSWS.FIND_AND_SET.ALIGN UP1, UR6, UR8","0","0","0","8192","8192","8192","1","1","0","31","0","-","-","-","0","0","0","0","0","0","0","0","-","0","0","0","0","0","0","0","0","0","0","0","0","0","0","0","0","0","0","0","0","0","0","0","0","0","0","0","0","0","0","0","0","0","0","0","0","0","0","0","0"
"0x7f34975adc70","      MOV R4, UR6","1","1","1","8192","8192","8192","1","1","0","31","0","-","-","-","0","0","0","0","0","0","0","0","-","0","0","0","0","0","0","0","0","0","0","0","0","0","0","0","0","0","0","0","1","0","0","0","0","0","0","0","0","0","0","0","0","0","0","0","0","1","0","0","0"
"0x7f34975adc80","      BRA.U UP1, 0x7f34975adcf0","0","0","0","8192","8192","8192","1","1","0","31","0","-","-","-","0","0","0","0","0","0","0","0","-","0","0","0","0","0","0","0","0","0","0","0","0","0","0","0","0","0","0","0","0","0","0","0","0","0","0","0","0","0","0","0","0","0","0","0","0","0","0","0","0"
"0x7f34975adc90","      UMOV UR6, 0x10","0","0","0","0","0","0","0","0","1","32","0","-","-","-","0","0","0","0","0","0","0","0","-","0","0","0","0","0","0","0","0","0","0","0","0","0","0","0","0","0","0","0","0","0","0","0","0","0","0","0","0","0","0","0","0","0","0","0","0","0","0","0","0"
"0x7f34975adca0","      NANOSLEEP 0x64","0","0","0","0","0","0","0","0","0","32","0","-","-","-","0","0","0","0","0","0","0","0","-","0","0","0","0","0","0","0","0","0","0","0","0","0","0","0","0","0","0","0","0","0","0","0","0","0","0","0","0","0","0","0","0","0","0","0","0","0","0","0","0"
"0x7f34975adcb0","      DEPBAR.LE SB0, 0x36","0","0","0","0","0","0","0","0","0","32","0","-","-","-","0","0","0","0","0","0","0","0","-","0","0","0","0","0","0","0","0","0","0","0","0","0","0","0","0","0","0","0","0","0","0","0","0","0","0","0","0","0","0","0","0","0","0","0","0","0","0","0","0"
"0x7f34975adcc0","      UTCATOMSWS.FIND_AND_SET.ALIGN UP1, UR6, UR6","0","0","0","0","0","0","0","0","0","32","0","-","-","-","0","0","0","0","0","0","0","0","-","0","0","0","0","0","0","0","0","0","0","0","0","0","0","0","0","0","0","0","0","0","0","0","0","0","0","0","0","0","0","0","0","0","0","0","0","0","0","0","0"
"0x7f34975adcd0","      MOV R4, UR6","0","0","0","0","0","0","0","0","0","32","0","-","-","-","0","0","0","0","0","0","0","0","-","0","0","0","0","0","0","0","0","0","0","0","0","0","0","0","0","0","0","0","0","0","0","0","0","0","0","0","0","0","0","0","0","0","0","0","0","0","0","0","0"
"0x7f34975adce0","      BRA.U !UP1, 0x7f34975adc90","0","0","0","0","0","0","0","0","0","32","0","-","-","-","0","0","0","0","0","0","0","0","-","0","0","0","0","0","0","0","0","0","0","0","0","0","0","0","0","0","0","0","0","0","0","0","0","0","0","0","0","0","0","0","0","0","0","0","0","0","0","0","0"
"0x7f34975adcf0","      SHF.L.U32 R3, R3, R4, RZ","0","0","0","8192","8192","8192","1","1","1","31","0","-","-","-","0","0","0","0","0","0","0","0","-","0","0","0","0","0","0","0","0","0","0","0","0","0","0","0","0","0","0","0","0","0","0","0","0","0","0","0","0","0","0","0","0","0","0","0","0","0","0","0","0"
"0x7f34975add00","      SHF.L.U32 R2, R2, R4, RZ","0","0","0","8192","8192","8192","1","1","0","31","0","-","-","-","0","0","0","0","0","0","0","0","-","0","0","0","0","0","0","0","0","0","0","0","0","0","0","0","0","0","0","0","0","0","0","0","0","0","0","0","0","0","0","0","0","0","0","0","0","0","0","0","0"
"0x7f34975add10","      IMAD.SHL.U32 R4, R4, 0x20, RZ","0","0","0","8192","8192","8192","1","1","0","31","0","-","-","-","0","0","0","0","0","0","0","0","-","0","0","0","0","0","0","0","0","0","0","0","0","0","0","0","0","0","0","0","0","0","0","0","0","0","0","0","0","0","0","0","0","0","0","0","0","0","0","0","0"
"0x7f34975add20","      ATOMS.OR RZ, [UR7+0x14], R3","1","1","1","8192","8192","8192","1","1","0","31","0","Shared","Atomic","32","0","1","0","8192","8192","0","0","0","-","0","0","0","0","0","0","0","0","0","0","0","0","0","0","0","0","0","0","0","0","0","0","1","0","0","0","0","0","0","0","0","0","0","0","0","0","0","0","0","1"
"0x7f34975add30","      ATOMS.OR RZ, [UR7+0x18], R2","0","0","0","8192","8192","8192","1","1","0","31","0","Shared","Atomic","32","0","1","0","8192","8192","0","0","0","-","0","0","0","0","0","0","0","0","0","0","0","0","0","0","0","0","0","0","0","0","0","0","0","0","0","0","0","0","0","0","0","0","0","0","0","0","0","0","0","0"
"0x7f34975add40","      STS [UR4+0x2f940], R4","0","0","0","8192","8192","8192","1","1","0","31","0","Shared","Store","32","0","1","0","8192","8192","0","0","0","-","0","0","0","0","0","0","0","0","0","0","0","0","0","0","0","0","0","0","0","0","0","0","0","0","0","0","0","0","0","0","0","0","0","0","0","0","0","0","0","0"
"0x7f34975add50","      WARPSYNC.ALL","0","0","0","16384","262144","262144","16","16","15","16","0","-","-","-","0","0","0","0","0","0","0","0","-","0","0","0","0","0","0","0","0","0","0","0","0","0","0","0","0","0","0","0","0","0","0","0","0","0","0","0","0","0","0","0","0","0","0","0","0","0","0","0","0"
"0x7f34975add60","      ELECT P0, URZ, PT","0","0","0","8192","262144","262144","32","32","16","0","0","-","-","-","0","0","0","0","0","0","0","0","-","0","0","0","0","0","0","0","0","0","0","0","0","0","0","0","0","0","0","0","0","0","0","0","0","0","0","0","0","0","0","0","0","0","0","0","0","0","0","0","0"
"0x7f34975add70","      MOV R2, 0x1","0","0","0","8192","262144","262144","32","32","0","0","0","-","-","-","0","0","0","0","0","0","0","0","-","0","0","0","0","0","0","0","0","0","0","0","0","0","0","0","0","0","0","0","0","0","0","0","0","0","0","0","0","0","0","0","0","0","0","0","0","0","0","0","0"
"0x7f34975add80","      UMOV UR6, 0x40","0","0","0","8192","262144","262144","32","32","0","0","0","-","-","-","0","0","0","0","0","0","0","0","-","0","0","0","0","0","0","0","0","0","0","0","0","0","0","0","0","0","0","0","0","0","0","0","0","0","0","0","0","0","0","0","0","0","0","0","0","0","0","0","0"
"0x7f34975add90","      UVIRTCOUNT.DEALLOC.SMPOOL 0x80","0","0","0","8192","262144","262144","32","32","0","0","0","-","-","-","0","0","0","0","0","0","0","0","-","0","0","0","0","0","0","0","0","0","0","0","0","0","0","0","0","0","0","0","0","0","0","0","0","0","0","0","0","0","0","0","0","0","0","0","0","0","0","0","0"
"0x7f34975adda0","      ULEA UR6, UR5, UR6, 0x18","0","0","0","8192","262144","262144","32","32","0","0","0","-","-","-","0","0","0","0","0","0","0","0","-","0","0","0","0","0","0","0","0","0","0","0","0","0","0","0","0","0","0","0","0","0","0","0","0","0","0","0","0","0","0","0","0","0","0","0","0","0","0","0","0"
"0x7f34975addb0","@P0   STS.U8 [UR6+0x1c], R2","0","0","0","8192","262144","8192","32","1","31","31","0","Shared","Store","8","0","1","0","8192","8192","0","0","0","-","0","0","0","0","0","0","0","0","0","0","0","0","0","0","0","0","0","0","0","0","0","0","0","0","0","0","0","0","0","0","0","0","0","0","0","0","0","0","0","0"
"0x7f34975addc0","      BAR.SYNC.DEFER_BLOCKING 0x0","27","20","27","106496","3407872","3407872","32","32","31","0","0","-","-","-","0","0","0","0","0","0","0","0","-","0","0","0","0","0","0","0","9","0","0","0","0","0","0","0","0","17","1","0","0","0","0","0","0","7","0","0","0","0","0","0","0","0","13","0","0","0","0","0","0"
"0x7f34975addd0","      ULOP3.LUT UR5, UR39, 0xfffffffc, URZ, 0xc0, !UPT","0","0","0","106496","3407872","3407872","32","32","0","0","0","-","-","-","0","0","0","0","0","0","0","0","-","0","0","0","0","0","0","0","0","0","0","0","0","0","0","0","0","0","0","0","0","0","0","0","0","0","0","0","0","0","0","0","0","0","0","0","0","0","0","0","0"
"0x7f34975adde0","      UIADD3 UR12, UPT, UPT, UR4, 0x8000, URZ","7","1","7","106496","3407872","3407872","32","32","0","0","0","-","-","-","0","0","0","0","0","0","0","0","-","0","0","0","0","0","0","0","0","0","0","0","0","0","0","0","0","0","0","6","0","0","0","1","0","0","0","0","0","0","0","0","0","0","0","0","0","0","0","0","1"
"0x7f34975addf0","      UISETP.NE.U32.AND UP1, UPT, UR5, 0x8, UPT","3","2","3","106496","3407872","3407872","32","32","0","0","0","-","-","-","0","0","0","0","0","0","0","0","-","0","0","0","0","0","0","0","0","0","0","0","0","0","0","0","0","0","0","1","0","0","0","2","0","0","0","0","0","0","0","0","0","0","0","0","0","0","0","0","2"
"0x7f34975ade00","      LDCU.64 UR76, c[0x0][0x358]","599","570","599","106496","3407872","3407872","32","32","0","0","0","-","-","-","0","0","0","0","0","0","0","0","-","0","0","0","0","0","0","592","0","0","0","0","0","0","0","0","0","0","3","4","0","0","0","0","570","0","0","0","0","0","0","0","0","0","0","0","0","0","0","0","0"
"0x7f34975ade10","      BRA.U UP0, 0x7f34975ae010","1","0","1","106496","3407872","3407872","32","32","0","0","0","-","-","-","0","0","0","0","0","0","0","0","-","0","0","0","0","0","0","0","0","0","0","0","0","0","0","0","0","0","0","1","0","0","0","0","0","0","0","0","0","0","0","0","0","0","0","0","0","0","0","0","0"
"0x7f34975ade20","      LDCU.64 UR10, c[0x0][0x3a8]","12","2","12","8192","262144","262144","32","32","0","0","0","-","-","-","0","0","0","0","0","0","0","0","-","0","0","0","0","0","0","0","0","0","0","0","0","0","0","0","0","0","0","3","0","0","0","9","0","0","0","0","0","0","0","0","0","0","0","0","0","0","0","0","2"
"0x7f34975ade30","      ELECT P0, URZ, PT","0","0","0","8192","262144","262144","32","32","0","0","0","-","-","-","0","0","0","0","0","0","0","0","-","0","0","0","0","0","0","0","0","0","0","0","0","0","0","0","0","0","0","0","0","0","0","0","0","0","0","0","0","0","0","0","0","0","0","0","0","0","0","0","0"
"0x7f34975ade40","      USHF.L.U32 UR7, UR28, 0x6, URZ","0","0","0","8192","262144","262144","32","32","0","0","0","-","-","-","0","0","0","0","0","0","0","0","-","0","0","0","0","0","0","0","0","0","0","0","0","0","0","0","0","0","0","0","0","0","0","0","0","0","0","0","0","0","0","0","0","0","0","0","0","0","0","0","0"
"0x7f34975ade50","      UIADD3 UR5, UPT, UPT, UR4, 0x2f938, URZ","0","0","0","8192","262144","262144","32","32","0","0","0","-","-","-","0","0","0","0","0","0","0","0","-","0","0","0","0","0","0","0","0","0","0","0","0","0","0","0","0","0","0","0","0","0","0","0","0","0","0","0","0","0","0","0","0","0","0","0","0","0","0","0","0"
"0x7f34975ade60","      UIADD3 UR16, UPT, UPT, UR4, 0x2000, URZ","0","0","0","8192","262144","262144","32","32","0","0","0","-","-","-","0","0","0","0","0","0","0","0","-","0","0","0","0","0","0","0","0","0","0","0","0","0","0","0","0","0","0","0","0","0","0","0","0","0","0","0","0","0","0","0","0","0","0","0","0","0","0","0","0"
"0x7f34975ade70","      UIADD3 UR24, UPT, UPT, UR4, 0x4000, URZ","1","0","1","8192","262144","262144","32","32","0","0","0","-","-","-","0","0","0","0","0","0","0","0","-","0","0","0","0","0","0","0","0","0","0","0","0","0","0","0","0","0","0","1","0","0","0","0","0","0","0","0","0","0","0","0","0","0","0","0","0","0","0","0","0"
"0x7f34975ade80","      UIADD3 UR20, UPT, UPT, UR4, 0x6000, URZ","0","0","0","8192","262144","262144","32","32","0","0","0","-","-","-","0","0","0","0","0","0","0","0","-","0","0","0","0","0","0","0","0","0","0","0","0","0","0","0","0","0","0","0","0","0","0","0","0","0","0","0","0","0","0","0","0","0","0","0","0","0","0","0","0"
"0x7f34975ade90","      UMOV UR6, URZ","0","0","0","8192","262144","262144","32","32","0","0","0","-","-","-","0","0","0","0","0","0","0","0","-","0","0","0","0","0","0","0","0","0","0","0","0","0","0","0","0","0","0","0","0","0","0","0","0","0","0","0","0","0","0","0","0","0","0","0","0","0","0","0","0"
"0x7f34975adea0","@P0   MOV R2, 0x9000","0","0","0","8192","262144","8192","32","1","31","31","0","-","-","-","0","0","0","0","0","0","0","0","-","0","0","0","0","0","0","0","0","0","0","0","0","0","0","0","0","0","0","0","0","0","0","0","0","0","0","0","0","0","0","0","0","0","0","0","0","0","0","0","0"
"0x7f34975adeb0","      UIADD3.64 UR10, UPT, UPT, UR10, 0x100, URZ","1","0","1","8192","262144","262144","32","32","31","0","0","-","-","-","0","0","0","0","0","0","0","0","-","0","0","0","0","0","0","0","0","0","0","0","0","0","0","0","0","0","0","0","1","0","0","0","0","0","0","0","0","0","0","0","0","0","0","0","0","0","0","0","0"
"0x7f34975adec0","      UMOV UR18, 0x80","0","0","0","8192","262144","262144","32","32","0","0","0","-","-","-","0","0","0","0","0","0","0","0","-","0","0","0","0","0","0","0","0","0","0","0","0","0","0","0","0","0","0","0","0","0","0","0","0","0","0","0","0","0","0","0","0","0","0","0","0","0","0","0","0"
"0x7f34975aded0","@P0   SYNCS.ARRIVE.TRANS64 RZ, [UR4+0x2f938], R2","0","0","0","8192","262144","8192","32","1","31","31","0","-","-","-","0","0","0","0","0","0","0","0","-","0","0","0","0","0","0","0","0","0","0","0","0","0","0","0","0","0","0","0","0","0","0","0","0","0","0","0","0","0","0","0","0","0","0","0","0","0","0","0","0"
"0x7f34975adee0","      UIADD3 UR8, UP0, UPT, UR10, 0x80, URZ","0","0","0","8192","262144","262144","32","32","31","0","0","-","-","-","0","0","0","0","0","0","0","0","-","0","0","0","0","0","0","0","0","0","0","0","0","0","0","0","0","0","0","0","0","0","0","0","0","0","0","0","0","0","0","0","0","0","0","0","0","0","0","0","0"
"0x7f34975adef0","      UMOV UR17, UR5","0","0","0","8192","262144","262144","32","32","0","0","0","-","-","-","0","0","0","0","0","0","0","0","-","0","0","0","0","0","0","0","0","0","0","0","0","0","0","0","0","0","0","0","0","0","0","0","0","0","0","0","0","0","0","0","0","0","0","0","0","0","0","0","0"
"0x7f34975adf00","      UMOV UR19, UR7","0","0","0","8192","262144","262144","32","32","0","0","0","-","-","-","0","0","0","0","0","0","0","0","-","0","0","0","0","0","0","0","0","0","0","0","0","0","0","0","0","0","0","0","0","0","0","0","0","0","0","0","0","0","0","0","0","0","0","0","0","0","0","0","0"
"0x7f34975adf10","      UIADD3.X UR9, UPT, UPT, URZ, UR11, URZ, UP0, !UPT","0","0","0","8192","262144","262144","32","32","0","0","0","-","-","-","0","0","0","0","0","0","0","0","-","0","0","0","0","0","0","0","0","0","0","0","0","0","0","0","0","0","0","0","0","0","0","0","0","0","0","0","0","0","0","0","0","0","0","0","0","0","0","0","0"
"0x7f34975adf20","      UTMALDG.2D [UR4], [UR10]","0","0","0","8192","262144","262144","32","32","0","0","0","Global,Shared","-","-","0","0","0","0","0","0","0","0","-","0","0","0","0","0","0","0","0","0","0","0","0","0","0","0","0","0","0","0","0","0","0","0","0","0","0","0","0","0","0","0","0","0","0","0","0","0","0","0","0"
"0x7f34975adf30","      UMOV UR26, 0x100","0","0","0","8192","262144","262144","32","32","0","0","0","-","-","-","0","0","0","0","0","0","0","0","-","0","0","0","0","0","0","0","0","0","0","0","0","0","0","0","0","0","0","0","0","0","0","0","0","0","0","0","0","0","0","0","0","0","0","0","0","0","0","0","0"
"0x7f34975adf40","      UMOV UR25, UR5","0","0","0","8192","262144","262144","32","32","0","0","0","-","-","-","0","0","0","0","0","0","0","0","-","0","0","0","0","0","0","0","0","0","0","0","0","0","0","0","0","0","0","0","0","0","0","0","0","0","0","0","0","0","0","0","0","0","0","0","0","0","0","0","0"
"0x7f34975adf50","      UMOV UR27, UR7","0","0","0","8192","262144","262144","32","32","0","0","0","-","-","-","0","0","0","0","0","0","0","0","-","0","0","0","0","0","0","0","0","0","0","0","0","0","0","0","0","0","0","0","0","0","0","0","0","0","0","0","0","0","0","0","0","0","0","0","0","0","0","0","0"
"0x7f34975adf60","      UMOV UR22, 0x180","0","0","0","8192","262144","262144","32","32","0","0","0","-","-","-","0","0","0","0","0","0","0","0","-","0","0","0","0","0","0","0","0","0","0","0","0","0","0","0","0","0","0","0","0","0","0","0","0","0","0","0","0","0","0","0","0","0","0","0","0","0","0","0","0"
"0x7f34975adf70","      UMOV UR21, UR5","0","0","0","8192","262144","262144","32","32","0","0","0","-","-","-","0","0","0","0","0","0","0","0","-","0","0","0","0","0","0","0","0","0","0","0","0","0","0","0","0","0","0","0","0","0","0","0","0","0","0","0","0","0","0","0","0","0","0","0","0","0","0","0","0"
"0x7f34975adf80","      UMOV UR23, UR7","0","0","0","8192","262144","262144","32","32","0","0","0","-","-","-","0","0","0","0","0","0","0","0","-","0","0","0","0","0","0","0","0","0","0","0","0","0","0","0","0","0","0","0","0","0","0","0","0","0","0","0","0","0","0","0","0","0","0","0","0","0","0","0","0"
"0x7f34975adf90","      UMOV UR15, UR7","0","0","0","8192","262144","262144","32","32","0","0","0","-","-","-","0","0","0","0","0","0","0","0","-","0","0","0","0","0","0","0","0","0","0","0","0","0","0","0","0","0","0","0","0","0","0","0","0","0","0","0","0","0","0","0","0","0","0","0","0","0","0","0","0"
"0x7f34975adfa0","      UTMALDG.2D [UR16], [UR10]","0","0","0","8192","262144","262144","32","32","0","0","0","Global,Shared","-","-","0","0","0","0","0","0","0","0","-","0","0","0","0","0","0","0","0","0","0","0","0","0","0","0","0","0","0","0","0","0","0","0","0","0","0","0","0","0","0","0","0","0","0","0","0","0","0","0","0"
"0x7f34975adfb0","      UMOV UR13, UR5","0","0","0","8192","262144","262144","32","32","0","0","0","-","-","-","0","0","0","0","0","0","0","0","-","0","0","0","0","0","0","0","0","0","0","0","0","0","0","0","0","0","0","0","0","0","0","0","0","0","0","0","0","0","0","0","0","0","0","0","0","0","0","0","0"
"0x7f34975adfc0","      UMOV UR14, UR6","0","0","0","8192","262144","262144","32","32","0","0","0","-","-","-","0","0","0","0","0","0","0","0","-","0","0","0","0","0","0","0","0","0","0","0","0","0","0","0","0","0","0","0","0","0","0","0","0","0","0","0","0","0","0","0","0","0","0","0","0","0","0","0","0"
"0x7f34975adfd0","      UTMALDG.2D [UR24], [UR10]","0","0","0","8192","262144","262144","32","32","0","0","0","Global,Shared","-","-","0","0","0","0","0","0","0","0","-","0","0","0","0","0","0","0","0","0","0","0","0","0","0","0","0","0","0","0","0","0","0","0","0","0","0","0","0","0","0","0","0","0","0","0","0","0","0","0","0"
"0x7f34975adfe0","      UTMALDG.2D [UR20], [UR10]","0","0","0","8192","262144","262144","32","32","0","0","0","Global,Shared","-","-","0","0","0","0","0","0","0","0","-","0","0","0","0","0","0","0","0","0","0","0","0","0","0","0","0","0","0","0","0","0","0","0","0","0","0","0","0","0","0","0","0","0","0","0","0","0","0","0","0"
"0x7f34975adff0","      UTMALDG.2D [UR12], [UR8]","0","0","0","8192","262144","262144","32","32","0","0","0","Global,Shared","-","-","0","0","0","0","0","0","0","0","-","0","0","0","0","0","0","0","0","0","0","0","0","0","0","0","0","0","0","0","0","0","0","0","0","0","0","0","0","0","0","0","0","0","0","0","0","0","0","0","0"
"0x7f34975ae000","      NOP","0","0","0","8192","262144","262144","32","32","0","0","0","-","-","-","0","0","0","0","0","0","0","0","-","0","0","0","0","0","0","0","0","0","0","0","0","0","0","0","0","0","0","0","0","0","0","0","0","0","0","0","0","0","0","0","0","0","0","0","0","0","0","0","0"
"0x7f34975ae010","      BRA.U UP1, 0x7f34975af640","35","32","35","106496","3407872","3407872","32","32","0","0","0","-","-","-","0","0","0","0","0","0","0","0","-","0","0","0","0","0","0","0","4","0","0","0","0","0","0","0","0","29","0","0","0","0","0","2","0","3","0","0","0","0","0","0","0","0","27","0","0","0","0","0","2"
"0x7f34975ae020","      LDCU.64 UR6, c[0x0][0x398]","11","8","11","32768","1048576","1048576","32","32","0","0","0","-","-","-","0","0","0","0","0","0","0","0","-","0","0","0","0","0","0","0","0","0","0","0","0","0","0","0","0","0","0","2","0","0","0","9","0","0","0","0","0","0","0","0","0","0","0","0","0","0","0","0","8"
"0x7f34975ae030","      UIMAD.WIDE.U32 UR6, UR28, 0x4, UR6","9","7","9","32768","1048576","1048576","32","32","0","0","0","-","-","-","0","0","0","0","0","0","0","0","-","0","0","0","0","0","0","0","0","0","0","0","0","0","0","0","0","0","0","1","5","0","0","3","0","0","0","0","0","0","0","0","0","0","0","0","0","4","0","0","3"
"0x7f34975ae040","      IMAD.U32 R12, RZ, RZ, UR6","0","0","0","32768","1048576","1048576","32","32","0","0","0","-","-","-","0","0","0","0","0","0","0","0","-","0","0","0","0","0","0","0","0","0","0","0","0","0","0","0","0","0","0","0","0","0","0","0","0","0","0","0","0","0","0","0","0","0","0","0","0","0","0","0","0"
"0x7f34975ae050","      IMAD.U32 R13, RZ, RZ, UR7","0","0","0","32768","1048576","1048576","32","32","0","0","0","-","-","-","0","0","0","0","0","0","0","0","-","0","0","0","0","0","0","0","0","0","0","0","0","0","0","0","0","0","0","0","0","0","0","0","0","0","0","0","0","0","0","0","0","0","0","0","0","0","0","0","0"
"0x7f34975ae060","      LDG.E R12, desc[UR76][R12.64]","2","2","2","32768","1048576","1048576","32","32","0","0","0","Global","Load","32","32768","0","0","0","0","0","32768","32768","","0","0","0","0","0","0","0","0","0","0","0","0","0","0","0","0","0","0","0","0","0","0","2","0","0","0","0","0","0","0","0","0","0","0","0","0","0","0","0","2"
"0x7f34975ae070","      SHF.R.S32.HI R3, RZ, 0x1f, R12","226","214","226","32768","1048576","1048576","32","32","0","0","0","-","-","-","0","0","0","0","0","0","0","0","-","0","0","0","0","0","0","0","0","0","0","0","223","0","0","0","0","0","0","2","0","0","0","1","0","0","0","0","0","213","0","0","0","0","0","0","0","0","0","0","1"
"0x7f34975ae080","      LEA.HI R4, R3, R12, RZ, 0x7","2","1","2","32768","1048576","1048576","32","32","0","0","0","-","-","-","0","0","0","0","0","0","0","0","-","0","0","0","0","0","0","0","0","0","0","0","0","0","0","0","0","0","0","1","0","0","0","1","0","0","0","0","0","0","0","0","0","0","0","0","0","0","0","0","1"
"0x7f34975ae090","      LOP3.LUT R3, R4, 0xffffff80, RZ, 0xc0, !PT","2","2","2","32768","1048576","1048576","32","32","0","0","0","-","-","-","0","0","0","0","0","0","0","0","-","0","0","0","0","0","0","0","0","0","0","0","0","0","0","0","0","0","0","0","0","0","0","2","0","0","0","0","0","0","0","0","0","0","0","0","0","0","0","0","2"
"0x7f34975ae0a0","      SHF.R.S32.HI R2, RZ, 0x7, R4","0","0","0","32768","1048576","1048576","32","32","0","0","0","-","-","-","0","0","0","0","0","0","0","0","-","0","0","0","0","0","0","0","0","0","0","0","0","0","0","0","0","0","0","0","0","0","0","0","0","0","0","0","0","0","0","0","0","0","0","0","0","0","0","0","0"
"0x7f34975ae0b0","      ISETP.NE.U32.AND P0, PT, R12, R3, PT","1","1","1","32768","1048576","1048576","32","32","0","0","0","-","-","-","0","0","0","0","0","0","0","0","-","0","0","0","0","0","0","0","0","0","0","0","0","0","0","0","0","0","0","0","0","0","0","1","0","0","0","0","0","0","0","0","0","0","0","0","0","0","0","0","1"
"0x7f34975ae0c0","      LEA.HI.SX32 R4, R4, 0x1, 0x19","1","0","1","32768","1048576","1048576","32","32","0","0","0","-","-","-","0","0","0","0","0","0","0","0","-","0","0","0","0","0","0","0","0","0","0","0","0","0","0","0","0","0","0","1","0","0","0","0","0","0","0","0","0","0","0","0","0","0","0","0","0","0","0","0","0"
"0x7f34975ae0d0","      ISETP.GT.AND P0, PT, R12, -0x1, P0","1","1","1","32768","1048576","1048576","32","32","0","0","0","-","-","-","0","0","0","0","0","0","0","0","-","0","0","0","0","0","0","0","0","0","0","0","0","0","0","0","0","0","0","0","0","0","0","1","0","0","0","0","0","0","0","0","0","0","0","0","0","0","0","0","1"
"0x7f34975ae0e0","@!P0  IMAD.MOV R4, RZ, RZ, R2","5","5","5","32768","1048576","1048576","32","32","0","0","0","-","-","-","0","0","0","0","0","0","0","0","-","0","0","0","0","0","0","0","0","0","0","0","0","0","0","0","0","0","0","0","0","0","0","5","0","0","0","0","0","0","0","0","0","0","0","0","0","0","0","0","5"
"0x7f34975ae0f0","      ISETP.GE.AND P0, PT, R4, 0x1, PT","4","4","4","32768","1048576","1048576","32","32","0","0","0","-","-","-","0","0","0","0","0","0","0","0","-","0","0","0","0","0","0","0","0","0","0","0","0","0","0","0","0","0","0","0","0","0","0","4","0","0","0","0","0","0","0","0","0","0","0","0","0","0","0","0","4"
"0x7f34975ae100","@!P0  EXIT","4","4","4","32768","1048576","0","32","0","32","32","0","-","-","-","0","0","0","0","0","0","0","0","-","0","0","0","0","0","0","0","0","0","0","0","0","0","0","0","0","0","0","0","0","0","0","4","0","0","0","0","0","0","0","0","0","0","0","0","0","0","0","0","4"
"0x7f34975ae110","      S2R R10, SR_CTAID.X","3","2","3","32768","1048576","1048576","32","32","32","0","0","-","-","-","0","0","0","0","0","0","0","0","-","0","0","0","0","0","0","0","0","0","0","0","0","0","0","0","0","0","0","1","0","0","0","2","0","0","0","0","0","0","0","0","0","0","0","0","0","0","0","0","2"
"0x7f34975ae120","      LDC.64 R14, c[0x0][0x390]","2","0","2","32768","1048576","1048576","32","32","0","0","0","-","-","-","0","0","0","0","0","0","0","0","-","0","0","0","0","0","0","0","0","0","0","0","0","0","0","0","0","0","0","2","0","0","0","0","0","0","0","0","0","0","0","0","0","0","0","0","0","0","0","0","0"
"0x7f34975ae130","      LDCU.64 UR74, c[0x0][0x3a8]","1","0","1","32768","1048576","1048576","32","32","0","0","0","-","-","-","0","0","0","0","0","0","0","0","-","0","0","0","0","0","0","0","0","0","0","0","0","0","0","0","0","0","0","1","0","0","0","0","0","0","0","0","0","0","0","0","0","0","0","0","0","0","0","0","0"
"0x7f34975ae140","      IADD3 R13, PT, PT, R107, -0x100, RZ","1","0","1","32768","1048576","1048576","32","32","0","0","0","-","-","-","0","0","0","0","0","0","0","0","-","0","0","0","0","0","0","0","0","0","0","0","0","0","0","0","0","0","0","1","0","0","0","0","0","0","0","0","0","0","0","0","0","0","0","0","0","0","0","0","0"
"0x7f34975ae150","      IMAD.MOV R4, RZ, RZ, -R4","0","0","0","32768","1048576","1048576","32","32","0","0","0","-","-","-","0","0","0","0","0","0","0","0","-","0","0","0","0","0","0","0","0","0","0","0","0","0","0","0","0","0","0","0","0","0","0","0","0","0","0","0","0","0","0","0","0","0","0","0","0","0","0","0","0"
"0x7f34975ae160","      ISETP.GT.U32.AND P2, PT, R107, 0x17f, PT","0","0","0","32768","1048576","1048576","32","32","0","0","0","-","-","-","0","0","0","0","0","0","0","0","-","0","0","0","0","0","0","0","0","0","0","0","0","0","0","0","0","0","0","0","0","0","0","0","0","0","0","0","0","0","0","0","0","0","0","0","0","0","0","0","0"
"0x7f34975ae170","      IMAD.MOV.U32 R9, RZ, RZ, RZ","0","0","0","32768","1048576","1048576","32","32","0","0","0","-","-","-","0","0","0","0","0","0","0","0","-","0","0","0","0","0","0","0","0","0","0","0","0","0","0","0","0","0","0","0","0","0","0","0","0","0","0","0","0","0","0","0","0","0","0","0","0","0","0","0","0"
"0x7f34975ae180","      MOV R8, R107","0","0","0","32768","1048576","1048576","32","32","0","0","0","-","-","-","0","0","0","0","0","0","0","0","-","0","0","0","0","0","0","0","0","0","0","0","0","0","0","0","0","0","0","0","0","0","0","0","0","0","0","0","0","0","0","0","0","0","0","0","0","0","0","0","0"
"0x7f34975ae190","      IMAD.MOV.U32 R3, RZ, RZ, RZ","1","0","1","32768","1048576","1048576","32","32","0","0","0","-","-","-","0","0","0","0","0","0","0","0","-","0","0","0","0","0","0","0","0","0","0","0","0","0","0","0","0","0","0","1","0","0","0","0","0","0","0","0","0","0","0","0","0","0","0","0","0","0","0","0","0"
"0x7f34975ae1a0","      SHF.R.S32.HI R11, RZ, 0x5, R13","0","0","0","32768","1048576","1048576","32","32","0","0","0","-","-","-","0","0","0","0","0","0","0","0","-","0","0","0","0","0","0","0","0","0","0","0","0","0","0","0","0","0","0","0","0","0","0","0","0","0","0","0","0","0","0","0","0","0","0","0","0","0","0","0","0"
"0x7f34975ae1b0","      ULEA UR55, UR39, 0xffffff00, 0x5","0","0","0","32768","1048576","1048576","32","32","0","0","0","-","-","-","0","0","0","0","0","0","0","0","-","0","0","0","0","0","0","0","0","0","0","0","0","0","0","0","0","0","0","0","0","0","0","0","0","0","0","0","0","0","0","0","0","0","0","0","0","0","0","0","0"
"0x7f34975ae1c0","      UMOV UR47, URZ","0","0","0","32768","1048576","1048576","32","32","0","0","0","-","-","-","0","0","0","0","0","0","0","0","-","0","0","0","0","0","0","0","0","0","0","0","0","0","0","0","0","0","0","0","0","0","0","0","0","0","0","0","0","0","0","0","0","0","0","0","0","0","0","0","0"
"0x7f34975ae1d0","      LDCU.64 UR72, c[0x0][0x3a8]","0","0","0","32768","1048576","1048576","32","32","0","0","0","-","-","-","0","0","0","0","0","0","0","0","-","0","0","0","0","0","0","0","0","0","0","0","0","0","0","0","0","0","0","0","0","0","0","0","0","0","0","0","0","0","0","0","0","0","0","0","0","0","0","0","0"
"0x7f34975ae1e0","      UMOV UR42, URZ","0","0","0","32768","1048576","1048576","32","32","0","0","0","-","-","-","0","0","0","0","0","0","0","0","-","0","0","0","0","0","0","0","0","0","0","0","0","0","0","0","0","0","0","0","0","0","0","0","0","0","0","0","0","0","0","0","0","0","0","0","0","0","0","0","0"
"0x7f34975ae1f0","      UMOV UR66, 0x80","0","0","0","32768","1048576","1048576","32","32","0","0","0","-","-","-","0","0","0","0","0","0","0","0","-","0","0","0","0","0","0","0","0","0","0","0","0","0","0","0","0","0","0","0","0","0","0","0","0","0","0","0","0","0","0","0","0","0","0","0","0","0","0","0","0"
"0x7f34975ae200","      UMOV UR58, 0x100","0","0","0","32768","1048576","1048576","32","32","0","0","0","-","-","-","0","0","0","0","0","0","0","0","-","0","0","0","0","0","0","0","0","0","0","0","0","0","0","0","0","0","0","0","0","0","0","0","0","0","0","0","0","0","0","0","0","0","0","0","0","0","0","0","0"
"0x7f34975ae210","      UIADD3.64 UR74, UPT, UPT, UR74, 0x80, URZ","2","2","2","32768","1048576","1048576","32","32","0","0","0","-","-","-","0","0","0","0","0","0","0","0","-","0","0","0","0","0","0","0","0","0","0","0","0","0","0","0","0","0","0","0","2","0","0","0","0","0","0","0","0","0","0","0","0","0","0","0","0","2","0","0","0"
"0x7f34975ae220","      UMOV UR50, 0x180","0","0","0","32768","1048576","1048576","32","32","0","0","0","-","-","-","0","0","0","0","0","0","0","0","-","0","0","0","0","0","0","0","0","0","0","0","0","0","0","0","0","0","0","0","0","0","0","0","0","0","0","0","0","0","0","0","0","0","0","0","0","0","0","0","0"
"0x7f34975ae230","      LEA R10, R10, R107, 0xb","3","1","3","32768","1048576","1048576","32","32","0","0","0","-","-","-","0","0","0","0","0","0","0","0","-","0","0","0","0","0","0","0","0","0","0","0","0","0","0","0","0","0","0","2","1","0","0","0","0","0","0","0","0","0","0","0","0","0","0","0","0","1","0","0","0"
"0x7f34975ae240","      VIADD R10, R10, 0xffffff00","3","3","3","32768","1048576","1048576","32","32","0","0","0","-","-","-","0","0","0","0","0","0","0","0","-","0","0","0","0","0","0","0","0","0","0","0","0","0","0","0","0","0","0","0","0","0","0","3","0","0","0","0","0","0","0","0","0","0","0","0","0","0","0","0","3"
"0x7f34975ae250","      VIADD R5, R8, 0xffffff00","82","51","82","524288","16777216","16777216","32","32","0","0","0","-","-","-","0","0","0","0","0","0","0","0","-","0","0","0","0","0","0","0","22","0","0","0","0","0","0","0","0","14","11","1","0","0","0","34","0","16","0","0","0","0","0","0","0","0","3","0","0","0","0","0","32"
"0x7f34975ae260","      UISETP.GE.U32.AND UP0, UPT, UR47, 0x2, UPT","14","0","14","524288","16777216","16777216","32","32","0","0","0","-","-","-","0","0","0","0","0","0","0","0","-","0","0","0","0","0","0","0","0","0","0","0","0","0","0","0","0","0","1","13","0","0","0","0","0","0","0","0","0","0","0","0","0","0","0","0","0","0","0","0","0"
"0x7f34975ae270","      IMAD.MOV.U32 R7, RZ, RZ, -0x1","5","0","5","524288","16777216","16777216","32","32","0","0","0","-","-","-","0","0","0","0","0","0","0","0","-","0","0","0","0","0","0","0","0","0","0","0","0","0","0","0","0","0","0","5","0","0","0","0","0","0","0","0","0","0","0","0","0","0","0","0","0","0","0","0","0"
"0x7f34975ae280","      IMAD.WIDE R16, R10, 0x4, R14","138","33","138","524288","16777216","16777216","32","32","0","0","0","-","-","-","0","0","0","0","0","0","0","0","-","0","0","0","0","0","0","0","0","0","0","0","0","0","0","0","0","104","14","9","0","0","0","11","0","0","0","0","0","0","0","0","0","0","32","0","0","0","0","0","1"
"0x7f34975ae290","      ISETP.GE.OR P2, PT, R5, R12, P2","10","0","10","524288","16777216","16777216","32","32","0","0","0","-","-","-","0","0","0","0","0","0","0","0","-","0","0","0","0","0","0","0","0","0","0","0","0","0","0","0","0","0","0","10","0","0","0","0","0","0","0","0","0","0","0","0","0","0","0","0","0","0","0","0","0"
"0x7f34975ae2a0","      VIADD R3, R3, 0x1","71","6","71","524288","16777216","16777216","32","32","0","0","0","-","-","-","0","0","0","0","0","0","0","0","-","0","0","0","0","0","0","0","0","16","0","0","0","1","0","0","0","0","25","11","0","0","0","18","0","0","0","0","0","0","0","0","0","0","0","0","0","0","0","0","6"
"0x7f34975ae2b0","      ULOP3.LUT UR23, UR47, 0x1, URZ, 0xc0, !UPT","16","0","16","524288","16777216","16777216","32","32","0","0","0","-","-","-","0","0","0","0","0","0","0","0","-","0","0","0","0","0","0","0","0","3","0","0","0","0","0","0","0","0","0","13","0","0","0","0","0","0","0","0","0","0","0","0","0","0","0","0","0","0","0","0","0"
"0x7f34975ae2c0","      ISETP.NE.U32.AND P1, PT, R13, RZ, PT","10","0","10","524288","16777216","16777216","32","32","0","0","0","-","-","-","0","0","0","0","0","0","0","0","-","0","0","0","0","0","0","0","0","0","0","0","0","0","0","0","0","0","0","10","0","0","0","0","0","0","0","0","0","0","0","0","0","0","0","0","0","0","0","0","0"
"0x7f34975ae2d0","      ISETP.NE.U32.AND P0, PT, R3, 0x2, PT","71","5","71","524288","16777216","16777216","32","32","0","0","0","-","-","-","0","0","0","0","0","0","0","0","-","0","0","0","0","0","0","0","0","1","0","0","0","14","0","0","0","0","20","12","0","0","0","24","0","0","0","0","0","0","0","0","0","0","0","0","0","0","0","0","5"
"0x7f34975ae2e0","      ULEA UR7, UR23, UR4, 0x3","7","0","7","524288","16777216","16777216","32","32","0","0","0","-","-","-","0","0","0","0","0","0","0","0","-","0","0","0","0","0","0","0","0","0","0","0","0","0","0","0","0","0","0","7","0","0","0","0","0","0","0","0","0","0","0","0","0","0","0","0","0","0","0","0","0"
"0x7f34975ae2f0","@!P2  LDG.E R7, desc[UR76][R16.64]","58","11","58","524288","16777216","16777216","32","32","0","0","0","Global","Load","32","524288","0","0","0","0","0","2097152","2097152","","0","0","0","0","0","0","0","0","1","0","0","0","0","0","0","0","0","10","13","0","0","0","34","0","0","0","0","0","0","0","0","0","0","0","0","0","0","0","0","11"
"0x7f34975ae300","      ISETP.GT.U32.AND P2, PT, R107, 0x17f, PT","11","0","11","524288","16777216","16777216","32","32","0","0","0","-","-","-","0","0","0","0","0","0","0","0","-","0","0","0","0","0","0","0","0","0","0","0","0","0","0","0","0","0","0","11","0","0","0","0","0","0","0","0","0","0","0","0","0","0","0","0","0","0","0","0","0"
"0x7f34975ae310","      BRA.U !UP0, 0x7f34975ae390","9","0","9","524288","16777216","16777216","32","32","0","0","0","-","-","-","0","0","0","0","0","0","0","0","-","0","0","0","0","0","0","0","0","0","0","0","0","0","0","0","0","0","0","9","0","0","0","0","0","0","0","0","0","0","0","0","0","0","0","0","0","0","0","0","0"
"0x7f34975ae320","      VIADD R5, R9, 0xffffffff","136","38","136","458752","14680064","14680064","32","32","0","0","0","-","-","-","0","0","0","0","0","0","0","0","-","0","0","0","0","0","0","0","0","2","0","0","0","0","0","0","0","0","14","8","0","0","0","112","0","0","0","0","0","0","0","0","0","0","0","0","0","0","0","0","38"
"0x7f34975ae330","      LEA.HI R0, R5, R5, RZ, 0x1","62","14","62","458752","14680064","14680064","32","32","0","0","0","-","-","-","0","0","0","0","0","0","0","0","-","0","0","0","0","0","0","0","0","0","0","0","0","3","0","0","0","0","10","8","0","0","0","41","0","0","0","0","0","0","0","0","0","0","0","0","0","0","0","0","14"
"0x7f34975ae340","      LOP3.LUT R0, R0, 0xfffffffe, RZ, 0xc0, !PT","60","15","60","458752","14680064","14680064","32","32","0","0","0","-","-","-","0","0","0","0","0","0","0","0","-","0","0","0","0","0","0","0","0","3","0","0","0","10","0","0","0","0","8","10","0","0","0","29","0","0","0","0","0","0","0","0","0","0","0","0","0","0","0","0","15"
"0x7f34975ae350","      IMAD.IADD R5, R5, 0x1, -R0","50","22","50","458752","14680064","14680064","32","32","0","0","0","-","-","-","0","0","0","0","0","0","0","0","-","0","0","0","0","0","0","0","0","2","0","0","0","0","0","0","0","0","4","7","0","0","0","37","0","0","1","0","0","0","0","0","0","0","0","0","0","0","0","0","21"
"0x7f34975ae360","      SHF.L.U32 R5, R5, 0x1f, RZ","39","9","39","458752","14680064","14680064","32","32","0","0","0","-","-","-","0","0","0","0","0","0","0","0","-","0","0","0","0","0","0","0","0","0","0","0","0","3","0","0","0","0","2","7","0","0","0","27","0","0","0","0","0","0","0","0","0","0","0","0","0","0","0","0","9"
"0x7f34975ae370","      SYNCS.PHASECHK.TRANS64.TRYWAIT P3, [UR7+0x2f958], R5","39","6","39","458752","14680064","14680064","32","32","0","0","0","-","-","-","0","0","0","0","0","0","0","0","-","0","0","0","0","0","0","0","0","0","0","0","0","0","0","0","0","0","6","7","0","0","0","26","0","0","0","0","0","0","0","0","0","0","0","0","0","0","0","0","6"
"0x7f34975ae380","@!P3  BRA 0x7f34975b2cd0","15614","11313","15614","458752","14680064","13606176","32","29","3","3","0","-","-","-","0","0","0","0","0","0","0","0","-","0","0","0","0","0","0","0","0","0","0","0","15589","0","0","0","0","0","5","7","0","0","0","13","0","0","0","0","0","11302","0","0","0","0","0","0","0","0","0","0","11"
"0x7f34975ae390","      ULEA UR31, UR23, UR4, 0x9","65","31","65","524288","16777216","16777216","32","32","3","0","0","-","-","-","0","0","0","0","0","0","0","0","-","0","0","0","0","0","0","0","1","0","0","0","0","0","0","0","0","0","0","10","0","0","0","54","0","1","0","0","0","0","0","0","0","0","0","0","0","0","0","0","30"
"0x7f34975ae3a0","@P2   BRA 0x7f34975ae440","21","0","21","524288","16777216","0","32","0","32","32","0","-","-","-","0","0","0","0","0","0","0","0","-","0","0","0","0","0","0","0","0","0","0","0","0","0","0","0","0","0","0","21","0","0","0","0","0","0","0","0","0","0","0","0","0","0","0","0","0","0","0","0","0"
"0x7f34975ae3b0","      LOP3.LUT P4, RZ, R107, 0x1f, RZ, 0xc0, !PT","118","37","118","524288","16777216","16777216","32","32","32","0","0","-","-","-","0","0","0","0","0","0","0","0","-","0","0","0","0","0","0","0","0","0","0","0","0","2","0","0","0","0","1","8","0","0","0","107","0","0","0","0","0","0","0","0","0","0","0","0","0","0","0","0","37"
"0x7f34975ae3c0","      IMAD.U32 R0, RZ, RZ, UR23","12","0","12","524288","16777216","16777216","32","32","0","0","0","-","-","-","0","0","0","0","0","0","0","0","-","0","0","0","0","0","0","0","0","0","0","0","0","0","0","0","0","0","0","12","0","0","0","0","0","0","0","0","0","0","0","0","0","0","0","0","0","0","0","0","0"
"0x7f34975ae3d0","      ISETP.GT.AND P3, PT, R7, -0x1, PT","521","501","521","524288","16777216","16777216","32","32","0","0","0","-","-","-","0","0","0","0","0","0","0","0","-","0","0","0","0","0","0","0","0","0","0","0","508","1","0","0","0","0","0","12","0","0","0","0","0","0","0","0","0","500","1","0","0","0","0","0","0","0","0","0","0"
"0x7f34975ae3e0","      LEA R2, R107, UR31, 0x2","20","3","20","524288","16777216","16777216","32","32","0","0","0","-","-","-","0","0","0","0","0","0","0","0","-","0","0","0","0","0","0","0","0","0","0","0","0","0","0","0","0","0","0","9","0","0","0","11","0","0","0","0","0","0","0","0","0","0","0","0","0","0","0","0","3"
"0x7f34975ae3f0","      STS [R2+0x2f100], R7","60","18","60","524288","16777216","16777216","32","32","0","0","0","Shared","Store","32","0","1","0","524288","524288","0","0","0","-","0","0","0","0","0","0","0","0","0","0","0","0","0","0","0","0","0","2","10","0","0","0","48","0","0","0","0","0","0","0","0","0","0","0","0","0","0","0","0","18"
"0x7f34975ae400","@!P4  IMAD R5, R0, 0x4, R11","40","24","40","524288","16777216","524288","32","1","31","31","0","-","-","-","0","0","0","0","0","0","0","0","-","0","0","0","0","0","0","0","0","0","0","0","0","1","0","0","0","0","1","7","0","0","0","31","0","0","0","0","0","0","1","0","0","0","0","0","0","0","0","0","23"
"0x7f34975ae410","      VOTE.ANY R0, PT, P3","30","12","30","524288","16777216","16777216","32","32","31","0","0","-","-","-","0","0","0","0","0","0","0","0","-","0","0","0","0","0","0","0","0","0","0","0","0","3","0","0","0","0","0","11","0","0","0","16","0","0","0","0","0","0","1","0","0","0","0","0","0","0","0","0","11"
"0x7f34975ae420","@!P4  LEA R5, R5, UR4, 0x2","45","17","45","524288","16777216","524288","32","1","31","31","0","-","-","-","0","0","0","0","0","0","0","0","-","0","0","0","0","0","0","0","0","0","0","0","0","2","0","0","0","0","10","9","0","0","0","24","0","0","0","0","0","0","0","0","0","0","0","0","0","0","0","0","17"
"0x7f34975ae430","@!P4  STS [R5+0x2f900], R0","58","34","58","524288","16777216","524288","32","1","0","31","0","Shared","Store","32","0","1","0","524288","524288","0","0","0","-","0","0","0","0","0","0","0","0","1","0","0","0","0","0","0","0","0","3","13","0","0","0","41","0","0","1","0","0","0","0","0","0","0","0","0","0","0","0","0","33"
"0x7f34975ae440","      BAR.SYNC.DEFER_BLOCKING 0x2, 0x80","16","7","16","524288","16777216","16777216","32","32","31","0","0","-","-","-","0","0","0","0","0","0","0","0","-","0","0","0","0","0","0","0","0","0","0","0","0","0","0","0","0","0","1","6","0","0","0","9","0","0","0","0","0","0","0","0","0","0","0","0","0","0","0","0","7"
"0x7f34975ae450","      ELECT P3, URZ, PT","6","0","6","524288","16777216","16777216","32","32","0","0","0","-","-","-","0","0","0","0","0","0","0","0","-","0","0","0","0","0","0","0","0","0","0","0","0","0","0","0","0","0","0","6","0","0","0","0","0","0","0","0","0","0","0","0","0","0","0","0","0","0","0","0","0"
"0x7f34975ae460","@!P1  IMAD.MOV.U32 R0, RZ, RZ, 0x12000","107","83","107","524288","16777216","131072","32","0","32","32","0","-","-","-","0","0","0","0","0","0","0","0","-","0","0","0","0","0","0","0","0","0","0","0","0","0","0","0","0","0","11","7","89","0","0","0","0","0","0","0","0","0","0","0","0","0","0","0","0","83","0","0","0"
"0x7f34975ae470","      VIADD R2, R9, 0x1","28","15","28","524288","16777216","16777216","32","32","32","0","0","-","-","-","0","0","0","0","0","0","0","0","-","0","0","0","0","0","0","0","0","0","0","0","0","0","0","0","0","0","2","11","0","0","0","15","0","0","0","0","0","0","0","0","0","0","0","0","0","0","0","0","15"
"0x7f34975ae480","      BSSY.RECONVERGENT B0, 0x7f34975af590","149","115","149","524288","16777216","16777216","32","32","0","0","0","-","-","-","0","0","0","0","0","0","0","0","-","0","0","0","0","0","0","132","0","0","0","0","0","0","0","0","0","0","7","10","0","0","0","0","115","0","0","0","0","0","0","0","0","0","0","0","0","0","0","0","0"
"0x7f34975ae490","@!P1  SYNCS.ARRIVE.TRANS64 RZ, [UR7+0x2f948], R0","13","0","13","524288","16777216","131072","32","0","32","32","0","-","-","-","0","0","0","0","0","0","0","0","-","0","0","0","0","0","0","0","0","0","0","0","0","0","0","0","0","0","0","13","0","0","0","0","0","0","0","0","0","0","0","0","0","0","0","0","0","0","0","0","0"
"0x7f34975ae4a0","      IADD3 R0, PT, PT, R4, 0x1, RZ","136","61","136","524288","16777216","16777216","32","32","32","0","0","-","-","-","0","0","0","0","0","0","0","0","-","0","0","0","0","0","0","0","0","0","0","0","85","14","0","0","0","0","12","19","0","0","0","6","0","0","0","0","0","53","4","0","0","0","0","0","0","0","0","0","4"
"0x7f34975ae4b0","      BAR.SYNC.DEFER_BLOCKING 0x2, 0x80","11","0","11","524288","16777216","16777216","32","32","0","0","0","-","-","-","0","0","0","0","0","0","0","0","-","0","0","0","0","0","0","0","0","0","0","0","0","0","0","0","0","0","0","11","0","0","0","0","0","0","0","0","0","0","0","0","0","0","0","0","0","0","0","0","0"
"0x7f34975ae4c0","@!P3  BRA 0x7f34975af570","239","83","239","524288","16777216","16252928","32","31","1","1","524288","-","-","-","0","0","0","0","0","0","0","0","-","0","0","0","0","0","0","161","0","0","0","0","0","0","0","0","0","0","6","11","0","0","0","61","54","0","0","0","0","0","0","0","0","0","0","0","0","0","0","0","29"
"0x7f34975ae4d0","      ULEA UR15, UR39, UR31, 0x7","100","34","100","524288","524288","524288","1","1","30","31","0","-","-","-","0","0","0","0","0","0","0","0","-","0","0","0","0","0","0","0","38","0","0","0","0","0","0","0","0","0","5","15","0","0","0","42","0","17","0","0","0","0","0","0","0","0","0","0","0","0","0","0","17"
"0x7f34975ae4e0","      ULEA UR5, UR23, UR55, 0x9","17","2","17","524288","524288","524288","1","1","0","31","0","-","-","-","0","0","0","0","0","0","0","0","-","0","0","0","0","0","0","0","0","0","0","0","0","0","0","0","0","0","4","5","0","0","0","8","0","0","0","0","0","0","0","0","0","0","0","0","0","0","0","0","2"
"0x7f34975ae4f0","      ULEA UR6, UR23, UR55, 0x7","30","7","30","524288","524288","524288","1","1","0","31","0","-","-","-","0","0","0","0","0","0","0","0","-","0","0","0","0","0","0","0","0","0","0","0","0","0","0","0","0","0","3","12","0","0","0","15","0","0","0","0","0","0","0","0","0","0","0","0","0","0","0","0","7"
"0x7f34975ae500","      ULEA UR5, UR5, UR4, 0x7","27","7","27","524288","524288","524288","1","1","0","31","0","-","-","-","0","0","0","0","0","0","0","0","-","0","0","0","0","0","0","0","0","0","0","0","0","0","0","0","0","0","3","8","0","0","0","16","0","0","0","0","0","0","0","0","0","0","0","0","0","0","0","0","7"
"0x7f34975ae510","      UIADD3 UR41, UPT, UPT, UR7, 0x2f948, URZ","23","3","23","524288","524288","524288","1","1","0","31","0","-","-","-","0","0","0","0","0","0","0","0","-","0","0","0","0","0","0","0","0","0","0","0","0","0","0","0","0","0","3","10","0","0","0","10","0","0","0","0","0","0","0","0","0","0","0","0","0","0","0","0","3"
"0x7f34975ae520","      LDS.128 R4, [UR15+0x2f100]","6","0","6","524288","524288","524288","1","1","0","31","0","Shared","Load","128","0","1","0","524288","524288","0","0","0","-","0","0","0","0","0","0","0","0","0","0","0","0","0","0","0","0","0","0","6","0","0","0","0","0","0","0","0","0","0","0","0","0","0","0","0","0","0","0","0","0"
"0x7f34975ae530","      ULEA UR6, UR6, UR4, 0x6","10","0","10","524288","524288","524288","1","1","0","31","0","-","-","-","0","0","0","0","0","0","0","0","-","0","0","0","0","0","0","0","0","0","0","0","0","0","0","0","0","0","0","10","0","0","0","0","0","0","0","0","0","0","0","0","0","0","0","0","0","0","0","0","0"
"0x7f34975ae540","      UIADD3 UR40, UPT, UPT, UR5, 0x9000, URZ","32","4","32","524288","524288","524288","1","1","0","31","0","-","-","-","0","0","0","0","0","0","0","0","-","0","0","0","0","0","0","0","0","0","0","0","0","0","0","0","0","0","9","11","0","0","0","12","0","0","0","0","0","0","0","0","0","0","0","0","0","0","0","0","4"
"0x7f34975ae550","      UIADD3 UR64, UPT, UPT, UR5, 0xd000, URZ","22","4","22","524288","524288","524288","1","1","0","31","0","-","-","-","0","0","0","0","0","0","0","0","-","0","0","0","0","0","0","0","0","0","0","0","0","0","0","0","0","0","2","13","0","0","0","7","0","0","0","0","0","0","0","0","0","0","0","0","0","0","0","0","4"
"0x7f34975ae560","      UIADD3 UR56, UPT, UPT, UR5, 0x11000, URZ","26","6","26","524288","524288","524288","1","1","0","31","0","-","-","-","0","0","0","0","0","0","0","0","-","0","0","0","0","0","0","0","0","0","0","0","0","0","0","0","0","0","2","13","0","0","0","11","0","0","0","0","0","0","0","0","0","0","0","0","0","0","0","0","6"
"0x7f34975ae570","      UIADD3 UR48, UPT, UPT, UR5, 0x15000, URZ","23","9","23","524288","524288","524288","1","1","0","31","0","-","-","-","0","0","0","0","0","0","0","0","-","0","0","0","0","0","0","0","0","0","0","0","0","0","0","0","0","0","1","12","0","0","0","10","0","0","0","0","0","0","0","0","0","0","0","0","0","0","0","0","9"
"0x7f34975ae580","      UIADD3 UR8, UPT, UPT, UR6, 0x29000, URZ","28","10","28","524288","524288","524288","1","1","0","31","0","-","-","-","0","0","0","0","0","0","0","0","-","0","0","0","0","0","0","0","0","0","0","0","0","0","0","0","0","0","0","12","0","0","0","16","0","0","0","0","0","0","0","0","0","0","0","0","0","0","0","0","10"
"0x7f34975ae590","      UMOV UR65, UR41","10","0","10","524288","524288","524288","1","1","0","31","0","-","-","-","0","0","0","0","0","0","0","0","-","0","0","0","0","0","0","0","0","0","0","0","0","0","0","0","0","0","0","10","0","0","0","0","0","0","0","0","0","0","0","0","0","0","0","0","0","0","0","0","0"
"0x7f34975ae5a0","      UMOV UR57, UR41","12","0","12","524288","524288","524288","1","1","0","31","0","-","-","-","0","0","0","0","0","0","0","0","-","0","0","0","0","0","0","0","0","0","0","0","0","0","0","0","0","0","0","12","0","0","0","0","0","0","0","0","0","0","0","0","0","0","0","0","0","0","0","0","0"
"0x7f34975ae5b0","      UMOV UR49, UR41","8","0","8","524288","524288","524288","1","1","0","31","0","-","-","-","0","0","0","0","0","0","0","0","-","0","0","0","0","0","0","0","0","0","0","0","0","0","0","0","0","0","0","8","0","0","0","0","0","0","0","0","0","0","0","0","0","0","0","0","0","0","0","0","0"
"0x7f34975ae5c0","      UMOV UR10, UR42","9","0","9","524288","524288","524288","1","1","0","31","0","-","-","-","0","0","0","0","0","0","0","0","-","0","0","0","0","0","0","0","0","0","0","0","0","0","0","0","0","0","0","9","0","0","0","0","0","0","0","0","0","0","0","0","0","0","0","0","0","0","0","0","0"
"0x7f34975ae5d0","      UMOV UR9, UR41","20","0","20","524288","524288","524288","1","1","0","31","0","-","-","-","0","0","0","0","0","0","0","0","-","0","0","0","0","0","0","0","0","0","0","0","0","0","0","0","0","0","0","20","0","0","0","0","0","0","0","0","0","0","0","0","0","0","0","0","0","0","0","0","0"
"0x7f34975ae5e0","      UIADD3 UR32, UPT, UPT, UR5, 0xd200, URZ","11","0","11","524288","524288","524288","1","1","0","31","0","-","-","-","0","0","0","0","0","0","0","0","-","0","0","0","0","0","0","0","0","0","0","0","0","0","0","0","0","0","0","11","0","0","0","0","0","0","0","0","0","0","0","0","0","0","0","0","0","0","0","0","0"
"0x7f34975ae5f0","      UIADD3 UR24, UPT, UPT, UR5, 0x11200, URZ","46","7","46","524288","524288","524288","1","1","0","31","0","-","-","-","0","0","0","0","0","0","0","0","-","0","0","0","0","0","0","0","0","15","0","0","0","0","0","0","0","0","0","10","0","0","0","21","0","0","3","0","0","0","0","0","0","0","0","0","0","0","0","0","4"
"0x7f34975ae600","      UIADD3 UR16, UPT, UPT, UR5, 0x15200, URZ","33","11","33","524288","524288","524288","1","1","0","31","0","-","-","-","0","0","0","0","0","0","0","0","-","0","0","0","0","0","0","0","0","0","0","0","0","0","0","0","0","0","0","11","0","0","0","22","0","0","0","0","0","0","0","0","0","0","0","0","0","0","0","0","11"
"0x7f34975ae610","      UMOV UR34, 0x80","13","0","13","524288","524288","524288","1","1","0","31","0","-","-","-","0","0","0","0","0","0","0","0","-","0","0","0","0","0","0","0","0","0","0","0","0","0","0","0","0","0","0","13","0","0","0","0","0","0","0","0","0","0","0","0","0","0","0","0","0","0","0","0","0"
"0x7f34975ae620","      UMOV UR33, UR41","9","0","9","524288","524288","524288","1","1","0","31","0","-","-","-","0","0","0","0","0","0","0","0","-","0","0","0","0","0","0","0","0","0","0","0","0","0","0","0","0","0","0","9","0","0","0","0","0","0","0","0","0","0","0","0","0","0","0","0","0","0","0","0","0"
"0x7f34975ae630","      UMOV UR26, 0x100","10","0","10","524288","524288","524288","1","1","0","31","0","-","-","-","0","0","0","0","0","0","0","0","-","0","0","0","0","0","0","0","0","0","0","0","0","0","0","0","0","0","0","10","0","0","0","0","0","0","0","0","0","0","0","0","0","0","0","0","0","0","0","0","0"
"0x7f34975ae640","      UMOV UR25, UR41","10","0","10","524288","524288","524288","1","1","0","31","0","-","-","-","0","0","0","0","0","0","0","0","-","0","0","0","0","0","0","0","0","0","0","0","0","0","0","0","0","0","0","10","0","0","0","0","0","0","0","0","0","0","0","0","0","0","0","0","0","0","0","0","0"
"0x7f34975ae650","      UMOV UR18, 0x180","9","0","9","524288","524288","524288","1","1","0","31","0","-","-","-","0","0","0","0","0","0","0","0","-","0","0","0","0","0","0","0","0","0","0","0","0","0","0","0","0","0","0","9","0","0","0","0","0","0","0","0","0","0","0","0","0","0","0","0","0","0","0","0","0"
"0x7f34975ae660","      UMOV UR17, UR41","15","0","15","524288","524288","524288","1","1","0","31","0","-","-","-","0","0","0","0","0","0","0","0","-","0","0","0","0","0","0","0","0","1","0","0","0","0","0","0","0","0","0","14","0","0","0","0","0","0","0","0","0","0","0","0","0","0","0","0","0","0","0","0","0"
"0x7f34975ae670","      R2UR UR46, R7","25","2","25","524288","524288","524288","1","1","0","31","0","-","-","-","0","0","0","0","0","0","0","0","-","0","0","0","0","0","0","0","0","12","0","0","0","0","0","0","0","0","0","9","4","0","0","0","0","0","1","0","0","0","0","0","0","0","0","0","0","1","0","0","0"
"0x7f34975ae680","      R2UR UR45, R6","47","21","47","524288","524288","524288","1","1","0","31","0","-","-","-","0","0","0","0","0","0","0","0","-","0","0","0","0","0","0","0","0","10","0","0","0","3","0","0","0","0","2","13","0","0","0","19","0","0","10","0","0","0","2","0","0","0","0","0","0","0","0","0","9"
"0x7f34975ae690","      R2UR UR44, R5","33","12","33","524288","524288","524288","1","1","0","31","0","-","-","-","0","0","0","0","0","0","0","0","-","0","0","0","0","0","0","0","0","0","0","0","0","6","0","0","0","0","6","14","0","0","0","7","0","0","0","0","0","0","5","0","0","0","0","0","0","0","0","0","7"
"0x7f34975ae6a0","      R2UR UR43, R4","25","15","25","524288","524288","524288","1","1","0","31","0","-","-","-","0","0","0","0","0","0","0","0","-","0","0","0","0","0","0","0","0","0","0","0","0","0","0","0","0","0","0","10","0","0","0","15","0","0","0","0","0","0","0","0","0","0","0","0","0","0","0","0","15"
"0x7f34975ae6b0","      UMOV UR70, UR46","77","60","77","524288","524288","524288","1","1","0","31","0","-","-","-","0","0","0","0","0","0","0","0","-","0","0","0","0","0","0","0","0","0","0","0","0","0","0","0","0","0","0","16","0","0","0","61","0","0","0","0","0","0","0","0","0","0","0","0","0","0","0","0","60"
"0x7f34975ae6c0","      UMOV UR62, UR46","12","0","12","524288","524288","524288","1","1","0","31","0","-","-","-","0","0","0","0","0","0","0","0","-","0","0","0","0","0","0","0","0","0","0","0","0","0","0","0","0","0","0","12","0","0","0","0","0","0","0","0","0","0","0","0","0","0","0","0","0","0","0","0","0"
"0x7f34975ae6d0","      UMOV UR69, UR45","11","0","11","524288","524288","524288","1","1","0","31","0","-","-","-","0","0","0","0","0","0","0","0","-","0","0","0","0","0","0","0","0","0","0","0","0","0","0","0","0","0","0","11","0","0","0","0","0","0","0","0","0","0","0","0","0","0","0","0","0","0","0","0","0"
"0x7f34975ae6e0","      UMOV UR61, UR45","7","0","7","524288","524288","524288","1","1","0","31","0","-","-","-","0","0","0","0","0","0","0","0","-","0","0","0","0","0","0","0","0","0","0","0","0","0","0","0","0","0","0","7","0","0","0","0","0","0","0","0","0","0","0","0","0","0","0","0","0","0","0","0","0"
"0x7f34975ae6f0","      UMOV UR68, UR44","11","0","11","524288","524288","524288","1","1","0","31","0","-","-","-","0","0","0","0","0","0","0","0","-","0","0","0","0","0","0","0","0","0","0","0","0","0","0","0","0","0","0","11","0","0","0","0","0","0","0","0","0","0","0","0","0","0","0","0","0","0","0","0","0"
"0x7f34975ae700","      UMOV UR60, UR44","11","0","11","524288","524288","524288","1","1","0","31","0","-","-","-","0","0","0","0","0","0","0","0","-","0","0","0","0","0","0","0","0","0","0","0","0","0","0","0","0","0","0","11","0","0","0","0","0","0","0","0","0","0","0","0","0","0","0","0","0","0","0","0","0"
"0x7f34975ae710","      UMOV UR67, UR43","25","0","25","524288","524288","524288","1","1","0","31","0","-","-","-","0","0","0","0","0","0","0","0","-","0","0","0","0","0","0","0","0","16","0","0","0","0","0","0","0","0","0","9","0","0","0","0","0","0","0","0","0","0","0","0","0","0","0","0","0","0","0","0","0"
"0x7f34975ae720","      UTMALDG.2D.GATHER4 [UR40], [UR72]","26","0","26","524288","524288","524288","1","1","0","31","0","Global,Shared","-","-","0","0","0","0","0","0","0","0","-","0","0","0","0","0","0","0","0","18","0","0","0","0","0","0","0","0","0","8","0","0","0","0","0","0","0","0","0","0","0","0","0","0","0","0","0","0","0","0","0"
"0x7f34975ae730","      UMOV UR59, UR43","8","0","8","524288","524288","524288","1","1","0","31","0","-","-","-","0","0","0","0","0","0","0","0","-","0","0","0","0","0","0","0","0","0","0","0","0","0","0","0","0","0","0","8","0","0","0","0","0","0","0","0","0","0","0","0","0","0","0","0","0","0","0","0","0"
"0x7f34975ae740","      UMOV UR51, UR43","14","0","14","524288","524288","524288","1","1","0","31","0","-","-","-","0","0","0","0","0","0","0","0","-","0","0","0","0","0","0","0","0","0","0","0","0","0","0","0","0","0","0","14","0","0","0","0","0","0","0","0","0","0","0","0","0","0","0","0","0","0","0","0","0"
"0x7f34975ae750","      UMOV UR52, UR44","8","0","8","524288","524288","524288","1","1","0","31","0","-","-","-","0","0","0","0","0","0","0","0","-","0","0","0","0","0","0","0","0","0","0","0","0","0","0","0","0","0","0","8","0","0","0","0","0","0","0","0","0","0","0","0","0","0","0","0","0","0","0","0","0"
"0x7f34975ae760","      UMOV UR53, UR45","7","0","7","524288","524288","524288","1","1","0","31","0","-","-","-","0","0","0","0","0","0","0","0","-","0","0","0","0","0","0","0","0","0","0","0","0","0","0","0","0","0","0","7","0","0","0","0","0","0","0","0","0","0","0","0","0","0","0","0","0","0","0","0","0"
"0x7f34975ae770","      UMOV UR54, UR46","8","0","8","524288","524288","524288","1","1","0","31","0","-","-","-","0","0","0","0","0","0","0","0","-","0","0","0","0","0","0","0","0","0","0","0","0","0","0","0","0","0","0","8","0","0","0","0","0","0","0","0","0","0","0","0","0","0","0","0","0","0","0","0","0"
"0x7f34975ae780","      UMOV UR11, UR43","9","0","9","524288","524288","524288","1","1","0","31","0","-","-","-","0","0","0","0","0","0","0","0","-","0","0","0","0","0","0","0","0","0","0","0","0","0","0","0","0","0","0","9","0","0","0","0","0","0","0","0","0","0","0","0","0","0","0","0","0","0","0","0","0"
"0x7f34975ae790","      UMOV UR12, UR44","11","0","11","524288","524288","524288","1","1","0","31","0","-","-","-","0","0","0","0","0","0","0","0","-","0","0","0","0","0","0","0","0","0","0","0","0","0","0","0","0","0","0","11","0","0","0","0","0","0","0","0","0","0","0","0","0","0","0","0","0","0","0","0","0"
"0x7f34975ae7a0","      UTMALDG.2D.GATHER4 [UR64], [UR72]","13","0","13","524288","524288","524288","1","1","0","31","0","Global,Shared","-","-","0","0","0","0","0","0","0","0","-","0","0","0","0","0","0","0","0","0","0","0","0","0","0","0","0","0","0","13","0","0","0","0","0","0","0","0","0","0","0","0","0","0","0","0","0","0","0","0","0"
"0x7f34975ae7b0","      UMOV UR13, UR45","11","0","11","524288","524288","524288","1","1","0","31","0","-","-","-","0","0","0","0","0","0","0","0","-","0","0","0","0","0","0","0","0","0","0","0","0","0","0","0","0","0","0","11","0","0","0","0","0","0","0","0","0","0","0","0","0","0","0","0","0","0","0","0","0"
"0x7f34975ae7c0","      UMOV UR14, UR46","7","0","7","524288","524288","524288","1","1","0","31","0","-","-","-","0","0","0","0","0","0","0","0","-","0","0","0","0","0","0","0","0","0","0","0","0","0","0","0","0","0","0","7","0","0","0","0","0","0","0","0","0","0","0","0","0","0","0","0","0","0","0","0","0"
"0x7f34975ae7d0","      UTMALDG.2D.GATHER4 [UR56], [UR72]","9","0","9","524288","524288","524288","1","1","0","31","0","Global,Shared","-","-","0","0","0","0","0","0","0","0","-","0","0","0","0","0","0","0","0","0","0","0","0","0","0","0","0","0","0","9","0","0","0","0","0","0","0","0","0","0","0","0","0","0","0","0","0","0","0","0","0"
"0x7f34975ae7e0","      UTMALDG.2D.GATHER4 [UR48], [UR72]","10","0","10","524288","524288","524288","1","1","0","31","0","Global,Shared","-","-","0","0","0","0","0","0","0","0","-","0","0","0","0","0","0","0","0","0","0","0","0","0","0","0","0","0","0","10","0","0","0","0","0","0","0","0","0","0","0","0","0","0","0","0","0","0","0","0","0"
"0x7f34975ae7f0","      UTMALDG.2D.GATHER4 [UR8], [UR74]","118","109","118","524288","524288","524288","1","1","0","31","0","Global,Shared","-","-","0","0","0","0","0","0","0","0","-","0","0","0","0","0","0","0","0","0","0","0","0","0","0","111","0","0","0","7","0","0","0","0","0","0","0","0","0","0","0","0","109","0","0","0","0","0","0","0","0"
"0x7f34975ae800","      UIADD3 UR40, UPT, UPT, UR5, 0x9200, URZ","13","0","13","524288","524288","524288","1","1","0","31","0","-","-","-","0","0","0","0","0","0","0","0","-","0","0","0","0","0","0","0","0","0","0","0","0","0","0","0","0","0","0","13","0","0","0","0","0","0","0","0","0","0","0","0","0","0","0","0","0","0","0","0","0"
"0x7f34975ae810","      LDS.128 R4, [UR15+0x2f110]","10","0","10","524288","524288","524288","1","1","0","31","0","Shared","Load","128","0","1","0","524288","524288","0","0","0","-","0","0","0","0","0","0","0","0","0","0","0","0","0","0","0","0","0","0","10","0","0","0","0","0","0","0","0","0","0","0","0","0","0","0","0","0","0","0","0","0"
"0x7f34975ae820","      UIADD3 UR8, UPT, UPT, UR6, 0x29100, URZ","728","704","728","524288","524288","524288","1","1","0","31","0","-","-","-","0","0","0","0","0","0","0","0","-","0","0","0","0","0","0","0","0","0","0","0","715","0","0","0","0","0","0","13","0","0","0","0","0","0","0","0","0","704","0","0","0","0","0","0","0","0","0","0","0"
"0x7f34975ae830","      R2UR UR46, R7","19","0","19","524288","524288","524288","1","1","0","31","0","-","-","-","0","0","0","0","0","0","0","0","-","0","0","0","0","0","0","0","0","0","0","0","0","0","0","0","0","0","0","19","0","0","0","0","0","0","0","0","0","0","0","0","0","0","0","0","0","0","0","0","0"
"0x7f34975ae840","      R2UR UR45, R6","17","5","17","524288","524288","524288","1","1","0","31","0","-","-","-","0","0","0","0","0","0","0","0","-","0","0","0","0","0","0","0","0","0","0","0","0","0","0","0","0","0","0","12","0","0","0","5","0","0","0","0","0","0","0","0","0","0","0","0","0","0","0","0","5"
"0x7f34975ae850","      R2UR UR44, R5","20","12","20","524288","524288","524288","1","1","0","31","0","-","-","-","0","0","0","0","0","0","0","0","-","0","0","0","0","0","0","0","0","0","0","0","0","0","0","0","0","0","1","7","0","0","0","12","0","0","0","0","0","0","0","0","0","0","0","0","0","0","0","0","12"
"0x7f34975ae860","      R2UR UR43, R4","27","14","27","524288","524288","524288","1","1","0","31","0","-","-","-","0","0","0","0","0","0","0","0","-","0","0","0","0","0","0","0","0","0","0","0","0","0","0","0","0","0","0","11","0","0","0","16","0","0","0","0","0","0","0","0","0","0","0","0","0","0","0","0","14"
"0x7f34975ae870","      UMOV UR38, UR46","84","72","84","524288","524288","524288","1","1","0","31","0","-","-","-","0","0","0","0","0","0","0","0","-","0","0","0","0","0","0","0","0","0","0","0","0","0","0","0","0","0","0","12","0","0","0","72","0","0","0","0","0","0","0","0","0","0","0","0","0","0","0","0","72"
"0x7f34975ae880","      UMOV UR30, UR46","12","0","12","524288","524288","524288","1","1","0","31","0","-","-","-","0","0","0","0","0","0","0","0","-","0","0","0","0","0","0","0","0","0","0","0","0","0","0","0","0","0","0","12","0","0","0","0","0","0","0","0","0","0","0","0","0","0","0","0","0","0","0","0","0"
"0x7f34975ae890","      UMOV UR37, UR45","14","0","14","524288","524288","524288","1","1","0","31","0","-","-","-","0","0","0","0","0","0","0","0","-","0","0","0","0","0","0","0","0","0","0","0","0","0","0","0","0","0","0","14","0","0","0","0","0","0","0","0","0","0","0","0","0","0","0","0","0","0","0","0","0"
"0x7f34975ae8a0","      UMOV UR29, UR45","12","0","12","524288","524288","524288","1","1","0","31","0","-","-","-","0","0","0","0","0","0","0","0","-","0","0","0","0","0","0","0","0","0","0","0","0","0","0","0","0","0","0","12","0","0","0","0","0","0","0","0","0","0","0","0","0","0","0","0","0","0","0","0","0"
"0x7f34975ae8b0","      UMOV UR36, UR44","7","0","7","524288","524288","524288","1","1","0","31","0","-","-","-","0","0","0","0","0","0","0","0","-","0","0","0","0","0","0","0","0","0","0","0","0","0","0","0","0","0","0","7","0","0","0","0","0","0","0","0","0","0","0","0","0","0","0","0","0","0","0","0","0"
"0x7f34975ae8c0","      UMOV UR28, UR44","10","0","10","524288","524288","524288","1","1","0","31","0","-","-","-","0","0","0","0","0","0","0","0","-","0","0","0","0","0","0","0","0","0","0","0","0","0","0","0","0","0","0","10","0","0","0","0","0","0","0","0","0","0","0","0","0","0","0","0","0","0","0","0","0"
"0x7f34975ae8d0","      UMOV UR35, UR43","28","0","28","524288","524288","524288","1","1","0","31","0","-","-","-","0","0","0","0","0","0","0","0","-","0","0","0","0","0","0","0","0","19","0","0","0","0","0","0","0","0","0","9","0","0","0","0","0","0","0","0","0","0","0","0","0","0","0","0","0","0","0","0","0"
"0x7f34975ae8e0","      UTMALDG.2D.GATHER4 [UR40], [UR72]","24","0","24","524288","524288","524288","1","1","0","31","0","Global,Shared","-","-","0","0","0","0","0","0","0","0","-","0","0","0","0","0","0","0","0","14","0","0","0","0","0","0","0","0","0","10","0","0","0","0","0","0","0","0","0","0","0","0","0","0","0","0","0","0","0","0","0"
"0x7f34975ae8f0","      UMOV UR27, UR43","17","0","17","524288","524288","524288","1","1","0","31","0","-","-","-","0","0","0","0","0","0","0","0","-","0","0","0","0","0","0","0","0","0","0","0","0","0","0","0","0","0","0","17","0","0","0","0","0","0","0","0","0","0","0","0","0","0","0","0","0","0","0","0","0"
"0x7f34975ae900","      UMOV UR19, UR43","13","0","13","524288","524288","524288","1","1","0","31","0","-","-","-","0","0","0","0","0","0","0","0","-","0","0","0","0","0","0","0","0","0","0","0","0","0","0","0","0","0","0","13","0","0","0","0","0","0","0","0","0","0","0","0","0","0","0","0","0","0","0","0","0"
"0x7f34975ae910","      UMOV UR20, UR44","10","0","10","524288","524288","524288","1","1","0","31","0","-","-","-","0","0","0","0","0","0","0","0","-","0","0","0","0","0","0","0","0","0","0","0","0","0","0","0","0","0","0","10","0","0","0","0","0","0","0","0","0","0","0","0","0","0","0","0","0","0","0","0","0"
"0x7f34975ae920","      UMOV UR21, UR45","7","0","7","524288","524288","524288","1","1","0","31","0","-","-","-","0","0","0","0","0","0","0","0","-","0","0","0","0","0","0","0","0","0","0","0","0","0","0","0","0","0","0","7","0","0","0","0","0","0","0","0","0","0","0","0","0","0","0","0","0","0","0","0","0"
"0x7f34975ae930","      UMOV UR22, UR46","9","0","9","524288","524288","524288","1","1","0","31","0","-","-","-","0","0","0","0","0","0","0","0","-","0","0","0","0","0","0","0","0","0","0","0","0","0","0","0","0","0","0","9","0","0","0","0","0","0","0","0","0","0","0","0","0","0","0","0","0","0","0","0","0"
"0x7f34975ae940","      UMOV UR11, UR43","8","0","8","524288","524288","524288","1","1","0","31","0","-","-","-","0","0","0","0","0","0","0","0","-","0","0","0","0","0","0","0","0","0","0","0","0","0","0","0","0","0","0","8","0","0","0","0","0","0","0","0","0","0","0","0","0","0","0","0","0","0","0","0","0"
"0x7f34975ae950","      UMOV UR12, UR44","11","0","11","524288","524288","524288","1","1","0","31","0","-","-","-","0","0","0","0","0","0","0","0","-","0","0","0","0","0","0","0","0","0","0","0","0","0","0","0","0","0","0","11","0","0","0","0","0","0","0","0","0","0","0","0","0","0","0","0","0","0","0","0","0"
"0x7f34975ae960","      UTMALDG.2D.GATHER4 [UR32], [UR72]","12","0","12","524288","524288","524288","1","1","0","31","0","Global,Shared","-","-","0","0","0","0","0","0","0","0","-","0","0","0","0","0","0","0","0","0","0","0","0","0","0","0","0","0","0","12","0","0","0","0","0","0","0","0","0","0","0","0","0","0","0","0","0","0","0","0","0"
"0x7f34975ae970","      UMOV UR13, UR45","11","0","11","524288","524288","524288","1","1","0","31","0","-","-","-","0","0","0","0","0","0","0","0","-","0","0","0","0","0","0","0","0","0","0","0","0","0","0","0","0","0","0","11","0","0","0","0","0","0","0","0","0","0","0","0","0","0","0","0","0","0","0","0","0"
"0x7f34975ae980","      UMOV UR14, UR46","22","6","22","524288","524288","524288","1","1","0","31","0","-","-","-","0","0","0","0","0","0","0","0","-","0","0","0","0","0","0","0","0","0","0","0","0","0","0","0","0","6","0","16","0","0","0","0","0","0","0","0","0","0","0","0","0","0","6","0","0","0","0","0","0"
"0x7f34975ae990","      UTMALDG.2D.GATHER4 [UR24], [UR72]","16","0","16","524288","524288","524288","1","1","0","31","0","Global,Shared","-","-","0","0","0","0","0","0","0","0","-","0","0","0","0","0","0","0","0","0","0","0","0","0","0","0","0","0","0","16","0","0","0","0","0","0","0","0","0","0","0","0","0","0","0","0","0","0","0","0","0"
"0x7f34975ae9a0","      UTMALDG.2D.GATHER4 [UR16], [UR72]","9","0","9","524288","524288","524288","1","1","0","31","0","Global,Shared","-","-","0","0","0","0","0","0","0","0","-","0","0","0","0","0","0","0","0","0","0","0","0","0","0","0","0","0","0","9","0","0","0","0","0","0","0","0","0","0","0","0","0","0","0","0","0","0","0","0","0"
"0x7f34975ae9b0","      UTMALDG.2D.GATHER4 [UR8], [UR74]","141","132","141","524288","524288","524288","1","1","0","31","0","Global,Shared","-","-","0","0","0","0","0","0","0","0","-","0","0","0","0","0","0","0","0","0","0","0","0","0","0","136","0","0","1","4","0","0","0","0","0","0","0","0","0","0","0","0","132","0","0","0","0","0","0","0","0"
"0x7f34975ae9c0","      UIADD3 UR40, UPT, UPT, UR5, 0x9400, URZ","11","0","11","524288","524288","524288","1","1","0","31","0","-","-","-","0","0","0","0","0","0","0","0","-","0","0","0","0","0","0","0","0","0","0","0","0","0","0","0","0","0","0","11","0","0","0","0","0","0","0","0","0","0","0","0","0","0","0","0","0","0","0","0","0"
"0x7f34975ae9d0","      LDS.128 R4, [UR15+0x2f120]","13","0","13","524288","524288","524288","1","1","0","31","0","Shared","Load","128","0","1","0","524288","524288","0","0","0","-","0","0","0","0","0","0","0","0","0","0","0","0","0","0","0","0","0","0","13","0","0","0","0","0","0","0","0","0","0","0","0","0","0","0","0","0","0","0","0","0"
"0x7f34975ae9e0","      UIADD3 UR32, UPT, UPT, UR5, 0xd400, URZ","54","42","54","524288","524288","524288","1","1","0","31","0","-","-","-","0","0","0","0","0","0","0","0","-","0","0","0","0","0","0","0","0","0","0","0","42","0","0","0","0","0","0","12","0","0","0","0","0","0","0","0","0","42","0","0","0","0","0","0","0","0","0","0","0"
"0x7f34975ae9f0","      UIADD3 UR24, UPT, UPT, UR5, 0x11400, URZ","140","126","140","524288","524288","524288","1","1","0","31","0","-","-","-","0","0","0","0","0","0","0","0","-","0","0","0","0","0","0","0","0","0","0","0","118","0","0","0","0","0","1","11","0","0","0","10","0","0","0","0","0","116","0","0","0","0","0","0","0","0","0","0","10"
"0x7f34975aea00","      UIADD3 UR16, UPT, UPT, UR5, 0x15400, URZ","227","212","227","524288","524288","524288","1","1","0","31","0","-","-","-","0","0","0","0","0","0","0","0","-","0","0","0","0","0","0","0","0","0","0","0","203","0","0","0","0","0","0","13","0","0","0","11","0","0","0","0","0","202","0","0","0","0","0","0","0","0","0","0","10"
"0x7f34975aea10","      UIADD3 UR8, UPT, UPT, UR6, 0x29200, URZ","242","227","242","524288","524288","524288","1","1","0","31","0","-","-","-","0","0","0","0","0","0","0","0","-","0","0","0","0","0","0","0","0","0","0","0","216","0","0","0","0","0","0","14","0","0","0","12","0","0","0","0","0","215","0","0","0","0","0","0","0","0","0","0","12"
"0x7f34975aea20","      R2UR UR46, R7","10","2","10","524288","524288","524288","1","1","0","31","0","-","-","-","0","0","0","0","0","0","0","0","-","0","0","0","0","0","0","0","0","0","0","0","0","0","0","0","0","0","0","8","2","0","0","0","0","0","0","0","0","0","0","0","0","0","0","0","0","2","0","0","0"
"0x7f34975aea30","      R2UR UR45, R6","36","23","36","524288","524288","524288","1","1","0","31","0","-","-","-","0","0","0","0","0","0","0","0","-","0","0","0","0","0","0","0","0","0","0","0","0","0","0","0","0","0","0","12","0","0","0","24","0","0","0","0","0","0","0","0","0","0","0","0","0","0","0","0","23"
"0x7f34975aea40","      R2UR UR44, R5","20","9","20","524288","524288","524288","1","1","0","31","0","-","-","-","0","0","0","0","0","0","0","0","-","0","0","0","0","0","0","0","0","0","0","0","0","0","0","0","0","0","0","11","0","0","0","9","0","0","0","0","0","0","0","0","0","0","0","0","0","0","0","0","9"
"0x7f34975aea50","      R2UR UR43, R4","15","7","15","524288","524288","524288","1","1","0","31","0","-","-","-","0","0","0","0","0","0","0","0","-","0","0","0","0","0","0","0","0","0","0","0","0","0","0","0","0","0","0","8","0","0","0","7","0","0","0","0","0","0","0","0","0","0","0","0","0","0","0","0","7"
"0x7f34975aea60","      UMOV UR38, UR46","70","64","70","524288","524288","524288","1","1","0","31","0","-","-","-","0","0","0","0","0","0","0","0","-","0","0","0","0","0","0","0","0","0","0","0","0","0","0","0","0","0","1","4","0","0","0","65","0","0","0","0","0","0","0","0","0","0","0","0","0","0","0","0","64"
"0x7f34975aea70","      UMOV UR30, UR46","19","0","19","524288","524288","524288","1","1","0","31","0","-","-","-","0","0","0","0","0","0","0","0","-","0","0","0","0","0","0","0","0","0","0","0","0","0","0","0","0","0","0","19","0","0","0","0","0","0","0","0","0","0","0","0","0","0","0","0","0","0","0","0","0"
"0x7f34975aea80","      UMOV UR37, UR45","11","0","11","524288","524288","524288","1","1","0","31","0","-","-","-","0","0","0","0","0","0","0","0","-","0","0","0","0","0","0","0","0","0","0","0","0","0","0","0","0","0","0","11","0","0","0","0","0","0","0","0","0","0","0","0","0","0","0","0","0","0","0","0","0"
"0x7f34975aea90","      UMOV UR29, UR45","12","0","12","524288","524288","524288","1","1","0","31","0","-","-","-","0","0","0","0","0","0","0","0","-","0","0","0","0","0","0","0","0","0","0","0","0","0","0","0","0","0","0","12","0","0","0","0","0","0","0","0","0","0","0","0","0","0","0","0","0","0","0","0","0"
"0x7f34975aeaa0","      UMOV UR36, UR44","12","0","12","524288","524288","524288","1","1","0","31","0","-","-","-","0","0","0","0","0","0","0","0","-","0","0","0","0","0","0","0","0","0","0","0","0","0","0","0","0","0","0","12","0","0","0","0","0","0","0","0","0","0","0","0","0","0","0","0","0","0","0","0","0"
"0x7f34975aeab0","      UMOV UR28, UR44","11","0","11","524288","524288","524288","1","1","0","31","0","-","-","-","0","0","0","0","0","0","0","0","-","0","0","0","0","0","0","0","0","0","0","0","0","0","0","0","0","0","0","11","0","0","0","0","0","0","0","0","0","0","0","0","0","0","0","0","0","0","0","0","0"
"0x7f34975aeac0","      UMOV UR35, UR43","26","0","26","524288","524288","524288","1","1","0","31","0","-","-","-","0","0","0","0","0","0","0","0","-","0","0","0","0","0","0","0","0","15","0","0","0","0","0","0","0","0","0","11","0","0","0","0","0","0","0","0","0","0","0","0","0","0","0","0","0","0","0","0","0"
"0x7f34975aead0","      UTMALDG.2D.GATHER4 [UR40], [UR72]","17","0","17","524288","524288","524288","1","1","0","31","0","Global,Shared","-","-","0","0","0","0","0","0","0","0","-","0","0","0","0","0","0","0","0","8","0","0","0","0","0","0","0","0","0","9","0","0","0","0","0","0","0","0","0","0","0","0","0","0","0","0","0","0","0","0","0"
"0x7f34975aeae0","      UMOV UR27, UR43","10","0","10","524288","524288","524288","1","1","0","31","0","-","-","-","0","0","0","0","0","0","0","0","-","0","0","0","0","0","0","0","0","0","0","0","0","0","0","0","0","0","0","10","0","0","0","0","0","0","0","0","0","0","0","0","0","0","0","0","0","0","0","0","0"
"0x7f34975aeaf0","      UMOV UR19, UR43","15","0","15","524288","524288","524288","1","1","0","31","0","-","-","-","0","0","0","0","0","0","0","0","-","0","0","0","0","0","0","0","0","0","0","0","0","0","0","0","0","0","0","15","0","0","0","0","0","0","0","0","0","0","0","0","0","0","0","0","0","0","0","0","0"
"0x7f34975aeb00","      UMOV UR20, UR44","14","0","14","524288","524288","524288","1","1","0","31","0","-","-","-","0","0","0","0","0","0","0","0","-","0","0","0","0","0","0","0","0","0","0","0","0","0","0","0","0","0","0","14","0","0","0","0","0","0","0","0","0","0","0","0","0","0","0","0","0","0","0","0","0"
"0x7f34975aeb10","      UMOV UR21, UR45","15","0","15","524288","524288","524288","1","1","0","31","0","-","-","-","0","0","0","0","0","0","0","0","-","0","0","0","0","0","0","0","0","0","0","0","0","0","0","0","0","0","0","15","0","0","0","0","0","0","0","0","0","0","0","0","0","0","0","0","0","0","0","0","0"
"0x7f34975aeb20","      UMOV UR22, UR46","5","0","5","524288","524288","524288","1","1","0","31","0","-","-","-","0","0","0","0","0","0","0","0","-","0","0","0","0","0","0","0","0","0","0","0","0","0","0","0","0","0","0","5","0","0","0","0","0","0","0","0","0","0","0","0","0","0","0","0","0","0","0","0","0"
"0x7f34975aeb30","      UMOV UR11, UR43","8","0","8","524288","524288","524288","1","1","0","31","0","-","-","-","0","0","0","0","0","0","0","0","-","0","0","0","0","0","0","0","0","0","0","0","0","0","0","0","0","0","0","8","0","0","0","0","0","0","0","0","0","0","0","0","0","0","0","0","0","0","0","0","0"
"0x7f34975aeb40","      UMOV UR12, UR44","9","0","9","524288","524288","524288","1","1","0","31","0","-","-","-","0","0","0","0","0","0","0","0","-","0","0","0","0","0","0","0","0","0","0","0","0","0","0","0","0","0","0","9","0","0","0","0","0","0","0","0","0","0","0","0","0","0","0","0","0","0","0","0","0"
"0x7f34975aeb50","      UTMALDG.2D.GATHER4 [UR32], [UR72]","11","0","11","524288","524288","524288","1","1","0","31","0","Global,Shared","-","-","0","0","0","0","0","0","0","0","-","0","0","0","0","0","0","0","0","0","0","0","0","0","0","0","0","0","0","11","0","0","0","0","0","0","0","0","0","0","0","0","0","0","0","0","0","0","0","0","0"
"0x7f34975aeb60","      UMOV UR13, UR45","11","0","11","524288","524288","524288","1","1","0","31","0","-","-","-","0","0","0","0","0","0","0","0","-","0","0","0","0","0","0","0","0","0","0","0","0","0","0","0","0","0","0","11","0","0","0","0","0","0","0","0","0","0","0","0","0","0","0","0","0","0","0","0","0"
"0x7f34975aeb70","      UMOV UR14, UR46","12","0","12","524288","524288","524288","1","1","0","31","0","-","-","-","0","0","0","0","0","0","0","0","-","0","0","0","0","0","0","0","0","0","0","0","0","0","0","0","0","0","0","12","0","0","0","0","0","0","0","0","0","0","0","0","0","0","0","0","0","0","0","0","0"
"0x7f34975aeb80","      UTMALDG.2D.GATHER4 [UR24], [UR72]","12","2","12","524288","524288","524288","1","1","0","31","0","Global,Shared","-","-","0","0","0","0","0","0","0","0","-","0","0","0","0","0","0","0","0","0","0","0","0","0","0","0","0","2","0","10","0","0","0","0","0","0","0","0","0","0","0","0","0","0","2","0","0","0","0","0","0"
"0x7f34975aeb90","      UTMALDG.2D.GATHER4 [UR16], [UR72]","18","0","18","524288","524288","524288","1","1","0","31","0","Global,Shared","-","-","0","0","0","0","0","0","0","0","-","0","0","0","0","0","0","0","0","0","0","0","0","0","0","0","0","0","0","18","0","0","0","0","0","0","0","0","0","0","0","0","0","0","0","0","0","0","0","0","0"
"0x7f34975aeba0","      UTMALDG.2D.GATHER4 [UR8], [UR74]","181","160","181","524288","524288","524288","1","1","0","31","0","Global,Shared","-","-","0","0","0","0","0","0","0","0","-","0","0","0","0","0","0","0","0","0","0","0","0","0","0","168","0","0","1","12","0","0","0","0","0","0","0","0","0","0","0","0","160","0","0","0","0","0","0","0","0"
"0x7f34975aebb0","      UIADD3 UR40, UPT, UPT, UR5, 0x9600, URZ","15","0","15","524288","524288","524288","1","1","0","31","0","-","-","-","0","0","0","0","0","0","0","0","-","0","0","0","0","0","0","0","0","0","0","0","0","0","0","0","0","0","0","15","0","0","0","0","0","0","0","0","0","0","0","0","0","0","0","0","0","0","0","0","0"
"0x7f34975aebc0","      LDS.128 R4, [UR15+0x2f130]","9","0","9","524288","524288","524288","1","1","0","31","0","Shared","Load","128","0","1","0","524288","524288","0","0","0","-","0","0","0","0","0","0","0","0","0","0","0","0","0","0","0","0","0","0","9","0","0","0","0","0","0","0","0","0","0","0","0","0","0","0","0","0","0","0","0","0"
"0x7f34975aebd0","      UIADD3 UR32, UPT, UPT, UR5, 0xd600, URZ","72","52","72","524288","524288","524288","1","1","0","31","0","-","-","-","0","0","0","0","0","0","0","0","-","0","0","0","0","0","0","0","0","0","0","0","54","0","0","0","0","0","0","18","0","0","0","0","0","0","0","0","0","52","0","0","0","0","0","0","0","0","0","0","0"
"0x7f34975aebe0","      UIADD3 UR24, UPT, UPT, UR5, 0x11600, URZ","154","144","154","524288","524288","524288","1","1","0","31","0","-","-","-","0","0","0","0","0","0","0","0","-","0","0","0","0","0","0","0","0","0","0","0","135","0","0","0","0","0","0","9","0","0","0","10","0","0","0","0","0","134","0","0","0","0","0","0","0","0","0","0","10"
"0x7f34975aebf0","      UIADD3 UR16, UPT, UPT, UR5, 0x15600, URZ","199","181","199","524288","524288","524288","1","1","0","31","0","-","-","-","0","0","0","0","0","0","0","0","-","0","0","0","0","0","0","0","0","0","0","0","169","0","0","0","0","0","3","12","0","0","0","15","0","0","0","0","0","167","0","0","0","0","0","0","0","0","0","0","14"
"0x7f34975aec00","      UIADD3 UR8, UPT, UPT, UR6, 0x29300, URZ","219","214","219","524288","524288","524288","1","1","0","31","0","-","-","-","0","0","0","0","0","0","0","0","-","0","0","0","0","0","0","0","0","0","0","0","195","0","0","0","0","0","0","5","0","0","0","19","0","0","0","0","0","195","0","0","0","0","0","0","0","0","0","0","19"
"0x7f34975aec10","      R2UR UR46, R7","13","8","13","524288","524288","524288","1","1","0","31","0","-","-","-","0","0","0","0","0","0","0","0","-","0","0","0","0","0","0","0","0","0","0","0","0","0","0","0","0","0","0","5","8","0","0","0","0","0","0","0","0","0","0","0","0","0","0","0","0","8","0","0","0"
"0x7f34975aec20","      R2UR UR45, R6","19","6","19","524288","524288","524288","1","1","0","31","0","-","-","-","0","0","0","0","0","0","0","0","-","0","0","0","0","0","0","0","0","0","0","0","0","0","0","0","0","0","0","13","0","0","0","6","0","0","0","0","0","0","0","0","0","0","0","0","0","0","0","0","6"
"0x7f34975aec30","      R2UR UR44, R5","15","9","15","524288","524288","524288","1","1","0","31","0","-","-","-","0","0","0","0","0","0","0","0","-","0","0","0","0","0","0","0","0","0","0","0","0","0","0","0","0","0","0","6","0","0","0","9","0","0","0","0","0","0","0","0","0","0","0","0","0","0","0","0","9"
"0x7f34975aec40","      R2UR UR43, R4","20","13","20","524288","524288","524288","1","1","0","31","0","-","-","-","0","0","0","0","0","0","0","0","-","0","0","0","0","0","0","0","0","0","0","0","0","0","0","0","0","0","0","7","0","0","0","13","0","0","0","0","0","0","0","0","0","0","0","0","0","0","0","0","13"
"0x7f34975aec50","      UMOV UR38, UR46","55","48","55","524288","524288","524288","1","1","0","31","0","-","-","-","0","0","0","0","0","0","0","0","-","0","0","0","0","0","0","0","0","0","0","0","0","0","0","0","0","0","0","7","0","0","0","48","0","0","0","0","0","0","0","0","0","0","0","0","0","0","0","0","48"
"0x7f34975aec60","      UMOV UR30, UR46","10","0","10","524288","524288","524288","1","1","0","31","0","-","-","-","0","0","0","0","0","0","0","0","-","0","0","0","0","0","0","0","0","0","0","0","0","0","0","0","0","0","0","10","0","0","0","0","0","0","0","0","0","0","0","0","0","0","0","0","0","0","0","0","0"
"0x7f34975aec70","      UMOV UR37, UR45","11","0","11","524288","524288","524288","1","1","0","31","0","-","-","-","0","0","0","0","0","0","0","0","-","0","0","0","0","0","0","0","0","0","0","0","0","0","0","0","0","0","0","11","0","0","0","0","0","0","0","0","0","0","0","0","0","0","0","0","0","0","0","0","0"
"0x7f34975aec80","      UMOV UR29, UR45","6","0","6","524288","524288","524288","1","1","0","31","0","-","-","-","0","0","0","0","0","0","0","0","-","0","0","0","0","0","0","0","0","0","0","0","0","0","0","0","0","0","0","6","0","0","0","0","0","0","0","0","0","0","0","0","0","0","0","0","0","0","0","0","0"
"0x7f34975aec90","      UMOV UR36, UR44","14","0","14","524288","524288","524288","1","1","0","31","0","-","-","-","0","0","0","0","0","0","0","0","-","0","0","0","0","0","0","0","0","0","0","0","0","0","0","0","0","0","0","14","0","0","0","0","0","0","0","0","0","0","0","0","0","0","0","0","0","0","0","0","0"
"0x7f34975aeca0","      UMOV UR28, UR44","8","0","8","524288","524288","524288","1","1","0","31","0","-","-","-","0","0","0","0","0","0","0","0","-","0","0","0","0","0","0","0","0","0","0","0","0","0","0","0","0","0","0","8","0","0","0","0","0","0","0","0","0","0","0","0","0","0","0","0","0","0","0","0","0"
"0x7f34975aecb0","      UMOV UR35, UR43","18","0","18","524288","524288","524288","1","1","0","31","0","-","-","-","0","0","0","0","0","0","0","0","-","0","0","0","0","0","0","0","0","11","0","0","0","0","0","0","0","0","0","7","0","0","0","0","0","0","0","0","0","0","0","0","0","0","0","0","0","0","0","0","0"
"0x7f34975aecc0","      UTMALDG.2D.GATHER4 [UR40], [UR72]","30","0","30","524288","524288","524288","1","1","0","31","0","Global,Shared","-","-","0","0","0","0","0","0","0","0","-","0","0","0","0","0","0","0","0","17","0","0","0","0","0","0","0","0","0","13","0","0","0","0","0","0","0","0","0","0","0","0","0","0","0","0","0","0","0","0","0"
"0x7f34975aecd0","      UMOV UR27, UR43","14","0","14","524288","524288","524288","1","1","0","31","0","-","-","-","0","0","0","0","0","0","0","0","-","0","0","0","0","0","0","0","0","0","0","0","0","0","0","0","0","0","0","14","0","0","0","0","0","0","0","0","0","0","0","0","0","0","0","0","0","0","0","0","0"
"0x7f34975aece0","      UMOV UR19, UR43","7","0","7","524288","524288","524288","1","1","0","31","0","-","-","-","0","0","0","0","0","0","0","0","-","0","0","0","0","0","0","0","0","0","0","0","0","0","0","0","0","0","0","7","0","0","0","0","0","0","0","0","0","0","0","0","0","0","0","0","0","0","0","0","0"
"0x7f34975aecf0","      UMOV UR20, UR44","14","0","14","524288","524288","524288","1","1","0","31","0","-","-","-","0","0","0","0","0","0","0","0","-","0","0","0","0","0","0","0","0","0","0","0","0","0","0","0","0","0","0","14","0","0","0","0","0","0","0","0","0","0","0","0","0","0","0","0","0","0","0","0","0"
"0x7f34975aed00","      UMOV UR21, UR45","21","0","21","524288","524288","524288","1","1","0","31","0","-","-","-","0","0","0","0","0","0","0","0","-","0","0","0","0","0","0","0","0","0","0","0","0","0","0","0","0","0","0","21","0","0","0","0","0","0","0","0","0","0","0","0","0","0","0","0","0","0","0","0","0"
"0x7f34975aed10","      UMOV UR22, UR46","4","0","4","524288","524288","524288","1","1","0","31","0","-","-","-","0","0","0","0","0","0","0","0","-","0","0","0","0","0","0","0","0","0","0","0","0","0","0","0","0","0","0","4","0","0","0","0","0","0","0","0","0","0","0","0","0","0","0","0","0","0","0","0","0"
"0x7f34975aed20","      UMOV UR11, UR43","11","0","11","524288","524288","524288","1","1","0","31","0","-","-","-","0","0","0","0","0","0","0","0","-","0","0","0","0","0","0","0","0","0","0","0","0","0","0","0","0","0","0","11","0","0","0","0","0","0","0","0","0","0","0","0","0","0","0","0","0","0","0","0","0"
"0x7f34975aed30","      UMOV UR12, UR44","10","0","10","524288","524288","524288","1","1","0","31","0","-","-","-","0","0","0","0","0","0","0","0","-","0","0","0","0","0","0","0","0","0","0","0","0","0","0","0","0","0","0","10","0","0","0","0","0","0","0","0","0","0","0","0","0","0","0","0","0","0","0","0","0"
"0x7f34975aed40","      UTMALDG.2D.GATHER4 [UR32], [UR72]","12","0","12","524288","524288","524288","1","1","0","31","0","Global,Shared","-","-","0","0","0","0","0","0","0","0","-","0","0","0","0","0","0","0","0","0","0","0","0","0","0","0","0","0","0","12","0","0","0","0","0","0","0","0","0","0","0","0","0","0","0","0","0","0","0","0","0"
"0x7f34975aed50","      UMOV UR13, UR45","14","0","14","524288","524288","524288","1","1","0","31","0","-","-","-","0","0","0","0","0","0","0","0","-","0","0","0","0","0","0","0","0","0","0","0","0","0","0","0","0","0","0","14","0","0","0","0","0","0","0","0","0","0","0","0","0","0","0","0","0","0","0","0","0"
"0x7f34975aed60","      UMOV UR14, UR46","15","0","15","524288","524288","524288","1","1","0","31","0","-","-","-","0","0","0","0","0","0","0","0","-","0","0","0","0","0","0","0","0","0","0","0","0","0","0","0","0","0","0","15","0","0","0","0","0","0","0","0","0","0","0","0","0","0","0","0","0","0","0","0","0"
"0x7f34975aed70","      UTMALDG.2D.GATHER4 [UR24], [UR72]","9","0","9","524288","524288","524288","1","1","0","31","0","Global,Shared","-","-","0","0","0","0","0","0","0","0","-","0","0","0","0","0","0","0","0","0","0","0","0","0","0","0","0","0","0","9","0","0","0","0","0","0","0","0","0","0","0","0","0","0","0","0","0","0","0","0","0"
"0x7f34975aed80","      UTMALDG.2D.GATHER4 [UR16], [UR72]","11","0","11","524288","524288","524288","1","1","0","31","0","Global,Shared","-","-","0","0","0","0","0","0","0","0","-","0","0","0","0","0","0","0","0","0","0","0","0","0","0","0","0","1","0","10","0","0","0","0","0","0","0","0","0","0","0","0","0","0","0","0","0","0","0","0","0"
"0x7f34975aed90","      UTMALDG.2D.GATHER4 [UR8], [UR74]","183","166","183","524288","524288","524288","1","1","0","31","0","Global,Shared","-","-","0","0","0","0","0","0","0","0","-","0","0","0","0","0","0","0","0","0","0","0","0","0","0","167","0","0","2","14","0","0","0","0","0","0","0","0","0","0","0","0","166","0","0","0","0","0","0","0","0"
"0x7f34975aeda0","      UIADD3 UR40, UPT, UPT, UR5, 0x9800, URZ","10","0","10","524288","524288","524288","1","1","0","31","0","-","-","-","0","0","0","0","0","0","0","0","-","0","0","0","0","0","0","0","0","0","0","0","0","0","0","0","0","0","0","10","0","0","0","0","0","0","0","0","0","0","0","0","0","0","0","0","0","0","0","0","0"
"0x7f34975aedb0","      LDS.128 R4, [UR15+0x2f140]","12","0","12","524288","524288","524288","1","1","0","31","0","Shared","Load","128","0","1","0","524288","524288","0","0","0","-","0","0","0","0","0","0","0","0","0","0","0","0","0","0","0","0","0","0","12","0","0","0","0","0","0","0","0","0","0","0","0","0","0","0","0","0","0","0","0","0"
"0x7f34975aedc0","      UIADD3 UR32, UPT, UPT, UR5, 0xd800, URZ","77","67","77","524288","524288","524288","1","1","0","31","0","-","-","-","0","0","0","0","0","0","0","0","-","0","0","0","0","0","0","0","0","0","0","0","67","0","0","0","0","0","0","10","0","0","0","0","0","0","0","0","0","67","0","0","0","0","0","0","0","0","0","0","0"
"0x7f34975aedd0","      UIADD3 UR24, UPT, UPT, UR5, 0x11800, URZ","199","189","199","524288","524288","524288","1","1","0","31","0","-","-","-","0","0","0","0","0","0","0","0","-","0","0","0","0","0","0","0","0","0","0","0","182","0","0","0","0","0","0","9","0","0","0","8","0","0","0","0","0","181","0","0","0","0","0","0","0","0","0","0","8"
"0x7f34975aede0","      UIADD3 UR16, UPT, UPT, UR5, 0x15800, URZ","192","189","192","524288","524288","524288","1","1","0","31","0","-","-","-","0","0","0","0","0","0","0","0","-","0","0","0","0","0","0","0","0","0","0","0","180","0","0","0","0","0","0","3","0","0","0","9","0","0","0","0","0","180","0","0","0","0","0","0","0","0","0","0","9"
"0x7f34975aedf0","      UIADD3 UR8, UPT, UPT, UR6, 0x29400, URZ","185","180","185","524288","524288","524288","1","1","0","31","0","-","-","-","0","0","0","0","0","0","0","0","-","0","0","0","0","0","0","0","0","0","0","0","168","0","0","0","0","0","0","5","0","0","0","12","0","0","0","0","0","168","0","0","0","0","0","0","0","0","0","0","12"
"0x7f34975aee00","      R2UR UR46, R7","13","2","13","524288","524288","524288","1","1","0","31","0","-","-","-","0","0","0","0","0","0","0","0","-","0","0","0","0","0","0","0","0","0","0","0","0","0","0","0","0","0","0","11","2","0","0","0","0","0","0","0","0","0","0","0","0","0","0","0","0","2","0","0","0"
"0x7f34975aee10","      R2UR UR45, R6","19","12","19","524288","524288","524288","1","1","0","31","0","-","-","-","0","0","0","0","0","0","0","0","-","0","0","0","0","0","0","0","0","0","0","0","0","0","0","0","0","0","0","7","0","0","0","12","0","0","0","0","0","0","0","0","0","0","0","0","0","0","0","0","12"
"0x7f34975aee20","      R2UR UR44, R5","32","19","32","524288","524288","524288","1","1","0","31","0","-","-","-","0","0","0","0","0","0","0","0","-","0","0","0","0","0","0","0","0","0","0","0","0","1","0","0","0","0","0","13","0","0","0","18","0","0","0","0","0","0","1","0","0","0","0","0","0","0","0","0","18"
"0x7f34975aee30","      R2UR UR43, R4","24","15","24","524288","524288","524288","1","1","0","31","0","-","-","-","0","0","0","0","0","0","0","0","-","0","0","0","0","0","0","0","0","0","0","0","0","0","0","0","0","0","0","9","0","0","0","15","0","0","0","0","0","0","0","0","0","0","0","0","0","0","0","0","15"
"0x7f34975aee40","      UMOV UR38, UR46","71","63","71","524288","524288","524288","1","1","0","31","0","-","-","-","0","0","0","0","0","0","0","0","-","0","0","0","0","0","0","0","0","0","0","0","0","0","0","0","0","0","0","8","0","0","0","63","0","0","0","0","0","0","0","0","0","0","0","0","0","0","0","0","63"
"0x7f34975aee50","      UMOV UR30, UR46","10","0","10","524288","524288","524288","1","1","0","31","0","-","-","-","0","0","0","0","0","0","0","0","-","0","0","0","0","0","0","0","0","0","0","0","0","0","0","0","0","0","0","10","0","0","0","0","0","0","0","0","0","0","0","0","0","0","0","0","0","0","0","0","0"
"0x7f34975aee60","      UMOV UR37, UR45","14","0","14","524288","524288","524288","1","1","0","31","0","-","-","-","0","0","0","0","0","0","0","0","-","0","0","0","0","0","0","0","0","0","0","0","0","0","0","0","0","0","0","14","0","0","0","0","0","0","0","0","0","0","0","0","0","0","0","0","0","0","0","0","0"
"0x7f34975aee70","      UMOV UR29, UR45","9","0","9","524288","524288","524288","1","1","0","31","0","-","-","-","0","0","0","0","0","0","0","0","-","0","0","0","0","0","0","0","0","0","0","0","0","0","0","0","0","0","0","9","0","0","0","0","0","0","0","0","0","0","0","0","0","0","0","0","0","0","0","0","0"
"0x7f34975aee80","      UMOV UR36, UR44","13","0","13","524288","524288","524288","1","1","0","31","0","-","-","-","0","0","0","0","0","0","0","0","-","0","0","0","0","0","0","0","0","0","0","0","0","0","0","0","0","0","0","13","0","0","0","0","0","0","0","0","0","0","0","0","0","0","0","0","0","0","0","0","0"
"0x7f34975aee90","      UMOV UR28, UR44","6","0","6","524288","524288","524288","1","1","0","31","0","-","-","-","0","0","0","0","0","0","0","0","-","0","0","0","0","0","0","0","0","0","0","0","0","0","0","0","0","0","0","6","0","0","0","0","0","0","0","0","0","0","0","0","0","0","0","0","0","0","0","0","0"
"0x7f34975aeea0","      UMOV UR35, UR43","16","0","16","524288","524288","524288","1","1","0","31","0","-","-","-","0","0","0","0","0","0","0","0","-","0","0","0","0","0","0","0","0","8","0","0","0","0","0","0","0","0","0","8","0","0","0","0","0","0","0","0","0","0","0","0","0","0","0","0","0","0","0","0","0"
"0x7f34975aeeb0","      UTMALDG.2D.GATHER4 [UR40], [UR72]","26","0","26","524288","524288","524288","1","1","0","31","0","Global,Shared","-","-","0","0","0","0","0","0","0","0","-","0","0","0","0","0","0","0","0","15","0","0","0","0","0","0","0","0","0","11","0","0","0","0","0","0","0","0","0","0","0","0","0","0","0","0","0","0","0","0","0"
"0x7f34975aeec0","      UMOV UR27, UR43","12","0","12","524288","524288","524288","1","1","0","31","0","-","-","-","0","0","0","0","0","0","0","0","-","0","0","0","0","0","0","0","0","0","0","0","0","0","0","0","0","0","0","12","0","0","0","0","0","0","0","0","0","0","0","0","0","0","0","0","0","0","0","0","0"
"0x7f34975aeed0","      UMOV UR19, UR43","11","0","11","524288","524288","524288","1","1","0","31","0","-","-","-","0","0","0","0","0","0","0","0","-","0","0","0","0","0","0","0","0","0","0","0","0","0","0","0","0","0","0","11","0","0","0","0","0","0","0","0","0","0","0","0","0","0","0","0","0","0","0","0","0"
"0x7f34975aeee0","      UMOV UR20, UR44","11","0","11","524288","524288","524288","1","1","0","31","0","-","-","-","0","0","0","0","0","0","0","0","-","0","0","0","0","0","0","0","0","0","0","0","0","0","0","0","0","0","0","11","0","0","0","0","0","0","0","0","0","0","0","0","0","0","0","0","0","0","0","0","0"
"0x7f34975aeef0","      UMOV UR21, UR45","12","0","12","524288","524288","524288","1","1","0","31","0","-","-","-","0","0","0","0","0","0","0","0","-","0","0","0","0","0","0","0","0","0","0","0","0","0","0","0","0","0","0","12","0","0","0","0","0","0","0","0","0","0","0","0","0","0","0","0","0","0","0","0","0"
"0x7f34975aef00","      UMOV UR22, UR46","11","0","11","524288","524288","524288","1","1","0","31","0","-","-","-","0","0","0","0","0","0","0","0","-","0","0","0","0","0","0","0","0","0","0","0","0","0","0","0","0","0","0","11","0","0","0","0","0","0","0","0","0","0","0","0","0","0","0","0","0","0","0","0","0"
"0x7f34975aef10","      UMOV UR11, UR43","9","0","9","524288","524288","524288","1","1","0","31","0","-","-","-","0","0","0","0","0","0","0","0","-","0","0","0","0","0","0","0","0","0","0","0","0","0","0","0","0","0","0","9","0","0","0","0","0","0","0","0","0","0","0","0","0","0","0","0","0","0","0","0","0"
"0x7f34975aef20","      UMOV UR12, UR44","8","0","8","524288","524288","524288","1","1","0","31","0","-","-","-","0","0","0","0","0","0","0","0","-","0","0","0","0","0","0","0","0","0","0","0","0","0","0","0","0","0","0","8","0","0","0","0","0","0","0","0","0","0","0","0","0","0","0","0","0","0","0","0","0"
"0x7f34975aef30","      UTMALDG.2D.GATHER4 [UR32], [UR72]","12","0","12","524288","524288","524288","1","1","0","31","0","Global,Shared","-","-","0","0","0","0","0","0","0","0","-","0","0","0","0","0","0","0","0","0","0","0","0","0","0","0","0","0","0","12","0","0","0","0","0","0","0","0","0","0","0","0","0","0","0","0","0","0","0","0","0"
"0x7f34975aef40","      UMOV UR13, UR45","10","0","10","524288","524288","524288","1","1","0","31","0","-","-","-","0","0","0","0","0","0","0","0","-","0","0","0","0","0","0","0","0","0","0","0","0","0","0","0","0","0","0","10","0","0","0","0","0","0","0","0","0","0","0","0","0","0","0","0","0","0","0","0","0"
"0x7f34975aef50","      UMOV UR14, UR46","10","0","10","524288","524288","524288","1","1","0","31","0","-","-","-","0","0","0","0","0","0","0","0","-","0","0","0","0","0","0","0","0","0","0","0","0","0","0","0","0","0","0","10","0","0","0","0","0","0","0","0","0","0","0","0","0","0","0","0","0","0","0","0","0"
"0x7f34975aef60","      UTMALDG.2D.GATHER4 [UR24], [UR72]","10","0","10","524288","524288","524288","1","1","0","31","0","Global,Shared","-","-","0","0","0","0","0","0","0","0","-","0","0","0","0","0","0","0","0","0","0","0","0","0","0","0","0","0","0","10","0","0","0","0","0","0","0","0","0","0","0","0","0","0","0","0","0","0","0","0","0"
"0x7f34975aef70","      UTMALDG.2D.GATHER4 [UR16], [UR72]","12","0","12","524288","524288","524288","1","1","0","31","0","Global,Shared","-","-","0","0","0","0","0","0","0","0","-","0","0","0","0","0","0","0","0","0","0","0","0","0","0","0","0","0","0","12","0","0","0","0","0","0","0","0","0","0","0","0","0","0","0","0","0","0","0","0","0"
"0x7f34975aef80","      UTMALDG.2D.GATHER4 [UR8], [UR74]","158","143","158","524288","524288","524288","1","1","0","31","0","Global,Shared","-","-","0","0","0","0","0","0","0","0","-","0","0","0","0","0","0","0","0","0","0","0","0","0","0","144","0","1","0","13","0","0","0","0","0","0","0","0","0","0","0","0","142","0","1","0","0","0","0","0","0"
"0x7f34975aef90","      UIADD3 UR40, UPT, UPT, UR5, 0x9a00, URZ","11","0","11","524288","524288","524288","1","1","0","31","0","-","-","-","0","0","0","0","0","0","0","0","-","0","0","0","0","0","0","0","0","0","0","0","0","0","0","0","0","0","0","11","0","0","0","0","0","0","0","0","0","0","0","0","0","0","0","0","0","0","0","0","0"
"0x7f34975aefa0","      LDS.128 R4, [UR15+0x2f150]","8","0","8","524288","524288","524288","1","1","0","31","0","Shared","Load","128","0","1","0","524288","524288","0","0","0","-","0","0","0","0","0","0","0","0","0","0","0","0","0","0","0","0","0","0","8","0","0","0","0","0","0","0","0","0","0","0","0","0","0","0","0","0","0","0","0","0"
"0x7f34975aefb0","      UIADD3 UR32, UPT, UPT, UR5, 0xda00, URZ","75","66","75","524288","524288","524288","1","1","0","31","0","-","-","-","0","0","0","0","0","0","0","0","-","0","0","0","0","0","0","0","0","0","0","0","66","0","0","0","0","0","0","9","0","0","0","0","0","0","0","0","0","66","0","0","0","0","0","0","0","0","0","0","0"
"0x7f34975aefc0","      UIADD3 UR24, UPT, UPT, UR5, 0x11a00, URZ","190","177","190","524288","524288","524288","1","1","0","31","0","-","-","-","0","0","0","0","0","0","0","0","-","0","0","0","0","0","0","0","0","0","0","0","164","0","0","0","0","0","0","11","0","0","0","15","0","0","0","0","0","162","0","0","0","0","0","0","0","0","0","0","15"
"0x7f34975aefd0","      UIADD3 UR16, UPT, UPT, UR5, 0x15a00, URZ","192","178","192","524288","524288","524288","1","1","0","31","0","-","-","-","0","0","0","0","0","0","0","0","-","0","0","0","0","0","0","0","0","0","0","0","171","0","0","0","0","0","0","14","0","0","0","7","0","0","0","0","0","171","0","0","0","0","0","0","0","0","0","0","7"
"0x7f34975aefe0","      UIADD3 UR8, UPT, UPT, UR6, 0x29500, URZ","188","181","188","524288","524288","524288","1","1","0","31","0","-","-","-","0","0","0","0","0","0","0","0","-","0","0","0","0","0","0","0","0","0","0","0","175","0","0","0","0","0","1","6","0","0","0","6","0","0","0","0","0","175","0","0","0","0","0","0","0","0","0","0","6"
"0x7f34975aeff0","      R2UR UR46, R7","15","5","15","524288","524288","524288","1","1","0","31","0","-","-","-","0","0","0","0","0","0","0","0","-","0","0","0","0","0","0","0","0","0","0","0","0","0","0","0","0","0","0","10","5","0","0","0","0","0","0","0","0","0","0","0","0","0","0","0","0","5","0","0","0"
"0x7f34975af000","      R2UR UR45, R6","26","13","26","524288","524288","524288","1","1","0","31","0","-","-","-","0","0","0","0","0","0","0","0","-","0","0","0","0","0","0","0","0","0","0","0","0","0","0","0","0","0","0","13","0","0","0","13","0","0","0","0","0","0","0","0","0","0","0","0","0","0","0","0","13"
"0x7f34975af010","      R2UR UR44, R5","23","11","23","524288","524288","524288","1","1","0","31","0","-","-","-","0","0","0","0","0","0","0","0","-","0","0","0","0","0","0","0","0","0","0","0","0","0","0","0","0","0","0","12","0","0","0","11","0","0","0","0","0","0","0","0","0","0","0","0","0","0","0","0","11"
"0x7f34975af020","      R2UR UR43, R4","18","10","18","524288","524288","524288","1","1","0","31","0","-","-","-","0","0","0","0","0","0","0","0","-","0","0","0","0","0","0","0","0","0","0","0","0","1","0","0","0","0","0","8","0","0","0","9","0","0","0","0","0","0","1","0","0","0","0","0","0","0","0","0","9"
"0x7f34975af030","      UMOV UR38, UR46","68","56","68","524288","524288","524288","1","1","0","31","0","-","-","-","0","0","0","0","0","0","0","0","-","0","0","0","0","0","0","0","0","0","0","0","0","0","0","0","0","0","1","10","0","0","0","57","0","0","0","0","0","0","0","0","0","0","0","0","0","0","0","0","56"
"0x7f34975af040","      UMOV UR30, UR46","14","0","14","524288","524288","524288","1","1","0","31","0","-","-","-","0","0","0","0","0","0","0","0","-","0","0","0","0","0","0","0","0","0","0","0","0","0","0","0","0","0","0","14","0","0","0","0","0","0","0","0","0","0","0","0","0","0","0","0","0","0","0","0","0"
"0x7f34975af050","      UMOV UR37, UR45","13","0","13","524288","524288","524288","1","1","0","31","0","-","-","-","0","0","0","0","0","0","0","0","-","0","0","0","0","0","0","0","0","0","0","0","0","0","0","0","0","0","0","13","0","0","0","0","0","0","0","0","0","0","0","0","0","0","0","0","0","0","0","0","0"
"0x7f34975af060","      UMOV UR29, UR45","8","0","8","524288","524288","524288","1","1","0","31","0","-","-","-","0","0","0","0","0","0","0","0","-","0","0","0","0","0","0","0","0","0","0","0","0","0","0","0","0","0","0","8","0","0","0","0","0","0","0","0","0","0","0","0","0","0","0","0","0","0","0","0","0"
"0x7f34975af070","      UMOV UR36, UR44","10","0","10","524288","524288","524288","1","1","0","31","0","-","-","-","0","0","0","0","0","0","0","0","-","0","0","0","0","0","0","0","0","0","0","0","0","0","0","0","0","0","0","10","0","0","0","0","0","0","0","0","0","0","0","0","0","0","0","0","0","0","0","0","0"
"0x7f34975af080","      UMOV UR28, UR44","14","0","14","524288","524288","524288","1","1","0","31","0","-","-","-","0","0","0","0","0","0","0","0","-","0","0","0","0","0","0","0","0","0","0","0","0","0","0","0","0","0","0","14","0","0","0","0","0","0","0","0","0","0","0","0","0","0","0","0","0","0","0","0","0"
"0x7f34975af090","      UMOV UR35, UR43","21","0","21","524288","524288","524288","1","1","0","31","0","-","-","-","0","0","0","0","0","0","0","0","-","0","0","0","0","0","0","0","0","13","0","0","0","0","0","0","0","0","0","8","0","0","0","0","0","0","0","0","0","0","0","0","0","0","0","0","0","0","0","0","0"
"0x7f34975af0a0","      UTMALDG.2D.GATHER4 [UR40], [UR72]","24","0","24","524288","524288","524288","1","1","0","31","0","Global,Shared","-","-","0","0","0","0","0","0","0","0","-","0","0","0","0","0","0","0","0","12","0","0","0","0","0","0","0","0","0","12","0","0","0","0","0","0","0","0","0","0","0","0","0","0","0","0","0","0","0","0","0"
"0x7f34975af0b0","      UMOV UR27, UR43","11","0","11","524288","524288","524288","1","1","0","31","0","-","-","-","0","0","0","0","0","0","0","0","-","0","0","0","0","0","0","0","0","0","0","0","0","0","0","0","0","0","0","11","0","0","0","0","0","0","0","0","0","0","0","0","0","0","0","0","0","0","0","0","0"
"0x7f34975af0c0","      UMOV UR19, UR43","12","0","12","524288","524288","524288","1","1","0","31","0","-","-","-","0","0","0","0","0","0","0","0","-","0","0","0","0","0","0","0","0","0","0","0","0","0","0","0","0","0","0","12","0","0","0","0","0","0","0","0","0","0","0","0","0","0","0","0","0","0","0","0","0"
"0x7f34975af0d0","      UMOV UR20, UR44","17","0","17","524288","524288","524288","1","1","0","31","0","-","-","-","0","0","0","0","0","0","0","0","-","0","0","0","0","0","0","0","0","0","0","0","0","0","0","0","0","0","0","17","0","0","0","0","0","0","0","0","0","0","0","0","0","0","0","0","0","0","0","0","0"
"0x7f34975af0e0","      UMOV UR21, UR45","8","0","8","524288","524288","524288","1","1","0","31","0","-","-","-","0","0","0","0","0","0","0","0","-","0","0","0","0","0","0","0","0","0","0","0","0","0","0","0","0","0","0","8","0","0","0","0","0","0","0","0","0","0","0","0","0","0","0","0","0","0","0","0","0"
"0x7f34975af0f0","      UMOV UR22, UR46","7","0","7","524288","524288","524288","1","1","0","31","0","-","-","-","0","0","0","0","0","0","0","0","-","0","0","0","0","0","0","0","0","0","0","0","0","0","0","0","0","0","0","7","0","0","0","0","0","0","0","0","0","0","0","0","0","0","0","0","0","0","0","0","0"
"0x7f34975af100","      UMOV UR11, UR43","14","0","14","524288","524288","524288","1","1","0","31","0","-","-","-","0","0","0","0","0","0","0","0","-","0","0","0","0","0","0","0","0","0","0","0","0","0","0","0","0","0","0","14","0","0","0","0","0","0","0","0","0","0","0","0","0","0","0","0","0","0","0","0","0"
"0x7f34975af110","      UMOV UR12, UR44","13","0","13","524288","524288","524288","1","1","0","31","0","-","-","-","0","0","0","0","0","0","0","0","-","0","0","0","0","0","0","0","0","0","0","0","0","0","0","0","0","0","0","13","0","0","0","0","0","0","0","0","0","0","0","0","0","0","0","0","0","0","0","0","0"
"0x7f34975af120","      UTMALDG.2D.GATHER4 [UR32], [UR72]","3","0","3","524288","524288","524288","1","1","0","31","0","Global,Shared","-","-","0","0","0","0","0","0","0","0","-","0","0","0","0","0","0","0","0","0","0","0","0","0","0","0","0","0","0","3","0","0","0","0","0","0","0","0","0","0","0","0","0","0","0","0","0","0","0","0","0"
"0x7f34975af130","      UMOV UR13, UR45","7","0","7","524288","524288","524288","1","1","0","31","0","-","-","-","0","0","0","0","0","0","0","0","-","0","0","0","0","0","0","0","0","0","0","0","0","0","0","0","0","0","0","7","0","0","0","0","0","0","0","0","0","0","0","0","0","0","0","0","0","0","0","0","0"
"0x7f34975af140","      UMOV UR14, UR46","11","0","11","524288","524288","524288","1","1","0","31","0","-","-","-","0","0","0","0","0","0","0","0","-","0","0","0","0","0","0","0","0","0","0","0","0","0","0","0","0","0","0","11","0","0","0","0","0","0","0","0","0","0","0","0","0","0","0","0","0","0","0","0","0"
"0x7f34975af150","      UTMALDG.2D.GATHER4 [UR24], [UR72]","10","0","10","524288","524288","524288","1","1","0","31","0","Global,Shared","-","-","0","0","0","0","0","0","0","0","-","0","0","0","0","0","0","0","0","0","0","0","0","0","0","0","0","0","0","10","0","0","0","0","0","0","0","0","0","0","0","0","0","0","0","0","0","0","0","0","0"
"0x7f34975af160","      UTMALDG.2D.GATHER4 [UR16], [UR72]","11","0","11","524288","524288","524288","1","1","0","31","0","Global,Shared","-","-","0","0","0","0","0","0","0","0","-","0","0","0","0","0","0","0","0","0","0","0","0","0","0","0","0","0","0","11","0","0","0","0","0","0","0","0","0","0","0","0","0","0","0","0","0","0","0","0","0"
"0x7f34975af170","      UTMALDG.2D.GATHER4 [UR8], [UR74]","198","149","198","524288","524288","524288","1","1","0","31","0","Global,Shared","-","-","0","0","0","0","0","0","0","0","-","0","0","0","0","0","0","0","0","0","0","0","0","0","0","163","0","0","17","18","0","0","0","0","0","0","0","0","0","0","0","0","149","0","0","0","0","0","0","0","0"
"0x7f34975af180","      UIADD3 UR40, UPT, UPT, UR5, 0x9c00, URZ","11","0","11","524288","524288","524288","1","1","0","31","0","-","-","-","0","0","0","0","0","0","0","0","-","0","0","0","0","0","0","0","0","0","0","0","0","0","0","0","0","0","0","11","0","0","0","0","0","0","0","0","0","0","0","0","0","0","0","0","0","0","0","0","0"
"0x7f34975af190","      LDS.128 R4, [UR15+0x2f160]","11","0","11","524288","524288","524288","1","1","0","31","0","Shared","Load","128","0","1","0","524288","524288","0","0","0","-","0","0","0","0","0","0","0","0","0","0","0","0","0","0","0","0","0","0","11","0","0","0","0","0","0","0","0","0","0","0","0","0","0","0","0","0","0","0","0","0"
"0x7f34975af1a0","      UIADD3 UR32, UPT, UPT, UR5, 0xdc00, URZ","47","32","47","524288","524288","524288","1","1","0","31","0","-","-","-","0","0","0","0","0","0","0","0","-","0","0","0","0","0","0","0","0","0","0","0","39","0","0","0","0","0","6","2","0","0","0","0","0","0","0","0","0","32","0","0","0","0","0","0","0","0","0","0","0"
"0x7f34975af1b0","      UIADD3 UR24, UPT, UPT, UR5, 0x11c00, URZ","172","112","172","524288","524288","524288","1","1","0","31","0","-","-","-","0","0","0","0","0","0","0","0","-","0","0","0","0","0","0","0","0","0","0","0","139","0","0","0","0","0","13","12","0","0","0","8","0","0","0","0","0","108","0","0","0","0","0","0","0","0","0","0","4"
"0x7f34975af1c0","      UIADD3 UR16, UPT, UPT, UR5, 0x15c00, URZ","169","117","169","524288","524288","524288","1","1","0","31","0","-","-","-","0","0","0","0","0","0","0","0","-","0","0","0","0","0","0","0","0","0","0","0","146","0","0","0","0","0","6","11","0","0","0","6","0","0","0","0","0","111","0","0","0","0","0","0","0","0","0","0","6"
"0x7f34975af1d0","      UIADD3 UR8, UPT, UPT, UR6, 0x29600, URZ","162","106","162","524288","524288","524288","1","1","0","31","0","-","-","-","0","0","0","0","0","0","0","0","-","0","0","0","0","0","0","0","0","0","0","0","129","0","0","0","0","0","13","11","0","0","0","9","0","0","0","0","0","97","0","0","0","0","0","0","0","0","0","0","9"
"0x7f34975af1e0","      R2UR UR46, R7","20","7","20","524288","524288","524288","1","1","0","31","0","-","-","-","0","0","0","0","0","0","0","0","-","0","0","0","0","0","0","0","0","0","0","0","0","1","0","0","0","0","2","10","7","0","0","0","0","0","0","0","0","0","1","0","0","0","0","0","0","6","0","0","0"
"0x7f34975af1f0","      R2UR UR45, R6","33","11","33","524288","524288","524288","1","1","0","31","0","-","-","-","0","0","0","0","0","0","0","0","-","0","0","0","0","0","0","0","0","0","0","0","0","4","0","0","0","0","2","18","0","0","0","9","0","0","0","0","0","0","3","0","0","0","0","0","0","0","0","0","8"
"0x7f34975af200","      R2UR UR44, R5","25","7","25","524288","524288","524288","1","1","0","31","0","-","-","-","0","0","0","0","0","0","0","0","-","0","0","0","0","0","0","0","0","0","0","0","0","1","0","0","0","0","3","13","0","0","0","8","0","0","0","0","0","0","0","0","0","0","0","0","0","0","0","0","7"
"0x7f34975af210","      R2UR UR43, R4","35","11","35","524288","524288","524288","1","1","0","31","0","-","-","-","0","0","0","0","0","0","0","0","-","0","0","0","0","0","0","0","0","0","0","0","0","3","0","0","0","0","10","9","0","0","0","13","0","0","0","0","0","0","2","0","0","0","0","0","0","0","0","0","9"
"0x7f34975af220","      UMOV UR38, UR46","93","59","93","524288","524288","524288","1","1","0","31","0","-","-","-","0","0","0","0","0","0","0","0","-","0","0","0","0","0","0","0","0","1","0","0","0","0","0","0","0","0","9","9","0","0","0","74","0","0","1","0","0","0","0","0","0","0","0","0","0","0","0","0","58"
"0x7f34975af230","      UMOV UR30, UR46","14","0","14","524288","524288","524288","1","1","0","31","0","-","-","-","0","0","0","0","0","0","0","0","-","0","0","0","0","0","0","0","0","0","0","0","0","0","0","0","0","0","0","14","0","0","0","0","0","0","0","0","0","0","0","0","0","0","0","0","0","0","0","0","0"
"0x7f34975af240","      UMOV UR37, UR45","16","0","16","524288","524288","524288","1","1","0","31","0","-","-","-","0","0","0","0","0","0","0","0","-","0","0","0","0","0","0","0","0","0","0","0","0","0","0","0","0","0","0","16","0","0","0","0","0","0","0","0","0","0","0","0","0","0","0","0","0","0","0","0","0"
"0x7f34975af250","      UMOV UR29, UR45","15","0","15","524288","524288","524288","1","1","0","31","0","-","-","-","0","0","0","0","0","0","0","0","-","0","0","0","0","0","0","0","0","0","0","0","0","0","0","0","0","0","0","15","0","0","0","0","0","0","0","0","0","0","0","0","0","0","0","0","0","0","0","0","0"
"0x7f34975af260","      UMOV UR36, UR44","16","0","16","524288","524288","524288","1","1","0","31","0","-","-","-","0","0","0","0","0","0","0","0","-","0","0","0","0","0","0","0","0","0","0","0","0","0","0","0","0","0","0","16","0","0","0","0","0","0","0","0","0","0","0","0","0","0","0","0","0","0","0","0","0"
"0x7f34975af270","      UMOV UR28, UR44","16","0","16","524288","524288","524288","1","1","0","31","0","-","-","-","0","0","0","0","0","0","0","0","-","0","0","0","0","0","0","0","0","2","0","0","0","0","0","0","0","0","0","14","0","0","0","0","0","0","0","0","0","0","0","0","0","0","0","0","0","0","0","0","0"
"0x7f34975af280","      UMOV UR35, UR43","21","0","21","524288","524288","524288","1","1","0","31","0","-","-","-","0","0","0","0","0","0","0","0","-","0","0","0","0","0","0","0","0","13","0","0","0","0","0","0","0","0","0","8","0","0","0","0","0","0","0","0","0","0","0","0","0","0","0","0","0","0","0","0","0"
"0x7f34975af290","      UTMALDG.2D.GATHER4 [UR40], [UR72]","10","0","10","524288","524288","524288","1","1","0","31","0","Global,Shared","-","-","0","0","0","0","0","0","0","0","-","0","0","0","0","0","0","0","0","7","0","0","0","0","0","0","0","0","0","3","0","0","0","0","0","0","0","0","0","0","0","0","0","0","0","0","0","0","0","0","0"
"0x7f34975af2a0","      UMOV UR27, UR43","15","0","15","524288","524288","524288","1","1","0","31","0","-","-","-","0","0","0","0","0","0","0","0","-","0","0","0","0","0","0","0","0","1","0","0","0","0","0","0","0","0","0","14","0","0","0","0","0","0","0","0","0","0","0","0","0","0","0","0","0","0","0","0","0"
"0x7f34975af2b0","      UMOV UR19, UR43","14","0","14","524288","524288","524288","1","1","0","31","0","-","-","-","0","0","0","0","0","0","0","0","-","0","0","0","0","0","0","0","0","1","0","0","0","0","0","0","0","0","0","13","0","0","0","0","0","0","0","0","0","0","0","0","0","0","0","0","0","0","0","0","0"
"0x7f34975af2c0","      UMOV UR20, UR44","9","0","9","524288","524288","524288","1","1","0","31","0","-","-","-","0","0","0","0","0","0","0","0","-","0","0","0","0","0","0","0","0","0","0","0","0","0","0","0","0","0","0","9","0","0","0","0","0","0","0","0","0","0","0","0","0","0","0","0","0","0","0","0","0"
"0x7f34975af2d0","      UMOV UR21, UR45","12","0","12","524288","524288","524288","1","1","0","31","0","-","-","-","0","0","0","0","0","0","0","0","-","0","0","0","0","0","0","0","0","0","0","0","0","0","0","0","0","0","0","12","0","0","0","0","0","0","0","0","0","0","0","0","0","0","0","0","0","0","0","0","0"
"0x7f34975af2e0","      UMOV UR22, UR46","12","0","12","524288","524288","524288","1","1","0","31","0","-","-","-","0","0","0","0","0","0","0","0","-","0","0","0","0","0","0","0","0","0","0","0","0","0","0","0","0","0","0","12","0","0","0","0","0","0","0","0","0","0","0","0","0","0","0","0","0","0","0","0","0"
"0x7f34975af2f0","      UMOV UR11, UR43","14","0","14","524288","524288","524288","1","1","0","31","0","-","-","-","0","0","0","0","0","0","0","0","-","0","0","0","0","0","0","0","0","0","0","0","0","0","0","0","0","0","0","14","0","0","0","0","0","0","0","0","0","0","0","0","0","0","0","0","0","0","0","0","0"
"0x7f34975af300","      UMOV UR12, UR44","16","0","16","524288","524288","524288","1","1","0","31","0","-","-","-","0","0","0","0","0","0","0","0","-","0","0","0","0","0","0","0","0","0","0","0","0","0","0","0","0","3","0","13","0","0","0","0","0","0","0","0","0","0","0","0","0","0","0","0","0","0","0","0","0"
"0x7f34975af310","      UTMALDG.2D.GATHER4 [UR32], [UR72]","14","0","14","524288","524288","524288","1","1","0","31","0","Global,Shared","-","-","0","0","0","0","0","0","0","0","-","0","0","0","0","0","0","0","0","0","0","0","0","0","0","0","0","0","0","14","0","0","0","0","0","0","0","0","0","0","0","0","0","0","0","0","0","0","0","0","0"
"0x7f34975af320","      UMOV UR13, UR45","10","0","10","524288","524288","524288","1","1","0","31","0","-","-","-","0","0","0","0","0","0","0","0","-","0","0","0","0","0","0","0","0","0","0","0","0","0","0","0","0","0","0","10","0","0","0","0","0","0","0","0","0","0","0","0","0","0","0","0","0","0","0","0","0"
"0x7f34975af330","      UMOV UR14, UR46","8","0","8","524288","524288","524288","1","1","0","31","0","-","-","-","0","0","0","0","0","0","0","0","-","0","0","0","0","0","0","0","0","0","0","0","0","0","0","0","0","0","0","8","0","0","0","0","0","0","0","0","0","0","0","0","0","0","0","0","0","0","0","0","0"
"0x7f34975af340","      UTMALDG.2D.GATHER4 [UR24], [UR72]","7","0","7","524288","524288","524288","1","1","0","31","0","Global,Shared","-","-","0","0","0","0","0","0","0","0","-","0","0","0","0","0","0","0","0","0","0","0","0","0","0","0","0","0","0","7","0","0","0","0","0","0","0","0","0","0","0","0","0","0","0","0","0","0","0","0","0"
"0x7f34975af350","      UTMALDG.2D.GATHER4 [UR16], [UR72]","16","0","16","524288","524288","524288","1","1","0","31","0","Global,Shared","-","-","0","0","0","0","0","0","0","0","-","0","0","0","0","0","0","0","0","0","0","0","0","0","0","0","0","0","0","16","0","0","0","0","0","0","0","0","0","0","0","0","0","0","0","0","0","0","0","0","0"
"0x7f34975af360","      UTMALDG.2D.GATHER4 [UR8], [UR74]","156","81","156","524288","524288","524288","1","1","0","31","0","Global,Shared","-","-","0","0","0","0","0","0","0","0","-","0","0","0","0","0","0","0","0","0","0","0","0","0","0","133","0","0","11","12","0","0","0","0","0","0","0","0","0","0","0","0","81","0","0","0","0","0","0","0","0"
"0x7f34975af370","      UIADD3 UR40, UPT, UPT, UR5, 0x9e00, URZ","11","0","11","524288","524288","524288","1","1","0","31","0","-","-","-","0","0","0","0","0","0","0","0","-","0","0","0","0","0","0","0","0","0","0","0","0","0","0","0","0","0","0","11","0","0","0","0","0","0","0","0","0","0","0","0","0","0","0","0","0","0","0","0","0"
"0x7f34975af380","      LDS.128 R4, [UR15+0x2f170]","14","2","14","524288","524288","524288","1","1","0","31","0","Shared","Load","128","0","1","0","524288","524288","0","0","0","-","0","0","0","0","0","0","0","0","0","0","0","0","0","0","0","0","2","0","12","0","0","0","0","0","0","0","0","0","0","0","0","0","0","2","0","0","0","0","0","0"
"0x7f34975af390","      UIADD3 UR32, UPT, UPT, UR5, 0xde00, URZ","47","34","47","524288","524288","524288","1","1","0","31","0","-","-","-","0","0","0","0","0","0","0","0","-","0","0","0","0","0","0","0","0","0","0","0","38","0","0","0","0","0","1","8","0","0","0","0","0","0","0","0","0","34","0","0","0","0","0","0","0","0","0","0","0"
"0x7f34975af3a0","      UIADD3 UR24, UPT, UPT, UR5, 0x11e00, URZ","161","132","161","524288","524288","524288","1","1","0","31","0","-","-","-","0","0","0","0","0","0","0","0","-","0","0","0","0","0","0","0","0","0","0","0","141","0","0","0","0","0","2","6","0","0","0","12","0","0","0","0","0","121","0","0","0","0","0","0","0","0","0","0","11"
"0x7f34975af3b0","      UIADD3 UR16, UPT, UPT, UR5, 0x15e00, URZ","172","137","172","524288","524288","524288","1","1","0","31","0","-","-","-","0","0","0","0","0","0","0","0","-","0","0","0","0","0","0","0","0","0","0","0","149","0","0","0","0","0","4","9","0","0","0","10","0","0","0","0","0","127","0","0","0","0","0","0","0","0","0","0","10"
"0x7f34975af3c0","      UIADD3 UR8, UPT, UPT, UR6, 0x29700, URZ","171","127","171","524288","524288","524288","1","1","0","31","0","-","-","-","0","0","0","0","0","0","0","0","-","0","0","0","0","0","0","0","0","0","0","0","153","0","0","0","0","0","4","10","0","0","0","4","0","0","0","0","0","123","0","0","0","0","0","0","0","0","0","0","4"
"0x7f34975af3d0","      R2UR UR46, R7","16","8","16","524288","524288","524288","1","1","0","31","0","-","-","-","0","0","0","0","0","0","0","0","-","0","0","0","0","0","0","0","0","0","0","0","0","2","0","0","0","0","2","6","6","0","0","0","0","0","0","0","0","0","2","0","0","0","0","0","0","6","0","0","0"
"0x7f34975af3e0","      R2UR UR45, R6","30","9","30","524288","524288","524288","1","1","0","31","0","-","-","-","0","0","0","0","0","0","0","0","-","0","0","0","0","0","0","0","0","0","0","0","0","0","0","0","0","0","4","14","0","0","0","12","0","0","0","0","0","0","0","0","0","0","0","0","0","0","0","0","9"
"0x7f34975af3f0","      R2UR UR44, R5","22","9","22","524288","524288","524288","1","1","0","31","0","-","-","-","0","0","0","0","0","0","0","0","-","0","0","0","0","0","0","0","0","0","0","0","0","0","0","0","0","0","1","11","0","0","0","10","0","0","0","0","0","0","0","0","0","0","0","0","0","0","0","0","9"
"0x7f34975af400","      R2UR UR43, R4","20","9","20","524288","524288","524288","1","1","0","31","0","-","-","-","0","0","0","0","0","0","0","0","-","0","0","0","0","0","0","0","0","0","0","0","0","0","0","0","0","0","1","7","0","0","0","12","0","0","0","0","0","0","0","0","0","0","0","0","0","0","0","0","9"
"0x7f34975af410","      UMOV UR38, UR46","83","58","83","524288","524288","524288","1","1","0","31","0","-","-","-","0","0","0","0","0","0","0","0","-","0","0","0","0","0","0","0","0","0","0","0","0","0","0","0","0","0","4","6","0","0","0","73","0","0","0","0","0","0","0","0","0","0","0","0","0","0","0","0","58"
"0x7f34975af420","      UMOV UR30, UR46","8","0","8","524288","524288","524288","1","1","0","31","0","-","-","-","0","0","0","0","0","0","0","0","-","0","0","0","0","0","0","0","0","0","0","0","0","0","0","0","0","0","0","8","0","0","0","0","0","0","0","0","0","0","0","0","0","0","0","0","0","0","0","0","0"
"0x7f34975af430","      UMOV UR37, UR45","13","0","13","524288","524288","524288","1","1","0","31","0","-","-","-","0","0","0","0","0","0","0","0","-","0","0","0","0","0","0","0","0","0","0","0","0","0","0","0","0","0","0","13","0","0","0","0","0","0","0","0","0","0","0","0","0","0","0","0","0","0","0","0","0"
"0x7f34975af440","      UMOV UR29, UR45","19","0","19","524288","524288","524288","1","1","0","31","0","-","-","-","0","0","0","0","0","0","0","0","-","0","0","0","0","0","0","0","0","0","0","0","0","0","0","0","0","0","0","19","0","0","0","0","0","0","0","0","0","0","0","0","0","0","0","0","0","0","0","0","0"
"0x7f34975af450","      UMOV UR36, UR44","4","0","4","524288","524288","524288","1","1","0","31","0","-","-","-","0","0","0","0","0","0","0","0","-","0","0","0","0","0","0","0","0","1","0","0","0","0","0","0","0","0","0","3","0","0","0","0","0","0","0","0","0","0","0","0","0","0","0","0","0","0","0","0","0"
"0x7f34975af460","      UMOV UR28, UR44","12","0","12","524288","524288","524288","1","1","0","31","0","-","-","-","0","0","0","0","0","0","0","0","-","0","0","0","0","0","0","0","0","2","0","0","0","0","0","0","0","0","0","10","0","0","0","0","0","0","0","0","0","0","0","0","0","0","0","0","0","0","0","0","0"
"0x7f34975af470","      UMOV UR35, UR43","21","0","21","524288","524288","524288","1","1","0","31","0","-","-","-","0","0","0","0","0","0","0","0","-","0","0","0","0","0","0","0","0","10","0","0","0","0","0","0","0","0","0","11","0","0","0","0","0","0","0","0","0","0","0","0","0","0","0","0","0","0","0","0","0"
"0x7f34975af480","      UTMALDG.2D.GATHER4 [UR40], [UR72]","21","0","21","524288","524288","524288","1","1","0","31","0","Global,Shared","-","-","0","0","0","0","0","0","0","0","-","0","0","0","0","0","0","0","0","5","0","0","0","0","0","0","0","0","0","16","0","0","0","0","0","0","0","0","0","0","0","0","0","0","0","0","0","0","0","0","0"
"0x7f34975af490","      UMOV UR27, UR43","12","0","12","524288","524288","524288","1","1","0","31","0","-","-","-","0","0","0","0","0","0","0","0","-","0","0","0","0","0","0","0","0","0","0","0","0","0","0","0","0","0","0","12","0","0","0","0","0","0","0","0","0","0","0","0","0","0","0","0","0","0","0","0","0"
"0x7f34975af4a0","      UMOV UR19, UR43","12","0","12","524288","524288","524288","1","1","0","31","0","-","-","-","0","0","0","0","0","0","0","0","-","0","0","0","0","0","0","0","0","0","0","0","0","0","0","0","0","0","0","12","0","0","0","0","0","0","0","0","0","0","0","0","0","0","0","0","0","0","0","0","0"
"0x7f34975af4b0","      UMOV UR20, UR44","5","0","5","524288","524288","524288","1","1","0","31","0","-","-","-","0","0","0","0","0","0","0","0","-","0","0","0","0","0","0","0","0","0","0","0","0","0","0","0","0","0","0","5","0","0","0","0","0","0","0","0","0","0","0","0","0","0","0","0","0","0","0","0","0"
"0x7f34975af4c0","      UMOV UR21, UR45","18","0","18","524288","524288","524288","1","1","0","31","0","-","-","-","0","0","0","0","0","0","0","0","-","0","0","0","0","0","0","0","0","0","0","0","0","0","0","0","0","0","0","18","0","0","0","0","0","0","0","0","0","0","0","0","0","0","0","0","0","0","0","0","0"
"0x7f34975af4d0","      UMOV UR22, UR46","10","0","10","524288","524288","524288","1","1","0","31","0","-","-","-","0","0","0","0","0","0","0","0","-","0","0","0","0","0","0","0","0","0","0","0","0","0","0","0","0","0","0","10","0","0","0","0","0","0","0","0","0","0","0","0","0","0","0","0","0","0","0","0","0"
"0x7f34975af4e0","      UMOV UR11, UR43","10","0","10","524288","524288","524288","1","1","0","31","0","-","-","-","0","0","0","0","0","0","0","0","-","0","0","0","0","0","0","0","0","0","0","0","0","0","0","0","0","0","0","10","0","0","0","0","0","0","0","0","0","0","0","0","0","0","0","0","0","0","0","0","0"
"0x7f34975af4f0","      UMOV UR12, UR44","5","0","5","524288","524288","524288","1","1","0","31","0","-","-","-","0","0","0","0","0","0","0","0","-","0","0","0","0","0","0","0","0","0","0","0","0","0","0","0","0","0","0","5","0","0","0","0","0","0","0","0","0","0","0","0","0","0","0","0","0","0","0","0","0"
"0x7f34975af500","      UTMALDG.2D.GATHER4 [UR32], [UR72]","29","15","29","524288","524288","524288","1","1","0","31","0","Global,Shared","-","-","0","0","0","0","0","0","0","0","-","0","0","0","0","0","0","0","0","0","0","0","0","0","0","0","0","20","0","9","0","0","0","0","0","0","0","0","0","0","0","0","0","0","15","0","0","0","0","0","0"
"0x7f34975af510","      UMOV UR13, UR45","9","0","9","524288","524288","524288","1","1","0","31","0","-","-","-","0","0","0","0","0","0","0","0","-","0","0","0","0","0","0","0","0","0","0","0","0","0","0","0","0","0","0","9","0","0","0","0","0","0","0","0","0","0","0","0","0","0","0","0","0","0","0","0","0"
"0x7f34975af520","      UMOV UR14, UR46","9","0","9","524288","524288","524288","1","1","0","31","0","-","-","-","0","0","0","0","0","0","0","0","-","0","0","0","0","0","0","0","0","0","0","0","0","0","0","0","0","0","0","9","0","0","0","0","0","0","0","0","0","0","0","0","0","0","0","0","0","0","0","0","0"
"0x7f34975af530","      UTMALDG.2D.GATHER4 [UR24], [UR72]","18","0","18","524288","524288","524288","1","1","0","31","0","Global,Shared","-","-","0","0","0","0","0","0","0","0","-","0","0","0","0","0","0","0","0","0","0","0","0","0","0","0","0","0","0","18","0","0","0","0","0","0","0","0","0","0","0","0","0","0","0","0","0","0","0","0","0"
"0x7f34975af540","      UTMALDG.2D.GATHER4 [UR16], [UR72]","20","0","20","524288","524288","524288","1","1","0","31","0","Global,Shared","-","-","0","0","0","0","0","0","0","0","-","0","0","0","0","0","0","0","0","0","0","0","0","0","0","1","0","0","0","19","0","0","0","0","0","0","0","0","0","0","0","0","0","0","0","0","0","0","0","0","0"
"0x7f34975af550","      UTMALDG.2D.GATHER4 [UR8], [UR74]","168","80","168","524288","524288","524288","1","1","0","31","0","Global,Shared","-","-","0","0","0","0","0","0","0","0","-","0","0","0","0","0","0","0","0","0","0","0","0","0","0","152","0","0","9","7","0","0","0","0","0","0","0","0","0","0","0","0","80","0","0","0","0","0","0","0","0"
"0x7f34975af560","      NOP","8","0","8","524288","524288","524288","1","1","0","31","0","-","-","-","0","0","0","0","0","0","0","0","-","0","0","0","0","0","0","0","0","0","0","0","0","0","0","0","0","0","0","8","0","0","0","0","0","0","0","0","0","0","0","0","0","0","0","0","0","0","0","0","0"
"0x7f34975af570","      NOP","65","29","65","1048576","16777216","16777216","16","16","15","16","0","-","-","-","0","0","0","0","0","0","0","0","-","0","0","0","0","0","0","0","32","0","0","0","0","0","0","0","0","19","4","10","0","0","0","0","0","16","0","0","0","0","0","0","0","0","13","0","0","0","0","0","0"
"0x7f34975af580","      BSYNC.RECONVERGENT B0","624","375","624","1048576","16777216","16777216","16","16","0","16","0","-","-","-","0","0","0","0","0","0","0","0","-","0","0","0","0","0","0","0","0","1","0","0","571","0","0","0","0","15","14","23","0","0","0","0","0","0","1","0","0","365","0","0","0","0","9","0","0","0","0","0","0"
"0x7f34975af590","      BAR.SYNC.DEFER_BLOCKING 0x2, 0x80","263","109","263","524288","16777216","16777216","32","32","16","0","0","-","-","-","0","0","0","0","0","0","0","0","-","0","0","0","0","0","0","0","152","2","0","0","0","0","0","0","0","0","5","20","0","0","0","84","0","72","2","0","0","0","0","0","0","0","0","0","0","0","0","0","35"
"0x7f34975af5a0","      ISETP.NE.U32.AND P1, PT, R0, RZ, PT","12","0","12","524288","16777216","16777216","32","32","0","0","0","-","-","-","0","0","0","0","0","0","0","0","-","0","0","0","0","0","0","0","0","0","0","0","0","0","0","0","0","0","0","12","0","0","0","0","0","0","0","0","0","0","0","0","0","0","0","0","0","0","0","0","0"
"0x7f34975af5b0","@P0   IMAD.MOV R2, RZ, RZ, R9","15","0","15","524288","16777216","8388608","32","16","16","16","0","-","-","-","0","0","0","0","0","0","0","0","-","0","0","0","0","0","0","0","0","1","0","0","0","0","0","0","0","0","0","14","0","0","0","0","0","0","0","0","0","0","0","0","0","0","0","0","0","0","0","0","0"
"0x7f34975af5c0","      SEL R3, R3, RZ, P0","7","0","7","524288","16777216","16777216","32","32","16","0","0","-","-","-","0","0","0","0","0","0","0","0","-","0","0","0","0","0","0","0","0","0","0","0","0","0","0","0","0","0","0","7","0","0","0","0","0","0","0","0","0","0","0","0","0","0","0","0","0","0","0","0","0"
"0x7f34975af5d0","@!P1  EXIT","502","186","502","524288","16777216","1048576","32","2","30","30","0","-","-","-","0","0","0","0","0","0","0","0","-","0","0","0","0","0","0","456","0","1","0","0","0","0","0","0","0","0","20","8","0","0","0","17","185","0","0","0","0","0","0","0","0","0","0","0","0","0","0","0","1"
"0x7f34975af5e0","      VIADD R10, R10, 0x80","65","27","65","491520","15728640","15728640","32","32","30","0","0","-","-","-","0","0","0","0","0","0","0","0","-","0","0","0","0","0","0","0","8","0","0","0","0","3","0","0","0","0","5","7","0","0","0","42","0","5","0","0","0","0","0","0","0","0","0","0","0","0","0","0","22"
"0x7f34975af5f0","      MOV R9, R2","11","0","11","491520","15728640","15728640","32","32","0","0","0","-","-","-","0","0","0","0","0","0","0","0","-","0","0","0","0","0","0","0","0","2","0","0","0","0","0","0","0","0","0","9","0","0","0","0","0","0","0","0","0","0","0","0","0","0","0","0","0","0","0","0","0"
"0x7f34975af600","      VIADD R8, R8, 0x80","9","0","9","491520","15728640","15728640","32","32","0","0","0","-","-","-","0","0","0","0","0","0","0","0","-","0","0","0","0","0","0","0","0","0","0","0","0","0","0","0","0","0","0","9","0","0","0","0","0","0","0","0","0","0","0","0","0","0","0","0","0","0","0","0","0"
"0x7f34975af610","      MOV R4, R0","11","0","11","491520","15728640","15728640","32","32","0","0","0","-","-","-","0","0","0","0","0","0","0","0","-","0","0","0","0","0","0","0","0","1","0","0","0","0","0","0","0","0","0","10","0","0","0","0","0","0","0","0","0","0","0","0","0","0","0","0","0","0","0","0","0"
"0x7f34975af620","      UIADD3 UR47, UPT, UPT, UR47, 0x1, URZ","7","0","7","491520","15728640","15728640","32","32","0","0","0","-","-","-","0","0","0","0","0","0","0","0","-","0","0","0","0","0","0","0","0","0","0","0","0","0","0","0","0","0","0","7","0","0","0","0","0","0","0","0","0","0","0","0","0","0","0","0","0","0","0","0","0"
"0x7f34975af630","      BRA 0x7f34975ae250","11","0","11","491520","15728640","15728640","32","32","0","0","0","-","-","-","0","0","0","0","0","0","0","0","-","0","0","0","0","0","0","0","0","0","0","0","0","0","0","0","0","0","0","11","0","0","0","0","0","0","0","0","0","0","0","0","0","0","0","0","0","0","0","0","0"
"0x7f34975af640","      UISETP.NE.U32.AND UP0, UPT, UR39, 0xc, UPT","92","40","92","73728","2359296","2359296","32","32","0","0","0","-","-","-","0","0","0","0","0","0","0","0","-","0","0","0","0","0","0","0","6","0","0","0","0","1","0","0","0","34","0","13","0","0","0","38","0","6","0","0","0","0","1","0","0","0","33","0","0","0","0","0","0"
"0x7f34975af650","      BRA.U UP0, 0x7f34975b0610","13","10","13","73728","2359296","2359296","32","32","0","0","0","-","-","-","0","0","0","0","0","0","0","0","-","0","0","0","0","0","0","0","0","0","0","0","0","0","0","0","0","0","0","0","0","0","0","13","0","0","0","0","0","0","0","0","0","0","0","0","0","0","0","0","10"
"0x7f34975af660","      SHF.L.U32 R4, RZ, 0x1f, RZ","9","8","9","8192","262144","262144","32","32","0","0","0","-","-","-","0","0","0","0","0","0","0","0","-","0","0","0","0","0","0","0","0","0","0","0","0","0","0","0","0","0","0","1","0","0","0","8","0","0","0","0","0","0","0","0","0","0","0","0","0","0","0","0","8"
"0x7f34975af670","      LDS R2, [UR4+0x2f940]","0","0","0","8192","262144","262144","32","32","0","0","0","Shared","Load","32","0","1","0","8192","8192","0","0","0","-","0","0","0","0","0","0","0","0","0","0","0","0","0","0","0","0","0","0","0","0","0","0","0","0","0","0","0","0","0","0","0","0","0","0","0","0","0","0","0","0"
"0x7f34975af680","      SYNCS.PHASECHK.TRANS64.TRYWAIT P0, [UR4+0x2f938], R4","4","2","4","8192","262144","262144","32","32","0","0","0","-","-","-","0","0","0","0","0","0","0","0","-","0","0","0","0","0","0","0","0","0","0","0","0","0","0","0","0","4","0","0","0","0","0","0","0","0","0","0","0","0","0","0","0","0","2","0","0","0","0","0","0"
"0x7f34975af690","@!P0  BRA 0x7f34975b2d30","380","344","380","8192","262144","262144","32","32","0","0","0","-","-","-","0","0","0","0","0","0","0","0","-","0","0","0","0","0","0","0","0","0","0","0","380","0","0","0","0","0","0","0","0","0","0","0","0","0","0","0","0","344","0","0","0","0","0","0","0","0","0","0","0"
"0x7f34975af6a0","      LDCU.64 UR6, c[0x0][0x398]","0","0","0","8192","262144","262144","32","32","0","0","0","-","-","-","0","0","0","0","0","0","0","0","-","0","0","0","0","0","0","0","0","0","0","0","0","0","0","0","0","0","0","0","0","0","0","0","0","0","0","0","0","0","0","0","0","0","0","0","0","0","0","0","0"
"0x7f34975af6b0","      UIMAD.WIDE.U32 UR6, UR28, 0x4, UR6","3","1","3","8192","262144","262144","32","32","0","0","0","-","-","-","0","0","0","0","0","0","0","0","-","0","0","0","0","0","0","0","0","0","0","0","0","0","0","0","0","0","2","0","1","0","0","0","0","0","0","0","0","0","0","0","0","0","0","0","0","1","0","0","0"
"0x7f34975af6c0","      IMAD.U32 R6, RZ, RZ, UR6","1","1","1","8192","262144","262144","32","32","0","0","0","-","-","-","0","0","0","0","0","0","0","0","-","0","0","0","0","0","0","0","0","0","0","0","0","0","0","0","0","0","0","0","0","0","0","1","0","0","0","0","0","0","0","0","0","0","0","0","0","0","0","0","1"
"0x7f34975af6d0","      IMAD.U32 R7, RZ, RZ, UR7","1","1","1","8192","262144","262144","32","32","0","0","0","-","-","-","0","0","0","0","0","0","0","0","-","0","0","0","0","0","0","0","0","0","0","0","0","0","0","0","0","0","0","0","0","0","0","1","0","0","0","0","0","0","0","0","0","0","0","0","0","0","0","0","1"
"0x7f34975af6e0","      LDG.E R6, desc[UR76][R6.64]","1","1","1","8192","262144","262144","32","32","0","0","0","Global","Load","32","8192","0","0","0","0","0","8192","8192","","0","0","0","0","0","0","0","0","0","0","0","0","0","0","0","0","0","0","0","0","0","0","1","0","0","0","0","0","0","0","0","0","0","0","0","0","0","0","0","1"
"0x7f34975af6f0","      R2UR UR56, R2","0","0","0","8192","262144","262144","32","32","0","0","0","-","-","-","0","0","0","0","0","0","0","0","-","0","0","0","0","0","0","0","0","0","0","0","0","0","0","0","0","0","0","0","0","0","0","0","0","0","0","0","0","0","0","0","0","0","0","0","0","0","0","0","0"
"0x7f34975af700","      SHF.R.S32.HI R3, RZ, 0x1f, R6","4","4","4","8192","262144","262144","32","32","0","0","0","-","-","-","0","0","0","0","0","0","0","0","-","0","0","0","0","0","0","0","0","0","0","0","4","0","0","0","0","0","0","0","0","0","0","0","0","0","0","0","0","4","0","0","0","0","0","0","0","0","0","0","0"
"0x7f34975af710","      LEA.HI R4, R3, R6, RZ, 0x7","3","1","3","8192","262144","262144","32","32","0","0","0","-","-","-","0","0","0","0","0","0","0","0","-","0","0","0","0","0","0","0","0","0","0","0","0","0","0","0","0","0","1","1","0","0","0","1","0","0","0","0","0","0","0","0","0","0","0","0","0","0","0","0","1"
"0x7f34975af720","      LOP3.LUT R3, R4, 0xffffff80, RZ, 0xc0, !PT","1","0","1","8192","262144","262144","32","32","0","0","0","-","-","-","0","0","0","0","0","0","0","0","-","0","0","0","0","0","0","0","0","0","0","0","0","0","0","0","0","0","1","0","0","0","0","0","0","0","0","0","0","0","0","0","0","0","0","0","0","0","0","0","0"
"0x7f34975af730","      ISETP.NE.U32.AND P0, PT, R6, R3, PT","1","0","1","8192","262144","262144","32","32","0","0","0","-","-","-","0","0","0","0","0","0","0","0","-","0","0","0","0","0","0","0","0","0","0","0","0","0","0","0","0","0","0","0","0","0","0","1","0","0","0","0","0","0","0","0","0","0","0","0","0","0","0","0","0"
"0x7f34975af740","      SHF.R.S32.HI R3, RZ, 0x7, R4","0","0","0","8192","262144","262144","32","32","0","0","0","-","-","-","0","0","0","0","0","0","0","0","-","0","0","0","0","0","0","0","0","0","0","0","0","0","0","0","0","0","0","0","0","0","0","0","0","0","0","0","0","0","0","0","0","0","0","0","0","0","0","0","0"
"0x7f34975af750","      ISETP.GT.AND P0, PT, R6, -0x1, P0","1","0","1","8192","262144","262144","32","32","0","0","0","-","-","-","0","0","0","0","0","0","0","0","-","0","0","0","0","0","0","0","0","0","0","0","0","0","0","0","0","0","1","0","0","0","0","0","0","0","0","0","0","0","0","0","0","0","0","0","0","0","0","0","0"
"0x7f34975af760","      LEA.HI.SX32 R4, R4, 0x1, 0x19","0","0","0","8192","262144","262144","32","32","0","0","0","-","-","-","0","0","0","0","0","0","0","0","-","0","0","0","0","0","0","0","0","0","0","0","0","0","0","0","0","0","0","0","0","0","0","0","0","0","0","0","0","0","0","0","0","0","0","0","0","0","0","0","0"
"0x7f34975af770","@!P0  IMAD.MOV R4, RZ, RZ, R3","1","0","1","8192","262144","262144","32","32","0","0","0","-","-","-","0","0","0","0","0","0","0","0","-","0","0","0","0","0","0","0","0","0","0","0","0","0","0","0","0","0","0","0","0","0","0","1","0","0","0","0","0","0","0","0","0","0","0","0","0","0","0","0","0"
"0x7f34975af780","      ISETP.GE.AND P0, PT, R4, 0x1, PT","4","0","4","8192","262144","262144","32","32","0","0","0","-","-","-","0","0","0","0","0","0","0","0","-","0","0","0","0","0","0","0","0","0","0","0","0","1","0","0","0","0","1","0","0","0","0","2","0","0","0","0","0","0","0","0","0","0","0","0","0","0","0","0","0"
"0x7f34975af790","@!P0  EXIT","1","1","1","8192","262144","0","32","0","32","32","0","-","-","-","0","0","0","0","0","0","0","0","-","0","0","0","0","0","0","0","0","0","0","0","0","0","0","0","0","0","0","0","0","0","0","1","0","0","0","0","0","0","0","0","0","0","0","0","0","0","0","0","1"
"0x7f34975af7a0","      USHF.R.U32.HI UR6, URZ, 0x4, UR4","0","0","0","8192","262144","262144","32","32","32","0","0","-","-","-","0","0","0","0","0","0","0","0","-","0","0","0","0","0","0","0","0","0","0","0","0","0","0","0","0","0","0","0","0","0","0","0","0","0","0","0","0","0","0","0","0","0","0","0","0","0","0","0","0"
"0x7f34975af7b0","      IADD3 R5, PT, PT, RZ, -R4, RZ","0","0","0","8192","262144","262144","32","32","0","0","0","-","-","-","0","0","0","0","0","0","0","0","-","0","0","0","0","0","0","0","0","0","0","0","0","0","0","0","0","0","0","0","0","0","0","0","0","0","0","0","0","0","0","0","0","0","0","0","0","0","0","0","0"
"0x7f34975af7c0","      UIADD3 UR5, UPT, UPT, UR4, 0x2d000, URZ","0","0","0","8192","262144","262144","32","32","0","0","0","-","-","-","0","0","0","0","0","0","0","0","-","0","0","0","0","0","0","0","0","0","0","0","0","0","0","0","0","0","0","0","0","0","0","0","0","0","0","0","0","0","0","0","0","0","0","0","0","0","0","0","0"
"0x7f34975af7d0","      HFMA2 R4, -RZ, RZ, 0, 0","0","0","0","8192","262144","262144","32","32","0","0","0","-","-","-","0","0","0","0","0","0","0","0","-","0","0","0","0","0","0","0","0","0","0","0","0","0","0","0","0","0","0","0","0","0","0","0","0","0","0","0","0","0","0","0","0","0","0","0","0","0","0","0","0"
"0x7f34975af7e0","      ULOP3.LUT UR6, UR6, 0x3fff, URZ, 0xc0, !UPT","1","0","1","8192","262144","262144","32","32","0","0","0","-","-","-","0","0","0","0","0","0","0","0","-","0","0","0","0","0","0","0","0","0","0","0","0","0","0","0","0","0","0","1","0","0","0","0","0","0","0","0","0","0","0","0","0","0","0","0","0","0","0","0","0"
"0x7f34975af7f0","      IMAD.MOV.U32 R3, RZ, RZ, RZ","0","0","0","8192","262144","262144","32","32","0","0","0","-","-","-","0","0","0","0","0","0","0","0","-","0","0","0","0","0","0","0","0","0","0","0","0","0","0","0","0","0","0","0","0","0","0","0","0","0","0","0","0","0","0","0","0","0","0","0","0","0","0","0","0"
"0x7f34975af800","      USHF.R.U32.HI UR60, URZ, 0x4, UR12","0","0","0","8192","262144","262144","32","32","0","0","0","-","-","-","0","0","0","0","0","0","0","0","-","0","0","0","0","0","0","0","0","0","0","0","0","0","0","0","0","0","0","0","0","0","0","0","0","0","0","0","0","0","0","0","0","0","0","0","0","0","0","0","0"
"0x7f34975af810","      ULOP3.LUT UR54, UR6, 0x10000, URZ, 0xfc, !UPT","0","0","0","8192","262144","262144","32","32","0","0","0","-","-","-","0","0","0","0","0","0","0","0","-","0","0","0","0","0","0","0","0","0","0","0","0","0","0","0","0","0","0","0","0","0","0","0","0","0","0","0","0","0","0","0","0","0","0","0","0","0","0","0","0"
"0x7f34975af820","      USHF.R.U32.HI UR5, URZ, 0x4, UR5","1","0","1","8192","262144","262144","32","32","0","0","0","-","-","-","0","0","0","0","0","0","0","0","-","0","0","0","0","0","0","0","0","0","0","0","0","0","0","0","0","0","0","0","0","0","0","1","0","0","0","0","0","0","0","0","0","0","0","0","0","0","0","0","0"
"0x7f34975af830","      UIADD3 UR26, UPT, UPT, UR54, 0x2, URZ","2","0","2","8192","262144","262144","32","32","0","0","0","-","-","-","0","0","0","0","0","0","0","0","-","0","0","0","0","0","0","0","0","0","0","0","0","0","0","0","0","0","2","0","0","0","0","0","0","0","0","0","0","0","0","0","0","0","0","0","0","0","0","0","0"
"0x7f34975af840","      UIADD3 UR24, UPT, UPT, UR54, 0x4, URZ","1","1","1","8192","262144","262144","32","32","0","0","0","-","-","-","0","0","0","0","0","0","0","0","-","0","0","0","0","0","0","0","0","0","0","0","0","0","0","0","0","0","0","0","0","0","0","1","0","0","0","0","0","0","0","0","0","0","0","0","0","0","0","0","1"
"0x7f34975af850","      UIADD3 UR20, UPT, UPT, UR54, 0x6, URZ","1","0","1","8192","262144","262144","32","32","0","0","0","-","-","-","0","0","0","0","0","0","0","0","-","0","0","0","0","0","0","0","0","0","0","0","0","0","0","0","0","0","0","1","0","0","0","0","0","0","0","0","0","0","0","0","0","0","0","0","0","0","0","0","0"
"0x7f34975af860","      UIADD3 UR18, UPT, UPT, UR54, 0x200, URZ","1","0","1","8192","262144","262144","32","32","0","0","0","-","-","-","0","0","0","0","0","0","0","0","-","0","0","0","0","0","0","0","0","0","0","0","0","0","0","0","0","0","1","0","0","0","0","0","0","0","0","0","0","0","0","0","0","0","0","0","0","0","0","0","0"
"0x7f34975af870","      MOV R26, UR26","0","0","0","8192","262144","262144","32","32","0","0","0","-","-","-","0","0","0","0","0","0","0","0","-","0","0","0","0","0","0","0","0","0","0","0","0","0","0","0","0","0","0","0","0","0","0","0","0","0","0","0","0","0","0","0","0","0","0","0","0","0","0","0","0"
"0x7f34975af880","      UIADD3 UR16, UPT, UPT, UR54, 0x202, URZ","1","0","1","8192","262144","262144","32","32","0","0","0","-","-","-","0","0","0","0","0","0","0","0","-","0","0","0","0","0","0","0","0","0","0","0","0","0","0","0","0","0","0","1","0","0","0","0","0","0","0","0","0","0","0","0","0","0","0","0","0","0","0","0","0"
"0x7f34975af890","      MOV R24, UR24","0","0","0","8192","262144","262144","32","32","0","0","0","-","-","-","0","0","0","0","0","0","0","0","-","0","0","0","0","0","0","0","0","0","0","0","0","0","0","0","0","0","0","0","0","0","0","0","0","0","0","0","0","0","0","0","0","0","0","0","0","0","0","0","0"
"0x7f34975af8a0","      UIADD3 UR14, UPT, UPT, UR54, 0x204, URZ","0","0","0","8192","262144","262144","32","32","0","0","0","-","-","-","0","0","0","0","0","0","0","0","-","0","0","0","0","0","0","0","0","0","0","0","0","0","0","0","0","0","0","0","0","0","0","0","0","0","0","0","0","0","0","0","0","0","0","0","0","0","0","0","0"
"0x7f34975af8b0","      MOV R22, UR20","1","0","1","8192","262144","262144","32","32","0","0","0","-","-","-","0","0","0","0","0","0","0","0","-","0","0","0","0","0","0","0","0","0","0","0","0","0","0","0","0","0","0","1","0","0","0","0","0","0","0","0","0","0","0","0","0","0","0","0","0","0","0","0","0"
"0x7f34975af8c0","      UIADD3 UR10, UPT, UPT, UR54, 0x206, URZ","0","0","0","8192","262144","262144","32","32","0","0","0","-","-","-","0","0","0","0","0","0","0","0","-","0","0","0","0","0","0","0","0","0","0","0","0","0","0","0","0","0","0","0","0","0","0","0","0","0","0","0","0","0","0","0","0","0","0","0","0","0","0","0","0"
"0x7f34975af8d0","      MOV R20, UR18","0","0","0","8192","262144","262144","32","32","0","0","0","-","-","-","0","0","0","0","0","0","0","0","-","0","0","0","0","0","0","0","0","0","0","0","0","0","0","0","0","0","0","0","0","0","0","0","0","0","0","0","0","0","0","0","0","0","0","0","0","0","0","0","0"
"0x7f34975af8e0","      UIADD3 UR8, UPT, UPT, UR54, 0x400, URZ","0","0","0","8192","262144","262144","32","32","0","0","0","-","-","-","0","0","0","0","0","0","0","0","-","0","0","0","0","0","0","0","0","0","0","0","0","0","0","0","0","0","0","0","0","0","0","0","0","0","0","0","0","0","0","0","0","0","0","0","0","0","0","0","0"
"0x7f34975af8f0","      MOV R18, UR16","1","0","1","8192","262144","262144","32","32","0","0","0","-","-","-","0","0","0","0","0","0","0","0","-","0","0","0","0","0","0","0","0","0","0","0","0","0","0","0","0","0","0","1","0","0","0","0","0","0","0","0","0","0","0","0","0","0","0","0","0","0","0","0","0"
"0x7f34975af900","      ULOP3.LUT UR60, UR60, 0x3fff, URZ, 0xc0, !UPT","0","0","0","8192","262144","262144","32","32","0","0","0","-","-","-","0","0","0","0","0","0","0","0","-","0","0","0","0","0","0","0","0","0","0","0","0","0","0","0","0","0","0","0","0","0","0","0","0","0","0","0","0","0","0","0","0","0","0","0","0","0","0","0","0"
"0x7f34975af910","      MOV R16, UR14","1","0","1","8192","262144","262144","32","32","0","0","0","-","-","-","0","0","0","0","0","0","0","0","-","0","0","0","0","0","0","0","0","0","0","0","0","0","0","0","0","0","0","1","0","0","0","0","0","0","0","0","0","0","0","0","0","0","0","0","0","0","0","0","0"
"0x7f34975af920","      ULOP3.LUT UR5, UR5, 0x3fff, URZ, 0xc0, !UPT","1","0","1","8192","262144","262144","32","32","0","0","0","-","-","-","0","0","0","0","0","0","0","0","-","0","0","0","0","0","0","0","0","0","0","0","0","0","0","0","0","0","0","1","0","0","0","0","0","0","0","0","0","0","0","0","0","0","0","0","0","0","0","0","0"
"0x7f34975af930","      MOV R14, UR10","0","0","0","8192","262144","262144","32","32","0","0","0","-","-","-","0","0","0","0","0","0","0","0","-","0","0","0","0","0","0","0","0","0","0","0","0","0","0","0","0","0","0","0","0","0","0","0","0","0","0","0","0","0","0","0","0","0","0","0","0","0","0","0","0"
"0x7f34975af940","      UMOV UR27, 0x40004040","0","0","0","8192","262144","262144","32","32","0","0","0","-","-","-","0","0","0","0","0","0","0","0","-","0","0","0","0","0","0","0","0","0","0","0","0","0","0","0","0","0","0","0","0","0","0","0","0","0","0","0","0","0","0","0","0","0","0","0","0","0","0","0","0"
"0x7f34975af950","      UMOV UR25, 0x40004040","0","0","0","8192","262144","262144","32","32","0","0","0","-","-","-","0","0","0","0","0","0","0","0","-","0","0","0","0","0","0","0","0","0","0","0","0","0","0","0","0","0","0","0","0","0","0","0","0","0","0","0","0","0","0","0","0","0","0","0","0","0","0","0","0"
"0x7f34975af960","      UMOV UR21, 0x40004040","0","0","0","8192","262144","262144","32","32","0","0","0","-","-","-","0","0","0","0","0","0","0","0","-","0","0","0","0","0","0","0","0","0","0","0","0","0","0","0","0","0","0","0","0","0","0","0","0","0","0","0","0","0","0","0","0","0","0","0","0","0","0","0","0"
"0x7f34975af970","      UMOV UR19, 0x40004040","1","0","1","8192","262144","262144","32","32","0","0","0","-","-","-","0","0","0","0","0","0","0","0","-","0","0","0","0","0","0","0","0","0","0","0","0","0","0","0","0","0","0","1","0","0","0","0","0","0","0","0","0","0","0","0","0","0","0","0","0","0","0","0","0"
"0x7f34975af980","      UMOV UR17, 0x40004040","1","0","1","8192","262144","262144","32","32","0","0","0","-","-","-","0","0","0","0","0","0","0","0","-","0","0","0","0","0","0","0","0","0","0","0","0","0","0","0","0","0","1","0","0","0","0","0","0","0","0","0","0","0","0","0","0","0","0","0","0","0","0","0","0"
"0x7f34975af990","      UMOV UR15, 0x40004040","0","0","0","8192","262144","262144","32","32","0","0","0","-","-","-","0","0","0","0","0","0","0","0","-","0","0","0","0","0","0","0","0","0","0","0","0","0","0","0","0","0","0","0","0","0","0","0","0","0","0","0","0","0","0","0","0","0","0","0","0","0","0","0","0"
"0x7f34975af9a0","      UMOV UR11, 0x40004040","0","0","0","8192","262144","262144","32","32","0","0","0","-","-","-","0","0","0","0","0","0","0","0","-","0","0","0","0","0","0","0","0","0","0","0","0","0","0","0","0","0","0","0","0","0","0","0","0","0","0","0","0","0","0","0","0","0","0","0","0","0","0","0","0"
"0x7f34975af9b0","      UMOV UR9, 0x40004040","0","0","0","8192","262144","262144","32","32","0","0","0","-","-","-","0","0","0","0","0","0","0","0","-","0","0","0","0","0","0","0","0","0","0","0","0","0","0","0","0","0","0","0","0","0","0","0","0","0","0","0","0","0","0","0","0","0","0","0","0","0","0","0","0"
"0x7f34975af9c0","      ULOP3.LUT UR60, UR60, 0x10000, URZ, 0xfc, !UPT","0","0","0","8192","262144","262144","32","32","0","0","0","-","-","-","0","0","0","0","0","0","0","0","-","0","0","0","0","0","0","0","0","0","0","0","0","0","0","0","0","0","0","0","0","0","0","0","0","0","0","0","0","0","0","0","0","0","0","0","0","0","0","0","0"
"0x7f34975af9d0","      IMAD.U32 R27, RZ, RZ, UR27","0","0","0","8192","262144","262144","32","32","0","0","0","-","-","-","0","0","0","0","0","0","0","0","-","0","0","0","0","0","0","0","0","0","0","0","0","0","0","0","0","0","0","0","0","0","0","0","0","0","0","0","0","0","0","0","0","0","0","0","0","0","0","0","0"
"0x7f34975af9e0","      ULOP3.LUT UR44, UR5, 0x10000, URZ, 0xfc, !UPT","0","0","0","8192","262144","262144","32","32","0","0","0","-","-","-","0","0","0","0","0","0","0","0","-","0","0","0","0","0","0","0","0","0","0","0","0","0","0","0","0","0","0","0","0","0","0","0","0","0","0","0","0","0","0","0","0","0","0","0","0","0","0","0","0"
"0x7f34975af9f0","      IMAD.U32 R25, RZ, RZ, UR25","0","0","0","8192","262144","262144","32","32","0","0","0","-","-","-","0","0","0","0","0","0","0","0","-","0","0","0","0","0","0","0","0","0","0","0","0","0","0","0","0","0","0","0","0","0","0","0","0","0","0","0","0","0","0","0","0","0","0","0","0","0","0","0","0"
"0x7f34975afa00","      MOV R12, UR8","0","0","0","8192","262144","262144","32","32","0","0","0","-","-","-","0","0","0","0","0","0","0","0","-","0","0","0","0","0","0","0","0","0","0","0","0","0","0","0","0","0","0","0","0","0","0","0","0","0","0","0","0","0","0","0","0","0","0","0","0","0","0","0","0"
"0x7f34975afa10","      IMAD.U32 R23, RZ, RZ, UR21","0","0","0","8192","262144","262144","32","32","0","0","0","-","-","-","0","0","0","0","0","0","0","0","-","0","0","0","0","0","0","0","0","0","0","0","0","0","0","0","0","0","0","0","0","0","0","0","0","0","0","0","0","0","0","0","0","0","0","0","0","0","0","0","0"
"0x7f34975afa20","      UIADD3 UR22, UPT, UPT, UR56, 0x100, URZ","0","0","0","8192","262144","262144","32","32","0","0","0","-","-","-","0","0","0","0","0","0","0","0","-","0","0","0","0","0","0","0","0","0","0","0","0","0","0","0","0","0","0","0","0","0","0","0","0","0","0","0","0","0","0","0","0","0","0","0","0","0","0","0","0"
"0x7f34975afa30","      IMAD.U32 R21, RZ, RZ, UR19","0","0","0","8192","262144","262144","32","32","0","0","0","-","-","-","0","0","0","0","0","0","0","0","-","0","0","0","0","0","0","0","0","0","0","0","0","0","0","0","0","0","0","0","0","0","0","0","0","0","0","0","0","0","0","0","0","0","0","0","0","0","0","0","0"
"0x7f34975afa40","      UIADD3 UR57, UPT, UPT, UR56, 0x80, URZ","0","0","0","8192","262144","262144","32","32","0","0","0","-","-","-","0","0","0","0","0","0","0","0","-","0","0","0","0","0","0","0","0","0","0","0","0","0","0","0","0","0","0","0","0","0","0","0","0","0","0","0","0","0","0","0","0","0","0","0","0","0","0","0","0"
"0x7f34975afa50","      IMAD.U32 R19, RZ, RZ, UR17","0","0","0","8192","262144","262144","32","32","0","0","0","-","-","-","0","0","0","0","0","0","0","0","-","0","0","0","0","0","0","0","0","0","0","0","0","0","0","0","0","0","0","0","0","0","0","0","0","0","0","0","0","0","0","0","0","0","0","0","0","0","0","0","0"
"0x7f34975afa60","      UMOV UR23, URZ","0","0","0","8192","262144","262144","32","32","0","0","0","-","-","-","0","0","0","0","0","0","0","0","-","0","0","0","0","0","0","0","0","0","0","0","0","0","0","0","0","0","0","0","0","0","0","0","0","0","0","0","0","0","0","0","0","0","0","0","0","0","0","0","0"
"0x7f34975afa70","      IMAD.U32 R17, RZ, RZ, UR15","0","0","0","8192","262144","262144","32","32","0","0","0","-","-","-","0","0","0","0","0","0","0","0","-","0","0","0","0","0","0","0","0","0","0","0","0","0","0","0","0","0","0","0","0","0","0","0","0","0","0","0","0","0","0","0","0","0","0","0","0","0","0","0","0"
"0x7f34975afa80","      UMOV UR52, 0x0","0","0","0","8192","262144","262144","32","32","0","0","0","-","-","-","0","0","0","0","0","0","0","0","-","0","0","0","0","0","0","0","0","0","0","0","0","0","0","0","0","0","0","0","0","0","0","0","0","0","0","0","0","0","0","0","0","0","0","0","0","0","0","0","0"
"0x7f34975afa90","      IMAD.U32 R15, RZ, RZ, UR11","0","0","0","8192","262144","262144","32","32","0","0","0","-","-","-","0","0","0","0","0","0","0","0","-","0","0","0","0","0","0","0","0","0","0","0","0","0","0","0","0","0","0","0","0","0","0","0","0","0","0","0","0","0","0","0","0","0","0","0","0","0","0","0","0"
"0x7f34975afaa0","      UMOV UR53, 0x4200010","0","0","0","8192","262144","262144","32","32","0","0","0","-","-","-","0","0","0","0","0","0","0","0","-","0","0","0","0","0","0","0","0","0","0","0","0","0","0","0","0","0","0","0","0","0","0","0","0","0","0","0","0","0","0","0","0","0","0","0","0","0","0","0","0"
"0x7f34975afab0","      IMAD.U32 R13, RZ, RZ, UR9","1","0","1","8192","262144","262144","32","32","0","0","0","-","-","-","0","0","0","0","0","0","0","0","-","0","0","0","0","0","0","0","0","0","0","0","0","0","0","0","0","0","0","1","0","0","0","0","0","0","0","0","0","0","0","0","0","0","0","0","0","0","0","0","0"
"0x7f34975afac0","      UIADD3 UR76, UPT, UPT, UR54, 0x402, URZ","0","0","0","8192","262144","262144","32","32","0","0","0","-","-","-","0","0","0","0","0","0","0","0","-","0","0","0","0","0","0","0","0","0","0","0","0","0","0","0","0","0","0","0","0","0","0","0","0","0","0","0","0","0","0","0","0","0","0","0","0","0","0","0","0"
"0x7f34975afad0","      UIADD3 UR74, UPT, UPT, UR54, 0x404, URZ","2","0","2","8192","262144","262144","32","32","0","0","0","-","-","-","0","0","0","0","0","0","0","0","-","0","0","0","0","0","0","0","0","0","0","0","0","0","0","0","0","0","1","0","0","0","0","1","0","0","0","0","0","0","0","0","0","0","0","0","0","0","0","0","0"
"0x7f34975afae0","      UIADD3 UR72, UPT, UPT, UR54, 0x406, URZ","0","0","0","8192","262144","262144","32","32","0","0","0","-","-","-","0","0","0","0","0","0","0","0","-","0","0","0","0","0","0","0","0","0","0","0","0","0","0","0","0","0","0","0","0","0","0","0","0","0","0","0","0","0","0","0","0","0","0","0","0","0","0","0","0"
"0x7f34975afaf0","      UIADD3 UR70, UPT, UPT, UR54, 0x600, URZ","0","0","0","8192","262144","262144","32","32","0","0","0","-","-","-","0","0","0","0","0","0","0","0","-","0","0","0","0","0","0","0","0","0","0","0","0","0","0","0","0","0","0","0","0","0","0","0","0","0","0","0","0","0","0","0","0","0","0","0","0","0","0","0","0"
"0x7f34975afb00","      UIADD3 UR68, UPT, UPT, UR54, 0x602, URZ","0","0","0","8192","262144","262144","32","32","0","0","0","-","-","-","0","0","0","0","0","0","0","0","-","0","0","0","0","0","0","0","0","0","0","0","0","0","0","0","0","0","0","0","0","0","0","0","0","0","0","0","0","0","0","0","0","0","0","0","0","0","0","0","0"
"0x7f34975afb10","      UIADD3 UR66, UPT, UPT, UR54, 0x604, URZ","1","0","1","8192","262144","262144","32","32","0","0","0","-","-","-","0","0","0","0","0","0","0","0","-","0","0","0","0","0","0","0","0","0","0","0","0","0","0","0","0","0","1","0","0","0","0","0","0","0","0","0","0","0","0","0","0","0","0","0","0","0","0","0","0"
"0x7f34975afb20","      UIADD3 UR64, UPT, UPT, UR54, 0x606, URZ","0","0","0","8192","262144","262144","32","32","0","0","0","-","-","-","0","0","0","0","0","0","0","0","-","0","0","0","0","0","0","0","0","0","0","0","0","0","0","0","0","0","0","0","0","0","0","0","0","0","0","0","0","0","0","0","0","0","0","0","0","0","0","0","0"
"0x7f34975afb30","      UIADD3 UR62, UPT, UPT, UR60, 0x2, URZ","3","0","3","8192","262144","262144","32","32","0","0","0","-","-","-","0","0","0","0","0","0","0","0","-","0","0","0","0","0","0","0","0","0","0","0","0","0","0","0","0","0","3","0","0","0","0","0","0","0","0","0","0","0","0","0","0","0","0","0","0","0","0","0","0"
"0x7f34975afb40","      UMOV UR55, 0x40004040","0","0","0","8192","262144","262144","32","32","0","0","0","-","-","-","0","0","0","0","0","0","0","0","-","0","0","0","0","0","0","0","0","0","0","0","0","0","0","0","0","0","0","0","0","0","0","0","0","0","0","0","0","0","0","0","0","0","0","0","0","0","0","0","0"
"0x7f34975afb50","      UMOV UR61, 0x80004020","0","0","0","8192","262144","262144","32","32","0","0","0","-","-","-","0","0","0","0","0","0","0","0","-","0","0","0","0","0","0","0","0","0","0","0","0","0","0","0","0","0","0","0","0","0","0","0","0","0","0","0","0","0","0","0","0","0","0","0","0","0","0","0","0"
"0x7f34975afb60","      UMOV UR45, 0x80004020","0","0","0","8192","262144","262144","32","32","0","0","0","-","-","-","0","0","0","0","0","0","0","0","-","0","0","0","0","0","0","0","0","0","0","0","0","0","0","0","0","0","0","0","0","0","0","0","0","0","0","0","0","0","0","0","0","0","0","0","0","0","0","0","0"
"0x7f34975afb70","      UIADD3 UR50, UPT, UPT, UR44, 0x2, URZ","0","0","0","8192","262144","262144","32","32","0","0","0","-","-","-","0","0","0","0","0","0","0","0","-","0","0","0","0","0","0","0","0","0","0","0","0","0","0","0","0","0","0","0","0","0","0","0","0","0","0","0","0","0","0","0","0","0","0","0","0","0","0","0","0"
"0x7f34975afb80","      UIADD3 UR48, UPT, UPT, UR44, 0x100, URZ","0","0","0","8192","262144","262144","32","32","0","0","0","-","-","-","0","0","0","0","0","0","0","0","-","0","0","0","0","0","0","0","0","0","0","0","0","0","0","0","0","0","0","0","0","0","0","0","0","0","0","0","0","0","0","0","0","0","0","0","0","0","0","0","0"
"0x7f34975afb90","      UIADD3 UR46, UPT, UPT, UR44, 0x102, URZ","1","0","1","8192","262144","262144","32","32","0","0","0","-","-","-","0","0","0","0","0","0","0","0","-","0","0","0","0","0","0","0","0","0","0","0","0","0","0","0","0","0","0","0","0","0","0","1","0","0","0","0","0","0","0","0","0","0","0","0","0","0","0","0","0"
"0x7f34975afba0","      UMOV UR77, 0x40004040","0","0","0","8192","262144","262144","32","32","0","0","0","-","-","-","0","0","0","0","0","0","0","0","-","0","0","0","0","0","0","0","0","0","0","0","0","0","0","0","0","0","0","0","0","0","0","0","0","0","0","0","0","0","0","0","0","0","0","0","0","0","0","0","0"
"0x7f34975afbb0","      UMOV UR75, 0x40004040","0","0","0","8192","262144","262144","32","32","0","0","0","-","-","-","0","0","0","0","0","0","0","0","-","0","0","0","0","0","0","0","0","0","0","0","0","0","0","0","0","0","0","0","0","0","0","0","0","0","0","0","0","0","0","0","0","0","0","0","0","0","0","0","0"
"0x7f34975afbc0","      UMOV UR73, 0x40004040","0","0","0","8192","262144","262144","32","32","0","0","0","-","-","-","0","0","0","0","0","0","0","0","-","0","0","0","0","0","0","0","0","0","0","0","0","0","0","0","0","0","0","0","0","0","0","0","0","0","0","0","0","0","0","0","0","0","0","0","0","0","0","0","0"
"0x7f34975afbd0","      UMOV UR71, 0x40004040","0","0","0","8192","262144","262144","32","32","0","0","0","-","-","-","0","0","0","0","0","0","0","0","-","0","0","0","0","0","0","0","0","0","0","0","0","0","0","0","0","0","0","0","0","0","0","0","0","0","0","0","0","0","0","0","0","0","0","0","0","0","0","0","0"
"0x7f34975afbe0","      UMOV UR69, 0x40004040","1","0","1","8192","262144","262144","32","32","0","0","0","-","-","-","0","0","0","0","0","0","0","0","-","0","0","0","0","0","0","0","0","0","0","0","0","0","0","0","0","0","0","1","0","0","0","0","0","0","0","0","0","0","0","0","0","0","0","0","0","0","0","0","0"
"0x7f34975afbf0","      UMOV UR67, 0x40004040","0","0","0","8192","262144","262144","32","32","0","0","0","-","-","-","0","0","0","0","0","0","0","0","-","0","0","0","0","0","0","0","0","0","0","0","0","0","0","0","0","0","0","0","0","0","0","0","0","0","0","0","0","0","0","0","0","0","0","0","0","0","0","0","0"
"0x7f34975afc00","      UMOV UR65, 0x40004040","1","0","1","8192","262144","262144","32","32","0","0","0","-","-","-","0","0","0","0","0","0","0","0","-","0","0","0","0","0","0","0","0","1","0","0","0","0","0","0","0","0","0","0","0","0","0","0","0","0","0","0","0","0","0","0","0","0","0","0","0","0","0","0","0"
"0x7f34975afc10","      UMOV UR63, 0x80004020","0","0","0","8192","262144","262144","32","32","0","0","0","-","-","-","0","0","0","0","0","0","0","0","-","0","0","0","0","0","0","0","0","0","0","0","0","0","0","0","0","0","0","0","0","0","0","0","0","0","0","0","0","0","0","0","0","0","0","0","0","0","0","0","0"
"0x7f34975afc20","      UMOV UR51, 0x80004020","1","0","1","8192","262144","262144","32","32","0","0","0","-","-","-","0","0","0","0","0","0","0","0","-","0","0","0","0","0","0","0","0","1","0","0","0","0","0","0","0","0","0","0","0","0","0","0","0","0","0","0","0","0","0","0","0","0","0","0","0","0","0","0","0"
"0x7f34975afc30","      UMOV UR49, 0x80004020","0","0","0","8192","262144","262144","32","32","0","0","0","-","-","-","0","0","0","0","0","0","0","0","-","0","0","0","0","0","0","0","0","0","0","0","0","0","0","0","0","0","0","0","0","0","0","0","0","0","0","0","0","0","0","0","0","0","0","0","0","0","0","0","0"
"0x7f34975afc40","      UMOV UR47, 0x80004020","0","0","0","8192","262144","262144","32","32","0","0","0","-","-","-","0","0","0","0","0","0","0","0","-","0","0","0","0","0","0","0","0","0","0","0","0","0","0","0","0","0","0","0","0","0","0","0","0","0","0","0","0","0","0","0","0","0","0","0","0","0","0","0","0"
"0x7f34975afc50","      LEA.HI R9, R4, R4, RZ, 0x1","24","17","24","131072","4194304","4194304","32","32","0","0","0","-","-","-","0","0","0","0","0","0","0","0","-","0","0","0","0","0","0","0","6","0","0","0","0","3","0","0","0","0","5","1","0","0","0","9","0","6","0","0","0","0","3","0","0","0","0","0","0","0","0","0","8"
"0x7f34975afc60","      USHF.L.U32 UR5, UR23, 0x3, URZ","2","0","2","131072","4194304","4194304","32","32","0","0","0","-","-","-","0","0","0","0","0","0","0","0","-","0","0","0","0","0","0","0","0","0","0","0","0","0","0","0","0","0","0","2","0","0","0","0","0","0","0","0","0","0","0","0","0","0","0","0","0","0","0","0","0"
"0x7f34975afc70","      LOP3.LUT R9, R9, 0xfffffffe, RZ, 0xc0, !PT","10","6","10","131072","4194304","4194304","32","32","0","0","0","-","-","-","0","0","0","0","0","0","0","0","-","0","0","0","0","0","0","0","0","0","0","0","0","0","0","0","0","0","0","3","0","0","0","7","0","0","0","0","0","0","0","0","0","0","0","0","0","0","0","0","6"
"0x7f34975afc80","      ULOP3.LUT UR5, UR5, 0x8, URZ, 0xc0, !UPT","12","11","12","131072","4194304","4194304","32","32","0","0","0","-","-","-","0","0","0","0","0","0","0","0","-","0","0","0","0","0","0","0","0","0","0","0","0","0","0","0","0","11","0","1","0","0","0","0","0","0","0","0","0","0","0","0","0","0","11","0","0","0","0","0","0"
"0x7f34975afc90","      IMAD.IADD R6, R4, 0x1, -R9","10","9","10","131072","4194304","4194304","32","32","0","0","0","-","-","-","0","0","0","0","0","0","0","0","-","0","0","0","0","0","0","0","0","0","0","0","0","0","0","0","0","0","0","1","0","0","0","9","0","0","0","0","0","0","0","0","0","0","0","0","0","0","0","0","9"
"0x7f34975afca0","      IMAD.U32 R2, RZ, RZ, UR5","2","0","2","131072","4194304","4194304","32","32","0","0","0","-","-","-","0","0","0","0","0","0","0","0","-","0","0","0","0","0","0","0","0","0","0","0","0","0","0","0","0","0","0","2","0","0","0","0","0","0","0","0","0","0","0","0","0","0","0","0","0","0","0","0","0"
"0x7f34975afcb0","      UIADD3 UR5, UPT, UPT, UR4, UR5, URZ","1","0","1","131072","4194304","4194304","32","32","0","0","0","-","-","-","0","0","0","0","0","0","0","0","-","0","0","0","0","0","0","0","0","0","0","0","0","0","0","0","0","0","0","1","0","0","0","0","0","0","0","0","0","0","0","0","0","0","0","0","0","0","0","0","0"
"0x7f34975afcc0","      SHF.L.U32 R7, R6, 0x1f, RZ","4","0","4","131072","4194304","4194304","32","32","0","0","0","-","-","-","0","0","0","0","0","0","0","0","-","0","0","0","0","0","0","0","0","0","0","0","0","0","0","0","0","0","1","3","0","0","0","0","0","0","0","0","0","0","0","0","0","0","0","0","0","0","0","0","0"
"0x7f34975afcd0","      SYNCS.PHASECHK.TRANS64.TRYWAIT P0, [R2+UR4+0x2f948], R7","5","4","5","131072","4194304","4194304","32","32","0","0","0","-","-","-","0","0","0","0","0","0","0","0","-","0","0","0","0","0","0","0","0","0","0","0","0","0","0","0","0","0","0","1","0","0","0","4","0","0","0","0","0","0","0","0","0","0","0","0","0","0","0","0","4"
"0x7f34975afce0","@!P0  BRA 0x7f34975b2d90","562","494","562","131072","4194304","355392","32","2","30","30","0","-","-","-","0","0","0","0","0","0","0","0","-","0","0","0","0","0","0","0","0","0","0","0","554","0","0","0","0","0","1","4","0","0","0","3","0","0","0","0","0","491","0","0","0","0","0","0","0","0","0","0","3"
"0x7f34975afcf0","      ULOP3.LUT UR7, UR23, 0x1, URZ, 0xc0, !UPT","15","11","15","131072","4194304","4194304","32","32","30","0","0","-","-","-","0","0","0","0","0","0","0","0","-","0","0","0","0","0","0","0","0","0","0","0","0","0","0","0","0","0","0","3","0","0","0","12","0","0","0","0","0","0","0","0","0","0","0","0","0","0","0","0","11"
"0x7f34975afd00","      NOP","1","0","1","131072","4194304","4194304","32","32","0","0","0","-","-","-","0","0","0","0","0","0","0","0","-","0","0","0","0","0","0","0","0","0","0","0","0","0","0","0","0","0","0","1","0","0","0","0","0","0","0","0","0","0","0","0","0","0","0","0","0","0","0","0","0"
"0x7f34975afd10","      USHF.L.U32 UR6, UR23, 0x10, URZ","7","0","7","131072","4194304","4194304","32","32","0","0","0","-","-","-","0","0","0","0","0","0","0","0","-","0","0","0","0","0","0","0","0","0","0","0","0","0","0","0","0","0","0","7","0","0","0","0","0","0","0","0","0","0","0","0","0","0","0","0","0","0","0","0","0"
"0x7f34975afd20","      MEMBAR.ALL.CTA","1","0","1","131072","4194304","4194304","32","32","0","0","0","-","-","-","0","0","0","0","0","0","0","0","-","0","0","0","0","0","0","0","0","0","0","0","0","0","0","0","0","0","0","1","0","0","0","0","0","0","0","0","0","0","0","0","0","0","0","0","0","0","0","0","0"
"0x7f34975afd30","      FENCE.VIEW.ASYNC.S","18","14","18","131072","4194304","4194304","32","32","0","0","0","-","-","-","0","0","0","0","0","0","0","0","-","0","0","0","0","0","0","0","0","0","0","0","7","0","0","0","0","0","0","3","0","0","0","8","0","0","0","0","0","6","0","0","0","0","0","0","0","0","0","0","8"
"0x7f34975afd40","      USHF.L.U32 UR5, UR23, 0xd, URZ","0","0","0","131072","4194304","4194304","32","32","0","0","0","-","-","-","0","0","0","0","0","0","0","0","-","0","0","0","0","0","0","0","0","0","0","0","0","0","0","0","0","0","0","0","0","0","0","0","0","0","0","0","0","0","0","0","0","0","0","0","0","0","0","0","0"
"0x7f34975afd50","      MOV.SPILL R11, UR49","1","0","1","131072","4194304","4194304","32","32","0","0","0","-","-","-","0","0","0","0","0","0","0","0","-","0","0","0","0","0","0","0","0","0","0","0","0","0","0","0","0","0","0","1","0","0","0","0","0","0","0","0","0","0","0","0","0","0","0","0","0","0","0","0","0"
"0x7f34975afd60","      ULOP3.LUT UR6, UR6, 0x10000, URZ, 0xc0, !UPT","3","0","3","131072","4194304","4194304","32","32","0","0","0","-","-","-","0","0","0","0","0","0","0","0","-","0","0","0","0","0","0","0","0","0","0","0","0","0","0","0","0","0","0","3","0","0","0","0","0","0","0","0","0","0","0","0","0","0","0","0","0","0","0","0","0"
"0x7f34975afd70","      R2UR UR49, R27","1","0","1","131072","4194304","4194304","32","32","0","0","0","-","-","-","0","0","0","0","0","0","0","0","-","0","0","0","0","0","0","0","0","0","0","0","0","0","0","0","0","0","0","1","0","0","0","0","0","0","0","0","0","0","0","0","0","0","0","0","0","0","0","0","0"
"0x7f34975afd80","      ULOP3.LUT UR5, UR5, 0x2000, URZ, 0xc0, !UPT","4","0","4","131072","4194304","4194304","32","32","0","0","0","-","-","-","0","0","0","0","0","0","0","0","-","0","0","0","0","0","0","0","0","0","0","0","0","0","0","0","0","0","0","4","0","0","0","0","0","0","0","0","0","0","0","0","0","0","0","0","0","0","0","0","0"
"0x7f34975afd90","      IMAD.U32 R2, RZ, RZ, UR7","2","0","2","131072","4194304","4194304","32","32","0","0","0","-","-","-","0","0","0","0","0","0","0","0","-","0","0","0","0","0","0","0","0","0","0","0","0","0","0","0","0","0","0","2","0","0","0","0","0","0","0","0","0","0","0","0","0","0","0","0","0","0","0","0","0"
"0x7f34975afda0","      UIADD3 UR58, UPT, UPT, UR4, 0x9000, UR6","4","0","4","131072","4194304","4194304","32","32","0","0","0","-","-","-","0","0","0","0","0","0","0","0","-","0","0","0","0","0","0","0","0","0","0","0","0","0","0","0","0","0","0","4","0","0","0","0","0","0","0","0","0","0","0","0","0","0","0","0","0","0","0","0","0"
"0x7f34975afdb0","      MOV.SPILL R10, UR48","2","0","2","131072","4194304","4194304","32","32","0","0","0","-","-","-","0","0","0","0","0","0","0","0","-","0","0","0","0","0","0","0","0","0","0","0","0","0","0","0","0","0","0","2","0","0","0","0","0","0","0","0","0","0","0","0","0","0","0","0","0","0","0","0","0"
"0x7f34975afdc0","      UIADD3 UR5, UPT, UPT, UR4, 0x29000, UR5","4","0","4","131072","4194304","4194304","32","32","0","0","0","-","-","-","0","0","0","0","0","0","0","0","-","0","0","0","0","0","0","0","0","0","0","0","0","0","0","0","0","0","0","4","0","0","0","0","0","0","0","0","0","0","0","0","0","0","0","0","0","0","0","0","0"
"0x7f34975afdd0","      R2UR UR48, R26","3","0","3","131072","4194304","4194304","32","32","0","0","0","-","-","-","0","0","0","0","0","0","0","0","-","0","0","0","0","0","0","0","0","0","0","0","0","0","0","0","0","0","0","3","0","0","0","0","0","0","0","0","0","0","0","0","0","0","0","0","0","0","0","0","0"
"0x7f34975afde0","      USHF.R.U32.HI UR6, URZ, 0x4, UR58","2","0","2","131072","4194304","4194304","32","32","0","0","0","-","-","-","0","0","0","0","0","0","0","0","-","0","0","0","0","0","0","0","0","0","0","0","0","0","0","0","0","0","0","2","0","0","0","0","0","0","0","0","0","0","0","0","0","0","0","0","0","0","0","0","0"
"0x7f34975afdf0","      SHF.L.U32 R2, R2, 0x1f, RZ","1","0","1","131072","4194304","4194304","32","32","0","0","0","-","-","-","0","0","0","0","0","0","0","0","-","0","0","0","0","0","0","0","0","0","0","0","0","0","0","0","0","0","0","1","0","0","0","0","0","0","0","0","0","0","0","0","0","0","0","0","0","0","0","0","0"
"0x7f34975afe00","      USHF.R.U32.HI UR5, URZ, 0x4, UR5","3","0","3","131072","4194304","4194304","32","32","0","0","0","-","-","-","0","0","0","0","0","0","0","0","-","0","0","0","0","0","0","0","0","0","0","0","0","0","0","0","0","0","0","3","0","0","0","0","0","0","0","0","0","0","0","0","0","0","0","0","0","0","0","0","0"
"0x7f34975afe10","      MOV.SPILL R9, UR47","1","0","1","131072","4194304","4194304","32","32","0","0","0","-","-","-","0","0","0","0","0","0","0","0","-","0","0","0","0","0","0","0","0","0","0","0","0","0","0","0","0","0","0","1","0","0","0","0","0","0","0","0","0","0","0","0","0","0","0","0","0","0","0","0","0"
"0x7f34975afe20","      UMOV UR7, 0x40004040","4","0","4","131072","4194304","4194304","32","32","0","0","0","-","-","-","0","0","0","0","0","0","0","0","-","0","0","0","0","0","0","0","0","0","0","0","0","0","0","0","0","0","0","4","0","0","0","0","0","0","0","0","0","0","0","0","0","0","0","0","0","0","0","0","0"
"0x7f34975afe30","      R2UR UR47, R23","3","0","3","131072","4194304","4194304","32","32","0","0","0","-","-","-","0","0","0","0","0","0","0","0","-","0","0","0","0","0","0","0","0","0","0","0","0","0","0","0","0","0","0","3","0","0","0","0","0","0","0","0","0","0","0","0","0","0","0","0","0","0","0","0","0"
"0x7f34975afe40","      UMOV UR43, 0x40004040","3","0","3","131072","4194304","4194304","32","32","0","0","0","-","-","-","0","0","0","0","0","0","0","0","-","0","0","0","0","0","0","0","0","0","0","0","0","0","0","0","0","0","0","3","0","0","0","0","0","0","0","0","0","0","0","0","0","0","0","0","0","0","0","0","0"
"0x7f34975afe50","      UMOV UR41, 0x40004040","1","0","1","131072","4194304","4194304","32","32","0","0","0","-","-","-","0","0","0","0","0","0","0","0","-","0","0","0","0","0","0","0","0","0","0","0","0","0","0","0","0","0","0","1","0","0","0","0","0","0","0","0","0","0","0","0","0","0","0","0","0","0","0","0","0"
"0x7f34975afe60","      UMOV UR39, 0x40004040","1","0","1","131072","4194304","4194304","32","32","0","0","0","-","-","-","0","0","0","0","0","0","0","0","-","0","0","0","0","0","0","0","0","0","0","0","0","0","0","0","0","0","0","1","0","0","0","0","0","0","0","0","0","0","0","0","0","0","0","0","0","0","0","0","0"
"0x7f34975afe70","      UMOV UR37, 0x40004040","8","0","8","131072","4194304","4194304","32","32","0","0","0","-","-","-","0","0","0","0","0","0","0","0","-","0","0","0","0","0","0","0","0","6","0","0","0","0","0","0","0","0","0","2","0","0","0","0","0","0","0","0","0","0","0","0","0","0","0","0","0","0","0","0","0"
"0x7f34975afe80","      UMOV UR35, 0x40004040","2","0","2","131072","4194304","4194304","32","32","0","0","0","-","-","-","0","0","0","0","0","0","0","0","-","0","0","0","0","0","0","0","0","1","0","0","0","0","0","0","0","0","0","1","0","0","0","0","0","0","0","0","0","0","0","0","0","0","0","0","0","0","0","0","0"
"0x7f34975afe90","      UMOV UR33, 0x40004040","3","0","3","131072","4194304","4194304","32","32","0","0","0","-","-","-","0","0","0","0","0","0","0","0","-","0","0","0","0","0","0","0","0","0","0","0","0","0","0","0","0","0","0","3","0","0","0","0","0","0","0","0","0","0","0","0","0","0","0","0","0","0","0","0","0"
"0x7f34975afea0","      UMOV UR31, 0x40004040","5","0","5","131072","4194304","4194304","32","32","0","0","0","-","-","-","0","0","0","0","0","0","0","0","-","0","0","0","0","0","0","0","0","2","0","0","0","0","0","0","0","0","0","3","0","0","0","0","0","0","0","0","0","0","0","0","0","0","0","0","0","0","0","0","0"
"0x7f34975afeb0","      UMOV UR29, 0x40004040","2","0","2","131072","4194304","4194304","32","32","0","0","0","-","-","-","0","0","0","0","0","0","0","0","-","0","0","0","0","0","0","0","0","0","0","0","0","0","0","0","0","0","0","2","0","0","0","0","0","0","0","0","0","0","0","0","0","0","0","0","0","0","0","0","0"
"0x7f34975afec0","      UMOV UR27, 0x40004040","2","0","2","131072","4194304","4194304","32","32","0","0","0","-","-","-","0","0","0","0","0","0","0","0","-","0","0","0","0","0","0","0","0","0","0","0","0","0","0","0","0","0","0","2","0","0","0","0","0","0","0","0","0","0","0","0","0","0","0","0","0","0","0","0","0"
"0x7f34975afed0","      UMOV UR25, 0x40004040","0","0","0","131072","4194304","4194304","32","32","0","0","0","-","-","-","0","0","0","0","0","0","0","0","-","0","0","0","0","0","0","0","0","0","0","0","0","0","0","0","0","0","0","0","0","0","0","0","0","0","0","0","0","0","0","0","0","0","0","0","0","0","0","0","0"
"0x7f34975afee0","      UMOV UR21, 0x40004040","0","0","0","131072","4194304","4194304","32","32","0","0","0","-","-","-","0","0","0","0","0","0","0","0","-","0","0","0","0","0","0","0","0","0","0","0","0","0","0","0","0","0","0","0","0","0","0","0","0","0","0","0","0","0","0","0","0","0","0","0","0","0","0","0","0"
"0x7f34975afef0","      MOV.SPILL R8, UR46","2","0","2","131072","4194304","4194304","32","32","0","0","0","-","-","-","0","0","0","0","0","0","0","0","-","0","0","0","0","0","0","0","0","0","0","0","0","0","0","0","0","0","0","2","0","0","0","0","0","0","0","0","0","0","0","0","0","0","0","0","0","0","0","0","0"
"0x7f34975aff00","      UMOV UR19, 0x40004040","5","0","5","131072","4194304","4194304","32","32","0","0","0","-","-","-","0","0","0","0","0","0","0","0","-","0","0","0","0","0","0","0","0","1","0","0","0","0","0","0","0","0","0","4","0","0","0","0","0","0","0","0","0","0","0","0","0","0","0","0","0","0","0","0","0"
"0x7f34975aff10","      R2UR UR46, R22","3","0","3","131072","4194304","4194304","32","32","0","0","0","-","-","-","0","0","0","0","0","0","0","0","-","0","0","0","0","0","0","0","0","0","0","0","0","0","0","0","0","0","0","3","0","0","0","0","0","0","0","0","0","0","0","0","0","0","0","0","0","0","0","0","0"
"0x7f34975aff20","      UMOV UR17, 0x40004040","1","0","1","131072","4194304","4194304","32","32","0","0","0","-","-","-","0","0","0","0","0","0","0","0","-","0","0","0","0","0","0","0","0","0","0","0","0","0","0","0","0","0","0","1","0","0","0","0","0","0","0","0","0","0","0","0","0","0","0","0","0","0","0","0","0"
"0x7f34975aff30","      UMOV UR15, 0x40004040","1","0","1","131072","4194304","4194304","32","32","0","0","0","-","-","-","0","0","0","0","0","0","0","0","-","0","0","0","0","0","0","0","0","0","0","0","0","0","0","0","0","0","0","1","0","0","0","0","0","0","0","0","0","0","0","0","0","0","0","0","0","0","0","0","0"
"0x7f34975aff40","      UMOV UR13, 0x40004040","1","0","1","131072","4194304","4194304","32","32","0","0","0","-","-","-","0","0","0","0","0","0","0","0","-","0","0","0","0","0","0","0","0","0","0","0","0","0","0","0","0","0","0","1","0","0","0","0","0","0","0","0","0","0","0","0","0","0","0","0","0","0","0","0","0"
"0x7f34975aff50","      MOV.SPILL R7, UR45","0","0","0","131072","4194304","4194304","32","32","0","0","0","-","-","-","0","0","0","0","0","0","0","0","-","0","0","0","0","0","0","0","0","0","0","0","0","0","0","0","0","0","0","0","0","0","0","0","0","0","0","0","0","0","0","0","0","0","0","0","0","0","0","0","0"
"0x7f34975aff60","      UMOV UR11, 0x80004020","4","0","4","131072","4194304","4194304","32","32","0","0","0","-","-","-","0","0","0","0","0","0","0","0","-","0","0","0","0","0","0","0","0","0","0","0","0","0","0","0","0","0","0","4","0","0","0","0","0","0","0","0","0","0","0","0","0","0","0","0","0","0","0","0","0"
"0x7f34975aff70","      R2UR UR45, R21","3","0","3","131072","4194304","4194304","32","32","0","0","0","-","-","-","0","0","0","0","0","0","0","0","-","0","0","0","0","0","0","0","0","0","0","0","0","0","0","0","0","0","0","3","0","0","0","0","0","0","0","0","0","0","0","0","0","0","0","0","0","0","0","0","0"
"0x7f34975aff80","      UMOV UR9, 0x80004020","3","0","3","131072","4194304","4194304","32","32","0","0","0","-","-","-","0","0","0","0","0","0","0","0","-","0","0","0","0","0","0","0","0","0","0","0","0","0","0","0","0","0","0","3","0","0","0","0","0","0","0","0","0","0","0","0","0","0","0","0","0","0","0","0","0"
"0x7f34975aff90","      UMOV UR10, 0x3fff","3","0","3","131072","4194304","4194304","32","32","0","0","0","-","-","-","0","0","0","0","0","0","0","0","-","0","0","0","0","0","0","0","0","0","0","0","0","0","0","0","0","0","0","3","0","0","0","0","0","0","0","0","0","0","0","0","0","0","0","0","0","0","0","0","0"
"0x7f34975affa0","      MOV.SPILL R6, UR44","1","0","1","131072","4194304","4194304","32","32","0","0","0","-","-","-","0","0","0","0","0","0","0","0","-","0","0","0","0","0","0","0","0","0","0","0","0","0","0","0","0","0","0","1","0","0","0","0","0","0","0","0","0","0","0","0","0","0","0","0","0","0","0","0","0"
"0x7f34975affb0","      ULOP3.LUT UR6, UR6, 0x10000, UR10, 0xec, !UPT","4","0","4","131072","4194304","4194304","32","32","0","0","0","-","-","-","0","0","0","0","0","0","0","0","-","0","0","0","0","0","0","0","0","0","0","0","0","0","0","0","0","0","0","4","0","0","0","0","0","0","0","0","0","0","0","0","0","0","0","0","0","0","0","0","0"
"0x7f34975affc0","      R2UR UR44, R20","2","0","2","131072","4194304","4194304","32","32","0","0","0","-","-","-","0","0","0","0","0","0","0","0","-","0","0","0","0","0","0","0","0","0","0","0","0","0","0","0","0","0","0","2","0","0","0","0","0","0","0","0","0","0","0","0","0","0","0","0","0","0","0","0","0"
"0x7f34975affd0","      ULOP3.LUT UR10, UR5, 0x10000, UR10, 0xec, !UPT","2","0","2","131072","4194304","4194304","32","32","0","0","0","-","-","-","0","0","0","0","0","0","0","0","-","0","0","0","0","0","0","0","0","0","0","0","0","0","0","0","0","0","0","2","0","0","0","0","0","0","0","0","0","0","0","0","0","0","0","0","0","0","0","0","0"
"0x7f34975affe0","      UIADD3 UR42, UPT, UPT, UR6, 0x2, URZ","5","1","5","131072","4194304","4194304","32","32","0","0","0","-","-","-","0","0","0","0","0","0","0","0","-","0","0","0","0","0","0","0","0","1","0","0","0","0","0","0","0","0","1","1","0","0","0","2","0","0","0","0","0","0","0","0","0","0","0","0","0","0","0","0","1"
"0x7f34975afff0","      UIADD3 UR40, UPT, UPT, UR6, 0x4, URZ","5","1","5","131072","4194304","4194304","32","32","0","0","0","-","-","-","0","0","0","0","0","0","0","0","-","0","0","0","0","0","0","0","0","0","0","0","0","0","0","0","0","0","0","1","0","0","0","4","0","0","0","0","0","0","0","0","0","0","0","0","0","0","0","0","1"
"0x7f34975b0000","      UIADD3 UR38, UPT, UPT, UR6, 0x6, URZ","6","2","6","131072","4194304","4194304","32","32","0","0","0","-","-","-","0","0","0","0","0","0","0","0","-","0","0","0","0","0","0","0","0","0","0","0","0","0","0","0","0","0","0","1","0","0","0","5","0","0","0","0","0","0","0","0","0","0","0","0","0","0","0","0","2"
"0x7f34975b0010","      UTCQMMA.WS gdesc[UR54], gdesc[UR6], tmem[UR22], tmem[UR52], idesc[UR53], !UPT","2","0","2","131072","4194304","4194304","32","32","0","0","0","TmemShared","Load,Store","-","0","0","0","0","0","0","0","0","-","0","0","0","0","0","0","0","0","0","0","0","0","0","0","0","0","0","0","2","0","0","0","0","0","0","0","0","0","0","0","0","0","0","0","0","0","0","0","0","0"
"0x7f34975b0020","      UIADD3 UR36, UPT, UPT, UR6, 0x400, URZ","2","0","2","131072","4194304","4194304","32","32","0","0","0","-","-","-","0","0","0","0","0","0","0","0","-","0","0","0","0","0","0","0","0","0","0","0","0","0","0","0","0","0","0","2","0","0","0","0","0","0","0","0","0","0","0","0","0","0","0","0","0","0","0","0","0"
"0x7f34975b0030","      UIADD3 UR34, UPT, UPT, UR6, 0x402, URZ","4","0","4","131072","4194304","4194304","32","32","0","0","0","-","-","-","0","0","0","0","0","0","0","0","-","0","0","0","0","0","0","0","0","0","0","0","0","0","0","0","0","0","1","3","0","0","0","0","0","0","0","0","0","0","0","0","0","0","0","0","0","0","0","0","0"
"0x7f34975b0040","      UTCQMMA.WS gdesc[UR48], gdesc[UR42], tmem[UR22], tmem[UR52], idesc[UR53], UPT","2","0","2","131072","4194304","4194304","32","32","0","0","0","TmemShared","Load,Store","-","0","0","0","0","0","0","0","0","-","0","0","0","0","0","0","0","0","0","0","0","0","0","0","0","0","0","0","2","0","0","0","0","0","0","0","0","0","0","0","0","0","0","0","0","0","0","0","0","0"
"0x7f34975b0050","      UIADD3 UR32, UPT, UPT, UR6, 0x404, URZ","2","0","2","131072","4194304","4194304","32","32","0","0","0","-","-","-","0","0","0","0","0","0","0","0","-","0","0","0","0","0","0","0","0","0","0","0","0","0","0","0","0","0","0","2","0","0","0","0","0","0","0","0","0","0","0","0","0","0","0","0","0","0","0","0","0"
"0x7f34975b0060","      UIADD3 UR30, UPT, UPT, UR6, 0x406, URZ","4","2","4","131072","4194304","4194304","32","32","0","0","0","-","-","-","0","0","0","0","0","0","0","0","-","0","0","0","0","0","0","0","0","0","0","0","0","0","0","0","0","0","1","1","0","0","0","2","0","0","0","0","0","0","0","0","0","0","0","0","0","0","0","0","2"
"0x7f34975b0070","      UIADD3 UR28, UPT, UPT, UR6, 0x800, URZ","3","2","3","131072","4194304","4194304","32","32","0","0","0","-","-","-","0","0","0","0","0","0","0","0","-","0","0","0","0","0","0","0","0","0","0","0","0","0","0","0","0","0","1","0","0","0","0","2","0","0","0","0","0","0","0","0","0","0","0","0","0","0","0","0","2"
"0x7f34975b0080","      UIADD3 UR26, UPT, UPT, UR6, 0x802, URZ","4","4","4","131072","4194304","4194304","32","32","0","0","0","-","-","-","0","0","0","0","0","0","0","0","-","0","0","0","0","0","0","0","0","0","0","0","0","0","0","0","0","0","0","0","0","0","0","4","0","0","0","0","0","0","0","0","0","0","0","0","0","0","0","0","4"
"0x7f34975b0090","      UIADD3 UR24, UPT, UPT, UR6, 0x804, URZ","2","1","2","131072","4194304","4194304","32","32","0","0","0","-","-","-","0","0","0","0","0","0","0","0","-","0","0","0","0","0","0","0","0","0","0","0","0","0","0","0","0","0","0","1","0","0","0","1","0","0","0","0","0","0","0","0","0","0","0","0","0","0","0","0","1"
"0x7f34975b00a0","      UIADD3 UR20, UPT, UPT, UR6, 0x806, URZ","5","1","5","131072","4194304","4194304","32","32","0","0","0","-","-","-","0","0","0","0","0","0","0","0","-","0","0","0","0","0","0","0","0","0","0","0","0","0","0","0","0","0","0","2","0","0","0","3","0","0","0","0","0","0","0","0","0","0","0","0","0","0","0","0","1"
"0x7f34975b00b0","      UIADD3 UR18, UPT, UPT, UR6, 0xc00, URZ","2","1","2","131072","4194304","4194304","32","32","0","0","0","-","-","-","0","0","0","0","0","0","0","0","-","0","0","0","0","0","0","0","0","0","0","0","0","0","0","0","0","0","0","1","0","0","0","1","0","0","0","0","0","0","0","0","0","0","0","0","0","0","0","0","1"
"0x7f34975b00c0","      UIADD3 UR16, UPT, UPT, UR6, 0xc02, URZ","4","2","4","131072","4194304","4194304","32","32","0","0","0","-","-","-","0","0","0","0","0","0","0","0","-","0","0","0","0","0","0","0","0","0","0","0","0","0","0","0","0","0","0","2","0","0","0","2","0","0","0","0","0","0","0","0","0","0","0","0","0","0","0","0","2"
"0x7f34975b00d0","      UIADD3 UR14, UPT, UPT, UR6, 0xc04, URZ","3","3","3","131072","4194304","4194304","32","32","0","0","0","-","-","-","0","0","0","0","0","0","0","0","-","0","0","0","0","0","0","0","0","0","0","0","0","0","0","0","0","0","0","0","0","0","0","3","0","0","0","0","0","0","0","0","0","0","0","0","0","0","0","0","3"
"0x7f34975b00e0","      UIADD3 UR12, UPT, UPT, UR6, 0xc06, URZ","3","3","3","131072","4194304","4194304","32","32","0","0","0","-","-","-","0","0","0","0","0","0","0","0","-","0","0","0","0","0","0","0","0","0","0","0","0","0","0","0","0","0","0","0","0","0","0","3","0","0","0","0","0","0","0","0","0","0","0","0","0","0","0","0","3"
"0x7f34975b00f0","      R2UR UR6, R24","2","0","2","131072","4194304","4194304","32","32","0","0","0","-","-","-","0","0","0","0","0","0","0","0","-","0","0","0","0","0","0","0","0","0","0","0","0","0","0","0","0","0","0","2","0","0","0","0","0","0","0","0","0","0","0","0","0","0","0","0","0","0","0","0","0"
"0x7f34975b0100","      UIADD3 UR8, UPT, UPT, UR10, 0x2, URZ","0","0","0","131072","4194304","4194304","32","32","0","0","0","-","-","-","0","0","0","0","0","0","0","0","-","0","0","0","0","0","0","0","0","0","0","0","0","0","0","0","0","0","0","0","0","0","0","0","0","0","0","0","0","0","0","0","0","0","0","0","0","0","0","0","0"
"0x7f34975b0110","      R2UR UR7, R25","1","0","1","131072","4194304","4194304","32","32","0","0","0","-","-","-","0","0","0","0","0","0","0","0","-","0","0","0","0","0","0","0","0","0","0","0","0","0","0","0","0","0","0","1","0","0","0","0","0","0","0","0","0","0","0","0","0","0","0","0","0","0","0","0","0"
"0x7f34975b0120","      UIADD3 UR5, UPT, UPT, UR4, 0x2f920, URZ","3","0","3","131072","4194304","4194304","32","32","0","0","0","-","-","-","0","0","0","0","0","0","0","0","-","0","0","0","0","0","0","0","0","0","0","0","0","0","0","0","0","0","0","3","0","0","0","0","0","0","0","0","0","0","0","0","0","0","0","0","0","0","0","0","0"
"0x7f34975b0130","      R2UR UR42, R14","0","0","0","131072","4194304","4194304","32","32","0","0","0","-","-","-","0","0","0","0","0","0","0","0","-","0","0","0","0","0","0","0","0","0","0","0","0","0","0","0","0","0","0","0","0","0","0","0","0","0","0","0","0","0","0","0","0","0","0","0","0","0","0","0","0"
"0x7f34975b0140","      R2UR UR43, R15","3","2","3","131072","4194304","4194304","32","32","0","0","0","-","-","-","0","0","0","0","0","0","0","0","-","0","0","0","0","0","0","0","0","0","0","0","0","0","0","0","0","0","0","1","0","0","0","2","0","0","0","0","0","0","0","0","0","0","0","0","0","0","0","0","2"
"0x7f34975b0150","      R2UR.FILL UR49, R11","5","1","5","131072","4194304","4194304","32","32","0","0","0","-","-","-","0","0","0","0","0","0","0","0","-","0","0","0","0","0","0","0","0","0","0","0","0","0","0","0","0","0","0","4","0","0","0","1","0","0","0","0","0","0","0","0","0","0","0","0","0","0","0","0","1"
"0x7f34975b0160","      R2UR.FILL UR48, R10","5","2","5","131072","4194304","4194304","32","32","0","0","0","-","-","-","0","0","0","0","0","0","0","0","-","0","0","0","0","0","0","0","0","0","0","0","0","0","0","0","0","0","0","3","0","0","0","2","0","0","0","0","0","0","0","0","0","0","0","0","0","0","0","0","2"
"0x7f34975b0170","      UTCQMMA.WS gdesc[UR6], gdesc[UR40], tmem[UR22], tmem[UR52], idesc[UR53], UPT","8","4","8","131072","4194304","4194304","32","32","0","0","0","TmemShared","Load,Store","-","0","0","0","0","0","0","0","0","-","0","0","0","0","0","0","0","0","0","0","0","0","0","0","0","0","0","0","3","0","0","0","5","0","0","0","0","0","0","0","0","0","0","0","0","0","0","0","0","4"
"0x7f34975b0180","      UTCQMMA.WS gdesc[UR46], gdesc[UR38], tmem[UR22], tmem[UR52], idesc[UR53], UPT","0","0","0","131072","4194304","4194304","32","32","0","0","0","TmemShared","Load,Store","-","0","0","0","0","0","0","0","0","-","0","0","0","0","0","0","0","0","0","0","0","0","0","0","0","0","0","0","0","0","0","0","0","0","0","0","0","0","0","0","0","0","0","0","0","0","0","0","0","0"
"0x7f34975b0190","      UTCQMMA.WS gdesc[UR44], gdesc[UR36], tmem[UR22], tmem[UR52], idesc[UR53], UPT","0","0","0","131072","4194304","4194304","32","32","0","0","0","TmemShared","Load,Store","-","0","0","0","0","0","0","0","0","-","0","0","0","0","0","0","0","0","0","0","0","0","0","0","0","0","0","0","0","0","0","0","0","0","0","0","0","0","0","0","0","0","0","0","0","0","0","0","0","0"
"0x7f34975b01a0","      R2UR UR40, R16","41","33","41","131072","4194304","4194304","32","32","0","0","0","-","-","-","0","0","0","0","0","0","0","0","-","0","0","0","0","0","0","0","0","0","0","0","0","0","0","0","0","0","3","2","36","0","0","0","0","0","0","0","0","0","0","0","0","0","0","0","0","33","0","0","0"
"0x7f34975b01b0","      R2UR UR38, R18","98","96","98","131072","4194304","4194304","32","32","0","0","0","-","-","-","0","0","0","0","0","0","0","0","-","0","0","0","0","0","0","0","0","0","0","0","0","0","0","0","0","0","0","0","96","0","0","2","0","0","0","0","0","0","0","0","0","0","0","0","0","95","0","0","1"
"0x7f34975b01c0","      R2UR UR39, R19","5","2","5","131072","4194304","4194304","32","32","0","0","0","-","-","-","0","0","0","0","0","0","0","0","-","0","0","0","0","0","0","0","0","0","0","0","0","0","0","0","0","0","0","3","0","0","0","2","0","0","0","0","0","0","0","0","0","0","0","0","0","0","0","0","2"
"0x7f34975b01d0","      R2UR UR41, R17","7","5","7","131072","4194304","4194304","32","32","0","0","0","-","-","-","0","0","0","0","0","0","0","0","-","0","0","0","0","0","0","0","0","0","0","0","0","0","0","0","0","0","0","2","0","0","0","5","0","0","0","0","0","0","0","0","0","0","0","0","0","0","0","0","5"
"0x7f34975b01e0","      R2UR UR6, R12","5","3","5","131072","4194304","4194304","32","32","0","0","0","-","-","-","0","0","0","0","0","0","0","0","-","0","0","0","0","0","0","0","0","0","0","0","0","1","0","0","0","0","0","2","0","0","0","2","0","0","0","0","0","0","1","0","0","0","0","0","0","0","0","0","2"
"0x7f34975b01f0","      R2UR UR7, R13","7","3","7","131072","4194304","4194304","32","32","0","0","0","-","-","-","0","0","0","0","0","0","0","0","-","0","0","0","0","0","0","0","0","0","0","0","0","0","0","0","0","0","0","4","0","0","0","3","0","0","0","0","0","0","0","0","0","0","0","0","0","0","0","0","3"
"0x7f34975b0200","      R2UR.FILL UR47, R9","2","1","2","131072","4194304","4194304","32","32","0","0","0","-","-","-","0","0","0","0","0","0","0","0","-","0","0","0","0","0","0","0","0","0","0","0","0","0","0","0","0","0","0","1","0","0","0","1","0","0","0","0","0","0","0","0","0","0","0","0","0","0","0","0","1"
"0x7f34975b0210","      R2UR.FILL UR46, R8","3","1","3","131072","4194304","4194304","32","32","0","0","0","-","-","-","0","0","0","0","0","0","0","0","-","0","0","0","0","0","0","0","0","0","0","0","0","0","0","0","0","0","0","2","0","0","0","1","0","0","0","0","0","0","0","0","0","0","0","0","0","0","0","0","1"
"0x7f34975b0220","      R2UR.FILL UR45, R7","86","46","86","131072","4194304","4194304","32","32","0","0","0","-","-","-","0","0","0","0","0","0","0","0","-","0","0","0","0","0","0","0","0","0","0","0","0","6","0","0","0","0","6","0","72","0","0","2","0","0","0","0","0","0","4","0","0","0","0","0","0","40","0","0","2"
"0x7f34975b0230","      UTCQMMA.WS gdesc[UR38], gdesc[UR34], tmem[UR22], tmem[UR52], idesc[UR53], UPT","2","0","2","131072","4194304","4194304","32","32","0","0","0","TmemShared","Load,Store","-","0","0","0","0","0","0","0","0","-","0","0","0","0","0","0","0","0","0","0","0","0","0","0","0","0","0","0","2","0","0","0","0","0","0","0","0","0","0","0","0","0","0","0","0","0","0","0","0","0"
"0x7f34975b0240","      R2UR.FILL UR44, R6","0","0","0","131072","4194304","4194304","32","32","0","0","0","-","-","-","0","0","0","0","0","0","0","0","-","0","0","0","0","0","0","0","0","0","0","0","0","0","0","0","0","0","0","0","0","0","0","0","0","0","0","0","0","0","0","0","0","0","0","0","0","0","0","0","0"
"0x7f34975b0250","      UTCQMMA.WS gdesc[UR40], gdesc[UR32], tmem[UR22], tmem[UR52], idesc[UR53], UPT","5","0","5","131072","4194304","4194304","32","32","0","0","0","TmemShared","Load,Store","-","0","0","0","0","0","0","0","0","-","0","0","0","0","0","0","0","0","0","0","0","0","0","0","0","0","0","0","5","0","0","0","0","0","0","0","0","0","0","0","0","0","0","0","0","0","0","0","0","0"
"0x7f34975b0260","      UTCQMMA.WS gdesc[UR42], gdesc[UR30], tmem[UR22], tmem[UR52], idesc[UR53], UPT","2","0","2","131072","4194304","4194304","32","32","0","0","0","TmemShared","Load,Store","-","0","0","0","0","0","0","0","0","-","0","0","0","0","0","0","0","0","0","0","0","0","0","0","0","0","0","0","2","0","0","0","0","0","0","0","0","0","0","0","0","0","0","0","0","0","0","0","0","0"
"0x7f34975b0270","      VIADD R6, R3, 0x1","5","0","5","131072","4194304","4194304","32","32","0","0","0","-","-","-","0","0","0","0","0","0","0","0","-","0","0","0","0","0","0","0","0","2","0","0","0","0","0","0","0","0","0","3","0","0","0","0","0","0","0","0","0","0","0","0","0","0","0","0","0","0","0","0","0"
"0x7f34975b0280","      UTCQMMA.WS gdesc[UR6], gdesc[UR28], tmem[UR22], tmem[UR52], idesc[UR53], UPT","59","21","59","131072","4194304","4194304","32","32","0","0","0","TmemShared","Load,Store","-","0","0","0","0","0","0","0","0","-","0","0","0","0","0","0","0","0","0","0","0","0","0","0","49","0","1","1","4","0","0","0","4","0","0","0","0","0","0","0","0","18","0","0","0","0","0","0","0","3"
"0x7f34975b0290","      UTCQMMA.WS gdesc[UR76], gdesc[UR26], tmem[UR22], tmem[UR52], idesc[UR53], UPT","122","60","122","131072","4194304","4194304","32","32","0","0","0","TmemShared","Load,Store","-","0","0","0","0","0","0","0","0","-","0","0","0","0","0","0","0","0","0","0","0","0","0","0","113","0","0","6","3","0","0","0","0","0","0","0","0","0","0","0","0","60","0","0","0","0","0","0","0","0"
"0x7f34975b02a0","      UTCQMMA.WS gdesc[UR74], gdesc[UR24], tmem[UR22], tmem[UR52], idesc[UR53], UPT","120","77","120","131072","4194304","4194304","32","32","0","0","0","TmemShared","Load,Store","-","0","0","0","0","0","0","0","0","-","0","0","0","0","0","0","0","0","1","0","0","0","0","0","116","0","0","3","0","0","0","0","0","0","0","0","0","0","0","0","0","77","0","0","0","0","0","0","0","0"
"0x7f34975b02b0","      UTCQMMA.WS gdesc[UR72], gdesc[UR20], tmem[UR22], tmem[UR52], idesc[UR53], UPT","111","35","111","131072","4194304","4194304","32","32","0","0","0","TmemShared","Load,Store","-","0","0","0","0","0","0","0","0","-","0","0","0","0","0","0","0","0","2","0","0","0","0","0","100","0","0","8","1","0","0","0","0","0","0","0","0","0","0","0","0","35","0","0","0","0","0","0","0","0"
"0x7f34975b02c0","      UTCQMMA.WS gdesc[UR70], gdesc[UR18], tmem[UR22], tmem[UR52], idesc[UR53], UPT","130","49","130","131072","4194304","4194304","32","32","0","0","0","TmemShared","Load,Store","-","0","0","0","0","0","0","0","0","-","0","0","0","0","0","0","0","0","0","0","0","0","0","0","107","0","0","19","4","0","0","0","0","0","0","0","0","0","0","0","0","49","0","0","0","0","0","0","0","0"
"0x7f34975b02d0","      UTCQMMA.WS gdesc[UR68], gdesc[UR16], tmem[UR22], tmem[UR52], idesc[UR53], UPT","113","88","113","131072","4194304","4194304","32","32","0","0","0","TmemShared","Load,Store","-","0","0","0","0","0","0","0","0","-","0","0","0","0","0","0","0","0","0","0","0","0","0","0","109","0","0","1","3","0","0","0","0","0","0","0","0","0","0","0","0","88","0","0","0","0","0","0","0","0"
"0x7f34975b02e0","      UTCQMMA.WS gdesc[UR66], gdesc[UR14], tmem[UR22], tmem[UR52], idesc[UR53], UPT","119","103","119","131072","4194304","4194304","32","32","0","0","0","TmemShared","Load,Store","-","0","0","0","0","0","0","0","0","-","0","0","0","0","0","0","0","0","0","0","0","0","0","0","111","0","0","4","4","0","0","0","0","0","0","0","0","0","0","0","0","103","0","0","0","0","0","0","0","0"
"0x7f34975b02f0","      UTCQMMA.WS gdesc[UR64], gdesc[UR12], tmem[UR22], tmem[UR52], idesc[UR53], UPT","126","71","126","131072","4194304","4194304","32","32","0","0","0","TmemShared","Load,Store","-","0","0","0","0","0","0","0","0","-","0","0","0","0","0","0","0","0","0","0","0","0","0","0","120","0","0","2","4","0","0","0","0","0","0","0","0","0","0","0","0","71","0","0","0","0","0","0","0","0"
"0x7f34975b0300","      UTCQMMA.WS gdesc[UR60], gdesc[UR10], tmem[UR22], tmem[UR52], idesc[UR53], UPT","108","89","108","131072","4194304","4194304","32","32","0","0","0","TmemShared","Load,Store","-","0","0","0","0","0","0","0","0","-","0","0","0","0","0","0","0","0","0","0","0","0","0","0","105","0","0","2","1","0","0","0","0","0","0","0","0","0","0","0","0","89","0","0","0","0","0","0","0","0"
"0x7f34975b0310","      UTCQMMA.WS gdesc[UR62], gdesc[UR8], tmem[UR22], tmem[UR52], idesc[UR53], UPT","122","83","122","131072","4194304","4194304","32","32","0","0","0","TmemShared","Load,Store","-","0","0","0","0","0","0","0","0","-","0","0","0","0","0","0","0","0","0","0","0","0","0","0","108","0","0","10","4","0","0","0","0","0","0","0","0","0","0","0","0","83","0","0","0","0","0","0","0","0"
"0x7f34975b0320","      UTCBAR [UR5], URZ","93","66","93","131072","4194304","4194304","32","32","0","0","0","-","-","-","0","0","0","0","0","0","0","0","-","0","0","0","0","0","0","0","0","0","0","0","0","0","0","92","0","0","0","1","0","0","0","0","0","0","0","0","0","0","0","0","66","0","0","0","0","0","0","0","0"
"0x7f34975b0330","      SYNCS.PHASECHK.TRANS64.TRYWAIT P0, [UR4+0x2f930], R2","4","0","4","131072","4194304","4194304","32","32","0","0","0","-","-","-","0","0","0","0","0","0","0","0","-","0","0","0","0","0","0","0","0","0","0","0","0","0","0","0","0","0","0","4","0","0","0","0","0","0","0","0","0","0","0","0","0","0","0","0","0","0","0","0","0"
"0x7f34975b0340","      ISETP.NE.U32.AND P1, PT, R6, 0x2, PT","1","0","1","131072","4194304","4194304","32","32","0","0","0","-","-","-","0","0","0","0","0","0","0","0","-","0","0","0","0","0","0","0","0","0","0","0","0","0","0","0","0","0","0","1","0","0","0","0","0","0","0","0","0","0","0","0","0","0","0","0","0","0","0","0","0"
"0x7f34975b0350","@!UPT UIADD3 URZ, UPT, UPT, URZ, URZ, URZ","3","0","3","131072","4194304","0","32","0","32","32","0","-","-","-","0","0","0","0","0","0","0","0","-","0","0","0","0","0","0","0","0","0","0","0","0","0","0","0","0","0","0","3","0","0","0","0","0","0","0","0","0","0","0","0","0","0","0","0","0","0","0","0","0"
"0x7f34975b0360","@!P0  BRA 0x7f34975b2df0","3772","1964","3772","131072","4194304","4194304","32","32","32","0","0","-","-","-","0","0","0","0","0","0","0","0","-","0","0","0","0","0","0","0","0","0","0","0","3770","0","0","0","0","0","0","2","0","0","0","0","0","0","0","0","0","1964","0","0","0","0","0","0","0","0","0","0","0"
"0x7f34975b0370","      USHF.R.U32.HI UR6, URZ, 0x4, UR58","24","20","24","131072","4194304","4194304","32","32","0","0","0","-","-","-","0","0","0","0","0","0","0","0","-","0","0","0","0","0","0","0","0","0","0","0","0","0","0","0","0","0","0","4","0","0","0","20","0","0","0","0","0","0","0","0","0","0","0","0","0","0","0","0","20"
"0x7f34975b0380","      NOP","2","0","2","131072","4194304","4194304","32","32","0","0","0","-","-","-","0","0","0","0","0","0","0","0","-","0","0","0","0","0","0","0","0","0","0","0","0","0","0","0","0","0","0","2","0","0","0","0","0","0","0","0","0","0","0","0","0","0","0","0","0","0","0","0","0"
"0x7f34975b0390","      UISETP.NE.U32.AND UP0, UPT, UR23, URZ, UPT","4","0","4","131072","4194304","4194304","32","32","0","0","0","-","-","-","0","0","0","0","0","0","0","0","-","0","0","0","0","0","0","0","0","0","0","0","0","0","0","0","0","0","0","4","0","0","0","0","0","0","0","0","0","0","0","0","0","0","0","0","0","0","0","0","0"
"0x7f34975b03a0","      MEMBAR.ALL.CTA","2","0","2","131072","4194304","4194304","32","32","0","0","0","-","-","-","0","0","0","0","0","0","0","0","-","0","0","0","0","0","0","0","0","0","0","0","0","0","0","0","0","0","0","2","0","0","0","0","0","0","0","0","0","0","0","0","0","0","0","0","0","0","0","0","0"
"0x7f34975b03b0","      FENCE.VIEW.ASYNC.S","24","20","24","131072","4194304","4194304","32","32","0","0","0","-","-","-","0","0","0","0","0","0","0","0","-","0","0","0","0","0","0","0","0","0","0","0","4","0","0","0","0","0","0","4","0","0","0","16","0","0","0","0","0","4","0","0","0","0","0","0","0","0","0","0","16"
"0x7f34975b03c0","      UMOV UR24, 0x0","1","0","1","131072","4194304","4194304","32","32","0","0","0","-","-","-","0","0","0","0","0","0","0","0","-","0","0","0","0","0","0","0","0","0","0","0","0","0","0","0","0","0","0","1","0","0","0","0","0","0","0","0","0","0","0","0","0","0","0","0","0","0","0","0","0"
"0x7f34975b03d0","      UMOV UR25, 0x4410010","5","0","5","131072","4194304","4194304","32","32","0","0","0","-","-","-","0","0","0","0","0","0","0","0","-","0","0","0","0","0","0","0","0","0","0","0","0","0","0","0","0","0","0","5","0","0","0","0","0","0","0","0","0","0","0","0","0","0","0","0","0","0","0","0","0"
"0x7f34975b03e0","      UMOV UR21, 0x40004040","3","0","3","131072","4194304","4194304","32","32","0","0","0","-","-","-","0","0","0","0","0","0","0","0","-","0","0","0","0","0","0","0","0","0","0","0","0","0","0","0","0","0","0","3","0","0","0","0","0","0","0","0","0","0","0","0","0","0","0","0","0","0","0","0","0"
"0x7f34975b03f0","      UMOV UR19, 0x40004040","2","0","2","131072","4194304","4194304","32","32","0","0","0","-","-","-","0","0","0","0","0","0","0","0","-","0","0","0","0","0","0","0","0","0","0","0","0","0","0","0","0","0","0","2","0","0","0","0","0","0","0","0","0","0","0","0","0","0","0","0","0","0","0","0","0"
"0x7f34975b0400","      UMOV UR17, 0x40004040","3","0","3","131072","4194304","4194304","32","32","0","0","0","-","-","-","0","0","0","0","0","0","0","0","-","0","0","0","0","0","0","0","0","0","0","0","0","0","0","0","0","0","0","3","0","0","0","0","0","0","0","0","0","0","0","0","0","0","0","0","0","0","0","0","0"
"0x7f34975b0410","      UMOV UR15, 0x40004040","1","0","1","131072","4194304","4194304","32","32","0","0","0","-","-","-","0","0","0","0","0","0","0","0","-","0","0","0","0","0","0","0","0","0","0","0","0","0","0","0","0","0","0","1","0","0","0","0","0","0","0","0","0","0","0","0","0","0","0","0","0","0","0","0","0"
"0x7f34975b0420","      UMOV UR13, 0x40004040","3","0","3","131072","4194304","4194304","32","32","0","0","0","-","-","-","0","0","0","0","0","0","0","0","-","0","0","0","0","0","0","0","0","0","0","0","0","0","0","0","0","0","0","3","0","0","0","0","0","0","0","0","0","0","0","0","0","0","0","0","0","0","0","0","0"
"0x7f34975b0430","      UMOV UR11, 0x40004040","1","0","1","131072","4194304","4194304","32","32","0","0","0","-","-","-","0","0","0","0","0","0","0","0","-","0","0","0","0","0","0","0","0","0","0","0","0","0","0","0","0","0","0","1","0","0","0","0","0","0","0","0","0","0","0","0","0","0","0","0","0","0","0","0","0"
"0x7f34975b0440","      UMOV UR9, 0x40004040","0","0","0","131072","4194304","4194304","32","32","0","0","0","-","-","-","0","0","0","0","0","0","0","0","-","0","0","0","0","0","0","0","0","0","0","0","0","0","0","0","0","0","0","0","0","0","0","0","0","0","0","0","0","0","0","0","0","0","0","0","0","0","0","0","0"
"0x7f34975b0450","      UMOV UR7, 0x3fff","3","0","3","131072","4194304","4194304","32","32","0","0","0","-","-","-","0","0","0","0","0","0","0","0","-","0","0","0","0","0","0","0","0","0","0","0","0","0","0","0","0","0","0","3","0","0","0","0","0","0","0","0","0","0","0","0","0","0","0","0","0","0","0","0","0"
"0x7f34975b0460","      IADD3 R5, PT, PT, R5, 0x1, RZ","3","0","3","131072","4194304","4194304","32","32","0","0","0","-","-","-","0","0","0","0","0","0","0","0","-","0","0","0","0","0","0","0","0","0","0","0","0","0","0","0","0","0","0","3","0","0","0","0","0","0","0","0","0","0","0","0","0","0","0","0","0","0","0","0","0"
"0x7f34975b0470","      ULOP3.LUT UR6, UR6, 0x4000000, UR7, 0xec, !UPT","9","0","9","131072","4194304","4194304","32","32","0","0","0","-","-","-","0","0","0","0","0","0","0","0","-","0","0","0","0","0","0","0","0","0","0","0","0","0","0","0","0","0","0","9","0","0","0","0","0","0","0","0","0","0","0","0","0","0","0","0","0","0","0","0","0"
"0x7f34975b0480","      VIADD R2, R4, 0x1","3","0","3","131072","4194304","4194304","32","32","0","0","0","-","-","-","0","0","0","0","0","0","0","0","-","0","0","0","0","0","0","0","0","0","0","0","0","0","0","0","0","0","0","3","0","0","0","0","0","0","0","0","0","0","0","0","0","0","0","0","0","0","0","0","0"
"0x7f34975b0490","      SEL R3, R6, RZ, P1","6","0","6","131072","4194304","4194304","32","32","0","0","0","-","-","-","0","0","0","0","0","0","0","0","-","0","0","0","0","0","0","0","0","0","0","0","0","0","0","0","0","0","0","6","0","0","0","0","0","0","0","0","0","0","0","0","0","0","0","0","0","0","0","0","0"
"0x7f34975b04a0","      UMOV UR7, 0x40004040","1","0","1","131072","4194304","4194304","32","32","0","0","0","-","-","-","0","0","0","0","0","0","0","0","-","0","0","0","0","0","0","0","0","0","0","0","0","0","0","0","0","0","0","1","0","0","0","0","0","0","0","0","0","0","0","0","0","0","0","0","0","0","0","0","0"
"0x7f34975b04b0","      UIADD3 UR20, UPT, UPT, UR6, 0x100, URZ","2","0","2","131072","4194304","4194304","32","32","0","0","0","-","-","-","0","0","0","0","0","0","0","0","-","0","0","0","0","0","0","0","0","0","0","0","0","0","0","0","0","0","0","2","0","0","0","0","0","0","0","0","0","0","0","0","0","0","0","0","0","0","0","0","0"
"0x7f34975b04c0","      ISETP.NE.U32.AND P0, PT, R5, RZ, PT","2","0","2","131072","4194304","4194304","32","32","0","0","0","-","-","-","0","0","0","0","0","0","0","0","-","0","0","0","0","0","0","0","0","0","0","0","0","0","0","0","0","0","0","2","0","0","0","0","0","0","0","0","0","0","0","0","0","0","0","0","0","0","0","0","0"
"0x7f34975b04d0","      UIADD3 UR18, UPT, UPT, UR6, 0x200, URZ","3","0","3","131072","4194304","4194304","32","32","0","0","0","-","-","-","0","0","0","0","0","0","0","0","-","0","0","0","0","0","0","0","0","0","0","0","0","0","0","0","0","0","0","3","0","0","0","0","0","0","0","0","0","0","0","0","0","0","0","0","0","0","0","0","0"
"0x7f34975b04e0","@P1   IMAD.MOV R2, RZ, RZ, R4","0","0","0","131072","4194304","2097152","32","16","16","16","0","-","-","-","0","0","0","0","0","0","0","0","-","0","0","0","0","0","0","0","0","0","0","0","0","0","0","0","0","0","0","0","0","0","0","0","0","0","0","0","0","0","0","0","0","0","0","0","0","0","0","0","0"
"0x7f34975b04f0","      UIADD3 UR16, UPT, UPT, UR6, 0x300, URZ","1","0","1","131072","4194304","4194304","32","32","16","0","0","-","-","-","0","0","0","0","0","0","0","0","-","0","0","0","0","0","0","0","0","0","0","0","0","0","0","0","0","0","0","1","0","0","0","0","0","0","0","0","0","0","0","0","0","0","0","0","0","0","0","0","0"
"0x7f34975b0500","      UTCQMMA.WS gdesc[UR44], gdesc[UR6], tmem[UR56], tmem[UR24], idesc[UR25], UP0","5","4","5","131072","4194304","4194304","32","32","0","0","0","TmemShared","Load,Store","-","0","0","0","0","0","0","0","0","-","0","0","0","0","0","0","0","0","0","0","0","3","0","0","0","0","1","0","1","0","0","0","0","0","0","0","0","0","3","0","0","0","0","1","0","0","0","0","0","0"
"0x7f34975b0510","      UIADD3 UR14, UPT, UPT, UR6, 0x800, URZ","1","0","1","131072","4194304","4194304","32","32","0","0","0","-","-","-","0","0","0","0","0","0","0","0","-","0","0","0","0","0","0","0","0","0","0","0","0","0","0","0","0","0","0","1","0","0","0","0","0","0","0","0","0","0","0","0","0","0","0","0","0","0","0","0","0"
"0x7f34975b0520","      UIADD3 UR12, UPT, UPT, UR6, 0x900, URZ","4","2","4","131072","4194304","4194304","32","32","0","0","0","-","-","-","0","0","0","0","0","0","0","0","-","0","0","0","0","0","0","0","0","0","0","0","0","0","0","0","0","0","0","2","0","0","0","2","0","0","0","0","0","0","0","0","0","0","0","0","0","0","0","0","2"
"0x7f34975b0530","      UTCQMMA.WS gdesc[UR50], gdesc[UR20], tmem[UR56], tmem[UR24], idesc[UR25], UPT","4","0","4","131072","4194304","4194304","32","32","0","0","0","TmemShared","Load,Store","-","0","0","0","0","0","0","0","0","-","0","0","0","0","0","0","0","0","0","0","0","0","0","0","0","0","0","0","4","0","0","0","0","0","0","0","0","0","0","0","0","0","0","0","0","0","0","0","0","0"
"0x7f34975b0540","      UIADD3 UR10, UPT, UPT, UR6, 0xa00, URZ","3","0","3","131072","4194304","4194304","32","32","0","0","0","-","-","-","0","0","0","0","0","0","0","0","-","0","0","0","0","0","0","0","0","0","0","0","0","0","0","0","0","0","0","3","0","0","0","0","0","0","0","0","0","0","0","0","0","0","0","0","0","0","0","0","0"
"0x7f34975b0550","      UTCQMMA.WS gdesc[UR48], gdesc[UR18], tmem[UR56], tmem[UR24], idesc[UR25], UPT","2","0","2","131072","4194304","4194304","32","32","0","0","0","TmemShared","Load,Store","-","0","0","0","0","0","0","0","0","-","0","0","0","0","0","0","0","0","0","0","0","0","0","0","0","0","0","0","2","0","0","0","0","0","0","0","0","0","0","0","0","0","0","0","0","0","0","0","0","0"
"0x7f34975b0560","      UIADD3 UR8, UPT, UPT, UR6, 0xb00, URZ","2","0","2","131072","4194304","4194304","32","32","0","0","0","-","-","-","0","0","0","0","0","0","0","0","-","0","0","0","0","0","0","0","0","0","0","0","0","0","0","0","0","0","0","2","0","0","0","0","0","0","0","0","0","0","0","0","0","0","0","0","0","0","0","0","0"
"0x7f34975b0570","      UTCQMMA.WS gdesc[UR46], gdesc[UR16], tmem[UR56], tmem[UR24], idesc[UR25], UPT","2","0","2","131072","4194304","4194304","32","32","0","0","0","TmemShared","Load,Store","-","0","0","0","0","0","0","0","0","-","0","0","0","0","0","0","0","0","0","0","0","0","0","0","0","0","0","0","2","0","0","0","0","0","0","0","0","0","0","0","0","0","0","0","0","0","0","0","0","0"
"0x7f34975b0580","      UTCQMMA.WS gdesc[UR44], gdesc[UR14], tmem[UR57], tmem[UR24], idesc[UR25], UP0","17","11","17","131072","4194304","4194304","32","32","0","0","0","TmemShared","Load,Store","-","0","0","0","0","0","0","0","0","-","0","0","0","0","0","0","0","0","0","0","0","0","0","0","11","0","0","0","6","0","0","0","0","0","0","0","0","0","0","0","0","11","0","0","0","0","0","0","0","0"
"0x7f34975b0590","      UTCQMMA.WS gdesc[UR50], gdesc[UR12], tmem[UR57], tmem[UR24], idesc[UR25], UPT","14","10","14","131072","4194304","4194304","32","32","0","0","0","TmemShared","Load,Store","-","0","0","0","0","0","0","0","0","-","0","0","0","0","0","0","0","0","0","0","0","0","0","0","9","0","0","0","4","0","0","0","1","0","0","0","0","0","0","0","0","9","0","0","0","0","0","0","0","1"
"0x7f34975b05a0","      UTCQMMA.WS gdesc[UR48], gdesc[UR10], tmem[UR57], tmem[UR24], idesc[UR25], UPT","40","38","40","131072","4194304","4194304","32","32","0","0","0","TmemShared","Load,Store","-","0","0","0","0","0","0","0","0","-","0","0","0","0","0","0","0","0","0","0","0","0","0","0","35","0","0","0","2","0","0","0","3","0","0","0","0","0","0","0","0","35","0","0","0","0","0","0","0","3"
"0x7f34975b05b0","      UTCQMMA.WS gdesc[UR46], gdesc[UR8], tmem[UR57], tmem[UR24], idesc[UR25], UPT","230","226","230","131072","4194304","4194304","32","32","0","0","0","TmemShared","Load,Store","-","0","0","0","0","0","0","0","0","-","0","0","0","0","0","0","0","0","0","0","0","0","0","0","224","0","0","0","4","0","0","0","2","0","0","0","0","0","0","0","0","224","0","0","0","0","0","0","0","2"
"0x7f34975b05c0","      UTCBAR [UR59], URZ","174","172","174","131072","4194304","4194304","32","32","0","0","0","-","-","-","0","0","0","0","0","0","0","0","-","0","0","0","0","0","0","0","0","0","0","0","0","0","0","172","0","0","0","2","0","0","0","0","0","0","0","0","0","0","0","0","172","0","0","0","0","0","0","0","0"
"0x7f34975b05d0","@!P0  EXIT","582","581","582","131072","4194304","262144","32","2","30","30","0","-","-","-","0","0","0","0","0","0","0","0","-","0","0","0","0","0","0","0","0","0","0","0","0","0","0","0","0","0","0","1","578","0","0","3","0","0","0","0","0","0","0","0","0","0","0","0","0","578","0","0","3"
"0x7f34975b05e0","      MOV R4, R2","13","11","13","122880","3932160","3932160","32","32","30","0","0","-","-","-","0","0","0","0","0","0","0","0","-","0","0","0","0","0","0","0","0","0","0","0","0","0","0","0","0","0","0","2","0","0","0","11","0","0","0","0","0","0","0","0","0","0","0","0","0","0","0","0","11"
"0x7f34975b05f0","      UIADD3 UR23, UPT, UPT, UR23, 0x1, URZ","4","0","4","122880","3932160","3932160","32","32","0","0","0","-","-","-","0","0","0","0","0","0","0","0","-","0","0","0","0","0","0","0","0","0","0","0","0","0","0","0","0","0","0","4","0","0","0","0","0","0","0","0","0","0","0","0","0","0","0","0","0","0","0","0","0"
"0x7f34975b0600","      BRA 0x7f34975afc50","3","0","3","122880","3932160","3932160","32","32","0","0","0","-","-","-","0","0","0","0","0","0","0","0","-","0","0","0","0","0","0","0","0","0","0","0","0","0","0","0","0","0","0","3","0","0","0","0","0","0","0","0","0","0","0","0","0","0","0","0","0","0","0","0","0"
"0x7f34975b0610","      UISETP.GT.AND UP0, UPT, UR39, 0x7, UPT","43","38","43","65536","2097152","2097152","32","32","0","0","0","-","-","-","0","0","0","0","0","0","0","0","-","0","0","0","0","0","0","0","3","0","0","0","0","0","0","0","0","23","0","4","0","0","0","13","0","3","0","0","0","0","0","0","0","0","22","0","0","0","0","0","13"
"0x7f34975b0620","      PLOP3.LUT P0, PT, PT, PT, UP0, 0x80, 0x8","8","7","8","65536","2097152","2097152","32","32","0","0","0","-","-","-","0","0","0","0","0","0","0","0","-","0","0","0","0","0","0","0","0","0","0","0","0","0","0","0","0","0","0","1","0","0","0","7","0","0","0","0","0","0","0","0","0","0","0","0","0","0","0","0","7"
"0x7f34975b0630","@P0   EXIT","17","11","17","65536","2097152","0","32","0","32","32","0","-","-","-","0","0","0","0","0","0","0","0","-","0","0","0","0","0","0","0","0","0","0","0","0","0","0","0","0","0","0","2","0","0","0","15","0","0","0","0","0","0","0","0","0","0","0","0","0","0","0","0","11"
"0x7f34975b0640","      SHF.L.U32 R3, RZ, 0x1f, RZ","7","5","7","65536","2097152","2097152","32","32","32","0","0","-","-","-","0","0","0","0","0","0","0","0","-","0","0","0","0","0","0","0","0","0","0","0","0","0","0","0","0","0","0","0","0","0","0","7","0","0","0","0","0","0","0","0","0","0","0","0","0","0","0","0","5"
"0x7f34975b0650","      SYNCS.PHASECHK.TRANS64.TRYWAIT P0, [UR4+0x2f938], R3","6","5","6","65536","2097152","2097152","32","32","0","0","0","-","-","-","0","0","0","0","0","0","0","0","-","0","0","0","0","0","0","0","0","0","0","0","0","0","0","0","0","0","0","1","0","0","0","5","0","0","0","0","0","0","0","0","0","0","0","0","0","0","0","0","5"
"0x7f34975b0660","@!P0  BRA 0x7f34975b2e50","2261","2077","2261","65536","2097152","1835008","32","28","4","4","0","-","-","-","0","0","0","0","0","0","0","0","-","0","0","0","0","0","0","0","0","1","0","0","2253","0","0","0","0","0","3","1","0","0","0","3","0","0","0","0","0","2074","0","0","0","0","0","0","0","0","0","0","3"
"0x7f34975b0670","      LDCU.64 UR6, c[0x0][0x398]","8","4","8","65536","2097152","2097152","32","32","4","0","0","-","-","-","0","0","0","0","0","0","0","0","-","0","0","0","0","0","0","0","0","0","0","0","0","0","0","0","0","0","2","1","0","0","0","5","0","0","0","0","0","0","0","0","0","0","0","0","0","0","0","0","4"
"0x7f34975b0680","      LDS R108, [UR4+0x2f940]","2","0","2","65536","2097152","2097152","32","32","0","0","0","Shared","Load","32","0","1","0","65536","65536","0","0","0","-","0","0","0","0","0","0","0","0","0","0","0","0","0","0","0","0","0","0","2","0","0","0","0","0","0","0","0","0","0","0","0","0","0","0","0","0","0","0","0","0"
"0x7f34975b0690","      UIMAD.WIDE.U32 UR6, UR28, 0x4, UR6","35","18","35","65536","2097152","2097152","32","32","0","0","0","-","-","-","0","0","0","0","0","0","0","0","-","0","0","0","0","0","0","0","0","2","0","0","0","1","0","0","0","0","1","3","28","0","0","0","0","0","0","0","0","0","0","0","0","0","0","0","0","18","0","0","0"
"0x7f34975b06a0","      IMAD.U32 R3, RZ, RZ, UR7","17","5","17","65536","2097152","2097152","32","32","0","0","0","-","-","-","0","0","0","0","0","0","0","0","-","0","0","0","0","0","0","0","0","1","0","0","0","1","0","0","0","0","2","2","0","0","0","11","0","0","0","0","0","0","0","0","0","0","0","0","0","0","0","0","5"
"0x7f34975b06b0","      IMAD.U32 R2, RZ, RZ, UR6","5","0","5","65536","2097152","2097152","32","32","0","0","0","-","-","-","0","0","0","0","0","0","0","0","-","0","0","0","0","0","0","0","0","0","0","0","0","0","0","0","0","0","2","3","0","0","0","0","0","0","0","0","0","0","0","0","0","0","0","0","0","0","0","0","0"
"0x7f34975b06c0","      LDG.E R3, desc[UR76][R2.64]","5","2","5","65536","2097152","2097152","32","32","0","0","0","Global","Load","32","65536","0","0","0","0","0","65536","65536","","0","0","0","0","0","0","0","0","0","0","0","0","0","0","0","0","0","0","1","0","0","0","4","0","0","0","0","0","0","0","0","0","0","0","0","0","0","0","0","2"
"0x7f34975b06d0","      LOP3.LUT R120, R107, 0x7f, RZ, 0xc0, !PT","2","0","2","65536","2097152","2097152","32","32","0","0","0","-","-","-","0","0","0","0","0","0","0","0","-","0","0","0","0","0","0","0","0","0","0","0","0","0","0","0","0","0","0","2","0","0","0","0","0","0","0","0","0","0","0","0","0","0","0","0","0","0","0","0","0"
"0x7f34975b06e0","      IMAD.MOV.U32 R105, RZ, RZ, RZ","1","0","1","65536","2097152","2097152","32","32","0","0","0","-","-","-","0","0","0","0","0","0","0","0","-","0","0","0","0","0","0","0","0","0","0","0","0","0","0","0","0","0","0","1","0","0","0","0","0","0","0","0","0","0","0","0","0","0","0","0","0","0","0","0","0"
"0x7f34975b06f0","      LOP3.LUT R119, R107, 0x180, RZ, 0xc0, !PT","0","0","0","65536","2097152","2097152","32","32","0","0","0","-","-","-","0","0","0","0","0","0","0","0","-","0","0","0","0","0","0","0","0","0","0","0","0","0","0","0","0","0","0","0","0","0","0","0","0","0","0","0","0","0","0","0","0","0","0","0","0","0","0","0","0"
"0x7f34975b0700","      SHF.R.S32.HI R0, RZ, 0x1f, R3","47","29","47","65536","2097152","2097152","32","32","0","0","0","-","-","-","0","0","0","0","0","0","0","0","-","0","0","0","0","0","0","0","0","1","0","0","40","1","0","0","0","0","4","0","0","0","0","1","0","0","0","0","0","27","1","0","0","0","0","0","0","0","0","0","1"
"0x7f34975b0710","      LEA.HI R117, R0, R3, RZ, 0x7","10","4","10","65536","2097152","2097152","32","32","0","0","0","-","-","-","0","0","0","0","0","0","0","0","-","0","0","0","0","0","0","0","0","0","0","0","0","2","0","0","0","0","5","0","0","0","0","3","0","0","0","0","0","0","2","0","0","0","0","0","0","0","0","0","2"
"0x7f34975b0720","      LOP3.LUT R0, R117, 0xffffff80, RZ, 0xc0, !PT","16","7","16","65536","2097152","2097152","32","32","0","0","0","-","-","-","0","0","0","0","0","0","0","0","-","0","0","0","0","0","0","0","0","0","0","0","0","2","0","0","0","0","4","3","0","0","0","7","0","0","0","0","0","0","1","0","0","0","0","0","0","0","0","0","6"
"0x7f34975b0730","      ISETP.NE.U32.AND P0, PT, R3, R0, PT","11","1","11","65536","2097152","2097152","32","32","0","0","0","-","-","-","0","0","0","0","0","0","0","0","-","0","0","0","0","0","0","0","0","1","0","0","0","0","0","0","0","0","4","5","0","0","0","1","0","0","0","0","0","0","0","0","0","0","0","0","0","0","0","0","1"
"0x7f34975b0740","      SHF.R.S32.HI R0, RZ, 0x7, R117","4","1","4","65536","2097152","2097152","32","32","0","0","0","-","-","-","0","0","0","0","0","0","0","0","-","0","0","0","0","0","0","0","0","0","0","0","0","0","0","0","0","0","1","2","0","0","0","1","0","0","0","0","0","0","0","0","0","0","0","0","0","0","0","0","1"
"0x7f34975b0750","      ISETP.GT.AND P0, PT, R3, -0x1, P0","5","1","5","65536","2097152","2097152","32","32","0","0","0","-","-","-","0","0","0","0","0","0","0","0","-","0","0","0","0","0","0","0","0","0","0","0","0","0","0","0","0","0","0","4","0","0","0","1","0","0","0","0","0","0","0","0","0","0","0","0","0","0","0","0","1"
"0x7f34975b0760","      LEA.HI.SX32 R117, R117, 0x1, 0x19","4","1","4","65536","2097152","2097152","32","32","0","0","0","-","-","-","0","0","0","0","0","0","0","0","-","0","0","0","0","0","0","0","0","0","0","0","0","0","0","0","0","0","3","0","0","0","0","1","0","0","0","0","0","0","0","0","0","0","0","0","0","0","0","0","1"
"0x7f34975b0770","@!P0  IMAD.MOV R117, RZ, RZ, R0","19","9","19","65536","2097152","2097152","32","32","0","0","0","-","-","-","0","0","0","0","0","0","0","0","-","0","0","0","0","0","0","0","0","0","0","0","0","0","0","0","0","0","2","1","0","0","0","16","0","0","0","0","0","0","0","0","0","0","0","0","0","0","0","0","9"
"0x7f34975b0780","      ISETP.GE.AND P0, PT, R117, 0x1, PT","12","9","12","65536","2097152","2097152","32","32","0","0","0","-","-","-","0","0","0","0","0","0","0","0","-","0","0","0","0","0","0","0","0","0","0","0","0","3","0","0","0","0","2","0","0","0","0","7","0","0","0","0","0","0","3","0","0","0","0","0","0","0","0","0","6"
"0x7f34975b0790","@!P0  BRA 0x7f34975b1d80","30","8","30","65536","2097152","0","32","0","32","32","0","-","-","-","0","0","0","0","0","0","0","0","-","0","0","0","0","0","0","0","0","0","0","0","0","0","0","0","0","0","6","1","0","0","0","23","0","0","0","0","0","0","0","0","0","0","0","0","0","0","0","0","8"
"0x7f34975b07a0","      LOP3.LUT R0, R120, 0x40, RZ, 0xc0, !PT","7","1","7","65536","2097152","2097152","32","32","32","0","0","-","-","-","0","0","0","0","0","0","0","0","-","0","0","0","0","0","0","0","0","0","0","0","0","2","0","0","0","0","3","0","0","0","0","2","0","0","0","0","0","0","0","0","0","0","0","0","0","0","0","0","1"
"0x7f34975b07b0","      IMAD.U32 R109, RZ, RZ, UR4","1","0","1","65536","2097152","2097152","32","32","0","0","0","-","-","-","0","0","0","0","0","0","0","0","-","0","0","0","0","0","0","0","0","0","0","0","0","0","0","0","0","0","0","1","0","0","0","0","0","0","0","0","0","0","0","0","0","0","0","0","0","0","0","0","0"
"0x7f34975b07c0","      SHF.R.U32.HI R7, RZ, 0x7, R107","1","0","1","65536","2097152","2097152","32","32","0","0","0","-","-","-","0","0","0","0","0","0","0","0","-","0","0","0","0","0","0","0","0","0","0","0","0","0","0","0","0","0","0","1","0","0","0","0","0","0","0","0","0","0","0","0","0","0","0","0","0","0","0","0","0"
"0x7f34975b07d0","      IMAD.U32 R118, R107, 0x10000, RZ","0","0","0","65536","2097152","2097152","32","32","0","0","0","-","-","-","0","0","0","0","0","0","0","0","-","0","0","0","0","0","0","0","0","0","0","0","0","0","0","0","0","0","0","0","0","0","0","0","0","0","0","0","0","0","0","0","0","0","0","0","0","0","0","0","0"
"0x7f34975b07e0","      LOP3.LUT R120, R120, 0x38, RZ, 0xc0, !PT","3","0","3","65536","2097152","2097152","32","32","0","0","0","-","-","-","0","0","0","0","0","0","0","0","-","0","0","0","0","0","0","0","0","0","0","0","0","0","0","0","0","0","0","3","0","0","0","0","0","0","0","0","0","0","0","0","0","0","0","0","0","0","0","0","0"
"0x7f34975b07f0","      IMAD.MOV R117, RZ, RZ, -R117","1","0","1","65536","2097152","2097152","32","32","0","0","0","-","-","-","0","0","0","0","0","0","0","0","-","0","0","0","0","0","0","0","0","0","0","0","0","0","0","0","0","0","0","1","0","0","0","0","0","0","0","0","0","0","0","0","0","0","0","0","0","0","0","0","0"
"0x7f34975b0800","      CS2R R114, SRZ","3","0","3","65536","2097152","2097152","32","32","0","0","0","-","-","-","0","0","0","0","0","0","0","0","-","0","0","0","0","0","0","0","0","0","0","0","0","0","0","0","0","0","0","3","0","0","0","0","0","0","0","0","0","0","0","0","0","0","0","0","0","0","0","0","0"
"0x7f34975b0810","      IMAD R5, R7, 0x20, R0","2","0","2","65536","2097152","2097152","32","32","0","0","0","-","-","-","0","0","0","0","0","0","0","0","-","0","0","0","0","0","0","0","0","0","0","0","0","0","0","0","0","0","0","2","0","0","0","0","0","0","0","0","0","0","0","0","0","0","0","0","0","0","0","0","0"
"0x7f34975b0820","      LOP3.LUT R3, R120, 0x7, R107, 0xf8, !PT","0","0","0","65536","2097152","2097152","32","32","0","0","0","-","-","-","0","0","0","0","0","0","0","0","-","0","0","0","0","0","0","0","0","0","0","0","0","0","0","0","0","0","0","0","0","0","0","0","0","0","0","0","0","0","0","0","0","0","0","0","0","0","0","0","0"
"0x7f34975b0830","      IMAD.MOV.U32 R105, RZ, RZ, RZ","1","0","1","65536","2097152","2097152","32","32","0","0","0","-","-","-","0","0","0","0","0","0","0","0","-","0","0","0","0","0","0","0","0","0","0","0","0","0","0","0","0","0","0","1","0","0","0","0","0","0","0","0","0","0","0","0","0","0","0","0","0","0","0","0","0"
"0x7f34975b0840","      LOP3.LUT R118, R118, 0x600000, RZ, 0xc0, !PT","4","0","4","65536","2097152","2097152","32","32","0","0","0","-","-","-","0","0","0","0","0","0","0","0","-","0","0","0","0","0","0","0","0","0","0","0","0","0","0","0","0","0","0","4","0","0","0","0","0","0","0","0","0","0","0","0","0","0","0","0","0","0","0","0","0"
"0x7f34975b0850","      IMAD.SHL.U32 R2, R5, 0x40, RZ","3","0","3","65536","2097152","2097152","32","32","0","0","0","-","-","-","0","0","0","0","0","0","0","0","-","0","0","0","0","0","0","0","0","0","0","0","0","0","0","0","0","0","0","3","0","0","0","0","0","0","0","0","0","0","0","0","0","0","0","0","0","0","0","0","0"
"0x7f34975b0860","      IMAD.SHL.U32 R3, R3, 0x40, RZ","10","2","10","65536","2097152","2097152","32","32","0","0","0","-","-","-","0","0","0","0","0","0","0","0","-","0","0","0","0","0","0","0","0","0","0","0","0","2","0","0","0","0","6","0","0","0","0","2","0","0","0","0","0","0","0","0","0","0","0","0","0","0","0","0","2"
"0x7f34975b0870","      IADD3 R118, PT, PT, R119, R108, R118","2","0","2","65536","2097152","2097152","32","32","0","0","0","-","-","-","0","0","0","0","0","0","0","0","-","0","0","0","0","0","0","0","0","0","0","0","0","0","0","0","0","0","0","2","0","0","0","0","0","0","0","0","0","0","0","0","0","0","0","0","0","0","0","0","0"
"0x7f34975b0880","      IMAD R0, R7, 0x20, R2","1","0","1","65536","2097152","2097152","32","32","0","0","0","-","-","-","0","0","0","0","0","0","0","0","-","0","0","0","0","0","0","0","0","0","0","0","0","0","0","0","0","0","0","1","0","0","0","0","0","0","0","0","0","0","0","0","0","0","0","0","0","0","0","0","0"
"0x7f34975b0890","      IADD3 R2, PT, PT, R2, 0x10, R5","1","0","1","65536","2097152","2097152","32","32","0","0","0","-","-","-","0","0","0","0","0","0","0","0","-","0","0","0","0","0","0","0","0","0","0","0","0","0","0","0","0","0","0","1","0","0","0","0","0","0","0","0","0","0","0","0","0","0","0","0","0","0","0","0","0"
"0x7f34975b08a0","      IMAD.MOV.U32 R37, RZ, RZ, -0xeb60d36","2","0","2","65536","2097152","2097152","32","32","0","0","0","-","-","-","0","0","0","0","0","0","0","0","-","0","0","0","0","0","0","0","0","0","0","0","0","0","0","0","0","0","0","2","0","0","0","0","0","0","0","0","0","0","0","0","0","0","0","0","0","0","0","0","0"
"0x7f34975b08b0","      IMAD.MOV.U32 R116, RZ, RZ, RZ","10","1","10","65536","2097152","2097152","32","32","0","0","0","-","-","-","0","0","0","0","0","0","0","0","-","0","0","0","0","0","0","0","0","0","0","0","0","4","0","0","0","0","2","1","0","0","0","3","0","0","0","0","0","0","0","0","0","0","0","0","0","0","0","0","1"
"0x7f34975b08c0","      LOP3.LUT R0, R3, 0x3020, R0, 0xf8, !PT","5","0","5","65536","2097152","2097152","32","32","0","0","0","-","-","-","0","0","0","0","0","0","0","0","-","0","0","0","0","0","0","0","0","0","0","0","0","0","0","0","0","0","0","5","0","0","0","0","0","0","0","0","0","0","0","0","0","0","0","0","0","0","0","0","0"
"0x7f34975b08d0","      LOP3.LUT R2, R3, 0x3030, R2, 0xf8, !PT","7","2","7","65536","2097152","2097152","32","32","0","0","0","-","-","-","0","0","0","0","0","0","0","0","-","0","0","0","0","0","0","0","0","0","0","0","0","1","0","0","0","0","3","0","0","0","0","3","0","0","0","0","0","0","1","0","0","0","0","0","0","0","0","0","1"
"0x7f34975b08e0","      IADD3 R3, PT, PT, R109, 0x2d000, R0","8","5","8","65536","2097152","2097152","32","32","0","0","0","-","-","-","0","0","0","0","0","0","0","0","-","0","0","0","0","0","0","0","0","0","0","0","0","1","0","0","0","0","3","0","0","0","0","4","0","0","0","0","0","0","1","0","0","0","0","0","0","0","0","0","4"
"0x7f34975b08f0","      IADD3 R0, PT, PT, R109, 0x2d000, R2","34","11","34","65536","2097152","2097152","32","32","0","0","0","-","-","-","0","0","0","0","0","0","0","0","-","0","0","0","0","0","0","0","0","0","0","0","0","11","0","0","0","0","20","1","0","0","0","2","0","0","0","0","0","0","9","0","0","0","0","0","0","0","0","0","2"
"0x7f34975b0900","      SHF.R.U32.HI R2, RZ, 0x5, R107","4","1","4","65536","2097152","2097152","32","32","0","0","0","-","-","-","0","0","0","0","0","0","0","0","-","0","0","0","0","0","0","0","0","0","0","0","0","0","0","0","0","0","2","1","0","0","0","1","0","0","0","0","0","0","0","0","0","0","0","0","0","0","0","0","1"
"0x7f34975b0910","      SHF.R.U32.HI R112, RZ, 0x3, R3","4","0","4","65536","2097152","2097152","32","32","0","0","0","-","-","-","0","0","0","0","0","0","0","0","-","0","0","0","0","0","0","0","0","0","0","0","0","0","0","0","0","0","1","3","0","0","0","0","0","0","0","0","0","0","0","0","0","0","0","0","0","0","0","0","0"
"0x7f34975b0920","      R2UR UR8, R2","3","0","3","65536","2097152","2097152","32","32","0","0","0","-","-","-","0","0","0","0","0","0","0","0","-","0","0","0","0","0","0","0","0","0","0","0","0","0","0","0","0","0","2","1","0","0","0","0","0","0","0","0","0","0","0","0","0","0","0","0","0","0","0","0","0"
"0x7f34975b0930","      SHF.R.U32.HI R111, RZ, 0x3, R0","6","0","6","65536","2097152","2097152","32","32","0","0","0","-","-","-","0","0","0","0","0","0","0","0","-","0","0","0","0","0","0","0","0","0","0","0","0","0","0","0","0","0","3","2","0","0","0","1","0","0","0","0","0","0","0","0","0","0","0","0","0","0","0","0","0"
"0x7f34975b0940","      LOP3.LUT R112, R3, 0x30, R112, 0x78, !PT","5","1","5","65536","2097152","2097152","32","32","0","0","0","-","-","-","0","0","0","0","0","0","0","0","-","0","0","0","0","0","0","0","0","0","0","0","0","0","0","0","0","0","1","2","0","0","0","2","0","0","0","0","0","0","0","0","0","0","0","0","0","0","0","0","1"
"0x7f34975b0950","      LOP3.LUT R111, R0, 0x30, R111, 0x78, !PT","16","3","16","65536","2097152","2097152","32","32","0","0","0","-","-","-","0","0","0","0","0","0","0","0","-","0","0","0","0","0","0","0","0","0","0","0","0","4","0","0","0","0","8","3","0","0","0","1","0","0","0","0","0","0","2","0","0","0","0","0","0","0","0","0","1"
"0x7f34975b0960","      LEA.HI R5, R116, R116, RZ, 0x1","393","317","393","1048576","33554432","33554432","32","32","0","0","0","-","-","-","0","0","0","0","0","0","0","0","-","0","0","0","0","0","0","0","53","0","0","0","0","3","0","0","0","315","11","2","0","0","0","9","0","44","0","0","0","0","0","0","0","0","267","0","0","0","0","0","6"
"0x7f34975b0970","      IMAD.SHL.U32 R3, R114, 0x8, RZ","16","0","16","1048576","33554432","33554432","32","32","0","0","0","-","-","-","0","0","0","0","0","0","0","0","-","0","0","0","0","0","0","0","0","0","0","0","0","0","0","0","0","0","0","16","0","0","0","0","0","0","0","0","0","0","0","0","0","0","0","0","0","0","0","0","0"
"0x7f34975b0980","      UMOV UR39, UR8","114","47","114","1048576","33554432","33554432","32","32","0","0","0","-","-","-","0","0","0","0","0","0","0","0","-","0","0","0","0","0","0","0","0","0","0","0","0","0","0","0","0","79","12","23","0","0","0","0","0","0","0","0","0","0","0","0","0","0","47","0","0","0","0","0","0"
"0x7f34975b0990","      LOP3.LUT R5, R5, 0xfffffffe, RZ, 0xc0, !PT","67","15","67","1048576","33554432","33554432","32","32","0","0","0","-","-","-","0","0","0","0","0","0","0","0","-","0","0","0","0","0","0","0","0","1","0","0","0","10","0","0","0","0","7","26","0","0","0","23","0","0","0","0","0","0","5","0","0","0","0","0","0","0","0","0","10"
"0x7f34975b09a0","      LOP3.LUT R113, R3, 0x8, RZ, 0xc0, !PT","43","11","43","1048576","33554432","33554432","32","32","0","0","0","-","-","-","0","0","0","0","0","0","0","0","-","0","0","0","0","0","0","0","0","0","0","0","0","1","0","0","0","0","5","15","0","0","0","22","0","0","0","0","0","0","0","0","0","0","0","0","0","0","0","0","11"
"0x7f34975b09b0","      IMAD.IADD R0, R116, 0x1, -R5","85","27","85","1048576","33554432","33554432","32","32","0","0","0","-","-","-","0","0","0","0","0","0","0","0","-","0","0","0","0","0","0","0","0","0","0","0","0","8","0","0","0","0","17","16","0","0","0","44","0","0","0","0","0","0","4","0","0","0","0","0","0","0","0","0","23"
"0x7f34975b09c0","      VIADD R3, R113, UR4","45","5","45","1048576","33554432","33554432","32","32","0","0","0","-","-","-","0","0","0","0","0","0","0","0","-","0","0","0","0","0","0","0","0","1","0","0","0","2","0","0","0","0","4","16","0","0","0","22","0","0","0","0","0","0","0","0","0","0","0","0","0","0","0","0","5"
"0x7f34975b09d0","      SHF.L.U32 R2, R0, 0x1f, RZ","73","23","73","1048576","33554432","33554432","32","32","0","0","0","-","-","-","0","0","0","0","0","0","0","0","-","0","0","0","0","0","0","0","0","0","0","0","0","10","0","0","0","0","6","19","0","0","0","38","0","0","0","0","0","0","5","0","0","0","0","0","0","0","0","0","18"
"0x7f34975b09e0","      IMAD.SHL.U32 R0, R114, 0x4, RZ","14","0","14","1048576","33554432","33554432","32","32","0","0","0","-","-","-","0","0","0","0","0","0","0","0","-","0","0","0","0","0","0","0","0","0","0","0","0","0","0","0","0","0","0","14","0","0","0","0","0","0","0","0","0","0","0","0","0","0","0","0","0","0","0","0","0"
"0x7f34975b09f0","      SYNCS.PHASECHK.TRANS64.TRYWAIT P0, [R113+UR4+0x2f948], R2","61","12","61","1048576","33554432","33554432","32","32","0","0","0","-","-","-","0","0","0","0","0","0","0","0","-","0","0","0","0","0","0","0","0","0","0","0","0","0","0","0","0","0","14","15","0","0","0","32","0","0","0","0","0","0","0","0","0","0","0","0","0","0","0","0","12"
"0x7f34975b0a00","@!P0  BRA 0x7f34975b2eb0","3458","2799","3458","1048576","33554432","2097152","32","2","30","30","0","-","-","-","0","0","0","0","0","0","0","0","-","0","0","0","0","0","0","0","0","0","0","0","3411","0","0","0","0","0","14","17","0","0","0","16","0","0","0","0","0","2795","0","0","0","0","0","0","0","0","0","0","4"
"0x7f34975b0a10","      SHF.R.U32.HI R3, RZ, 0x7, R107","142","57","142","1048576","33554432","33554432","32","32","30","0","0","-","-","-","0","0","0","0","0","0","0","0","-","0","0","0","0","0","0","0","0","1","0","0","0","12","0","0","0","0","15","29","0","0","0","85","0","0","0","0","0","0","5","0","0","0","0","0","0","0","0","0","52"
"0x7f34975b0a20","      ULOP3.LUT UR5, UR39, 0x2, URZ, 0xc0, !UPT","21","0","21","1048576","33554432","33554432","32","32","0","0","0","-","-","-","0","0","0","0","0","0","0","0","-","0","0","0","0","0","0","0","0","0","0","0","0","0","0","0","0","0","0","21","0","0","0","0","0","0","0","0","0","0","0","0","0","0","0","0","0","0","0","0","0"
"0x7f34975b0a30","      LOP3.LUT R0, R0, 0x4, RZ, 0xc0, !PT","18","0","18","1048576","33554432","33554432","32","32","0","0","0","-","-","-","0","0","0","0","0","0","0","0","-","0","0","0","0","0","0","0","0","0","0","0","0","0","0","0","0","0","0","18","0","0","0","0","0","0","0","0","0","0","0","0","0","0","0","0","0","0","0","0","0"
"0x7f34975b0a40","      NOP","12","0","12","1048576","33554432","33554432","32","32","0","0","0","-","-","-","0","0","0","0","0","0","0","0","-","0","0","0","0","0","0","0","0","0","0","0","0","0","0","0","0","0","0","12","0","0","0","0","0","0","0","0","0","0","0","0","0","0","0","0","0","0","0","0","0"
"0x7f34975b0a50","      IADD3 R4, PT, PT, R0, UR5, R3","96","22","96","1048576","33554432","33554432","32","32","0","0","0","-","-","-","0","0","0","0","0","0","0","0","-","0","0","0","0","0","0","0","0","0","0","0","0","11","0","0","0","0","12","27","0","0","0","46","0","0","0","0","0","0","4","0","0","0","0","0","0","0","0","0","18"
"0x7f34975b0a60","      LOP3.LUT R0, R114, 0x1, RZ, 0xc0, !PT","44","14","44","1048576","33554432","33554432","32","32","0","0","0","-","-","-","0","0","0","0","0","0","0","0","-","0","0","0","0","0","0","0","0","1","0","0","0","1","0","0","0","0","4","19","0","0","0","19","0","0","0","0","0","0","0","0","0","0","0","0","0","0","0","0","14"
"0x7f34975b0a70","      LEA R2, R4, UR4, 0x2","46","12","46","1048576","33554432","33554432","32","32","0","0","0","-","-","-","0","0","0","0","0","0","0","0","-","0","0","0","0","0","0","0","0","0","0","0","0","0","0","0","0","0","3","20","0","0","0","23","0","0","0","0","0","0","0","0","0","0","0","0","0","0","0","0","12"
"0x7f34975b0a80","      SHF.L.U32 R110, R0, 0x1f, RZ","46","15","46","1048576","33554432","33554432","32","32","0","0","0","-","-","-","0","0","0","0","0","0","0","0","-","0","0","0","0","0","0","0","0","2","0","0","0","1","0","0","0","0","7","13","0","0","0","23","0","0","0","0","0","0","0","0","0","0","0","0","0","0","0","0","15"
"0x7f34975b0a90","      IMAD.U32 R0, R107, 0x10000, RZ","26","0","26","1048576","33554432","33554432","32","32","0","0","0","-","-","-","0","0","0","0","0","0","0","0","-","0","0","0","0","0","0","0","0","0","0","0","0","0","0","0","0","0","0","26","0","0","0","0","0","0","0","0","0","0","0","0","0","0","0","0","0","0","0","0","0"
"0x7f34975b0aa0","      LDS R2, [R2+0x2f900]","111","9","111","1048576","33554432","33554432","32","32","0","0","0","Shared","Load","32","0","1","0","1048576","1048576","0","0","0","-","0","0","0","0","0","0","0","0","0","0","0","0","0","0","0","0","0","31","26","0","0","0","54","0","0","0","0","0","0","0","0","0","0","0","0","0","0","0","0","9"
"0x7f34975b0ab0","      SYNCS.PHASECHK.TRANS64.TRYWAIT P1, [UR4+0x2f920], R110","23","0","23","1048576","33554432","33554432","32","32","0","0","0","-","-","-","0","0","0","0","0","0","0","0","-","0","0","0","0","0","0","0","0","0","0","0","0","0","0","0","0","0","0","23","0","0","0","0","0","0","0","0","0","0","0","0","0","0","0","0","0","0","0","0","0"
"0x7f34975b0ac0","      LOP3.LUT R0, R0, 0x600000, RZ, 0xc0, !PT","6","0","6","1048576","33554432","33554432","32","32","0","0","0","-","-","-","0","0","0","0","0","0","0","0","-","0","0","0","0","0","0","0","0","0","0","0","0","0","0","0","0","0","0","6","0","0","0","0","0","0","0","0","0","0","0","0","0","0","0","0","0","0","0","0","0"
"0x7f34975b0ad0","      IMAD R3, R3, 0x20, R0","122","25","122","1048576","33554432","33554432","32","32","0","0","0","-","-","-","0","0","0","0","0","0","0","0","-","0","0","0","0","0","0","0","0","5","0","0","0","2","0","0","0","0","28","24","0","0","0","63","0","0","0","0","0","0","0","0","0","0","0","0","0","0","0","0","25"
"0x7f34975b0ae0","      IMAD.IADD R0, R108, 0x1, R3","117","29","117","1048576","33554432","33554432","32","32","0","0","0","-","-","-","0","0","0","0","0","0","0","0","-","0","0","0","0","0","0","0","0","4","0","0","0","3","0","0","0","0","21","23","0","0","0","66","0","0","0","0","0","0","3","0","0","0","0","0","0","0","0","0","26"
"0x7f34975b0af0","      ISETP.NE.U32.AND P0, PT, R2, -0x1, PT","242","71","242","1048576","33554432","33554432","32","32","0","0","0","-","-","-","0","0","0","0","0","0","0","0","-","0","0","0","0","0","0","0","0","3","0","0","0","10","0","0","0","0","52","19","158","0","0","0","0","0","0","0","0","0","5","0","0","0","0","0","0","66","0","0","0"
"0x7f34975b0b00","      SEL R38, RZ, 0x1, !P0","141","38","141","1048576","33554432","33554432","32","32","0","0","0","-","-","-","0","0","0","0","0","0","0","0","-","0","0","0","0","0","0","0","0","6","0","0","0","16","0","0","0","0","41","23","0","0","0","55","0","0","3","0","0","0","12","0","0","0","0","0","0","0","0","0","23"
"0x7f34975b0b10","@!P1  BRA 0x7f34975b2f00","13033","9278","13033","1048576","33554432","33554432","32","32","0","0","0","-","-","-","0","0","0","0","0","0","0","0","-","0","0","0","0","0","0","0","0","3","0","0","12951","0","0","0","0","0","61","18","0","0","0","0","0","0","0","0","0","9278","0","0","0","0","0","0","0","0","0","0","0"
"0x7f34975b0b20","      R2UR UR5, R0","174","85","174","1048576","33554432","33554432","32","32","0","0","0","-","-","-","0","0","0","0","0","0","0","0","-","0","0","0","0","0","0","0","0","3","0","0","0","7","0","0","0","0","22","18","0","0","0","124","0","0","0","0","0","0","6","0","0","0","0","0","0","0","0","0","79"
"0x7f34975b0b30","      IMAD.SHL.U32 R38, R38, 0x4, RZ","23","0","23","1048576","33554432","33554432","32","32","0","0","0","-","-","-","0","0","0","0","0","0","0","0","-","0","0","0","0","0","0","0","0","0","0","0","0","0","0","0","0","0","0","23","0","0","0","0","0","0","0","0","0","0","0","0","0","0","0","0","0","0","0","0","0"
"0x7f34975b0b40","      NOP","27","0","27","1048576","33554432","33554432","32","32","0","0","0","-","-","-","0","0","0","0","0","0","0","0","-","0","0","0","0","0","0","0","0","0","0","0","0","0","0","0","0","0","0","27","0","0","0","0","0","0","0","0","0","0","0","0","0","0","0","0","0","0","0","0","0"
"0x7f34975b0b50","      LOP3.LUT R120, R107, 0x7f, RZ, 0xc0, !PT","20","0","20","1048576","33554432","33554432","32","32","0","0","0","-","-","-","0","0","0","0","0","0","0","0","-","0","0","0","0","0","0","0","0","0","0","0","0","0","0","0","0","0","0","20","0","0","0","0","0","0","0","0","0","0","0","0","0","0","0","0","0","0","0","0","0"
"0x7f34975b0b60","      IMAD.SHL.U32 R40, R107, 0x4, RZ","10","0","10","1048576","33554432","33554432","32","32","0","0","0","-","-","-","0","0","0","0","0","0","0","0","-","0","0","0","0","0","0","0","0","0","0","0","0","0","0","0","0","0","0","10","0","0","0","0","0","0","0","0","0","0","0","0","0","0","0","0","0","0","0","0","0"
"0x7f34975b0b70","      LDC R38, c[0x2][R38]","96","7","96","1048576","33554432","33554432","32","32","0","0","0","-","-","-","0","0","0","0","0","0","0","0","-","0","0","0","0","0","0","0","0","4","0","0","0","0","0","0","0","0","46","16","0","0","0","30","0","0","0","0","0","0","0","0","0","0","0","0","0","0","0","0","7"
"0x7f34975b0b80","      IMAD.IADD R42, R120, 0x1, R119","22","0","22","1048576","33554432","33554432","32","32","0","0","0","-","-","-","0","0","0","0","0","0","0","0","-","0","0","0","0","0","0","0","0","0","0","0","0","0","0","0","0","0","0","22","0","0","0","0","0","0","0","0","0","0","0","0","0","0","0","0","0","0","0","0","0"
"0x7f34975b0b90","      LOP3.LUT R40, R40, 0xfc, RZ, 0xc0, !PT","19","0","19","1048576","33554432","33554432","32","32","0","0","0","-","-","-","0","0","0","0","0","0","0","0","-","0","0","0","0","0","0","0","0","0","0","0","0","0","0","0","0","0","0","19","0","0","0","0","0","0","0","0","0","0","0","0","0","0","0","0","0","0","0","0","0"
"0x7f34975b0ba0","      LDTM.STAT.x32.MAX.F32.NAN R0, R4, tmem[UR5+0x100]","101","33","101","1048576","33554432","33554432","32","32","0","0","0","Tmem","Load","-","0","0","0","0","0","0","0","0","-","0","0","0","0","0","0","0","0","0","0","0","0","0","0","0","0","0","18","17","0","0","0","66","0","0","0","0","0","0","0","0","0","0","0","0","0","0","0","0","33"
"0x7f34975b0bb0","      NOP","24","0","24","1048576","33554432","33554432","32","32","0","0","0","-","-","-","0","0","0","0","0","0","0","0","-","0","0","0","0","0","0","0","0","0","0","0","0","0","0","0","0","0","0","24","0","0","0","0","0","0","0","0","0","0","0","0","0","0","0","0","0","0","0","0","0"
"0x7f34975b0bc0","      LEA R42, R42, UR4, 0x2","20","0","20","1048576","33554432","33554432","32","32","0","0","0","-","-","-","0","0","0","0","0","0","0","0","-","0","0","0","0","0","0","0","0","0","0","0","0","0","0","0","0","0","0","20","0","0","0","0","0","0","0","0","0","0","0","0","0","0","0","0","0","0","0","0","0"
"0x7f34975b0bd0","      FMNMX R43, R0, R37, !PT","743","374","743","1048576","33554432","33554432","32","32","0","0","0","-","-","-","0","0","0","0","0","0","0","0","-","0","0","0","0","0","0","0","0","9","0","0","0","5","0","0","0","0","67","19","623","0","0","20","0","0","0","0","0","0","4","0","0","0","0","0","0","362","0","0","8"
"0x7f34975b0be0","      SHF.R.S32.HI R39, RZ, 0x1f, R38","49","26","49","1048576","33554432","33554432","32","32","0","0","0","-","-","-","0","0","0","0","0","0","0","0","-","0","0","0","0","0","0","0","0","1","0","0","0","0","0","0","0","0","6","13","15","0","0","14","0","0","0","0","0","0","0","0","0","0","0","0","0","14","0","0","12"
"0x7f34975b0bf0","      BRX R38, -0x3280","101","44","101","1048576","33554432","33554432","32","32","0","0","0","-","-","-","0","0","0","0","0","0","0","0","-","0","0","0","0","0","0","0","0","3","0","0","0","0","0","0","0","0","37","11","0","0","0","50","0","0","1","0","0","0","0","0","0","0","0","0","0","0","0","0","43"
"0x7f34975b0c00","      R2P PR, R2, 0x7f","714","500","714","0","0","0","0","0","32","32","0","-","-","-","0","0","0","0","0","0","0","0","-","0","0","0","0","0","0","0","623","0","0","0","0","0","0","0","0","0","0","18","0","0","0","73","0","446","0","0","0","0","0","0","0","0","0","0","0","0","0","0","54"
"0x7f34975b0c10","      SEL R4, R4, 0xf149f2ca, P0","0","0","0","0","0","0","0","0","0","32","0","-","-","-","0","0","0","0","0","0","0","0","-","0","0","0","0","0","0","0","0","0","0","0","0","0","0","0","0","0","0","0","0","0","0","0","0","0","0","0","0","0","0","0","0","0","0","0","0","0","0","0","0"
"0x7f34975b0c20","      SEL R5, R5, 0xf149f2ca, P1","0","0","0","0","0","0","0","0","0","32","0","-","-","-","0","0","0","0","0","0","0","0","-","0","0","0","0","0","0","0","0","0","0","0","0","0","0","0","0","0","0","0","0","0","0","0","0","0","0","0","0","0","0","0","0","0","0","0","0","0","0","0","0"
"0x7f34975b0c30","      SEL R6, R6, 0xf149f2ca, P2","0","0","0","0","0","0","0","0","0","32","0","-","-","-","0","0","0","0","0","0","0","0","-","0","0","0","0","0","0","0","0","0","0","0","0","0","0","0","0","0","0","0","0","0","0","0","0","0","0","0","0","0","0","0","0","0","0","0","0","0","0","0","0"
"0x7f34975b0c40","      SEL R7, R7, 0xf149f2ca, P3","0","0","0","0","0","0","0","0","0","32","0","-","-","-","0","0","0","0","0","0","0","0","-","0","0","0","0","0","0","0","0","0","0","0","0","0","0","0","0","0","0","0","0","0","0","0","0","0","0","0","0","0","0","0","0","0","0","0","0","0","0","0","0"
"0x7f34975b0c50","      LOP3.LUT P0, RZ, R2, 0x80, RZ, 0xc0, !PT","0","0","0","0","0","0","0","0","0","32","0","-","-","-","0","0","0","0","0","0","0","0","-","0","0","0","0","0","0","0","0","0","0","0","0","0","0","0","0","0","0","0","0","0","0","0","0","0","0","0","0","0","0","0","0","0","0","0","0","0","0","0","0"
"0x7f34975b0c60","      LOP3.LUT P1, RZ, R2, 0x8000, RZ, 0xc0, !PT","0","0","0","0","0","0","0","0","0","32","0","-","-","-","0","0","0","0","0","0","0","0","-","0","0","0","0","0","0","0","0","0","0","0","0","0","0","0","0","0","0","0","0","0","0","0","0","0","0","0","0","0","0","0","0","0","0","0","0","0","0","0","0"
"0x7f34975b0c70","      LOP3.LUT P2, RZ, R2, 0x800000, RZ, 0xc0, !PT","0","0","0","0","0","0","0","0","0","32","0","-","-","-","0","0","0","0","0","0","0","0","-","0","0","0","0","0","0","0","0","0","0","0","0","0","0","0","0","0","0","0","0","0","0","0","0","0","0","0","0","0","0","0","0","0","0","0","0","0","0","0","0"
"0x7f34975b0c80","      LOP3.LUT P3, RZ, R2, 0x80000000, RZ, 0xc0, !PT","0","0","0","0","0","0","0","0","0","32","0","-","-","-","0","0","0","0","0","0","0","0","-","0","0","0","0","0","0","0","0","0","0","0","0","0","0","0","0","0","0","0","0","0","0","0","0","0","0","0","0","0","0","0","0","0","0","0","0","0","0","0","0"
"0x7f34975b0c90","      SEL R8, R8, 0xf149f2ca, P4","0","0","0","0","0","0","0","0","0","32","0","-","-","-","0","0","0","0","0","0","0","0","-","0","0","0","0","0","0","0","0","0","0","0","0","0","0","0","0","0","0","0","0","0","0","0","0","0","0","0","0","0","0","0","0","0","0","0","0","0","0","0","0"
"0x7f34975b0ca0","      SEL R9, R9, 0xf149f2ca, P5","0","0","0","0","0","0","0","0","0","32","0","-","-","-","0","0","0","0","0","0","0","0","-","0","0","0","0","0","0","0","0","0","0","0","0","0","0","0","0","0","0","0","0","0","0","0","0","0","0","0","0","0","0","0","0","0","0","0","0","0","0","0","0"
"0x7f34975b0cb0","      SEL R10, R10, 0xf149f2ca, P6","0","0","0","0","0","0","0","0","0","32","0","-","-","-","0","0","0","0","0","0","0","0","-","0","0","0","0","0","0","0","0","0","0","0","0","0","0","0","0","0","0","0","0","0","0","0","0","0","0","0","0","0","0","0","0","0","0","0","0","0","0","0","0"
"0x7f34975b0cc0","      SEL R11, R11, 0xf149f2ca, P0","0","0","0","0","0","0","0","0","0","32","0","-","-","-","0","0","0","0","0","0","0","0","-","0","0","0","0","0","0","0","0","0","0","0","0","0","0","0","0","0","0","0","0","0","0","0","0","0","0","0","0","0","0","0","0","0","0","0","0","0","0","0","0"
"0x7f34975b0cd0","      SEL R19, R19, 0xf149f2ca, P1","0","0","0","0","0","0","0","0","0","32","0","-","-","-","0","0","0","0","0","0","0","0","-","0","0","0","0","0","0","0","0","0","0","0","0","0","0","0","0","0","0","0","0","0","0","0","0","0","0","0","0","0","0","0","0","0","0","0","0","0","0","0","0"
"0x7f34975b0ce0","      SEL R27, R27, 0xf149f2ca, P2","0","0","0","0","0","0","0","0","0","32","0","-","-","-","0","0","0","0","0","0","0","0","-","0","0","0","0","0","0","0","0","0","0","0","0","0","0","0","0","0","0","0","0","0","0","0","0","0","0","0","0","0","0","0","0","0","0","0","0","0","0","0","0"
"0x7f34975b0cf0","      SEL R35, R35, 0xf149f2ca, P3","0","0","0","0","0","0","0","0","0","32","0","-","-","-","0","0","0","0","0","0","0","0","-","0","0","0","0","0","0","0","0","0","0","0","0","0","0","0","0","0","0","0","0","0","0","0","0","0","0","0","0","0","0","0","0","0","0","0","0","0","0","0","0"
"0x7f34975b0d00","      R2P PR, R2.B1, 0x7f","0","0","0","0","0","0","0","0","0","32","0","-","-","-","0","0","0","0","0","0","0","0","-","0","0","0","0","0","0","0","0","0","0","0","0","0","0","0","0","0","0","0","0","0","0","0","0","0","0","0","0","0","0","0","0","0","0","0","0","0","0","0","0"
"0x7f34975b0d10","      FMNMX3.NAN R36, R4, R5, R6, !PT","0","0","0","0","0","0","0","0","0","32","0","-","-","-","0","0","0","0","0","0","0","0","-","0","0","0","0","0","0","0","0","0","0","0","0","0","0","0","0","0","0","0","0","0","0","0","0","0","0","0","0","0","0","0","0","0","0","0","0","0","0","0","0"
"0x7f34975b0d20","      FMNMX3.NAN R3, R7, R8, R9, !PT","0","0","0","0","0","0","0","0","0","32","0","-","-","-","0","0","0","0","0","0","0","0","-","0","0","0","0","0","0","0","0","0","0","0","0","0","0","0","0","0","0","0","0","0","0","0","0","0","0","0","0","0","0","0","0","0","0","0","0","0","0","0","0"
"0x7f34975b0d30","      SEL R12, R12, 0xf149f2ca, P0","0","0","0","0","0","0","0","0","0","32","0","-","-","-","0","0","0","0","0","0","0","0","-","0","0","0","0","0","0","0","0","0","0","0","0","0","0","0","0","0","0","0","0","0","0","0","0","0","0","0","0","0","0","0","0","0","0","0","0","0","0","0","0"
"0x7f34975b0d40","      SEL R13, R13, 0xf149f2ca, P1","0","0","0","0","0","0","0","0","0","32","0","-","-","-","0","0","0","0","0","0","0","0","-","0","0","0","0","0","0","0","0","0","0","0","0","0","0","0","0","0","0","0","0","0","0","0","0","0","0","0","0","0","0","0","0","0","0","0","0","0","0","0","0"
"0x7f34975b0d50","      SEL R14, R14, 0xf149f2ca, P2","0","0","0","0","0","0","0","0","0","32","0","-","-","-","0","0","0","0","0","0","0","0","-","0","0","0","0","0","0","0","0","0","0","0","0","0","0","0","0","0","0","0","0","0","0","0","0","0","0","0","0","0","0","0","0","0","0","0","0","0","0","0","0"
"0x7f34975b0d60","      SEL R15, R15, 0xf149f2ca, P3","0","0","0","0","0","0","0","0","0","32","0","-","-","-","0","0","0","0","0","0","0","0","-","0","0","0","0","0","0","0","0","0","0","0","0","0","0","0","0","0","0","0","0","0","0","0","0","0","0","0","0","0","0","0","0","0","0","0","0","0","0","0","0"
"0x7f34975b0d70","      SEL R16, R16, 0xf149f2ca, P4","0","0","0","0","0","0","0","0","0","32","0","-","-","-","0","0","0","0","0","0","0","0","-","0","0","0","0","0","0","0","0","0","0","0","0","0","0","0","0","0","0","0","0","0","0","0","0","0","0","0","0","0","0","0","0","0","0","0","0","0","0","0","0"
"0x7f34975b0d80","      SEL R17, R17, 0xf149f2ca, P5","0","0","0","0","0","0","0","0","0","32","0","-","-","-","0","0","0","0","0","0","0","0","-","0","0","0","0","0","0","0","0","0","0","0","0","0","0","0","0","0","0","0","0","0","0","0","0","0","0","0","0","0","0","0","0","0","0","0","0","0","0","0","0"
"0x7f34975b0d90","      SEL R18, R18, 0xf149f2ca, P6","0","0","0","0","0","0","0","0","0","32","0","-","-","-","0","0","0","0","0","0","0","0","-","0","0","0","0","0","0","0","0","0","0","0","0","0","0","0","0","0","0","0","0","0","0","0","0","0","0","0","0","0","0","0","0","0","0","0","0","0","0","0","0"
"0x7f34975b0da0","      R2P PR, R2.B2, 0x7f","0","0","0","0","0","0","0","0","0","32","0","-","-","-","0","0","0","0","0","0","0","0","-","0","0","0","0","0","0","0","0","0","0","0","0","0","0","0","0","0","0","0","0","0","0","0","0","0","0","0","0","0","0","0","0","0","0","0","0","0","0","0","0"
"0x7f34975b0db0","      FMNMX3.NAN R0, R10, R11, R12, !PT","0","0","0","0","0","0","0","0","0","32","0","-","-","-","0","0","0","0","0","0","0","0","-","0","0","0","0","0","0","0","0","0","0","0","0","0","0","0","0","0","0","0","0","0","0","0","0","0","0","0","0","0","0","0","0","0","0","0","0","0","0","0","0"
"0x7f34975b0dc0","      FMNMX3.NAN R43, R13, R14, R15, !PT","0","0","0","0","0","0","0","0","0","32","0","-","-","-","0","0","0","0","0","0","0","0","-","0","0","0","0","0","0","0","0","0","0","0","0","0","0","0","0","0","0","0","0","0","0","0","0","0","0","0","0","0","0","0","0","0","0","0","0","0","0","0","0"
"0x7f34975b0dd0","      SEL R20, R20, 0xf149f2ca, P0","0","0","0","0","0","0","0","0","0","32","0","-","-","-","0","0","0","0","0","0","0","0","-","0","0","0","0","0","0","0","0","0","0","0","0","0","0","0","0","0","0","0","0","0","0","0","0","0","0","0","0","0","0","0","0","0","0","0","0","0","0","0","0"
"0x7f34975b0de0","      SEL R21, R21, 0xf149f2ca, P1","0","0","0","0","0","0","0","0","0","32","0","-","-","-","0","0","0","0","0","0","0","0","-","0","0","0","0","0","0","0","0","0","0","0","0","0","0","0","0","0","0","0","0","0","0","0","0","0","0","0","0","0","0","0","0","0","0","0","0","0","0","0","0"
"0x7f34975b0df0","      SEL R22, R22, 0xf149f2ca, P2","0","0","0","0","0","0","0","0","0","32","0","-","-","-","0","0","0","0","0","0","0","0","-","0","0","0","0","0","0","0","0","0","0","0","0","0","0","0","0","0","0","0","0","0","0","0","0","0","0","0","0","0","0","0","0","0","0","0","0","0","0","0","0"
"0x7f34975b0e00","      SEL R23, R23, 0xf149f2ca, P3","0","0","0","0","0","0","0","0","0","32","0","-","-","-","0","0","0","0","0","0","0","0","-","0","0","0","0","0","0","0","0","0","0","0","0","0","0","0","0","0","0","0","0","0","0","0","0","0","0","0","0","0","0","0","0","0","0","0","0","0","0","0","0"
"0x7f34975b0e10","      SEL R24, R24, 0xf149f2ca, P4","0","0","0","0","0","0","0","0","0","32","0","-","-","-","0","0","0","0","0","0","0","0","-","0","0","0","0","0","0","0","0","0","0","0","0","0","0","0","0","0","0","0","0","0","0","0","0","0","0","0","0","0","0","0","0","0","0","0","0","0","0","0","0"
"0x7f34975b0e20","      SEL R25, R25, 0xf149f2ca, P5","0","0","0","0","0","0","0","0","0","32","0","-","-","-","0","0","0","0","0","0","0","0","-","0","0","0","0","0","0","0","0","0","0","0","0","0","0","0","0","0","0","0","0","0","0","0","0","0","0","0","0","0","0","0","0","0","0","0","0","0","0","0","0"
"0x7f34975b0e30","      SEL R26, R26, 0xf149f2ca, P6","0","0","0","0","0","0","0","0","0","32","0","-","-","-","0","0","0","0","0","0","0","0","-","0","0","0","0","0","0","0","0","0","0","0","0","0","0","0","0","0","0","0","0","0","0","0","0","0","0","0","0","0","0","0","0","0","0","0","0","0","0","0","0"
"0x7f34975b0e40","      R2P PR, R2.B3, 0x7f","0","0","0","0","0","0","0","0","0","32","0","-","-","-","0","0","0","0","0","0","0","0","-","0","0","0","0","0","0","0","0","0","0","0","0","0","0","0","0","0","0","0","0","0","0","0","0","0","0","0","0","0","0","0","0","0","0","0","0","0","0","0","0"
"0x7f34975b0e50","      FMNMX3.NAN R0, R36, R3, R0, !PT","0","0","0","0","0","0","0","0","0","32","0","-","-","-","0","0","0","0","0","0","0","0","-","0","0","0","0","0","0","0","0","0","0","0","0","0","0","0","0","0","0","0","0","0","0","0","0","0","0","0","0","0","0","0","0","0","0","0","0","0","0","0","0"
"0x7f34975b0e60","      FMNMX3.NAN R44, R16, R17, R18, !PT","0","0","0","0","0","0","0","0","0","32","0","-","-","-","0","0","0","0","0","0","0","0","-","0","0","0","0","0","0","0","0","0","0","0","0","0","0","0","0","0","0","0","0","0","0","0","0","0","0","0","0","0","0","0","0","0","0","0","0","0","0","0","0"
"0x7f34975b0e70","      SEL R31, R31, 0xf149f2ca, P3","0","0","0","0","0","0","0","0","0","32","0","-","-","-","0","0","0","0","0","0","0","0","-","0","0","0","0","0","0","0","0","0","0","0","0","0","0","0","0","0","0","0","0","0","0","0","0","0","0","0","0","0","0","0","0","0","0","0","0","0","0","0","0"
"0x7f34975b0e80","      SEL R32, R32, 0xf149f2ca, P4","0","0","0","0","0","0","0","0","0","32","0","-","-","-","0","0","0","0","0","0","0","0","-","0","0","0","0","0","0","0","0","0","0","0","0","0","0","0","0","0","0","0","0","0","0","0","0","0","0","0","0","0","0","0","0","0","0","0","0","0","0","0","0"
"0x7f34975b0e90","      SEL R33, R33, 0xf149f2ca, P5","0","0","0","0","0","0","0","0","0","32","0","-","-","-","0","0","0","0","0","0","0","0","-","0","0","0","0","0","0","0","0","0","0","0","0","0","0","0","0","0","0","0","0","0","0","0","0","0","0","0","0","0","0","0","0","0","0","0","0","0","0","0","0"
"0x7f34975b0ea0","      SEL R34, R34, 0xf149f2ca, P6","0","0","0","0","0","0","0","0","0","32","0","-","-","-","0","0","0","0","0","0","0","0","-","0","0","0","0","0","0","0","0","0","0","0","0","0","0","0","0","0","0","0","0","0","0","0","0","0","0","0","0","0","0","0","0","0","0","0","0","0","0","0","0"
"0x7f34975b0eb0","      SEL R28, R28, 0xf149f2ca, P0","0","0","0","0","0","0","0","0","0","32","0","-","-","-","0","0","0","0","0","0","0","0","-","0","0","0","0","0","0","0","0","0","0","0","0","0","0","0","0","0","0","0","0","0","0","0","0","0","0","0","0","0","0","0","0","0","0","0","0","0","0","0","0"
"0x7f34975b0ec0","      SEL R29, R29, 0xf149f2ca, P1","0","0","0","0","0","0","0","0","0","32","0","-","-","-","0","0","0","0","0","0","0","0","-","0","0","0","0","0","0","0","0","0","0","0","0","0","0","0","0","0","0","0","0","0","0","0","0","0","0","0","0","0","0","0","0","0","0","0","0","0","0","0","0"
"0x7f34975b0ed0","      SEL R30, R30, 0xf149f2ca, P2","0","0","0","0","0","0","0","0","0","32","0","-","-","-","0","0","0","0","0","0","0","0","-","0","0","0","0","0","0","0","0","0","0","0","0","0","0","0","0","0","0","0","0","0","0","0","0","0","0","0","0","0","0","0","0","0","0","0","0","0","0","0","0"
"0x7f34975b0ee0","      FMNMX3.NAN R41, R19, R20, R21, !PT","0","0","0","0","0","0","0","0","0","32","0","-","-","-","0","0","0","0","0","0","0","0","-","0","0","0","0","0","0","0","0","0","0","0","0","0","0","0","0","0","0","0","0","0","0","0","0","0","0","0","0","0","0","0","0","0","0","0","0","0","0","0","0"
"0x7f34975b0ef0","      FMNMX3.NAN R38, R22, R23, R24, !PT","0","0","0","0","0","0","0","0","0","32","0","-","-","-","0","0","0","0","0","0","0","0","-","0","0","0","0","0","0","0","0","0","0","0","0","0","0","0","0","0","0","0","0","0","0","0","0","0","0","0","0","0","0","0","0","0","0","0","0","0","0","0","0"
"0x7f34975b0f00","      FMNMX3.NAN R39, R25, R26, R27, !PT","0","0","0","0","0","0","0","0","0","32","0","-","-","-","0","0","0","0","0","0","0","0","-","0","0","0","0","0","0","0","0","0","0","0","0","0","0","0","0","0","0","0","0","0","0","0","0","0","0","0","0","0","0","0","0","0","0","0","0","0","0","0","0"
"0x7f34975b0f10","      FMNMX3.NAN R2, R31, R32, R33, !PT","0","0","0","0","0","0","0","0","0","32","0","-","-","-","0","0","0","0","0","0","0","0","-","0","0","0","0","0","0","0","0","0","0","0","0","0","0","0","0","0","0","0","0","0","0","0","0","0","0","0","0","0","0","0","0","0","0","0","0","0","0","0","0"
"0x7f34975b0f20","      FMNMX3.NAN R3, R34, R35, R37, !PT","0","0","0","0","0","0","0","0","0","32","0","-","-","-","0","0","0","0","0","0","0","0","-","0","0","0","0","0","0","0","0","0","0","0","0","0","0","0","0","0","0","0","0","0","0","0","0","0","0","0","0","0","0","0","0","0","0","0","0","0","0","0","0"
"0x7f34975b0f30","      FMNMX3.NAN R36, R28, R29, R30, !PT","0","0","0","0","0","0","0","0","0","32","0","-","-","-","0","0","0","0","0","0","0","0","-","0","0","0","0","0","0","0","0","0","0","0","0","0","0","0","0","0","0","0","0","0","0","0","0","0","0","0","0","0","0","0","0","0","0","0","0","0","0","0","0"
"0x7f34975b0f40","      FMNMX3.NAN R41, R43, R44, R41, !PT","0","0","0","0","0","0","0","0","0","32","0","-","-","-","0","0","0","0","0","0","0","0","-","0","0","0","0","0","0","0","0","0","0","0","0","0","0","0","0","0","0","0","0","0","0","0","0","0","0","0","0","0","0","0","0","0","0","0","0","0","0","0","0"
"0x7f34975b0f50","      FMNMX3.NAN R0, R2, R3, R0, !PT","0","0","0","0","0","0","0","0","0","32","0","-","-","-","0","0","0","0","0","0","0","0","-","0","0","0","0","0","0","0","0","0","0","0","0","0","0","0","0","0","0","0","0","0","0","0","0","0","0","0","0","0","0","0","0","0","0","0","0","0","0","0","0"
"0x7f34975b0f60","      FMNMX3.NAN R36, R38, R39, R36, !PT","0","0","0","0","0","0","0","0","0","32","0","-","-","-","0","0","0","0","0","0","0","0","-","0","0","0","0","0","0","0","0","0","0","0","0","0","0","0","0","0","0","0","0","0","0","0","0","0","0","0","0","0","0","0","0","0","0","0","0","0","0","0","0"
"0x7f34975b0f70","      FMNMX3.NAN R43, R41, R36, R0, !PT","0","0","0","0","0","0","0","0","0","32","0","-","-","-","0","0","0","0","0","0","0","0","-","0","0","0","0","0","0","0","0","0","0","0","0","0","0","0","0","0","0","0","0","0","0","0","0","0","0","0","0","0","0","0","0","0","0","0","0","0","0","0","0"
"0x7f34975b0f80","      STS [R42+0x2f100], R43","305","202","305","1048576","33554432","33554432","32","32","32","0","0","Shared","Store","32","0","1","0","1048576","1048576","0","0","0","-","0","0","0","0","0","0","0","65","1","0","0","0","0","0","0","0","222","17","0","0","0","0","0","0","43","0","0","0","0","0","0","0","0","159","0","0","0","0","0","0"
"0x7f34975b0f90","      NOP","21","0","21","1048576","33554432","33554432","32","32","0","0","0","-","-","-","0","0","0","0","0","0","0","0","-","0","0","0","0","0","0","0","0","0","0","0","0","0","0","0","0","0","0","21","0","0","0","0","0","0","0","0","0","0","0","0","0","0","0","0","0","0","0","0","0"
"0x7f34975b0fa0","      HFMA2 R3, -RZ, RZ, 1.4296875, -0.048675537109375","14","0","14","1048576","33554432","33554432","32","32","0","0","0","-","-","-","0","0","0","0","0","0","0","0","-","0","0","0","0","0","0","0","0","0","0","0","0","0","0","0","0","0","0","14","0","0","0","0","0","0","0","0","0","0","0","0","0","0","0","0","0","0","0","0","0"
"0x7f34975b0fb0","      BAR.SYNC.DEFER_BLOCKING 0x1, 0x100","31","1","31","1048576","33554432","33554432","32","32","0","0","0","-","-","-","0","0","0","0","0","0","0","0","-","0","0","0","0","0","0","0","0","0","0","0","0","0","0","0","0","1","0","30","0","0","0","0","0","0","0","0","0","0","0","0","0","0","1","0","0","0","0","0","0"
"0x7f34975b0fc0","      NOP","635","362","635","1048576","33554432","33554432","32","32","0","0","0","-","-","-","0","0","0","0","0","0","0","0","-","0","0","0","0","0","0","476","0","3","0","0","0","0","0","0","0","0","41","20","0","0","0","95","298","0","0","0","0","0","0","0","0","0","0","0","0","0","0","0","64"
"0x7f34975b0fd0","      LDS R41, [R40+UR4+0x2f300]","19","0","19","1048576","33554432","33554432","32","32","0","0","0","Shared","Load","32","0","1","0","1048576","1048576","0","0","0","-","0","0","0","0","0","0","0","0","0","0","0","0","0","0","0","0","0","0","19","0","0","0","0","0","0","0","0","0","0","0","0","0","0","0","0","0","0","0","0","0"
"0x7f34975b0fe0","      LDS R36, [R40+UR4+0x2f400]","101","22","101","1048576","33554432","33554432","32","32","0","0","0","Shared","Load","32","0","1","0","1048576","1048576","0","0","0","-","0","0","0","0","0","0","0","0","1","0","0","0","0","0","0","0","0","26","17","0","0","0","57","0","0","0","0","0","0","0","0","0","0","0","0","0","0","0","0","22"
"0x7f34975b0ff0","      LDS R38, [R40+UR4+0x2f100]","83","37","83","1048576","33554432","33554432","32","32","0","0","0","Shared","Load","32","0","1","0","1048576","1048576","0","0","0","-","0","0","0","0","0","0","0","0","0","0","0","0","0","0","0","0","0","8","14","0","0","0","61","0","0","0","0","0","0","0","0","0","0","0","0","0","0","0","0","37"
"0x7f34975b1000","      LDS R39, [R40+UR4+0x2f200]","84","31","84","1048576","33554432","33554432","32","32","0","0","0","Shared","Load","32","0","1","0","1048576","1048576","0","0","0","-","0","0","0","0","0","0","0","0","0","0","0","0","0","0","0","0","0","13","18","0","0","0","53","0","0","0","0","0","0","0","0","0","0","0","0","0","0","0","0","31"
"0x7f34975b1010","      FMNMX R36, R41, R36, !PT","403","292","403","1048576","33554432","33554432","32","32","0","0","0","-","-","-","0","0","0","0","0","0","0","0","-","0","0","0","0","0","0","0","0","1","0","0","0","2","0","0","0","0","28","19","353","0","0","0","0","0","0","0","0","0","2","0","0","0","0","0","0","290","0","0","0"
"0x7f34975b1020","      FMNMX3 R2, R38, R39, R36, !PT","280","192","280","1048576","33554432","33554432","32","32","0","0","0","-","-","-","0","0","0","0","0","0","0","0","-","0","0","0","0","0","0","0","0","1","0","0","0","1","0","0","0","0","25","25","179","0","0","49","0","0","0","0","0","0","1","0","0","0","0","0","0","147","0","0","44"
"0x7f34975b1030","      FFMA R0, R2, -R3, 8.8073549270629882812","129","54","129","1048576","33554432","33554432","32","32","0","0","0","-","-","-","0","0","0","0","0","0","0","0","-","0","0","0","0","0","0","0","0","2","0","0","0","22","0","0","0","0","35","17","0","0","0","53","0","0","0","0","0","0","19","0","0","0","0","0","0","0","0","0","35"
"0x7f34975b1040","      FADD R36, -R2, R37","19","0","19","1048576","33554432","33554432","32","32","0","0","0","-","-","-","0","0","0","0","0","0","0","0","-","0","0","0","0","0","0","0","0","0","0","0","0","0","0","0","0","0","0","19","0","0","0","0","0","0","0","0","0","0","0","0","0","0","0","0","0","0","0","0","0"
"0x7f34975b1050","      FFMA2 R12, R12.F32x2.HI_LO, 0.090168438851833343506, R0.F32","108","39","108","1048576","33554432","33554432","32","32","0","0","0","-","-","-","0","0","0","0","0","0","0","0","-","0","0","0","0","0","0","0","0","0","0","0","0","32","0","0","0","0","30","18","0","0","0","28","0","0","0","0","0","0","28","0","0","0","0","0","0","0","0","0","11"
"0x7f34975b1060","      FFMA2 R14, R14.F32x2.HI_LO, 0.090168438851833343506, R0.F32","53","20","53","1048576","33554432","33554432","32","32","0","0","0","-","-","-","0","0","0","0","0","0","0","0","-","0","0","0","0","0","0","0","0","0","0","0","0","8","0","0","0","0","7","16","0","0","0","22","0","0","0","0","0","0","6","0","0","0","0","0","0","0","0","0","14"
"0x7f34975b1070","      FFMA2 R4, R4.F32x2.HI_LO, 0.090168438851833343506, R0.F32","52","20","52","1048576","33554432","33554432","32","32","0","0","0","-","-","-","0","0","0","0","0","0","0","0","-","0","0","0","0","0","0","0","0","0","0","0","0","2","0","0","0","0","4","25","0","0","0","21","0","0","0","0","0","0","1","0","0","0","0","0","0","0","0","0","19"
"0x7f34975b1080","      MUFU.EX2 R12, R12","48","15","48","1048576","33554432","33554432","32","32","0","0","0","-","-","-","0","0","0","0","0","0","0","0","-","0","0","0","0","0","0","0","0","1","0","0","0","0","0","0","0","0","8","19","0","0","0","20","0","0","0","0","0","0","0","0","0","0","0","0","0","0","0","0","15"
"0x7f34975b1090","      FFMA2 R6, R6.F32x2.HI_LO, 0.090168438851833343506, R0.F32","19","0","19","1048576","33554432","33554432","32","32","0","0","0","-","-","-","0","0","0","0","0","0","0","0","-","0","0","0","0","0","0","0","0","0","0","0","0","0","0","0","0","0","0","19","0","0","0","0","0","0","0","0","0","0","0","0","0","0","0","0","0","0","0","0","0"
"0x7f34975b10a0","      FFMA2 R8, R8.F32x2.HI_LO, 0.090168438851833343506, R0.F32","83","28","83","1048576","33554432","33554432","32","32","0","0","0","-","-","-","0","0","0","0","0","0","0","0","-","0","0","0","0","0","0","0","0","0","0","0","0","13","0","0","0","0","20","23","0","0","0","27","0","0","0","0","0","0","11","0","0","0","0","0","0","0","0","0","17"
"0x7f34975b10b0","      MUFU.EX2 R13, R13","173","88","173","1048576","33554432","33554432","32","32","0","0","0","-","-","-","0","0","0","0","0","0","0","0","-","0","0","0","0","0","0","0","0","5","0","0","0","0","0","0","0","0","5","16","0","0","0","147","0","0","4","0","0","0","0","0","0","0","0","0","0","0","0","0","84"
"0x7f34975b10c0","      FFMA2 R10, R10.F32x2.HI_LO, 0.090168438851833343506, R0.F32","15","0","15","1048576","33554432","33554432","32","32","0","0","0","-","-","-","0","0","0","0","0","0","0","0","-","0","0","0","0","0","0","0","0","0","0","0","0","0","0","0","0","0","0","15","0","0","0","0","0","0","0","0","0","0","0","0","0","0","0","0","0","0","0","0","0"
"0x7f34975b10d0","      FFMA2 R16, R16.F32x2.HI_LO, 0.090168438851833343506, R0.F32","89","27","89","1048576","33554432","33554432","32","32","0","0","0","-","-","-","0","0","0","0","0","0","0","0","-","0","0","0","0","0","0","0","0","0","0","0","0","24","0","0","0","0","25","21","0","0","0","19","0","0","0","0","0","0","19","0","0","0","0","0","0","0","0","0","8"
"0x7f34975b10e0","      MUFU.EX2 R14, R14","144","84","144","1048576","33554432","33554432","32","32","0","0","0","-","-","-","0","0","0","0","0","0","0","0","-","0","0","0","0","0","0","0","0","1","0","0","0","0","0","0","0","0","6","18","0","0","0","119","0","0","1","0","0","0","0","0","0","0","0","0","0","0","0","0","83"
"0x7f34975b10f0","      FFMA2 R18, R18.F32x2.HI_LO, 0.090168438851833343506, R0.F32","26","0","26","1048576","33554432","33554432","32","32","0","0","0","-","-","-","0","0","0","0","0","0","0","0","-","0","0","0","0","0","0","0","0","0","0","0","0","0","0","0","0","0","0","26","0","0","0","0","0","0","0","0","0","0","0","0","0","0","0","0","0","0","0","0","0"
"0x7f34975b1100","      FFMA2 R20, R20.F32x2.HI_LO, 0.090168438851833343506, R0.F32","56","21","56","1048576","33554432","33554432","32","32","0","0","0","-","-","-","0","0","0","0","0","0","0","0","-","0","0","0","0","0","0","0","0","1","0","0","0","5","0","0","0","0","8","20","0","0","0","22","0","0","0","0","0","0","5","0","0","0","0","0","0","0","0","0","16"
"0x7f34975b1110","      MUFU.EX2 R15, R15","138","74","138","1048576","33554432","33554432","32","32","0","0","0","-","-","-","0","0","0","0","0","0","0","0","-","0","0","0","0","0","0","0","0","9","0","0","0","0","0","0","0","0","6","23","0","0","0","100","0","0","9","0","0","0","0","0","0","0","0","0","0","0","0","0","65"
"0x7f34975b1120","      FFMA2 R22, R22.F32x2.HI_LO, 0.090168438851833343506, R0.F32","18","0","18","1048576","33554432","33554432","32","32","0","0","0","-","-","-","0","0","0","0","0","0","0","0","-","0","0","0","0","0","0","0","0","1","0","0","0","0","0","0","0","0","0","17","0","0","0","0","0","0","0","0","0","0","0","0","0","0","0","0","0","0","0","0","0"
"0x7f34975b1130","      FFMA2 R24, R24.F32x2.HI_LO, 0.090168438851833343506, R0.F32","82","25","82","1048576","33554432","33554432","32","32","0","0","0","-","-","-","0","0","0","0","0","0","0","0","-","0","0","0","0","0","0","0","0","0","0","0","0","17","0","0","0","0","32","16","0","0","0","17","0","0","0","0","0","0","15","0","0","0","0","0","0","0","0","0","10"
"0x7f34975b1140","      MUFU.EX2 R4, R4","130","69","130","1048576","33554432","33554432","32","32","0","0","0","-","-","-","0","0","0","0","0","0","0","0","-","0","0","0","0","0","0","0","0","0","0","0","0","0","0","0","0","0","5","18","0","0","0","107","0","0","0","0","0","0","0","0","0","0","0","0","0","0","0","0","69"
"0x7f34975b1150","      FFMA2 R26, R26.F32x2.HI_LO, 0.090168438851833343506, R0.F32","14","0","14","1048576","33554432","33554432","32","32","0","0","0","-","-","-","0","0","0","0","0","0","0","0","-","0","0","0","0","0","0","0","0","0","0","0","0","0","0","0","0","0","0","14","0","0","0","0","0","0","0","0","0","0","0","0","0","0","0","0","0","0","0","0","0"
"0x7f34975b1160","      F2FP.SATFINITE.E4M3.F32.PACK_AB_MERGE_C R46, R13, R12, RZ","10","0","10","1048576","33554432","33554432","32","32","0","0","0","-","-","-","0","0","0","0","0","0","0","0","-","0","0","0","0","0","0","0","0","0","0","0","0","0","0","0","0","0","0","10","0","0","0","0","0","0","0","0","0","0","0","0","0","0","0","0","0","0","0","0","0"
"0x7f34975b1170","      FFMA2 R28, R28.F32x2.HI_LO, 0.090168438851833343506, R0.F32","18","0","18","1048576","33554432","33554432","32","32","0","0","0","-","-","-","0","0","0","0","0","0","0","0","-","0","0","0","0","0","0","0","0","0","0","0","0","0","0","0","0","0","0","18","0","0","0","0","0","0","0","0","0","0","0","0","0","0","0","0","0","0","0","0","0"
"0x7f34975b1180","      MUFU.EX2 R5, R5","142","65","142","1048576","33554432","33554432","32","32","0","0","0","-","-","-","0","0","0","0","0","0","0","0","-","0","0","0","0","0","0","0","0","6","0","0","0","0","0","0","0","0","8","15","0","0","0","113","0","0","5","0","0","0","0","0","0","0","0","0","0","0","0","0","60"
"0x7f34975b1190","      FFMA2 R30, R30.F32x2.HI_LO, 0.090168438851833343506, R0.F32","22","0","22","1048576","33554432","33554432","32","32","0","0","0","-","-","-","0","0","0","0","0","0","0","0","-","0","0","0","0","0","0","0","0","3","0","0","0","0","0","0","0","0","0","19","0","0","0","0","0","0","0","0","0","0","0","0","0","0","0","0","0","0","0","0","0"
"0x7f34975b11a0","      FFMA2 R32, R32.F32x2.HI_LO, 0.090168438851833343506, R0.F32","78","16","78","1048576","33554432","33554432","32","32","0","0","0","-","-","-","0","0","0","0","0","0","0","0","-","0","0","0","0","0","0","0","0","0","0","0","0","15","0","0","0","0","19","22","0","0","0","22","0","0","0","0","0","0","8","0","0","0","0","0","0","0","0","0","8"
"0x7f34975b11b0","      MUFU.EX2 R6, R6","146","60","146","1048576","33554432","33554432","32","32","0","0","0","-","-","-","0","0","0","0","0","0","0","0","-","0","0","0","0","0","0","0","0","0","0","0","0","0","0","0","0","0","18","17","0","0","0","111","0","0","0","0","0","0","0","0","0","0","0","0","0","0","0","0","60"
"0x7f34975b11c0","      FFMA2 R34, R34.F32x2.HI_LO, 0.090168438851833343506, R0.F32","20","0","20","1048576","33554432","33554432","32","32","0","0","0","-","-","-","0","0","0","0","0","0","0","0","-","0","0","0","0","0","0","0","0","2","0","0","0","0","0","0","0","0","0","18","0","0","0","0","0","0","0","0","0","0","0","0","0","0","0","0","0","0","0","0","0"
"0x7f34975b11d0","      F2FP.SATFINITE.E4M3.F32.PACK_AB_MERGE_C R47, R15, R14, RZ","23","0","23","1048576","33554432","33554432","32","32","0","0","0","-","-","-","0","0","0","0","0","0","0","0","-","0","0","0","0","0","0","0","0","0","0","0","0","0","0","0","0","0","0","23","0","0","0","0","0","0","0","0","0","0","0","0","0","0","0","0","0","0","0","0","0"
"0x7f34975b11e0","      FMUL R106, R36, 0.090168438851833343506","16","0","16","1048576","33554432","33554432","32","32","0","0","0","-","-","-","0","0","0","0","0","0","0","0","-","0","0","0","0","0","0","0","0","0","0","0","0","0","0","0","0","0","0","16","0","0","0","0","0","0","0","0","0","0","0","0","0","0","0","0","0","0","0","0","0"
"0x7f34975b11f0","      MUFU.EX2 R7, R7","169","65","169","1048576","33554432","33554432","32","32","0","0","0","-","-","-","0","0","0","0","0","0","0","0","-","0","0","0","0","0","0","0","0","7","0","0","0","0","0","0","0","0","21","14","0","0","0","127","0","0","5","0","0","0","0","0","0","0","0","0","0","0","0","0","60"
"0x7f34975b1200","      PRMT R46, R46, 0x5410, R47","23","0","23","1048576","33554432","33554432","32","32","0","0","0","-","-","-","0","0","0","0","0","0","0","0","-","0","0","0","0","0","0","0","0","0","0","0","0","0","0","0","0","0","0","23","0","0","0","0","0","0","0","0","0","0","0","0","0","0","0","0","0","0","0","0","0"
"0x7f34975b1210","      MUFU.EX2 R8, R8","198","90","198","1048576","33554432","33554432","32","32","0","0","0","-","-","-","0","0","0","0","0","0","0","0","-","0","0","0","0","0","0","0","0","0","0","0","0","0","0","0","0","0","16","20","0","0","0","162","0","0","0","0","0","0","0","0","0","0","0","0","0","0","0","0","90"
"0x7f34975b1220","      F2FP.SATFINITE.E4M3.F32.PACK_AB_MERGE_C R44, R5, R4, RZ","21","0","21","1048576","33554432","33554432","32","32","0","0","0","-","-","-","0","0","0","0","0","0","0","0","-","0","0","0","0","0","0","0","0","0","0","0","0","0","0","0","0","0","0","21","0","0","0","0","0","0","0","0","0","0","0","0","0","0","0","0","0","0","0","0","0"
"0x7f34975b1230","      FADD R0, R4, R5","14","0","14","1048576","33554432","33554432","32","32","0","0","0","-","-","-","0","0","0","0","0","0","0","0","-","0","0","0","0","0","0","0","0","0","0","0","0","0","0","0","0","0","0","14","0","0","0","0","0","0","0","0","0","0","0","0","0","0","0","0","0","0","0","0","0"
"0x7f34975b1240","      MUFU.EX2 R9, R9","159","59","159","1048576","33554432","33554432","32","32","0","0","0","-","-","-","0","0","0","0","0","0","0","0","-","0","0","0","0","0","0","0","0","3","0","0","0","0","0","0","0","0","16","17","0","0","0","123","0","0","0","0","0","0","0","0","0","0","0","0","0","0","0","0","59"
"0x7f34975b1250","      MUFU.EX2 R10, R10","191","85","191","1048576","33554432","33554432","32","32","0","0","0","-","-","-","0","0","0","0","0","0","0","0","-","0","0","0","0","0","0","0","0","0","0","0","0","0","0","0","0","0","15","18","0","0","0","158","0","0","0","0","0","0","0","0","0","0","0","0","0","0","0","0","85"
"0x7f34975b1260","      F2FP.SATFINITE.E4M3.F32.PACK_AB_MERGE_C R43, R7, R6, RZ","31","0","31","1048576","33554432","33554432","32","32","0","0","0","-","-","-","0","0","0","0","0","0","0","0","-","0","0","0","0","0","0","0","0","2","0","0","0","0","0","0","0","0","0","29","0","0","0","0","0","0","0","0","0","0","0","0","0","0","0","0","0","0","0","0","0"
"0x7f34975b1270","      FADD R3, R6, R7","19","0","19","1048576","33554432","33554432","32","32","0","0","0","-","-","-","0","0","0","0","0","0","0","0","-","0","0","0","0","0","0","0","0","0","0","0","0","0","0","0","0","0","0","19","0","0","0","0","0","0","0","0","0","0","0","0","0","0","0","0","0","0","0","0","0"
"0x7f34975b1280","      MUFU.EX2 R11, R11","168","76","168","1048576","33554432","33554432","32","32","0","0","0","-","-","-","0","0","0","0","0","0","0","0","-","0","0","0","0","0","0","0","0","0","0","0","0","0","0","0","0","0","9","13","0","0","0","146","0","0","0","0","0","0","0","0","0","0","0","0","0","0","0","0","76"
"0x7f34975b1290","      FADD R6, R12, R13","20","0","20","1048576","33554432","33554432","32","32","0","0","0","-","-","-","0","0","0","0","0","0","0","0","-","0","0","0","0","0","0","0","0","0","0","0","0","0","0","0","0","0","0","20","0","0","0","0","0","0","0","0","0","0","0","0","0","0","0","0","0","0","0","0","0"
"0x7f34975b12a0","      PRMT R44, R44, 0x5410, R43","19","0","19","1048576","33554432","33554432","32","32","0","0","0","-","-","-","0","0","0","0","0","0","0","0","-","0","0","0","0","0","0","0","0","2","0","0","0","0","0","0","0","0","0","17","0","0","0","0","0","0","0","0","0","0","0","0","0","0","0","0","0","0","0","0","0"
"0x7f34975b12b0","      FADD R7, R14, R15","18","0","18","1048576","33554432","33554432","32","32","0","0","0","-","-","-","0","0","0","0","0","0","0","0","-","0","0","0","0","0","0","0","0","1","0","0","0","0","0","0","0","0","0","17","0","0","0","0","0","0","0","0","0","0","0","0","0","0","0","0","0","0","0","0","0"
"0x7f34975b12c0","      MUFU.EX2 R16, R16","194","53","194","1048576","33554432","33554432","32","32","0","0","0","-","-","-","0","0","0","0","0","0","0","0","-","0","0","0","0","0","0","0","0","0","0","0","0","0","0","0","0","0","17","17","0","0","0","160","0","0","0","0","0","0","0","0","0","0","0","0","0","0","0","0","53"
"0x7f34975b12d0","      FADD R0, R0, R3","28","0","28","1048576","33554432","33554432","32","32","0","0","0","-","-","-","0","0","0","0","0","0","0","0","-","0","0","0","0","0","0","0","0","1","0","0","0","0","0","0","0","0","0","27","0","0","0","0","0","0","0","0","0","0","0","0","0","0","0","0","0","0","0","0","0"
"0x7f34975b12e0","      F2FP.SATFINITE.E4M3.F32.PACK_AB_MERGE_C R45, R9, R8, RZ","16","0","16","1048576","33554432","33554432","32","32","0","0","0","-","-","-","0","0","0","0","0","0","0","0","-","0","0","0","0","0","0","0","0","0","0","0","0","0","0","0","0","0","0","16","0","0","0","0","0","0","0","0","0","0","0","0","0","0","0","0","0","0","0","0","0"
"0x7f34975b12f0","      FADD R4, R8, R9","23","0","23","1048576","33554432","33554432","32","32","0","0","0","-","-","-","0","0","0","0","0","0","0","0","-","0","0","0","0","0","0","0","0","3","0","0","0","0","0","0","0","0","0","20","0","0","0","0","0","0","0","0","0","0","0","0","0","0","0","0","0","0","0","0","0"
"0x7f34975b1300","      MUFU.EX2 R17, R17","155","33","155","1048576","33554432","33554432","32","32","0","0","0","-","-","-","0","0","0","0","0","0","0","0","-","0","0","0","0","0","0","0","0","3","0","0","0","0","0","0","0","0","20","18","0","0","0","114","0","0","0","0","0","0","0","0","0","0","0","0","0","0","0","0","33"
"0x7f34975b1310","      FADD R104, R6, R7","23","0","23","1048576","33554432","33554432","32","32","0","0","0","-","-","-","0","0","0","0","0","0","0","0","-","0","0","0","0","0","0","0","0","1","0","0","0","0","0","0","0","0","0","22","0","0","0","0","0","0","0","0","0","0","0","0","0","0","0","0","0","0","0","0","0"
"0x7f34975b1320","      MUFU.EX2 R18, R18","200","66","200","1048576","33554432","33554432","32","32","0","0","0","-","-","-","0","0","0","0","0","0","0","0","-","0","0","0","0","0","0","0","0","0","0","0","0","0","0","0","0","0","8","20","0","0","0","172","0","0","0","0","0","0","0","0","0","0","0","0","0","0","0","0","66"
"0x7f34975b1330","      F2FP.SATFINITE.E4M3.F32.PACK_AB_MERGE_C R42, R11, R10, RZ","20","0","20","1048576","33554432","33554432","32","32","0","0","0","-","-","-","0","0","0","0","0","0","0","0","-","0","0","0","0","0","0","0","0","0","0","0","0","0","0","0","0","0","0","20","0","0","0","0","0","0","0","0","0","0","0","0","0","0","0","0","0","0","0","0","0"
"0x7f34975b1340","      FADD R5, R10, R11","22","0","22","1048576","33554432","33554432","32","32","0","0","0","-","-","-","0","0","0","0","0","0","0","0","-","0","0","0","0","0","0","0","0","1","0","0","0","0","0","0","0","0","0","21","0","0","0","0","0","0","0","0","0","0","0","0","0","0","0","0","0","0","0","0","0"
"0x7f34975b1350","      MUFU.EX2 R19, R19","163","45","163","1048576","33554432","33554432","32","32","0","0","0","-","-","-","0","0","0","0","0","0","0","0","-","0","0","0","0","0","0","0","0","0","0","0","0","0","0","0","0","0","5","28","0","0","0","130","0","0","0","0","0","0","0","0","0","0","0","0","0","0","0","0","45"
"0x7f34975b1360","      PRMT R45, R45, 0x5410, R42","18","0","18","1048576","33554432","33554432","32","32","0","0","0","-","-","-","0","0","0","0","0","0","0","0","-","0","0","0","0","0","0","0","0","0","0","0","0","0","0","0","0","0","0","18","0","0","0","0","0","0","0","0","0","0","0","0","0","0","0","0","0","0","0","0","0"
"0x7f34975b1370","      FADD R5, R4, R5","15","0","15","1048576","33554432","33554432","32","32","0","0","0","-","-","-","0","0","0","0","0","0","0","0","-","0","0","0","0","0","0","0","0","0","0","0","0","0","0","0","0","0","0","15","0","0","0","0","0","0","0","0","0","0","0","0","0","0","0","0","0","0","0","0","0"
"0x7f34975b1380","      MUFU.EX2 R106, R106","162","62","162","1048576","33554432","33554432","32","32","0","0","0","-","-","-","0","0","0","0","0","0","0","0","-","0","0","0","0","0","0","0","0","0","0","0","0","0","0","0","0","0","1","17","0","0","0","144","0","0","0","0","0","0","0","0","0","0","0","0","0","0","0","0","62"
"0x7f34975b1390","      F2FP.SATFINITE.E4M3.F32.PACK_AB_MERGE_C R48, R17, R16, RZ","19","0","19","1048576","33554432","33554432","32","32","0","0","0","-","-","-","0","0","0","0","0","0","0","0","-","0","0","0","0","0","0","0","0","0","0","0","0","0","0","0","0","0","0","19","0","0","0","0","0","0","0","0","0","0","0","0","0","0","0","0","0","0","0","0","0"
"0x7f34975b13a0","      FADD R8, R16, R17","24","0","24","1048576","33554432","33554432","32","32","0","0","0","-","-","-","0","0","0","0","0","0","0","0","-","0","0","0","0","0","0","0","0","0","0","0","0","0","0","0","0","0","0","24","0","0","0","0","0","0","0","0","0","0","0","0","0","0","0","0","0","0","0","0","0"
"0x7f34975b13b0","      MUFU.EX2 R20, R20","156","51","156","1048576","33554432","33554432","32","32","0","0","0","-","-","-","0","0","0","0","0","0","0","0","-","0","0","0","0","0","0","0","0","0","0","0","0","0","0","0","0","0","2","22","0","0","0","132","0","0","0","0","0","0","0","0","0","0","0","0","0","0","0","0","51"
"0x7f34975b13c0","      FADD R0, R0, R5","15","0","15","1048576","33554432","33554432","32","32","0","0","0","-","-","-","0","0","0","0","0","0","0","0","-","0","0","0","0","0","0","0","0","0","0","0","0","0","0","0","0","0","0","15","0","0","0","0","0","0","0","0","0","0","0","0","0","0","0","0","0","0","0","0","0"
"0x7f34975b13d0","      MUFU.EX2 R21, R21","170","74","170","1048576","33554432","33554432","32","32","0","0","0","-","-","-","0","0","0","0","0","0","0","0","-","0","0","0","0","0","0","0","0","0","0","0","0","0","0","0","0","0","1","17","0","0","0","152","0","0","0","0","0","0","0","0","0","0","0","0","0","0","0","0","74"
"0x7f34975b13e0","      F2FP.SATFINITE.E4M3.F32.PACK_AB_MERGE_C R51, R19, R18, RZ","17","0","17","1048576","33554432","33554432","32","32","0","0","0","-","-","-","0","0","0","0","0","0","0","0","-","0","0","0","0","0","0","0","0","2","0","0","0","0","0","0","0","0","0","15","0","0","0","0","0","0","0","0","0","0","0","0","0","0","0","0","0","0","0","0","0"
"0x7f34975b13f0","      FADD R9, R18, R19","13","0","13","1048576","33554432","33554432","32","32","0","0","0","-","-","-","0","0","0","0","0","0","0","0","-","0","0","0","0","0","0","0","0","0","0","0","0","0","0","0","0","0","0","13","0","0","0","0","0","0","0","0","0","0","0","0","0","0","0","0","0","0","0","0","0"
"0x7f34975b1400","      MUFU.EX2 R22, R22","171","84","171","1048576","33554432","33554432","32","32","0","0","0","-","-","-","0","0","0","0","0","0","0","0","-","0","0","0","0","0","0","0","0","0","0","0","0","0","0","0","0","0","1","19","0","0","0","151","0","0","0","0","0","0","0","0","0","0","0","0","0","0","0","0","84"
"0x7f34975b1410","      PRMT R47, R48, 0x5410, R51","25","0","25","1048576","33554432","33554432","32","32","0","0","0","-","-","-","0","0","0","0","0","0","0","0","-","0","0","0","0","0","0","0","0","1","0","0","0","0","0","0","0","0","0","24","0","0","0","0","0","0","0","0","0","0","0","0","0","0","0","0","0","0","0","0","0"
"0x7f34975b1420","      FADD R103, R8, R9","13","0","13","1048576","33554432","33554432","32","32","0","0","0","-","-","-","0","0","0","0","0","0","0","0","-","0","0","0","0","0","0","0","0","0","0","0","0","0","0","0","0","0","0","13","0","0","0","0","0","0","0","0","0","0","0","0","0","0","0","0","0","0","0","0","0"
"0x7f34975b1430","      MUFU.EX2 R23, R23","166","82","166","1048576","33554432","33554432","32","32","0","0","0","-","-","-","0","0","0","0","0","0","0","0","-","0","0","0","0","0","0","0","0","0","0","0","0","0","0","0","0","0","1","22","0","0","0","143","0","0","0","0","0","0","0","0","0","0","0","0","0","0","0","0","82"
"0x7f34975b1440","      FSETP.NEU.AND P0, PT, R106, 1, PT","16","0","16","1048576","33554432","33554432","32","32","0","0","0","-","-","-","0","0","0","0","0","0","0","0","-","0","0","0","0","0","0","0","0","1","0","0","0","0","0","0","0","0","0","15","0","0","0","0","0","0","0","0","0","0","0","0","0","0","0","0","0","0","0","0","0"
"0x7f34975b1450","      STS.128 [R112], R44","19","0","19","1048576","33554432","33554432","32","32","0","0","0","Shared","Store","128","0","4","0","4194304","4194304","0","0","0","-","0","0","0","0","0","0","0","0","0","0","0","0","0","0","0","0","0","0","19","0","0","0","0","0","0","0","0","0","0","0","0","0","0","0","0","0","0","0","0","0"
"0x7f34975b1460","      MUFU.EX2 R24, R24","168","87","168","1048576","33554432","33554432","32","32","0","0","0","-","-","-","0","0","0","0","0","0","0","0","-","0","0","0","0","0","0","0","0","3","0","0","0","0","0","0","0","0","0","19","0","0","0","146","0","0","3","0","0","0","0","0","0","0","0","0","0","0","0","0","84"
"0x7f34975b1470","      F2FP.SATFINITE.E4M3.F32.PACK_AB_MERGE_C R49, R21, R20, RZ","24","0","24","1048576","33554432","33554432","32","32","0","0","0","-","-","-","0","0","0","0","0","0","0","0","-","0","0","0","0","0","0","0","0","0","0","0","0","0","0","0","0","0","0","24","0","0","0","0","0","0","0","0","0","0","0","0","0","0","0","0","0","0","0","0","0"
"0x7f34975b1480","      FADD R10, R20, R21","16","0","16","1048576","33554432","33554432","32","32","0","0","0","-","-","-","0","0","0","0","0","0","0","0","-","0","0","0","0","0","0","0","0","0","0","0","0","0","0","0","0","0","0","16","0","0","0","0","0","0","0","0","0","0","0","0","0","0","0","0","0","0","0","0","0"
"0x7f34975b1490","      MUFU.EX2 R25, R25","157","92","157","1048576","33554432","33554432","32","32","0","0","0","-","-","-","0","0","0","0","0","0","0","0","-","0","0","0","0","0","0","0","0","2","0","0","0","0","0","12","0","0","1","20","0","0","0","122","0","0","2","0","0","0","0","0","10","0","0","0","0","0","0","0","80"
"0x7f34975b14a0","      MUFU.EX2 R26, R26","193","109","193","1048576","33554432","33554432","32","32","0","0","0","-","-","-","0","0","0","0","0","0","0","0","-","0","0","0","0","0","0","0","0","0","0","0","0","0","0","2","0","0","0","10","0","0","0","181","0","0","0","0","0","0","0","0","1","0","0","0","0","0","0","0","108"
"0x7f34975b14b0","      F2FP.SATFINITE.E4M3.F32.PACK_AB_MERGE_C R50, R23, R22, RZ","19","0","19","1048576","33554432","33554432","32","32","0","0","0","-","-","-","0","0","0","0","0","0","0","0","-","0","0","0","0","0","0","0","0","0","0","0","0","0","0","0","0","0","0","19","0","0","0","0","0","0","0","0","0","0","0","0","0","0","0","0","0","0","0","0","0"
"0x7f34975b14c0","      FADD R11, R22, R23","21","0","21","1048576","33554432","33554432","32","32","0","0","0","-","-","-","0","0","0","0","0","0","0","0","-","0","0","0","0","0","0","0","0","0","0","0","0","0","0","0","0","0","0","21","0","0","0","0","0","0","0","0","0","0","0","0","0","0","0","0","0","0","0","0","0"
"0x7f34975b14d0","      MUFU.EX2 R27, R27","153","95","153","1048576","33554432","33554432","32","32","0","0","0","-","-","-","0","0","0","0","0","0","0","0","-","0","0","0","0","0","0","0","0","0","0","0","0","0","0","5","0","0","0","9","0","0","0","139","0","0","0","0","0","0","0","0","5","0","0","0","0","0","0","0","90"
"0x7f34975b14e0","      VOTE.ALL P0, !P0","26","0","26","1048576","33554432","33554432","32","32","0","0","0","-","-","-","0","0","0","0","0","0","0","0","-","0","0","0","0","0","0","0","0","2","0","0","0","0","0","0","0","0","0","24","0","0","0","0","0","0","0","0","0","0","0","0","0","0","0","0","0","0","0","0","0"
"0x7f34975b14f0","      PRMT R48, R49, 0x5410, R50","45","19","45","1048576","33554432","33554432","32","32","0","0","0","-","-","-","0","0","0","0","0","0","0","0","-","0","0","0","0","0","0","0","0","3","0","0","0","1","0","0","0","0","0","24","0","0","0","17","0","0","3","0","0","0","1","0","0","0","0","0","0","0","0","0","15"
"0x7f34975b1500","      MUFU.EX2 R28, R28","113","57","113","1048576","33554432","33554432","32","32","0","0","0","-","-","-","0","0","0","0","0","0","0","0","-","0","0","0","0","0","0","0","0","0","0","0","0","0","0","1","0","0","0","17","0","0","0","95","0","0","0","0","0","0","0","0","1","0","0","0","0","0","0","0","56"
"0x7f34975b1510","      ISETP.EQ.U32.OR P0, PT, R114, RZ, P0","27","0","27","1048576","33554432","33554432","32","32","0","0","0","-","-","-","0","0","0","0","0","0","0","0","-","0","0","0","0","0","0","0","0","1","0","0","0","0","0","0","0","0","0","26","0","0","0","0","0","0","0","0","0","0","0","0","0","0","0","0","0","0","0","0","0"
"0x7f34975b1520","      FADD R12, R24, R25","19","0","19","1048576","33554432","33554432","32","32","0","0","0","-","-","-","0","0","0","0","0","0","0","0","-","0","0","0","0","0","0","0","0","0","0","0","0","0","0","0","0","0","0","19","0","0","0","0","0","0","0","0","0","0","0","0","0","0","0","0","0","0","0","0","0"
"0x7f34975b1530","      F2FP.SATFINITE.E4M3.F32.PACK_AB_MERGE_C R52, R25, R24, RZ","11","0","11","1048576","33554432","33554432","32","32","0","0","0","-","-","-","0","0","0","0","0","0","0","0","-","0","0","0","0","0","0","0","0","2","0","0","0","0","0","0","0","0","0","9","0","0","0","0","0","0","0","0","0","0","0","0","0","0","0","0","0","0","0","0","0"
"0x7f34975b1540","      MUFU.EX2 R29, R29","147","61","147","1048576","33554432","33554432","32","32","0","0","0","-","-","-","0","0","0","0","0","0","0","0","-","0","0","0","0","0","0","0","0","0","0","0","0","0","0","1","0","0","0","18","0","0","0","128","0","0","0","0","0","0","0","0","1","0","0","0","0","0","0","0","60"
"0x7f34975b1550","      FADD R102, R10, R11","25","0","25","1048576","33554432","33554432","32","32","0","0","0","-","-","-","0","0","0","0","0","0","0","0","-","0","0","0","0","0","0","0","0","0","0","0","0","0","0","0","0","0","0","25","0","0","0","0","0","0","0","0","0","0","0","0","0","0","0","0","0","0","0","0","0"
"0x7f34975b1560","      MUFU.EX2 R30, R30","156","79","156","1048576","33554432","33554432","32","32","0","0","0","-","-","-","0","0","0","0","0","0","0","0","-","0","0","0","0","0","0","0","0","0","0","0","0","0","0","0","0","0","0","15","0","0","0","141","0","0","0","0","0","0","0","0","0","0","0","0","0","0","0","0","79"
"0x7f34975b1570","      F2FP.SATFINITE.E4M3.F32.PACK_AB_MERGE_C R53, R27, R26, RZ","19","0","19","1048576","33554432","33554432","32","32","0","0","0","-","-","-","0","0","0","0","0","0","0","0","-","0","0","0","0","0","0","0","0","4","0","0","0","0","0","0","0","0","0","15","0","0","0","0","0","0","0","0","0","0","0","0","0","0","0","0","0","0","0","0","0"
"0x7f34975b1580","      FADD R13, R26, R27","21","0","21","1048576","33554432","33554432","32","32","0","0","0","-","-","-","0","0","0","0","0","0","0","0","-","0","0","0","0","0","0","0","0","3","0","0","0","0","0","0","0","0","0","18","0","0","0","0","0","0","0","0","0","0","0","0","0","0","0","0","0","0","0","0","0"
"0x7f34975b1590","      MUFU.EX2 R31, R31","182","96","182","1048576","33554432","33554432","32","32","0","0","0","-","-","-","0","0","0","0","0","0","0","0","-","0","0","0","0","0","0","0","0","0","0","0","0","0","0","0","0","0","0","17","0","0","0","165","0","0","0","0","0","0","0","0","0","0","0","0","0","0","0","0","96"
"0x7f34975b15a0","      PRMT R49, R52, 0x5410, R53","21","0","21","1048576","33554432","33554432","32","32","0","0","0","-","-","-","0","0","0","0","0","0","0","0","-","0","0","0","0","0","0","0","0","1","0","0","0","0","0","0","0","0","0","20","0","0","0","0","0","0","0","0","0","0","0","0","0","0","0","0","0","0","0","0","0"
"0x7f34975b15b0","      FADD R101, R12, R13","13","0","13","1048576","33554432","33554432","32","32","0","0","0","-","-","-","0","0","0","0","0","0","0","0","-","0","0","0","0","0","0","0","0","0","0","0","0","0","0","0","0","0","0","13","0","0","0","0","0","0","0","0","0","0","0","0","0","0","0","0","0","0","0","0","0"
"0x7f34975b15c0","      MUFU.EX2 R32, R32","168","79","168","1048576","33554432","33554432","32","32","0","0","0","-","-","-","0","0","0","0","0","0","0","0","-","0","0","0","0","0","0","0","0","1","0","0","0","0","0","0","0","0","0","21","0","0","0","146","0","0","1","0","0","0","0","0","0","0","0","0","0","0","0","0","78"
"0x7f34975b15d0","      F2FP.SATFINITE.E4M3.F32.PACK_AB_MERGE_C R54, R29, R28, RZ","24","0","24","1048576","33554432","33554432","32","32","0","0","0","-","-","-","0","0","0","0","0","0","0","0","-","0","0","0","0","0","0","0","0","1","0","0","0","0","0","0","0","0","0","23","0","0","0","0","0","0","0","0","0","0","0","0","0","0","0","0","0","0","0","0","0"
"0x7f34975b15e0","      FADD R14, R28, R29","18","0","18","1048576","33554432","33554432","32","32","0","0","0","-","-","-","0","0","0","0","0","0","0","0","-","0","0","0","0","0","0","0","0","0","0","0","0","0","0","0","0","0","0","18","0","0","0","0","0","0","0","0","0","0","0","0","0","0","0","0","0","0","0","0","0"
"0x7f34975b15f0","      MUFU.EX2 R33, R33","152","82","152","1048576","33554432","33554432","32","32","0","0","0","-","-","-","0","0","0","0","0","0","0","0","-","0","0","0","0","0","0","0","0","0","0","0","0","0","0","0","0","0","0","23","0","0","0","129","0","0","0","0","0","0","0","0","0","0","0","0","0","0","0","0","82"
"0x7f34975b1600","      MUFU.EX2 R34, R34","216","126","216","1048576","33554432","33554432","32","32","0","0","0","-","-","-","0","0","0","0","0","0","0","0","-","0","0","0","0","0","0","0","0","0","0","0","0","0","0","0","0","0","1","24","0","0","0","191","0","0","0","0","0","0","0","0","0","0","0","0","0","0","0","0","126"
"0x7f34975b1610","      F2FP.SATFINITE.E4M3.F32.PACK_AB_MERGE_C R55, R31, R30, RZ","19","0","19","1048576","33554432","33554432","32","32","0","0","0","-","-","-","0","0","0","0","0","0","0","0","-","0","0","0","0","0","0","0","0","3","0","0","0","0","0","0","0","0","0","16","0","0","0","0","0","0","0","0","0","0","0","0","0","0","0","0","0","0","0","0","0"
"0x7f34975b1620","      FADD R15, R30, R31","36","0","36","1048576","33554432","33554432","32","32","0","0","0","-","-","-","0","0","0","0","0","0","0","0","-","0","0","0","0","0","0","0","0","9","0","0","0","0","0","0","0","0","0","27","0","0","0","0","0","0","0","0","0","0","0","0","0","0","0","0","0","0","0","0","0"
"0x7f34975b1630","      MUFU.EX2 R35, R35","160","89","160","1048576","33554432","33554432","32","32","0","0","0","-","-","-","0","0","0","0","0","0","0","0","-","0","0","0","0","0","0","0","0","0","0","0","0","0","0","0","0","0","0","23","0","0","0","137","0","0","0","0","0","0","0","0","0","0","0","0","0","0","0","0","89"
"0x7f34975b1640","      PRMT R50, R54, 0x5410, R55","25","0","25","1048576","33554432","33554432","32","32","0","0","0","-","-","-","0","0","0","0","0","0","0","0","-","0","0","0","0","0","0","0","0","0","0","0","0","0","0","0","0","0","0","25","0","0","0","0","0","0","0","0","0","0","0","0","0","0","0","0","0","0","0","0","0"
"0x7f34975b1650","      FADD R100, R14, R15","17","0","17","1048576","33554432","33554432","32","32","0","0","0","-","-","-","0","0","0","0","0","0","0","0","-","0","0","0","0","0","0","0","0","1","0","0","0","0","0","0","0","0","0","16","0","0","0","0","0","0","0","0","0","0","0","0","0","0","0","0","0","0","0","0","0"
"0x7f34975b1660","      F2FP.SATFINITE.E4M3.F32.PACK_AB_MERGE_C R56, R33, R32, RZ","14","0","14","1048576","33554432","33554432","32","32","0","0","0","-","-","-","0","0","0","0","0","0","0","0","-","0","0","0","0","0","0","0","0","0","0","0","0","0","0","0","0","0","0","14","0","0","0","0","0","0","0","0","0","0","0","0","0","0","0","0","0","0","0","0","0"
"0x7f34975b1670","      FADD R16, R32, R33","30","0","30","1048576","33554432","33554432","32","32","0","0","0","-","-","-","0","0","0","0","0","0","0","0","-","0","0","0","0","0","0","0","0","0","0","0","0","0","0","0","0","0","0","30","0","0","0","0","0","0","0","0","0","0","0","0","0","0","0","0","0","0","0","0","0"
"0x7f34975b1680","      F2FP.SATFINITE.E4M3.F32.PACK_AB_MERGE_C R57, R35, R34, RZ","214","113","214","1048576","33554432","33554432","32","32","0","0","0","-","-","-","0","0","0","0","0","0","0","0","-","0","0","0","0","0","0","0","0","0","0","0","0","0","0","0","0","0","0","24","190","0","0","0","0","0","0","0","0","0","0","0","0","0","0","0","0","113","0","0","0"
"0x7f34975b1690","      FADD R17, R34, R35","17","0","17","1048576","33554432","33554432","32","32","0","0","0","-","-","-","0","0","0","0","0","0","0","0","-","0","0","0","0","0","0","0","0","0","0","0","0","0","0","0","0","0","0","17","0","0","0","0","0","0","0","0","0","0","0","0","0","0","0","0","0","0","0","0","0"
"0x7f34975b16a0","      PRMT R51, R56, 0x5410, R57","99","32","99","1048576","33554432","33554432","32","32","0","0","0","-","-","-","0","0","0","0","0","0","0","0","-","0","0","0","0","0","0","0","0","0","0","0","0","34","0","0","0","0","14","19","0","0","0","32","0","0","0","0","0","0","17","0","0","0","0","0","0","0","0","0","15"
"0x7f34975b16b0","      FADD R3, R16, R17","17","0","17","1048576","33554432","33554432","32","32","0","0","0","-","-","-","0","0","0","0","0","0","0","0","-","0","0","0","0","0","0","0","0","0","0","0","0","0","0","0","0","0","0","17","0","0","0","0","0","0","0","0","0","0","0","0","0","0","0","0","0","0","0","0","0"
"0x7f34975b16c0","      STS.128 [R111], R48","82","49","82","1048576","33554432","33554432","32","32","0","0","0","Shared","Store","128","0","4","0","4194304","4194304","0","0","0","-","0","0","0","0","0","0","0","0","0","0","0","0","0","0","0","0","0","0","19","0","0","0","63","0","0","0","0","0","0","0","0","0","0","0","0","0","0","0","0","49"
"0x7f34975b16d0","@P0   BRA 0x7f34975b1bc0","20","0","20","1048576","33554432","3352832","32","3","29","29","0","-","-","-","0","0","0","0","0","0","0","0","-","0","0","0","0","0","0","0","0","3","0","0","0","0","0","0","0","0","0","17","0","0","0","0","0","0","0","0","0","0","0","0","0","0","0","0","0","0","0","0","0"
"0x7f34975b16e0","      R2UR UR5, R118","98","37","98","943800","30201600","30201600","32","32","29","0","0","-","-","-","0","0","0","0","0","0","0","0","-","0","0","0","0","0","0","0","0","0","0","0","0","2","0","0","0","0","0","16","0","0","0","80","0","0","0","0","0","0","0","0","0","0","0","0","0","0","0","0","37"
"0x7f34975b16f0","      R2UR UR7, R118","39","9","39","943800","30201600","30201600","32","32","0","0","0","-","-","-","0","0","0","0","0","0","0","0","-","0","0","0","0","0","0","0","0","1","0","0","0","0","0","0","0","0","2","27","0","0","0","9","0","0","1","0","0","0","0","0","0","0","0","0","0","0","0","0","8"
"0x7f34975b1700","      R2UR UR6, R118","23","12","23","943800","30201600","30201600","32","32","0","0","0","-","-","-","0","0","0","0","0","0","0","0","-","0","0","0","0","0","0","0","0","0","0","0","0","0","0","0","0","0","0","11","0","0","0","12","0","0","0","0","0","0","0","0","0","0","0","0","0","0","0","0","12"
"0x7f34975b1710","      LDTM.x32 R4, tmem[UR5]","137","82","137","943800","30201600","30201600","32","32","0","0","0","Tmem","Load","-","0","0","0","0","0","0","0","0","-","0","0","0","0","0","0","0","0","0","0","0","0","0","0","0","0","0","0","13","0","0","0","124","0","0","0","0","0","0","0","0","0","0","0","0","0","0","0","0","82"
"0x7f34975b1720","      LDTM.x32 R68, tmem[UR5+0x20]","13","0","13","943800","30201600","30201600","32","32","0","0","0","Tmem","Load","-","0","0","0","0","0","0","0","0","-","0","0","0","0","0","0","0","0","0","0","0","0","0","0","0","0","0","0","13","0","0","0","0","0","0","0","0","0","0","0","0","0","0","0","0","0","0","0","0","0"
"0x7f34975b1730","      NOP","18","0","18","943800","30201600","30201600","32","32","0","0","0","-","-","-","0","0","0","0","0","0","0","0","-","0","0","0","0","0","0","0","0","0","0","0","0","0","0","0","0","0","0","18","0","0","0","0","0","0","0","0","0","0","0","0","0","0","0","0","0","0","0","0","0"
"0x7f34975b1740","      FMUL2 R4, R4.F32x2.HI_LO, R106.F32","815","477","815","943800","30201600","30201600","32","32","0","0","0","-","-","-","0","0","0","0","0","0","0","0","-","0","0","0","0","0","0","0","0","0","0","0","0","29","0","0","0","0","29","13","744","0","0","0","0","0","0","0","0","0","29","0","0","0","0","0","0","448","0","0","0"
"0x7f34975b1750","      FMUL2 R6, R6.F32x2.HI_LO, R106.F32","27","13","27","943800","30201600","30201600","32","32","0","0","0","-","-","-","0","0","0","0","0","0","0","0","-","0","0","0","0","0","0","0","0","0","0","0","0","0","0","0","0","0","3","10","0","0","0","14","0","0","0","0","0","0","0","0","0","0","0","0","0","0","0","0","13"
"0x7f34975b1760","      FMUL2 R8, R8.F32x2.HI_LO, R106.F32","61","16","61","943800","30201600","30201600","32","32","0","0","0","-","-","-","0","0","0","0","0","0","0","0","-","0","0","0","0","0","0","0","0","0","0","0","0","0","0","0","0","0","22","17","0","0","0","22","0","0","0","0","0","0","0","0","0","0","0","0","0","0","0","0","16"
"0x7f34975b1770","      FMUL2 R10, R10.F32x2.HI_LO, R106.F32","28","14","28","943800","30201600","30201600","32","32","0","0","0","-","-","-","0","0","0","0","0","0","0","0","-","0","0","0","0","0","0","0","0","0","0","0","0","0","0","0","0","0","0","14","0","0","0","14","0","0","0","0","0","0","0","0","0","0","0","0","0","0","0","0","14"
"0x7f34975b1780","      FMUL2 R12, R12.F32x2.HI_LO, R106.F32","38","19","38","943800","30201600","30201600","32","32","0","0","0","-","-","-","0","0","0","0","0","0","0","0","-","0","0","0","0","0","0","0","0","0","0","0","0","0","0","0","0","0","0","19","0","0","0","19","0","0","0","0","0","0","0","0","0","0","0","0","0","0","0","0","19"
"0x7f34975b1790","      FMUL2 R14, R14.F32x2.HI_LO, R106.F32","35","13","35","943800","30201600","30201600","32","32","0","0","0","-","-","-","0","0","0","0","0","0","0","0","-","0","0","0","0","0","0","0","0","0","0","0","0","0","0","0","0","0","0","22","0","0","0","13","0","0","0","0","0","0","0","0","0","0","0","0","0","0","0","0","13"
"0x7f34975b17a0","      FMUL2 R16, R16.F32x2.HI_LO, R106.F32","43","22","43","943800","30201600","30201600","32","32","0","0","0","-","-","-","0","0","0","0","0","0","0","0","-","0","0","0","0","0","0","0","0","0","0","0","0","0","0","0","0","0","0","21","0","0","0","22","0","0","0","0","0","0","0","0","0","0","0","0","0","0","0","0","22"
"0x7f34975b17b0","      FMUL2 R18, R18.F32x2.HI_LO, R106.F32","53","18","53","943800","30201600","30201600","32","32","0","0","0","-","-","-","0","0","0","0","0","0","0","0","-","0","0","0","0","0","0","0","0","0","0","0","0","0","0","0","0","0","0","20","0","0","0","33","0","0","0","0","0","0","0","0","0","0","0","0","0","0","0","0","18"
"0x7f34975b17c0","      FMUL2 R20, R20.F32x2.HI_LO, R106.F32","32","15","32","943800","30201600","30201600","32","32","0","0","0","-","-","-","0","0","0","0","0","0","0","0","-","0","0","0","0","0","0","0","0","0","0","0","0","0","0","0","0","0","0","17","0","0","0","15","0","0","0","0","0","0","0","0","0","0","0","0","0","0","0","0","15"
"0x7f34975b17d0","      FMUL2 R22, R22.F32x2.HI_LO, R106.F32","252","19","252","943800","30201600","30201600","32","32","0","0","0","-","-","-","0","0","0","0","0","0","0","0","-","0","0","0","0","0","0","0","0","0","0","0","0","0","0","0","0","0","0","11","0","0","0","241","0","0","0","0","0","0","0","0","0","0","0","0","0","0","0","0","19"
"0x7f34975b17e0","      FMUL2 R24, R24.F32x2.HI_LO, R106.F32","40","19","40","943800","30201600","30201600","32","32","0","0","0","-","-","-","0","0","0","0","0","0","0","0","-","0","0","0","0","0","0","0","0","0","0","0","0","0","0","0","0","0","0","21","0","0","0","19","0","0","0","0","0","0","0","0","0","0","0","0","0","0","0","0","19"
"0x7f34975b17f0","      FMUL2 R26, R26.F32x2.HI_LO, R106.F32","32","13","32","943800","30201600","30201600","32","32","0","0","0","-","-","-","0","0","0","0","0","0","0","0","-","0","0","0","0","0","0","0","0","0","0","0","0","0","0","0","0","0","0","19","0","0","0","13","0","0","0","0","0","0","0","0","0","0","0","0","0","0","0","0","13"
"0x7f34975b1800","      FMUL2 R28, R28.F32x2.HI_LO, R106.F32","30","19","30","943800","30201600","30201600","32","32","0","0","0","-","-","-","0","0","0","0","0","0","0","0","-","0","0","0","0","0","0","0","0","0","0","0","0","0","0","0","0","0","0","11","0","0","0","19","0","0","0","0","0","0","0","0","0","0","0","0","0","0","0","0","19"
"0x7f34975b1810","      FMUL2 R30, R30.F32x2.HI_LO, R106.F32","28","16","28","943800","30201600","30201600","32","32","0","0","0","-","-","-","0","0","0","0","0","0","0","0","-","0","0","0","0","0","0","0","0","0","0","0","0","0","0","0","0","0","0","12","0","0","0","16","0","0","0","0","0","0","0","0","0","0","0","0","0","0","0","0","16"
"0x7f34975b1820","      FMUL2 R32, R32.F32x2.HI_LO, R106.F32","30","18","30","943800","30201600","30201600","32","32","0","0","0","-","-","-","0","0","0","0","0","0","0","0","-","0","0","0","0","0","0","0","0","0","0","0","0","0","0","0","0","0","0","12","0","0","0","18","0","0","0","0","0","0","0","0","0","0","0","0","0","0","0","0","18"
"0x7f34975b1830","      FMUL2 R34, R34.F32x2.HI_LO, R106.F32","36","11","36","943800","30201600","30201600","32","32","0","0","0","-","-","-","0","0","0","0","0","0","0","0","-","0","0","0","0","0","0","0","0","0","0","0","0","0","0","0","0","0","0","25","0","0","0","11","0","0","0","0","0","0","0","0","0","0","0","0","0","0","0","0","11"
"0x7f34975b1840","      FMUL2 R68, R68.F32x2.HI_LO, R106.F32","21","17","21","943800","30201600","30201600","32","32","0","0","0","-","-","-","0","0","0","0","0","0","0","0","-","0","0","0","0","0","0","0","0","0","0","0","0","0","0","0","0","0","0","4","0","0","0","17","0","0","0","0","0","0","0","0","0","0","0","0","0","0","0","0","17"
"0x7f34975b1850","      FMUL2 R70, R70.F32x2.HI_LO, R106.F32","30","15","30","943800","30201600","30201600","32","32","0","0","0","-","-","-","0","0","0","0","0","0","0","0","-","0","0","0","0","0","0","0","0","0","0","0","0","0","0","0","0","0","0","15","0","0","0","15","0","0","0","0","0","0","0","0","0","0","0","0","0","0","0","0","15"
"0x7f34975b1860","      STTM.x32 tmem[UR7], R4","13","0","13","943800","30201600","30201600","32","32","0","0","0","Tmem","Store","-","0","0","0","0","0","0","0","0","-","0","0","0","0","0","0","0","0","0","0","0","0","0","0","0","0","0","0","13","0","0","0","0","0","0","0","0","0","0","0","0","0","0","0","0","0","0","0","0","0"
"0x7f34975b1870","      FMUL2 R72, R72.F32x2.HI_LO, R106.F32","14","0","14","943800","30201600","30201600","32","32","0","0","0","-","-","-","0","0","0","0","0","0","0","0","-","0","0","0","0","0","0","0","0","0","0","0","0","0","0","0","0","0","0","14","0","0","0","0","0","0","0","0","0","0","0","0","0","0","0","0","0","0","0","0","0"
"0x7f34975b1880","      FMUL2 R74, R74.F32x2.HI_LO, R106.F32","27","10","27","943800","30201600","30201600","32","32","0","0","0","-","-","-","0","0","0","0","0","0","0","0","-","0","0","0","0","0","0","0","0","0","0","0","0","0","0","0","0","0","0","17","0","0","0","10","0","0","0","0","0","0","0","0","0","0","0","0","0","0","0","0","10"
"0x7f34975b1890","      FMUL2 R76, R76.F32x2.HI_LO, R106.F32","41","14","41","943800","30201600","30201600","32","32","0","0","0","-","-","-","0","0","0","0","0","0","0","0","-","0","0","0","0","0","0","0","0","0","0","0","0","0","0","0","0","0","0","27","0","0","0","14","0","0","0","0","0","0","0","0","0","0","0","0","0","0","0","0","14"
"0x7f34975b18a0","      FMUL2 R78, R78.F32x2.HI_LO, R106.F32","35","16","35","943800","30201600","30201600","32","32","0","0","0","-","-","-","0","0","0","0","0","0","0","0","-","0","0","0","0","0","0","0","0","0","0","0","0","0","0","0","0","0","0","19","0","0","0","16","0","0","0","0","0","0","0","0","0","0","0","0","0","0","0","0","16"
"0x7f34975b18b0","      FMUL2 R80, R80.F32x2.HI_LO, R106.F32","33","17","33","943800","30201600","30201600","32","32","0","0","0","-","-","-","0","0","0","0","0","0","0","0","-","0","0","0","0","0","0","0","0","0","0","0","0","0","0","0","0","0","0","16","0","0","0","17","0","0","0","0","0","0","0","0","0","0","0","0","0","0","0","0","17"
"0x7f34975b18c0","      FMUL2 R82, R82.F32x2.HI_LO, R106.F32","31","13","31","943800","30201600","30201600","32","32","0","0","0","-","-","-","0","0","0","0","0","0","0","0","-","0","0","0","0","0","0","0","0","0","0","0","0","0","0","0","0","0","0","18","0","0","0","13","0","0","0","0","0","0","0","0","0","0","0","0","0","0","0","0","13"
"0x7f34975b18d0","      FMUL2 R84, R84.F32x2.HI_LO, R106.F32","33","24","33","943800","30201600","30201600","32","32","0","0","0","-","-","-","0","0","0","0","0","0","0","0","-","0","0","0","0","0","0","0","0","0","0","0","0","0","0","0","0","0","0","9","0","0","0","24","0","0","0","0","0","0","0","0","0","0","0","0","0","0","0","0","24"
"0x7f34975b18e0","      FMUL2 R86, R86.F32x2.HI_LO, R106.F32","34","20","34","943800","30201600","30201600","32","32","0","0","0","-","-","-","0","0","0","0","0","0","0","0","-","0","0","0","0","0","0","0","0","0","0","0","0","0","0","0","0","0","0","14","0","0","0","20","0","0","0","0","0","0","0","0","0","0","0","0","0","0","0","0","20"
"0x7f34975b18f0","      FMUL2 R88, R88.F32x2.HI_LO, R106.F32","28","14","28","943800","30201600","30201600","32","32","0","0","0","-","-","-","0","0","0","0","0","0","0","0","-","0","0","0","0","0","0","0","0","0","0","0","0","0","0","0","0","0","0","14","0","0","0","14","0","0","0","0","0","0","0","0","0","0","0","0","0","0","0","0","14"
"0x7f34975b1900","      FMUL2 R90, R90.F32x2.HI_LO, R106.F32","39","23","39","943800","30201600","30201600","32","32","0","0","0","-","-","-","0","0","0","0","0","0","0","0","-","0","0","0","0","0","0","0","0","0","0","0","0","0","0","0","0","0","0","16","0","0","0","23","0","0","0","0","0","0","0","0","0","0","0","0","0","0","0","0","23"
"0x7f34975b1910","      FMUL2 R92, R92.F32x2.HI_LO, R106.F32","43","18","43","943800","30201600","30201600","32","32","0","0","0","-","-","-","0","0","0","0","0","0","0","0","-","0","0","0","0","0","0","0","0","0","0","0","0","0","0","0","0","0","0","25","0","0","0","18","0","0","0","0","0","0","0","0","0","0","0","0","0","0","0","0","18"
"0x7f34975b1920","      FMUL2 R94, R94.F32x2.HI_LO, R106.F32","35","18","35","943800","30201600","30201600","32","32","0","0","0","-","-","-","0","0","0","0","0","0","0","0","-","0","0","0","0","0","0","0","0","0","0","0","0","0","0","0","0","0","0","17","0","0","0","18","0","0","0","0","0","0","0","0","0","0","0","0","0","0","0","0","18"
"0x7f34975b1930","      FMUL2 R96, R96.F32x2.HI_LO, R106.F32","44","18","44","943800","30201600","30201600","32","32","0","0","0","-","-","-","0","0","0","0","0","0","0","0","-","0","0","0","0","0","0","0","0","0","0","0","0","0","0","0","0","0","0","26","0","0","0","18","0","0","0","0","0","0","0","0","0","0","0","0","0","0","0","0","18"
"0x7f34975b1940","      FMUL2 R98, R98.F32x2.HI_LO, R106.F32","30","14","30","943800","30201600","30201600","32","32","0","0","0","-","-","-","0","0","0","0","0","0","0","0","-","0","0","0","0","0","0","0","0","0","0","0","0","0","0","0","0","0","0","16","0","0","0","14","0","0","0","0","0","0","0","0","0","0","0","0","0","0","0","0","14"
"0x7f34975b1950","      STTM.x32 tmem[UR6+0x20], R68","80","33","80","943800","30201600","30201600","32","32","0","0","0","Tmem","Store","-","0","0","0","0","0","0","0","0","-","0","0","0","0","0","0","0","0","0","0","0","0","0","0","0","0","0","14","21","0","0","0","45","0","0","0","0","0","0","0","0","0","0","0","0","0","0","0","0","33"
"0x7f34975b1960","      LDTM.x32 R36, tmem[UR5+0x40]","20","0","20","943800","30201600","30201600","32","32","0","0","0","Tmem","Load","-","0","0","0","0","0","0","0","0","-","0","0","0","0","0","0","0","0","0","0","0","0","0","0","0","0","0","0","20","0","0","0","0","0","0","0","0","0","0","0","0","0","0","0","0","0","0","0","0","0"
"0x7f34975b1970","      LDTM.x32 R4, tmem[UR5+0x60]","12","0","12","943800","30201600","30201600","32","32","0","0","0","Tmem","Load","-","0","0","0","0","0","0","0","0","-","0","0","0","0","0","0","0","0","0","0","0","0","0","0","0","0","0","0","12","0","0","0","0","0","0","0","0","0","0","0","0","0","0","0","0","0","0","0","0","0"
"0x7f34975b1980","      NOP","17","0","17","943800","30201600","30201600","32","32","0","0","0","-","-","-","0","0","0","0","0","0","0","0","-","0","0","0","0","0","0","0","0","0","0","0","0","0","0","0","0","0","0","17","0","0","0","0","0","0","0","0","0","0","0","0","0","0","0","0","0","0","0","0","0"
"0x7f34975b1990","      FMUL2 R36, R36.F32x2.HI_LO, R106.F32","1598","488","1598","943800","30201600","30201600","32","32","0","0","0","-","-","-","0","0","0","0","0","0","0","0","-","0","0","0","0","0","0","0","0","0","0","0","0","145","0","0","0","0","140","14","1299","0","0","0","0","0","0","0","0","0","145","0","0","0","0","0","0","343","0","0","0"
"0x7f34975b19a0","      FMUL2 R38, R38.F32x2.HI_LO, R106.F32","33","18","33","943800","30201600","30201600","32","32","0","0","0","-","-","-","0","0","0","0","0","0","0","0","-","0","0","0","0","0","0","0","0","0","0","0","0","0","0","0","0","0","0","15","0","0","0","18","0","0","0","0","0","0","0","0","0","0","0","0","0","0","0","0","18"
"0x7f34975b19b0","      FMUL2 R40, R40.F32x2.HI_LO, R106.F32","68","1","68","943800","30201600","30201600","32","32","0","0","0","-","-","-","0","0","0","0","0","0","0","0","-","0","0","0","0","0","0","0","0","1","0","0","0","0","0","0","0","0","33","16","0","0","0","18","0","0","1","0","0","0","0","0","0","0","0","0","0","0","0","0","0"
"0x7f34975b19c0","      FMUL2 R42, R42.F32x2.HI_LO, R106.F32","35","20","35","943800","30201600","30201600","32","32","0","0","0","-","-","-","0","0","0","0","0","0","0","0","-","0","0","0","0","0","0","0","0","0","0","0","0","0","0","0","0","0","0","13","0","0","0","22","0","0","0","0","0","0","0","0","0","0","0","0","0","0","0","0","20"
"0x7f34975b19d0","      FMUL2 R44, R44.F32x2.HI_LO, R106.F32","34","21","34","943800","30201600","30201600","32","32","0","0","0","-","-","-","0","0","0","0","0","0","0","0","-","0","0","0","0","0","0","0","0","0","0","0","0","0","0","0","0","0","0","13","0","0","0","21","0","0","0","0","0","0","0","0","0","0","0","0","0","0","0","0","21"
"0x7f34975b19e0","      FMUL2 R46, R46.F32x2.HI_LO, R106.F32","31","17","31","943800","30201600","30201600","32","32","0","0","0","-","-","-","0","0","0","0","0","0","0","0","-","0","0","0","0","0","0","0","0","0","0","0","0","0","0","0","0","0","0","13","0","0","0","18","0","0","0","0","0","0","0","0","0","0","0","0","0","0","0","0","17"
"0x7f34975b19f0","      FMUL2 R48, R48.F32x2.HI_LO, R106.F32","514","11","514","943800","30201600","30201600","32","32","0","0","0","-","-","-","0","0","0","0","0","0","0","0","-","0","0","0","0","0","0","0","0","0","0","0","0","0","0","0","0","0","0","10","0","0","0","504","0","0","0","0","0","0","0","0","0","0","0","0","0","0","0","0","11"
"0x7f34975b1a00","      FMUL2 R50, R50.F32x2.HI_LO, R106.F32","26","13","26","943800","30201600","30201600","32","32","0","0","0","-","-","-","0","0","0","0","0","0","0","0","-","0","0","0","0","0","0","0","0","0","0","0","0","0","0","0","0","0","0","13","0","0","0","13","0","0","0","0","0","0","0","0","0","0","0","0","0","0","0","0","13"
"0x7f34975b1a10","      FMUL2 R52, R52.F32x2.HI_LO, R106.F32","43","7","43","943800","30201600","30201600","32","32","0","0","0","-","-","-","0","0","0","0","0","0","0","0","-","0","0","0","0","0","0","0","0","0","0","0","0","0","0","0","0","0","10","19","0","0","0","14","0","0","0","0","0","0","0","0","0","0","0","0","0","0","0","0","7"
"0x7f34975b1a20","      FMUL2 R54, R54.F32x2.HI_LO, R106.F32","47","25","47","943800","30201600","30201600","32","32","0","0","0","-","-","-","0","0","0","0","0","0","0","0","-","0","0","0","0","0","0","0","0","0","0","0","0","1","0","0","0","0","0","21","0","0","0","25","0","0","0","0","0","0","0","0","0","0","0","0","0","0","0","0","25"
"0x7f34975b1a30","      FMUL2 R56, R56.F32x2.HI_LO, R106.F32","30","18","30","943800","30201600","30201600","32","32","0","0","0","-","-","-","0","0","0","0","0","0","0","0","-","0","0","0","0","0","0","0","0","0","0","0","0","0","0","0","0","0","0","12","0","0","0","18","0","0","0","0","0","0","0","0","0","0","0","0","0","0","0","0","18"
"0x7f34975b1a40","      FMUL2 R58, R58.F32x2.HI_LO, R106.F32","31","11","31","943800","30201600","30201600","32","32","0","0","0","-","-","-","0","0","0","0","0","0","0","0","-","0","0","0","0","0","0","0","0","0","0","0","0","0","0","0","0","0","0","20","0","0","0","11","0","0","0","0","0","0","0","0","0","0","0","0","0","0","0","0","11"
"0x7f34975b1a50","      FMUL2 R60, R60.F32x2.HI_LO, R106.F32","104","28","104","943800","30201600","30201600","32","32","0","0","0","-","-","-","0","0","0","0","0","0","0","0","-","0","0","0","0","0","0","0","0","0","0","0","0","36","0","0","0","0","28","14","0","0","0","26","0","0","0","0","0","0","13","0","0","0","0","0","0","0","0","0","15"
"0x7f34975b1a60","      FMUL2 R62, R62.F32x2.HI_LO, R106.F32","37","14","37","943800","30201600","30201600","32","32","0","0","0","-","-","-","0","0","0","0","0","0","0","0","-","0","0","0","0","0","0","0","0","0","0","0","0","1","0","0","0","0","2","20","0","0","0","14","0","0","0","0","0","0","0","0","0","0","0","0","0","0","0","0","14"
"0x7f34975b1a70","      FMUL2 R64, R64.F32x2.HI_LO, R106.F32","25","11","25","943800","30201600","30201600","32","32","0","0","0","-","-","-","0","0","0","0","0","0","0","0","-","0","0","0","0","0","0","0","0","0","0","0","0","0","0","0","0","0","0","14","0","0","0","11","0","0","0","0","0","0","0","0","0","0","0","0","0","0","0","0","11"
"0x7f34975b1a80","      FMUL2 R66, R66.F32x2.HI_LO, R106.F32","36","19","36","943800","30201600","30201600","32","32","0","0","0","-","-","-","0","0","0","0","0","0","0","0","-","0","0","0","0","0","0","0","0","0","0","0","0","0","0","0","0","0","0","17","0","0","0","19","0","0","0","0","0","0","0","0","0","0","0","0","0","0","0","0","19"
"0x7f34975b1a90","      FMUL2 R4, R4.F32x2.HI_LO, R106.F32","39","19","39","943800","30201600","30201600","32","32","0","0","0","-","-","-","0","0","0","0","0","0","0","0","-","0","0","0","0","0","0","0","0","0","0","0","0","0","0","0","0","0","0","20","0","0","0","19","0","0","0","0","0","0","0","0","0","0","0","0","0","0","0","0","19"
"0x7f34975b1aa0","      FMUL2 R6, R6.F32x2.HI_LO, R106.F32","27","19","27","943800","30201600","30201600","32","32","0","0","0","-","-","-","0","0","0","0","0","0","0","0","-","0","0","0","0","0","0","0","0","0","0","0","0","0","0","0","0","0","0","8","0","0","0","19","0","0","0","0","0","0","0","0","0","0","0","0","0","0","0","0","19"
"0x7f34975b1ab0","      STTM.x32 tmem[UR6+0x40], R36","14","0","14","943800","30201600","30201600","32","32","0","0","0","Tmem","Store","-","0","0","0","0","0","0","0","0","-","0","0","0","0","0","0","0","0","0","0","0","0","0","0","0","0","0","0","14","0","0","0","0","0","0","0","0","0","0","0","0","0","0","0","0","0","0","0","0","0"
"0x7f34975b1ac0","      FMUL2 R8, R8.F32x2.HI_LO, R106.F32","15","0","15","943800","30201600","30201600","32","32","0","0","0","-","-","-","0","0","0","0","0","0","0","0","-","0","0","0","0","0","0","0","0","0","0","0","0","0","0","0","0","0","0","15","0","0","0","0","0","0","0","0","0","0","0","0","0","0","0","0","0","0","0","0","0"
"0x7f34975b1ad0","      FMUL2 R10, R10.F32x2.HI_LO, R106.F32","30","12","30","943800","30201600","30201600","32","32","0","0","0","-","-","-","0","0","0","0","0","0","0","0","-","0","0","0","0","0","0","0","0","0","0","0","0","0","0","0","0","0","0","18","0","0","0","12","0","0","0","0","0","0","0","0","0","0","0","0","0","0","0","0","12"
"0x7f34975b1ae0","      FMUL2 R12, R12.F32x2.HI_LO, R106.F32","28","14","28","943800","30201600","30201600","32","32","0","0","0","-","-","-","0","0","0","0","0","0","0","0","-","0","0","0","0","0","0","0","0","0","0","0","0","0","0","0","0","0","0","14","0","0","0","14","0","0","0","0","0","0","0","0","0","0","0","0","0","0","0","0","14"
"0x7f34975b1af0","      FMUL2 R14, R14.F32x2.HI_LO, R106.F32","36","22","36","943800","30201600","30201600","32","32","0","0","0","-","-","-","0","0","0","0","0","0","0","0","-","0","0","0","0","0","0","0","0","0","0","0","0","0","0","0","0","0","0","14","0","0","0","22","0","0","0","0","0","0","0","0","0","0","0","0","0","0","0","0","22"
"0x7f34975b1b00","      FMUL2 R16, R16.F32x2.HI_LO, R106.F32","36","22","36","943800","30201600","30201600","32","32","0","0","0","-","-","-","0","0","0","0","0","0","0","0","-","0","0","0","0","0","0","0","0","0","0","0","0","0","0","0","0","0","0","14","0","0","0","22","0","0","0","0","0","0","0","0","0","0","0","0","0","0","0","0","22"
"0x7f34975b1b10","      FMUL2 R18, R18.F32x2.HI_LO, R106.F32","148","22","148","943800","30201600","30201600","32","32","0","0","0","-","-","-","0","0","0","0","0","0","0","0","-","0","0","0","0","0","0","0","0","0","0","0","0","0","0","0","0","0","0","19","0","0","0","129","0","0","0","0","0","0","0","0","0","0","0","0","0","0","0","0","22"
"0x7f34975b1b20","      FMUL2 R20, R20.F32x2.HI_LO, R106.F32","39","18","39","943800","30201600","30201600","32","32","0","0","0","-","-","-","0","0","0","0","0","0","0","0","-","0","0","0","0","0","0","0","0","0","0","0","0","0","0","0","0","0","0","21","0","0","0","18","0","0","0","0","0","0","0","0","0","0","0","0","0","0","0","0","18"
"0x7f34975b1b30","      FMUL2 R22, R22.F32x2.HI_LO, R106.F32","26","8","26","943800","30201600","30201600","32","32","0","0","0","-","-","-","0","0","0","0","0","0","0","0","-","0","0","0","0","0","0","0","0","0","0","0","0","0","0","0","0","0","0","18","0","0","0","8","0","0","0","0","0","0","0","0","0","0","0","0","0","0","0","0","8"
"0x7f34975b1b40","      FMUL2 R24, R24.F32x2.HI_LO, R106.F32","36","17","36","943800","30201600","30201600","32","32","0","0","0","-","-","-","0","0","0","0","0","0","0","0","-","0","0","0","0","0","0","0","0","0","0","0","0","0","0","0","0","0","0","19","0","0","0","17","0","0","0","0","0","0","0","0","0","0","0","0","0","0","0","0","17"
"0x7f34975b1b50","      FMUL2 R26, R26.F32x2.HI_LO, R106.F32","44","24","44","943800","30201600","30201600","32","32","0","0","0","-","-","-","0","0","0","0","0","0","0","0","-","0","0","0","0","0","0","0","0","0","0","0","0","0","0","0","0","0","0","20","0","0","0","24","0","0","0","0","0","0","0","0","0","0","0","0","0","0","0","0","24"
"0x7f34975b1b60","      FMUL2 R28, R28.F32x2.HI_LO, R106.F32","36","19","36","943800","30201600","30201600","32","32","0","0","0","-","-","-","0","0","0","0","0","0","0","0","-","0","0","0","0","0","0","0","0","0","0","0","0","0","0","0","0","0","0","17","0","0","0","19","0","0","0","0","0","0","0","0","0","0","0","0","0","0","0","0","19"
"0x7f34975b1b70","      FMUL2 R30, R30.F32x2.HI_LO, R106.F32","43","20","43","943800","30201600","30201600","32","32","0","0","0","-","-","-","0","0","0","0","0","0","0","0","-","0","0","0","0","0","0","0","0","0","0","0","0","0","0","0","0","0","0","23","0","0","0","20","0","0","0","0","0","0","0","0","0","0","0","0","0","0","0","0","20"
"0x7f34975b1b80","      FMUL2 R32, R32.F32x2.HI_LO, R106.F32","37","15","37","943800","30201600","30201600","32","32","0","0","0","-","-","-","0","0","0","0","0","0","0","0","-","0","0","0","0","0","0","0","0","0","0","0","0","0","0","0","0","0","0","22","0","0","0","15","0","0","0","0","0","0","0","0","0","0","0","0","0","0","0","0","15"
"0x7f34975b1b90","      FMUL2 R34, R34.F32x2.HI_LO, R106.F32","33","16","33","943800","30201600","30201600","32","32","0","0","0","-","-","-","0","0","0","0","0","0","0","0","-","0","0","0","0","0","0","0","0","0","0","0","0","0","0","0","0","0","0","17","0","0","0","16","0","0","0","0","0","0","0","0","0","0","0","0","0","0","0","0","16"
"0x7f34975b1ba0","      STTM.x32 tmem[UR5+0x60], R4","75","31","75","943800","30201600","30201600","32","32","0","0","0","Tmem","Store","-","0","0","0","0","0","0","0","0","-","0","0","0","0","0","0","0","0","0","0","0","0","0","0","0","0","0","9","13","0","0","0","53","0","0","0","0","0","0","0","0","0","0","0","0","0","0","0","0","31"
"0x7f34975b1bb0","      FENCE.VIEW.ASYNC.T","10","0","10","943800","30201600","30201600","32","32","0","0","0","-","-","-","0","0","0","0","0","0","0","0","-","0","0","0","0","0","0","0","0","0","0","0","0","0","0","0","0","0","0","10","0","0","0","0","0","0","0","0","0","0","0","0","0","0","0","0","0","0","0","0","0"
"0x7f34975b1bc0","      NOP","672","274","672","1048576","33554432","33554432","32","32","0","0","0","-","-","-","0","0","0","0","0","0","0","0","-","0","0","0","0","0","0","0","8","0","0","0","0","0","0","0","0","31","8","20","584","0","0","21","0","4","0","0","0","0","0","0","0","0","27","0","0","243","0","0","0"
"0x7f34975b1bd0","      MEMBAR.ALL.CTA","21","0","21","1048576","33554432","33554432","32","32","0","0","0","-","-","-","0","0","0","0","0","0","0","0","-","0","0","0","0","0","0","0","0","0","0","0","0","0","0","0","0","0","0","21","0","0","0","0","0","0","0","0","0","0","0","0","0","0","0","0","0","0","0","0","0"
"0x7f34975b1be0","      FENCE.VIEW.ASYNC.S","178","120","178","1048576","33554432","33554432","32","32","0","0","0","-","-","-","0","0","0","0","0","0","0","0","-","0","0","0","0","0","0","0","0","0","0","0","64","0","0","0","0","0","2","18","0","0","0","94","0","0","0","0","0","48","0","0","0","0","0","0","0","0","0","0","72"
"0x7f34975b1bf0","      FADD R103, R104, R103","18","0","18","1048576","33554432","33554432","32","32","0","0","0","-","-","-","0","0","0","0","0","0","0","0","-","0","0","0","0","0","0","0","0","0","0","0","0","0","0","0","0","0","0","18","0","0","0","0","0","0","0","0","0","0","0","0","0","0","0","0","0","0","0","0","0"
"0x7f34975b1c00","      FADD R101, R102, R101","19","0","19","1048576","33554432","33554432","32","32","0","0","0","-","-","-","0","0","0","0","0","0","0","0","-","0","0","0","0","0","0","0","0","0","0","0","0","0","0","0","0","1","0","18","0","0","0","0","0","0","0","0","0","0","0","0","0","0","0","0","0","0","0","0","0"
"0x7f34975b1c10","      FADD R100, R100, R3","14","0","14","1048576","33554432","33554432","32","32","0","0","0","-","-","-","0","0","0","0","0","0","0","0","-","0","0","0","0","0","0","0","0","0","0","0","0","0","0","0","0","0","0","14","0","0","0","0","0","0","0","0","0","0","0","0","0","0","0","0","0","0","0","0","0"
"0x7f34975b1c20","      ISETP.NE.U32.AND P0, PT, R107, RZ, PT","17","0","17","1048576","33554432","33554432","32","32","0","0","0","-","-","-","0","0","0","0","0","0","0","0","-","0","0","0","0","0","0","0","0","0","0","0","0","0","0","0","0","0","0","17","0","0","0","0","0","0","0","0","0","0","0","0","0","0","0","0","0","0","0","0","0"
"0x7f34975b1c30","      FADD R0, R0, R103","24","0","24","1048576","33554432","33554432","32","32","0","0","0","-","-","-","0","0","0","0","0","0","0","0","-","0","0","0","0","0","0","0","0","0","0","0","0","0","0","0","0","0","0","24","0","0","0","0","0","0","0","0","0","0","0","0","0","0","0","0","0","0","0","0","0"
"0x7f34975b1c40","      FADD R101, R101, R100","32","15","32","1048576","33554432","33554432","32","32","0","0","0","-","-","-","0","0","0","0","0","0","0","0","-","0","0","0","0","0","0","0","0","0","0","0","0","0","0","0","0","0","3","13","0","0","0","16","0","0","0","0","0","0","0","0","0","0","0","0","0","0","0","0","15"
"0x7f34975b1c50","      FADD R0, R0, R101","550","198","550","1048576","33554432","33554432","32","32","0","0","0","-","-","-","0","0","0","0","0","0","0","0","-","0","0","0","0","0","0","0","0","0","0","0","0","300","0","0","0","0","173","18","0","0","0","59","0","0","0","0","0","0","151","0","0","0","0","0","0","0","0","0","47"
"0x7f34975b1c60","      FFMA R105, R105, R106, R0","64","25","64","1048576","33554432","33554432","32","32","0","0","0","-","-","-","0","0","0","0","0","0","0","0","-","0","0","0","0","0","0","0","0","0","0","0","0","0","0","0","0","0","0","17","0","0","0","47","0","0","0","0","0","0","0","0","0","0","0","0","0","0","0","0","25"
"0x7f34975b1c70","      SYNCS.ARRIVE.TRANS64.A1T0 RZ, [UR4+0x2f930], RZ","112","91","112","1048576","33554432","33554432","32","32","0","0","0","-","-","-","0","0","0","0","0","0","0","0","-","0","0","0","0","0","0","0","0","0","0","0","99","0","0","0","0","0","0","13","0","0","0","0","0","0","0","0","0","91","0","0","0","0","0","0","0","0","0","0","0"
"0x7f34975b1c80","      SYNCS.PHASECHK.TRANS64.TRYWAIT P1, [UR4+0x2f928], R110","17","0","17","1048576","33554432","33554432","32","32","0","0","0","-","-","-","0","0","0","0","0","0","0","0","-","0","0","0","0","0","0","0","0","0","0","0","0","0","0","0","0","0","0","17","0","0","0","0","0","0","0","0","0","0","0","0","0","0","0","0","0","0","0","0","0"
"0x7f34975b1c90","@!P1  BRA 0x7f34975b2f50","16889","16258","16889","1048576","33554432","33554432","32","32","0","0","0","-","-","-","0","0","0","0","0","0","0","0","-","0","0","0","0","0","0","0","0","0","0","0","16824","0","0","0","0","0","31","20","0","0","0","14","0","0","0","0","0","16244","0","0","0","0","0","0","0","0","0","0","14"
"0x7f34975b1ca0","      IADD3 R0, PT, PT, R116, 0x1, RZ","126","68","126","1048576","33554432","33554432","32","32","0","0","0","-","-","-","0","0","0","0","0","0","0","0","-","0","0","0","0","0","0","0","0","0","0","0","0","10","0","0","0","0","2","20","0","0","0","94","0","0","0","0","0","0","9","0","0","0","0","0","0","0","0","0","59"
"0x7f34975b1cb0","      VIADD R115, R115, 0x1","18","0","18","1048576","33554432","33554432","32","32","0","0","0","-","-","-","0","0","0","0","0","0","0","0","-","0","0","0","0","0","0","0","0","0","0","0","0","0","0","0","0","0","0","18","0","0","0","0","0","0","0","0","0","0","0","0","0","0","0","0","0","0","0","0","0"
"0x7f34975b1cc0","      IADD3 R114, PT, PT, R114, 0x1, RZ","23","0","23","1048576","33554432","33554432","32","32","0","0","0","-","-","-","0","0","0","0","0","0","0","0","-","0","0","0","0","0","0","0","0","0","0","0","0","0","0","0","0","0","0","23","0","0","0","0","0","0","0","0","0","0","0","0","0","0","0","0","0","0","0","0","0"
"0x7f34975b1cd0","      NOP","22","0","22","1048576","33554432","33554432","32","32","0","0","0","-","-","-","0","0","0","0","0","0","0","0","-","0","0","0","0","0","0","0","0","0","0","0","0","0","0","0","0","0","0","22","0","0","0","0","0","0","0","0","0","0","0","0","0","0","0","0","0","0","0","0","0"
"0x7f34975b1ce0","      NOP","21","0","21","1048576","33554432","33554432","32","32","0","0","0","-","-","-","0","0","0","0","0","0","0","0","-","0","0","0","0","0","0","0","0","0","0","0","0","0","0","0","0","0","0","21","0","0","0","0","0","0","0","0","0","0","0","0","0","0","0","0","0","0","0","0","0"
"0x7f34975b1cf0","@!P0  SYNCS.ARRIVE.TRANS64.A1T0 RZ, [R113+UR4+0x2f958], RZ","13","0","13","1048576","33554432","131072","32","0","32","32","0","-","-","-","0","0","0","0","0","0","0","0","-","0","0","0","0","0","0","0","0","0","0","0","0","0","0","0","0","0","0","13","0","0","0","0","0","0","0","0","0","0","0","0","0","0","0","0","0","0","0","0","0"
"0x7f34975b1d00","      ISETP.NE.U32.AND P1, PT, R115, 0x2, PT","27","0","27","1048576","33554432","33554432","32","32","32","0","0","-","-","-","0","0","0","0","0","0","0","0","-","0","0","0","0","0","0","0","0","0","0","0","0","0","0","0","0","0","0","27","0","0","0","0","0","0","0","0","0","0","0","0","0","0","0","0","0","0","0","0","0"
"0x7f34975b1d10","      VIADD R117, R117, 0x1","18","0","18","1048576","33554432","33554432","32","32","0","0","0","-","-","-","0","0","0","0","0","0","0","0","-","0","0","0","0","0","0","0","0","0","0","0","0","0","0","0","0","0","0","18","0","0","0","0","0","0","0","0","0","0","0","0","0","0","0","0","0","0","0","0","0"
"0x7f34975b1d20","      IMAD.MOV.U32 R37, RZ, RZ, R2","43","8","43","1048576","33554432","33554432","32","32","0","0","0","-","-","-","0","0","0","0","0","0","0","0","-","0","0","0","0","0","0","0","0","0","0","0","0","1","0","0","0","0","4","20","0","0","0","18","0","0","0","0","0","0","0","0","0","0","0","0","0","0","0","0","8"
"0x7f34975b1d30","      SEL R115, R115, RZ, P1","18","0","18","1048576","33554432","33554432","32","32","0","0","0","-","-","-","0","0","0","0","0","0","0","0","-","0","0","0","0","0","0","0","0","0","0","0","0","0","0","0","0","0","0","18","0","0","0","0","0","0","0","0","0","0","0","0","0","0","0","0","0","0","0","0","0"
"0x7f34975b1d40","      ISETP.NE.U32.AND P0, PT, R117, RZ, PT","43","10","43","1048576","33554432","33554432","32","32","0","0","0","-","-","-","0","0","0","0","0","0","0","0","-","0","0","0","0","0","0","0","0","0","0","0","0","3","0","0","0","0","0","21","0","0","0","19","0","0","0","0","0","0","3","0","0","0","0","0","0","0","0","0","7"
"0x7f34975b1d50","@P1   IMAD.MOV R0, RZ, RZ, R116","217","55","217","1048576","33554432","16777216","32","16","16","16","0","-","-","-","0","0","0","0","0","0","0","0","-","0","0","0","0","0","0","0","0","3","0","0","0","19","0","0","0","0","41","23","0","0","0","131","0","0","0","0","0","0","4","0","0","0","0","0","0","0","0","0","51"
"0x7f34975b1d60","      MOV R116, R0","86","49","86","1048576","33554432","33554432","32","32","16","0","0","-","-","-","0","0","0","0","0","0","0","0","-","0","0","0","0","0","0","0","0","0","0","0","0","1","0","0","0","0","4","14","0","0","0","67","0","0","0","0","0","0","1","0","0","0","0","0","0","0","0","0","48"
"0x7f34975b1d70","@P0   BRA 0x7f34975b0960","19","0","19","1048576","33554432","31457280","32","30","2","2","0","-","-","-","0","0","0","0","0","0","0","0","-","0","0","0","0","0","0","0","0","0","0","0","0","0","0","0","0","0","0","19","0","0","0","0","0","0","0","0","0","0","0","0","0","0","0","0","0","0","0","0","0"
"0x7f34975b1d80","      IMAD.IADD R0, R120, 0x1, R119","89","62","89","65536","2097152","2097152","32","32","2","0","0","-","-","-","0","0","0","0","0","0","0","0","-","0","0","0","0","0","0","0","0","0","0","0","0","0","0","0","0","0","0","12","0","0","0","77","0","0","0","0","0","0","0","0","0","0","0","0","0","0","0","0","62"
"0x7f34975b1d90","      ISETP.GT.U32.AND P0, PT, R107, 0x3f, PT","2","0","2","65536","2097152","2097152","32","32","0","0","0","-","-","-","0","0","0","0","0","0","0","0","-","0","0","0","0","0","0","0","0","0","0","0","0","0","0","0","0","0","0","2","0","0","0","0","0","0","0","0","0","0","0","0","0","0","0","0","0","0","0","0","0"
"0x7f34975b1da0","      LEA R0, R0, UR4, 0x2","9","0","9","65536","2097152","2097152","32","32","0","0","0","-","-","-","0","0","0","0","0","0","0","0","-","0","0","0","0","0","0","0","0","0","0","0","0","1","0","0","0","0","0","1","0","0","0","7","0","0","0","0","0","0","0","0","0","0","0","0","0","0","0","0","0"
"0x7f34975b1db0","      STS [R0+0x2f100], R105","6","5","6","65536","2097152","2097152","32","32","0","0","0","Shared","Store","32","0","1","0","65536","65536","0","0","0","-","0","0","0","0","0","0","0","0","0","0","0","0","0","0","0","0","0","0","1","0","0","0","5","0","0","0","0","0","0","0","0","0","0","0","0","0","0","0","0","5"
"0x7f34975b1dc0","      NOP","1","0","1","65536","2097152","2097152","32","32","0","0","0","-","-","-","0","0","0","0","0","0","0","0","-","0","0","0","0","0","0","0","0","0","0","0","0","0","0","0","0","0","0","1","0","0","0","0","0","0","0","0","0","0","0","0","0","0","0","0","0","0","0","0","0"
"0x7f34975b1dd0","      BAR.SYNC.DEFER_BLOCKING 0x1, 0x100","3","0","3","65536","2097152","2097152","32","32","0","0","0","-","-","-","0","0","0","0","0","0","0","0","-","0","0","0","0","0","0","0","0","0","0","0","0","0","0","0","0","0","0","3","0","0","0","0","0","0","0","0","0","0","0","0","0","0","0","0","0","0","0","0","0"
"0x7f34975b1de0","      NOP","35","27","35","65536","2097152","2097152","32","32","0","0","0","-","-","-","0","0","0","0","0","0","0","0","-","0","0","0","0","0","0","25","0","0","0","0","0","0","0","0","0","0","4","0","0","0","0","6","22","0","0","0","0","0","0","0","0","0","0","0","0","0","0","0","5"
"0x7f34975b1df0","@P0   BRA 0x7f34975b1f80","1","0","1","65536","2097152","1572864","32","24","8","8","0","-","-","-","0","0","0","0","0","0","0","0","-","0","0","0","0","0","0","0","0","0","0","0","0","0","0","0","0","0","0","1","0","0","0","0","0","0","0","0","0","0","0","0","0","0","0","0","0","0","0","0","0"
"0x7f34975b1e00","      SHF.L.U32 R0, R107, 0x2, RZ","12","8","12","16384","524288","524288","32","32","8","0","0","-","-","-","0","0","0","0","0","0","0","0","-","0","0","0","0","0","0","0","0","0","0","0","0","0","0","0","0","0","0","4","0","0","0","8","0","0","0","0","0","0","0","0","0","0","0","0","0","0","0","0","8"
"0x7f34975b1e10","      BSSY.RECONVERGENT B1, 0x7f34975b1f70","0","0","0","16384","524288","524288","32","32","0","0","0","-","-","-","0","0","0","0","0","0","0","0","-","0","0","0","0","0","0","0","0","0","0","0","0","0","0","0","0","0","0","0","0","0","0","0","0","0","0","0","0","0","0","0","0","0","0","0","0","0","0","0","0"
"0x7f34975b1e20","      LOP3.LUT R0, R0, 0xfc, RZ, 0xc0, !PT","0","0","0","16384","524288","524288","32","32","0","0","0","-","-","-","0","0","0","0","0","0","0","0","-","0","0","0","0","0","0","0","0","0","0","0","0","0","0","0","0","0","0","0","0","0","0","0","0","0","0","0","0","0","0","0","0","0","0","0","0","0","0","0","0"
"0x7f34975b1e30","      LDS R5, [R0+UR4+0x2f100]","0","0","0","16384","524288","524288","32","32","0","0","0","Shared","Load","32","0","1","0","16384","16384","0","0","0","-","0","0","0","0","0","0","0","0","0","0","0","0","0","0","0","0","0","0","0","0","0","0","0","0","0","0","0","0","0","0","0","0","0","0","0","0","0","0","0","0"
"0x7f34975b1e40","      LDS R4, [R0+UR4+0x2f200]","0","0","0","16384","524288","524288","32","32","0","0","0","Shared","Load","32","0","1","0","16384","16384","0","0","0","-","0","0","0","0","0","0","0","0","0","0","0","0","0","0","0","0","0","0","0","0","0","0","0","0","0","0","0","0","0","0","0","0","0","0","0","0","0","0","0","0"
"0x7f34975b1e50","      LDS R3, [R0+UR4+0x2f300]","3","2","3","16384","524288","524288","32","32","0","0","0","Shared","Load","32","0","1","0","16384","16384","0","0","0","-","0","0","0","0","0","0","0","0","0","0","0","0","0","0","0","0","0","0","1","0","0","0","2","0","0","0","0","0","0","0","0","0","0","0","0","0","0","0","0","2"
"0x7f34975b1e60","      LDS R2, [R0+UR4+0x2f400]","0","0","0","16384","524288","524288","32","32","0","0","0","Shared","Load","32","0","1","0","16384","16384","0","0","0","-","0","0","0","0","0","0","0","0","0","0","0","0","0","0","0","0","0","0","0","0","0","0","0","0","0","0","0","0","0","0","0","0","0","0","0","0","0","0","0","0"
"0x7f34975b1e70","      FADD R4, R5, R4","3","2","3","16384","524288","524288","32","32","0","0","0","-","-","-","0","0","0","0","0","0","0","0","-","0","0","0","0","0","0","0","0","0","0","0","0","0","0","0","0","0","0","0","3","0","0","0","0","0","0","0","0","0","0","0","0","0","0","0","0","2","0","0","0"
"0x7f34975b1e80","      FADD R3, R3, R2","3","3","3","16384","524288","524288","32","32","0","0","0","-","-","-","0","0","0","0","0","0","0","0","-","0","0","0","0","0","0","0","0","0","0","0","0","0","0","0","0","0","0","0","3","0","0","0","0","0","0","0","0","0","0","0","0","0","0","0","0","3","0","0","0"
"0x7f34975b1e90","      FADD R9, R4, R3","3","1","3","16384","524288","524288","32","32","0","0","0","-","-","-","0","0","0","0","0","0","0","0","-","0","0","0","0","0","0","0","0","0","0","0","0","0","0","0","0","0","0","2","0","0","0","1","0","0","0","0","0","0","0","0","0","0","0","0","0","0","0","0","1"
"0x7f34975b1ea0","      IADD3 R2, PT, PT, R9, 0x1800000, RZ","3","2","3","16384","524288","524288","32","32","0","0","0","-","-","-","0","0","0","0","0","0","0","0","-","0","0","0","0","0","0","0","0","0","0","0","0","0","0","0","0","0","0","1","0","0","0","2","0","0","0","0","0","0","0","0","0","0","0","0","0","0","0","0","2"
"0x7f34975b1eb0","      LOP3.LUT R2, R2, 0x7f800000, RZ, 0xc0, !PT","3","2","3","16384","524288","524288","32","32","0","0","0","-","-","-","0","0","0","0","0","0","0","0","-","0","0","0","0","0","0","0","0","0","0","0","0","0","0","0","0","0","0","1","0","0","0","2","0","0","0","0","0","0","0","0","0","0","0","0","0","0","0","0","2"
"0x7f34975b1ec0","      ISETP.GT.U32.AND P0, PT, R2, 0x1ffffff, PT","4","4","4","16384","524288","524288","32","32","0","0","0","-","-","-","0","0","0","0","0","0","0","0","-","0","0","0","0","0","0","0","0","0","0","0","0","0","0","0","0","0","0","0","0","0","0","4","0","0","0","0","0","0","0","0","0","0","0","0","0","0","0","0","4"
"0x7f34975b1ed0","@P0   BRA 0x7f34975b1f10","9","7","9","16384","524288","524288","32","32","0","0","0","-","-","-","0","0","0","0","0","0","0","0","-","0","0","0","0","0","0","0","0","0","0","0","0","0","0","0","0","0","0","2","0","0","0","7","0","0","0","0","0","0","0","0","0","0","0","0","0","0","0","0","7"
"0x7f34975b1ee0","      MOV R4, 0x4580","4","3","4","0","0","0","0","0","32","32","0","-","-","-","0","0","0","0","0","0","0","0","-","0","0","0","0","0","0","0","0","0","0","0","0","0","0","0","0","0","0","1","0","0","0","3","0","0","0","0","0","0","0","0","0","0","0","0","0","0","0","0","3"
"0x7f34975b1ef0","      CALL.REL.NOINC 0x7f34975b3000","0","0","0","0","0","0","0","0","0","32","0","-","-","-","0","0","0","0","0","0","0","0","-","0","0","0","0","0","0","0","0","0","0","0","0","0","0","0","0","0","0","0","0","0","0","0","0","0","0","0","0","0","0","0","0","0","0","0","0","0","0","0","0"
"0x7f34975b1f00","      BRA 0x7f34975b1f50","0","0","0","0","0","0","0","0","0","32","0","-","-","-","0","0","0","0","0","0","0","0","-","0","0","0","0","0","0","0","0","0","0","0","0","0","0","0","0","0","0","0","0","0","0","0","0","0","0","0","0","0","0","0","0","0","0","0","0","0","0","0","0"
"0x7f34975b1f10","      MUFU.RCP R2, R9","2","2","2","16384","524288","524288","32","32","32","0","0","-","-","-","0","0","0","0","0","0","0","0","-","0","0","0","0","0","0","0","0","0","0","0","0","0","0","0","0","2","0","0","0","0","0","0","0","0","0","0","0","0","0","0","0","0","2","0","0","0","0","0","0"
"0x7f34975b1f20","      FFMA R3, R9, R2, -1","10","9","10","16384","524288","524288","32","32","0","0","0","-","-","-","0","0","0","0","0","0","0","0","-","0","0","0","0","0","0","0","0","0","0","0","0","0","0","0","0","0","0","1","8","0","0","1","0","0","0","0","0","0","0","0","0","0","0","0","0","8","0","0","1"
"0x7f34975b1f30","      FADD.FTZ R3, -RZ, -R3","3","3","3","16384","524288","524288","32","32","0","0","0","-","-","-","0","0","0","0","0","0","0","0","-","0","0","0","0","0","0","0","0","0","0","0","0","0","0","0","0","0","0","0","0","0","0","3","0","0","0","0","0","0","0","0","0","0","0","0","0","0","0","0","3"
"0x7f34975b1f40","      FFMA R5, R2, R3, R2","2","1","2","16384","524288","524288","32","32","0","0","0","-","-","-","0","0","0","0","0","0","0","0","-","0","0","0","0","0","0","0","0","0","0","0","0","0","0","0","0","0","0","1","0","0","0","1","0","0","0","0","0","0","0","0","0","0","0","0","0","0","0","0","1"
"0x7f34975b1f50","      NOP","1","1","1","16384","524288","524288","32","32","0","0","0","-","-","-","0","0","0","0","0","0","0","0","-","0","0","0","0","0","0","0","0","0","0","0","0","0","0","0","0","0","0","0","0","0","0","1","0","0","0","0","0","0","0","0","0","0","0","0","0","0","0","0","1"
"0x7f34975b1f60","      BSYNC.RECONVERGENT B1","1","0","1","16384","524288","524288","32","32","0","0","0","-","-","-","0","0","0","0","0","0","0","0","-","0","0","0","0","0","0","0","0","0","0","0","0","0","0","0","0","0","0","1","0","0","0","0","0","0","0","0","0","0","0","0","0","0","0","0","0","0","0","0","0"
"0x7f34975b1f70","      STS [R0+UR4+0x2f000], R5","11","10","11","16384","524288","524288","32","32","0","0","0","Shared","Store","32","0","1","0","16384","16384","0","0","0","-","0","0","0","0","0","0","0","6","0","0","0","0","0","0","0","0","0","0","1","0","0","0","4","0","6","0","0","0","0","0","0","0","0","0","0","0","0","0","0","4"
"0x7f34975b1f80","      NOP","28","26","28","65536","2097152","2097152","32","32","0","0","0","-","-","-","0","0","0","0","0","0","0","0","-","0","0","0","0","0","0","0","2","0","0","0","0","0","0","0","0","25","0","1","0","0","0","0","0","2","0","0","0","0","0","0","0","0","24","0","0","0","0","0","0"
"0x7f34975b1f90","      BAR.SYNC.DEFER_BLOCKING 0x1, 0x100","2","0","2","65536","2097152","2097152","32","32","0","0","0","-","-","-","0","0","0","0","0","0","0","0","-","0","0","0","0","0","0","0","0","0","0","0","0","0","0","0","0","0","0","2","0","0","0","0","0","0","0","0","0","0","0","0","0","0","0","0","0","0","0","0","0"
"0x7f34975b1fa0","      IMAD.U32 R2, R107, 0x10000, RZ","3","0","3","65536","2097152","2097152","32","32","0","0","0","-","-","-","0","0","0","0","0","0","0","0","-","0","0","0","0","0","0","0","0","0","0","0","0","0","0","0","0","0","0","3","0","0","0","0","0","0","0","0","0","0","0","0","0","0","0","0","0","0","0","0","0"
"0x7f34975b1fb0","      ISETP.NE.U32.AND P0, PT, RZ, UR39, PT","0","0","0","65536","2097152","2097152","32","32","0","0","0","-","-","-","0","0","0","0","0","0","0","0","-","0","0","0","0","0","0","0","0","0","0","0","0","0","0","0","0","0","0","0","0","0","0","0","0","0","0","0","0","0","0","0","0","0","0","0","0","0","0","0","0"
"0x7f34975b1fc0","      IMAD.SHL.U32 R0, R107, 0x4, RZ","0","0","0","65536","2097152","2097152","32","32","0","0","0","-","-","-","0","0","0","0","0","0","0","0","-","0","0","0","0","0","0","0","0","0","0","0","0","0","0","0","0","0","0","0","0","0","0","0","0","0","0","0","0","0","0","0","0","0","0","0","0","0","0","0","0"
"0x7f34975b1fd0","      LOP3.LUT R2, R2, 0x600000, RZ, 0xc0, !PT","13","6","13","65536","2097152","2097152","32","32","0","0","0","-","-","-","0","0","0","0","0","0","0","0","-","0","0","0","0","0","0","0","0","0","0","0","0","0","0","0","0","0","1","2","0","0","0","10","0","0","0","0","0","0","0","0","0","0","0","0","0","0","0","0","6"
"0x7f34975b1fe0","      LDCU.64 UR8, c[0x0][0x358]","159","156","159","65536","2097152","2097152","32","32","0","0","0","-","-","-","0","0","0","0","0","0","0","0","-","0","0","0","0","0","0","157","0","0","0","0","0","0","0","0","0","0","2","0","0","0","0","0","156","0","0","0","0","0","0","0","0","0","0","0","0","0","0","0","0"
"0x7f34975b1ff0","      LOP3.LUT R0, R0, 0xfc, RZ, 0xc0, !PT","1","0","1","65536","2097152","2097152","32","32","0","0","0","-","-","-","0","0","0","0","0","0","0","0","-","0","0","0","0","0","0","0","0","0","0","0","0","0","0","0","0","0","0","1","0","0","0","0","0","0","0","0","0","0","0","0","0","0","0","0","0","0","0","0","0"
"0x7f34975b2000","      LOP3.LUT R3, R2, 0x180, R107, 0xf8, !PT","9","7","9","65536","2097152","2097152","32","32","0","0","0","-","-","-","0","0","0","0","0","0","0","0","-","0","0","0","0","0","0","0","0","0","0","0","0","4","0","0","0","0","1","1","0","0","0","3","0","0","0","0","0","0","4","0","0","0","0","0","0","0","0","0","3"
"0x7f34975b2010","      S2R R2, SR_CTAID.X","5","2","5","65536","2097152","2097152","32","32","0","0","0","-","-","-","0","0","0","0","0","0","0","0","-","0","0","0","0","0","0","0","0","0","0","0","0","0","0","0","0","0","0","3","0","0","0","2","0","0","0","0","0","0","0","0","0","0","0","0","0","0","0","0","2"
"0x7f34975b2020","      IMAD.IADD R68, R108, 0x1, R3","7","1","7","65536","2097152","2097152","32","32","0","0","0","-","-","-","0","0","0","0","0","0","0","0","-","0","0","0","0","0","0","0","0","0","0","0","0","0","0","0","0","0","1","1","0","0","0","5","0","0","0","0","0","0","0","0","0","0","0","0","0","0","0","0","1"
"0x7f34975b2030","      IMAD.SHL.U32 R3, R107, 0x200, RZ","4","2","4","65536","2097152","2097152","32","32","0","0","0","-","-","-","0","0","0","0","0","0","0","0","-","0","0","0","0","0","0","0","0","0","0","0","0","0","0","0","0","0","0","2","0","0","0","2","0","0","0","0","0","0","0","0","0","0","0","0","0","0","0","0","2"
"0x7f34975b2040","      IMAD.SHL.U32 R107, R107, 0x2, RZ","16","5","16","65536","2097152","2097152","32","32","0","0","0","-","-","-","0","0","0","0","0","0","0","0","-","0","0","0","0","0","0","0","0","0","0","0","0","3","0","0","0","0","11","0","0","0","0","2","0","0","0","0","0","0","3","0","0","0","0","0","0","0","0","0","2"
"0x7f34975b2050","      R2UR UR5, R68","1","0","1","65536","2097152","2097152","32","32","0","0","0","-","-","-","0","0","0","0","0","0","0","0","-","0","0","0","0","0","0","0","0","0","0","0","0","0","0","0","0","0","0","1","0","0","0","0","0","0","0","0","0","0","0","0","0","0","0","0","0","0","0","0","0"
"0x7f34975b2060","      LOP3.LUT R3, R3, 0x7e00, RZ, 0xc0, !PT","14","9","14","65536","2097152","2097152","32","32","0","0","0","-","-","-","0","0","0","0","0","0","0","0","-","0","0","0","0","0","0","0","0","0","0","0","0","4","0","0","0","0","3","1","0","0","0","6","0","0","0","0","0","0","4","0","0","0","0","0","0","0","0","0","5"
"0x7f34975b2070","      NOP","2","0","2","65536","2097152","2097152","32","32","0","0","0","-","-","-","0","0","0","0","0","0","0","0","-","0","0","0","0","0","0","0","0","0","0","0","0","0","0","0","0","0","0","2","0","0","0","0","0","0","0","0","0","0","0","0","0","0","0","0","0","0","0","0","0"
"0x7f34975b2080","      LDS R0, [R0+UR4+0x2f000]","2","0","2","65536","2097152","2097152","32","32","0","0","0","Shared","Load","32","0","1","0","65536","65536","0","0","0","-","0","0","0","0","0","0","0","0","0","0","0","0","0","0","0","0","0","0","2","0","0","0","0","0","0","0","0","0","0","0","0","0","0","0","0","0","0","0","0","0"
"0x7f34975b2090","      LOP3.LUT R69, R107, 0x300, RZ, 0xc0, !PT","4","0","4","65536","2097152","2097152","32","32","0","0","0","-","-","-","0","0","0","0","0","0","0","0","-","0","0","0","0","0","0","0","0","0","0","0","0","0","0","0","0","0","0","4","0","0","0","0","0","0","0","0","0","0","0","0","0","0","0","0","0","0","0","0","0"
"0x7f34975b20a0","      LOP3.LUT R107, R107, 0x80, RZ, 0xc0, !PT","11","5","11","65536","2097152","2097152","32","32","0","0","0","-","-","-","0","0","0","0","0","0","0","0","-","0","0","0","0","0","0","0","0","0","0","0","0","0","0","0","0","0","1","4","0","0","0","6","0","0","0","0","0","0","0","0","0","0","0","0","0","0","0","0","5"
"0x7f34975b20b0","      R2UR UR6, R68","2","0","2","65536","2097152","2097152","32","32","0","0","0","-","-","-","0","0","0","0","0","0","0","0","-","0","0","0","0","0","0","0","0","0","0","0","0","0","0","0","0","0","0","2","0","0","0","0","0","0","0","0","0","0","0","0","0","0","0","0","0","0","0","0","0"
"0x7f34975b20c0","      LDTM.x32 R36, tmem[UR5]","9","2","9","65536","2097152","2097152","32","32","0","0","0","Tmem","Load","-","0","0","0","0","0","0","0","0","-","0","0","0","0","0","0","0","0","0","0","0","0","0","0","0","0","0","4","2","0","0","0","3","0","0","0","0","0","0","0","0","0","0","0","0","0","0","0","0","2"
"0x7f34975b20d0","      NOP","1","0","1","65536","2097152","2097152","32","32","0","0","0","-","-","-","0","0","0","0","0","0","0","0","-","0","0","0","0","0","0","0","0","0","0","0","0","0","0","0","0","0","0","1","0","0","0","0","0","0","0","0","0","0","0","0","0","0","0","0","0","0","0","0","0"
"0x7f34975b20e0","      LDTM.x32 R4, tmem[UR5+0x20]","62","50","62","65536","2097152","2097152","32","32","0","0","0","Tmem","Load","-","0","0","0","0","0","0","0","0","-","0","0","0","0","0","0","0","0","0","0","0","0","0","0","0","0","0","0","1","61","0","0","0","0","0","0","0","0","0","0","0","0","0","0","0","0","50","0","0","0"
"0x7f34975b20f0","      IMAD R88, R2, 0x8000, R3","4","0","4","65536","2097152","2097152","32","32","0","0","0","-","-","-","0","0","0","0","0","0","0","0","-","0","0","0","0","0","0","0","0","0","0","0","0","0","0","0","0","0","0","4","0","0","0","0","0","0","0","0","0","0","0","0","0","0","0","0","0","0","0","0","0"
"0x7f34975b2100","      IADD3 R88, PT, PT, R107, R88, R69","20","17","20","65536","2097152","2097152","32","32","0","0","0","-","-","-","0","0","0","0","0","0","0","0","-","0","0","0","0","0","0","0","0","2","0","0","0","0","0","0","0","0","0","1","0","0","0","17","0","0","2","0","0","0","0","0","0","0","0","0","0","0","0","0","15"
"0x7f34975b2110","      FMUL2 R84, R0.F32, R62.F32x2.HI_LO","1","0","1","65536","2097152","2097152","32","32","0","0","0","-","-","-","0","0","0","0","0","0","0","0","-","0","0","0","0","0","0","0","0","0","0","0","0","0","0","0","0","0","0","1","0","0","0","0","0","0","0","0","0","0","0","0","0","0","0","0","0","0","0","0","0"
"0x7f34975b2120","      FMUL2 R62, R0.F32, R60.F32x2.HI_LO","2","1","2","65536","2097152","2097152","32","32","0","0","0","-","-","-","0","0","0","0","0","0","0","0","-","0","0","0","0","0","0","0","0","0","0","0","0","0","0","0","0","0","0","1","0","0","0","1","0","0","0","0","0","0","0","0","0","0","0","0","0","0","0","0","1"
"0x7f34975b2130","      FMUL2 R60, R0.F32, R58.F32x2.HI_LO","2","0","2","65536","2097152","2097152","32","32","0","0","0","-","-","-","0","0","0","0","0","0","0","0","-","0","0","0","0","0","0","0","0","0","0","0","0","0","0","0","0","0","0","2","0","0","0","0","0","0","0","0","0","0","0","0","0","0","0","0","0","0","0","0","0"
"0x7f34975b2140","      F2FP.BF16.F32.PACK_AB R85, R85, R84","2","0","2","65536","2097152","2097152","32","32","0","0","0","-","-","-","0","0","0","0","0","0","0","0","-","0","0","0","0","0","0","0","0","0","0","0","0","0","0","0","0","0","0","2","0","0","0","0","0","0","0","0","0","0","0","0","0","0","0","0","0","0","0","0","0"
"0x7f34975b2150","      FMUL2 R58, R0.F32, R56.F32x2.HI_LO","2","0","2","65536","2097152","2097152","32","32","0","0","0","-","-","-","0","0","0","0","0","0","0","0","-","0","0","0","0","0","0","0","0","0","0","0","0","0","0","0","0","0","0","2","0","0","0","0","0","0","0","0","0","0","0","0","0","0","0","0","0","0","0","0","0"
"0x7f34975b2160","      F2FP.BF16.F32.PACK_AB R84, R63, R62","2","0","2","65536","2097152","2097152","32","32","0","0","0","-","-","-","0","0","0","0","0","0","0","0","-","0","0","0","0","0","0","0","0","0","0","0","0","0","0","0","0","0","0","2","0","0","0","0","0","0","0","0","0","0","0","0","0","0","0","0","0","0","0","0","0"
"0x7f34975b2170","      FMUL2 R82, R0.F32, R34.F32x2.HI_LO","79","52","79","65536","2097152","2097152","32","32","0","0","0","-","-","-","0","0","0","0","0","0","0","0","-","0","0","0","0","0","0","0","0","0","0","0","0","5","0","0","0","0","3","1","70","0","0","0","0","0","0","0","0","0","0","0","0","0","0","0","0","52","0","0","0"
"0x7f34975b2180","      F2FP.BF16.F32.PACK_AB R35, R61, R60","4","0","4","65536","2097152","2097152","32","32","0","0","0","-","-","-","0","0","0","0","0","0","0","0","-","0","0","0","0","0","0","0","0","0","0","0","0","0","0","0","0","0","0","4","0","0","0","0","0","0","0","0","0","0","0","0","0","0","0","0","0","0","0","0","0"
"0x7f34975b2190","      FMUL2 R56, R0.F32, R52.F32x2.HI_LO","2","0","2","65536","2097152","2097152","32","32","0","0","0","-","-","-","0","0","0","0","0","0","0","0","-","0","0","0","0","0","0","0","0","0","0","0","0","0","0","0","0","0","0","2","0","0","0","0","0","0","0","0","0","0","0","0","0","0","0","0","0","0","0","0","0"
"0x7f34975b21a0","      F2FP.BF16.F32.PACK_AB R34, R59, R58","1","0","1","65536","2097152","2097152","32","32","0","0","0","-","-","-","0","0","0","0","0","0","0","0","-","0","0","0","0","0","0","0","0","0","0","0","0","0","0","0","0","0","0","1","0","0","0","0","0","0","0","0","0","0","0","0","0","0","0","0","0","0","0","0","0"
"0x7f34975b21b0","      FMUL2 R52, R0.F32, R48.F32x2.HI_LO","0","0","0","65536","2097152","2097152","32","32","0","0","0","-","-","-","0","0","0","0","0","0","0","0","-","0","0","0","0","0","0","0","0","0","0","0","0","0","0","0","0","0","0","0","0","0","0","0","0","0","0","0","0","0","0","0","0","0","0","0","0","0","0","0","0"
"0x7f34975b21c0","      LDC.64 R58, c[0x0][0x3a0]","4","0","4","65536","2097152","2097152","32","32","0","0","0","-","-","-","0","0","0","0","0","0","0","0","-","0","0","0","0","0","0","0","0","1","0","0","0","0","0","0","0","0","0","3","0","0","0","0","0","0","0","0","0","0","0","0","0","0","0","0","0","0","0","0","0"
"0x7f34975b21d0","      FMUL2 R48, R0.F32, R44.F32x2.HI_LO","2","0","2","65536","2097152","2097152","32","32","0","0","0","-","-","-","0","0","0","0","0","0","0","0","-","0","0","0","0","0","0","0","0","0","0","0","0","0","0","0","0","0","0","2","0","0","0","0","0","0","0","0","0","0","0","0","0","0","0","0","0","0","0","0","0"
"0x7f34975b21e0","      F2FP.BF16.F32.PACK_AB R83, R83, R82","2","0","2","65536","2097152","2097152","32","32","0","0","0","-","-","-","0","0","0","0","0","0","0","0","-","0","0","0","0","0","0","0","0","0","0","0","0","0","0","0","0","0","0","2","0","0","0","0","0","0","0","0","0","0","0","0","0","0","0","0","0","0","0","0","0"
"0x7f34975b21f0","      FMUL2 R2, R0.F32, R50.F32x2.HI_LO","1","0","1","65536","2097152","2097152","32","32","0","0","0","-","-","-","0","0","0","0","0","0","0","0","-","0","0","0","0","0","0","0","0","0","0","0","0","0","0","0","0","0","0","1","0","0","0","0","0","0","0","0","0","0","0","0","0","0","0","0","0","0","0","0","0"
"0x7f34975b2200","      FMUL2 R44, R0.F32, R40.F32x2.HI_LO","4","3","4","65536","2097152","2097152","32","32","0","0","0","-","-","-","0","0","0","0","0","0","0","0","-","0","0","0","0","0","0","0","0","0","0","0","0","0","0","0","0","0","0","1","0","0","0","3","0","0","0","0","0","0","0","0","0","0","0","0","0","0","0","0","3"
"0x7f34975b2210","      FMUL2 R50, R0.F32, R46.F32x2.HI_LO","10","4","10","65536","2097152","2097152","32","32","0","0","0","-","-","-","0","0","0","0","0","0","0","0","-","0","0","0","0","0","0","0","0","0","0","0","0","0","0","0","0","0","0","6","0","0","0","4","0","0","0","0","0","0","0","0","0","0","0","0","0","0","0","0","4"
"0x7f34975b2220","      FMUL2 R40, R0.F32, R38.F32x2.HI_LO","1","1","1","65536","2097152","2097152","32","32","0","0","0","-","-","-","0","0","0","0","0","0","0","0","-","0","0","0","0","0","0","0","0","0","0","0","0","0","0","0","0","0","0","0","0","0","0","1","0","0","0","0","0","0","0","0","0","0","0","0","0","0","0","0","1"
"0x7f34975b2230","      FMUL2 R66, R0.F32, R66.F32x2.HI_LO","2","1","2","65536","2097152","2097152","32","32","0","0","0","-","-","-","0","0","0","0","0","0","0","0","-","0","0","0","0","0","0","0","0","0","0","0","0","0","0","0","0","0","0","1","0","0","0","1","0","0","0","0","0","0","0","0","0","0","0","0","0","0","0","0","1"
"0x7f34975b2240","      FMUL2 R64, R0.F32, R64.F32x2.HI_LO","8","4","8","65536","2097152","2097152","32","32","0","0","0","-","-","-","0","0","0","0","0","0","0","0","-","0","0","0","0","0","0","0","0","0","0","0","0","0","0","0","0","0","0","4","0","0","0","4","0","0","0","0","0","0","0","0","0","0","0","0","0","0","0","0","4"
"0x7f34975b2250","      FMUL2 R54, R0.F32, R54.F32x2.HI_LO","2","2","2","65536","2097152","2097152","32","32","0","0","0","-","-","-","0","0","0","0","0","0","0","0","-","0","0","0","0","0","0","0","0","0","0","0","0","0","0","0","0","0","0","0","0","0","0","2","0","0","0","0","0","0","0","0","0","0","0","0","0","0","0","0","2"
"0x7f34975b2260","      F2FP.BF16.F32.PACK_AB R87, R67, R66","2","0","2","65536","2097152","2097152","32","32","0","0","0","-","-","-","0","0","0","0","0","0","0","0","-","0","0","0","0","0","0","0","0","0","0","0","0","0","0","0","0","0","0","2","0","0","0","0","0","0","0","0","0","0","0","0","0","0","0","0","0","0","0","0","0"
"0x7f34975b2270","      FMUL2 R46, R0.F32, R42.F32x2.HI_LO","0","0","0","65536","2097152","2097152","32","32","0","0","0","-","-","-","0","0","0","0","0","0","0","0","-","0","0","0","0","0","0","0","0","0","0","0","0","0","0","0","0","0","0","0","0","0","0","0","0","0","0","0","0","0","0","0","0","0","0","0","0","0","0","0","0"
"0x7f34975b2280","      F2FP.BF16.F32.PACK_AB R86, R65, R64","2","1","2","65536","2097152","2097152","32","32","0","0","0","-","-","-","0","0","0","0","0","0","0","0","-","0","0","0","0","0","0","0","0","0","0","0","0","0","0","0","0","1","0","1","0","0","0","0","0","0","0","0","0","0","0","0","0","0","1","0","0","0","0","0","0"
"0x7f34975b2290","      FMUL2 R38, R0.F32, R36.F32x2.HI_LO","1","0","1","65536","2097152","2097152","32","32","0","0","0","-","-","-","0","0","0","0","0","0","0","0","-","0","0","0","0","0","0","0","0","0","0","0","0","0","0","0","0","0","0","1","0","0","0","0","0","0","0","0","0","0","0","0","0","0","0","0","0","0","0","0","0"
"0x7f34975b22a0","      FMUL2 R78, R0.F32, R26.F32x2.HI_LO","14","3","14","65536","2097152","2097152","32","32","0","0","0","-","-","-","0","0","0","0","0","0","0","0","-","0","0","0","0","0","0","0","0","1","0","0","0","4","0","0","0","0","6","1","0","0","0","2","0","0","0","0","0","0","1","0","0","0","0","0","0","0","0","0","2"
"0x7f34975b22b0","      FMUL2 R26, R0.F32, R22.F32x2.HI_LO","8","4","8","65536","2097152","2097152","32","32","0","0","0","-","-","-","0","0","0","0","0","0","0","0","-","0","0","0","0","0","0","0","0","0","0","0","0","0","0","0","0","0","0","4","0","0","0","4","0","0","0","0","0","0","0","0","0","0","0","0","0","0","0","0","4"
"0x7f34975b22c0","      F2FP.BF16.F32.PACK_AB R23, R3, R2","2","0","2","65536","2097152","2097152","32","32","0","0","0","-","-","-","0","0","0","0","0","0","0","0","-","0","0","0","0","0","0","0","0","2","0","0","0","0","0","0","0","0","0","0","0","0","0","0","0","0","0","0","0","0","0","0","0","0","0","0","0","0","0","0","0"
"0x7f34975b22d0","      FMUL2 R36, R0.F32, R32.F32x2.HI_LO","2","0","2","65536","2097152","2097152","32","32","0","0","0","-","-","-","0","0","0","0","0","0","0","0","-","0","0","0","0","0","0","0","0","0","0","0","0","0","0","0","0","0","0","2","0","0","0","0","0","0","0","0","0","0","0","0","0","0","0","0","0","0","0","0","0"
"0x7f34975b22e0","      F2FP.BF16.F32.PACK_AB R33, R55, R54","2","0","2","65536","2097152","2097152","32","32","0","0","0","-","-","-","0","0","0","0","0","0","0","0","-","0","0","0","0","0","0","0","0","0","0","0","0","0","0","0","0","0","0","2","0","0","0","0","0","0","0","0","0","0","0","0","0","0","0","0","0","0","0","0","0"
"0x7f34975b22f0","      FMUL2 R80, R0.F32, R30.F32x2.HI_LO","3","0","3","65536","2097152","2097152","32","32","0","0","0","-","-","-","0","0","0","0","0","0","0","0","-","0","0","0","0","0","0","0","0","0","0","0","0","0","0","0","0","0","0","3","0","0","0","0","0","0","0","0","0","0","0","0","0","0","0","0","0","0","0","0","0"
"0x7f34975b2300","      F2FP.BF16.F32.PACK_AB R32, R57, R56","2","0","2","65536","2097152","2097152","32","32","0","0","0","-","-","-","0","0","0","0","0","0","0","0","-","0","0","0","0","0","0","0","0","0","0","0","0","0","0","0","0","0","0","2","0","0","0","0","0","0","0","0","0","0","0","0","0","0","0","0","0","0","0","0","0"
"0x7f34975b2310","      FMUL2 R42, R0.F32, R28.F32x2.HI_LO","2","0","2","65536","2097152","2097152","32","32","0","0","0","-","-","-","0","0","0","0","0","0","0","0","-","0","0","0","0","0","0","0","0","0","0","0","0","0","0","0","0","0","0","2","0","0","0","0","0","0","0","0","0","0","0","0","0","0","0","0","0","0","0","0","0"
"0x7f34975b2320","      F2FP.BF16.F32.PACK_AB R22, R53, R52","1","0","1","65536","2097152","2097152","32","32","0","0","0","-","-","-","0","0","0","0","0","0","0","0","-","0","0","0","0","0","0","0","0","0","0","0","0","0","0","0","0","0","0","1","0","0","0","0","0","0","0","0","0","0","0","0","0","0","0","0","0","0","0","0","0"
"0x7f34975b2330","      FMUL2 R2, R0.F32, R20.F32x2.HI_LO","0","0","0","65536","2097152","2097152","32","32","0","0","0","-","-","-","0","0","0","0","0","0","0","0","-","0","0","0","0","0","0","0","0","0","0","0","0","0","0","0","0","0","0","0","0","0","0","0","0","0","0","0","0","0","0","0","0","0","0","0","0","0","0","0","0"
"0x7f34975b2340","      F2FP.BF16.F32.PACK_AB R21, R51, R50","4","0","4","65536","2097152","2097152","32","32","0","0","0","-","-","-","0","0","0","0","0","0","0","0","-","0","0","0","0","0","0","0","0","1","0","0","0","0","0","0","0","0","0","3","0","0","0","0","0","0","0","0","0","0","0","0","0","0","0","0","0","0","0","0","0"
"0x7f34975b2350","      IMAD.WIDE R88, R88, 0x2, R58","27","4","27","65536","2097152","2097152","32","32","0","0","0","-","-","-","0","0","0","0","0","0","0","0","-","0","0","0","0","0","0","0","0","0","0","0","0","3","0","0","0","0","10","1","13","0","0","0","0","0","0","0","0","0","3","0","0","0","0","0","0","1","0","0","0"
"0x7f34975b2360","      F2FP.BF16.F32.PACK_AB R20, R49, R48","2","0","2","65536","2097152","2097152","32","32","0","0","0","-","-","-","0","0","0","0","0","0","0","0","-","0","0","0","0","0","0","0","0","0","0","0","0","0","0","0","0","0","0","2","0","0","0","0","0","0","0","0","0","0","0","0","0","0","0","0","0","0","0","0","0"
"0x7f34975b2370","      FMUL2 R24, R0.F32, R24.F32x2.HI_LO","34","4","34","65536","2097152","2097152","32","32","0","0","0","-","-","-","0","0","0","0","0","0","0","0","-","0","0","0","0","0","0","0","0","0","0","0","0","17","0","0","0","0","15","2","0","0","0","0","0","0","0","0","0","0","4","0","0","0","0","0","0","0","0","0","0"
"0x7f34975b2380","      F2FP.BF16.F32.PACK_AB R31, R47, R46","3","0","3","65536","2097152","2097152","32","32","0","0","0","-","-","-","0","0","0","0","0","0","0","0","-","0","0","0","0","0","0","0","0","0","0","0","0","0","0","0","0","0","0","3","0","0","0","0","0","0","0","0","0","0","0","0","0","0","0","0","0","0","0","0","0"
"0x7f34975b2390","      FMUL2 R18, R0.F32, R18.F32x2.HI_LO","4","0","4","65536","2097152","2097152","32","32","0","0","0","-","-","-","0","0","0","0","0","0","0","0","-","0","0","0","0","0","0","0","0","0","0","0","0","0","0","0","0","0","0","4","0","0","0","0","0","0","0","0","0","0","0","0","0","0","0","0","0","0","0","0","0"
"0x7f34975b23a0","      F2FP.BF16.F32.PACK_AB R30, R45, R44","1","0","1","65536","2097152","2097152","32","32","0","0","0","-","-","-","0","0","0","0","0","0","0","0","-","0","0","0","0","0","0","0","0","1","0","0","0","0","0","0","0","0","0","0","0","0","0","0","0","0","0","0","0","0","0","0","0","0","0","0","0","0","0","0","0"
"0x7f34975b23b0","      FMUL2 R16, R0.F32, R16.F32x2.HI_LO","3","0","3","65536","2097152","2097152","32","32","0","0","0","-","-","-","0","0","0","0","0","0","0","0","-","0","0","0","0","0","0","0","0","0","0","0","0","0","0","0","0","0","0","3","0","0","0","0","0","0","0","0","0","0","0","0","0","0","0","0","0","0","0","0","0"
"0x7f34975b23c0","      F2FP.BF16.F32.PACK_AB R29, R41, R40","2","0","2","65536","2097152","2097152","32","32","0","0","0","-","-","-","0","0","0","0","0","0","0","0","-","0","0","0","0","0","0","0","0","0","0","0","0","0","0","0","0","0","0","2","0","0","0","0","0","0","0","0","0","0","0","0","0","0","0","0","0","0","0","0","0"
"0x7f34975b23d0","      FMUL2 R14, R0.F32, R14.F32x2.HI_LO","1","0","1","65536","2097152","2097152","32","32","0","0","0","-","-","-","0","0","0","0","0","0","0","0","-","0","0","0","0","0","0","0","0","0","0","0","0","0","0","0","0","0","0","1","0","0","0","0","0","0","0","0","0","0","0","0","0","0","0","0","0","0","0","0","0"
"0x7f34975b23e0","      F2FP.BF16.F32.PACK_AB R28, R39, R38","2","0","2","65536","2097152","2097152","32","32","0","0","0","-","-","-","0","0","0","0","0","0","0","0","-","0","0","0","0","0","0","0","0","0","0","0","0","0","0","0","0","0","0","2","0","0","0","0","0","0","0","0","0","0","0","0","0","0","0","0","0","0","0","0","0"
"0x7f34975b23f0","      FMUL2 R12, R0.F32, R12.F32x2.HI_LO","4","0","4","65536","2097152","2097152","32","32","0","0","0","-","-","-","0","0","0","0","0","0","0","0","-","0","0","0","0","0","0","0","0","0","0","0","0","0","0","0","0","0","0","4","0","0","0","0","0","0","0","0","0","0","0","0","0","0","0","0","0","0","0","0","0"
"0x7f34975b2400","      F2FP.BF16.F32.PACK_AB R81, R81, R80","1","0","1","65536","2097152","2097152","32","32","0","0","0","-","-","-","0","0","0","0","0","0","0","0","-","0","0","0","0","0","0","0","0","0","0","0","0","0","0","0","0","0","0","1","0","0","0","0","0","0","0","0","0","0","0","0","0","0","0","0","0","0","0","0","0"
"0x7f34975b2410","      FMUL2 R10, R0.F32, R10.F32x2.HI_LO","3","0","3","65536","2097152","2097152","32","32","0","0","0","-","-","-","0","0","0","0","0","0","0","0","-","0","0","0","0","0","0","0","0","0","0","0","0","0","0","0","0","0","0","3","0","0","0","0","0","0","0","0","0","0","0","0","0","0","0","0","0","0","0","0","0"
"0x7f34975b2420","      F2FP.BF16.F32.PACK_AB R79, R79, R78","1","0","1","65536","2097152","2097152","32","32","0","0","0","-","-","-","0","0","0","0","0","0","0","0","-","0","0","0","0","0","0","0","0","0","0","0","0","0","0","0","0","0","0","1","0","0","0","0","0","0","0","0","0","0","0","0","0","0","0","0","0","0","0","0","0"
"0x7f34975b2430","      FMUL2 R8, R0.F32, R8.F32x2.HI_LO","2","0","2","65536","2097152","2097152","32","32","0","0","0","-","-","-","0","0","0","0","0","0","0","0","-","0","0","0","0","0","0","0","0","0","0","0","0","0","0","0","0","0","0","2","0","0","0","0","0","0","0","0","0","0","0","0","0","0","0","0","0","0","0","0","0"
"0x7f34975b2440","      STG.E.NA.ENL2.256 desc[UR8][R88.64], R28, R20","1","0","1","65536","2097152","2097152","32","32","0","0","0","Global","Store","-","0","0","0","0","0","0","0","0","","0","0","0","0","0","0","0","0","0","0","0","0","0","0","0","0","0","0","1","0","0","0","0","0","0","0","0","0","0","0","0","0","0","0","0","0","0","0","0","0"
"0x7f34975b2450","      FMUL2 R6, R0.F32, R6.F32x2.HI_LO","0","0","0","65536","2097152","2097152","32","32","0","0","0","-","-","-","0","0","0","0","0","0","0","0","-","0","0","0","0","0","0","0","0","0","0","0","0","0","0","0","0","0","0","0","0","0","0","0","0","0","0","0","0","0","0","0","0","0","0","0","0","0","0","0","0"
"0x7f34975b2460","      F2FP.BF16.F32.PACK_AB R82, R37, R36","2","0","2","65536","2097152","2097152","32","32","0","0","0","-","-","-","0","0","0","0","0","0","0","0","-","0","0","0","0","0","0","0","0","0","0","0","0","0","0","0","0","0","0","2","0","0","0","0","0","0","0","0","0","0","0","0","0","0","0","0","0","0","0","0","0"
"0x7f34975b2470","      FMUL2 R4, R0.F32, R4.F32x2.HI_LO","2","0","2","65536","2097152","2097152","32","32","0","0","0","-","-","-","0","0","0","0","0","0","0","0","-","0","0","0","0","0","0","0","0","0","0","0","0","0","0","0","0","0","0","2","0","0","0","0","0","0","0","0","0","0","0","0","0","0","0","0","0","0","0","0","0"
"0x7f34975b2480","      STG.E.NA.ENL2.256 desc[UR8][R88.64+0x20], R32, R84","3","1","3","65536","2097152","2097152","32","32","0","0","0","Global","Store","-","0","0","0","0","0","0","0","0","","0","0","0","0","0","0","0","0","0","0","0","0","0","0","0","0","1","0","2","0","0","0","0","0","0","0","0","0","0","0","0","0","0","1","0","0","0","0","0","0"
"0x7f34975b2490","      F2FP.BF16.F32.PACK_AB R80, R43, R42","2","0","2","65536","2097152","2097152","32","32","0","0","0","-","-","-","0","0","0","0","0","0","0","0","-","0","0","0","0","0","0","0","0","0","0","0","0","0","0","0","0","0","0","2","0","0","0","0","0","0","0","0","0","0","0","0","0","0","0","0","0","0","0","0","0"
"0x7f34975b24a0","      NOP","1","0","1","65536","2097152","2097152","32","32","0","0","0","-","-","-","0","0","0","0","0","0","0","0","-","0","0","0","0","0","0","0","0","0","0","0","0","0","0","0","0","0","0","1","0","0","0","0","0","0","0","0","0","0","0","0","0","0","0","0","0","0","0","0","0"
"0x7f34975b24b0","      F2FP.BF16.F32.PACK_AB R78, R25, R24","3","0","3","65536","2097152","2097152","32","32","0","0","0","-","-","-","0","0","0","0","0","0","0","0","-","0","0","0","0","0","0","0","0","0","0","0","0","0","0","0","0","0","0","3","0","0","0","0","0","0","0","0","0","0","0","0","0","0","0","0","0","0","0","0","0"
"0x7f34975b24c0","      LDTM.x32 R36, tmem[UR6+0x40]","3","0","3","65536","2097152","2097152","32","32","0","0","0","Tmem","Load","-","0","0","0","0","0","0","0","0","-","0","0","0","0","0","0","0","0","0","0","0","0","0","0","0","0","0","0","3","0","0","0","0","0","0","0","0","0","0","0","0","0","0","0","0","0","0","0","0","0"
"0x7f34975b24d0","      F2FP.BF16.F32.PACK_AB R77, R27, R26","2","0","2","65536","2097152","2097152","32","32","0","0","0","-","-","-","0","0","0","0","0","0","0","0","-","0","0","0","0","0","0","0","0","0","0","0","0","0","0","0","0","0","0","2","0","0","0","0","0","0","0","0","0","0","0","0","0","0","0","0","0","0","0","0","0"
"0x7f34975b24e0","      F2FP.BF16.F32.PACK_AB R75, R19, R18","36","3","36","65536","2097152","2097152","32","32","0","0","0","-","-","-","0","0","0","0","0","0","0","0","-","0","0","0","0","0","0","0","0","0","0","0","0","12","0","0","0","0","19","2","0","0","0","3","0","0","0","0","0","0","3","0","0","0","0","0","0","0","0","0","0"
"0x7f34975b24f0","      F2FP.BF16.F32.PACK_AB R74, R17, R16","11","1","11","65536","2097152","2097152","32","32","0","0","0","-","-","-","0","0","0","0","0","0","0","0","-","0","0","0","0","0","0","0","0","2","0","0","0","4","0","0","0","0","3","1","0","0","0","1","0","0","0","0","0","0","0","0","0","0","0","0","0","0","0","0","1"
"0x7f34975b2500","      F2FP.BF16.F32.PACK_AB R73, R15, R14","13","2","13","65536","2097152","2097152","32","32","0","0","0","-","-","-","0","0","0","0","0","0","0","0","-","0","0","0","0","0","0","0","0","0","0","0","0","3","0","0","0","0","5","3","0","0","0","2","0","0","0","0","0","0","0","0","0","0","0","0","0","0","0","0","2"
"0x7f34975b2510","      F2FP.BF16.F32.PACK_AB R72, R13, R12","5","1","5","65536","2097152","2097152","32","32","0","0","0","-","-","-","0","0","0","0","0","0","0","0","-","0","0","0","0","0","0","0","0","0","0","0","0","0","0","0","0","0","1","3","0","0","0","1","0","0","0","0","0","0","0","0","0","0","0","0","0","0","0","0","1"
"0x7f34975b2520","      F2FP.BF16.F32.PACK_AB R71, R11, R10","5","1","5","65536","2097152","2097152","32","32","0","0","0","-","-","-","0","0","0","0","0","0","0","0","-","0","0","0","0","0","0","0","0","0","0","0","0","0","0","0","0","0","2","1","0","0","0","2","0","0","0","0","0","0","0","0","0","0","0","0","0","0","0","0","1"
"0x7f34975b2530","      F2FP.BF16.F32.PACK_AB R70, R9, R8","5","0","5","65536","2097152","2097152","32","32","0","0","0","-","-","-","0","0","0","0","0","0","0","0","-","0","0","0","0","0","0","0","0","0","0","0","0","0","0","0","0","0","0","4","0","0","0","1","0","0","0","0","0","0","0","0","0","0","0","0","0","0","0","0","0"
"0x7f34975b2540","      F2FP.BF16.F32.PACK_AB R69, R7, R6","7","2","7","65536","2097152","2097152","32","32","0","0","0","-","-","-","0","0","0","0","0","0","0","0","-","0","0","0","0","0","0","0","0","0","0","0","0","1","0","0","0","0","1","3","0","0","0","2","0","0","0","0","0","0","0","0","0","0","0","0","0","0","0","0","2"
"0x7f34975b2550","      F2FP.BF16.F32.PACK_AB R68, R5, R4","11","4","11","65536","2097152","2097152","32","32","0","0","0","-","-","-","0","0","0","0","0","0","0","0","-","0","0","0","0","0","0","0","0","0","0","0","0","0","0","0","0","0","2","4","0","0","0","5","0","0","0","0","0","0","0","0","0","0","0","0","0","0","0","0","4"
"0x7f34975b2560","      F2FP.BF16.F32.PACK_AB R76, R3, R2","4","1","4","65536","2097152","2097152","32","32","0","0","0","-","-","-","0","0","0","0","0","0","0","0","-","0","0","0","0","0","0","0","0","0","0","0","0","0","0","0","0","0","0","3","0","0","0","1","0","0","0","0","0","0","0","0","0","0","0","0","0","0","0","0","1"
"0x7f34975b2570","      STG.E.NA.ENL2.256 desc[UR8][R88.64+0x40], R68, R72","6","4","6","65536","2097152","2097152","32","32","0","0","0","Global","Store","-","0","0","0","0","0","0","0","0","","0","0","0","0","0","0","0","0","0","0","0","0","0","0","0","0","0","0","0","0","0","0","6","0","0","0","0","0","0","0","0","0","0","0","0","0","0","0","0","4"
"0x7f34975b2580","      FMUL2 R58, R0.F32, R58.F32x2.HI_LO","10","5","10","65536","2097152","2097152","32","32","0","0","0","-","-","-","0","0","0","0","0","0","0","0","-","0","0","0","0","0","0","0","0","0","0","0","0","0","0","0","0","0","0","2","8","0","0","0","0","0","0","0","0","0","0","0","0","0","0","0","0","5","0","0","0"
"0x7f34975b2590","      STG.E.NA.ENL2.256 desc[UR8][R88.64+0x60], R76, R80","5","2","5","65536","2097152","2097152","32","32","0","0","0","Global","Store","-","0","0","0","0","0","0","0","0","","0","0","0","0","0","0","0","0","0","0","0","0","0","0","0","0","0","0","2","0","0","0","3","0","0","0","0","0","0","0","0","0","0","0","0","0","0","0","0","2"
"0x7f34975b25a0","      NOP","1","0","1","65536","2097152","2097152","32","32","0","0","0","-","-","-","0","0","0","0","0","0","0","0","-","0","0","0","0","0","0","0","0","0","0","0","0","0","0","0","0","0","0","1","0","0","0","0","0","0","0","0","0","0","0","0","0","0","0","0","0","0","0","0","0"
"0x7f34975b25b0","      FMUL2 R50, R0.F32, R50.F32x2.HI_LO","1","0","1","65536","2097152","2097152","32","32","0","0","0","-","-","-","0","0","0","0","0","0","0","0","-","0","0","0","0","0","0","0","0","0","0","0","0","0","0","0","0","0","0","1","0","0","0","0","0","0","0","0","0","0","0","0","0","0","0","0","0","0","0","0","0"
"0x7f34975b25c0","      F2FP.BF16.F32.PACK_AB R59, R59, R58","0","0","0","65536","2097152","2097152","32","32","0","0","0","-","-","-","0","0","0","0","0","0","0","0","-","0","0","0","0","0","0","0","0","0","0","0","0","0","0","0","0","0","0","0","0","0","0","0","0","0","0","0","0","0","0","0","0","0","0","0","0","0","0","0","0"
"0x7f34975b25d0","      FMUL2 R56, R0.F32, R56.F32x2.HI_LO","2","0","2","65536","2097152","2097152","32","32","0","0","0","-","-","-","0","0","0","0","0","0","0","0","-","0","0","0","0","0","0","0","0","0","0","0","0","0","0","0","0","0","0","2","0","0","0","0","0","0","0","0","0","0","0","0","0","0","0","0","0","0","0","0","0"
"0x7f34975b25e0","      FMUL2 R48, R0.F32, R48.F32x2.HI_LO","6","1","6","65536","2097152","2097152","32","32","0","0","0","-","-","-","0","0","0","0","0","0","0","0","-","0","0","0","0","0","0","0","0","0","0","0","0","0","0","0","0","0","0","1","0","0","0","5","0","0","0","0","0","0","0","0","0","0","0","0","0","0","0","0","1"
"0x7f34975b25f0","      F2FP.BF16.F32.PACK_AB R51, R51, R50","2","0","2","65536","2097152","2097152","32","32","0","0","0","-","-","-","0","0","0","0","0","0","0","0","-","0","0","0","0","0","0","0","0","0","0","0","0","0","0","0","0","0","0","2","0","0","0","0","0","0","0","0","0","0","0","0","0","0","0","0","0","0","0","0","0"
"0x7f34975b2600","      FMUL2 R2, R0.F32, R54.F32x2.HI_LO","4","0","4","65536","2097152","2097152","32","32","0","0","0","-","-","-","0","0","0","0","0","0","0","0","-","0","0","0","0","0","0","0","0","0","0","0","0","0","0","0","0","0","0","4","0","0","0","0","0","0","0","0","0","0","0","0","0","0","0","0","0","0","0","0","0"
"0x7f34975b2610","      F2FP.BF16.F32.PACK_AB R58, R57, R56","2","0","2","65536","2097152","2097152","32","32","0","0","0","-","-","-","0","0","0","0","0","0","0","0","-","0","0","0","0","0","0","0","0","0","0","0","0","0","0","0","0","0","0","2","0","0","0","0","0","0","0","0","0","0","0","0","0","0","0","0","0","0","0","0","0"
"0x7f34975b2620","      FMUL2 R44, R0.F32, R44.F32x2.HI_LO","2","0","2","65536","2097152","2097152","32","32","0","0","0","-","-","-","0","0","0","0","0","0","0","0","-","0","0","0","0","0","0","0","0","0","0","0","0","0","0","0","0","0","0","2","0","0","0","0","0","0","0","0","0","0","0","0","0","0","0","0","0","0","0","0","0"
"0x7f34975b2630","      LDTM.x32 R4, tmem[UR5+0x60]","240","218","240","65536","2097152","2097152","32","32","0","0","0","Tmem","Load","-","0","0","0","0","0","0","0","0","-","0","0","0","0","0","0","0","0","0","0","0","239","0","0","0","0","0","0","1","0","0","0","0","0","0","0","0","0","218","0","0","0","0","0","0","0","0","0","0","0"
"0x7f34975b2640","      FMUL2 R42, R0.F32, R42.F32x2.HI_LO","1","0","1","65536","2097152","2097152","32","32","0","0","0","-","-","-","0","0","0","0","0","0","0","0","-","0","0","0","0","0","0","0","0","0","0","0","0","0","0","0","0","0","0","1","0","0","0","0","0","0","0","0","0","0","0","0","0","0","0","0","0","0","0","0","0"
"0x7f34975b2650","      F2FP.BF16.F32.PACK_AB R50, R49, R48","1","0","1","65536","2097152","2097152","32","32","0","0","0","-","-","-","0","0","0","0","0","0","0","0","-","0","0","0","0","0","0","0","0","0","0","0","0","0","0","0","0","0","0","1","0","0","0","0","0","0","0","0","0","0","0","0","0","0","0","0","0","0","0","0","0"
"0x7f34975b2660","      FMUL2 R40, R0.F32, R40.F32x2.HI_LO","3","0","3","65536","2097152","2097152","32","32","0","0","0","-","-","-","0","0","0","0","0","0","0","0","-","0","0","0","0","0","0","0","0","0","0","0","0","0","0","0","0","0","0","3","0","0","0","0","0","0","0","0","0","0","0","0","0","0","0","0","0","0","0","0","0"
"0x7f34975b2670","      F2FP.BF16.F32.PACK_AB R48, R45, R44","4","0","4","65536","2097152","2097152","32","32","0","0","0","-","-","-","0","0","0","0","0","0","0","0","-","0","0","0","0","0","0","0","0","0","0","0","0","0","0","0","0","0","0","4","0","0","0","0","0","0","0","0","0","0","0","0","0","0","0","0","0","0","0","0","0"
"0x7f34975b2680","      FMUL2 R66, R0.F32, R66.F32x2.HI_LO","3","0","3","65536","2097152","2097152","32","32","0","0","0","-","-","-","0","0","0","0","0","0","0","0","-","0","0","0","0","0","0","0","0","0","0","0","0","0","0","0","0","0","0","3","0","0","0","0","0","0","0","0","0","0","0","0","0","0","0","0","0","0","0","0","0"
"0x7f34975b2690","      F2FP.BF16.F32.PACK_AB R57, R3, R2","1","0","1","65536","2097152","2097152","32","32","0","0","0","-","-","-","0","0","0","0","0","0","0","0","-","0","0","0","0","0","0","0","0","0","0","0","0","0","0","0","0","0","0","1","0","0","0","0","0","0","0","0","0","0","0","0","0","0","0","0","0","0","0","0","0"
"0x7f34975b26a0","      FMUL2 R64, R0.F32, R64.F32x2.HI_LO","2","0","2","65536","2097152","2097152","32","32","0","0","0","-","-","-","0","0","0","0","0","0","0","0","-","0","0","0","0","0","0","0","0","0","0","0","0","0","0","0","0","0","0","2","0","0","0","0","0","0","0","0","0","0","0","0","0","0","0","0","0","0","0","0","0"
"0x7f34975b26b0","      F2FP.BF16.F32.PACK_AB R43, R43, R42","0","0","0","65536","2097152","2097152","32","32","0","0","0","-","-","-","0","0","0","0","0","0","0","0","-","0","0","0","0","0","0","0","0","0","0","0","0","0","0","0","0","0","0","0","0","0","0","0","0","0","0","0","0","0","0","0","0","0","0","0","0","0","0","0","0"
"0x7f34975b26c0","      FMUL2 R62, R0.F32, R62.F32x2.HI_LO","1","0","1","65536","2097152","2097152","32","32","0","0","0","-","-","-","0","0","0","0","0","0","0","0","-","0","0","0","0","0","0","0","0","0","0","0","0","0","0","0","0","0","0","1","0","0","0","0","0","0","0","0","0","0","0","0","0","0","0","0","0","0","0","0","0"
"0x7f34975b26d0","      F2FP.BF16.F32.PACK_AB R42, R41, R40","3","0","3","65536","2097152","2097152","32","32","0","0","0","-","-","-","0","0","0","0","0","0","0","0","-","0","0","0","0","0","0","0","0","0","0","0","0","0","0","0","0","0","0","3","0","0","0","0","0","0","0","0","0","0","0","0","0","0","0","0","0","0","0","0","0"
"0x7f34975b26e0","      FMUL2 R60, R0.F32, R60.F32x2.HI_LO","2","0","2","65536","2097152","2097152","32","32","0","0","0","-","-","-","0","0","0","0","0","0","0","0","-","0","0","0","0","0","0","0","0","0","0","0","0","0","0","0","0","0","0","2","0","0","0","0","0","0","0","0","0","0","0","0","0","0","0","0","0","0","0","0","0"
"0x7f34975b26f0","      FMUL2 R52, R0.F32, R52.F32x2.HI_LO","7","5","7","65536","2097152","2097152","32","32","0","0","0","-","-","-","0","0","0","0","0","0","0","0","-","0","0","0","0","0","0","0","0","0","0","0","0","0","0","0","0","0","0","2","0","0","0","5","0","0","0","0","0","0","0","0","0","0","0","0","0","0","0","0","5"
"0x7f34975b2700","      FMUL2 R46, R0.F32, R46.F32x2.HI_LO","5","3","5","65536","2097152","2097152","32","32","0","0","0","-","-","-","0","0","0","0","0","0","0","0","-","0","0","0","0","0","0","0","0","0","0","0","0","0","0","0","0","0","0","1","0","0","0","4","0","0","0","0","0","0","0","0","0","0","0","0","0","0","0","0","3"
"0x7f34975b2710","      FMUL2 R54, R0.F32, R38.F32x2.HI_LO","5","2","5","65536","2097152","2097152","32","32","0","0","0","-","-","-","0","0","0","0","0","0","0","0","-","0","0","0","0","0","0","0","0","1","0","0","0","0","0","0","0","0","0","2","0","0","0","2","0","0","0","0","0","0","0","0","0","0","0","0","0","0","0","0","2"
"0x7f34975b2720","      F2FP.BF16.F32.PACK_AB R39, R67, R66","2","0","2","65536","2097152","2097152","32","32","0","0","0","-","-","-","0","0","0","0","0","0","0","0","-","0","0","0","0","0","0","0","0","0","0","0","0","0","0","0","0","0","0","2","0","0","0","0","0","0","0","0","0","0","0","0","0","0","0","0","0","0","0","0","0"
"0x7f34975b2730","      F2FP.BF16.F32.PACK_AB R38, R65, R64","4","2","4","65536","2097152","2097152","32","32","0","0","0","-","-","-","0","0","0","0","0","0","0","0","-","0","0","0","0","0","0","0","0","0","0","0","0","0","0","0","0","0","0","2","0","0","0","2","0","0","0","0","0","0","0","0","0","0","0","0","0","0","0","0","2"
"0x7f34975b2740","      F2FP.BF16.F32.PACK_AB R49, R47, R46","7","1","7","65536","2097152","2097152","32","32","0","0","0","-","-","-","0","0","0","0","0","0","0","0","-","0","0","0","0","0","0","0","0","0","0","0","0","0","0","0","0","0","0","6","0","0","0","1","0","0","0","0","0","0","0","0","0","0","0","0","0","0","0","0","1"
"0x7f34975b2750","      FMUL2 R10, R0.F32, R10.F32x2.HI_LO","26","24","26","65536","2097152","2097152","32","32","0","0","0","-","-","-","0","0","0","0","0","0","0","0","-","0","0","0","0","0","0","0","0","0","0","0","0","0","0","0","0","0","0","0","26","0","0","0","0","0","0","0","0","0","0","0","0","0","0","0","0","24","0","0","0"
"0x7f34975b2760","      F2FP.BF16.F32.PACK_AB R41, R55, R54","0","0","0","65536","2097152","2097152","32","32","0","0","0","-","-","-","0","0","0","0","0","0","0","0","-","0","0","0","0","0","0","0","0","0","0","0","0","0","0","0","0","0","0","0","0","0","0","0","0","0","0","0","0","0","0","0","0","0","0","0","0","0","0","0","0"
"0x7f34975b2770","      FMUL2 R68, R0.F32, R36.F32x2.HI_LO","675","616","675","65536","2097152","2097152","32","32","0","0","0","-","-","-","0","0","0","0","0","0","0","0","-","0","0","0","0","0","0","0","0","0","0","0","675","0","0","0","0","0","0","0","0","0","0","0","0","0","0","0","0","616","0","0","0","0","0","0","0","0","0","0","0"
"0x7f34975b2780","      F2FP.BF16.F32.PACK_AB R37, R63, R62","2","0","2","65536","2097152","2097152","32","32","0","0","0","-","-","-","0","0","0","0","0","0","0","0","-","0","0","0","0","0","0","0","0","0","0","0","0","0","0","0","0","0","0","2","0","0","0","0","0","0","0","0","0","0","0","0","0","0","0","0","0","0","0","0","0"
"0x7f34975b2790","      FMUL2 R18, R0.F32, R18.F32x2.HI_LO","3","0","3","65536","2097152","2097152","32","32","0","0","0","-","-","-","0","0","0","0","0","0","0","0","-","0","0","0","0","0","0","0","0","0","0","0","0","0","0","0","0","0","0","3","0","0","0","0","0","0","0","0","0","0","0","0","0","0","0","0","0","0","0","0","0"
"0x7f34975b27a0","      F2FP.BF16.F32.PACK_AB R36, R61, R60","4","0","4","65536","2097152","2097152","32","32","0","0","0","-","-","-","0","0","0","0","0","0","0","0","-","0","0","0","0","0","0","0","0","0","0","0","0","0","0","0","0","0","0","4","0","0","0","0","0","0","0","0","0","0","0","0","0","0","0","0","0","0","0","0","0"
"0x7f34975b27b0","      FMUL2 R8, R0.F32, R8.F32x2.HI_LO","2","0","2","65536","2097152","2097152","32","32","0","0","0","-","-","-","0","0","0","0","0","0","0","0","-","0","0","0","0","0","0","0","0","0","0","0","0","0","0","0","0","0","0","2","0","0","0","0","0","0","0","0","0","0","0","0","0","0","0","0","0","0","0","0","0"
"0x7f34975b27c0","      F2FP.BF16.F32.PACK_AB R40, R69, R68","5","0","5","65536","2097152","2097152","32","32","0","0","0","-","-","-","0","0","0","0","0","0","0","0","-","0","0","0","0","0","0","0","0","0","0","0","0","0","0","0","0","0","0","5","0","0","0","0","0","0","0","0","0","0","0","0","0","0","0","0","0","0","0","0","0"
"0x7f34975b27d0","      FMUL2 R16, R0.F32, R16.F32x2.HI_LO","1","0","1","65536","2097152","2097152","32","32","0","0","0","-","-","-","0","0","0","0","0","0","0","0","-","0","0","0","0","0","0","0","0","0","0","0","0","0","0","0","0","0","0","1","0","0","0","0","0","0","0","0","0","0","0","0","0","0","0","0","0","0","0","0","0"
"0x7f34975b27e0","      F2FP.BF16.F32.PACK_AB R56, R53, R52","1","0","1","65536","2097152","2097152","32","32","0","0","0","-","-","-","0","0","0","0","0","0","0","0","-","0","0","0","0","0","0","0","0","0","0","0","0","0","0","0","0","0","0","1","0","0","0","0","0","0","0","0","0","0","0","0","0","0","0","0","0","0","0","0","0"
"0x7f34975b27f0","      FMUL2 R28, R0.F32, R28.F32x2.HI_LO","4","0","4","65536","2097152","2097152","32","32","0","0","0","-","-","-","0","0","0","0","0","0","0","0","-","0","0","0","0","0","0","0","0","0","0","0","0","0","0","0","0","0","0","4","0","0","0","0","0","0","0","0","0","0","0","0","0","0","0","0","0","0","0","0","0"
"0x7f34975b2800","      F2FP.BF16.F32.PACK_AB R19, R19, R18","1","0","1","65536","2097152","2097152","32","32","0","0","0","-","-","-","0","0","0","0","0","0","0","0","-","0","0","0","0","0","0","0","0","0","0","0","0","0","0","0","0","0","0","1","0","0","0","0","0","0","0","0","0","0","0","0","0","0","0","0","0","0","0","0","0"
"0x7f34975b2810","      FMUL2 R30, R0.F32, R30.F32x2.HI_LO","1","0","1","65536","2097152","2097152","32","32","0","0","0","-","-","-","0","0","0","0","0","0","0","0","-","0","0","0","0","0","0","0","0","0","0","0","0","0","0","0","0","0","0","1","0","0","0","0","0","0","0","0","0","0","0","0","0","0","0","0","0","0","0","0","0"
"0x7f34975b2820","      F2FP.BF16.F32.PACK_AB R11, R11, R10","0","0","0","65536","2097152","2097152","32","32","0","0","0","-","-","-","0","0","0","0","0","0","0","0","-","0","0","0","0","0","0","0","0","0","0","0","0","0","0","0","0","0","0","0","0","0","0","0","0","0","0","0","0","0","0","0","0","0","0","0","0","0","0","0","0"
"0x7f34975b2830","      FMUL2 R4, R0.F32, R4.F32x2.HI_LO","0","0","0","65536","2097152","2097152","32","32","0","0","0","-","-","-","0","0","0","0","0","0","0","0","-","0","0","0","0","0","0","0","0","0","0","0","0","0","0","0","0","0","0","0","0","0","0","0","0","0","0","0","0","0","0","0","0","0","0","0","0","0","0","0","0"
"0x7f34975b2840","      F2FP.BF16.F32.PACK_AB R18, R17, R16","0","0","0","65536","2097152","2097152","32","32","0","0","0","-","-","-","0","0","0","0","0","0","0","0","-","0","0","0","0","0","0","0","0","0","0","0","0","0","0","0","0","0","0","0","0","0","0","0","0","0","0","0","0","0","0","0","0","0","0","0","0","0","0","0","0"
"0x7f34975b2850","      FMUL2 R6, R0.F32, R6.F32x2.HI_LO","4","0","4","65536","2097152","2097152","32","32","0","0","0","-","-","-","0","0","0","0","0","0","0","0","-","0","0","0","0","0","0","0","0","0","0","0","0","0","0","0","0","0","0","4","0","0","0","0","0","0","0","0","0","0","0","0","0","0","0","0","0","0","0","0","0"
"0x7f34975b2860","      F2FP.BF16.F32.PACK_AB R10, R9, R8","3","0","3","65536","2097152","2097152","32","32","0","0","0","-","-","-","0","0","0","0","0","0","0","0","-","0","0","0","0","0","0","0","0","0","0","0","0","0","0","0","0","0","0","3","0","0","0","0","0","0","0","0","0","0","0","0","0","0","0","0","0","0","0","0","0"
"0x7f34975b2870","      FMUL2 R12, R0.F32, R12.F32x2.HI_LO","1","0","1","65536","2097152","2097152","32","32","0","0","0","-","-","-","0","0","0","0","0","0","0","0","-","0","0","0","0","0","0","0","0","0","0","0","0","0","0","0","0","0","0","1","0","0","0","0","0","0","0","0","0","0","0","0","0","0","0","0","0","0","0","0","0"
"0x7f34975b2880","      F2FP.BF16.F32.PACK_AB R8, R5, R4","3","0","3","65536","2097152","2097152","32","32","0","0","0","-","-","-","0","0","0","0","0","0","0","0","-","0","0","0","0","0","0","0","0","0","0","0","0","0","0","0","0","0","0","3","0","0","0","0","0","0","0","0","0","0","0","0","0","0","0","0","0","0","0","0","0"
"0x7f34975b2890","      FMUL2 R14, R0.F32, R14.F32x2.HI_LO","2","0","2","65536","2097152","2097152","32","32","0","0","0","-","-","-","0","0","0","0","0","0","0","0","-","0","0","0","0","0","0","0","0","0","0","0","0","0","0","0","0","0","0","2","0","0","0","0","0","0","0","0","0","0","0","0","0","0","0","0","0","0","0","0","0"
"0x7f34975b28a0","      F2FP.BF16.F32.PACK_AB R9, R7, R6","2","0","2","65536","2097152","2097152","32","32","0","0","0","-","-","-","0","0","0","0","0","0","0","0","-","0","0","0","0","0","0","0","0","0","0","0","0","0","0","0","0","0","0","2","0","0","0","0","0","0","0","0","0","0","0","0","0","0","0","0","0","0","0","0","0"
"0x7f34975b28b0","      FMUL2 R20, R0.F32, R20.F32x2.HI_LO","1","0","1","65536","2097152","2097152","32","32","0","0","0","-","-","-","0","0","0","0","0","0","0","0","-","0","0","0","0","0","0","0","0","0","0","0","0","0","0","0","0","0","0","1","0","0","0","0","0","0","0","0","0","0","0","0","0","0","0","0","0","0","0","0","0"
"0x7f34975b28c0","      F2FP.BF16.F32.PACK_AB R16, R13, R12","2","0","2","65536","2097152","2097152","32","32","0","0","0","-","-","-","0","0","0","0","0","0","0","0","-","0","0","0","0","0","0","0","0","0","0","0","0","0","0","0","0","0","0","2","0","0","0","0","0","0","0","0","0","0","0","0","0","0","0","0","0","0","0","0","0"
"0x7f34975b28d0","      FMUL2 R22, R0.F32, R22.F32x2.HI_LO","4","0","4","65536","2097152","2097152","32","32","0","0","0","-","-","-","0","0","0","0","0","0","0","0","-","0","0","0","0","0","0","0","0","0","0","0","0","0","0","0","0","0","0","4","0","0","0","0","0","0","0","0","0","0","0","0","0","0","0","0","0","0","0","0","0"
"0x7f34975b28e0","      F2FP.BF16.F32.PACK_AB R17, R15, R14","2","0","2","65536","2097152","2097152","32","32","0","0","0","-","-","-","0","0","0","0","0","0","0","0","-","0","0","0","0","0","0","0","0","0","0","0","0","0","0","0","0","0","0","2","0","0","0","0","0","0","0","0","0","0","0","0","0","0","0","0","0","0","0","0","0"
"0x7f34975b28f0","      FMUL2 R44, R0.F32, R24.F32x2.HI_LO","3","0","3","65536","2097152","2097152","32","32","0","0","0","-","-","-","0","0","0","0","0","0","0","0","-","0","0","0","0","0","0","0","0","0","0","0","0","0","0","0","0","0","0","3","0","0","0","0","0","0","0","0","0","0","0","0","0","0","0","0","0","0","0","0","0"
"0x7f34975b2900","      F2FP.BF16.F32.PACK_AB R25, R31, R30","0","0","0","65536","2097152","2097152","32","32","0","0","0","-","-","-","0","0","0","0","0","0","0","0","-","0","0","0","0","0","0","0","0","0","0","0","0","0","0","0","0","0","0","0","0","0","0","0","0","0","0","0","0","0","0","0","0","0","0","0","0","0","0","0","0"
"0x7f34975b2910","      FMUL2 R32, R0.F32, R32.F32x2.HI_LO","2","0","2","65536","2097152","2097152","32","32","0","0","0","-","-","-","0","0","0","0","0","0","0","0","-","0","0","0","0","0","0","0","0","0","0","0","0","0","0","0","0","0","0","2","0","0","0","0","0","0","0","0","0","0","0","0","0","0","0","0","0","0","0","0","0"
"0x7f34975b2920","      F2FP.BF16.F32.PACK_AB R24, R29, R28","1","0","1","65536","2097152","2097152","32","32","0","0","0","-","-","-","0","0","0","0","0","0","0","0","-","0","0","0","0","0","0","0","0","0","0","0","0","0","0","0","0","0","0","1","0","0","0","0","0","0","0","0","0","0","0","0","0","0","0","0","0","0","0","0","0"
"0x7f34975b2930","      FMUL2 R34, R0.F32, R34.F32x2.HI_LO","1","0","1","65536","2097152","2097152","32","32","0","0","0","-","-","-","0","0","0","0","0","0","0","0","-","0","0","0","0","0","0","0","0","0","0","0","0","0","0","0","0","0","0","1","0","0","0","0","0","0","0","0","0","0","0","0","0","0","0","0","0","0","0","0","0"
"0x7f34975b2940","      F2FP.BF16.F32.PACK_AB R30, R45, R44","1","0","1","65536","2097152","2097152","32","32","0","0","0","-","-","-","0","0","0","0","0","0","0","0","-","0","0","0","0","0","0","0","0","0","0","0","0","0","0","0","0","0","0","1","0","0","0","0","0","0","0","0","0","0","0","0","0","0","0","0","0","0","0","0","0"
"0x7f34975b2950","      FMUL2 R2, R0.F32, R26.F32x2.HI_LO","0","0","0","65536","2097152","2097152","32","32","0","0","0","-","-","-","0","0","0","0","0","0","0","0","-","0","0","0","0","0","0","0","0","0","0","0","0","0","0","0","0","0","0","0","0","0","0","0","0","0","0","0","0","0","0","0","0","0","0","0","0","0","0","0","0"
"0x7f34975b2960","      F2FP.BF16.F32.PACK_AB R26, R33, R32","0","0","0","65536","2097152","2097152","32","32","0","0","0","-","-","-","0","0","0","0","0","0","0","0","-","0","0","0","0","0","0","0","0","0","0","0","0","0","0","0","0","0","0","0","0","0","0","0","0","0","0","0","0","0","0","0","0","0","0","0","0","0","0","0","0"
"0x7f34975b2970","      STG.E.NA.ENL2.256 desc[UR8][R88.64+0x80], R40, R48","3","0","3","65536","2097152","2097152","32","32","0","0","0","Global","Store","-","0","0","0","0","0","0","0","0","","0","0","0","0","0","0","0","0","0","0","0","0","0","0","0","0","0","0","3","0","0","0","0","0","0","0","0","0","0","0","0","0","0","0","0","0","0","0","0","0"
"0x7f34975b2980","      F2FP.BF16.F32.PACK_AB R27, R35, R34","4","0","4","65536","2097152","2097152","32","32","0","0","0","-","-","-","0","0","0","0","0","0","0","0","-","0","0","0","0","0","0","0","0","0","0","0","0","0","0","0","0","0","0","4","0","0","0","0","0","0","0","0","0","0","0","0","0","0","0","0","0","0","0","0","0"
"0x7f34975b2990","      F2FP.BF16.F32.PACK_AB R31, R3, R2","6","3","6","65536","2097152","2097152","32","32","0","0","0","-","-","-","0","0","0","0","0","0","0","0","-","0","0","0","0","0","0","0","0","0","0","0","0","0","0","0","0","0","0","3","0","0","0","3","0","0","0","0","0","0","0","0","0","0","0","0","0","0","0","0","3"
"0x7f34975b29a0","      STG.E.NA.ENL2.256 desc[UR8][R88.64+0xa0], R56, R36","1","0","1","65536","2097152","2097152","32","32","0","0","0","Global","Store","-","0","0","0","0","0","0","0","0","","0","0","0","0","0","0","0","0","0","0","0","0","0","0","0","0","0","0","1","0","0","0","0","0","0","0","0","0","0","0","0","0","0","0","0","0","0","0","0","0"
"0x7f34975b29b0","      F2FP.BF16.F32.PACK_AB R29, R23, R22","4","0","4","65536","2097152","2097152","32","32","0","0","0","-","-","-","0","0","0","0","0","0","0","0","-","0","0","0","0","0","0","0","0","0","0","0","0","0","0","0","0","0","0","4","0","0","0","0","0","0","0","0","0","0","0","0","0","0","0","0","0","0","0","0","0"
"0x7f34975b29c0","      NOP","4","0","4","65536","2097152","2097152","32","32","0","0","0","-","-","-","0","0","0","0","0","0","0","0","-","0","0","0","0","0","0","0","0","0","0","0","0","0","0","0","0","0","0","4","0","0","0","0","0","0","0","0","0","0","0","0","0","0","0","0","0","0","0","0","0"
"0x7f34975b29d0","      F2FP.BF16.F32.PACK_AB R28, R21, R20","1","0","1","65536","2097152","2097152","32","32","0","0","0","-","-","-","0","0","0","0","0","0","0","0","-","0","0","0","0","0","0","0","0","0","0","0","0","0","0","0","0","0","0","1","0","0","0","0","0","0","0","0","0","0","0","0","0","0","0","0","0","0","0","0","0"
"0x7f34975b29e0","      STG.E.NA.ENL2.256 desc[UR8][R88.64+0xc0], R8, R16","0","0","0","65536","2097152","2097152","32","32","0","0","0","Global","Store","-","0","0","0","0","0","0","0","0","","0","0","0","0","0","0","0","0","0","0","0","0","0","0","0","0","0","0","0","0","0","0","0","0","0","0","0","0","0","0","0","0","0","0","0","0","0","0","0","0"
"0x7f34975b29f0","      STG.E.NA.ENL2.256 desc[UR8][R88.64+0xe0], R28, R24","2","1","2","65536","2097152","2097152","32","32","0","0","0","Global","Store","-","0","0","0","0","0","0","0","0","","0","0","0","0","0","0","0","0","0","0","0","0","0","0","0","0","0","0","1","0","0","0","1","0","0","0","0","0","0","0","0","0","0","0","0","0","0","0","0","1"
"0x7f34975b2a00","      NOP","3","0","3","65536","2097152","2097152","32","32","0","0","0","-","-","-","0","0","0","0","0","0","0","0","-","0","0","0","0","0","0","0","0","0","0","0","0","0","0","0","0","0","0","3","0","0","0","0","0","0","0","0","0","0","0","0","0","0","0","0","0","0","0","0","0"
"0x7f34975b2a10","      BAR.SYNC.DEFER_BLOCKING 0x1, 0x100","2","0","2","65536","2097152","2097152","32","32","0","0","0","-","-","-","0","0","0","0","0","0","0","0","-","0","0","0","0","0","0","0","0","0","0","0","0","0","0","0","0","0","0","2","0","0","0","0","0","0","0","0","0","0","0","0","0","0","0","0","0","0","0","0","0"
"0x7f34975b2a20","      NOP","583","519","583","65536","2097152","2097152","32","32","0","0","0","-","-","-","0","0","0","0","0","0","0","0","-","0","0","0","0","0","0","576","0","0","0","0","0","0","0","0","0","0","1","1","0","0","0","5","514","0","0","0","0","0","0","0","0","0","0","0","0","0","0","0","5"
"0x7f34975b2a30","@P0   EXIT","3","0","3","65536","2097152","1835008","32","28","4","4","0","-","-","-","0","0","0","0","0","0","0","0","-","0","0","0","0","0","0","0","0","0","0","0","0","0","0","0","0","0","0","3","0","0","0","0","0","0","0","0","0","0","0","0","0","0","0","0","0","0","0","0","0"
"0x7f34975b2a40","      S2UR UR5, SR_CgaCtaId","22","17","22","8192","262144","262144","32","32","4","0","0","-","-","-","0","0","0","0","0","0","0","0","-","0","0","0","0","0","0","0","10","0","0","0","0","0","0","0","0","0","0","1","0","0","0","11","0","10","0","0","0","0","0","0","0","0","0","0","0","0","0","0","7"
"0x7f34975b2a50","      UMOV UR4, 0x40","0","0","0","8192","262144","262144","32","32","0","0","0","-","-","-","0","0","0","0","0","0","0","0","-","0","0","0","0","0","0","0","0","0","0","0","0","0","0","0","0","0","0","0","0","0","0","0","0","0","0","0","0","0","0","0","0","0","0","0","0","0","0","0","0"
"0x7f34975b2a60","      NOP","0","0","0","8192","262144","262144","32","32","0","0","0","-","-","-","0","0","0","0","0","0","0","0","-","0","0","0","0","0","0","0","0","0","0","0","0","0","0","0","0","0","0","0","0","0","0","0","0","0","0","0","0","0","0","0","0","0","0","0","0","0","0","0","0"
"0x7f34975b2a70","      LOP3.LUT R2, R108, 0xffff, RZ, 0xc0, !PT","1","0","1","8192","262144","262144","32","32","0","0","0","-","-","-","0","0","0","0","0","0","0","0","-","0","0","0","0","0","0","0","0","0","0","0","0","0","0","0","0","0","0","1","0","0","0","0","0","0","0","0","0","0","0","0","0","0","0","0","0","0","0","0","0"
"0x7f34975b2a80","      IMAD.MOV.U32 R3, RZ, RZ, 0xffff","0","0","0","8192","262144","262144","32","32","0","0","0","-","-","-","0","0","0","0","0","0","0","0","-","0","0","0","0","0","0","0","0","0","0","0","0","0","0","0","0","0","0","0","0","0","0","0","0","0","0","0","0","0","0","0","0","0","0","0","0","0","0","0","0"
"0x7f34975b2a90","      IMAD.MOV.U32 R5, RZ, RZ, 0x1","0","0","0","8192","262144","262144","32","32","0","0","0","-","-","-","0","0","0","0","0","0","0","0","-","0","0","0","0","0","0","0","0","0","0","0","0","0","0","0","0","0","0","0","0","0","0","0","0","0","0","0","0","0","0","0","0","0","0","0","0","0","0","0","0"
"0x7f34975b2aa0","      SHF.R.U32.HI R2, RZ, 0x5, R2","2","0","2","8192","262144","262144","32","32","0","0","0","-","-","-","0","0","0","0","0","0","0","0","-","0","0","0","0","0","0","0","0","0","0","0","0","0","0","0","0","0","0","2","0","0","0","0","0","0","0","0","0","0","0","0","0","0","0","0","0","0","0","0","0"
"0x7f34975b2ab0","      SHF.L.U32 R3, R3, R2, RZ","2","2","2","8192","262144","262144","32","32","0","0","0","-","-","-","0","0","0","0","0","0","0","0","-","0","0","0","0","0","0","0","0","0","0","0","0","0","0","0","0","0","0","0","0","0","0","2","0","0","0","0","0","0","0","0","0","0","0","0","0","0","0","0","2"
"0x7f34975b2ac0","      SHF.L.U32 R5, R5, R2, RZ","0","0","0","8192","262144","262144","32","32","0","0","0","-","-","-","0","0","0","0","0","0","0","0","-","0","0","0","0","0","0","0","0","0","0","0","0","0","0","0","0","0","0","0","0","0","0","0","0","0","0","0","0","0","0","0","0","0","0","0","0","0","0","0","0"
"0x7f34975b2ad0","      ULEA UR5, UR5, UR4, 0x18","6","5","6","8192","262144","262144","32","32","0","0","0","-","-","-","0","0","0","0","0","0","0","0","-","0","0","0","0","0","0","0","0","0","0","0","0","0","0","0","0","0","0","1","5","0","0","0","0","0","0","0","0","0","0","0","0","0","0","0","0","5","0","0","0"
"0x7f34975b2ae0","      LDS R0, [UR5+0x14]","5","5","5","8192","262144","262144","32","32","0","0","0","Shared","Load","32","0","1","0","8192","8192","0","0","0","-","0","0","0","0","0","0","0","0","0","0","0","0","0","0","0","0","0","0","0","0","0","0","5","0","0","0","0","0","0","0","0","0","0","0","0","0","0","0","0","5"
"0x7f34975b2af0","      LOP3.LUT R0, R0, R3, RZ, 0xc0, !PT","311","311","311","8192","262144","262144","32","32","0","0","0","-","-","-","0","0","0","0","0","0","0","0","-","0","0","0","0","0","0","0","0","0","0","0","0","0","0","0","0","0","0","0","311","0","0","0","0","0","0","0","0","0","0","0","0","0","0","0","0","311","0","0","0"
"0x7f34975b2b00","      ISETP.NE.AND P0, PT, R0, R3, PT","1","1","1","8192","262144","262144","32","32","0","0","0","-","-","-","0","0","0","0","0","0","0","0","-","0","0","0","0","0","0","0","0","0","0","0","0","0","0","0","0","0","0","0","0","0","0","1","0","0","0","0","0","0","0","0","0","0","0","0","0","0","0","0","1"
"0x7f34975b2b10","@P0   BRA 0x7f34975b2c90","2","2","2","8192","262144","0","32","0","32","32","0","-","-","-","0","0","0","0","0","0","0","0","-","0","0","0","0","0","0","0","0","0","0","0","0","0","0","0","0","0","0","0","0","0","0","2","0","0","0","0","0","0","0","0","0","0","0","0","0","0","0","0","2"
"0x7f34975b2b20","      LDS R0, [UR5+0x18]","0","0","0","8192","262144","262144","32","32","32","0","0","Shared","Load","32","0","1","0","8192","8192","0","0","0","-","0","0","0","0","0","0","0","0","0","0","0","0","0","0","0","0","0","0","0","0","0","0","0","0","0","0","0","0","0","0","0","0","0","0","0","0","0","0","0","0"
"0x7f34975b2b30","      LOP3.LUT R0, R0, R5, RZ, 0xc0, !PT","6","6","6","8192","262144","262144","32","32","0","0","0","-","-","-","0","0","0","0","0","0","0","0","-","0","0","0","0","0","0","0","0","0","0","0","0","0","0","0","0","0","0","0","6","0","0","0","0","0","0","0","0","0","0","0","0","0","0","0","0","6","0","0","0"
"0x7f34975b2b40","      ISETP.NE.AND P0, PT, R0, R5, PT","2","0","2","8192","262144","262144","32","32","0","0","0","-","-","-","0","0","0","0","0","0","0","0","-","0","0","0","0","0","0","0","0","0","0","0","0","0","0","0","0","0","0","2","0","0","0","0","0","0","0","0","0","0","0","0","0","0","0","0","0","0","0","0","0"
"0x7f34975b2b50","@P0   BRA 0x7f34975b2c60","7","7","7","8192","262144","0","32","0","32","32","0","-","-","-","0","0","0","0","0","0","0","0","-","0","0","0","0","0","0","0","0","0","0","0","0","0","0","0","0","0","0","0","0","0","0","7","0","0","0","0","0","0","0","0","0","0","0","0","0","0","0","0","7"
"0x7f34975b2b60","      R2UR UR4, R3","1","1","1","8192","262144","262144","32","32","32","0","0","-","-","-","0","0","0","0","0","0","0","0","-","0","0","0","0","0","0","0","0","0","0","0","0","0","0","0","0","0","0","0","0","0","0","1","0","0","0","0","0","0","0","0","0","0","0","0","0","0","0","0","1"
"0x7f34975b2b70","      S2R R2, SR_LANEID","0","0","0","8192","262144","262144","32","32","0","0","0","-","-","-","0","0","0","0","0","0","0","0","-","0","0","0","0","0","0","0","0","0","0","0","0","0","0","0","0","0","0","0","0","0","0","0","0","0","0","0","0","0","0","0","0","0","0","0","0","0","0","0","0"
"0x7f34975b2b80","      LOP3.LUT R5, RZ, R5, RZ, 0x33, !PT","0","0","0","8192","262144","262144","32","32","0","0","0","-","-","-","0","0","0","0","0","0","0","0","-","0","0","0","0","0","0","0","0","0","0","0","0","0","0","0","0","0","0","0","0","0","0","0","0","0","0","0","0","0","0","0","0","0","0","0","0","0","0","0","0"
"0x7f34975b2b90","      REDUX UR7, R5","1","1","1","8192","262144","262144","32","32","0","0","0","-","-","-","0","0","0","0","0","0","0","0","-","0","0","0","0","0","0","0","0","0","0","0","0","0","0","0","0","0","0","0","0","0","0","1","0","0","0","0","0","0","0","0","0","0","0","0","0","0","0","0","1"
"0x7f34975b2ba0","      ULOP3.LUT UR6, URZ, UR4, URZ, 0x33, !UPT","2","1","2","8192","262144","262144","32","32","0","0","0","-","-","-","0","0","0","0","0","0","0","0","-","0","0","0","0","0","0","0","0","0","0","0","0","0","0","0","0","0","0","1","0","0","0","1","0","0","0","0","0","0","0","0","0","0","0","0","0","0","0","0","1"
"0x7f34975b2bb0","      VOTEU.ANY UR4, UPT, PT","1","0","1","8192","262144","262144","32","32","0","0","0","-","-","-","0","0","0","0","0","0","0","0","-","0","0","0","0","0","0","0","0","0","0","0","0","0","0","0","0","0","0","1","0","0","0","0","0","0","0","0","0","0","0","0","0","0","0","0","0","0","0","0","0"
"0x7f34975b2bc0","      UFLO.U32 UR4, UR4","1","0","1","8192","262144","262144","32","32","0","0","0","-","-","-","0","0","0","0","0","0","0","0","-","0","0","0","0","0","0","0","0","0","0","0","0","0","0","0","0","0","0","1","0","0","0","0","0","0","0","0","0","0","0","0","0","0","0","0","0","0","0","0","0"
"0x7f34975b2bd0","      IMAD.U32 R0, RZ, RZ, UR6","0","0","0","8192","262144","262144","32","32","0","0","0","-","-","-","0","0","0","0","0","0","0","0","-","0","0","0","0","0","0","0","0","0","0","0","0","0","0","0","0","0","0","0","0","0","0","0","0","0","0","0","0","0","0","0","0","0","0","0","0","0","0","0","0"
"0x7f34975b2be0","      REDUX UR8, R0","0","0","0","8192","262144","262144","32","32","0","0","0","-","-","-","0","0","0","0","0","0","0","0","-","0","0","0","0","0","0","0","0","0","0","0","0","0","0","0","0","0","0","0","0","0","0","0","0","0","0","0","0","0","0","0","0","0","0","0","0","0","0","0","0"
"0x7f34975b2bf0","      UTCATOMSWS.AND URZ, UR6","0","0","0","8192","262144","262144","32","32","0","0","0","-","-","-","0","0","0","0","0","0","0","0","-","0","0","0","0","0","0","0","0","0","0","0","0","0","0","0","0","0","0","0","0","0","0","0","0","0","0","0","0","0","0","0","0","0","0","0","0","0","0","0","0"
"0x7f34975b2c00","      ISETP.EQ.U32.AND P0, PT, R2, UR4, PT","1","1","1","8192","262144","262144","32","32","0","0","0","-","-","-","0","0","0","0","0","0","0","0","-","0","0","0","0","0","0","0","0","0","0","0","0","0","0","0","0","0","0","0","1","0","0","0","0","0","0","0","0","0","0","0","0","0","0","0","0","1","0","0","0"
"0x7f34975b2c10","      IMAD.U32 R2, RZ, RZ, UR7","4","4","4","8192","262144","262144","32","32","0","0","0","-","-","-","0","0","0","0","0","0","0","0","-","0","0","0","0","0","0","0","0","0","0","0","0","0","0","0","0","0","0","0","4","0","0","0","0","0","0","0","0","0","0","0","0","0","0","0","0","4","0","0","0"
"0x7f34975b2c20","      IMAD.U32 R3, RZ, RZ, UR8","3","2","3","8192","262144","262144","32","32","0","0","0","-","-","-","0","0","0","0","0","0","0","0","-","0","0","0","0","0","0","0","0","0","0","0","0","0","0","0","0","0","0","0","3","0","0","0","0","0","0","0","0","0","0","0","0","0","0","0","0","2","0","0","0"
"0x7f34975b2c30","@P0   ATOMS.AND RZ, [UR5+0x14], R3","7","5","7","8192","262144","8192","32","1","31","31","0","Shared","Atomic","32","0","1","0","8192","8192","0","0","0","-","0","0","0","0","0","0","0","0","0","0","0","0","0","0","0","0","0","0","1","0","0","0","6","0","0","0","0","0","0","0","0","0","0","0","0","0","0","0","0","5"
"0x7f34975b2c40","@P0   ATOMS.AND RZ, [UR5+0x18], R2","1","1","1","8192","262144","8192","32","1","0","31","0","Shared","Atomic","32","0","1","0","8192","8192","0","0","0","-","0","0","0","0","0","0","0","0","0","0","0","0","0","0","0","0","0","0","0","0","0","0","1","0","0","0","0","0","0","0","0","0","0","0","0","0","0","0","0","1"
"0x7f34975b2c50","      BRA 0x7f34975b2cb0","0","0","0","8192","262144","262144","32","32","31","0","0","-","-","-","0","0","0","0","0","0","0","0","-","0","0","0","0","0","0","0","0","0","0","0","0","0","0","0","0","0","0","0","0","0","0","0","0","0","0","0","0","0","0","0","0","0","0","0","0","0","0","0","0"
"0x7f34975b2c60","      MOV R2, 0x5300","5","4","5","0","0","0","0","0","32","32","0","-","-","-","0","0","0","0","0","0","0","0","-","0","0","0","0","0","0","0","0","0","0","0","0","0","0","0","0","0","0","0","0","0","0","5","0","0","0","0","0","0","0","0","0","0","0","0","0","0","0","0","4"
"0x7f34975b2c70","      CALL.REL.NOINC 0x7f34975b2fa0","0","0","0","0","0","0","0","0","0","32","0","-","-","-","0","0","0","0","0","0","0","0","-","0","0","0","0","0","0","0","0","0","0","0","0","0","0","0","0","0","0","0","0","0","0","0","0","0","0","0","0","0","0","0","0","0","0","0","0","0","0","0","0"
"0x7f34975b2c80","      BRA 0x7f34975b2cb0","0","0","0","0","0","0","0","0","0","32","0","-","-","-","0","0","0","0","0","0","0","0","-","0","0","0","0","0","0","0","0","0","0","0","0","0","0","0","0","0","0","0","0","0","0","0","0","0","0","0","0","0","0","0","0","0","0","0","0","0","0","0","0"
"0x7f34975b2c90","      MOV R2, 0x5330","0","0","0","0","0","0","0","0","0","32","0","-","-","-","0","0","0","0","0","0","0","0","-","0","0","0","0","0","0","0","0","0","0","0","0","0","0","0","0","0","0","0","0","0","0","0","0","0","0","0","0","0","0","0","0","0","0","0","0","0","0","0","0"
"0x7f34975b2ca0","      CALL.REL.NOINC 0x7f34975b2fd0","0","0","0","0","0","0","0","0","0","32","0","-","-","-","0","0","0","0","0","0","0","0","-","0","0","0","0","0","0","0","0","0","0","0","0","0","0","0","0","0","0","0","0","0","0","0","0","0","0","0","0","0","0","0","0","0","0","0","0","0","0","0","0"
"0x7f34975b2cb0","      NOP","0","0","0","8192","262144","262144","32","32","32","0","0","-","-","-","0","0","0","0","0","0","0","0","-","0","0","0","0","0","0","0","0","0","0","0","0","0","0","0","0","0","0","0","0","0","0","0","0","0","0","0","0","0","0","0","0","0","0","0","0","0","0","0","0"
"0x7f34975b2cc0","      EXIT","1","0","1","8192","262144","262144","32","32","0","0","0","-","-","-","0","0","0","0","0","0","0","0","-","0","0","0","0","0","0","0","0","0","0","0","0","0","0","0","0","0","0","1","0","0","0","0","0","0","0","0","0","0","0","0","0","0","0","0","0","0","0","0","0"
"0x7f34975b2cd0","      MOV R0, UR7","50","50","50","425193","13606176","13606176","32","32","0","0","0","-","-","-","0","0","0","0","0","0","0","0","-","0","0","0","0","0","0","0","45","0","0","0","0","0","0","0","0","0","0","0","0","0","0","5","0","45","0","0","0","0","0","0","0","0","0","0","0","0","0","0","5"
"0x7f34975b2ce0","      SYNCS.PHASECHK.TRANS64.TRYWAIT P3, [R0+URZ+0x2f958], R5","0","0","0","1618361","51787552","51787552","32","32","0","0","0","-","-","-","0","0","0","0","0","0","0","0","-","0","0","0","0","0","0","0","0","0","0","0","0","0","0","0","0","0","0","0","0","0","0","0","0","0","0","0","0","0","0","0","0","0","0","0","0","0","0","0","0"
"0x7f34975b2cf0","@!P3  NANOSLEEP.SYNCS 0x989680","0","0","0","1618361","51787552","38944480","32","24","8","8","0","-","-","-","0","0","0","0","0","0","0","0","-","0","0","0","0","0","0","0","0","0","0","0","0","0","0","0","0","0","0","0","0","0","0","0","0","0","0","0","0","0","0","0","0","0","0","0","0","0","0","0","0"
"0x7f34975b2d00","@!P3  SYNCS.PHASECHK.TRANS64 P3, [R0+URZ+0x2f958], R5","0","0","0","1618361","51787552","38944480","32","24","0","8","0","-","-","-","0","0","0","0","0","0","0","0","-","0","0","0","0","0","0","0","0","0","0","0","0","0","0","0","0","0","0","0","0","0","0","0","0","0","0","0","0","0","0","0","0","0","0","0","0","0","0","0","0"
"0x7f34975b2d10","@!P3  BRA 0x7f34975b2ce0","0","0","0","1618361","51787552","38181376","32","23","1","9","0","-","-","-","0","0","0","0","0","0","0","0","-","0","0","0","0","0","0","0","0","0","0","0","0","0","0","0","0","0","0","0","0","0","0","0","0","0","0","0","0","0","0","0","0","0","0","0","0","0","0","0","0"
"0x7f34975b2d20","      BRA 0x7f34975ae390","0","0","0","425193","13606176","13606176","32","32","9","0","0","-","-","-","0","0","0","0","0","0","0","0","-","0","0","0","0","0","0","0","0","0","0","0","0","0","0","0","0","0","0","0","0","0","0","0","0","0","0","0","0","0","0","0","0","0","0","0","0","0","0","0","0"
"0x7f34975b2d30","      MOV R3, UR4","0","0","0","8192","262144","262144","32","32","0","0","0","-","-","-","0","0","0","0","0","0","0","0","-","0","0","0","0","0","0","0","0","0","0","0","0","0","0","0","0","0","0","0","0","0","0","0","0","0","0","0","0","0","0","0","0","0","0","0","0","0","0","0","0"
"0x7f34975b2d40","      SYNCS.PHASECHK.TRANS64.TRYWAIT P0, [R3+URZ+0x2f938], R4","0","0","0","12173","389536","389536","32","32","0","0","0","-","-","-","0","0","0","0","0","0","0","0","-","0","0","0","0","0","0","0","0","0","0","0","0","0","0","0","0","0","0","0","0","0","0","0","0","0","0","0","0","0","0","0","0","0","0","0","0","0","0","0","0"
"0x7f34975b2d50","@!P0  NANOSLEEP.SYNCS 0x989680","0","0","0","12173","389536","262048","32","21","11","11","0","-","-","-","0","0","0","0","0","0","0","0","-","0","0","0","0","0","0","0","0","0","0","0","0","0","0","0","0","0","0","0","0","0","0","0","0","0","0","0","0","0","0","0","0","0","0","0","0","0","0","0","0"
"0x7f34975b2d60","@!P0  SYNCS.PHASECHK.TRANS64 P0, [R3+URZ+0x2f938], R4","0","0","0","12173","389536","262048","32","21","0","11","0","-","-","-","0","0","0","0","0","0","0","0","-","0","0","0","0","0","0","0","0","0","0","0","0","0","0","0","0","0","0","0","0","0","0","0","0","0","0","0","0","0","0","0","0","0","0","0","0","0","0","0","0"
"0x7f34975b2d70","@!P0  BRA 0x7f34975b2d40","0","0","0","12173","389536","127392","32","10","11","22","0","-","-","-","0","0","0","0","0","0","0","0","-","0","0","0","0","0","0","0","0","0","0","0","0","0","0","0","0","0","0","0","0","0","0","0","0","0","0","0","0","0","0","0","0","0","0","0","0","0","0","0","0"
"0x7f34975b2d80","      BRA 0x7f34975af6a0","0","0","0","8192","262144","262144","32","32","22","0","0","-","-","-","0","0","0","0","0","0","0","0","-","0","0","0","0","0","0","0","0","0","0","0","0","0","0","0","0","0","0","0","0","0","0","0","0","0","0","0","0","0","0","0","0","0","0","0","0","0","0","0","0"
"0x7f34975b2d90","      MOV R2, UR5","0","0","0","11106","355392","355392","32","32","0","0","0","-","-","-","0","0","0","0","0","0","0","0","-","0","0","0","0","0","0","0","0","0","0","0","0","0","0","0","0","0","0","0","0","0","0","0","0","0","0","0","0","0","0","0","0","0","0","0","0","0","0","0","0"
"0x7f34975b2da0","      SYNCS.PHASECHK.TRANS64.TRYWAIT P0, [R2+URZ+0x2f948], R7","0","0","0","137138","4388416","4388416","32","32","0","0","0","-","-","-","0","0","0","0","0","0","0","0","-","0","0","0","0","0","0","0","0","0","0","0","0","0","0","0","0","0","0","0","0","0","0","0","0","0","0","0","0","0","0","0","0","0","0","0","0","0","0","0","0"
"0x7f34975b2db0","@!P0  NANOSLEEP.SYNCS 0x989680","0","0","0","137138","4388416","4112800","32","29","3","3","0","-","-","-","0","0","0","0","0","0","0","0","-","0","0","0","0","0","0","0","0","0","0","0","0","0","0","0","0","0","0","0","0","0","0","0","0","0","0","0","0","0","0","0","0","0","0","0","0","0","0","0","0"
"0x7f34975b2dc0","@!P0  SYNCS.PHASECHK.TRANS64 P0, [R2+URZ+0x2f948], R7","0","0","0","137138","4388416","4112800","32","29","0","3","0","-","-","-","0","0","0","0","0","0","0","0","-","0","0","0","0","0","0","0","0","0","0","0","0","0","0","0","0","0","0","0","0","0","0","0","0","0","0","0","0","0","0","0","0","0","0","0","0","0","0","0","0"
"0x7f34975b2dd0","@!P0  BRA 0x7f34975b2da0","0","0","0","137138","4388416","4033024","32","29","0","3","0","-","-","-","0","0","0","0","0","0","0","0","-","0","0","0","0","0","0","0","0","0","0","0","0","0","0","0","0","0","0","0","0","0","0","0","0","0","0","0","0","0","0","0","0","0","0","0","0","0","0","0","0"
"0x7f34975b2de0","      BRA 0x7f34975afcf0","0","0","0","11106","355392","355392","32","32","3","0","0","-","-","-","0","0","0","0","0","0","0","0","-","0","0","0","0","0","0","0","0","0","0","0","0","0","0","0","0","0","0","0","0","0","0","0","0","0","0","0","0","0","0","0","0","0","0","0","0","0","0","0","0"
"0x7f34975b2df0","      MOV R3, UR4","0","0","0","131072","4194304","4194304","32","32","0","0","0","-","-","-","0","0","0","0","0","0","0","0","-","0","0","0","0","0","0","0","0","0","0","0","0","0","0","0","0","0","0","0","0","0","0","0","0","0","0","0","0","0","0","0","0","0","0","0","0","0","0","0","0"
"0x7f34975b2e00","      SYNCS.PHASECHK.TRANS64.TRYWAIT P0, [R3+URZ+0x2f930], R2","0","0","0","2433678","77877696","77877696","32","32","0","0","0","-","-","-","0","0","0","0","0","0","0","0","-","0","0","0","0","0","0","0","0","0","0","0","0","0","0","0","0","0","0","0","0","0","0","0","0","0","0","0","0","0","0","0","0","0","0","0","0","0","0","0","0"
"0x7f34975b2e10","@!P0  NANOSLEEP.SYNCS 0x989680","0","0","0","2433678","77877696","73888096","32","30","2","2","0","-","-","-","0","0","0","0","0","0","0","0","-","0","0","0","0","0","0","0","0","0","0","0","0","0","0","0","0","0","0","0","0","0","0","0","0","0","0","0","0","0","0","0","0","0","0","0","0","0","0","0","0"
"0x7f34975b2e20","@!P0  SYNCS.PHASECHK.TRANS64 P0, [R3+URZ+0x2f930], R2","0","0","0","2433678","77877696","73888096","32","30","0","2","0","-","-","-","0","0","0","0","0","0","0","0","-","0","0","0","0","0","0","0","0","0","0","0","0","0","0","0","0","0","0","0","0","0","0","0","0","0","0","0","0","0","0","0","0","0","0","0","0","0","0","0","0"
"0x7f34975b2e30","@!P0  BRA 0x7f34975b2e00","0","0","0","2433678","77877696","73683392","32","30","0","2","0","-","-","-","0","0","0","0","0","0","0","0","-","0","0","0","0","0","0","0","0","0","0","0","0","0","0","0","0","0","0","0","0","0","0","0","0","0","0","0","0","0","0","0","0","0","0","0","0","0","0","0","0"
"0x7f34975b2e40","      BRA 0x7f34975b0370","0","0","0","131072","4194304","4194304","32","32","2","0","0","-","-","-","0","0","0","0","0","0","0","0","-","0","0","0","0","0","0","0","0","0","0","0","0","0","0","0","0","0","0","0","0","0","0","0","0","0","0","0","0","0","0","0","0","0","0","0","0","0","0","0","0"
"0x7f34975b2e50","      MOV R0, UR4","0","0","0","57344","1835008","1835008","32","32","0","0","0","-","-","-","0","0","0","0","0","0","0","0","-","0","0","0","0","0","0","0","0","0","0","0","0","0","0","0","0","0","0","0","0","0","0","0","0","0","0","0","0","0","0","0","0","0","0","0","0","0","0","0","0"
"0x7f34975b2e60","      SYNCS.PHASECHK.TRANS64.TRYWAIT P0, [R0+URZ+0x2f938], R3","0","0","0","95819","3066208","3066208","32","32","0","0","0","-","-","-","0","0","0","0","0","0","0","0","-","0","0","0","0","0","0","0","0","0","0","0","0","0","0","0","0","0","0","0","0","0","0","0","0","0","0","0","0","0","0","0","0","0","0","0","0","0","0","0","0"
"0x7f34975b2e70","@!P0  NANOSLEEP.SYNCS 0x989680","0","0","0","95819","3066208","1834496","32","19","13","13","0","-","-","-","0","0","0","0","0","0","0","0","-","0","0","0","0","0","0","0","0","0","0","0","0","0","0","0","0","0","0","0","0","0","0","0","0","0","0","0","0","0","0","0","0","0","0","0","0","0","0","0","0"
"0x7f34975b2e80","@!P0  SYNCS.PHASECHK.TRANS64 P0, [R0+URZ+0x2f938], R3","0","0","0","95819","3066208","1834496","32","19","0","13","0","-","-","-","0","0","0","0","0","0","0","0","-","0","0","0","0","0","0","0","0","0","0","0","0","0","0","0","0","0","0","0","0","0","0","0","0","0","0","0","0","0","0","0","0","0","0","0","0","0","0","0","0"
"0x7f34975b2e90","@!P0  BRA 0x7f34975b2e60","0","0","0","95819","3066208","1231200","32","12","7","20","0","-","-","-","0","0","0","0","0","0","0","0","-","0","0","0","0","0","0","0","0","0","0","0","0","0","0","0","0","0","0","0","0","0","0","0","0","0","0","0","0","0","0","0","0","0","0","0","0","0","0","0","0"
"0x7f34975b2ea0","      BRA 0x7f34975b0670","0","0","0","57344","1835008","1835008","32","32","20","0","0","-","-","-","0","0","0","0","0","0","0","0","-","0","0","0","0","0","0","0","0","0","0","0","0","0","0","0","0","0","0","0","0","0","0","0","0","0","0","0","0","0","0","0","0","0","0","0","0","0","0","0","0"
"0x7f34975b2eb0","      SYNCS.PHASECHK.TRANS64.TRYWAIT P0, [R3+URZ+0x2f948], R2","0","0","0","1288454","41230528","41230528","32","32","0","0","0","-","-","-","0","0","0","0","0","0","0","0","-","0","0","0","0","0","0","0","0","0","0","0","0","0","0","0","0","0","0","0","0","0","0","0","0","0","0","0","0","0","0","0","0","0","0","0","0","0","0","0","0"
"0x7f34975b2ec0","@!P0  NANOSLEEP.SYNCS 0x989680","0","0","0","1288454","41230528","39541600","32","30","2","2","0","-","-","-","0","0","0","0","0","0","0","0","-","0","0","0","0","0","0","0","0","0","0","0","0","0","0","0","0","0","0","0","0","0","0","0","0","0","0","0","0","0","0","0","0","0","0","0","0","0","0","0","0"
"0x7f34975b2ed0","@!P0  SYNCS.PHASECHK.TRANS64 P0, [R3+URZ+0x2f948], R2","0","0","0","1288454","41230528","39541600","32","30","0","2","0","-","-","-","0","0","0","0","0","0","0","0","-","0","0","0","0","0","0","0","0","0","0","0","0","0","0","0","0","0","0","0","0","0","0","0","0","0","0","0","0","0","0","0","0","0","0","0","0","0","0","0","0"
"0x7f34975b2ee0","@!P0  BRA 0x7f34975b2eb0","0","0","0","1288454","41230528","39133376","32","30","0","2","0","-","-","-","0","0","0","0","0","0","0","0","-","0","0","0","0","0","0","0","0","0","0","0","0","0","0","0","0","0","0","0","0","0","0","0","0","0","0","0","0","0","0","0","0","0","0","0","0","0","0","0","0"
"0x7f34975b2ef0","      BRA 0x7f34975b0a10","0","0","0","65536","2097152","2097152","32","32","2","0","0","-","-","-","0","0","0","0","0","0","0","0","-","0","0","0","0","0","0","0","0","0","0","0","0","0","0","0","0","0","0","0","0","0","0","0","0","0","0","0","0","0","0","0","0","0","0","0","0","0","0","0","0"
"0x7f34975b2f00","      SYNCS.PHASECHK.TRANS64.TRYWAIT P0, [R109+URZ+0x2f920], R110","0","0","0","5366760","171736320","171736320","32","32","0","0","0","-","-","-","0","0","0","0","0","0","0","0","-","0","0","0","0","0","0","0","0","0","0","0","0","0","0","0","0","0","0","0","0","0","0","0","0","0","0","0","0","0","0","0","0","0","0","0","0","0","0","0","0"
"0x7f34975b2f10","@!P0  NANOSLEEP.SYNCS 0x989680","0","0","0","5366760","171736320","139286304","32","25","7","7","0","-","-","-","0","0","0","0","0","0","0","0","-","0","0","0","0","0","0","0","0","0","0","0","0","0","0","0","0","0","0","0","0","0","0","0","0","0","0","0","0","0","0","0","0","0","0","0","0","0","0","0","0"
"0x7f34975b2f20","@!P0  SYNCS.PHASECHK.TRANS64 P0, [R109+URZ+0x2f920], R110","0","0","0","5366760","171736320","139286304","32","25","0","7","0","-","-","-","0","0","0","0","0","0","0","0","-","0","0","0","0","0","0","0","0","0","0","0","0","0","0","0","0","0","0","0","0","0","0","0","0","0","0","0","0","0","0","0","0","0","0","0","0","0","0","0","0"
"0x7f34975b2f30","@!P0  BRA 0x7f34975b2f00","0","0","0","5366760","171736320","138181888","32","25","0","7","0","-","-","-","0","0","0","0","0","0","0","0","-","0","0","0","0","0","0","0","0","0","0","0","0","0","0","0","0","0","0","0","0","0","0","0","0","0","0","0","0","0","0","0","0","0","0","0","0","0","0","0","0"
"0x7f34975b2f40","      BRA 0x7f34975b0b20","0","0","0","1048576","33554432","33554432","32","32","7","0","0","-","-","-","0","0","0","0","0","0","0","0","-","0","0","0","0","0","0","0","0","0","0","0","0","0","0","0","0","0","0","0","0","0","0","0","0","0","0","0","0","0","0","0","0","0","0","0","0","0","0","0","0"
"0x7f34975b2f50","      SYNCS.PHASECHK.TRANS64.TRYWAIT P1, [R109+URZ+0x2f928], R110","0","0","0","3395478","108655296","108655296","32","32","0","0","0","-","-","-","0","0","0","0","0","0","0","0","-","0","0","0","0","0","0","0","0","0","0","0","0","0","0","0","0","0","0","0","0","0","0","0","0","0","0","0","0","0","0","0","0","0","0","0","0","0","0","0","0"
"0x7f34975b2f60","@!P1  NANOSLEEP.SYNCS 0x989680","0","0","0","3395478","108655296","77906304","32","22","10","10","0","-","-","-","0","0","0","0","0","0","0","0","-","0","0","0","0","0","0","0","0","0","0","0","0","0","0","0","0","0","0","0","0","0","0","0","0","0","0","0","0","0","0","0","0","0","0","0","0","0","0","0","0"
"0x7f34975b2f70","@!P1  SYNCS.PHASECHK.TRANS64 P1, [R109+URZ+0x2f928], R110","0","0","0","3395478","108655296","77906304","32","22","0","10","0","-","-","-","0","0","0","0","0","0","0","0","-","0","0","0","0","0","0","0","0","0","0","0","0","0","0","0","0","0","0","0","0","0","0","0","0","0","0","0","0","0","0","0","0","0","0","0","0","0","0","0","0"
"0x7f34975b2f80","@!P1  BRA 0x7f34975b2f50","0","0","0","3395478","108655296","75100864","32","22","0","10","0","-","-","-","0","0","0","0","0","0","0","0","-","0","0","0","0","0","0","0","0","0","0","0","0","0","0","0","0","0","0","0","0","0","0","0","0","0","0","0","0","0","0","0","0","0","0","0","0","0","0","0","0"
"0x7f34975b2f90","      BRA 0x7f34975b1ca0","0","0","0","1048576","33554432","33554432","32","32","10","0","0","-","-","-","0","0","0","0","0","0","0","0","-","0","0","0","0","0","0","0","0","0","0","0","0","0","0","0","0","0","0","0","0","0","0","0","0","0","0","0","0","0","0","0","0","0","0","0","0","0","0","0","0"
"0x7f34975b2fa0","      BPT.TRAP 0x1","0","0","0","0","0","0","0","0","32","32","0","-","-","-","0","0","0","0","0","0","0","0","-","0","0","0","0","0","0","0","0","0","0","0","0","0","0","0","0","0","0","0","0","0","0","0","0","0","0","0","0","0","0","0","0","0","0","0","0","0","0","0","0"
"0x7f34975b2fb0","      HFMA2 R3, -RZ, RZ, 0, 0","0","0","0","0","0","0","0","0","0","32","0","-","-","-","0","0","0","0","0","0","0","0","-","0","0","0","0","0","0","0","0","0","0","0","0","0","0","0","0","0","0","0","0","0","0","0","0","0","0","0","0","0","0","0","0","0","0","0","0","0","0","0","0"
"0x7f34975b2fc0","      RET.REL.NODEC R2, 0x7f34975ad980","0","0","0","0","0","0","0","0","0","32","0","-","-","-","0","0","0","0","0","0","0","0","-","0","0","0","0","0","0","0","0","0","0","0","0","0","0","0","0","0","0","0","0","0","0","0","0","0","0","0","0","0","0","0","0","0","0","0","0","0","0","0","0"
"0x7f34975b2fd0","      BPT.TRAP 0x1","0","0","0","0","0","0","0","0","0","32","0","-","-","-","0","0","0","0","0","0","0","0","-","0","0","0","0","0","0","0","0","0","0","0","0","0","0","0","0","0","0","0","0","0","0","0","0","0","0","0","0","0","0","0","0","0","0","0","0","0","0","0","0"
"0x7f34975b2fe0","      MOV R3, 0x0","0","0","0","0","0","0","0","0","0","32","0","-","-","-","0","0","0","0","0","0","0","0","-","0","0","0","0","0","0","0","0","0","0","0","0","0","0","0","0","0","0","0","0","0","0","0","0","0","0","0","0","0","0","0","0","0","0","0","0","0","0","0","0"
"0x7f34975b2ff0","      RET.REL.NODEC R2, 0x7f34975ad980","0","0","0","0","0","0","0","0","0","32","0","-","-","-","0","0","0","0","0","0","0","0","-","0","0","0","0","0","0","0","0","0","0","0","0","0","0","0","0","0","0","0","0","0","0","0","0","0","0","0","0","0","0","0","0","0","0","0","0","0","0","0","0"
"0x7f34975b3000","      IMAD.SHL.U32 R8, R9, 0x2, RZ","0","0","0","0","0","0","0","0","0","32","0","-","-","-","0","0","0","0","0","0","0","0","-","0","0","0","0","0","0","0","0","0","0","0","0","0","0","0","0","0","0","0","0","0","0","0","0","0","0","0","0","0","0","0","0","0","0","0","0","0","0","0","0"
"0x7f34975b3010","      BSSY.RECONVERGENT B0, 0x7f34975b3330","0","0","0","0","0","0","0","0","0","32","0","-","-","-","0","0","0","0","0","0","0","0","-","0","0","0","0","0","0","0","0","0","0","0","0","0","0","0","0","0","0","0","0","0","0","0","0","0","0","0","0","0","0","0","0","0","0","0","0","0","0","0","0"
"0x7f34975b3020","      SHF.R.U32.HI R8, RZ, 0x18, R8","0","0","0","0","0","0","0","0","0","32","0","-","-","-","0","0","0","0","0","0","0","0","-","0","0","0","0","0","0","0","0","0","0","0","0","0","0","0","0","0","0","0","0","0","0","0","0","0","0","0","0","0","0","0","0","0","0","0","0","0","0","0","0"
"0x7f34975b3030","      ISETP.NE.U32.AND P0, PT, R8, RZ, PT","0","0","0","0","0","0","0","0","0","32","0","-","-","-","0","0","0","0","0","0","0","0","-","0","0","0","0","0","0","0","0","0","0","0","0","0","0","0","0","0","0","0","0","0","0","0","0","0","0","0","0","0","0","0","0","0","0","0","0","0","0","0","0"
"0x7f34975b3040","@P0   BRA 0x7f34975b30f0","0","0","0","0","0","0","0","0","0","32","0","-","-","-","0","0","0","0","0","0","0","0","-","0","0","0","0","0","0","0","0","0","0","0","0","0","0","0","0","0","0","0","0","0","0","0","0","0","0","0","0","0","0","0","0","0","0","0","0","0","0","0","0"
"0x7f34975b3050","      SHF.L.U32 R2, R9, 0x1, RZ","0","0","0","0","0","0","0","0","0","32","0","-","-","-","0","0","0","0","0","0","0","0","-","0","0","0","0","0","0","0","0","0","0","0","0","0","0","0","0","0","0","0","0","0","0","0","0","0","0","0","0","0","0","0","0","0","0","0","0","0","0","0","0"
"0x7f34975b3060","      ISETP.NE.AND P0, PT, R2, RZ, PT","0","0","0","0","0","0","0","0","0","32","0","-","-","-","0","0","0","0","0","0","0","0","-","0","0","0","0","0","0","0","0","0","0","0","0","0","0","0","0","0","0","0","0","0","0","0","0","0","0","0","0","0","0","0","0","0","0","0","0","0","0","0","0"
"0x7f34975b3070","@P0   FFMA R3, R9, 1.84467440737095516160e+19, RZ","0","0","0","0","0","0","0","0","0","32","0","-","-","-","0","0","0","0","0","0","0","0","-","0","0","0","0","0","0","0","0","0","0","0","0","0","0","0","0","0","0","0","0","0","0","0","0","0","0","0","0","0","0","0","0","0","0","0","0","0","0","0","0"
"0x7f34975b3080","@!P0  MUFU.RCP R5, R9","0","0","0","0","0","0","0","0","0","32","0","-","-","-","0","0","0","0","0","0","0","0","-","0","0","0","0","0","0","0","0","0","0","0","0","0","0","0","0","0","0","0","0","0","0","0","0","0","0","0","0","0","0","0","0","0","0","0","0","0","0","0","0"
"0x7f34975b3090","@P0   MUFU.RCP R2, R3","0","0","0","0","0","0","0","0","0","32","0","-","-","-","0","0","0","0","0","0","0","0","-","0","0","0","0","0","0","0","0","0","0","0","0","0","0","0","0","0","0","0","0","0","0","0","0","0","0","0","0","0","0","0","0","0","0","0","0","0","0","0","0"
"0x7f34975b30a0","@P0   FFMA R7, R3, R2, -1","0","0","0","0","0","0","0","0","0","32","0","-","-","-","0","0","0","0","0","0","0","0","-","0","0","0","0","0","0","0","0","0","0","0","0","0","0","0","0","0","0","0","0","0","0","0","0","0","0","0","0","0","0","0","0","0","0","0","0","0","0","0","0"
"0x7f34975b30b0","@P0   FADD.FTZ R7, -RZ, -R7","0","0","0","0","0","0","0","0","0","32","0","-","-","-","0","0","0","0","0","0","0","0","-","0","0","0","0","0","0","0","0","0","0","0","0","0","0","0","0","0","0","0","0","0","0","0","0","0","0","0","0","0","0","0","0","0","0","0","0","0","0","0","0"
"0x7f34975b30c0","@P0   FFMA R7, R2, R7, R2","0","0","0","0","0","0","0","0","0","32","0","-","-","-","0","0","0","0","0","0","0","0","-","0","0","0","0","0","0","0","0","0","0","0","0","0","0","0","0","0","0","0","0","0","0","0","0","0","0","0","0","0","0","0","0","0","0","0","0","0","0","0","0"
"0x7f34975b30d0","@P0   FFMA R5, R7, 1.84467440737095516160e+19, RZ","0","0","0","0","0","0","0","0","0","32","0","-","-","-","0","0","0","0","0","0","0","0","-","0","0","0","0","0","0","0","0","0","0","0","0","0","0","0","0","0","0","0","0","0","0","0","0","0","0","0","0","0","0","0","0","0","0","0","0","0","0","0","0"
"0x7f34975b30e0","      BRA 0x7f34975b3310","0","0","0","0","0","0","0","0","0","32","0","-","-","-","0","0","0","0","0","0","0","0","-","0","0","0","0","0","0","0","0","0","0","0","0","0","0","0","0","0","0","0","0","0","0","0","0","0","0","0","0","0","0","0","0","0","0","0","0","0","0","0","0"
"0x7f34975b30f0","      IADD3 R7, PT, PT, R8, -0xfd, RZ","0","0","0","0","0","0","0","0","0","32","0","-","-","-","0","0","0","0","0","0","0","0","-","0","0","0","0","0","0","0","0","0","0","0","0","0","0","0","0","0","0","0","0","0","0","0","0","0","0","0","0","0","0","0","0","0","0","0","0","0","0","0","0"
"0x7f34975b3100","      ISETP.GT.U32.AND P0, PT, R7, 0x1, PT","0","0","0","0","0","0","0","0","0","32","0","-","-","-","0","0","0","0","0","0","0","0","-","0","0","0","0","0","0","0","0","0","0","0","0","0","0","0","0","0","0","0","0","0","0","0","0","0","0","0","0","0","0","0","0","0","0","0","0","0","0","0","0"
"0x7f34975b3110","@P0   BRA 0x7f34975b3300","0","0","0","0","0","0","0","0","0","32","0","-","-","-","0","0","0","0","0","0","0","0","-","0","0","0","0","0","0","0","0","0","0","0","0","0","0","0","0","0","0","0","0","0","0","0","0","0","0","0","0","0","0","0","0","0","0","0","0","0","0","0","0"
"0x7f34975b3120","      LOP3.LUT R11, R9, 0x7fffff, RZ, 0xc0, !PT","0","0","0","0","0","0","0","0","0","32","0","-","-","-","0","0","0","0","0","0","0","0","-","0","0","0","0","0","0","0","0","0","0","0","0","0","0","0","0","0","0","0","0","0","0","0","0","0","0","0","0","0","0","0","0","0","0","0","0","0","0","0","0"
"0x7f34975b3130","      IMAD.MOV.U32 R2, RZ, RZ, 0x3","0","0","0","0","0","0","0","0","0","32","0","-","-","-","0","0","0","0","0","0","0","0","-","0","0","0","0","0","0","0","0","0","0","0","0","0","0","0","0","0","0","0","0","0","0","0","0","0","0","0","0","0","0","0","0","0","0","0","0","0","0","0","0"
"0x7f34975b3140","      VIADD R8, R8, 0xffffff04","0","0","0","0","0","0","0","0","0","32","0","-","-","-","0","0","0","0","0","0","0","0","-","0","0","0","0","0","0","0","0","0","0","0","0","0","0","0","0","0","0","0","0","0","0","0","0","0","0","0","0","0","0","0","0","0","0","0","0","0","0","0","0"
"0x7f34975b3150","      LOP3.LUT R11, R11, 0x3f800000, RZ, 0xfc, !PT","0","0","0","0","0","0","0","0","0","32","0","-","-","-","0","0","0","0","0","0","0","0","-","0","0","0","0","0","0","0","0","0","0","0","0","0","0","0","0","0","0","0","0","0","0","0","0","0","0","0","0","0","0","0","0","0","0","0","0","0","0","0","0"
"0x7f34975b3160","      SHF.L.U32 R2, R2, R7, RZ","0","0","0","0","0","0","0","0","0","32","0","-","-","-","0","0","0","0","0","0","0","0","-","0","0","0","0","0","0","0","0","0","0","0","0","0","0","0","0","0","0","0","0","0","0","0","0","0","0","0","0","0","0","0","0","0","0","0","0","0","0","0","0"
"0x7f34975b3170","      MUFU.RCP R10, R11","0","0","0","0","0","0","0","0","0","32","0","-","-","-","0","0","0","0","0","0","0","0","-","0","0","0","0","0","0","0","0","0","0","0","0","0","0","0","0","0","0","0","0","0","0","0","0","0","0","0","0","0","0","0","0","0","0","0","0","0","0","0","0"
"0x7f34975b3180","      FFMA R3, R11, R10, -1","0","0","0","0","0","0","0","0","0","32","0","-","-","-","0","0","0","0","0","0","0","0","-","0","0","0","0","0","0","0","0","0","0","0","0","0","0","0","0","0","0","0","0","0","0","0","0","0","0","0","0","0","0","0","0","0","0","0","0","0","0","0","0"
"0x7f34975b3190","      FADD.FTZ R3, -RZ, -R3","0","0","0","0","0","0","0","0","0","32","0","-","-","-","0","0","0","0","0","0","0","0","-","0","0","0","0","0","0","0","0","0","0","0","0","0","0","0","0","0","0","0","0","0","0","0","0","0","0","0","0","0","0","0","0","0","0","0","0","0","0","0","0"
"0x7f34975b31a0","      FFMA.RM R6, R10, R3, R10","0","0","0","0","0","0","0","0","0","32","0","-","-","-","0","0","0","0","0","0","0","0","-","0","0","0","0","0","0","0","0","0","0","0","0","0","0","0","0","0","0","0","0","0","0","0","0","0","0","0","0","0","0","0","0","0","0","0","0","0","0","0","0"
"0x7f34975b31b0","      FFMA.RP R3, R10, R3, R10","0","0","0","0","0","0","0","0","0","32","0","-","-","-","0","0","0","0","0","0","0","0","-","0","0","0","0","0","0","0","0","0","0","0","0","0","0","0","0","0","0","0","0","0","0","0","0","0","0","0","0","0","0","0","0","0","0","0","0","0","0","0","0"
"0x7f34975b31c0","      LOP3.LUT R5, R6, 0x7fffff, RZ, 0xc0, !PT","0","0","0","0","0","0","0","0","0","32","0","-","-","-","0","0","0","0","0","0","0","0","-","0","0","0","0","0","0","0","0","0","0","0","0","0","0","0","0","0","0","0","0","0","0","0","0","0","0","0","0","0","0","0","0","0","0","0","0","0","0","0","0"
"0x7f34975b31d0","      FSETP.NEU.FTZ.AND P0, PT, R6, R3, PT","0","0","0","0","0","0","0","0","0","32","0","-","-","-","0","0","0","0","0","0","0","0","-","0","0","0","0","0","0","0","0","0","0","0","0","0","0","0","0","0","0","0","0","0","0","0","0","0","0","0","0","0","0","0","0","0","0","0","0","0","0","0","0"
"0x7f34975b31e0","      LOP3.LUT R5, R5, 0x800000, RZ, 0xfc, !PT","0","0","0","0","0","0","0","0","0","32","0","-","-","-","0","0","0","0","0","0","0","0","-","0","0","0","0","0","0","0","0","0","0","0","0","0","0","0","0","0","0","0","0","0","0","0","0","0","0","0","0","0","0","0","0","0","0","0","0","0","0","0","0"
"0x7f34975b31f0","      SEL R3, RZ, 0xffffffff, !P0","0","0","0","0","0","0","0","0","0","32","0","-","-","-","0","0","0","0","0","0","0","0","-","0","0","0","0","0","0","0","0","0","0","0","0","0","0","0","0","0","0","0","0","0","0","0","0","0","0","0","0","0","0","0","0","0","0","0","0","0","0","0","0"
"0x7f34975b3200","      LOP3.LUT R2, R2, R5, RZ, 0xc0, !PT","0","0","0","0","0","0","0","0","0","32","0","-","-","-","0","0","0","0","0","0","0","0","-","0","0","0","0","0","0","0","0","0","0","0","0","0","0","0","0","0","0","0","0","0","0","0","0","0","0","0","0","0","0","0","0","0","0","0","0","0","0","0","0"
"0x7f34975b3210","      SHF.R.U32.HI R8, RZ, R8, R5","0","0","0","0","0","0","0","0","0","32","0","-","-","-","0","0","0","0","0","0","0","0","-","0","0","0","0","0","0","0","0","0","0","0","0","0","0","0","0","0","0","0","0","0","0","0","0","0","0","0","0","0","0","0","0","0","0","0","0","0","0","0","0"
"0x7f34975b3220","      IMAD.MOV R6, RZ, RZ, -R3","0","0","0","0","0","0","0","0","0","32","0","-","-","-","0","0","0","0","0","0","0","0","-","0","0","0","0","0","0","0","0","0","0","0","0","0","0","0","0","0","0","0","0","0","0","0","0","0","0","0","0","0","0","0","0","0","0","0","0","0","0","0","0"
"0x7f34975b3230","      SHF.R.U32.HI R2, RZ, R7, R2","0","0","0","0","0","0","0","0","0","32","0","-","-","-","0","0","0","0","0","0","0","0","-","0","0","0","0","0","0","0","0","0","0","0","0","0","0","0","0","0","0","0","0","0","0","0","0","0","0","0","0","0","0","0","0","0","0","0","0","0","0","0","0"
"0x7f34975b3240","      LOP3.LUT P1, RZ, R6, R7, R5, 0xf8, !PT","0","0","0","0","0","0","0","0","0","32","0","-","-","-","0","0","0","0","0","0","0","0","-","0","0","0","0","0","0","0","0","0","0","0","0","0","0","0","0","0","0","0","0","0","0","0","0","0","0","0","0","0","0","0","0","0","0","0","0","0","0","0","0"
"0x7f34975b3250","      LOP3.LUT P2, RZ, R2, 0x1, RZ, 0xc0, !PT","0","0","0","0","0","0","0","0","0","32","0","-","-","-","0","0","0","0","0","0","0","0","-","0","0","0","0","0","0","0","0","0","0","0","0","0","0","0","0","0","0","0","0","0","0","0","0","0","0","0","0","0","0","0","0","0","0","0","0","0","0","0","0"
"0x7f34975b3260","      LOP3.LUT P0, RZ, R2, 0x2, RZ, 0xc0, !PT","0","0","0","0","0","0","0","0","0","32","0","-","-","-","0","0","0","0","0","0","0","0","-","0","0","0","0","0","0","0","0","0","0","0","0","0","0","0","0","0","0","0","0","0","0","0","0","0","0","0","0","0","0","0","0","0","0","0","0","0","0","0","0"
"0x7f34975b3270","      PLOP3.LUT P0, PT, P2, P1, P0, 0xe0, 0x0","0","0","0","0","0","0","0","0","0","32","0","-","-","-","0","0","0","0","0","0","0","0","-","0","0","0","0","0","0","0","0","0","0","0","0","0","0","0","0","0","0","0","0","0","0","0","0","0","0","0","0","0","0","0","0","0","0","0","0","0","0","0","0"
"0x7f34975b3280","      SEL R2, RZ, 0x1, !P0","0","0","0","0","0","0","0","0","0","32","0","-","-","-","0","0","0","0","0","0","0","0","-","0","0","0","0","0","0","0","0","0","0","0","0","0","0","0","0","0","0","0","0","0","0","0","0","0","0","0","0","0","0","0","0","0","0","0","0","0","0","0","0"
"0x7f34975b3290","      LOP3.LUT P0, RZ, R9, 0x7fffff, RZ, 0xc0, !PT","0","0","0","0","0","0","0","0","0","32","0","-","-","-","0","0","0","0","0","0","0","0","-","0","0","0","0","0","0","0","0","0","0","0","0","0","0","0","0","0","0","0","0","0","0","0","0","0","0","0","0","0","0","0","0","0","0","0","0","0","0","0","0"
"0x7f34975b32a0","      IMAD.MOV R2, RZ, RZ, -R2","0","0","0","0","0","0","0","0","0","32","0","-","-","-","0","0","0","0","0","0","0","0","-","0","0","0","0","0","0","0","0","0","0","0","0","0","0","0","0","0","0","0","0","0","0","0","0","0","0","0","0","0","0","0","0","0","0","0","0","0","0","0","0"
"0x7f34975b32b0","      ISETP.GE.AND P1, PT, R2, RZ, PT","0","0","0","0","0","0","0","0","0","32","0","-","-","-","0","0","0","0","0","0","0","0","-","0","0","0","0","0","0","0","0","0","0","0","0","0","0","0","0","0","0","0","0","0","0","0","0","0","0","0","0","0","0","0","0","0","0","0","0","0","0","0","0"
"0x7f34975b32c0","@!P1  VIADD R8, R8, 0x1","0","0","0","0","0","0","0","0","0","32","0","-","-","-","0","0","0","0","0","0","0","0","-","0","0","0","0","0","0","0","0","0","0","0","0","0","0","0","0","0","0","0","0","0","0","0","0","0","0","0","0","0","0","0","0","0","0","0","0","0","0","0","0"
"0x7f34975b32d0","@!P0  IMAD.SHL.U32 R8, R8, 0x2, RZ","0","0","0","0","0","0","0","0","0","32","0","-","-","-","0","0","0","0","0","0","0","0","-","0","0","0","0","0","0","0","0","0","0","0","0","0","0","0","0","0","0","0","0","0","0","0","0","0","0","0","0","0","0","0","0","0","0","0","0","0","0","0","0"
"0x7f34975b32e0","      LOP3.LUT R5, R8, 0x80000000, R9, 0xf8, !PT","0","0","0","0","0","0","0","0","0","32","0","-","-","-","0","0","0","0","0","0","0","0","-","0","0","0","0","0","0","0","0","0","0","0","0","0","0","0","0","0","0","0","0","0","0","0","0","0","0","0","0","0","0","0","0","0","0","0","0","0","0","0","0"
"0x7f34975b32f0","      BRA 0x7f34975b3310","0","0","0","0","0","0","0","0","0","32","0","-","-","-","0","0","0","0","0","0","0","0","-","0","0","0","0","0","0","0","0","0","0","0","0","0","0","0","0","0","0","0","0","0","0","0","0","0","0","0","0","0","0","0","0","0","0","0","0","0","0","0","0"
"0x7f34975b3300","      MUFU.RCP R5, R9","0","0","0","0","0","0","0","0","0","32","0","-","-","-","0","0","0","0","0","0","0","0","-","0","0","0","0","0","0","0","0","0","0","0","0","0","0","0","0","0","0","0","0","0","0","0","0","0","0","0","0","0","0","0","0","0","0","0","0","0","0","0","0"
"0x7f34975b3310","      NOP","0","0","0","0","0","0","0","0","0","32","0","-","-","-","0","0","0","0","0","0","0","0","-","0","0","0","0","0","0","0","0","0","0","0","0","0","0","0","0","0","0","0","0","0","0","0","0","0","0","0","0","0","0","0","0","0","0","0","0","0","0","0","0"
"0x7f34975b3320","      BSYNC.RECONVERGENT B0","0","0","0","0","0","0","0","0","0","32","0","-","-","-","0","0","0","0","0","0","0","0","-","0","0","0","0","0","0","0","0","0","0","0","0","0","0","0","0","0","0","0","0","0","0","0","0","0","0","0","0","0","0","0","0","0","0","0","0","0","0","0","0"
"0x7f34975b3330","      MOV R2, R4","0","0","0","0","0","0","0","0","0","32","0","-","-","-","0","0","0","0","0","0","0","0","-","0","0","0","0","0","0","0","0","0","0","0","0","0","0","0","0","0","0","0","0","0","0","0","0","0","0","0","0","0","0","0","0","0","0","0","0","0","0","0","0"
"0x7f34975b3340","      HFMA2 R3, -RZ, RZ, 0, 0","0","0","0","0","0","0","0","0","0","32","0","-","-","-","0","0","0","0","0","0","0","0","-","0","0","0","0","0","0","0","0","0","0","0","0","0","0","0","0","0","0","0","0","0","0","0","0","0","0","0","0","0","0","0","0","0","0","0","0","0","0","0","0"
"0x7f34975b3350","      RET.REL.NODEC R2, 0x7f34975ad980","0","0","0","0","0","0","0","0","0","32","0","-","-","-","0","0","0","0","0","0","0","0","-","0","0","0","0","0","0","0","0","0","0","0","0","0","0","0","0","0","0","0","0","0","0","0","0","0","0","0","0","0","0","0","0","0","0","0","0","0","0","0","0"
"0x7f34975b3360","      BRA 0x7f34975b3360","0","0","0","0","0","0","0","0","0","0","0","-","-","-","0","0","0","0","0","0","0","0","-","0","0","0","0","0","0","0","0","0","0","0","0","0","0","0","0","0","0","0","0","0","0","0","0","0","0","0","0","0","0","0","0","0","0","0","0","0","0","0","0"
"0x7f34975b3370","      NOP","0","0","0","0","0","0","0","0","0","32","0","-","-","-","0","0","0","0","0","0","0","0","-","0","0","0","0","0","0","0","0","0","0","0","0","0","0","0","0","0","0","0","0","0","0","0","0","0","0","0","0","0","0","0","0","0","0","0","0","0","0","0","0"
"0x7f34975b3380","      NOP","0","0","0","0","0","0","0","0","0","32","0","-","-","-","0","0","0","0","0","0","0","0","-","0","0","0","0","0","0","0","0","0","0","0","0","0","0","0","0","0","0","0","0","0","0","0","0","0","0","0","0","0","0","0","0","0","0","0","0","0","0","0","0"
"0x7f34975b3390","      NOP","0","0","0","0","0","0","0","0","0","32","0","-","-","-","0","0","0","0","0","0","0","0","-","0","0","0","0","0","0","0","0","0","0","0","0","0","0","0","0","0","0","0","0","0","0","0","0","0","0","0","0","0","0","0","0","0","0","0","0","0","0","0","0"
"0x7f34975b33a0","      NOP","0","0","0","0","0","0","0","0","0","32","0","-","-","-","0","0","0","0","0","0","0","0","-","0","0","0","0","0","0","0","0","0","0","0","0","0","0","0","0","0","0","0","0","0","0","0","0","0","0","0","0","0","0","0","0","0","0","0","0","0","0","0","0"
"0x7f34975b33b0","      NOP","0","0","0","0","0","0","0","0","0","32","0","-","-","-","0","0","0","0","0","0","0","0","-","0","0","0","0","0","0","0","0","0","0","0","0","0","0","0","0","0","0","0","0","0","0","0","0","0","0","0","0","0","0","0","0","0","0","0","0","0","0","0","0"
"0x7f34975b33c0","      NOP","0","0","0","0","0","0","0","0","0","32","0","-","-","-","0","0","0","0","0","0","0","0","-","0","0","0","0","0","0","0","0","0","0","0","0","0","0","0","0","0","0","0","0","0","0","0","0","0","0","0","0","0","0","0","0","0","0","0","0","0","0","0","0"
"0x7f34975b33d0","      NOP","0","0","0","0","0","0","0","0","0","32","0","-","-","-","0","0","0","0","0","0","0","0","-","0","0","0","0","0","0","0","0","0","0","0","0","0","0","0","0","0","0","0","0","0","0","0","0","0","0","0","0","0","0","0","0","0","0","0","0","0","0","0","0"
"0x7f34975b33e0","      NOP","0","0","0","0","0","0","0","0","0","32","0","-","-","-","0","0","0","0","0","0","0","0","-","0","0","0","0","0","0","0","0","0","0","0","0","0","0","0","0","0","0","0","0","0","0","0","0","0","0","0","0","0","0","0","0","0","0","0","0","0","0","0","0"
"0x7f34975b33f0","      NOP","0","0","0","0","0","0","0","0","0","32","0","-","-","-","0","0","0","0","0","0","0","0","-","0","0","0","0","0","0","0","0","0","0","0","0","0","0","0","0","0","0","0","0","0","0","0","0","0","0","0","0","0","0","0","0","0","0","0","0","0","0","0","0"
