"Kernel Name","kernel_cutlass_kernel_kernel_v285SparseMLA_object_at__tensorptrf8E4M3FNgmemalign16o819264576368645761_tensorptrf8E4M3FNgmemalign16o1310725765761_tensorptri32gmemalign16o8192204820481_tens_0",
"Address","Source","Warp Stall Sampling (All Samples)","Warp Stall Sampling (Not-issued Samples)","# Samples","Instructions Executed","Thread Instructions Executed","Predicated-On Thread Instructions Executed","Avg. Threads Executed","Avg. Predicated-On Threads Executed","Derivative Avg. Predicated-On Threads Executed","Avg. Predicated-On Threads Unexecuted","Divergent Branches","Address Space","Access Operation","Access Size","L1 Tag Requests Global","L1 Conflicts Shared N-Way","L1 Wavefronts Shared Excessive","L1 Wavefronts Shared","L1 Wavefronts Shared Ideal","L2 Theoretical Sectors Global Excessive","L2 Theoretical Sectors Global","L2 Theoretical Sectors Global Ideal","L2 Explicit Evict Policies","L2 Explicit Hit Policy Evict First","L2 Explicit Hit Policy Evict Last","L2 Explicit Hit Policy Evict Normal","L2 Explicit Hit Policy Evict Normal Demote","L2 Explicit Miss Policy Evict First","L2 Explicit Miss Policy Evict Normal","stall_barrier","stall_branch_resolving","stall_dispatch","stall_drain","stall_lg","stall_long_sb","stall_math","stall_membar","stall_mio","stall_misc","stall_no_inst","stall_not_selected","stall_selected","stall_short_sb","stall_sleep","stall_tex","stall_wait","stall_barrier (Not Issued)","stall_branch_resolving (Not Issued)","stall_dispatch (Not Issued)","stall_drain (Not Issued)","stall_lg (Not Issued)","stall_long_sb (Not Issued)","stall_math (Not Issued)","stall_membar (Not Issued)","stall_mio (Not Issued)","stall_misc (Not Issued)","stall_no_inst (Not Issued)","stall_not_selected (Not Issued)","stall_selected (Not Issued)","stall_short_sb (Not Issued)","stall_sleeping (Not Issued)","stall_tex (Not Issued)","stall_wait (Not Issued)"
"0x7f696b5ad980","      LDC R1, c[0x0][0x37c]","0","0","0","2368","75776","75776","32","32","0","0","0","-","-","-","0","0","0","0","0","0","0","0","-","0","0","0","0","0","0","0","0","0","0","0","0","0","0","0","0","0","0","0","0","0","0","0","0","0","0","0","0","0","0","0","0","0","0","0","0","0","0","0","0"
"0x7f696b5ad990","      S2R R2, SR_TID.X","0","0","0","2368","75776","75776","32","32","0","0","0","-","-","-","0","0","0","0","0","0","0","0","-","0","0","0","0","0","0","0","0","0","0","0","0","0","0","0","0","0","0","0","0","0","0","0","0","0","0","0","0","0","0","0","0","0","0","0","0","0","0","0","0"
"0x7f696b5ad9a0","      S2UR UR5, SR_CgaCtaId","0","0","0","2368","75776","75776","32","32","0","0","0","-","-","-","0","0","0","0","0","0","0","0","-","0","0","0","0","0","0","0","0","0","0","0","0","0","0","0","0","0","0","0","0","0","0","0","0","0","0","0","0","0","0","0","0","0","0","0","0","0","0","0","0"
"0x7f696b5ad9b0","      UMOV UR4, 0x400","0","0","0","2368","75776","75776","32","32","0","0","0","-","-","-","0","0","0","0","0","0","0","0","-","0","0","0","0","0","0","0","0","0","0","0","0","0","0","0","0","0","0","0","0","0","0","0","0","0","0","0","0","0","0","0","0","0","0","0","0","0","0","0","0"
"0x7f696b5ad9c0","      BSSY.RECONVERGENT B0, 0x7f696b5adb60","0","0","0","2368","75776","75776","32","32","0","0","0","-","-","-","0","0","0","0","0","0","0","0","-","0","0","0","0","0","0","0","0","0","0","0","0","0","0","0","0","0","0","0","0","0","0","0","0","0","0","0","0","0","0","0","0","0","0","0","0","0","0","0","0"
"0x7f696b5ad9d0","      ULEA UR4, UR5, UR4, 0x18","1","1","1","2368","75776","75776","32","32","0","0","0","-","-","-","0","0","0","0","0","0","0","0","-","0","0","0","0","0","0","0","0","0","0","0","0","0","0","0","0","0","0","0","1","0","0","0","0","0","0","0","0","0","0","0","0","0","0","0","0","1","0","0","0"
"0x7f696b5ad9e0","      UIADD3 UR7, UPT, UPT, UR4, 0x31920, URZ","0","0","0","2368","75776","75776","32","32","0","0","0","-","-","-","0","0","0","0","0","0","0","0","-","0","0","0","0","0","0","0","0","0","0","0","0","0","0","0","0","0","0","0","0","0","0","0","0","0","0","0","0","0","0","0","0","0","0","0","0","0","0","0","0"
"0x7f696b5ad9f0","      UIADD3 UR6, UPT, UPT, UR4, 0x31928, URZ","0","0","0","2368","75776","75776","32","32","0","0","0","-","-","-","0","0","0","0","0","0","0","0","-","0","0","0","0","0","0","0","0","0","0","0","0","0","0","0","0","0","0","0","0","0","0","0","0","0","0","0","0","0","0","0","0","0","0","0","0","0","0","0","0"
"0x7f696b5ada00","      ISETP.NE.U32.AND P0, PT, R2, RZ, PT","0","0","0","2368","75776","75776","32","32","0","0","0","-","-","-","0","0","0","0","0","0","0","0","-","0","0","0","0","0","0","0","0","0","0","0","0","0","0","0","0","0","0","0","0","0","0","0","0","0","0","0","0","0","0","0","0","0","0","0","0","0","0","0","0"
"0x7f696b5ada10","      SHF.R.U32.HI R0, RZ, 0x5, R2","0","0","0","2368","75776","75776","32","32","0","0","0","-","-","-","0","0","0","0","0","0","0","0","-","0","0","0","0","0","0","0","0","0","0","0","0","0","0","0","0","0","0","0","0","0","0","0","0","0","0","0","0","0","0","0","0","0","0","0","0","0","0","0","0"
"0x7f696b5ada20","      IMAD.U32 R2, RZ, RZ, UR7","0","0","0","2368","75776","75776","32","32","0","0","0","-","-","-","0","0","0","0","0","0","0","0","-","0","0","0","0","0","0","0","0","0","0","0","0","0","0","0","0","0","0","0","0","0","0","0","0","0","0","0","0","0","0","0","0","0","0","0","0","0","0","0","0"
"0x7f696b5ada30","      R2UR UR55, R0","0","0","0","2368","75776","75776","32","32","0","0","0","-","-","-","0","0","0","0","0","0","0","0","-","0","0","0","0","0","0","0","0","0","0","0","0","0","0","0","0","0","0","0","0","0","0","0","0","0","0","0","0","0","0","0","0","0","0","0","0","0","0","0","0"
"0x7f696b5ada40","      IMAD.U32 R0, RZ, RZ, UR6","0","0","0","2368","75776","75776","32","32","0","0","0","-","-","-","0","0","0","0","0","0","0","0","-","0","0","0","0","0","0","0","0","0","0","0","0","0","0","0","0","0","0","0","0","0","0","0","0","0","0","0","0","0","0","0","0","0","0","0","0","0","0","0","0"
"0x7f696b5ada50","@P0   BRA 0x7f696b5adb40","1","0","1","2368","75776","75628","32","31","1","1","148","-","-","-","0","0","0","0","0","0","0","0","-","0","0","0","0","0","0","0","0","0","0","0","0","0","0","0","0","0","1","0","0","0","0","0","0","0","0","0","0","0","0","0","0","0","0","0","0","0","0","0","0"
"0x7f696b5ada60","      UMOV UR6, 0x1","0","0","0","148","148","148","1","1","30","31","0","-","-","-","0","0","0","0","0","0","0","0","-","0","0","0","0","0","0","0","0","0","0","0","0","0","0","0","0","0","0","0","0","0","0","0","0","0","0","0","0","0","0","0","0","0","0","0","0","0","0","0","0"
"0x7f696b5ada70","      UIADD3 UR6, UPT, UPT, -UR6, 0x100000, URZ","0","0","0","148","148","148","1","1","0","31","0","-","-","-","0","0","0","0","0","0","0","0","-","0","0","0","0","0","0","0","0","0","0","0","0","0","0","0","0","0","0","0","0","0","0","0","0","0","0","0","0","0","0","0","0","0","0","0","0","0","0","0","0"
"0x7f696b5ada80","      USHF.L.U32 UR7, UR6, 0xb, URZ","0","0","0","148","148","148","1","1","0","31","0","-","-","-","0","0","0","0","0","0","0","0","-","0","0","0","0","0","0","0","0","0","0","0","0","0","0","0","0","0","0","0","0","0","0","0","0","0","0","0","0","0","0","0","0","0","0","0","0","0","0","0","0"
"0x7f696b5ada90","      USHF.L.U32 UR6, UR6, 0x1, URZ","0","0","0","148","148","148","1","1","0","31","0","-","-","-","0","0","0","0","0","0","0","0","-","0","0","0","0","0","0","0","0","0","0","0","0","0","0","0","0","0","0","0","0","0","0","0","0","0","0","0","0","0","0","0","0","0","0","0","0","0","0","0","0"
"0x7f696b5adaa0","      FENCE.VIEW.ASYNC.S","0","0","0","148","148","148","1","1","0","31","0","-","-","-","0","0","0","0","0","0","0","0","-","0","0","0","0","0","0","0","0","0","0","0","0","0","0","0","0","0","0","0","0","0","0","0","0","0","0","0","0","0","0","0","0","0","0","0","0","0","0","0","0"
"0x7f696b5adab0","      SYNCS.EXCH.64 URZ, [UR4+0x31920], UR6","0","0","0","148","148","148","1","1","0","31","0","-","-","-","0","0","0","0","0","0","0","0","-","0","0","0","0","0","0","0","0","0","0","0","0","0","0","0","0","0","0","0","0","0","0","0","0","0","0","0","0","0","0","0","0","0","0","0","0","0","0","0","0"
"0x7f696b5adac0","      SYNCS.EXCH.64 URZ, [UR4+0x31928], UR6","0","0","0","148","148","148","1","1","0","31","0","-","-","-","0","0","0","0","0","0","0","0","-","0","0","0","0","0","0","0","0","0","0","0","0","0","0","0","0","0","0","0","0","0","0","0","0","0","0","0","0","0","0","0","0","0","0","0","0","0","0","0","0"
"0x7f696b5adad0","      SYNCS.EXCH.64 URZ, [UR4+0x31930], UR6","0","0","0","148","148","148","1","1","0","31","0","-","-","-","0","0","0","0","0","0","0","0","-","0","0","0","0","0","0","0","0","0","0","0","0","0","0","0","0","0","0","0","0","0","0","0","0","0","0","0","0","0","0","0","0","0","0","0","0","0","0","0","0"
"0x7f696b5adae0","      SYNCS.EXCH.64 URZ, [UR4+0x31938], UR6","0","0","0","148","148","148","1","1","0","31","0","-","-","-","0","0","0","0","0","0","0","0","-","0","0","0","0","0","0","0","0","0","0","0","0","0","0","0","0","0","0","0","0","0","0","0","0","0","0","0","0","0","0","0","0","0","0","0","0","0","0","0","0"
"0x7f696b5adaf0","      SYNCS.EXCH.64 URZ, [UR4+0x31948], UR6","0","0","0","148","148","148","1","1","0","31","0","-","-","-","0","0","0","0","0","0","0","0","-","0","0","0","0","0","0","0","0","0","0","0","0","0","0","0","0","0","0","0","0","0","0","0","0","0","0","0","0","0","0","0","0","0","0","0","0","0","0","0","0"
"0x7f696b5adb00","      SYNCS.EXCH.64 URZ, [UR4+0x31958], UR6","0","0","0","148","148","148","1","1","0","31","0","-","-","-","0","0","0","0","0","0","0","0","-","0","0","0","0","0","0","0","0","0","0","0","0","0","0","0","0","0","0","0","0","0","0","0","0","0","0","0","0","0","0","0","0","0","0","0","0","0","0","0","0"
"0x7f696b5adb10","      SYNCS.EXCH.64 URZ, [UR4+0x31950], UR6","0","0","0","148","148","148","1","1","0","31","0","-","-","-","0","0","0","0","0","0","0","0","-","0","0","0","0","0","0","0","0","0","0","0","0","0","0","0","0","0","0","0","0","0","0","0","0","0","0","0","0","0","0","0","0","0","0","0","0","0","0","0","0"
"0x7f696b5adb20","      SYNCS.EXCH.64 URZ, [UR4+0x31960], UR6","0","0","0","148","148","148","1","1","0","31","0","-","-","-","0","0","0","0","0","0","0","0","-","0","0","0","0","0","0","0","0","0","0","0","0","0","0","0","0","0","0","0","0","0","0","0","0","0","0","0","0","0","0","0","0","0","0","0","0","0","0","0","0"
"0x7f696b5adb30","      NOP","0","0","0","148","148","148","1","1","0","31","0","-","-","-","0","0","0","0","0","0","0","0","-","0","0","0","0","0","0","0","0","0","0","0","0","0","0","0","0","0","0","0","0","0","0","0","0","0","0","0","0","0","0","0","0","0","0","0","0","0","0","0","0"
"0x7f696b5adb40","      NOP","0","0","0","2516","75776","75776","30","30","29","2","0","-","-","-","0","0","0","0","0","0","0","0","-","0","0","0","0","0","0","0","0","0","0","0","0","0","0","0","0","0","0","0","0","0","0","0","0","0","0","0","0","0","0","0","0","0","0","0","0","0","0","0","0"
"0x7f696b5adb50","      BSYNC.RECONVERGENT B0","1","1","1","2516","75776","75776","30","30","0","2","0","-","-","-","0","0","0","0","0","0","0","0","-","0","0","0","0","0","0","0","0","0","0","0","1","0","0","0","0","0","0","0","0","0","0","0","0","0","0","0","0","1","0","0","0","0","0","0","0","0","0","0","0"
"0x7f696b5adb60","      UISETP.NE.U32.AND UP0, UPT, UR55, URZ, UPT","1","1","1","2368","75776","75776","32","32","2","0","0","-","-","-","0","0","0","0","0","0","0","0","-","0","0","0","0","0","0","0","1","0","0","0","0","0","0","0","0","0","0","0","0","0","0","0","0","1","0","0","0","0","0","0","0","0","0","0","0","0","0","0","0"
"0x7f696b5adb70","      NOP","0","0","0","2368","75776","75776","32","32","0","0","0","-","-","-","0","0","0","0","0","0","0","0","-","0","0","0","0","0","0","0","0","0","0","0","0","0","0","0","0","0","0","0","0","0","0","0","0","0","0","0","0","0","0","0","0","0","0","0","0","0","0","0","0"
"0x7f696b5adb80","      BRA.U UP0, 0x7f696b5add80","0","0","0","2368","75776","75776","32","32","0","0","0","-","-","-","0","0","0","0","0","0","0","0","-","0","0","0","0","0","0","0","0","0","0","0","0","0","0","0","0","0","0","0","0","0","0","0","0","0","0","0","0","0","0","0","0","0","0","0","0","0","0","0","0"
"0x7f696b5adb90","      ELECT P0, URZ, PT","1","1","1","148","4736","4736","32","32","0","0","0","-","-","-","0","0","0","0","0","0","0","0","-","0","0","0","0","0","0","0","0","0","0","0","0","0","0","0","0","0","0","0","0","0","0","1","0","0","0","0","0","0","0","0","0","0","0","0","0","0","0","0","1"
"0x7f696b5adba0","      NOP","0","0","0","148","4736","4736","32","32","0","0","0","-","-","-","0","0","0","0","0","0","0","0","-","0","0","0","0","0","0","0","0","0","0","0","0","0","0","0","0","0","0","0","0","0","0","0","0","0","0","0","0","0","0","0","0","0","0","0","0","0","0","0","0"
"0x7f696b5adbb0","@!P0  BRA 0x7f696b5add10","1","1","1","148","4736","4588","32","31","1","1","148","-","-","-","0","0","0","0","0","0","0","0","-","0","0","0","0","0","0","0","0","0","0","0","0","0","0","0","0","0","0","0","0","0","0","1","0","0","0","0","0","0","0","0","0","0","0","0","0","0","0","0","1"
"0x7f696b5adbc0","      UMOV UR6, 0x10","0","0","0","148","148","148","1","1","30","31","0","-","-","-","0","0","0","0","0","0","0","0","-","0","0","0","0","0","0","0","0","0","0","0","0","0","0","0","0","0","0","0","0","0","0","0","0","0","0","0","0","0","0","0","0","0","0","0","0","0","0","0","0"
"0x7f696b5adbd0","      HFMA2 R3, -RZ, RZ, 0, 5.9604644775390625e-08","0","0","0","148","148","148","1","1","0","31","0","-","-","-","0","0","0","0","0","0","0","0","-","0","0","0","0","0","0","0","0","0","0","0","0","0","0","0","0","0","0","0","0","0","0","0","0","0","0","0","0","0","0","0","0","0","0","0","0","0","0","0","0"
"0x7f696b5adbe0","      MOV R4, 0xffff","0","0","0","148","148","148","1","1","0","31","0","-","-","-","0","0","0","0","0","0","0","0","-","0","0","0","0","0","0","0","0","0","0","0","0","0","0","0","0","0","0","0","0","0","0","0","0","0","0","0","0","0","0","0","0","0","0","0","0","0","0","0","0"
"0x7f696b5adbf0","      UMOV UR7, 0x40","0","0","0","148","148","148","1","1","0","31","0","-","-","-","0","0","0","0","0","0","0","0","-","0","0","0","0","0","0","0","0","0","0","0","0","0","0","0","0","0","0","0","0","0","0","0","0","0","0","0","0","0","0","0","0","0","0","0","0","0","0","0","0"
"0x7f696b5adc00","      DEPBAR.LE SB0, 0x36","0","0","0","148","148","148","1","1","0","31","0","-","-","-","0","0","0","0","0","0","0","0","-","0","0","0","0","0","0","0","0","0","0","0","0","0","0","0","0","0","0","0","0","0","0","0","0","0","0","0","0","0","0","0","0","0","0","0","0","0","0","0","0"
"0x7f696b5adc10","      UTCATOMSWS.FIND_AND_SET.ALIGN UP0, UR6, UR6","0","0","0","148","148","148","1","1","0","31","0","-","-","-","0","0","0","0","0","0","0","0","-","0","0","0","0","0","0","0","0","0","0","0","0","0","0","0","0","0","0","0","0","0","0","0","0","0","0","0","0","0","0","0","0","0","0","0","0","0","0","0","0"
"0x7f696b5adc20","      ULEA UR7, UR5, UR7, 0x18","0","0","0","148","148","148","1","1","0","31","0","-","-","-","0","0","0","0","0","0","0","0","-","0","0","0","0","0","0","0","0","0","0","0","0","0","0","0","0","0","0","0","0","0","0","0","0","0","0","0","0","0","0","0","0","0","0","0","0","0","0","0","0"
"0x7f696b5adc30","      MOV R5, UR6","1","1","1","148","148","148","1","1","0","31","0","-","-","-","0","0","0","0","0","0","0","0","-","0","0","0","0","0","0","0","0","0","0","0","0","0","0","0","0","0","0","0","1","0","0","0","0","0","0","0","0","0","0","0","0","0","0","0","0","1","0","0","0"
"0x7f696b5adc40","      BRA.U UP0, 0x7f696b5adcb0","0","0","0","148","148","148","1","1","0","31","0","-","-","-","0","0","0","0","0","0","0","0","-","0","0","0","0","0","0","0","0","0","0","0","0","0","0","0","0","0","0","0","0","0","0","0","0","0","0","0","0","0","0","0","0","0","0","0","0","0","0","0","0"
"0x7f696b5adc50","      UMOV UR6, 0x10","0","0","0","0","0","0","0","0","1","32","0","-","-","-","0","0","0","0","0","0","0","0","-","0","0","0","0","0","0","0","0","0","0","0","0","0","0","0","0","0","0","0","0","0","0","0","0","0","0","0","0","0","0","0","0","0","0","0","0","0","0","0","0"
"0x7f696b5adc60","      NANOSLEEP 0x64","0","0","0","0","0","0","0","0","0","32","0","-","-","-","0","0","0","0","0","0","0","0","-","0","0","0","0","0","0","0","0","0","0","0","0","0","0","0","0","0","0","0","0","0","0","0","0","0","0","0","0","0","0","0","0","0","0","0","0","0","0","0","0"
"0x7f696b5adc70","      DEPBAR.LE SB0, 0x36","0","0","0","0","0","0","0","0","0","32","0","-","-","-","0","0","0","0","0","0","0","0","-","0","0","0","0","0","0","0","0","0","0","0","0","0","0","0","0","0","0","0","0","0","0","0","0","0","0","0","0","0","0","0","0","0","0","0","0","0","0","0","0"
"0x7f696b5adc80","      UTCATOMSWS.FIND_AND_SET.ALIGN UP0, UR6, UR6","0","0","0","0","0","0","0","0","0","32","0","-","-","-","0","0","0","0","0","0","0","0","-","0","0","0","0","0","0","0","0","0","0","0","0","0","0","0","0","0","0","0","0","0","0","0","0","0","0","0","0","0","0","0","0","0","0","0","0","0","0","0","0"
"0x7f696b5adc90","      MOV R5, UR6","0","0","0","0","0","0","0","0","0","32","0","-","-","-","0","0","0","0","0","0","0","0","-","0","0","0","0","0","0","0","0","0","0","0","0","0","0","0","0","0","0","0","0","0","0","0","0","0","0","0","0","0","0","0","0","0","0","0","0","0","0","0","0"
"0x7f696b5adca0","      BRA.U !UP0, 0x7f696b5adc50","0","0","0","0","0","0","0","0","0","32","0","-","-","-","0","0","0","0","0","0","0","0","-","0","0","0","0","0","0","0","0","0","0","0","0","0","0","0","0","0","0","0","0","0","0","0","0","0","0","0","0","0","0","0","0","0","0","0","0","0","0","0","0"
"0x7f696b5adcb0","      SHF.L.U32 R4, R4, R5, RZ","0","0","0","148","148","148","1","1","1","31","0","-","-","-","0","0","0","0","0","0","0","0","-","0","0","0","0","0","0","0","0","0","0","0","0","0","0","0","0","0","0","0","0","0","0","0","0","0","0","0","0","0","0","0","0","0","0","0","0","0","0","0","0"
"0x7f696b5adcc0","      SHF.L.U32 R3, R3, R5, RZ","1","0","1","148","148","148","1","1","0","31","0","-","-","-","0","0","0","0","0","0","0","0","-","0","0","0","0","0","0","0","0","0","0","0","0","0","0","0","0","0","0","1","0","0","0","0","0","0","0","0","0","0","0","0","0","0","0","0","0","0","0","0","0"
"0x7f696b5adcd0","      IMAD.SHL.U32 R5, R5, 0x20, RZ","0","0","0","148","148","148","1","1","0","31","0","-","-","-","0","0","0","0","0","0","0","0","-","0","0","0","0","0","0","0","0","0","0","0","0","0","0","0","0","0","0","0","0","0","0","0","0","0","0","0","0","0","0","0","0","0","0","0","0","0","0","0","0"
"0x7f696b5adce0","      ATOMS.OR RZ, [UR7+0x14], R4","0","0","0","148","148","148","1","1","0","31","0","Shared","Atomic","32","0","1","0","148","148","0","0","0","-","0","0","0","0","0","0","0","0","0","0","0","0","0","0","0","0","0","0","0","0","0","0","0","0","0","0","0","0","0","0","0","0","0","0","0","0","0","0","0","0"
"0x7f696b5adcf0","      ATOMS.OR RZ, [UR7+0x18], R3","0","0","0","148","148","148","1","1","0","31","0","Shared","Atomic","32","0","1","0","148","148","0","0","0","-","0","0","0","0","0","0","0","0","0","0","0","0","0","0","0","0","0","0","0","0","0","0","0","0","0","0","0","0","0","0","0","0","0","0","0","0","0","0","0","0"
"0x7f696b5add00","      STS [UR4+0x31940], R5","0","0","0","148","148","148","1","1","0","31","0","Shared","Store","32","0","1","0","148","148","0","0","0","-","0","0","0","0","0","0","0","0","0","0","0","0","0","0","0","0","0","0","0","0","0","0","0","0","0","0","0","0","0","0","0","0","0","0","0","0","0","0","0","0"
"0x7f696b5add10","      WARPSYNC.ALL","0","0","0","296","4736","4736","16","16","15","16","0","-","-","-","0","0","0","0","0","0","0","0","-","0","0","0","0","0","0","0","0","0","0","0","0","0","0","0","0","0","0","0","0","0","0","0","0","0","0","0","0","0","0","0","0","0","0","0","0","0","0","0","0"
"0x7f696b5add20","      ELECT P0, URZ, PT","2","2","2","148","4736","4736","32","32","16","0","0","-","-","-","0","0","0","0","0","0","0","0","-","0","0","0","0","0","0","0","1","0","0","0","0","0","0","0","0","0","0","0","0","0","0","1","0","1","0","0","0","0","0","0","0","0","0","0","0","0","0","0","1"
"0x7f696b5add30","      MOV R3, 0x1","0","0","0","148","4736","4736","32","32","0","0","0","-","-","-","0","0","0","0","0","0","0","0","-","0","0","0","0","0","0","0","0","0","0","0","0","0","0","0","0","0","0","0","0","0","0","0","0","0","0","0","0","0","0","0","0","0","0","0","0","0","0","0","0"
"0x7f696b5add40","      UMOV UR6, 0x40","0","0","0","148","4736","4736","32","32","0","0","0","-","-","-","0","0","0","0","0","0","0","0","-","0","0","0","0","0","0","0","0","0","0","0","0","0","0","0","0","0","0","0","0","0","0","0","0","0","0","0","0","0","0","0","0","0","0","0","0","0","0","0","0"
"0x7f696b5add50","      UVIRTCOUNT.DEALLOC.SMPOOL 0x80","0","0","0","148","4736","4736","32","32","0","0","0","-","-","-","0","0","0","0","0","0","0","0","-","0","0","0","0","0","0","0","0","0","0","0","0","0","0","0","0","0","0","0","0","0","0","0","0","0","0","0","0","0","0","0","0","0","0","0","0","0","0","0","0"
"0x7f696b5add60","      ULEA UR6, UR5, UR6, 0x18","0","0","0","148","4736","4736","32","32","0","0","0","-","-","-","0","0","0","0","0","0","0","0","-","0","0","0","0","0","0","0","0","0","0","0","0","0","0","0","0","0","0","0","0","0","0","0","0","0","0","0","0","0","0","0","0","0","0","0","0","0","0","0","0"
"0x7f696b5add70","@P0   STS.U8 [UR6+0x1c], R3","0","0","0","148","4736","148","32","1","31","31","0","Shared","Store","8","0","1","0","148","148","0","0","0","-","0","0","0","0","0","0","0","0","0","0","0","0","0","0","0","0","0","0","0","0","0","0","0","0","0","0","0","0","0","0","0","0","0","0","0","0","0","0","0","0"
"0x7f696b5add80","      BAR.SYNC.DEFER_BLOCKING 0x0","1","1","1","2368","75776","75776","32","32","31","0","0","-","-","-","0","0","0","0","0","0","0","0","-","0","0","0","0","0","0","0","0","0","0","0","0","0","0","0","0","1","0","0","0","0","0","0","0","0","0","0","0","0","0","0","0","0","1","0","0","0","0","0","0"
"0x7f696b5add90","      UISETP.GE.AND UP0, UPT, UR55, 0x8, UPT","0","0","0","2368","75776","75776","32","32","0","0","0","-","-","-","0","0","0","0","0","0","0","0","-","0","0","0","0","0","0","0","0","0","0","0","0","0","0","0","0","0","0","0","0","0","0","0","0","0","0","0","0","0","0","0","0","0","0","0","0","0","0","0","0"
"0x7f696b5adda0","      BRA.U !UP0, 0x7f696b5addd0","8","8","8","2368","75776","75776","32","32","0","0","0","-","-","-","0","0","0","0","0","0","0","0","-","0","0","0","0","0","0","8","0","0","0","0","0","0","0","0","0","0","0","0","0","0","0","0","8","0","0","0","0","0","0","0","0","0","0","0","0","0","0","0","0"
"0x7f696b5addb0","      NOP","0","0","0","1184","37888","37888","32","32","0","0","0","-","-","-","0","0","0","0","0","0","0","0","-","0","0","0","0","0","0","0","0","0","0","0","0","0","0","0","0","0","0","0","0","0","0","0","0","0","0","0","0","0","0","0","0","0","0","0","0","0","0","0","0"
"0x7f696b5addc0","      USETMAXREG.DEALLOC.CTAPOOL 0x40","0","0","0","1184","37888","37888","32","32","0","0","0","-","-","-","0","0","0","0","0","0","0","0","-","0","0","0","0","0","0","0","0","0","0","0","0","0","0","0","0","0","0","0","0","0","0","0","0","0","0","0","0","0","0","0","0","0","0","0","0","0","0","0","0"
"0x7f696b5addd0","      ULOP3.LUT UR5, UR55, 0xfffffffc, URZ, 0xc0, !UPT","0","0","0","2368","75776","75776","32","32","0","0","0","-","-","-","0","0","0","0","0","0","0","0","-","0","0","0","0","0","0","0","0","0","0","0","0","0","0","0","0","0","0","0","0","0","0","0","0","0","0","0","0","0","0","0","0","0","0","0","0","0","0","0","0"
"0x7f696b5adde0","      UISETP.NE.U32.AND UP0, UPT, UR5, 0x8, UPT","0","0","0","2368","75776","75776","32","32","0","0","0","-","-","-","0","0","0","0","0","0","0","0","-","0","0","0","0","0","0","0","0","0","0","0","0","0","0","0","0","0","0","0","0","0","0","0","0","0","0","0","0","0","0","0","0","0","0","0","0","0","0","0","0"
"0x7f696b5addf0","      BRA.U UP0, 0x7f696b5af5c0","0","0","0","2368","75776","75776","32","32","0","0","0","-","-","-","0","0","0","0","0","0","0","0","-","0","0","0","0","0","0","0","0","0","0","0","0","0","0","0","0","0","0","0","0","0","0","0","0","0","0","0","0","0","0","0","0","0","0","0","0","0","0","0","0"
"0x7f696b5ade00","      S2R R3, SR_TID.X","0","0","0","592","18944","18944","32","32","0","0","0","-","-","-","0","0","0","0","0","0","0","0","-","0","0","0","0","0","0","0","0","0","0","0","0","0","0","0","0","0","0","0","0","0","0","0","0","0","0","0","0","0","0","0","0","0","0","0","0","0","0","0","0"
"0x7f696b5ade10","      S2R R11, SR_CTAID.X","0","0","0","592","18944","18944","32","32","0","0","0","-","-","-","0","0","0","0","0","0","0","0","-","0","0","0","0","0","0","0","0","0","0","0","0","0","0","0","0","0","0","0","0","0","0","0","0","0","0","0","0","0","0","0","0","0","0","0","0","0","0","0","0"
"0x7f696b5ade20","      IADD3 R12, PT, PT, R3, -0x100, RZ","0","0","0","592","18944","18944","32","32","0","0","0","-","-","-","0","0","0","0","0","0","0","0","-","0","0","0","0","0","0","0","0","0","0","0","0","0","0","0","0","0","0","0","0","0","0","0","0","0","0","0","0","0","0","0","0","0","0","0","0","0","0","0","0"
"0x7f696b5ade30","      ISETP.GT.AND P0, PT, R11, 0x1fff, PT","0","0","0","592","18944","18944","32","32","0","0","0","-","-","-","0","0","0","0","0","0","0","0","-","0","0","0","0","0","0","0","0","0","0","0","0","0","0","0","0","0","0","0","0","0","0","0","0","0","0","0","0","0","0","0","0","0","0","0","0","0","0","0","0"
"0x7f696b5ade40","@P0   EXIT","0","0","0","592","18944","0","32","0","32","32","0","-","-","-","0","0","0","0","0","0","0","0","-","0","0","0","0","0","0","0","0","0","0","0","0","0","0","0","0","0","0","0","0","0","0","0","0","0","0","0","0","0","0","0","0","0","0","0","0","0","0","0","0"
"0x7f696b5ade50","      LDCU.64 UR74, c[0x0][0x3a8]","0","0","0","592","18944","18944","32","32","32","0","0","-","-","-","0","0","0","0","0","0","0","0","-","0","0","0","0","0","0","0","0","0","0","0","0","0","0","0","0","0","0","0","0","0","0","0","0","0","0","0","0","0","0","0","0","0","0","0","0","0","0","0","0"
"0x7f696b5ade60","      SHF.R.S32.HI R10, RZ, 0x5, R12","0","0","0","592","18944","18944","32","32","0","0","0","-","-","-","0","0","0","0","0","0","0","0","-","0","0","0","0","0","0","0","0","0","0","0","0","0","0","0","0","0","0","0","0","0","0","0","0","0","0","0","0","0","0","0","0","0","0","0","0","0","0","0","0"
"0x7f696b5ade70","      LDCU.64 UR72, c[0x0][0x3a8]","0","0","0","592","18944","18944","32","32","0","0","0","-","-","-","0","0","0","0","0","0","0","0","-","0","0","0","0","0","0","0","0","0","0","0","0","0","0","0","0","0","0","0","0","0","0","0","0","0","0","0","0","0","0","0","0","0","0","0","0","0","0","0","0"
"0x7f696b5ade80","      ULEA UR47, UR55, 0xffffff00, 0x5","0","0","0","592","18944","18944","32","32","0","0","0","-","-","-","0","0","0","0","0","0","0","0","-","0","0","0","0","0","0","0","0","0","0","0","0","0","0","0","0","0","0","0","0","0","0","0","0","0","0","0","0","0","0","0","0","0","0","0","0","0","0","0","0"
"0x7f696b5ade90","      UMOV UR71, URZ","0","0","0","592","18944","18944","32","32","0","0","0","-","-","-","0","0","0","0","0","0","0","0","-","0","0","0","0","0","0","0","0","0","0","0","0","0","0","0","0","0","0","0","0","0","0","0","0","0","0","0","0","0","0","0","0","0","0","0","0","0","0","0","0"
"0x7f696b5adea0","      UMOV UR42, URZ","0","0","0","592","18944","18944","32","32","0","0","0","-","-","-","0","0","0","0","0","0","0","0","-","0","0","0","0","0","0","0","0","0","0","0","0","0","0","0","0","0","0","0","0","0","0","0","0","0","0","0","0","0","0","0","0","0","0","0","0","0","0","0","0"
"0x7f696b5adeb0","      UMOV UR66, 0x80","0","0","0","592","18944","18944","32","32","0","0","0","-","-","-","0","0","0","0","0","0","0","0","-","0","0","0","0","0","0","0","0","0","0","0","0","0","0","0","0","0","0","0","0","0","0","0","0","0","0","0","0","0","0","0","0","0","0","0","0","0","0","0","0"
"0x7f696b5adec0","      UMOV UR58, 0x100","0","0","0","592","18944","18944","32","32","0","0","0","-","-","-","0","0","0","0","0","0","0","0","-","0","0","0","0","0","0","0","0","0","0","0","0","0","0","0","0","0","0","0","0","0","0","0","0","0","0","0","0","0","0","0","0","0","0","0","0","0","0","0","0"
"0x7f696b5aded0","      UMOV UR50, 0x180","0","0","0","592","18944","18944","32","32","0","0","0","-","-","-","0","0","0","0","0","0","0","0","-","0","0","0","0","0","0","0","0","0","0","0","0","0","0","0","0","0","0","0","0","0","0","0","0","0","0","0","0","0","0","0","0","0","0","0","0","0","0","0","0"
"0x7f696b5adee0","      UIADD3.64 UR74, UPT, UPT, UR74, 0x80, URZ","0","0","0","592","18944","18944","32","32","0","0","0","-","-","-","0","0","0","0","0","0","0","0","-","0","0","0","0","0","0","0","0","0","0","0","0","0","0","0","0","0","0","0","0","0","0","0","0","0","0","0","0","0","0","0","0","0","0","0","0","0","0","0","0"
"0x7f696b5adef0","      LDC.64 R14, c[0x0][0x398]","16","1","16","32768","1048576","1048576","32","32","0","0","0","-","-","-","0","0","0","0","0","0","0","0","-","0","0","0","0","0","0","0","3","0","0","0","0","0","0","0","0","10","3","0","0","0","0","0","0","0","0","0","0","0","0","0","0","0","1","0","0","0","0","0","0"
"0x7f696b5adf00","      LDCU.64 UR6, c[0x0][0x358]","1","0","1","32768","1048576","1048576","32","32","0","0","0","-","-","-","0","0","0","0","0","0","0","0","-","0","0","0","0","0","0","0","0","0","0","0","0","0","0","0","0","0","1","0","0","0","0","0","0","0","0","0","0","0","0","0","0","0","0","0","0","0","0","0","0"
"0x7f696b5adf10","      IMAD.WIDE R14, R11, 0x4, R14","11","1","11","32768","1048576","1048576","32","32","0","0","0","-","-","-","0","0","0","0","0","0","0","0","-","0","0","0","0","0","0","0","0","0","0","0","0","2","0","0","0","0","1","0","8","0","0","0","0","0","0","0","0","0","0","0","0","0","0","0","0","1","0","0","0"
"0x7f696b5adf20","      LDG.E R2, desc[UR6][R14.64]","4","0","4","32768","1048576","1048576","32","32","0","0","0","Global","Load","32","32768","0","0","0","0","0","32768","32768","","0","0","0","0","0","0","0","0","2","0","0","0","0","0","0","0","0","1","0","0","0","0","1","0","0","0","0","0","0","0","0","0","0","0","0","0","0","0","0","0"
"0x7f696b5adf30","      SHF.R.S32.HI R3, RZ, 0x1f, R2","158","53","158","32768","1048576","1048576","32","32","0","0","0","-","-","-","0","0","0","0","0","0","0","0","-","0","0","0","0","0","0","0","0","0","0","0","156","0","0","0","0","0","2","0","0","0","0","0","0","0","0","0","0","53","0","0","0","0","0","0","0","0","0","0","0"
"0x7f696b5adf40","      R2UR UR63, R2","7","0","7","32768","1048576","1048576","32","32","0","0","0","-","-","-","0","0","0","0","0","0","0","0","-","0","0","0","0","0","0","0","0","1","0","0","0","0","0","0","0","0","3","0","0","0","0","3","0","0","0","0","0","0","0","0","0","0","0","0","0","0","0","0","0"
"0x7f696b5adf50","      LEA.HI R3, R3, R2, RZ, 0x7","6","0","6","32768","1048576","1048576","32","32","0","0","0","-","-","-","0","0","0","0","0","0","0","0","-","0","0","0","0","0","0","0","0","0","0","0","0","0","0","0","0","0","3","3","0","0","0","0","0","0","0","0","0","0","0","0","0","0","0","0","0","0","0","0","0"
"0x7f696b5adf60","      LOP3.LUT R5, R3, 0xffffff80, RZ, 0xc0, !PT","4","1","4","32768","1048576","1048576","32","32","0","0","0","-","-","-","0","0","0","0","0","0","0","0","-","0","0","0","0","0","0","0","0","0","0","0","0","0","0","0","0","0","2","0","0","0","0","2","0","0","0","0","0","0","0","0","0","0","0","0","0","0","0","0","1"
"0x7f696b5adf70","      SHF.R.S32.HI R0, RZ, 0x7, R3","1","1","1","32768","1048576","1048576","32","32","0","0","0","-","-","-","0","0","0","0","0","0","0","0","-","0","0","0","0","0","0","0","0","0","0","0","0","0","0","0","0","0","0","0","0","0","0","1","0","0","0","0","0","0","0","0","0","0","0","0","0","0","0","0","1"
"0x7f696b5adf80","      ISETP.NE.U32.AND P0, PT, R2, R5, PT","0","0","0","32768","1048576","1048576","32","32","0","0","0","-","-","-","0","0","0","0","0","0","0","0","-","0","0","0","0","0","0","0","0","0","0","0","0","0","0","0","0","0","0","0","0","0","0","0","0","0","0","0","0","0","0","0","0","0","0","0","0","0","0","0","0"
"0x7f696b5adf90","      LEA.HI.SX32 R3, R3, 0x1, 0x19","1","0","1","32768","1048576","1048576","32","32","0","0","0","-","-","-","0","0","0","0","0","0","0","0","-","0","0","0","0","0","0","0","0","0","0","0","0","0","0","0","0","0","0","1","0","0","0","0","0","0","0","0","0","0","0","0","0","0","0","0","0","0","0","0","0"
"0x7f696b5adfa0","      ISETP.GT.AND P0, PT, R2, -0x1, P0","0","0","0","32768","1048576","1048576","32","32","0","0","0","-","-","-","0","0","0","0","0","0","0","0","-","0","0","0","0","0","0","0","0","0","0","0","0","0","0","0","0","0","0","0","0","0","0","0","0","0","0","0","0","0","0","0","0","0","0","0","0","0","0","0","0"
"0x7f696b5adfb0","@!P0  IMAD.MOV R3, RZ, RZ, R0","7","5","7","32768","1048576","1048576","32","32","0","0","0","-","-","-","0","0","0","0","0","0","0","0","-","0","0","0","0","0","0","0","0","0","0","0","0","0","0","0","0","0","0","0","0","0","0","7","0","0","0","0","0","0","0","0","0","0","0","0","0","0","0","0","5"
"0x7f696b5adfc0","      ISETP.GE.AND P0, PT, R3, 0x1, PT","8","3","8","32768","1048576","1048576","32","32","0","0","0","-","-","-","0","0","0","0","0","0","0","0","-","0","0","0","0","0","0","0","0","1","0","0","0","0","0","0","0","0","1","2","0","0","0","4","0","0","0","0","0","0","0","0","0","0","0","0","0","0","0","0","3"
"0x7f696b5adfd0","@!P0  BRA 0x7f696b5af500","3","3","3","32768","1048576","0","32","0","32","32","0","-","-","-","0","0","0","0","0","0","0","0","-","0","0","0","0","0","0","0","0","0","0","0","0","0","0","0","0","0","0","0","0","0","0","3","0","0","0","0","0","0","0","0","0","0","0","0","0","0","0","0","3"
"0x7f696b5adfe0","      S2R R4, SR_TID.X","3","2","3","32768","1048576","1048576","32","32","32","0","0","-","-","-","0","0","0","0","0","0","0","0","-","0","0","0","0","0","0","0","0","0","0","0","0","0","0","0","0","0","0","0","0","0","0","3","0","0","0","0","0","0","0","0","0","0","0","0","0","0","0","0","2"
"0x7f696b5adff0","      LDC.64 R16, c[0x0][0x390]","0","0","0","32768","1048576","1048576","32","32","0","0","0","-","-","-","0","0","0","0","0","0","0","0","-","0","0","0","0","0","0","0","0","0","0","0","0","0","0","0","0","0","0","0","0","0","0","0","0","0","0","0","0","0","0","0","0","0","0","0","0","0","0","0","0"
"0x7f696b5ae000","      ULEA.HI UR5, UR71, UR71, URZ, 0x1","1","0","1","32768","1048576","1048576","32","32","0","0","0","-","-","-","0","0","0","0","0","0","0","0","-","0","0","0","0","0","0","0","0","0","0","0","0","0","0","0","0","0","0","1","0","0","0","0","0","0","0","0","0","0","0","0","0","0","0","0","0","0","0","0","0"
"0x7f696b5ae010","      IMAD.MOV R3, RZ, RZ, -R3","0","0","0","32768","1048576","1048576","32","32","0","0","0","-","-","-","0","0","0","0","0","0","0","0","-","0","0","0","0","0","0","0","0","0","0","0","0","0","0","0","0","0","0","0","0","0","0","0","0","0","0","0","0","0","0","0","0","0","0","0","0","0","0","0","0"
"0x7f696b5ae020","      LEA R2, R11, R12, 0xb","1","0","1","32768","1048576","1048576","32","32","0","0","0","-","-","-","0","0","0","0","0","0","0","0","-","0","0","0","0","0","0","0","0","0","0","0","0","0","0","0","0","0","0","1","0","0","0","0","0","0","0","0","0","0","0","0","0","0","0","0","0","0","0","0","0"
"0x7f696b5ae030","      UMOV UR31, UR71","0","0","0","32768","1048576","1048576","32","32","0","0","0","-","-","-","0","0","0","0","0","0","0","0","-","0","0","0","0","0","0","0","0","0","0","0","0","0","0","0","0","0","0","0","0","0","0","0","0","0","0","0","0","0","0","0","0","0","0","0","0","0","0","0","0"
"0x7f696b5ae040","      ULOP3.LUT UR6, UR5, 0xfffffffe, URZ, 0xc0, !UPT","0","0","0","32768","1048576","1048576","32","32","0","0","0","-","-","-","0","0","0","0","0","0","0","0","-","0","0","0","0","0","0","0","0","0","0","0","0","0","0","0","0","0","0","0","0","0","0","0","0","0","0","0","0","0","0","0","0","0","0","0","0","0","0","0","0"
"0x7f696b5ae050","      USHF.R.S32.HI UR7, URZ, 0x1, UR5","1","1","1","32768","1048576","1048576","32","32","0","0","0","-","-","-","0","0","0","0","0","0","0","0","-","0","0","0","0","0","0","0","0","0","0","0","0","0","0","0","0","0","0","0","0","0","0","1","0","0","0","0","0","0","0","0","0","0","0","0","0","0","0","0","1"
"0x7f696b5ae060","      UIADD3 UR5, UPT, UPT, -UR6, UR71, URZ","3","3","3","32768","1048576","1048576","32","32","0","0","0","-","-","-","0","0","0","0","0","0","0","0","-","0","0","0","0","0","0","0","0","0","0","0","0","0","0","0","0","0","0","0","0","0","0","3","0","0","0","0","0","0","0","0","0","0","0","0","0","0","0","0","3"
"0x7f696b5ae070","      MOV R9, UR7","3","2","3","32768","1048576","1048576","32","32","0","0","0","-","-","-","0","0","0","0","0","0","0","0","-","0","0","0","0","0","0","0","0","0","0","0","0","0","0","0","0","0","0","1","0","0","0","2","0","0","0","0","0","0","0","0","0","0","0","0","0","0","0","0","2"
"0x7f696b5ae080","      IMAD.U32 R8, RZ, RZ, UR5","2","1","2","32768","1048576","1048576","32","32","0","0","0","-","-","-","0","0","0","0","0","0","0","0","-","0","0","0","0","0","0","0","0","0","0","0","0","0","0","0","0","0","0","1","0","0","0","1","0","0","0","0","0","0","0","0","0","0","0","0","0","0","0","0","1"
"0x7f696b5ae090","      ISETP.GT.U32.AND P1, PT, R4, 0x17f, PT","4","4","4","32768","1048576","1048576","32","32","0","0","0","-","-","-","0","0","0","0","0","0","0","0","-","0","0","0","0","0","0","0","0","0","0","0","0","0","0","0","0","0","0","0","4","0","0","0","0","0","0","0","0","0","0","0","0","0","0","0","0","4","0","0","0"
"0x7f696b5ae0a0","      IMAD.MOV.U32 R0, RZ, RZ, R4","1","0","1","32768","1048576","1048576","32","32","0","0","0","-","-","-","0","0","0","0","0","0","0","0","-","0","0","0","0","0","0","0","0","0","0","0","0","0","0","0","0","0","0","1","0","0","0","0","0","0","0","0","0","0","0","0","0","0","0","0","0","0","0","0","0"
"0x7f696b5ae0b0","      S2R R5, SR_TID.X","182","57","182","524288","16777216","16777216","32","32","0","0","0","-","-","-","0","0","0","0","0","0","0","0","-","0","0","0","0","0","0","0","29","0","0","0","0","0","0","0","0","129","13","1","1","0","0","9","0","10","0","0","0","0","0","0","0","0","38","0","0","1","0","0","8"
"0x7f696b5ae0c0","      VIADD R4, R0, 0xffffff00","10","0","10","524288","16777216","16777216","32","32","0","0","0","-","-","-","0","0","0","0","0","0","0","0","-","0","0","0","0","0","0","0","0","0","0","0","0","0","0","0","0","0","0","10","0","0","0","0","0","0","0","0","0","0","0","0","0","0","0","0","0","0","0","0","0"
"0x7f696b5ae0d0","      LDCU.64 UR6, c[0x0][0x358]","21","0","21","524288","16777216","16777216","32","32","0","0","0","-","-","-","0","0","0","0","0","0","0","0","-","0","0","0","0","0","0","0","0","0","0","0","0","0","0","0","0","0","0","21","0","0","0","0","0","0","0","0","0","0","0","0","0","0","0","0","0","0","0","0","0"
"0x7f696b5ae0e0","      ISETP.NE.U32.AND P0, PT, R12, RZ, PT","10","0","10","524288","16777216","16777216","32","32","0","0","0","-","-","-","0","0","0","0","0","0","0","0","-","0","0","0","0","0","0","0","0","0","0","0","0","0","0","0","0","0","0","10","0","0","0","0","0","0","0","0","0","0","0","0","0","0","0","0","0","0","0","0","0"
"0x7f696b5ae0f0","      IMAD.WIDE R6, R2, 0x4, R16","12","0","12","524288","16777216","16777216","32","32","0","0","0","-","-","-","0","0","0","0","0","0","0","0","-","0","0","0","0","0","0","0","0","1","0","0","0","0","0","0","0","0","0","11","0","0","0","0","0","0","0","0","0","0","0","0","0","0","0","0","0","0","0","0","0"
"0x7f696b5ae100","      MOV R13, 0xffffffff","54","2","54","524288","16777216","16777216","32","32","0","0","0","-","-","-","0","0","0","0","0","0","0","0","-","0","0","0","0","0","0","0","0","6","0","0","0","8","0","0","0","14","12","14","0","0","0","0","0","0","0","0","0","0","1","0","0","0","1","0","0","0","0","0","0"
"0x7f696b5ae110","      ISETP.GE.OR P1, PT, R4, UR63, P1","55","6","55","524288","16777216","16777216","32","32","0","0","0","-","-","-","0","0","0","0","0","0","0","0","-","0","0","0","0","0","0","0","0","6","0","0","0","16","0","0","0","0","7","13","0","0","0","13","0","0","1","0","0","0","3","0","0","0","0","0","0","0","0","0","2"
"0x7f696b5ae120","      UISETP.GE.AND UP0, UPT, UR31, 0x2, UPT","14","0","14","524288","16777216","16777216","32","32","0","0","0","-","-","-","0","0","0","0","0","0","0","0","-","0","0","0","0","0","0","0","0","2","0","0","0","0","0","0","0","0","0","12","0","0","0","0","0","0","0","0","0","0","0","0","0","0","0","0","0","0","0","0","0"
"0x7f696b5ae130","      ULEA.HI UR5, UR31, UR31, URZ, 0x1","42","1","42","524288","16777216","16777216","32","32","0","0","0","-","-","-","0","0","0","0","0","0","0","0","-","0","0","0","0","0","0","0","0","1","0","0","0","0","0","0","0","0","13","14","0","0","0","14","0","0","0","0","0","0","0","0","0","0","0","0","0","0","0","0","1"
"0x7f696b5ae140","      ULOP3.LUT UR5, UR5, 0xfffffffe, URZ, 0xc0, !UPT","65","5","65","524288","16777216","16777216","32","32","0","0","0","-","-","-","0","0","0","0","0","0","0","0","-","0","0","0","0","0","0","0","0","0","0","0","0","1","0","0","0","0","28","7","0","0","0","29","0","0","0","0","0","0","0","0","0","0","0","0","0","0","0","0","5"
"0x7f696b5ae150","      UIADD3 UR23, UPT, UPT, -UR5, UR31, URZ","63","12","63","524288","16777216","16777216","32","32","0","0","0","-","-","-","0","0","0","0","0","0","0","0","-","0","0","0","0","0","0","0","0","0","0","0","0","0","0","0","0","0","22","11","0","0","0","30","0","0","0","0","0","0","0","0","0","0","0","0","0","0","0","0","12"
"0x7f696b5ae160","@!P1  LDG.E R13, desc[UR6][R6.64]","31","3","31","524288","16777216","16777216","32","32","0","0","0","Global","Load","32","524288","0","0","0","0","0","2097152","2097152","","0","0","0","0","0","0","0","0","0","0","0","0","0","0","0","0","0","15","4","0","0","0","12","0","0","0","0","0","0","0","0","0","0","0","0","0","0","0","0","3"
"0x7f696b5ae170","      ULEA UR7, UR23, UR4, 0x3","44","2","44","524288","16777216","16777216","32","32","0","0","0","-","-","-","0","0","0","0","0","0","0","0","-","0","0","0","0","0","0","0","0","0","0","0","0","0","0","0","0","0","22","11","0","0","0","11","0","0","0","0","0","0","0","0","0","0","0","0","0","0","0","0","2"
"0x7f696b5ae180","      ISETP.GT.U32.AND P1, PT, R5, 0x17f, PT","9","1","9","524288","16777216","16777216","32","32","0","0","0","-","-","-","0","0","0","0","0","0","0","0","-","0","0","0","0","0","0","0","0","0","0","0","0","0","0","0","0","0","0","8","1","0","0","0","0","0","0","0","0","0","0","0","0","0","0","0","0","1","0","0","0"
"0x7f696b5ae190","@!P0  IMAD.MOV.U32 R5, RZ, RZ, 0x12000","14","0","14","524288","16777216","131072","32","0","32","32","0","-","-","-","0","0","0","0","0","0","0","0","-","0","0","0","0","0","0","0","0","0","0","0","0","0","0","0","0","0","0","14","0","0","0","0","0","0","0","0","0","0","0","0","0","0","0","0","0","0","0","0","0"
"0x7f696b5ae1a0","      BRA.U !UP0, 0x7f696b5ae220","8","0","8","524288","16777216","16777216","32","32","32","0","0","-","-","-","0","0","0","0","0","0","0","0","-","0","0","0","0","0","0","0","0","0","0","0","0","0","0","0","0","0","0","8","0","0","0","0","0","0","0","0","0","0","0","0","0","0","0","0","0","0","0","0","0"
"0x7f696b5ae1b0","      VIADD R7, R9, 0xffffffff","176","37","176","523104","16739328","16739328","32","32","0","0","0","-","-","-","0","0","0","0","0","0","0","0","-","0","0","0","0","0","0","0","0","0","0","0","0","10","0","0","0","0","49","8","0","0","0","109","0","0","0","0","0","0","1","0","0","0","0","0","0","0","0","0","36"
"0x7f696b5ae1c0","      LEA.HI R4, R7, R7, RZ, 0x1","133","32","133","523104","16739328","16739328","32","32","0","0","0","-","-","-","0","0","0","0","0","0","0","0","-","0","0","0","0","0","0","0","0","0","0","0","0","32","0","0","0","0","47","13","0","0","0","41","0","0","0","0","0","0","18","0","0","0","0","0","0","0","0","0","14"
"0x7f696b5ae1d0","      LOP3.LUT R4, R4, 0xfffffffe, RZ, 0xc0, !PT","127","18","127","523104","16739328","16739328","32","32","0","0","0","-","-","-","0","0","0","0","0","0","0","0","-","0","0","0","0","0","0","0","0","0","0","0","0","32","0","0","0","0","48","11","0","0","0","36","0","0","0","0","0","0","11","0","0","0","0","0","0","0","0","0","7"
"0x7f696b5ae1e0","      IMAD.IADD R7, R7, 0x1, -R4","73","9","73","523104","16739328","16739328","32","32","0","0","0","-","-","-","0","0","0","0","0","0","0","0","-","0","0","0","0","0","0","0","0","2","0","0","0","11","0","0","0","0","13","6","0","0","0","41","0","0","0","0","0","0","2","0","0","0","0","0","0","0","0","0","7"
"0x7f696b5ae1f0","      SHF.L.U32 R7, R7, 0x1f, RZ","153","24","153","523104","16739328","16739328","32","32","0","0","0","-","-","-","0","0","0","0","0","0","0","0","-","0","0","0","0","0","0","0","0","1","0","0","0","47","0","0","0","0","53","7","0","0","0","45","0","0","0","0","0","0","17","0","0","0","0","0","0","0","0","0","7"
"0x7f696b5ae200","      SYNCS.PHASECHK.TRANS64.TRYWAIT P2, [UR7+0x31958], R7","68","7","68","523104","16739328","16739328","32","32","0","0","0","-","-","-","0","0","0","0","0","0","0","0","-","0","0","0","0","0","0","0","0","1","0","0","0","0","0","0","0","0","21","9","0","0","0","37","0","0","0","0","0","0","0","0","0","0","0","0","0","0","0","0","7"
"0x7f696b5ae210","@!P2  BRA 0x7f696b5b3b80","17153","13683","17153","523104","16739328","9107008","32","17","15","15","0","-","-","-","0","0","0","0","0","0","0","0","-","0","0","0","0","0","0","0","0","0","0","0","17131","0","0","0","0","0","3","12","0","0","0","7","0","0","0","0","0","13681","0","0","0","0","0","0","0","0","0","0","2"
"0x7f696b5ae220","      ULEA UR39, UR23, UR4, 0x9","44","25","44","524288","16777216","16777216","32","32","15","0","0","-","-","-","0","0","0","0","0","0","0","0","-","0","0","0","0","0","0","0","0","0","0","0","0","1","0","0","0","0","2","5","0","0","0","36","0","0","0","0","0","0","1","0","0","0","0","0","0","0","0","0","24"
"0x7f696b5ae230","@P1   BRA 0x7f696b5ae2e0","11","0","11","524288","16777216","0","32","0","32","32","0","-","-","-","0","0","0","0","0","0","0","0","-","0","0","0","0","0","0","0","0","0","0","0","0","0","0","0","0","0","0","11","0","0","0","0","0","0","0","0","0","0","0","0","0","0","0","0","0","0","0","0","0"
"0x7f696b5ae240","      S2R R6, SR_TID.X","118","53","118","524288","16777216","16777216","32","32","32","0","0","-","-","-","0","0","0","0","0","0","0","0","-","0","0","0","0","0","0","0","0","0","0","0","0","0","0","0","0","0","7","6","0","0","0","105","0","0","0","0","0","0","0","0","0","0","0","0","0","0","0","0","53"
"0x7f696b5ae250","      ISETP.GT.AND P2, PT, R13, -0x1, PT","32","22","32","524288","16777216","16777216","32","32","0","0","0","-","-","-","0","0","0","0","0","0","0","0","-","0","0","0","0","0","0","0","0","0","0","0","25","0","0","0","0","0","0","7","0","0","0","0","0","0","0","0","0","22","0","0","0","0","0","0","0","0","0","0","0"
"0x7f696b5ae260","      IMAD.U32 R7, RZ, RZ, UR23","4","0","4","524288","16777216","16777216","32","32","0","0","0","-","-","-","0","0","0","0","0","0","0","0","-","0","0","0","0","0","0","0","0","0","0","0","0","0","0","0","0","0","0","4","0","0","0","0","0","0","0","0","0","0","0","0","0","0","0","0","0","0","0","0","0"
"0x7f696b5ae270","      VOTE.ANY R4, PT, P2","169","57","169","524288","16777216","16777216","32","32","0","0","0","-","-","-","0","0","0","0","0","0","0","0","-","0","0","0","0","0","0","0","0","0","0","0","0","16","0","0","0","0","21","16","0","0","0","116","0","0","0","0","0","0","10","0","0","0","0","0","0","0","0","0","47"
"0x7f696b5ae280","      LOP3.LUT P3, RZ, R6, 0x1f, RZ, 0xc0, !PT","79","36","79","524288","16777216","16777216","32","32","0","0","0","-","-","-","0","0","0","0","0","0","0","0","-","0","0","0","0","0","0","0","0","0","0","0","0","15","0","0","0","0","8","8","42","0","0","6","0","0","0","0","0","0","10","0","0","0","0","0","0","24","0","0","2"
"0x7f696b5ae290","      LEA R6, R6, UR39, 0x2","20","4","20","524288","16777216","16777216","32","32","0","0","0","-","-","-","0","0","0","0","0","0","0","0","-","0","0","0","0","0","0","0","0","0","0","0","0","0","0","0","0","0","0","13","0","0","0","7","0","0","0","0","0","0","0","0","0","0","0","0","0","0","0","0","4"
"0x7f696b5ae2a0","      STS [R6+0x31100], R13","51","13","51","524288","16777216","16777216","32","32","0","0","0","Shared","Store","32","0","1","0","524288","524288","0","0","0","-","0","0","0","0","0","0","0","0","0","0","0","0","0","0","0","0","0","2","14","0","0","0","35","0","0","0","0","0","0","0","0","0","0","0","0","0","0","0","0","13"
"0x7f696b5ae2b0","@!P3  IMAD R7, R7, 0x4, R10","53","23","53","524288","16777216","524288","32","1","31","31","0","-","-","-","0","0","0","0","0","0","0","0","-","0","0","0","0","0","0","0","0","0","0","0","0","0","0","0","0","0","0","8","0","0","0","45","0","0","0","0","0","0","0","0","0","0","0","0","0","0","0","0","23"
"0x7f696b5ae2c0","@!P3  LEA R7, R7, UR4, 0x2","70","28","70","524288","16777216","524288","32","1","0","31","0","-","-","-","0","0","0","0","0","0","0","0","-","0","0","0","0","0","0","0","0","0","0","0","0","4","0","0","0","0","6","13","0","0","0","47","0","0","0","0","0","0","1","0","0","0","0","0","0","0","0","0","27"
"0x7f696b5ae2d0","@!P3  STS [R7+0x31900], R4","65","24","65","524288","16777216","524288","32","1","0","31","0","Shared","Store","32","0","1","0","524288","524288","0","0","0","-","0","0","0","0","0","0","0","0","0","0","0","0","0","0","0","0","0","8","15","0","0","0","42","0","0","0","0","0","0","0","0","0","0","0","0","0","0","0","0","24"
"0x7f696b5ae2e0","      BAR.SYNC.DEFER_BLOCKING 0x2, 0x80","19","9","19","524288","16777216","16777216","32","32","31","0","0","-","-","-","0","0","0","0","0","0","0","0","-","0","0","0","0","0","0","0","0","4","0","0","0","0","0","0","0","0","0","6","0","0","0","9","0","0","4","0","0","0","0","0","0","0","0","0","0","0","0","0","5"
"0x7f696b5ae2f0","      BSSY.RECONVERGENT B0, 0x7f696b5af400","277","235","277","524288","16777216","16777216","32","32","0","0","0","-","-","-","0","0","0","0","0","0","0","0","-","0","0","0","0","0","0","215","0","0","0","0","0","0","0","0","0","0","1","18","0","0","0","43","198","0","0","0","0","0","0","0","0","0","0","0","0","0","0","0","37"
"0x7f696b5ae300","@!P0  SYNCS.ARRIVE.TRANS64 RZ, [UR7+0x31948], R5","10","0","10","524288","16777216","131072","32","0","32","32","0","-","-","-","0","0","0","0","0","0","0","0","-","0","0","0","0","0","0","0","0","0","0","0","0","0","0","0","0","0","0","10","0","0","0","0","0","0","0","0","0","0","0","0","0","0","0","0","0","0","0","0","0"
"0x7f696b5ae310","      BAR.SYNC.DEFER_BLOCKING 0x2, 0x80","11","0","11","524288","16777216","16777216","32","32","32","0","0","-","-","-","0","0","0","0","0","0","0","0","-","0","0","0","0","0","0","0","0","0","0","0","0","0","0","0","0","0","0","11","0","0","0","0","0","0","0","0","0","0","0","0","0","0","0","0","0","0","0","0","0"
"0x7f696b5ae320","      ELECT P0, URZ, PT","10","0","10","524288","16777216","16777216","32","32","0","0","0","-","-","-","0","0","0","0","0","0","0","0","-","0","0","0","0","0","0","0","0","0","0","0","0","0","0","0","0","0","0","10","0","0","0","0","0","0","0","0","0","0","0","0","0","0","0","0","0","0","0","0","0"
"0x7f696b5ae330","@!P0  BRA 0x7f696b5af3e0","220","159","220","524288","16777216","16252928","32","31","1","1","524288","-","-","-","0","0","0","0","0","0","0","0","-","0","0","0","0","0","0","158","0","0","0","0","0","0","0","0","0","0","2","11","0","0","0","49","118","0","0","0","0","0","0","0","0","0","0","0","0","0","0","0","41"
"0x7f696b5ae340","      ULEA UR15, UR55, UR39, 0x7","69","52","69","524288","524288","524288","1","1","30","31","0","-","-","-","0","0","0","0","0","0","0","0","-","0","0","0","0","0","0","0","16","0","0","0","0","0","0","0","0","0","1","7","0","0","0","45","0","13","0","0","0","0","0","0","0","0","0","0","0","0","0","0","39"
"0x7f696b5ae350","      ULEA UR5, UR23, UR47, 0x9","19","6","19","524288","524288","524288","1","1","0","31","0","-","-","-","0","0","0","0","0","0","0","0","-","0","0","0","0","0","0","0","0","0","0","0","0","0","0","0","0","0","0","13","0","0","0","6","0","0","0","0","0","0","0","0","0","0","0","0","0","0","0","0","6"
"0x7f696b5ae360","      ULEA UR6, UR23, UR47, 0x7","20","5","20","524288","524288","524288","1","1","0","31","0","-","-","-","0","0","0","0","0","0","0","0","-","0","0","0","0","0","0","0","0","0","0","0","0","0","0","0","0","0","2","11","0","0","0","7","0","0","0","0","0","0","0","0","0","0","0","0","0","0","0","0","5"
"0x7f696b5ae370","      ULEA UR5, UR5, UR4, 0x7","26","9","26","524288","524288","524288","1","1","0","31","0","-","-","-","0","0","0","0","0","0","0","0","-","0","0","0","0","0","0","0","0","0","0","0","0","0","0","0","0","0","5","10","0","0","0","11","0","0","0","0","0","0","0","0","0","0","0","0","0","0","0","0","9"
"0x7f696b5ae380","      UIADD3 UR41, UPT, UPT, UR7, 0x31948, URZ","19","6","19","524288","524288","524288","1","1","0","31","0","-","-","-","0","0","0","0","0","0","0","0","-","0","0","0","0","0","0","0","0","0","0","0","0","0","0","0","0","0","0","13","0","0","0","6","0","0","0","0","0","0","0","0","0","0","0","0","0","0","0","0","6"
"0x7f696b5ae390","      LDS.128 R4, [UR15+0x31100]","14","0","14","524288","524288","524288","1","1","0","31","0","Shared","Load","128","0","1","0","524288","524288","0","0","0","-","0","0","0","0","0","0","0","0","0","0","0","0","0","0","0","0","0","0","13","1","0","0","0","0","0","0","0","0","0","0","0","0","0","0","0","0","0","0","0","0"
"0x7f696b5ae3a0","      ULEA UR6, UR6, UR4, 0x6","8","0","8","524288","524288","524288","1","1","0","31","0","-","-","-","0","0","0","0","0","0","0","0","-","0","0","0","0","0","0","0","0","0","0","0","0","0","0","0","0","0","0","8","0","0","0","0","0","0","0","0","0","0","0","0","0","0","0","0","0","0","0","0","0"
"0x7f696b5ae3b0","      UIADD3 UR40, UPT, UPT, UR5, 0x9000, URZ","20","9","20","524288","524288","524288","1","1","0","31","0","-","-","-","0","0","0","0","0","0","0","0","-","0","0","0","0","0","0","0","0","0","0","0","0","0","0","0","0","0","1","9","0","0","0","10","0","0","0","0","0","0","0","0","0","0","0","0","0","0","0","0","9"
"0x7f696b5ae3c0","      UIADD3 UR64, UPT, UPT, UR5, 0xd000, URZ","14","8","14","524288","524288","524288","1","1","0","31","0","-","-","-","0","0","0","0","0","0","0","0","-","0","0","0","0","0","0","0","0","0","0","0","0","0","0","0","0","0","0","6","0","0","0","8","0","0","0","0","0","0","0","0","0","0","0","0","0","0","0","0","8"
"0x7f696b5ae3d0","      UIADD3 UR56, UPT, UPT, UR5, 0x11000, URZ","18","8","18","524288","524288","524288","1","1","0","31","0","-","-","-","0","0","0","0","0","0","0","0","-","0","0","0","0","0","0","0","0","0","0","0","0","0","0","0","0","0","1","9","0","0","0","8","0","0","0","0","0","0","0","0","0","0","0","0","0","0","0","0","8"
"0x7f696b5ae3e0","      UIADD3 UR48, UPT, UPT, UR5, 0x15000, URZ","23","9","23","524288","524288","524288","1","1","0","31","0","-","-","-","0","0","0","0","0","0","0","0","-","0","0","0","0","0","0","0","0","0","0","0","0","2","0","0","0","0","4","8","0","0","0","9","0","0","0","0","0","0","1","0","0","0","0","0","0","0","0","0","8"
"0x7f696b5ae3f0","      UIADD3 UR8, UPT, UPT, UR6, 0x29000, URZ","15","8","15","524288","524288","524288","1","1","0","31","0","-","-","-","0","0","0","0","0","0","0","0","-","0","0","0","0","0","0","0","0","0","0","0","0","0","0","0","0","0","0","7","0","0","0","8","0","0","0","0","0","0","0","0","0","0","0","0","0","0","0","0","8"
"0x7f696b5ae400","      UMOV UR65, UR41","12","1","12","524288","524288","524288","1","1","0","31","0","-","-","-","0","0","0","0","0","0","0","0","-","0","0","0","0","0","0","0","0","0","0","0","0","0","0","0","0","1","0","11","0","0","0","0","0","0","0","0","0","0","0","0","0","0","1","0","0","0","0","0","0"
"0x7f696b5ae410","      UMOV UR57, UR41","5","0","5","524288","524288","524288","1","1","0","31","0","-","-","-","0","0","0","0","0","0","0","0","-","0","0","0","0","0","0","0","0","0","0","0","0","0","0","0","0","0","0","5","0","0","0","0","0","0","0","0","0","0","0","0","0","0","0","0","0","0","0","0","0"
"0x7f696b5ae420","      UMOV UR49, UR41","11","0","11","524288","524288","524288","1","1","0","31","0","-","-","-","0","0","0","0","0","0","0","0","-","0","0","0","0","0","0","0","0","0","0","0","0","0","0","0","0","0","0","11","0","0","0","0","0","0","0","0","0","0","0","0","0","0","0","0","0","0","0","0","0"
"0x7f696b5ae430","      UMOV UR10, UR42","9","0","9","524288","524288","524288","1","1","0","31","0","-","-","-","0","0","0","0","0","0","0","0","-","0","0","0","0","0","0","0","0","0","0","0","0","0","0","0","0","0","0","9","0","0","0","0","0","0","0","0","0","0","0","0","0","0","0","0","0","0","0","0","0"
"0x7f696b5ae440","      UMOV UR9, UR41","10","0","10","524288","524288","524288","1","1","0","31","0","-","-","-","0","0","0","0","0","0","0","0","-","0","0","0","0","0","0","0","0","0","0","0","0","0","0","0","0","0","0","10","0","0","0","0","0","0","0","0","0","0","0","0","0","0","0","0","0","0","0","0","0"
"0x7f696b5ae450","      UIADD3 UR32, UPT, UPT, UR5, 0xd200, URZ","14","0","14","524288","524288","524288","1","1","0","31","0","-","-","-","0","0","0","0","0","0","0","0","-","0","0","0","0","0","0","0","0","3","0","0","0","0","0","0","0","0","0","11","0","0","0","0","0","0","0","0","0","0","0","0","0","0","0","0","0","0","0","0","0"
"0x7f696b5ae460","      UIADD3 UR24, UPT, UPT, UR5, 0x11200, URZ","62","24","62","524288","524288","524288","1","1","0","31","0","-","-","-","0","0","0","0","0","0","0","0","-","0","0","0","0","0","0","0","0","16","0","0","0","4","0","0","0","0","6","12","0","0","0","24","0","0","15","0","0","0","2","0","0","0","0","0","0","0","0","0","7"
"0x7f696b5ae470","      UIADD3 UR16, UPT, UPT, UR5, 0x15200, URZ","30","13","30","524288","524288","524288","1","1","0","31","0","-","-","-","0","0","0","0","0","0","0","0","-","0","0","0","0","0","0","0","0","0","0","0","0","0","0","0","0","0","0","8","0","0","0","22","0","0","0","0","0","0","0","0","0","0","0","0","0","0","0","0","13"
"0x7f696b5ae480","      UMOV UR34, 0x80","11","0","11","524288","524288","524288","1","1","0","31","0","-","-","-","0","0","0","0","0","0","0","0","-","0","0","0","0","0","0","0","0","0","0","0","0","0","0","0","0","0","0","11","0","0","0","0","0","0","0","0","0","0","0","0","0","0","0","0","0","0","0","0","0"
"0x7f696b5ae490","      UMOV UR33, UR41","10","0","10","524288","524288","524288","1","1","0","31","0","-","-","-","0","0","0","0","0","0","0","0","-","0","0","0","0","0","0","0","0","0","0","0","0","0","0","0","0","0","0","10","0","0","0","0","0","0","0","0","0","0","0","0","0","0","0","0","0","0","0","0","0"
"0x7f696b5ae4a0","      UMOV UR26, 0x100","6","0","6","524288","524288","524288","1","1","0","31","0","-","-","-","0","0","0","0","0","0","0","0","-","0","0","0","0","0","0","0","0","0","0","0","0","0","0","0","0","0","0","6","0","0","0","0","0","0","0","0","0","0","0","0","0","0","0","0","0","0","0","0","0"
"0x7f696b5ae4b0","      UMOV UR25, UR41","5","0","5","524288","524288","524288","1","1","0","31","0","-","-","-","0","0","0","0","0","0","0","0","-","0","0","0","0","0","0","0","0","0","0","0","0","0","0","0","0","0","0","5","0","0","0","0","0","0","0","0","0","0","0","0","0","0","0","0","0","0","0","0","0"
"0x7f696b5ae4c0","      UMOV UR18, 0x180","12","0","12","524288","524288","524288","1","1","0","31","0","-","-","-","0","0","0","0","0","0","0","0","-","0","0","0","0","0","0","0","0","0","0","0","0","0","0","0","0","0","0","12","0","0","0","0","0","0","0","0","0","0","0","0","0","0","0","0","0","0","0","0","0"
"0x7f696b5ae4d0","      UMOV UR17, UR41","10","0","10","524288","524288","524288","1","1","0","31","0","-","-","-","0","0","0","0","0","0","0","0","-","0","0","0","0","0","0","0","0","3","0","0","0","0","0","0","0","0","0","7","0","0","0","0","0","0","0","0","0","0","0","0","0","0","0","0","0","0","0","0","0"
"0x7f696b5ae4e0","      R2UR UR46, R7","20","4","20","524288","524288","524288","1","1","0","31","0","-","-","-","0","0","0","0","0","0","0","0","-","0","0","0","0","0","0","0","0","9","0","0","0","0","0","0","0","0","0","7","4","0","0","0","0","0","0","0","0","0","0","0","0","0","0","0","0","4","0","0","0"
"0x7f696b5ae4f0","      R2UR UR45, R6","49","31","49","524288","524288","524288","1","1","0","31","0","-","-","-","0","0","0","0","0","0","0","0","-","0","0","0","0","0","0","0","0","19","0","0","0","2","0","0","0","0","0","11","0","0","0","17","0","0","19","0","0","0","2","0","0","0","0","0","0","0","0","0","10"
"0x7f696b5ae500","      R2UR UR44, R5","28","14","28","524288","524288","524288","1","1","0","31","0","-","-","-","0","0","0","0","0","0","0","0","-","0","0","0","0","0","0","0","0","0","0","0","0","0","0","0","0","0","1","11","0","0","0","16","0","0","0","0","0","0","0","0","0","0","0","0","0","0","0","0","14"
"0x7f696b5ae510","      R2UR UR43, R4","20","7","20","524288","524288","524288","1","1","0","31","0","-","-","-","0","0","0","0","0","0","0","0","-","0","0","0","0","0","0","0","0","0","0","0","0","0","0","0","0","0","0","12","0","0","0","8","0","0","0","0","0","0","0","0","0","0","0","0","0","0","0","0","7"
"0x7f696b5ae520","      UMOV UR70, UR46","82","67","82","524288","524288","524288","1","1","0","31","0","-","-","-","0","0","0","0","0","0","0","0","-","0","0","0","0","0","0","0","0","0","0","0","0","0","0","0","0","0","0","11","0","0","0","71","0","0","0","0","0","0","0","0","0","0","0","0","0","0","0","0","67"
"0x7f696b5ae530","      UMOV UR62, UR46","8","0","8","524288","524288","524288","1","1","0","31","0","-","-","-","0","0","0","0","0","0","0","0","-","0","0","0","0","0","0","0","0","0","0","0","0","0","0","0","0","0","0","8","0","0","0","0","0","0","0","0","0","0","0","0","0","0","0","0","0","0","0","0","0"
"0x7f696b5ae540","      UMOV UR69, UR45","7","0","7","524288","524288","524288","1","1","0","31","0","-","-","-","0","0","0","0","0","0","0","0","-","0","0","0","0","0","0","0","0","0","0","0","0","0","0","0","0","0","0","7","0","0","0","0","0","0","0","0","0","0","0","0","0","0","0","0","0","0","0","0","0"
"0x7f696b5ae550","      UMOV UR61, UR45","8","0","8","524288","524288","524288","1","1","0","31","0","-","-","-","0","0","0","0","0","0","0","0","-","0","0","0","0","0","0","0","0","0","0","0","0","0","0","0","0","0","0","8","0","0","0","0","0","0","0","0","0","0","0","0","0","0","0","0","0","0","0","0","0"
"0x7f696b5ae560","      UMOV UR68, UR44","8","0","8","524288","524288","524288","1","1","0","31","0","-","-","-","0","0","0","0","0","0","0","0","-","0","0","0","0","0","0","0","0","0","0","0","0","0","0","0","0","0","0","8","0","0","0","0","0","0","0","0","0","0","0","0","0","0","0","0","0","0","0","0","0"
"0x7f696b5ae570","      UMOV UR60, UR44","7","0","7","524288","524288","524288","1","1","0","31","0","-","-","-","0","0","0","0","0","0","0","0","-","0","0","0","0","0","0","0","0","0","0","0","0","0","0","0","0","0","0","7","0","0","0","0","0","0","0","0","0","0","0","0","0","0","0","0","0","0","0","0","0"
"0x7f696b5ae580","      UMOV UR67, UR43","21","0","21","524288","524288","524288","1","1","0","31","0","-","-","-","0","0","0","0","0","0","0","0","-","0","0","0","0","0","0","0","0","11","0","0","0","0","0","0","0","0","0","10","0","0","0","0","0","0","0","0","0","0","0","0","0","0","0","0","0","0","0","0","0"
"0x7f696b5ae590","      UTMALDG.2D.GATHER4 [UR40], [UR72]","22","0","22","524288","524288","524288","1","1","0","31","0","Global,Shared","-","-","0","0","0","0","0","0","0","0","-","0","0","0","0","0","0","0","0","12","0","0","0","0","0","0","0","0","0","10","0","0","0","0","0","0","0","0","0","0","0","0","0","0","0","0","0","0","0","0","0"
"0x7f696b5ae5a0","      UMOV UR59, UR43","7","0","7","524288","524288","524288","1","1","0","31","0","-","-","-","0","0","0","0","0","0","0","0","-","0","0","0","0","0","0","0","0","0","0","0","0","0","0","0","0","0","0","7","0","0","0","0","0","0","0","0","0","0","0","0","0","0","0","0","0","0","0","0","0"
"0x7f696b5ae5b0","      UMOV UR51, UR43","8","0","8","524288","524288","524288","1","1","0","31","0","-","-","-","0","0","0","0","0","0","0","0","-","0","0","0","0","0","0","0","0","0","0","0","0","0","0","0","0","0","0","8","0","0","0","0","0","0","0","0","0","0","0","0","0","0","0","0","0","0","0","0","0"
"0x7f696b5ae5c0","      UMOV UR52, UR44","9","0","9","524288","524288","524288","1","1","0","31","0","-","-","-","0","0","0","0","0","0","0","0","-","0","0","0","0","0","0","0","0","0","0","0","0","0","0","0","0","0","0","9","0","0","0","0","0","0","0","0","0","0","0","0","0","0","0","0","0","0","0","0","0"
"0x7f696b5ae5d0","      UMOV UR53, UR45","8","0","8","524288","524288","524288","1","1","0","31","0","-","-","-","0","0","0","0","0","0","0","0","-","0","0","0","0","0","0","0","0","0","0","0","0","0","0","0","0","0","0","8","0","0","0","0","0","0","0","0","0","0","0","0","0","0","0","0","0","0","0","0","0"
"0x7f696b5ae5e0","      UMOV UR54, UR46","13","0","13","524288","524288","524288","1","1","0","31","0","-","-","-","0","0","0","0","0","0","0","0","-","0","0","0","0","0","0","0","0","0","0","0","0","0","0","0","0","0","0","13","0","0","0","0","0","0","0","0","0","0","0","0","0","0","0","0","0","0","0","0","0"
"0x7f696b5ae5f0","      UMOV UR11, UR43","12","0","12","524288","524288","524288","1","1","0","31","0","-","-","-","0","0","0","0","0","0","0","0","-","0","0","0","0","0","0","0","0","0","0","0","0","0","0","0","0","0","0","12","0","0","0","0","0","0","0","0","0","0","0","0","0","0","0","0","0","0","0","0","0"
"0x7f696b5ae600","      UMOV UR12, UR44","12","0","12","524288","524288","524288","1","1","0","31","0","-","-","-","0","0","0","0","0","0","0","0","-","0","0","0","0","0","0","0","0","0","0","0","0","0","0","0","0","0","0","12","0","0","0","0","0","0","0","0","0","0","0","0","0","0","0","0","0","0","0","0","0"
"0x7f696b5ae610","      UTMALDG.2D.GATHER4 [UR64], [UR72]","16","0","16","524288","524288","524288","1","1","0","31","0","Global,Shared","-","-","0","0","0","0","0","0","0","0","-","0","0","0","0","0","0","0","0","0","0","0","0","0","0","0","0","0","0","16","0","0","0","0","0","0","0","0","0","0","0","0","0","0","0","0","0","0","0","0","0"
"0x7f696b5ae620","      UMOV UR13, UR45","9","0","9","524288","524288","524288","1","1","0","31","0","-","-","-","0","0","0","0","0","0","0","0","-","0","0","0","0","0","0","0","0","0","0","0","0","0","0","0","0","0","0","9","0","0","0","0","0","0","0","0","0","0","0","0","0","0","0","0","0","0","0","0","0"
"0x7f696b5ae630","      UMOV UR14, UR46","6","0","6","524288","524288","524288","1","1","0","31","0","-","-","-","0","0","0","0","0","0","0","0","-","0","0","0","0","0","0","0","0","0","0","0","0","0","0","0","0","0","0","6","0","0","0","0","0","0","0","0","0","0","0","0","0","0","0","0","0","0","0","0","0"
"0x7f696b5ae640","      UTMALDG.2D.GATHER4 [UR56], [UR72]","7","0","7","524288","524288","524288","1","1","0","31","0","Global,Shared","-","-","0","0","0","0","0","0","0","0","-","0","0","0","0","0","0","0","0","0","0","0","0","0","0","0","0","0","0","7","0","0","0","0","0","0","0","0","0","0","0","0","0","0","0","0","0","0","0","0","0"
"0x7f696b5ae650","      UTMALDG.2D.GATHER4 [UR48], [UR72]","9","0","9","524288","524288","524288","1","1","0","31","0","Global,Shared","-","-","0","0","0","0","0","0","0","0","-","0","0","0","0","0","0","0","0","0","0","0","0","0","0","0","0","0","0","9","0","0","0","0","0","0","0","0","0","0","0","0","0","0","0","0","0","0","0","0","0"
"0x7f696b5ae660","      UTMALDG.2D.GATHER4 [UR8], [UR74]","165","138","165","524288","524288","524288","1","1","0","31","0","Global,Shared","-","-","0","0","0","0","0","0","0","0","-","0","0","0","0","0","0","0","0","0","0","0","0","0","0","156","0","0","1","8","0","0","0","0","0","0","0","0","0","0","0","0","138","0","0","0","0","0","0","0","0"
"0x7f696b5ae670","      UIADD3 UR40, UPT, UPT, UR5, 0x9200, URZ","10","0","10","524288","524288","524288","1","1","0","31","0","-","-","-","0","0","0","0","0","0","0","0","-","0","0","0","0","0","0","0","0","0","0","0","0","0","0","0","0","0","0","10","0","0","0","0","0","0","0","0","0","0","0","0","0","0","0","0","0","0","0","0","0"
"0x7f696b5ae680","      LDS.128 R4, [UR15+0x31110]","14","0","14","524288","524288","524288","1","1","0","31","0","Shared","Load","128","0","1","0","524288","524288","0","0","0","-","0","0","0","0","0","0","0","0","0","0","0","0","0","0","0","0","0","0","14","0","0","0","0","0","0","0","0","0","0","0","0","0","0","0","0","0","0","0","0","0"
"0x7f696b5ae690","      UIADD3 UR8, UPT, UPT, UR6, 0x29100, URZ","796","704","796","524288","524288","524288","1","1","0","31","0","-","-","-","0","0","0","0","0","0","0","0","-","0","0","0","0","0","0","0","0","0","0","0","790","0","0","0","0","0","0","6","0","0","0","0","0","0","0","0","0","704","0","0","0","0","0","0","0","0","0","0","0"
"0x7f696b5ae6a0","      R2UR UR46, R7","47","34","47","524288","524288","524288","1","1","0","31","0","-","-","-","0","0","0","0","0","0","0","0","-","0","0","0","0","0","0","0","0","0","0","0","0","0","0","0","0","0","0","10","37","0","0","0","0","0","0","0","0","0","0","0","0","0","0","0","0","34","0","0","0"
"0x7f696b5ae6b0","      R2UR UR45, R6","21","8","21","524288","524288","524288","1","1","0","31","0","-","-","-","0","0","0","0","0","0","0","0","-","0","0","0","0","0","0","0","0","0","0","0","0","0","0","0","0","0","0","13","0","0","0","8","0","0","0","0","0","0","0","0","0","0","0","0","0","0","0","0","8"
"0x7f696b5ae6c0","      R2UR UR44, R5","27","10","27","524288","524288","524288","1","1","0","31","0","-","-","-","0","0","0","0","0","0","0","0","-","0","0","0","0","0","0","0","0","0","0","0","0","0","0","0","0","0","0","17","0","0","0","10","0","0","0","0","0","0","0","0","0","0","0","0","0","0","0","0","10"
"0x7f696b5ae6d0","      R2UR UR43, R4","25","10","25","524288","524288","524288","1","1","0","31","0","-","-","-","0","0","0","0","0","0","0","0","-","0","0","0","0","0","0","0","0","0","0","0","0","0","0","0","0","0","0","15","0","0","0","10","0","0","0","0","0","0","0","0","0","0","0","0","0","0","0","0","10"
"0x7f696b5ae6e0","      UMOV UR38, UR46","73","63","73","524288","524288","524288","1","1","0","31","0","-","-","-","0","0","0","0","0","0","0","0","-","0","0","0","0","0","0","0","0","0","0","0","0","0","0","0","0","0","0","9","0","0","0","64","0","0","0","0","0","0","0","0","0","0","0","0","0","0","0","0","63"
"0x7f696b5ae6f0","      UMOV UR30, UR46","9","0","9","524288","524288","524288","1","1","0","31","0","-","-","-","0","0","0","0","0","0","0","0","-","0","0","0","0","0","0","0","0","0","0","0","0","0","0","0","0","0","0","9","0","0","0","0","0","0","0","0","0","0","0","0","0","0","0","0","0","0","0","0","0"
"0x7f696b5ae700","      UMOV UR37, UR45","6","0","6","524288","524288","524288","1","1","0","31","0","-","-","-","0","0","0","0","0","0","0","0","-","0","0","0","0","0","0","0","0","0","0","0","0","0","0","0","0","0","0","6","0","0","0","0","0","0","0","0","0","0","0","0","0","0","0","0","0","0","0","0","0"
"0x7f696b5ae710","      UMOV UR29, UR45","9","0","9","524288","524288","524288","1","1","0","31","0","-","-","-","0","0","0","0","0","0","0","0","-","0","0","0","0","0","0","0","0","0","0","0","0","0","0","0","0","0","0","9","0","0","0","0","0","0","0","0","0","0","0","0","0","0","0","0","0","0","0","0","0"
"0x7f696b5ae720","      UMOV UR36, UR44","7","0","7","524288","524288","524288","1","1","0","31","0","-","-","-","0","0","0","0","0","0","0","0","-","0","0","0","0","0","0","0","0","0","0","0","0","0","0","0","0","0","0","7","0","0","0","0","0","0","0","0","0","0","0","0","0","0","0","0","0","0","0","0","0"
"0x7f696b5ae730","      UMOV UR28, UR44","12","0","12","524288","524288","524288","1","1","0","31","0","-","-","-","0","0","0","0","0","0","0","0","-","0","0","0","0","0","0","0","0","0","0","0","0","0","0","0","0","0","0","12","0","0","0","0","0","0","0","0","0","0","0","0","0","0","0","0","0","0","0","0","0"
"0x7f696b5ae740","      UMOV UR35, UR43","20","0","20","524288","524288","524288","1","1","0","31","0","-","-","-","0","0","0","0","0","0","0","0","-","0","0","0","0","0","0","0","0","8","0","0","0","0","0","0","0","0","0","12","0","0","0","0","0","0","0","0","0","0","0","0","0","0","0","0","0","0","0","0","0"
"0x7f696b5ae750","      UTMALDG.2D.GATHER4 [UR40], [UR72]","13","0","13","524288","524288","524288","1","1","0","31","0","Global,Shared","-","-","0","0","0","0","0","0","0","0","-","0","0","0","0","0","0","0","0","4","0","0","0","0","0","0","0","0","0","9","0","0","0","0","0","0","0","0","0","0","0","0","0","0","0","0","0","0","0","0","0"
"0x7f696b5ae760","      UMOV UR27, UR43","10","0","10","524288","524288","524288","1","1","0","31","0","-","-","-","0","0","0","0","0","0","0","0","-","0","0","0","0","0","0","0","0","0","0","0","0","0","0","0","0","0","0","10","0","0","0","0","0","0","0","0","0","0","0","0","0","0","0","0","0","0","0","0","0"
"0x7f696b5ae770","      UMOV UR19, UR43","10","0","10","524288","524288","524288","1","1","0","31","0","-","-","-","0","0","0","0","0","0","0","0","-","0","0","0","0","0","0","0","0","0","0","0","0","0","0","0","0","0","0","10","0","0","0","0","0","0","0","0","0","0","0","0","0","0","0","0","0","0","0","0","0"
"0x7f696b5ae780","      UMOV UR20, UR44","12","0","12","524288","524288","524288","1","1","0","31","0","-","-","-","0","0","0","0","0","0","0","0","-","0","0","0","0","0","0","0","0","0","0","0","0","0","0","0","0","0","0","12","0","0","0","0","0","0","0","0","0","0","0","0","0","0","0","0","0","0","0","0","0"
"0x7f696b5ae790","      UMOV UR21, UR45","9","0","9","524288","524288","524288","1","1","0","31","0","-","-","-","0","0","0","0","0","0","0","0","-","0","0","0","0","0","0","0","0","0","0","0","0","0","0","0","0","0","0","9","0","0","0","0","0","0","0","0","0","0","0","0","0","0","0","0","0","0","0","0","0"
"0x7f696b5ae7a0","      UMOV UR22, UR46","8","0","8","524288","524288","524288","1","1","0","31","0","-","-","-","0","0","0","0","0","0","0","0","-","0","0","0","0","0","0","0","0","0","0","0","0","0","0","0","0","0","0","8","0","0","0","0","0","0","0","0","0","0","0","0","0","0","0","0","0","0","0","0","0"
"0x7f696b5ae7b0","      UMOV UR11, UR43","9","0","9","524288","524288","524288","1","1","0","31","0","-","-","-","0","0","0","0","0","0","0","0","-","0","0","0","0","0","0","0","0","0","0","0","0","0","0","0","0","0","0","9","0","0","0","0","0","0","0","0","0","0","0","0","0","0","0","0","0","0","0","0","0"
"0x7f696b5ae7c0","      UMOV UR12, UR44","9","0","9","524288","524288","524288","1","1","0","31","0","-","-","-","0","0","0","0","0","0","0","0","-","0","0","0","0","0","0","0","0","0","0","0","0","0","0","0","0","0","0","9","0","0","0","0","0","0","0","0","0","0","0","0","0","0","0","0","0","0","0","0","0"
"0x7f696b5ae7d0","      UTMALDG.2D.GATHER4 [UR32], [UR72]","12","0","12","524288","524288","524288","1","1","0","31","0","Global,Shared","-","-","0","0","0","0","0","0","0","0","-","0","0","0","0","0","0","0","0","0","0","0","0","0","0","0","0","0","0","12","0","0","0","0","0","0","0","0","0","0","0","0","0","0","0","0","0","0","0","0","0"
"0x7f696b5ae7e0","      UMOV UR13, UR45","10","0","10","524288","524288","524288","1","1","0","31","0","-","-","-","0","0","0","0","0","0","0","0","-","0","0","0","0","0","0","0","0","0","0","0","0","0","0","0","0","0","0","10","0","0","0","0","0","0","0","0","0","0","0","0","0","0","0","0","0","0","0","0","0"
"0x7f696b5ae7f0","      UMOV UR14, UR46","15","0","15","524288","524288","524288","1","1","0","31","0","-","-","-","0","0","0","0","0","0","0","0","-","0","0","0","0","0","0","0","0","0","0","0","0","0","0","0","0","0","0","15","0","0","0","0","0","0","0","0","0","0","0","0","0","0","0","0","0","0","0","0","0"
"0x7f696b5ae800","      UTMALDG.2D.GATHER4 [UR24], [UR72]","13","3","13","524288","524288","524288","1","1","0","31","0","Global,Shared","-","-","0","0","0","0","0","0","0","0","-","0","0","0","0","0","0","0","0","0","0","0","0","0","0","0","0","3","0","10","0","0","0","0","0","0","0","0","0","0","0","0","0","0","3","0","0","0","0","0","0"
"0x7f696b5ae810","      UTMALDG.2D.GATHER4 [UR16], [UR72]","14","6","14","524288","524288","524288","1","1","0","31","0","Global,Shared","-","-","0","0","0","0","0","0","0","0","-","0","0","0","0","0","0","0","0","0","0","0","0","0","0","7","0","0","0","7","0","0","0","0","0","0","0","0","0","0","0","0","6","0","0","0","0","0","0","0","0"
"0x7f696b5ae820","      UTMALDG.2D.GATHER4 [UR8], [UR74]","143","138","143","524288","524288","524288","1","1","0","31","0","Global,Shared","-","-","0","0","0","0","0","0","0","0","-","0","0","0","0","0","0","0","0","0","0","0","0","0","0","139","0","0","0","4","0","0","0","0","0","0","0","0","0","0","0","0","138","0","0","0","0","0","0","0","0"
"0x7f696b5ae830","      UIADD3 UR40, UPT, UPT, UR5, 0x9400, URZ","14","0","14","524288","524288","524288","1","1","0","31","0","-","-","-","0","0","0","0","0","0","0","0","-","0","0","0","0","0","0","0","0","0","0","0","0","0","0","0","0","0","0","14","0","0","0","0","0","0","0","0","0","0","0","0","0","0","0","0","0","0","0","0","0"
"0x7f696b5ae840","      LDS.128 R4, [UR15+0x31120]","8","0","8","524288","524288","524288","1","1","0","31","0","Shared","Load","128","0","1","0","524288","524288","0","0","0","-","0","0","0","0","0","0","0","0","0","0","0","0","0","0","0","0","0","0","8","0","0","0","0","0","0","0","0","0","0","0","0","0","0","0","0","0","0","0","0","0"
"0x7f696b5ae850","      UIADD3 UR32, UPT, UPT, UR5, 0xd400, URZ","70","59","70","524288","524288","524288","1","1","0","31","0","-","-","-","0","0","0","0","0","0","0","0","-","0","0","0","0","0","0","0","0","0","0","0","59","0","0","0","0","0","0","11","0","0","0","0","0","0","0","0","0","59","0","0","0","0","0","0","0","0","0","0","0"
"0x7f696b5ae860","      UIADD3 UR24, UPT, UPT, UR5, 0x11400, URZ","138","129","138","524288","524288","524288","1","1","0","31","0","-","-","-","0","0","0","0","0","0","0","0","-","0","0","0","0","0","0","0","0","0","0","0","122","0","0","0","0","0","0","9","0","0","0","7","0","0","0","0","0","122","0","0","0","0","0","0","0","0","0","0","7"
"0x7f696b5ae870","      UIADD3 UR16, UPT, UPT, UR5, 0x15400, URZ","169","161","169","524288","524288","524288","1","1","0","31","0","-","-","-","0","0","0","0","0","0","0","0","-","0","0","0","0","0","0","0","0","0","0","0","151","0","0","0","0","0","0","6","0","0","0","12","0","0","0","0","0","149","0","0","0","0","0","0","0","0","0","0","12"
"0x7f696b5ae880","      UIADD3 UR8, UPT, UPT, UR6, 0x29200, URZ","215","205","215","524288","524288","524288","1","1","0","31","0","-","-","-","0","0","0","0","0","0","0","0","-","0","0","0","0","0","0","0","0","0","0","0","198","0","0","0","0","0","0","10","0","0","0","7","0","0","0","0","0","198","0","0","0","0","0","0","0","0","0","0","7"
"0x7f696b5ae890","      R2UR UR46, R7","474","412","474","524288","524288","524288","1","1","0","31","0","-","-","-","0","0","0","0","0","0","0","0","-","0","0","0","0","0","0","0","0","0","0","0","0","3","0","0","0","0","3","5","463","0","0","0","0","0","0","0","0","0","0","0","0","0","0","0","0","412","0","0","0"
"0x7f696b5ae8a0","      R2UR UR45, R6","20","8","20","524288","524288","524288","1","1","0","31","0","-","-","-","0","0","0","0","0","0","0","0","-","0","0","0","0","0","0","0","0","0","0","0","0","0","0","0","0","0","0","12","0","0","0","8","0","0","0","0","0","0","0","0","0","0","0","0","0","0","0","0","8"
"0x7f696b5ae8b0","      R2UR UR44, R5","19","14","19","524288","524288","524288","1","1","0","31","0","-","-","-","0","0","0","0","0","0","0","0","-","0","0","0","0","0","0","0","0","0","0","0","0","0","0","0","0","0","0","5","0","0","0","14","0","0","0","0","0","0","0","0","0","0","0","0","0","0","0","0","14"
"0x7f696b5ae8c0","      R2UR UR43, R4","16","8","16","524288","524288","524288","1","1","0","31","0","-","-","-","0","0","0","0","0","0","0","0","-","0","0","0","0","0","0","0","0","0","0","0","0","0","0","0","0","0","0","8","0","0","0","8","0","0","0","0","0","0","0","0","0","0","0","0","0","0","0","0","8"
"0x7f696b5ae8d0","      UMOV UR38, UR46","64","52","64","524288","524288","524288","1","1","0","31","0","-","-","-","0","0","0","0","0","0","0","0","-","0","0","0","0","0","0","0","0","0","0","0","0","0","0","0","0","0","3","9","0","0","0","52","0","0","0","0","0","0","0","0","0","0","0","0","0","0","0","0","52"
"0x7f696b5ae8e0","      UMOV UR30, UR46","9","0","9","524288","524288","524288","1","1","0","31","0","-","-","-","0","0","0","0","0","0","0","0","-","0","0","0","0","0","0","0","0","0","0","0","0","0","0","0","0","0","0","9","0","0","0","0","0","0","0","0","0","0","0","0","0","0","0","0","0","0","0","0","0"
"0x7f696b5ae8f0","      UMOV UR37, UR45","18","0","18","524288","524288","524288","1","1","0","31","0","-","-","-","0","0","0","0","0","0","0","0","-","0","0","0","0","0","0","0","0","0","0","0","0","0","0","0","0","0","0","18","0","0","0","0","0","0","0","0","0","0","0","0","0","0","0","0","0","0","0","0","0"
"0x7f696b5ae900","      UMOV UR29, UR45","9","0","9","524288","524288","524288","1","1","0","31","0","-","-","-","0","0","0","0","0","0","0","0","-","0","0","0","0","0","0","0","0","0","0","0","0","0","0","0","0","0","0","9","0","0","0","0","0","0","0","0","0","0","0","0","0","0","0","0","0","0","0","0","0"
"0x7f696b5ae910","      UMOV UR36, UR44","9","0","9","524288","524288","524288","1","1","0","31","0","-","-","-","0","0","0","0","0","0","0","0","-","0","0","0","0","0","0","0","0","0","0","0","0","0","0","0","0","0","0","9","0","0","0","0","0","0","0","0","0","0","0","0","0","0","0","0","0","0","0","0","0"
"0x7f696b5ae920","      UMOV UR28, UR44","8","0","8","524288","524288","524288","1","1","0","31","0","-","-","-","0","0","0","0","0","0","0","0","-","0","0","0","0","0","0","0","0","0","0","0","0","0","0","0","0","0","0","8","0","0","0","0","0","0","0","0","0","0","0","0","0","0","0","0","0","0","0","0","0"
"0x7f696b5ae930","      UMOV UR35, UR43","22","0","22","524288","524288","524288","1","1","0","31","0","-","-","-","0","0","0","0","0","0","0","0","-","0","0","0","0","0","0","0","0","10","0","0","0","0","0","0","0","0","0","12","0","0","0","0","0","0","0","0","0","0","0","0","0","0","0","0","0","0","0","0","0"
"0x7f696b5ae940","      UTMALDG.2D.GATHER4 [UR40], [UR72]","27","0","27","524288","524288","524288","1","1","0","31","0","Global,Shared","-","-","0","0","0","0","0","0","0","0","-","0","0","0","0","0","0","0","0","15","0","0","0","0","0","0","0","0","0","12","0","0","0","0","0","0","0","0","0","0","0","0","0","0","0","0","0","0","0","0","0"
"0x7f696b5ae950","      UMOV UR27, UR43","16","0","16","524288","524288","524288","1","1","0","31","0","-","-","-","0","0","0","0","0","0","0","0","-","0","0","0","0","0","0","0","0","0","0","0","0","0","0","0","0","0","0","16","0","0","0","0","0","0","0","0","0","0","0","0","0","0","0","0","0","0","0","0","0"
"0x7f696b5ae960","      UMOV UR19, UR43","8","0","8","524288","524288","524288","1","1","0","31","0","-","-","-","0","0","0","0","0","0","0","0","-","0","0","0","0","0","0","0","0","0","0","0","0","0","0","0","0","0","0","8","0","0","0","0","0","0","0","0","0","0","0","0","0","0","0","0","0","0","0","0","0"
"0x7f696b5ae970","      UMOV UR20, UR44","10","0","10","524288","524288","524288","1","1","0","31","0","-","-","-","0","0","0","0","0","0","0","0","-","0","0","0","0","0","0","0","0","0","0","0","0","0","0","0","0","0","0","10","0","0","0","0","0","0","0","0","0","0","0","0","0","0","0","0","0","0","0","0","0"
"0x7f696b5ae980","      UMOV UR21, UR45","15","0","15","524288","524288","524288","1","1","0","31","0","-","-","-","0","0","0","0","0","0","0","0","-","0","0","0","0","0","0","0","0","0","0","0","0","0","0","0","0","0","0","15","0","0","0","0","0","0","0","0","0","0","0","0","0","0","0","0","0","0","0","0","0"
"0x7f696b5ae990","      UMOV UR22, UR46","11","0","11","524288","524288","524288","1","1","0","31","0","-","-","-","0","0","0","0","0","0","0","0","-","0","0","0","0","0","0","0","0","0","0","0","0","0","0","0","0","0","0","11","0","0","0","0","0","0","0","0","0","0","0","0","0","0","0","0","0","0","0","0","0"
"0x7f696b5ae9a0","      UMOV UR11, UR43","12","0","12","524288","524288","524288","1","1","0","31","0","-","-","-","0","0","0","0","0","0","0","0","-","0","0","0","0","0","0","0","0","0","0","0","0","0","0","0","0","0","0","12","0","0","0","0","0","0","0","0","0","0","0","0","0","0","0","0","0","0","0","0","0"
"0x7f696b5ae9b0","      UMOV UR12, UR44","13","0","13","524288","524288","524288","1","1","0","31","0","-","-","-","0","0","0","0","0","0","0","0","-","0","0","0","0","0","0","0","0","0","0","0","0","0","0","0","0","0","0","13","0","0","0","0","0","0","0","0","0","0","0","0","0","0","0","0","0","0","0","0","0"
"0x7f696b5ae9c0","      UTMALDG.2D.GATHER4 [UR32], [UR72]","10","0","10","524288","524288","524288","1","1","0","31","0","Global,Shared","-","-","0","0","0","0","0","0","0","0","-","0","0","0","0","0","0","0","0","0","0","0","0","0","0","0","0","0","0","10","0","0","0","0","0","0","0","0","0","0","0","0","0","0","0","0","0","0","0","0","0"
"0x7f696b5ae9d0","      UMOV UR13, UR45","13","0","13","524288","524288","524288","1","1","0","31","0","-","-","-","0","0","0","0","0","0","0","0","-","0","0","0","0","0","0","0","0","0","0","0","0","0","0","0","0","0","0","13","0","0","0","0","0","0","0","0","0","0","0","0","0","0","0","0","0","0","0","0","0"
"0x7f696b5ae9e0","      UMOV UR14, UR46","10","0","10","524288","524288","524288","1","1","0","31","0","-","-","-","0","0","0","0","0","0","0","0","-","0","0","0","0","0","0","0","0","0","0","0","0","0","0","0","0","0","0","10","0","0","0","0","0","0","0","0","0","0","0","0","0","0","0","0","0","0","0","0","0"
"0x7f696b5ae9f0","      UTMALDG.2D.GATHER4 [UR24], [UR72]","13","0","13","524288","524288","524288","1","1","0","31","0","Global,Shared","-","-","0","0","0","0","0","0","0","0","-","0","0","0","0","0","0","0","0","0","0","0","0","0","0","0","0","0","0","13","0","0","0","0","0","0","0","0","0","0","0","0","0","0","0","0","0","0","0","0","0"
"0x7f696b5aea00","      UTMALDG.2D.GATHER4 [UR16], [UR72]","12","2","12","524288","524288","524288","1","1","0","31","0","Global,Shared","-","-","0","0","0","0","0","0","0","0","-","0","0","0","0","0","0","0","0","0","0","0","0","0","0","0","0","3","0","9","0","0","0","0","0","0","0","0","0","0","0","0","0","0","2","0","0","0","0","0","0"
"0x7f696b5aea10","      UTMALDG.2D.GATHER4 [UR8], [UR74]","137","120","137","524288","524288","524288","1","1","0","31","0","Global,Shared","-","-","0","0","0","0","0","0","0","0","-","0","0","0","0","0","0","0","0","0","0","0","0","0","0","122","0","0","0","15","0","0","0","0","0","0","0","0","0","0","0","0","120","0","0","0","0","0","0","0","0"
"0x7f696b5aea20","      UIADD3 UR40, UPT, UPT, UR5, 0x9600, URZ","8","0","8","524288","524288","524288","1","1","0","31","0","-","-","-","0","0","0","0","0","0","0","0","-","0","0","0","0","0","0","0","0","0","0","0","0","0","0","0","0","0","0","8","0","0","0","0","0","0","0","0","0","0","0","0","0","0","0","0","0","0","0","0","0"
"0x7f696b5aea30","      LDS.128 R4, [UR15+0x31130]","13","0","13","524288","524288","524288","1","1","0","31","0","Shared","Load","128","0","1","0","524288","524288","0","0","0","-","0","0","0","0","0","0","0","0","0","0","0","0","0","0","0","0","0","0","13","0","0","0","0","0","0","0","0","0","0","0","0","0","0","0","0","0","0","0","0","0"
"0x7f696b5aea40","      UIADD3 UR32, UPT, UPT, UR5, 0xd600, URZ","63","52","63","524288","524288","524288","1","1","0","31","0","-","-","-","0","0","0","0","0","0","0","0","-","0","0","0","0","0","0","0","0","0","0","0","52","0","0","0","0","0","0","11","0","0","0","0","0","0","0","0","0","52","0","0","0","0","0","0","0","0","0","0","0"
"0x7f696b5aea50","      UIADD3 UR24, UPT, UPT, UR5, 0x11600, URZ","145","135","145","524288","524288","524288","1","1","0","31","0","-","-","-","0","0","0","0","0","0","0","0","-","0","0","0","0","0","0","0","0","0","0","0","124","0","0","0","0","0","0","9","0","0","0","12","0","0","0","0","0","124","0","0","0","0","0","0","0","0","0","0","11"
"0x7f696b5aea60","      UIADD3 UR16, UPT, UPT, UR5, 0x15600, URZ","183","174","183","524288","524288","524288","1","1","0","31","0","-","-","-","0","0","0","0","0","0","0","0","-","0","0","0","0","0","0","0","0","0","0","0","165","0","0","0","0","0","1","8","0","0","0","9","0","0","0","0","0","165","0","0","0","0","0","0","0","0","0","0","9"
"0x7f696b5aea70","      UIADD3 UR8, UPT, UPT, UR6, 0x29300, URZ","175","166","175","524288","524288","524288","1","1","0","31","0","-","-","-","0","0","0","0","0","0","0","0","-","0","0","0","0","0","0","0","0","0","0","0","158","0","0","0","0","0","0","9","0","0","0","8","0","0","0","0","0","158","0","0","0","0","0","0","0","0","0","0","8"
"0x7f696b5aea80","      R2UR UR46, R7","418","406","418","524288","524288","524288","1","1","0","31","0","-","-","-","0","0","0","0","0","0","0","0","-","0","0","0","0","0","0","0","0","0","0","0","0","0","0","0","0","0","0","7","411","0","0","0","0","0","0","0","0","0","0","0","0","0","0","0","0","406","0","0","0"
"0x7f696b5aea90","      R2UR UR45, R6","20","12","20","524288","524288","524288","1","1","0","31","0","-","-","-","0","0","0","0","0","0","0","0","-","0","0","0","0","0","0","0","0","0","0","0","0","0","0","0","0","0","0","8","0","0","0","12","0","0","0","0","0","0","0","0","0","0","0","0","0","0","0","0","12"
"0x7f696b5aeaa0","      R2UR UR44, R5","14","6","14","524288","524288","524288","1","1","0","31","0","-","-","-","0","0","0","0","0","0","0","0","-","0","0","0","0","0","0","0","0","0","0","0","0","0","0","0","0","0","0","8","0","0","0","6","0","0","0","0","0","0","0","0","0","0","0","0","0","0","0","0","6"
"0x7f696b5aeab0","      R2UR UR43, R4","9","6","9","524288","524288","524288","1","1","0","31","0","-","-","-","0","0","0","0","0","0","0","0","-","0","0","0","0","0","0","0","0","0","0","0","0","0","0","0","0","0","0","3","0","0","0","6","0","0","0","0","0","0","0","0","0","0","0","0","0","0","0","0","6"
"0x7f696b5aeac0","      UMOV UR38, UR46","49","42","49","524288","524288","524288","1","1","0","31","0","-","-","-","0","0","0","0","0","0","0","0","-","0","0","0","0","0","0","0","0","0","0","0","0","0","0","0","0","0","0","7","0","0","0","42","0","0","0","0","0","0","0","0","0","0","0","0","0","0","0","0","42"
"0x7f696b5aead0","      UMOV UR30, UR46","9","0","9","524288","524288","524288","1","1","0","31","0","-","-","-","0","0","0","0","0","0","0","0","-","0","0","0","0","0","0","0","0","0","0","0","0","0","0","0","0","0","0","9","0","0","0","0","0","0","0","0","0","0","0","0","0","0","0","0","0","0","0","0","0"
"0x7f696b5aeae0","      UMOV UR37, UR45","6","0","6","524288","524288","524288","1","1","0","31","0","-","-","-","0","0","0","0","0","0","0","0","-","0","0","0","0","0","0","0","0","0","0","0","0","0","0","0","0","0","0","6","0","0","0","0","0","0","0","0","0","0","0","0","0","0","0","0","0","0","0","0","0"
"0x7f696b5aeaf0","      UMOV UR29, UR45","13","0","13","524288","524288","524288","1","1","0","31","0","-","-","-","0","0","0","0","0","0","0","0","-","0","0","0","0","0","0","0","0","0","0","0","0","0","0","0","0","0","0","13","0","0","0","0","0","0","0","0","0","0","0","0","0","0","0","0","0","0","0","0","0"
"0x7f696b5aeb00","      UMOV UR36, UR44","5","0","5","524288","524288","524288","1","1","0","31","0","-","-","-","0","0","0","0","0","0","0","0","-","0","0","0","0","0","0","0","0","0","0","0","0","0","0","0","0","0","0","5","0","0","0","0","0","0","0","0","0","0","0","0","0","0","0","0","0","0","0","0","0"
"0x7f696b5aeb10","      UMOV UR28, UR44","10","0","10","524288","524288","524288","1","1","0","31","0","-","-","-","0","0","0","0","0","0","0","0","-","0","0","0","0","0","0","0","0","0","0","0","0","0","0","0","0","0","0","10","0","0","0","0","0","0","0","0","0","0","0","0","0","0","0","0","0","0","0","0","0"
"0x7f696b5aeb20","      UMOV UR35, UR43","26","0","26","524288","524288","524288","1","1","0","31","0","-","-","-","0","0","0","0","0","0","0","0","-","0","0","0","0","0","0","0","0","16","0","0","0","0","0","0","0","0","0","10","0","0","0","0","0","0","0","0","0","0","0","0","0","0","0","0","0","0","0","0","0"
"0x7f696b5aeb30","      UTMALDG.2D.GATHER4 [UR40], [UR72]","22","0","22","524288","524288","524288","1","1","0","31","0","Global,Shared","-","-","0","0","0","0","0","0","0","0","-","0","0","0","0","0","0","0","0","15","0","0","0","0","0","0","0","0","0","7","0","0","0","0","0","0","0","0","0","0","0","0","0","0","0","0","0","0","0","0","0"
"0x7f696b5aeb40","      UMOV UR27, UR43","13","0","13","524288","524288","524288","1","1","0","31","0","-","-","-","0","0","0","0","0","0","0","0","-","0","0","0","0","0","0","0","0","0","0","0","0","0","0","0","0","0","0","13","0","0","0","0","0","0","0","0","0","0","0","0","0","0","0","0","0","0","0","0","0"
"0x7f696b5aeb50","      UMOV UR19, UR43","16","0","16","524288","524288","524288","1","1","0","31","0","-","-","-","0","0","0","0","0","0","0","0","-","0","0","0","0","0","0","0","0","0","0","0","0","0","0","0","0","0","0","16","0","0","0","0","0","0","0","0","0","0","0","0","0","0","0","0","0","0","0","0","0"
"0x7f696b5aeb60","      UMOV UR20, UR44","16","0","16","524288","524288","524288","1","1","0","31","0","-","-","-","0","0","0","0","0","0","0","0","-","0","0","0","0","0","0","0","0","0","0","0","0","0","0","0","0","0","0","16","0","0","0","0","0","0","0","0","0","0","0","0","0","0","0","0","0","0","0","0","0"
"0x7f696b5aeb70","      UMOV UR21, UR45","18","0","18","524288","524288","524288","1","1","0","31","0","-","-","-","0","0","0","0","0","0","0","0","-","0","0","0","0","0","0","0","0","0","0","0","0","0","0","0","0","0","0","18","0","0","0","0","0","0","0","0","0","0","0","0","0","0","0","0","0","0","0","0","0"
"0x7f696b5aeb80","      UMOV UR22, UR46","7","0","7","524288","524288","524288","1","1","0","31","0","-","-","-","0","0","0","0","0","0","0","0","-","0","0","0","0","0","0","0","0","0","0","0","0","0","0","0","0","0","0","7","0","0","0","0","0","0","0","0","0","0","0","0","0","0","0","0","0","0","0","0","0"
"0x7f696b5aeb90","      UMOV UR11, UR43","17","0","17","524288","524288","524288","1","1","0","31","0","-","-","-","0","0","0","0","0","0","0","0","-","0","0","0","0","0","0","0","0","0","0","0","0","0","0","0","0","0","0","17","0","0","0","0","0","0","0","0","0","0","0","0","0","0","0","0","0","0","0","0","0"
"0x7f696b5aeba0","      UMOV UR12, UR44","11","0","11","524288","524288","524288","1","1","0","31","0","-","-","-","0","0","0","0","0","0","0","0","-","0","0","0","0","0","0","0","0","0","0","0","0","0","0","0","0","0","0","11","0","0","0","0","0","0","0","0","0","0","0","0","0","0","0","0","0","0","0","0","0"
"0x7f696b5aebb0","      UTMALDG.2D.GATHER4 [UR32], [UR72]","7","0","7","524288","524288","524288","1","1","0","31","0","Global,Shared","-","-","0","0","0","0","0","0","0","0","-","0","0","0","0","0","0","0","0","0","0","0","0","0","0","0","0","0","0","7","0","0","0","0","0","0","0","0","0","0","0","0","0","0","0","0","0","0","0","0","0"
"0x7f696b5aebc0","      UMOV UR13, UR45","17","0","17","524288","524288","524288","1","1","0","31","0","-","-","-","0","0","0","0","0","0","0","0","-","0","0","0","0","0","0","0","0","0","0","0","0","0","0","0","0","0","0","17","0","0","0","0","0","0","0","0","0","0","0","0","0","0","0","0","0","0","0","0","0"
"0x7f696b5aebd0","      UMOV UR14, UR46","13","0","13","524288","524288","524288","1","1","0","31","0","-","-","-","0","0","0","0","0","0","0","0","-","0","0","0","0","0","0","0","0","0","0","0","0","0","0","0","0","0","0","13","0","0","0","0","0","0","0","0","0","0","0","0","0","0","0","0","0","0","0","0","0"
"0x7f696b5aebe0","      UTMALDG.2D.GATHER4 [UR24], [UR72]","9","0","9","524288","524288","524288","1","1","0","31","0","Global,Shared","-","-","0","0","0","0","0","0","0","0","-","0","0","0","0","0","0","0","0","0","0","0","0","0","0","0","0","0","0","9","0","0","0","0","0","0","0","0","0","0","0","0","0","0","0","0","0","0","0","0","0"
"0x7f696b5aebf0","      UTMALDG.2D.GATHER4 [UR16], [UR72]","8","0","8","524288","524288","524288","1","1","0","31","0","Global,Shared","-","-","0","0","0","0","0","0","0","0","-","0","0","0","0","0","0","0","0","0","0","0","0","0","0","0","0","0","0","8","0","0","0","0","0","0","0","0","0","0","0","0","0","0","0","0","0","0","0","0","0"
"0x7f696b5aec00","      UTMALDG.2D.GATHER4 [UR8], [UR74]","154","145","154","524288","524288","524288","1","1","0","31","0","Global,Shared","-","-","0","0","0","0","0","0","0","0","-","0","0","0","0","0","0","0","0","0","0","0","0","0","0","144","0","2","0","8","0","0","0","0","0","0","0","0","0","0","0","0","143","0","2","0","0","0","0","0","0"
"0x7f696b5aec10","      UIADD3 UR40, UPT, UPT, UR5, 0x9800, URZ","8","0","8","524288","524288","524288","1","1","0","31","0","-","-","-","0","0","0","0","0","0","0","0","-","0","0","0","0","0","0","0","0","0","0","0","0","0","0","0","0","0","0","8","0","0","0","0","0","0","0","0","0","0","0","0","0","0","0","0","0","0","0","0","0"
"0x7f696b5aec20","      LDS.128 R4, [UR15+0x31140]","10","0","10","524288","524288","524288","1","1","0","31","0","Shared","Load","128","0","1","0","524288","524288","0","0","0","-","0","0","0","0","0","0","0","0","0","0","0","0","0","0","0","0","0","0","10","0","0","0","0","0","0","0","0","0","0","0","0","0","0","0","0","0","0","0","0","0"
"0x7f696b5aec30","      UIADD3 UR32, UPT, UPT, UR5, 0xd800, URZ","60","54","60","524288","524288","524288","1","1","0","31","0","-","-","-","0","0","0","0","0","0","0","0","-","0","0","0","0","0","0","0","0","0","0","0","54","0","0","0","0","0","0","6","0","0","0","0","0","0","0","0","0","54","0","0","0","0","0","0","0","0","0","0","0"
"0x7f696b5aec40","      UIADD3 UR24, UPT, UPT, UR5, 0x11800, URZ","155","141","155","524288","524288","524288","1","1","0","31","0","-","-","-","0","0","0","0","0","0","0","0","-","0","0","0","0","0","0","0","0","0","0","0","133","0","0","0","0","0","1","12","0","0","0","9","0","0","0","0","0","132","0","0","0","0","0","0","0","0","0","0","9"
"0x7f696b5aec50","      UIADD3 UR16, UPT, UPT, UR5, 0x15800, URZ","185","175","185","524288","524288","524288","1","1","0","31","0","-","-","-","0","0","0","0","0","0","0","0","-","0","0","0","0","0","0","0","0","0","0","0","164","0","0","0","0","0","0","10","0","0","0","11","0","0","0","0","0","164","0","0","0","0","0","0","0","0","0","0","11"
"0x7f696b5aec60","      UIADD3 UR8, UPT, UPT, UR6, 0x29400, URZ","161","149","161","524288","524288","524288","1","1","0","31","0","-","-","-","0","0","0","0","0","0","0","0","-","0","0","0","0","0","0","0","0","0","0","0","144","0","0","0","0","0","0","12","0","0","0","5","0","0","0","0","0","144","0","0","0","0","0","0","0","0","0","0","5"
"0x7f696b5aec70","      R2UR UR46, R7","171","155","171","524288","524288","524288","1","1","0","31","0","-","-","-","0","0","0","0","0","0","0","0","-","0","0","0","0","0","0","0","0","0","0","0","0","0","0","0","0","0","1","9","161","0","0","0","0","0","0","0","0","0","0","0","0","0","0","0","0","155","0","0","0"
"0x7f696b5aec80","      R2UR UR45, R6","16","6","16","524288","524288","524288","1","1","0","31","0","-","-","-","0","0","0","0","0","0","0","0","-","0","0","0","0","0","0","0","0","0","0","0","0","0","0","0","0","0","0","10","0","0","0","6","0","0","0","0","0","0","0","0","0","0","0","0","0","0","0","0","6"
"0x7f696b5aec90","      R2UR UR44, R5","16","9","16","524288","524288","524288","1","1","0","31","0","-","-","-","0","0","0","0","0","0","0","0","-","0","0","0","0","0","0","0","0","0","0","0","0","0","0","0","0","0","0","7","0","0","0","9","0","0","0","0","0","0","0","0","0","0","0","0","0","0","0","0","9"
"0x7f696b5aeca0","      R2UR UR43, R4","19","9","19","524288","524288","524288","1","1","0","31","0","-","-","-","0","0","0","0","0","0","0","0","-","0","0","0","0","0","0","0","0","0","0","0","0","0","0","0","0","0","0","9","0","0","0","10","0","0","0","0","0","0","0","0","0","0","0","0","0","0","0","0","9"
"0x7f696b5aecb0","      UMOV UR38, UR46","55","45","55","524288","524288","524288","1","1","0","31","0","-","-","-","0","0","0","0","0","0","0","0","-","0","0","0","0","0","0","0","0","0","0","0","0","0","0","0","0","0","0","10","0","0","0","45","0","0","0","0","0","0","0","0","0","0","0","0","0","0","0","0","45"
"0x7f696b5aecc0","      UMOV UR30, UR46","7","0","7","524288","524288","524288","1","1","0","31","0","-","-","-","0","0","0","0","0","0","0","0","-","0","0","0","0","0","0","0","0","0","0","0","0","0","0","0","0","0","0","7","0","0","0","0","0","0","0","0","0","0","0","0","0","0","0","0","0","0","0","0","0"
"0x7f696b5aecd0","      UMOV UR37, UR45","9","0","9","524288","524288","524288","1","1","0","31","0","-","-","-","0","0","0","0","0","0","0","0","-","0","0","0","0","0","0","0","0","0","0","0","0","0","0","0","0","0","0","9","0","0","0","0","0","0","0","0","0","0","0","0","0","0","0","0","0","0","0","0","0"
"0x7f696b5aece0","      UMOV UR29, UR45","8","0","8","524288","524288","524288","1","1","0","31","0","-","-","-","0","0","0","0","0","0","0","0","-","0","0","0","0","0","0","0","0","0","0","0","0","0","0","0","0","0","0","8","0","0","0","0","0","0","0","0","0","0","0","0","0","0","0","0","0","0","0","0","0"
"0x7f696b5aecf0","      UMOV UR36, UR44","8","0","8","524288","524288","524288","1","1","0","31","0","-","-","-","0","0","0","0","0","0","0","0","-","0","0","0","0","0","0","0","0","0","0","0","0","0","0","0","0","0","0","8","0","0","0","0","0","0","0","0","0","0","0","0","0","0","0","0","0","0","0","0","0"
"0x7f696b5aed00","      UMOV UR28, UR44","11","0","11","524288","524288","524288","1","1","0","31","0","-","-","-","0","0","0","0","0","0","0","0","-","0","0","0","0","0","0","0","0","1","0","0","0","0","0","0","0","0","0","10","0","0","0","0","0","0","0","0","0","0","0","0","0","0","0","0","0","0","0","0","0"
"0x7f696b5aed10","      UMOV UR35, UR43","17","0","17","524288","524288","524288","1","1","0","31","0","-","-","-","0","0","0","0","0","0","0","0","-","0","0","0","0","0","0","0","0","14","0","0","0","0","0","0","0","0","0","3","0","0","0","0","0","0","0","0","0","0","0","0","0","0","0","0","0","0","0","0","0"
"0x7f696b5aed20","      UTMALDG.2D.GATHER4 [UR40], [UR72]","12","0","12","524288","524288","524288","1","1","0","31","0","Global,Shared","-","-","0","0","0","0","0","0","0","0","-","0","0","0","0","0","0","0","0","5","0","0","0","0","0","0","0","0","0","7","0","0","0","0","0","0","0","0","0","0","0","0","0","0","0","0","0","0","0","0","0"
"0x7f696b5aed30","      UMOV UR27, UR43","3","0","3","524288","524288","524288","1","1","0","31","0","-","-","-","0","0","0","0","0","0","0","0","-","0","0","0","0","0","0","0","0","0","0","0","0","0","0","0","0","0","0","3","0","0","0","0","0","0","0","0","0","0","0","0","0","0","0","0","0","0","0","0","0"
"0x7f696b5aed40","      UMOV UR19, UR43","9","0","9","524288","524288","524288","1","1","0","31","0","-","-","-","0","0","0","0","0","0","0","0","-","0","0","0","0","0","0","0","0","0","0","0","0","0","0","0","0","0","0","9","0","0","0","0","0","0","0","0","0","0","0","0","0","0","0","0","0","0","0","0","0"
"0x7f696b5aed50","      UMOV UR20, UR44","18","0","18","524288","524288","524288","1","1","0","31","0","-","-","-","0","0","0","0","0","0","0","0","-","0","0","0","0","0","0","0","0","0","0","0","0","0","0","0","0","0","0","18","0","0","0","0","0","0","0","0","0","0","0","0","0","0","0","0","0","0","0","0","0"
"0x7f696b5aed60","      UMOV UR21, UR45","9","0","9","524288","524288","524288","1","1","0","31","0","-","-","-","0","0","0","0","0","0","0","0","-","0","0","0","0","0","0","0","0","0","0","0","0","0","0","0","0","0","0","9","0","0","0","0","0","0","0","0","0","0","0","0","0","0","0","0","0","0","0","0","0"
"0x7f696b5aed70","      UMOV UR22, UR46","13","0","13","524288","524288","524288","1","1","0","31","0","-","-","-","0","0","0","0","0","0","0","0","-","0","0","0","0","0","0","0","0","0","0","0","0","0","0","0","0","0","0","13","0","0","0","0","0","0","0","0","0","0","0","0","0","0","0","0","0","0","0","0","0"
"0x7f696b5aed80","      UMOV UR11, UR43","11","0","11","524288","524288","524288","1","1","0","31","0","-","-","-","0","0","0","0","0","0","0","0","-","0","0","0","0","0","0","0","0","0","0","0","0","0","0","0","0","0","0","11","0","0","0","0","0","0","0","0","0","0","0","0","0","0","0","0","0","0","0","0","0"
"0x7f696b5aed90","      UMOV UR12, UR44","8","0","8","524288","524288","524288","1","1","0","31","0","-","-","-","0","0","0","0","0","0","0","0","-","0","0","0","0","0","0","0","0","0","0","0","0","0","0","0","0","0","0","8","0","0","0","0","0","0","0","0","0","0","0","0","0","0","0","0","0","0","0","0","0"
"0x7f696b5aeda0","      UTMALDG.2D.GATHER4 [UR32], [UR72]","7","0","7","524288","524288","524288","1","1","0","31","0","Global,Shared","-","-","0","0","0","0","0","0","0","0","-","0","0","0","0","0","0","0","0","0","0","0","0","0","0","0","0","0","0","7","0","0","0","0","0","0","0","0","0","0","0","0","0","0","0","0","0","0","0","0","0"
"0x7f696b5aedb0","      UMOV UR13, UR45","8","0","8","524288","524288","524288","1","1","0","31","0","-","-","-","0","0","0","0","0","0","0","0","-","0","0","0","0","0","0","0","0","0","0","0","0","0","0","0","0","0","0","8","0","0","0","0","0","0","0","0","0","0","0","0","0","0","0","0","0","0","0","0","0"
"0x7f696b5aedc0","      UMOV UR14, UR46","11","0","11","524288","524288","524288","1","1","0","31","0","-","-","-","0","0","0","0","0","0","0","0","-","0","0","0","0","0","0","0","0","0","0","0","0","0","0","0","0","0","0","11","0","0","0","0","0","0","0","0","0","0","0","0","0","0","0","0","0","0","0","0","0"
"0x7f696b5aedd0","      UTMALDG.2D.GATHER4 [UR24], [UR72]","19","0","19","524288","524288","524288","1","1","0","31","0","Global,Shared","-","-","0","0","0","0","0","0","0","0","-","0","0","0","0","0","0","0","0","0","0","0","0","0","0","0","0","0","0","19","0","0","0","0","0","0","0","0","0","0","0","0","0","0","0","0","0","0","0","0","0"
"0x7f696b5aede0","      UTMALDG.2D.GATHER4 [UR16], [UR72]","10","0","10","524288","524288","524288","1","1","0","31","0","Global,Shared","-","-","0","0","0","0","0","0","0","0","-","0","0","0","0","0","0","0","0","0","0","0","0","0","0","0","0","0","0","10","0","0","0","0","0","0","0","0","0","0","0","0","0","0","0","0","0","0","0","0","0"
"0x7f696b5aedf0","      UTMALDG.2D.GATHER4 [UR8], [UR74]","153","146","153","524288","524288","524288","1","1","0","31","0","Global,Shared","-","-","0","0","0","0","0","0","0","0","-","0","0","0","0","0","0","0","0","0","0","0","0","0","0","148","0","0","0","5","0","0","0","0","0","0","0","0","0","0","0","0","146","0","0","0","0","0","0","0","0"
"0x7f696b5aee00","      UIADD3 UR40, UPT, UPT, UR5, 0x9a00, URZ","11","0","11","524288","524288","524288","1","1","0","31","0","-","-","-","0","0","0","0","0","0","0","0","-","0","0","0","0","0","0","0","0","0","0","0","0","0","0","0","0","0","0","11","0","0","0","0","0","0","0","0","0","0","0","0","0","0","0","0","0","0","0","0","0"
"0x7f696b5aee10","      LDS.128 R4, [UR15+0x31150]","10","0","10","524288","524288","524288","1","1","0","31","0","Shared","Load","128","0","1","0","524288","524288","0","0","0","-","0","0","0","0","0","0","0","0","0","0","0","0","0","0","0","0","0","0","10","0","0","0","0","0","0","0","0","0","0","0","0","0","0","0","0","0","0","0","0","0"
"0x7f696b5aee20","      UIADD3 UR32, UPT, UPT, UR5, 0xda00, URZ","52","41","52","524288","524288","524288","1","1","0","31","0","-","-","-","0","0","0","0","0","0","0","0","-","0","0","0","0","0","0","0","0","0","0","0","42","0","0","0","0","0","0","10","0","0","0","0","0","0","0","0","0","41","0","0","0","0","0","0","0","0","0","0","0"
"0x7f696b5aee30","      UIADD3 UR24, UPT, UPT, UR5, 0x11a00, URZ","150","140","150","524288","524288","524288","1","1","0","31","0","-","-","-","0","0","0","0","0","0","0","0","-","0","0","0","0","0","0","0","0","0","0","0","130","0","0","0","0","0","0","8","0","0","0","12","0","0","0","0","0","129","0","0","0","0","0","0","0","0","0","0","11"
"0x7f696b5aee40","      UIADD3 UR16, UPT, UPT, UR5, 0x15a00, URZ","203","190","203","524288","524288","524288","1","1","0","31","0","-","-","-","0","0","0","0","0","0","0","0","-","0","0","0","0","0","0","0","0","0","0","0","177","0","0","0","0","0","1","11","0","0","0","14","0","0","0","0","0","176","0","0","0","0","0","0","0","0","0","0","14"
"0x7f696b5aee50","      UIADD3 UR8, UPT, UPT, UR6, 0x29500, URZ","183","170","183","524288","524288","524288","1","1","0","31","0","-","-","-","0","0","0","0","0","0","0","0","-","0","0","0","0","0","0","0","0","0","0","0","165","0","0","0","0","0","0","7","0","0","0","11","0","0","0","0","0","159","0","0","0","0","0","0","0","0","0","0","11"
"0x7f696b5aee60","      R2UR UR46, R7","14","3","14","524288","524288","524288","1","1","0","31","0","-","-","-","0","0","0","0","0","0","0","0","-","0","0","0","0","0","0","0","0","0","0","0","0","0","0","0","0","0","0","11","3","0","0","0","0","0","0","0","0","0","0","0","0","0","0","0","0","3","0","0","0"
"0x7f696b5aee70","      R2UR UR45, R6","16","7","16","524288","524288","524288","1","1","0","31","0","-","-","-","0","0","0","0","0","0","0","0","-","0","0","0","0","0","0","0","0","0","0","0","0","0","0","0","0","0","0","9","0","0","0","7","0","0","0","0","0","0","0","0","0","0","0","0","0","0","0","0","7"
"0x7f696b5aee80","      R2UR UR44, R5","21","10","21","524288","524288","524288","1","1","0","31","0","-","-","-","0","0","0","0","0","0","0","0","-","0","0","0","0","0","0","0","0","0","0","0","0","0","0","0","0","0","0","11","0","0","0","10","0","0","0","0","0","0","0","0","0","0","0","0","0","0","0","0","10"
"0x7f696b5aee90","      R2UR UR43, R4","21","9","21","524288","524288","524288","1","1","0","31","0","-","-","-","0","0","0","0","0","0","0","0","-","0","0","0","0","0","0","0","0","0","0","0","0","0","0","0","0","0","0","11","0","0","0","10","0","0","0","0","0","0","0","0","0","0","0","0","0","0","0","0","9"
"0x7f696b5aeea0","      UMOV UR38, UR46","71","52","71","524288","524288","524288","1","1","0","31","0","-","-","-","0","0","0","0","0","0","0","0","-","0","0","0","0","0","0","0","0","0","0","0","0","0","0","0","0","0","1","12","0","0","0","58","0","0","0","0","0","0","0","0","0","0","0","0","0","0","0","0","52"
"0x7f696b5aeeb0","      UMOV UR30, UR46","8","0","8","524288","524288","524288","1","1","0","31","0","-","-","-","0","0","0","0","0","0","0","0","-","0","0","0","0","0","0","0","0","0","0","0","0","0","0","0","0","0","0","8","0","0","0","0","0","0","0","0","0","0","0","0","0","0","0","0","0","0","0","0","0"
"0x7f696b5aeec0","      UMOV UR37, UR45","11","0","11","524288","524288","524288","1","1","0","31","0","-","-","-","0","0","0","0","0","0","0","0","-","0","0","0","0","0","0","0","0","0","0","0","0","0","0","0","0","0","0","11","0","0","0","0","0","0","0","0","0","0","0","0","0","0","0","0","0","0","0","0","0"
"0x7f696b5aeed0","      UMOV UR29, UR45","16","0","16","524288","524288","524288","1","1","0","31","0","-","-","-","0","0","0","0","0","0","0","0","-","0","0","0","0","0","0","0","0","0","0","0","0","0","0","0","0","0","0","16","0","0","0","0","0","0","0","0","0","0","0","0","0","0","0","0","0","0","0","0","0"
"0x7f696b5aeee0","      UMOV UR36, UR44","11","0","11","524288","524288","524288","1","1","0","31","0","-","-","-","0","0","0","0","0","0","0","0","-","0","0","0","0","0","0","0","0","0","0","0","0","0","0","0","0","0","0","11","0","0","0","0","0","0","0","0","0","0","0","0","0","0","0","0","0","0","0","0","0"
"0x7f696b5aeef0","      UMOV UR28, UR44","11","0","11","524288","524288","524288","1","1","0","31","0","-","-","-","0","0","0","0","0","0","0","0","-","0","0","0","0","0","0","0","0","0","0","0","0","0","0","0","0","0","0","11","0","0","0","0","0","0","0","0","0","0","0","0","0","0","0","0","0","0","0","0","0"
"0x7f696b5aef00","      UMOV UR35, UR43","20","0","20","524288","524288","524288","1","1","0","31","0","-","-","-","0","0","0","0","0","0","0","0","-","0","0","0","0","0","0","0","0","12","0","0","0","0","0","0","0","0","0","8","0","0","0","0","0","0","0","0","0","0","0","0","0","0","0","0","0","0","0","0","0"
"0x7f696b5aef10","      UTMALDG.2D.GATHER4 [UR40], [UR72]","23","0","23","524288","524288","524288","1","1","0","31","0","Global,Shared","-","-","0","0","0","0","0","0","0","0","-","0","0","0","0","0","0","0","0","8","0","0","0","0","0","0","0","0","0","15","0","0","0","0","0","0","0","0","0","0","0","0","0","0","0","0","0","0","0","0","0"
"0x7f696b5aef20","      UMOV UR27, UR43","10","0","10","524288","524288","524288","1","1","0","31","0","-","-","-","0","0","0","0","0","0","0","0","-","0","0","0","0","0","0","0","0","0","0","0","0","0","0","0","0","0","0","10","0","0","0","0","0","0","0","0","0","0","0","0","0","0","0","0","0","0","0","0","0"
"0x7f696b5aef30","      UMOV UR19, UR43","11","0","11","524288","524288","524288","1","1","0","31","0","-","-","-","0","0","0","0","0","0","0","0","-","0","0","0","0","0","0","0","0","0","0","0","0","0","0","0","0","0","0","11","0","0","0","0","0","0","0","0","0","0","0","0","0","0","0","0","0","0","0","0","0"
"0x7f696b5aef40","      UMOV UR20, UR44","11","0","11","524288","524288","524288","1","1","0","31","0","-","-","-","0","0","0","0","0","0","0","0","-","0","0","0","0","0","0","0","0","0","0","0","0","0","0","0","0","0","0","11","0","0","0","0","0","0","0","0","0","0","0","0","0","0","0","0","0","0","0","0","0"
"0x7f696b5aef50","      UMOV UR21, UR45","19","0","19","524288","524288","524288","1","1","0","31","0","-","-","-","0","0","0","0","0","0","0","0","-","0","0","0","0","0","0","0","0","0","0","0","0","0","0","0","0","0","0","19","0","0","0","0","0","0","0","0","0","0","0","0","0","0","0","0","0","0","0","0","0"
"0x7f696b5aef60","      UMOV UR22, UR46","12","0","12","524288","524288","524288","1","1","0","31","0","-","-","-","0","0","0","0","0","0","0","0","-","0","0","0","0","0","0","0","0","0","0","0","0","0","0","0","0","0","0","12","0","0","0","0","0","0","0","0","0","0","0","0","0","0","0","0","0","0","0","0","0"
"0x7f696b5aef70","      UMOV UR11, UR43","6","0","6","524288","524288","524288","1","1","0","31","0","-","-","-","0","0","0","0","0","0","0","0","-","0","0","0","0","0","0","0","0","0","0","0","0","0","0","0","0","0","0","6","0","0","0","0","0","0","0","0","0","0","0","0","0","0","0","0","0","0","0","0","0"
"0x7f696b5aef80","      UMOV UR12, UR44","16","2","16","524288","524288","524288","1","1","0","31","0","-","-","-","0","0","0","0","0","0","0","0","-","0","0","0","0","0","0","0","0","0","0","0","0","0","0","0","0","4","1","11","0","0","0","0","0","0","0","0","0","0","0","0","0","0","2","0","0","0","0","0","0"
"0x7f696b5aef90","      UTMALDG.2D.GATHER4 [UR32], [UR72]","16","0","16","524288","524288","524288","1","1","0","31","0","Global,Shared","-","-","0","0","0","0","0","0","0","0","-","0","0","0","0","0","0","0","0","0","0","0","0","0","0","0","0","0","0","16","0","0","0","0","0","0","0","0","0","0","0","0","0","0","0","0","0","0","0","0","0"
"0x7f696b5aefa0","      UMOV UR13, UR45","11","0","11","524288","524288","524288","1","1","0","31","0","-","-","-","0","0","0","0","0","0","0","0","-","0","0","0","0","0","0","0","0","0","0","0","0","0","0","0","0","0","0","11","0","0","0","0","0","0","0","0","0","0","0","0","0","0","0","0","0","0","0","0","0"
"0x7f696b5aefb0","      UMOV UR14, UR46","8","0","8","524288","524288","524288","1","1","0","31","0","-","-","-","0","0","0","0","0","0","0","0","-","0","0","0","0","0","0","0","0","0","0","0","0","0","0","0","0","0","0","8","0","0","0","0","0","0","0","0","0","0","0","0","0","0","0","0","0","0","0","0","0"
"0x7f696b5aefc0","      UTMALDG.2D.GATHER4 [UR24], [UR72]","16","0","16","524288","524288","524288","1","1","0","31","0","Global,Shared","-","-","0","0","0","0","0","0","0","0","-","0","0","0","0","0","0","0","0","0","0","0","0","0","0","0","0","0","0","16","0","0","0","0","0","0","0","0","0","0","0","0","0","0","0","0","0","0","0","0","0"
"0x7f696b5aefd0","      UTMALDG.2D.GATHER4 [UR16], [UR72]","8","0","8","524288","524288","524288","1","1","0","31","0","Global,Shared","-","-","0","0","0","0","0","0","0","0","-","0","0","0","0","0","0","0","0","0","0","0","0","0","0","0","0","0","0","8","0","0","0","0","0","0","0","0","0","0","0","0","0","0","0","0","0","0","0","0","0"
"0x7f696b5aefe0","      UTMALDG.2D.GATHER4 [UR8], [UR74]","162","122","162","524288","524288","524288","1","1","0","31","0","Global,Shared","-","-","0","0","0","0","0","0","0","0","-","0","0","0","0","0","0","0","0","0","0","0","0","0","0","146","0","0","3","13","0","0","0","0","0","0","0","0","0","0","0","0","122","0","0","0","0","0","0","0","0"
"0x7f696b5aeff0","      UIADD3 UR40, UPT, UPT, UR5, 0x9c00, URZ","14","0","14","524288","524288","524288","1","1","0","31","0","-","-","-","0","0","0","0","0","0","0","0","-","0","0","0","0","0","0","0","0","0","0","0","0","0","0","0","0","0","0","14","0","0","0","0","0","0","0","0","0","0","0","0","0","0","0","0","0","0","0","0","0"
"0x7f696b5af000","      LDS.128 R4, [UR15+0x31160]","11","1","11","524288","524288","524288","1","1","0","31","0","Shared","Load","128","0","1","0","524288","524288","0","0","0","-","0","0","0","0","0","0","0","0","0","0","0","0","0","0","0","0","1","0","10","0","0","0","0","0","0","0","0","0","0","0","0","0","0","1","0","0","0","0","0","0"
"0x7f696b5af010","      UIADD3 UR32, UPT, UPT, UR5, 0xdc00, URZ","63","36","63","524288","524288","524288","1","1","0","31","0","-","-","-","0","0","0","0","0","0","0","0","-","0","0","0","0","0","0","0","0","0","0","0","48","0","0","0","0","0","6","9","0","0","0","0","0","0","0","0","0","36","0","0","0","0","0","0","0","0","0","0","0"
"0x7f696b5af020","      UIADD3 UR24, UPT, UPT, UR5, 0x11c00, URZ","152","110","152","524288","524288","524288","1","1","0","31","0","-","-","-","0","0","0","0","0","0","0","0","-","0","0","0","0","0","0","0","0","0","0","0","125","0","0","0","0","0","9","10","0","0","0","8","0","0","0","0","0","103","0","0","0","0","0","0","0","0","0","0","7"
"0x7f696b5af030","      UIADD3 UR16, UPT, UPT, UR5, 0x15c00, URZ","167","115","167","524288","524288","524288","1","1","0","31","0","-","-","-","0","0","0","0","0","0","0","0","-","0","0","0","0","0","0","0","0","0","0","0","145","0","0","0","0","0","7","11","0","0","0","4","0","0","0","0","0","111","0","0","0","0","0","0","0","0","0","0","4"
"0x7f696b5af040","      UIADD3 UR8, UPT, UPT, UR6, 0x29600, URZ","214","132","214","524288","524288","524288","1","1","0","31","0","-","-","-","0","0","0","0","0","0","0","0","-","0","0","0","0","0","0","0","0","2","0","0","178","1","0","0","0","0","10","16","0","0","0","7","0","0","2","0","0","125","0","0","0","0","0","0","0","0","0","0","5"
"0x7f696b5af050","      R2UR UR46, R7","16","2","16","524288","524288","524288","1","1","0","31","0","-","-","-","0","0","0","0","0","0","0","0","-","0","0","0","0","0","0","0","0","0","0","0","0","0","0","0","0","0","2","9","5","0","0","0","0","0","0","0","0","0","0","0","0","0","0","0","0","2","0","0","0"
"0x7f696b5af060","      R2UR UR45, R6","15","4","15","524288","524288","524288","1","1","0","31","0","-","-","-","0","0","0","0","0","0","0","0","-","0","0","0","0","0","0","0","0","0","0","0","0","0","0","0","0","0","2","7","0","0","0","6","0","0","0","0","0","0","0","0","0","0","0","0","0","0","0","0","4"
"0x7f696b5af070","      R2UR UR44, R5","31","8","31","524288","524288","524288","1","1","0","31","0","-","-","-","0","0","0","0","0","0","0","0","-","0","0","0","0","0","0","0","0","0","0","0","0","1","0","0","0","0","3","11","0","0","0","16","0","0","0","0","0","0","0","0","0","0","0","0","0","0","0","0","8"
"0x7f696b5af080","      R2UR UR43, R4","16","6","16","524288","524288","524288","1","1","0","31","0","-","-","-","0","0","0","0","0","0","0","0","-","0","0","0","0","0","0","0","0","1","0","0","0","2","0","0","0","0","2","5","0","0","0","6","0","0","1","0","0","0","1","0","0","0","0","0","0","0","0","0","4"
"0x7f696b5af090","      UMOV UR38, UR46","93","46","93","524288","524288","524288","1","1","0","31","0","-","-","-","0","0","0","0","0","0","0","0","-","0","0","0","0","0","0","0","0","0","0","0","0","0","0","0","0","0","8","8","0","0","0","77","0","0","0","0","0","0","0","0","0","0","0","0","0","0","0","0","46"
"0x7f696b5af0a0","      UMOV UR30, UR46","10","0","10","524288","524288","524288","1","1","0","31","0","-","-","-","0","0","0","0","0","0","0","0","-","0","0","0","0","0","0","0","0","1","0","0","0","0","0","0","0","0","0","9","0","0","0","0","0","0","0","0","0","0","0","0","0","0","0","0","0","0","0","0","0"
"0x7f696b5af0b0","      UMOV UR37, UR45","11","0","11","524288","524288","524288","1","1","0","31","0","-","-","-","0","0","0","0","0","0","0","0","-","0","0","0","0","0","0","0","0","0","0","0","0","0","0","0","0","0","0","11","0","0","0","0","0","0","0","0","0","0","0","0","0","0","0","0","0","0","0","0","0"
"0x7f696b5af0c0","      UMOV UR29, UR45","9","0","9","524288","524288","524288","1","1","0","31","0","-","-","-","0","0","0","0","0","0","0","0","-","0","0","0","0","0","0","0","0","0","0","0","0","0","0","0","0","0","0","9","0","0","0","0","0","0","0","0","0","0","0","0","0","0","0","0","0","0","0","0","0"
"0x7f696b5af0d0","      UMOV UR36, UR44","8","0","8","524288","524288","524288","1","1","0","31","0","-","-","-","0","0","0","0","0","0","0","0","-","0","0","0","0","0","0","0","0","1","0","0","0","0","0","0","0","0","0","7","0","0","0","0","0","0","0","0","0","0","0","0","0","0","0","0","0","0","0","0","0"
"0x7f696b5af0e0","      UMOV UR28, UR44","11","0","11","524288","524288","524288","1","1","0","31","0","-","-","-","0","0","0","0","0","0","0","0","-","0","0","0","0","0","0","0","0","5","0","0","0","0","0","0","0","0","0","6","0","0","0","0","0","0","0","0","0","0","0","0","0","0","0","0","0","0","0","0","0"
"0x7f696b5af0f0","      UMOV UR35, UR43","16","0","16","524288","524288","524288","1","1","0","31","0","-","-","-","0","0","0","0","0","0","0","0","-","0","0","0","0","0","0","0","0","7","0","0","0","0","0","0","0","0","0","9","0","0","0","0","0","0","0","0","0","0","0","0","0","0","0","0","0","0","0","0","0"
"0x7f696b5af100","      UTMALDG.2D.GATHER4 [UR40], [UR72]","8","0","8","524288","524288","524288","1","1","0","31","0","Global,Shared","-","-","0","0","0","0","0","0","0","0","-","0","0","0","0","0","0","0","0","6","0","0","0","0","0","0","0","0","0","2","0","0","0","0","0","0","0","0","0","0","0","0","0","0","0","0","0","0","0","0","0"
"0x7f696b5af110","      UMOV UR27, UR43","7","0","7","524288","524288","524288","1","1","0","31","0","-","-","-","0","0","0","0","0","0","0","0","-","0","0","0","0","0","0","0","0","1","0","0","0","0","0","0","0","0","0","6","0","0","0","0","0","0","0","0","0","0","0","0","0","0","0","0","0","0","0","0","0"
"0x7f696b5af120","      UMOV UR19, UR43","12","0","12","524288","524288","524288","1","1","0","31","0","-","-","-","0","0","0","0","0","0","0","0","-","0","0","0","0","0","0","0","0","0","0","0","0","0","0","0","0","0","0","12","0","0","0","0","0","0","0","0","0","0","0","0","0","0","0","0","0","0","0","0","0"
"0x7f696b5af130","      UMOV UR20, UR44","12","0","12","524288","524288","524288","1","1","0","31","0","-","-","-","0","0","0","0","0","0","0","0","-","0","0","0","0","0","0","0","0","0","0","0","0","0","0","0","0","0","0","12","0","0","0","0","0","0","0","0","0","0","0","0","0","0","0","0","0","0","0","0","0"
"0x7f696b5af140","      UMOV UR21, UR45","12","0","12","524288","524288","524288","1","1","0","31","0","-","-","-","0","0","0","0","0","0","0","0","-","0","0","0","0","0","0","0","0","0","0","0","0","0","0","0","0","0","0","12","0","0","0","0","0","0","0","0","0","0","0","0","0","0","0","0","0","0","0","0","0"
"0x7f696b5af150","      UMOV UR22, UR46","9","0","9","524288","524288","524288","1","1","0","31","0","-","-","-","0","0","0","0","0","0","0","0","-","0","0","0","0","0","0","0","0","1","0","0","0","0","0","0","0","0","0","8","0","0","0","0","0","0","0","0","0","0","0","0","0","0","0","0","0","0","0","0","0"
"0x7f696b5af160","      UMOV UR11, UR43","11","0","11","524288","524288","524288","1","1","0","31","0","-","-","-","0","0","0","0","0","0","0","0","-","0","0","0","0","0","0","0","0","0","0","0","0","0","0","0","0","0","0","11","0","0","0","0","0","0","0","0","0","0","0","0","0","0","0","0","0","0","0","0","0"
"0x7f696b5af170","      UMOV UR12, UR44","11","0","11","524288","524288","524288","1","1","0","31","0","-","-","-","0","0","0","0","0","0","0","0","-","0","0","0","0","0","0","0","0","0","0","0","0","0","0","0","0","0","0","11","0","0","0","0","0","0","0","0","0","0","0","0","0","0","0","0","0","0","0","0","0"
"0x7f696b5af180","      UTMALDG.2D.GATHER4 [UR32], [UR72]","9","0","9","524288","524288","524288","1","1","0","31","0","Global,Shared","-","-","0","0","0","0","0","0","0","0","-","0","0","0","0","0","0","0","0","0","0","0","0","0","0","0","0","1","0","8","0","0","0","0","0","0","0","0","0","0","0","0","0","0","0","0","0","0","0","0","0"
"0x7f696b5af190","      UMOV UR13, UR45","10","0","10","524288","524288","524288","1","1","0","31","0","-","-","-","0","0","0","0","0","0","0","0","-","0","0","0","0","0","0","0","0","0","0","0","0","0","0","0","0","0","0","10","0","0","0","0","0","0","0","0","0","0","0","0","0","0","0","0","0","0","0","0","0"
"0x7f696b5af1a0","      UMOV UR14, UR46","12","0","12","524288","524288","524288","1","1","0","31","0","-","-","-","0","0","0","0","0","0","0","0","-","0","0","0","0","0","0","0","0","1","0","0","0","0","0","0","0","0","0","11","0","0","0","0","0","0","0","0","0","0","0","0","0","0","0","0","0","0","0","0","0"
"0x7f696b5af1b0","      UTMALDG.2D.GATHER4 [UR24], [UR72]","7","0","7","524288","524288","524288","1","1","0","31","0","Global,Shared","-","-","0","0","0","0","0","0","0","0","-","0","0","0","0","0","0","0","0","0","0","0","0","0","0","0","0","0","0","7","0","0","0","0","0","0","0","0","0","0","0","0","0","0","0","0","0","0","0","0","0"
"0x7f696b5af1c0","      UTMALDG.2D.GATHER4 [UR16], [UR72]","9","0","9","524288","524288","524288","1","1","0","31","0","Global,Shared","-","-","0","0","0","0","0","0","0","0","-","0","0","0","0","0","0","0","0","0","0","0","0","0","0","0","0","0","0","9","0","0","0","0","0","0","0","0","0","0","0","0","0","0","0","0","0","0","0","0","0"
"0x7f696b5af1d0","      UTMALDG.2D.GATHER4 [UR8], [UR74]","168","61","168","524288","524288","524288","1","1","0","31","0","Global,Shared","-","-","0","0","0","0","0","0","0","0","-","0","0","0","0","0","0","0","0","0","0","0","0","0","0","141","0","0","15","12","0","0","0","0","0","0","0","0","0","0","0","0","61","0","0","0","0","0","0","0","0"
"0x7f696b5af1e0","      UIADD3 UR40, UPT, UPT, UR5, 0x9e00, URZ","12","0","12","524288","524288","524288","1","1","0","31","0","-","-","-","0","0","0","0","0","0","0","0","-","0","0","0","0","0","0","0","0","0","0","0","0","0","0","0","0","0","0","12","0","0","0","0","0","0","0","0","0","0","0","0","0","0","0","0","0","0","0","0","0"
"0x7f696b5af1f0","      LDS.128 R4, [UR15+0x31170]","15","0","15","524288","524288","524288","1","1","0","31","0","Shared","Load","128","0","1","0","524288","524288","0","0","0","-","0","0","0","0","0","0","0","0","0","0","0","0","0","0","0","0","0","0","15","0","0","0","0","0","0","0","0","0","0","0","0","0","0","0","0","0","0","0","0","0"
"0x7f696b5af200","      UIADD3 UR32, UPT, UPT, UR5, 0xde00, URZ","57","9","57","524288","524288","524288","1","1","0","31","0","-","-","-","0","0","0","0","0","0","0","0","-","0","0","0","0","0","0","0","0","0","0","0","34","0","0","0","0","1","7","15","0","0","0","0","0","0","0","0","0","8","0","0","0","0","1","0","0","0","0","0","0"
"0x7f696b5af210","      UIADD3 UR24, UPT, UPT, UR5, 0x11e00, URZ","187","95","187","524288","524288","524288","1","1","0","31","0","-","-","-","0","0","0","0","0","0","0","0","-","0","0","0","0","0","0","0","0","0","0","0","156","0","0","0","0","0","6","13","0","0","0","12","0","0","0","0","0","92","0","0","0","0","0","0","0","0","0","0","3"
"0x7f696b5af220","      UIADD3 UR16, UPT, UPT, UR5, 0x15e00, URZ","182","96","182","524288","524288","524288","1","1","0","31","0","-","-","-","0","0","0","0","0","0","0","0","-","0","0","0","0","0","0","0","0","0","0","0","149","0","0","0","0","0","6","11","0","0","0","16","0","0","0","0","0","94","0","0","0","0","0","0","0","0","0","0","2"
"0x7f696b5af230","      UIADD3 UR8, UPT, UPT, UR6, 0x29700, URZ","166","110","166","524288","524288","524288","1","1","0","31","0","-","-","-","0","0","0","0","0","0","0","0","-","0","0","0","0","0","0","0","0","0","0","0","145","0","0","0","0","0","4","8","0","0","0","9","0","0","0","0","0","104","0","0","0","0","0","0","0","0","0","0","6"
"0x7f696b5af240","      R2UR UR46, R7","9","1","9","524288","524288","524288","1","1","0","31","0","-","-","-","0","0","0","0","0","0","0","0","-","0","0","0","0","0","0","0","0","0","0","0","0","0","0","0","0","0","0","8","1","0","0","0","0","0","0","0","0","0","0","0","0","0","0","0","0","1","0","0","0"
"0x7f696b5af250","      R2UR UR45, R6","23","7","23","524288","524288","524288","1","1","0","31","0","-","-","-","0","0","0","0","0","0","0","0","-","0","0","0","0","0","0","0","0","0","0","0","0","2","0","0","0","0","2","8","0","0","0","11","0","0","0","0","0","0","0","0","0","0","0","0","0","0","0","0","7"
"0x7f696b5af260","      R2UR UR44, R5","17","1","17","524288","524288","524288","1","1","0","31","0","-","-","-","0","0","0","0","0","0","0","0","-","0","0","0","0","0","0","0","0","0","0","0","0","2","0","0","0","0","1","10","0","0","0","4","0","0","0","0","0","0","0","0","0","0","0","0","0","0","0","0","1"
"0x7f696b5af270","      R2UR UR43, R4","23","8","23","524288","524288","524288","1","1","0","31","0","-","-","-","0","0","0","0","0","0","0","0","-","0","0","0","0","0","0","0","0","0","0","0","0","1","0","0","0","0","0","9","0","0","0","13","0","0","0","0","0","0","0","0","0","0","0","0","0","0","0","0","8"
"0x7f696b5af280","      UMOV UR38, UR46","81","49","81","524288","524288","524288","1","1","0","31","0","-","-","-","0","0","0","0","0","0","0","0","-","0","0","0","0","0","0","0","0","0","0","0","0","0","0","0","0","0","8","4","0","0","0","69","0","0","0","0","0","0","0","0","0","0","0","0","0","0","0","0","49"
"0x7f696b5af290","      UMOV UR30, UR46","10","0","10","524288","524288","524288","1","1","0","31","0","-","-","-","0","0","0","0","0","0","0","0","-","0","0","0","0","0","0","0","0","1","0","0","0","0","0","0","0","0","0","9","0","0","0","0","0","0","0","0","0","0","0","0","0","0","0","0","0","0","0","0","0"
"0x7f696b5af2a0","      UMOV UR37, UR45","8","0","8","524288","524288","524288","1","1","0","31","0","-","-","-","0","0","0","0","0","0","0","0","-","0","0","0","0","0","0","0","0","0","0","0","0","0","0","0","0","0","0","8","0","0","0","0","0","0","0","0","0","0","0","0","0","0","0","0","0","0","0","0","0"
"0x7f696b5af2b0","      UMOV UR29, UR45","10","0","10","524288","524288","524288","1","1","0","31","0","-","-","-","0","0","0","0","0","0","0","0","-","0","0","0","0","0","0","0","0","0","0","0","0","0","0","0","0","0","0","10","0","0","0","0","0","0","0","0","0","0","0","0","0","0","0","0","0","0","0","0","0"
"0x7f696b5af2c0","      UMOV UR36, UR44","12","0","12","524288","524288","524288","1","1","0","31","0","-","-","-","0","0","0","0","0","0","0","0","-","0","0","0","0","0","0","0","0","0","0","0","0","0","0","0","0","0","1","11","0","0","0","0","0","0","0","0","0","0","0","0","0","0","0","0","0","0","0","0","0"
"0x7f696b5af2d0","      UMOV UR28, UR44","9","0","9","524288","524288","524288","1","1","0","31","0","-","-","-","0","0","0","0","0","0","0","0","-","0","0","0","0","0","0","0","0","1","0","0","0","0","0","0","0","0","0","8","0","0","0","0","0","0","0","0","0","0","0","0","0","0","0","0","0","0","0","0","0"
"0x7f696b5af2e0","      UMOV UR35, UR43","18","0","18","524288","524288","524288","1","1","0","31","0","-","-","-","0","0","0","0","0","0","0","0","-","0","0","0","0","0","0","0","0","6","0","0","0","0","0","0","0","0","0","12","0","0","0","0","0","0","0","0","0","0","0","0","0","0","0","0","0","0","0","0","0"
"0x7f696b5af2f0","      UTMALDG.2D.GATHER4 [UR40], [UR72]","29","0","29","524288","524288","524288","1","1","0","31","0","Global,Shared","-","-","0","0","0","0","0","0","0","0","-","0","0","0","0","0","0","0","0","10","0","0","0","0","0","0","0","0","0","19","0","0","0","0","0","0","0","0","0","0","0","0","0","0","0","0","0","0","0","0","0"
"0x7f696b5af300","      UMOV UR27, UR43","12","0","12","524288","524288","524288","1","1","0","31","0","-","-","-","0","0","0","0","0","0","0","0","-","0","0","0","0","0","0","0","0","0","0","0","0","0","0","0","0","0","0","12","0","0","0","0","0","0","0","0","0","0","0","0","0","0","0","0","0","0","0","0","0"
"0x7f696b5af310","      UMOV UR19, UR43","10","0","10","524288","524288","524288","1","1","0","31","0","-","-","-","0","0","0","0","0","0","0","0","-","0","0","0","0","0","0","0","0","0","0","0","0","0","0","0","0","0","0","10","0","0","0","0","0","0","0","0","0","0","0","0","0","0","0","0","0","0","0","0","0"
"0x7f696b5af320","      UMOV UR20, UR44","8","0","8","524288","524288","524288","1","1","0","31","0","-","-","-","0","0","0","0","0","0","0","0","-","0","0","0","0","0","0","0","0","0","0","0","0","0","0","0","0","0","0","8","0","0","0","0","0","0","0","0","0","0","0","0","0","0","0","0","0","0","0","0","0"
"0x7f696b5af330","      UMOV UR21, UR45","9","0","9","524288","524288","524288","1","1","0","31","0","-","-","-","0","0","0","0","0","0","0","0","-","0","0","0","0","0","0","0","0","0","0","0","0","0","0","0","0","0","0","9","0","0","0","0","0","0","0","0","0","0","0","0","0","0","0","0","0","0","0","0","0"
"0x7f696b5af340","      UMOV UR22, UR46","7","0","7","524288","524288","524288","1","1","0","31","0","-","-","-","0","0","0","0","0","0","0","0","-","0","0","0","0","0","0","0","0","0","0","0","0","0","0","0","0","0","0","7","0","0","0","0","0","0","0","0","0","0","0","0","0","0","0","0","0","0","0","0","0"
"0x7f696b5af350","      UMOV UR11, UR43","4","0","4","524288","524288","524288","1","1","0","31","0","-","-","-","0","0","0","0","0","0","0","0","-","0","0","0","0","0","0","0","0","0","0","0","0","0","0","0","0","0","0","4","0","0","0","0","0","0","0","0","0","0","0","0","0","0","0","0","0","0","0","0","0"
"0x7f696b5af360","      UMOV UR12, UR44","7","0","7","524288","524288","524288","1","1","0","31","0","-","-","-","0","0","0","0","0","0","0","0","-","0","0","0","0","0","0","0","0","0","0","0","0","0","0","0","0","0","0","7","0","0","0","0","0","0","0","0","0","0","0","0","0","0","0","0","0","0","0","0","0"
"0x7f696b5af370","      UTMALDG.2D.GATHER4 [UR32], [UR72]","13","0","13","524288","524288","524288","1","1","0","31","0","Global,Shared","-","-","0","0","0","0","0","0","0","0","-","0","0","0","0","0","0","0","0","0","0","0","0","0","0","0","0","0","0","13","0","0","0","0","0","0","0","0","0","0","0","0","0","0","0","0","0","0","0","0","0"
"0x7f696b5af380","      UMOV UR13, UR45","25","6","25","524288","524288","524288","1","1","0","31","0","-","-","-","0","0","0","0","0","0","0","0","-","0","0","0","0","0","0","0","0","0","0","0","0","0","0","0","0","15","1","9","0","0","0","0","0","0","0","0","0","0","0","0","0","0","6","0","0","0","0","0","0"
"0x7f696b5af390","      UMOV UR14, UR46","9","0","9","524288","524288","524288","1","1","0","31","0","-","-","-","0","0","0","0","0","0","0","0","-","0","0","0","0","0","0","0","0","0","0","0","0","0","0","0","0","0","0","9","0","0","0","0","0","0","0","0","0","0","0","0","0","0","0","0","0","0","0","0","0"
"0x7f696b5af3a0","      UTMALDG.2D.GATHER4 [UR24], [UR72]","8","0","8","524288","524288","524288","1","1","0","31","0","Global,Shared","-","-","0","0","0","0","0","0","0","0","-","0","0","0","0","0","0","0","0","0","0","0","0","0","0","0","0","0","0","8","0","0","0","0","0","0","0","0","0","0","0","0","0","0","0","0","0","0","0","0","0"
"0x7f696b5af3b0","      UTMALDG.2D.GATHER4 [UR16], [UR72]","14","0","14","524288","524288","524288","1","1","0","31","0","Global,Shared","-","-","0","0","0","0","0","0","0","0","-","0","0","0","0","0","0","0","0","0","0","0","0","0","0","2","0","0","0","12","0","0","0","0","0","0","0","0","0","0","0","0","0","0","0","0","0","0","0","0","0"
"0x7f696b5af3c0","      UTMALDG.2D.GATHER4 [UR8], [UR74]","160","90","160","524288","524288","524288","1","1","0","31","0","Global,Shared","-","-","0","0","0","0","0","0","0","0","-","0","0","0","0","0","0","0","0","0","0","0","0","0","0","139","0","0","8","13","0","0","0","0","0","0","0","0","0","0","0","0","90","0","0","0","0","0","0","0","0"
"0x7f696b5af3d0","      NOP","15","0","15","524288","524288","524288","1","1","0","31","0","-","-","-","0","0","0","0","0","0","0","0","-","0","0","0","0","0","0","0","0","0","0","0","0","0","0","0","0","0","0","15","0","0","0","0","0","0","0","0","0","0","0","0","0","0","0","0","0","0","0","0","0"
"0x7f696b5af3e0","      NOP","70","34","70","1048576","16777216","16777216","16","16","15","16","0","-","-","-","0","0","0","0","0","0","0","0","-","0","0","0","0","0","0","0","23","1","0","0","0","0","0","0","0","35","2","9","0","0","0","0","0","13","0","0","0","0","0","0","0","0","21","0","0","0","0","0","0"
"0x7f696b5af3f0","      BSYNC.RECONVERGENT B0","563","395","563","1048576","16777216","16777216","16","16","0","16","0","-","-","-","0","0","0","0","0","0","0","0","-","0","0","0","0","0","0","0","0","0","0","0","538","0","0","0","0","1","5","19","0","0","0","0","0","0","0","0","0","394","0","0","0","0","1","0","0","0","0","0","0"
"0x7f696b5af400","      VIADD R8, R8, 0x1","227","132","227","524288","16777216","16777216","32","32","16","0","0","-","-","-","0","0","0","0","0","0","0","0","-","0","0","0","0","0","0","0","160","0","0","0","0","5","0","0","0","0","2","20","0","0","0","40","0","104","0","0","0","0","3","0","0","0","0","0","0","0","0","0","25"
"0x7f696b5af410","      IADD3 R4, PT, PT, R9, 0x1, RZ","2","0","2","524288","16777216","16777216","32","32","0","0","0","-","-","-","0","0","0","0","0","0","0","0","-","0","0","0","0","0","0","0","0","0","0","0","0","0","0","0","0","0","0","2","0","0","0","0","0","0","0","0","0","0","0","0","0","0","0","0","0","0","0","0","0"
"0x7f696b5af420","      VIADD R3, R3, 0x1","6","0","6","524288","16777216","16777216","32","32","0","0","0","-","-","-","0","0","0","0","0","0","0","0","-","0","0","0","0","0","0","0","0","0","0","0","0","0","0","0","0","0","0","6","0","0","0","0","0","0","0","0","0","0","0","0","0","0","0","0","0","0","0","0","0"
"0x7f696b5af430","      BAR.SYNC.DEFER_BLOCKING 0x2, 0x80","10","0","10","524288","16777216","16777216","32","32","0","0","0","-","-","-","0","0","0","0","0","0","0","0","-","0","0","0","0","0","0","0","0","0","0","0","0","0","0","0","0","0","0","10","0","0","0","0","0","0","0","0","0","0","0","0","0","0","0","0","0","0","0","0","0"
"0x7f696b5af440","      UIADD3 UR31, UPT, UPT, UR31, 0x1, URZ","13","0","13","524288","16777216","16777216","32","32","0","0","0","-","-","-","0","0","0","0","0","0","0","0","-","0","0","0","0","0","0","0","0","0","0","0","0","0","0","0","0","0","0","13","0","0","0","0","0","0","0","0","0","0","0","0","0","0","0","0","0","0","0","0","0"
"0x7f696b5af450","      ISETP.NE.U32.AND P2, PT, R8, 0x2, PT","9","0","9","524288","16777216","16777216","32","32","0","0","0","-","-","-","0","0","0","0","0","0","0","0","-","0","0","0","0","0","0","0","0","0","0","0","0","0","0","0","0","0","0","9","0","0","0","0","0","0","0","0","0","0","0","0","0","0","0","0","0","0","0","0","0"
"0x7f696b5af460","      VIADD R0, R0, 0x80","9","0","9","524288","16777216","16777216","32","32","0","0","0","-","-","-","0","0","0","0","0","0","0","0","-","0","0","0","0","0","0","0","0","0","0","0","0","0","0","0","0","0","0","9","0","0","0","0","0","0","0","0","0","0","0","0","0","0","0","0","0","0","0","0","0"
"0x7f696b5af470","      ISETP.NE.U32.AND P0, PT, R3, RZ, PT","10","0","10","524288","16777216","16777216","32","32","0","0","0","-","-","-","0","0","0","0","0","0","0","0","-","0","0","0","0","0","0","0","0","1","0","0","0","0","0","0","0","0","0","9","0","0","0","0","0","0","0","0","0","0","0","0","0","0","0","0","0","0","0","0","0"
"0x7f696b5af480","      IADD3 R2, PT, PT, R2, 0x80, RZ","44","9","44","524288","16777216","16777216","32","32","0","0","0","-","-","-","0","0","0","0","0","0","0","0","-","0","0","0","0","0","0","0","0","0","0","0","0","1","0","0","0","0","15","11","0","0","0","17","0","0","0","0","0","0","0","0","0","0","0","0","0","0","0","0","9"
"0x7f696b5af490","      SEL R8, R8, RZ, P2","32","7","32","524288","16777216","16777216","32","32","0","0","0","-","-","-","0","0","0","0","0","0","0","0","-","0","0","0","0","0","0","0","0","1","0","0","0","0","0","0","0","0","6","11","0","0","0","14","0","0","0","0","0","0","0","0","0","0","0","0","0","0","0","0","7"
"0x7f696b5af4a0","@P2   IMAD.MOV R4, RZ, RZ, R9","152","52","152","524288","16777216","8388608","32","16","16","16","0","-","-","-","0","0","0","0","0","0","0","0","-","0","0","0","0","0","0","0","0","3","0","0","0","27","0","0","0","0","38","13","0","0","0","71","0","0","1","0","0","0","14","0","0","0","0","0","0","0","0","0","37"
"0x7f696b5af4b0","      MOV R9, R4","91","26","91","524288","16777216","16777216","32","32","16","0","0","-","-","-","0","0","0","0","0","0","0","0","-","0","0","0","0","0","0","0","0","0","0","0","0","9","0","0","0","0","21","9","0","0","0","52","0","0","0","0","0","0","4","0","0","0","0","0","0","0","0","0","22"
"0x7f696b5af4c0","@P0   BRA 0x7f696b5ae0b0","306","148","306","524288","16777216","15728640","32","30","2","2","0","-","-","-","0","0","0","0","0","0","0","0","-","0","0","0","0","0","0","286","0","1","0","0","0","0","0","0","0","0","9","10","0","0","0","0","148","0","0","0","0","0","0","0","0","0","0","0","0","0","0","0","0"
"0x7f696b5af4d0","      LDCU.64 UR6, c[0x0][0x358]","63","17","63","32768","1048576","1048576","32","32","2","0","0","-","-","-","0","0","0","0","0","0","0","0","-","0","0","0","0","0","0","0","0","0","0","0","0","0","0","0","0","0","0","13","0","0","0","50","0","0","0","0","0","0","0","0","0","0","0","0","0","0","0","0","17"
"0x7f696b5af4e0","      LDG.E R14, desc[UR6][R14.64]","7","0","7","32768","1048576","1048576","32","32","0","0","0","Global","Load","32","32768","0","0","0","0","0","32768","32768","","0","0","0","0","0","0","0","0","0","0","0","0","0","0","0","0","0","1","0","3","0","0","3","0","0","0","0","0","0","0","0","0","0","0","0","0","0","0","0","0"
"0x7f696b5af4f0","      R2UR UR63, R14","33","10","33","32768","1048576","1048576","32","32","0","0","0","-","-","-","0","0","0","0","0","0","0","0","-","0","0","0","0","0","0","0","0","0","0","0","27","0","0","0","0","0","3","1","0","0","0","2","0","0","0","0","0","9","0","0","0","0","0","0","0","0","0","0","1"
"0x7f696b5af500","      USHF.R.S32.HI UR5, URZ, 0x1f, UR63","11","1","11","32768","1048576","1048576","32","32","0","0","0","-","-","-","0","0","0","0","0","0","0","0","-","0","0","0","0","0","0","0","0","1","0","0","0","0","0","0","0","0","0","1","0","0","0","9","0","0","0","0","0","0","0","0","0","0","0","0","0","0","0","0","1"
"0x7f696b5af510","      ISETP.GE.AND P0, PT, R11, 0x1f6c, PT","0","0","0","32768","1048576","1048576","32","32","0","0","0","-","-","-","0","0","0","0","0","0","0","0","-","0","0","0","0","0","0","0","0","0","0","0","0","0","0","0","0","0","0","0","0","0","0","0","0","0","0","0","0","0","0","0","0","0","0","0","0","0","0","0","0"
"0x7f696b5af520","      IADD3 R11, PT, PT, R11, 0x94, RZ","5","0","5","32768","1048576","1048576","32","32","0","0","0","-","-","-","0","0","0","0","0","0","0","0","-","0","0","0","0","0","0","0","0","1","0","0","0","1","0","0","0","0","0","3","0","0","0","0","0","0","0","0","0","0","0","0","0","0","0","0","0","0","0","0","0"
"0x7f696b5af530","      ULEA.HI UR5, UR5, UR63, URZ, 0x7","0","0","0","32768","1048576","1048576","32","32","0","0","0","-","-","-","0","0","0","0","0","0","0","0","-","0","0","0","0","0","0","0","0","0","0","0","0","0","0","0","0","0","0","0","0","0","0","0","0","0","0","0","0","0","0","0","0","0","0","0","0","0","0","0","0"
"0x7f696b5af540","      ULOP3.LUT UR6, UR5, 0xffffff80, URZ, 0xc0, !UPT","2","0","2","32768","1048576","1048576","32","32","0","0","0","-","-","-","0","0","0","0","0","0","0","0","-","0","0","0","0","0","0","0","0","0","0","0","0","0","0","0","0","0","1","0","0","0","0","1","0","0","0","0","0","0","0","0","0","0","0","0","0","0","0","0","0"
"0x7f696b5af550","      ULEA.HI.SX32 UR5, UR5, UR71, 0x19","2","0","2","32768","1048576","1048576","32","32","0","0","0","-","-","-","0","0","0","0","0","0","0","0","-","0","0","0","0","0","0","0","0","0","0","0","0","0","0","0","0","0","1","1","0","0","0","0","0","0","0","0","0","0","0","0","0","0","0","0","0","0","0","0","0"
"0x7f696b5af560","      UISETP.NE.U32.AND UP0, UPT, UR63, UR6, UPT","2","0","2","32768","1048576","1048576","32","32","0","0","0","-","-","-","0","0","0","0","0","0","0","0","-","0","0","0","0","0","0","0","0","0","0","0","0","0","0","0","0","0","0","2","0","0","0","0","0","0","0","0","0","0","0","0","0","0","0","0","0","0","0","0","0"
"0x7f696b5af570","      UIADD3 UR71, UPT, UPT, UR5, 0x1, URZ","5","0","5","32768","1048576","1048576","32","32","0","0","0","-","-","-","0","0","0","0","0","0","0","0","-","0","0","0","0","0","0","0","0","0","0","0","0","0","0","0","0","0","2","2","0","0","0","1","0","0","0","0","0","0","0","0","0","0","0","0","0","0","0","0","0"
"0x7f696b5af580","      UISETP.GT.AND UP0, UPT, UR63, -0x1, UP0","5","0","5","32768","1048576","1048576","32","32","0","0","0","-","-","-","0","0","0","0","0","0","0","0","-","0","0","0","0","0","0","0","0","0","0","0","0","0","0","0","0","0","3","0","0","0","0","2","0","0","0","0","0","0","0","0","0","0","0","0","0","0","0","0","0"
"0x7f696b5af590","@!UP0 UIADD3 UR71, UPT, UPT, UR5, URZ, URZ","5","0","5","32768","1048576","1048576","32","32","0","0","0","-","-","-","0","0","0","0","0","0","0","0","-","0","0","0","0","0","0","0","0","0","0","0","0","0","0","0","0","0","2","0","0","0","0","3","0","0","0","0","0","0","0","0","0","0","0","0","0","0","0","0","0"
"0x7f696b5af5a0","@!P0  BRA 0x7f696b5adef0","0","0","0","32768","1048576","1029632","32","31","1","1","0","-","-","-","0","0","0","0","0","0","0","0","-","0","0","0","0","0","0","0","0","0","0","0","0","0","0","0","0","0","0","0","0","0","0","0","0","0","0","0","0","0","0","0","0","0","0","0","0","0","0","0","0"
"0x7f696b5af5b0","      EXIT","5","1","5","592","18944","18944","32","32","1","0","0","-","-","-","0","0","0","0","0","0","0","0","-","0","0","0","0","0","0","0","0","0","0","0","0","0","0","0","0","0","0","1","0","0","0","4","0","0","0","0","0","0","0","0","0","0","0","0","0","0","0","0","1"
"0x7f696b5af5c0","      UISETP.NE.U32.AND UP0, UPT, UR55, 0xc, UPT","1","0","1","1776","56832","56832","32","32","0","0","0","-","-","-","0","0","0","0","0","0","0","0","-","0","0","0","0","0","0","0","1","0","0","0","0","0","0","0","0","0","0","0","0","0","0","0","0","0","0","0","0","0","0","0","0","0","0","0","0","0","0","0","0"
"0x7f696b5af5d0","      BRA.U UP0, 0x7f696b5b0820","1","1","1","1776","56832","56832","32","32","0","0","0","-","-","-","0","0","0","0","0","0","0","0","-","0","0","0","0","0","0","0","0","0","0","0","0","0","0","0","0","0","0","0","0","0","0","1","0","0","0","0","0","0","0","0","0","0","0","0","0","0","0","0","1"
"0x7f696b5af5e0","      S2R R6, SR_CTAID.X","0","0","0","148","4736","4736","32","32","0","0","0","-","-","-","0","0","0","0","0","0","0","0","-","0","0","0","0","0","0","0","0","0","0","0","0","0","0","0","0","0","0","0","0","0","0","0","0","0","0","0","0","0","0","0","0","0","0","0","0","0","0","0","0"
"0x7f696b5af5f0","      UIADD3 UR15, UPT, UPT, UR4, 0x8000, URZ","0","0","0","148","4736","4736","32","32","0","0","0","-","-","-","0","0","0","0","0","0","0","0","-","0","0","0","0","0","0","0","0","0","0","0","0","0","0","0","0","0","0","0","0","0","0","0","0","0","0","0","0","0","0","0","0","0","0","0","0","0","0","0","0"
"0x7f696b5af600","      ISETP.GT.AND P0, PT, R6, 0x1fff, PT","0","0","0","148","4736","4736","32","32","0","0","0","-","-","-","0","0","0","0","0","0","0","0","-","0","0","0","0","0","0","0","0","0","0","0","0","0","0","0","0","0","0","0","0","0","0","0","0","0","0","0","0","0","0","0","0","0","0","0","0","0","0","0","0"
"0x7f696b5af610","@P0   EXIT","0","0","0","148","4736","0","32","0","32","32","0","-","-","-","0","0","0","0","0","0","0","0","-","0","0","0","0","0","0","0","0","0","0","0","0","0","0","0","0","0","0","0","0","0","0","0","0","0","0","0","0","0","0","0","0","0","0","0","0","0","0","0","0"
"0x7f696b5af620","      USHF.R.U32.HI UR12, URZ, 0x4, UR4","0","0","0","148","4736","4736","32","32","32","0","0","-","-","-","0","0","0","0","0","0","0","0","-","0","0","0","0","0","0","0","0","0","0","0","0","0","0","0","0","0","0","0","0","0","0","0","0","0","0","0","0","0","0","0","0","0","0","0","0","0","0","0","0"
"0x7f696b5af630","      HFMA2 R5, -RZ, RZ, 0, 0","0","0","0","148","4736","4736","32","32","0","0","0","-","-","-","0","0","0","0","0","0","0","0","-","0","0","0","0","0","0","0","0","0","0","0","0","0","0","0","0","0","0","0","0","0","0","0","0","0","0","0","0","0","0","0","0","0","0","0","0","0","0","0","0"
"0x7f696b5af640","      UIADD3 UR8, UPT, UPT, UR4, 0x2d020, URZ","0","0","0","148","4736","4736","32","32","0","0","0","-","-","-","0","0","0","0","0","0","0","0","-","0","0","0","0","0","0","0","0","0","0","0","0","0","0","0","0","0","0","0","0","0","0","0","0","0","0","0","0","0","0","0","0","0","0","0","0","0","0","0","0"
"0x7f696b5af650","      ULOP3.LUT UR12, UR12, 0x3fff, URZ, 0xc0, !UPT","0","0","0","148","4736","4736","32","32","0","0","0","-","-","-","0","0","0","0","0","0","0","0","-","0","0","0","0","0","0","0","0","0","0","0","0","0","0","0","0","0","0","0","0","0","0","0","0","0","0","0","0","0","0","0","0","0","0","0","0","0","0","0","0"
"0x7f696b5af660","      UIADD3 UR7, UPT, UPT, UR4, 0x2f020, URZ","0","0","0","148","4736","4736","32","32","0","0","0","-","-","-","0","0","0","0","0","0","0","0","-","0","0","0","0","0","0","0","0","0","0","0","0","0","0","0","0","0","0","0","0","0","0","0","0","0","0","0","0","0","0","0","0","0","0","0","0","0","0","0","0"
"0x7f696b5af670","      UIADD3 UR6, UPT, UPT, UR4, 0x2e000, URZ","0","0","0","148","4736","4736","32","32","0","0","0","-","-","-","0","0","0","0","0","0","0","0","-","0","0","0","0","0","0","0","0","0","0","0","0","0","0","0","0","0","0","0","0","0","0","0","0","0","0","0","0","0","0","0","0","0","0","0","0","0","0","0","0"
"0x7f696b5af680","      UIADD3 UR5, UPT, UPT, UR4, 0x30000, URZ","0","0","0","148","4736","4736","32","32","0","0","0","-","-","-","0","0","0","0","0","0","0","0","-","0","0","0","0","0","0","0","0","0","0","0","0","0","0","0","0","0","0","0","0","0","0","0","0","0","0","0","0","0","0","0","0","0","0","0","0","0","0","0","0"
"0x7f696b5af690","      ULOP3.LUT UR54, UR12, 0x10000, URZ, 0xfc, !UPT","0","0","0","148","4736","4736","32","32","0","0","0","-","-","-","0","0","0","0","0","0","0","0","-","0","0","0","0","0","0","0","0","0","0","0","0","0","0","0","0","0","0","0","0","0","0","0","0","0","0","0","0","0","0","0","0","0","0","0","0","0","0","0","0"
"0x7f696b5af6a0","      USHF.R.U32.HI UR11, URZ, 0x4, UR15","0","0","0","148","4736","4736","32","32","0","0","0","-","-","-","0","0","0","0","0","0","0","0","-","0","0","0","0","0","0","0","0","0","0","0","0","0","0","0","0","0","0","0","0","0","0","0","0","0","0","0","0","0","0","0","0","0","0","0","0","0","0","0","0"
"0x7f696b5af6b0","      UIADD3 UR10, UPT, UPT, UR4, 0x2d000, URZ","0","0","0","148","4736","4736","32","32","0","0","0","-","-","-","0","0","0","0","0","0","0","0","-","0","0","0","0","0","0","0","0","0","0","0","0","0","0","0","0","0","0","0","0","0","0","0","0","0","0","0","0","0","0","0","0","0","0","0","0","0","0","0","0"
"0x7f696b5af6c0","      UIADD3 UR9, UPT, UPT, UR4, 0x2f000, URZ","0","0","0","148","4736","4736","32","32","0","0","0","-","-","-","0","0","0","0","0","0","0","0","-","0","0","0","0","0","0","0","0","0","0","0","0","0","0","0","0","0","0","0","0","0","0","0","0","0","0","0","0","0","0","0","0","0","0","0","0","0","0","0","0"
"0x7f696b5af6d0","      UIADD3 UR13, UPT, UPT, UR4, 0x2e020, URZ","0","0","0","148","4736","4736","32","32","0","0","0","-","-","-","0","0","0","0","0","0","0","0","-","0","0","0","0","0","0","0","0","0","0","0","0","0","0","0","0","0","0","0","0","0","0","0","0","0","0","0","0","0","0","0","0","0","0","0","0","0","0","0","0"
"0x7f696b5af6e0","      UIADD3 UR14, UPT, UPT, UR4, 0x30020, URZ","0","0","0","148","4736","4736","32","32","0","0","0","-","-","-","0","0","0","0","0","0","0","0","-","0","0","0","0","0","0","0","0","0","0","0","0","0","0","0","0","0","0","0","0","0","0","0","0","0","0","0","0","0","0","0","0","0","0","0","0","0","0","0","0"
"0x7f696b5af6f0","      USHF.R.U32.HI UR48, URZ, 0x4, UR8","0","0","0","148","4736","4736","32","32","0","0","0","-","-","-","0","0","0","0","0","0","0","0","-","0","0","0","0","0","0","0","0","0","0","0","0","0","0","0","0","0","0","0","0","0","0","0","0","0","0","0","0","0","0","0","0","0","0","0","0","0","0","0","0"
"0x7f696b5af700","      USHF.R.U32.HI UR46, URZ, 0x4, UR7","0","0","0","148","4736","4736","32","32","0","0","0","-","-","-","0","0","0","0","0","0","0","0","-","0","0","0","0","0","0","0","0","0","0","0","0","0","0","0","0","0","0","0","0","0","0","0","0","0","0","0","0","0","0","0","0","0","0","0","0","0","0","0","0"
"0x7f696b5af710","      USHF.R.U32.HI UR8, URZ, 0x4, UR6","0","0","0","148","4736","4736","32","32","0","0","0","-","-","-","0","0","0","0","0","0","0","0","-","0","0","0","0","0","0","0","0","0","0","0","0","0","0","0","0","0","0","0","0","0","0","0","0","0","0","0","0","0","0","0","0","0","0","0","0","0","0","0","0"
"0x7f696b5af720","      USHF.R.U32.HI UR7, URZ, 0x4, UR5","0","0","0","148","4736","4736","32","32","0","0","0","-","-","-","0","0","0","0","0","0","0","0","-","0","0","0","0","0","0","0","0","0","0","0","0","0","0","0","0","0","0","0","0","0","0","0","0","0","0","0","0","0","0","0","0","0","0","0","0","0","0","0","0"
"0x7f696b5af730","      UIADD3 UR26, UPT, UPT, UR54, 0x4, URZ","0","0","0","148","4736","4736","32","32","0","0","0","-","-","-","0","0","0","0","0","0","0","0","-","0","0","0","0","0","0","0","0","0","0","0","0","0","0","0","0","0","0","0","0","0","0","0","0","0","0","0","0","0","0","0","0","0","0","0","0","0","0","0","0"
"0x7f696b5af740","      UIADD3 UR24, UPT, UPT, UR54, 0x402, URZ","0","0","0","148","4736","4736","32","32","0","0","0","-","-","-","0","0","0","0","0","0","0","0","-","0","0","0","0","0","0","0","0","0","0","0","0","0","0","0","0","0","0","0","0","0","0","0","0","0","0","0","0","0","0","0","0","0","0","0","0","0","0","0","0"
"0x7f696b5af750","      UIADD3 UR22, UPT, UPT, UR54, 0x404, URZ","0","0","0","148","4736","4736","32","32","0","0","0","-","-","-","0","0","0","0","0","0","0","0","-","0","0","0","0","0","0","0","0","0","0","0","0","0","0","0","0","0","0","0","0","0","0","0","0","0","0","0","0","0","0","0","0","0","0","0","0","0","0","0","0"
"0x7f696b5af760","      UIADD3 UR20, UPT, UPT, UR54, 0x406, URZ","0","0","0","148","4736","4736","32","32","0","0","0","-","-","-","0","0","0","0","0","0","0","0","-","0","0","0","0","0","0","0","0","0","0","0","0","0","0","0","0","0","0","0","0","0","0","0","0","0","0","0","0","0","0","0","0","0","0","0","0","0","0","0","0"
"0x7f696b5af770","      MOV R24, UR26","0","0","0","148","4736","4736","32","32","0","0","0","-","-","-","0","0","0","0","0","0","0","0","-","0","0","0","0","0","0","0","0","0","0","0","0","0","0","0","0","0","0","0","0","0","0","0","0","0","0","0","0","0","0","0","0","0","0","0","0","0","0","0","0"
"0x7f696b5af780","      UIADD3 UR18, UPT, UPT, UR54, 0x600, URZ","0","0","0","148","4736","4736","32","32","0","0","0","-","-","-","0","0","0","0","0","0","0","0","-","0","0","0","0","0","0","0","0","0","0","0","0","0","0","0","0","0","0","0","0","0","0","0","0","0","0","0","0","0","0","0","0","0","0","0","0","0","0","0","0"
"0x7f696b5af790","      MOV R22, UR24","0","0","0","148","4736","4736","32","32","0","0","0","-","-","-","0","0","0","0","0","0","0","0","-","0","0","0","0","0","0","0","0","0","0","0","0","0","0","0","0","0","0","0","0","0","0","0","0","0","0","0","0","0","0","0","0","0","0","0","0","0","0","0","0"
"0x7f696b5af7a0","      UIADD3 UR16, UPT, UPT, UR54, 0x602, URZ","0","0","0","148","4736","4736","32","32","0","0","0","-","-","-","0","0","0","0","0","0","0","0","-","0","0","0","0","0","0","0","0","0","0","0","0","0","0","0","0","0","0","0","0","0","0","0","0","0","0","0","0","0","0","0","0","0","0","0","0","0","0","0","0"
"0x7f696b5af7b0","      MOV R20, UR22","0","0","0","148","4736","4736","32","32","0","0","0","-","-","-","0","0","0","0","0","0","0","0","-","0","0","0","0","0","0","0","0","0","0","0","0","0","0","0","0","0","0","0","0","0","0","0","0","0","0","0","0","0","0","0","0","0","0","0","0","0","0","0","0"
"0x7f696b5af7c0","      ULOP3.LUT UR11, UR11, 0x3fff, URZ, 0xc0, !UPT","0","0","0","148","4736","4736","32","32","0","0","0","-","-","-","0","0","0","0","0","0","0","0","-","0","0","0","0","0","0","0","0","0","0","0","0","0","0","0","0","0","0","0","0","0","0","0","0","0","0","0","0","0","0","0","0","0","0","0","0","0","0","0","0"
"0x7f696b5af7d0","      MOV R18, UR20","0","0","0","148","4736","4736","32","32","0","0","0","-","-","-","0","0","0","0","0","0","0","0","-","0","0","0","0","0","0","0","0","0","0","0","0","0","0","0","0","0","0","0","0","0","0","0","0","0","0","0","0","0","0","0","0","0","0","0","0","0","0","0","0"
"0x7f696b5af7e0","      USHF.R.U32.HI UR10, URZ, 0x4, UR10","0","0","0","148","4736","4736","32","32","0","0","0","-","-","-","0","0","0","0","0","0","0","0","-","0","0","0","0","0","0","0","0","0","0","0","0","0","0","0","0","0","0","0","0","0","0","0","0","0","0","0","0","0","0","0","0","0","0","0","0","0","0","0","0"
"0x7f696b5af7f0","      MOV R16, UR18","0","0","0","148","4736","4736","32","32","0","0","0","-","-","-","0","0","0","0","0","0","0","0","-","0","0","0","0","0","0","0","0","0","0","0","0","0","0","0","0","0","0","0","0","0","0","0","0","0","0","0","0","0","0","0","0","0","0","0","0","0","0","0","0"
"0x7f696b5af800","      USHF.R.U32.HI UR9, URZ, 0x4, UR9","0","0","0","148","4736","4736","32","32","0","0","0","-","-","-","0","0","0","0","0","0","0","0","-","0","0","0","0","0","0","0","0","0","0","0","0","0","0","0","0","0","0","0","0","0","0","0","0","0","0","0","0","0","0","0","0","0","0","0","0","0","0","0","0"
"0x7f696b5af810","      MOV R14, UR16","0","0","0","148","4736","4736","32","32","0","0","0","-","-","-","0","0","0","0","0","0","0","0","-","0","0","0","0","0","0","0","0","0","0","0","0","0","0","0","0","0","0","0","0","0","0","0","0","0","0","0","0","0","0","0","0","0","0","0","0","0","0","0","0"
"0x7f696b5af820","      USHF.R.U32.HI UR6, URZ, 0x4, UR13","0","0","0","148","4736","4736","32","32","0","0","0","-","-","-","0","0","0","0","0","0","0","0","-","0","0","0","0","0","0","0","0","0","0","0","0","0","0","0","0","0","0","0","0","0","0","0","0","0","0","0","0","0","0","0","0","0","0","0","0","0","0","0","0"
"0x7f696b5af830","      USHF.R.U32.HI UR5, URZ, 0x4, UR14","0","0","0","148","4736","4736","32","32","0","0","0","-","-","-","0","0","0","0","0","0","0","0","-","0","0","0","0","0","0","0","0","0","0","0","0","0","0","0","0","0","0","0","0","0","0","0","0","0","0","0","0","0","0","0","0","0","0","0","0","0","0","0","0"
"0x7f696b5af840","      UMOV UR27, 0x40004040","0","0","0","148","4736","4736","32","32","0","0","0","-","-","-","0","0","0","0","0","0","0","0","-","0","0","0","0","0","0","0","0","0","0","0","0","0","0","0","0","0","0","0","0","0","0","0","0","0","0","0","0","0","0","0","0","0","0","0","0","0","0","0","0"
"0x7f696b5af850","      UMOV UR25, 0x40004040","0","0","0","148","4736","4736","32","32","0","0","0","-","-","-","0","0","0","0","0","0","0","0","-","0","0","0","0","0","0","0","0","0","0","0","0","0","0","0","0","0","0","0","0","0","0","0","0","0","0","0","0","0","0","0","0","0","0","0","0","0","0","0","0"
"0x7f696b5af860","      UMOV UR23, 0x40004040","0","0","0","148","4736","4736","32","32","0","0","0","-","-","-","0","0","0","0","0","0","0","0","-","0","0","0","0","0","0","0","0","0","0","0","0","0","0","0","0","0","0","0","0","0","0","0","0","0","0","0","0","0","0","0","0","0","0","0","0","0","0","0","0"
"0x7f696b5af870","      UMOV UR21, 0x40004040","0","0","0","148","4736","4736","32","32","0","0","0","-","-","-","0","0","0","0","0","0","0","0","-","0","0","0","0","0","0","0","0","0","0","0","0","0","0","0","0","0","0","0","0","0","0","0","0","0","0","0","0","0","0","0","0","0","0","0","0","0","0","0","0"
"0x7f696b5af880","      UMOV UR19, 0x40004040","0","0","0","148","4736","4736","32","32","0","0","0","-","-","-","0","0","0","0","0","0","0","0","-","0","0","0","0","0","0","0","0","0","0","0","0","0","0","0","0","0","0","0","0","0","0","0","0","0","0","0","0","0","0","0","0","0","0","0","0","0","0","0","0"
"0x7f696b5af890","      UMOV UR17, 0x40004040","0","0","0","148","4736","4736","32","32","0","0","0","-","-","-","0","0","0","0","0","0","0","0","-","0","0","0","0","0","0","0","0","0","0","0","0","0","0","0","0","0","0","0","0","0","0","0","0","0","0","0","0","0","0","0","0","0","0","0","0","0","0","0","0"
"0x7f696b5af8a0","      ULOP3.LUT UR56, UR11, 0x10000, URZ, 0xfc, !UPT","0","0","0","148","4736","4736","32","32","0","0","0","-","-","-","0","0","0","0","0","0","0","0","-","0","0","0","0","0","0","0","0","0","0","0","0","0","0","0","0","0","0","0","0","0","0","0","0","0","0","0","0","0","0","0","0","0","0","0","0","0","0","0","0"
"0x7f696b5af8b0","      IMAD.U32 R25, RZ, RZ, UR27","0","0","0","148","4736","4736","32","32","0","0","0","-","-","-","0","0","0","0","0","0","0","0","-","0","0","0","0","0","0","0","0","0","0","0","0","0","0","0","0","0","0","0","0","0","0","0","0","0","0","0","0","0","0","0","0","0","0","0","0","0","0","0","0"
"0x7f696b5af8c0","      ULOP3.LUT UR52, UR10, 0x3fff, URZ, 0xc0, !UPT","0","0","0","148","4736","4736","32","32","0","0","0","-","-","-","0","0","0","0","0","0","0","0","-","0","0","0","0","0","0","0","0","0","0","0","0","0","0","0","0","0","0","0","0","0","0","0","0","0","0","0","0","0","0","0","0","0","0","0","0","0","0","0","0"
"0x7f696b5af8d0","      IMAD.U32 R23, RZ, RZ, UR25","0","0","0","148","4736","4736","32","32","0","0","0","-","-","-","0","0","0","0","0","0","0","0","-","0","0","0","0","0","0","0","0","0","0","0","0","0","0","0","0","0","0","0","0","0","0","0","0","0","0","0","0","0","0","0","0","0","0","0","0","0","0","0","0"
"0x7f696b5af8e0","      ULOP3.LUT UR50, UR9, 0x3fff, URZ, 0xc0, !UPT","0","0","0","148","4736","4736","32","32","0","0","0","-","-","-","0","0","0","0","0","0","0","0","-","0","0","0","0","0","0","0","0","0","0","0","0","0","0","0","0","0","0","0","0","0","0","0","0","0","0","0","0","0","0","0","0","0","0","0","0","0","0","0","0"
"0x7f696b5af8f0","      IMAD.U32 R21, RZ, RZ, UR23","0","0","0","148","4736","4736","32","32","0","0","0","-","-","-","0","0","0","0","0","0","0","0","-","0","0","0","0","0","0","0","0","0","0","0","0","0","0","0","0","0","0","0","0","0","0","0","0","0","0","0","0","0","0","0","0","0","0","0","0","0","0","0","0"
"0x7f696b5af900","      ULOP3.LUT UR48, UR48, 0x3fff, URZ, 0xc0, !UPT","0","0","0","148","4736","4736","32","32","0","0","0","-","-","-","0","0","0","0","0","0","0","0","-","0","0","0","0","0","0","0","0","0","0","0","0","0","0","0","0","0","0","0","0","0","0","0","0","0","0","0","0","0","0","0","0","0","0","0","0","0","0","0","0"
"0x7f696b5af910","      IMAD.U32 R19, RZ, RZ, UR21","0","0","0","148","4736","4736","32","32","0","0","0","-","-","-","0","0","0","0","0","0","0","0","-","0","0","0","0","0","0","0","0","0","0","0","0","0","0","0","0","0","0","0","0","0","0","0","0","0","0","0","0","0","0","0","0","0","0","0","0","0","0","0","0"
"0x7f696b5af920","      ULOP3.LUT UR46, UR46, 0x3fff, URZ, 0xc0, !UPT","0","0","0","148","4736","4736","32","32","0","0","0","-","-","-","0","0","0","0","0","0","0","0","-","0","0","0","0","0","0","0","0","0","0","0","0","0","0","0","0","0","0","0","0","0","0","0","0","0","0","0","0","0","0","0","0","0","0","0","0","0","0","0","0"
"0x7f696b5af930","      IMAD.U32 R17, RZ, RZ, UR19","0","0","0","148","4736","4736","32","32","0","0","0","-","-","-","0","0","0","0","0","0","0","0","-","0","0","0","0","0","0","0","0","0","0","0","0","0","0","0","0","0","0","0","0","0","0","0","0","0","0","0","0","0","0","0","0","0","0","0","0","0","0","0","0"
"0x7f696b5af940","      ULOP3.LUT UR8, UR8, 0x3fff, URZ, 0xc0, !UPT","0","0","0","148","4736","4736","32","32","0","0","0","-","-","-","0","0","0","0","0","0","0","0","-","0","0","0","0","0","0","0","0","0","0","0","0","0","0","0","0","0","0","0","0","0","0","0","0","0","0","0","0","0","0","0","0","0","0","0","0","0","0","0","0"
"0x7f696b5af950","      IMAD.U32 R15, RZ, RZ, UR17","0","0","0","148","4736","4736","32","32","0","0","0","-","-","-","0","0","0","0","0","0","0","0","-","0","0","0","0","0","0","0","0","0","0","0","0","0","0","0","0","0","0","0","0","0","0","0","0","0","0","0","0","0","0","0","0","0","0","0","0","0","0","0","0"
"0x7f696b5af960","      ULOP3.LUT UR7, UR7, 0x3fff, URZ, 0xc0, !UPT","0","0","0","148","4736","4736","32","32","0","0","0","-","-","-","0","0","0","0","0","0","0","0","-","0","0","0","0","0","0","0","0","0","0","0","0","0","0","0","0","0","0","0","0","0","0","0","0","0","0","0","0","0","0","0","0","0","0","0","0","0","0","0","0"
"0x7f696b5af970","      ULOP3.LUT UR6, UR6, 0x3fff, URZ, 0xc0, !UPT","0","0","0","148","4736","4736","32","32","0","0","0","-","-","-","0","0","0","0","0","0","0","0","-","0","0","0","0","0","0","0","0","0","0","0","0","0","0","0","0","0","0","0","0","0","0","0","0","0","0","0","0","0","0","0","0","0","0","0","0","0","0","0","0"
"0x7f696b5af980","      ULOP3.LUT UR5, UR5, 0x3fff, URZ, 0xc0, !UPT","0","0","0","148","4736","4736","32","32","0","0","0","-","-","-","0","0","0","0","0","0","0","0","-","0","0","0","0","0","0","0","0","0","0","0","0","0","0","0","0","0","0","0","0","0","0","0","0","0","0","0","0","0","0","0","0","0","0","0","0","0","0","0","0"
"0x7f696b5af990","      UMOV UR33, URZ","0","0","0","148","4736","4736","32","32","0","0","0","-","-","-","0","0","0","0","0","0","0","0","-","0","0","0","0","0","0","0","0","0","0","0","0","0","0","0","0","0","0","0","0","0","0","0","0","0","0","0","0","0","0","0","0","0","0","0","0","0","0","0","0"
"0x7f696b5af9a0","      UMOV UR34, 0x0","0","0","0","148","4736","4736","32","32","0","0","0","-","-","-","0","0","0","0","0","0","0","0","-","0","0","0","0","0","0","0","0","0","0","0","0","0","0","0","0","0","0","0","0","0","0","0","0","0","0","0","0","0","0","0","0","0","0","0","0","0","0","0","0"
"0x7f696b5af9b0","      UMOV UR35, 0x4200010","0","0","0","148","4736","4736","32","32","0","0","0","-","-","-","0","0","0","0","0","0","0","0","-","0","0","0","0","0","0","0","0","0","0","0","0","0","0","0","0","0","0","0","0","0","0","0","0","0","0","0","0","0","0","0","0","0","0","0","0","0","0","0","0"
"0x7f696b5af9c0","      UMOV UR36, 0x0","0","0","0","148","4736","4736","32","32","0","0","0","-","-","-","0","0","0","0","0","0","0","0","-","0","0","0","0","0","0","0","0","0","0","0","0","0","0","0","0","0","0","0","0","0","0","0","0","0","0","0","0","0","0","0","0","0","0","0","0","0","0","0","0"
"0x7f696b5af9d0","      UMOV UR37, 0x4410010","0","0","0","148","4736","4736","32","32","0","0","0","-","-","-","0","0","0","0","0","0","0","0","-","0","0","0","0","0","0","0","0","0","0","0","0","0","0","0","0","0","0","0","0","0","0","0","0","0","0","0","0","0","0","0","0","0","0","0","0","0","0","0","0"
"0x7f696b5af9e0","      ULOP3.LUT UR52, UR52, 0x10000, URZ, 0xfc, !UPT","0","0","0","148","4736","4736","32","32","0","0","0","-","-","-","0","0","0","0","0","0","0","0","-","0","0","0","0","0","0","0","0","0","0","0","0","0","0","0","0","0","0","0","0","0","0","0","0","0","0","0","0","0","0","0","0","0","0","0","0","0","0","0","0"
"0x7f696b5af9f0","      ULOP3.LUT UR50, UR50, 0x10000, URZ, 0xfc, !UPT","0","0","0","148","4736","4736","32","32","0","0","0","-","-","-","0","0","0","0","0","0","0","0","-","0","0","0","0","0","0","0","0","0","0","0","0","0","0","0","0","0","0","0","0","0","0","0","0","0","0","0","0","0","0","0","0","0","0","0","0","0","0","0","0"
"0x7f696b5afa00","      ULOP3.LUT UR48, UR48, 0x10000, URZ, 0xfc, !UPT","0","0","0","148","4736","4736","32","32","0","0","0","-","-","-","0","0","0","0","0","0","0","0","-","0","0","0","0","0","0","0","0","0","0","0","0","0","0","0","0","0","0","0","0","0","0","0","0","0","0","0","0","0","0","0","0","0","0","0","0","0","0","0","0"
"0x7f696b5afa10","      ULOP3.LUT UR46, UR46, 0x10000, URZ, 0xfc, !UPT","0","0","0","148","4736","4736","32","32","0","0","0","-","-","-","0","0","0","0","0","0","0","0","-","0","0","0","0","0","0","0","0","0","0","0","0","0","0","0","0","0","0","0","0","0","0","0","0","0","0","0","0","0","0","0","0","0","0","0","0","0","0","0","0"
"0x7f696b5afa20","      ULOP3.LUT UR44, UR8, 0x10000, URZ, 0xfc, !UPT","0","0","0","148","4736","4736","32","32","0","0","0","-","-","-","0","0","0","0","0","0","0","0","-","0","0","0","0","0","0","0","0","0","0","0","0","0","0","0","0","0","0","0","0","0","0","0","0","0","0","0","0","0","0","0","0","0","0","0","0","0","0","0","0"
"0x7f696b5afa30","      ULOP3.LUT UR42, UR7, 0x10000, URZ, 0xfc, !UPT","0","0","0","148","4736","4736","32","32","0","0","0","-","-","-","0","0","0","0","0","0","0","0","-","0","0","0","0","0","0","0","0","0","0","0","0","0","0","0","0","0","0","0","0","0","0","0","0","0","0","0","0","0","0","0","0","0","0","0","0","0","0","0","0"
"0x7f696b5afa40","      ULOP3.LUT UR40, UR6, 0x10000, URZ, 0xfc, !UPT","0","0","0","148","4736","4736","32","32","0","0","0","-","-","-","0","0","0","0","0","0","0","0","-","0","0","0","0","0","0","0","0","0","0","0","0","0","0","0","0","0","0","0","0","0","0","0","0","0","0","0","0","0","0","0","0","0","0","0","0","0","0","0","0"
"0x7f696b5afa50","      ULOP3.LUT UR38, UR5, 0x10000, URZ, 0xfc, !UPT","0","0","0","148","4736","4736","32","32","0","0","0","-","-","-","0","0","0","0","0","0","0","0","-","0","0","0","0","0","0","0","0","0","0","0","0","0","0","0","0","0","0","0","0","0","0","0","0","0","0","0","0","0","0","0","0","0","0","0","0","0","0","0","0"
"0x7f696b5afa60","      UIADD3 UR76, UPT, UPT, UR54, 0x604, URZ","0","0","0","148","4736","4736","32","32","0","0","0","-","-","-","0","0","0","0","0","0","0","0","-","0","0","0","0","0","0","0","0","0","0","0","0","0","0","0","0","0","0","0","0","0","0","0","0","0","0","0","0","0","0","0","0","0","0","0","0","0","0","0","0"
"0x7f696b5afa70","      UIADD3 UR74, UPT, UPT, UR54, 0x606, URZ","0","0","0","148","4736","4736","32","32","0","0","0","-","-","-","0","0","0","0","0","0","0","0","-","0","0","0","0","0","0","0","0","0","0","0","0","0","0","0","0","0","0","0","0","0","0","0","0","0","0","0","0","0","0","0","0","0","0","0","0","0","0","0","0"
"0x7f696b5afa80","      UIADD3 UR72, UPT, UPT, UR54, 0x2, URZ","0","0","0","148","4736","4736","32","32","0","0","0","-","-","-","0","0","0","0","0","0","0","0","-","0","0","0","0","0","0","0","0","0","0","0","0","0","0","0","0","0","0","0","0","0","0","0","0","0","0","0","0","0","0","0","0","0","0","0","0","0","0","0","0"
"0x7f696b5afa90","      UIADD3 UR70, UPT, UPT, UR54, 0x6, URZ","0","0","0","148","4736","4736","32","32","0","0","0","-","-","-","0","0","0","0","0","0","0","0","-","0","0","0","0","0","0","0","0","0","0","0","0","0","0","0","0","0","0","0","0","0","0","0","0","0","0","0","0","0","0","0","0","0","0","0","0","0","0","0","0"
"0x7f696b5afaa0","      UIADD3 UR68, UPT, UPT, UR54, 0x200, URZ","0","0","0","148","4736","4736","32","32","0","0","0","-","-","-","0","0","0","0","0","0","0","0","-","0","0","0","0","0","0","0","0","0","0","0","0","0","0","0","0","0","0","0","0","0","0","0","0","0","0","0","0","0","0","0","0","0","0","0","0","0","0","0","0"
"0x7f696b5afab0","      UIADD3 UR66, UPT, UPT, UR54, 0x202, URZ","0","0","0","148","4736","4736","32","32","0","0","0","-","-","-","0","0","0","0","0","0","0","0","-","0","0","0","0","0","0","0","0","0","0","0","0","0","0","0","0","0","0","0","0","0","0","0","0","0","0","0","0","0","0","0","0","0","0","0","0","0","0","0","0"
"0x7f696b5afac0","      UIADD3 UR64, UPT, UPT, UR54, 0x204, URZ","0","0","0","148","4736","4736","32","32","0","0","0","-","-","-","0","0","0","0","0","0","0","0","-","0","0","0","0","0","0","0","0","0","0","0","0","0","0","0","0","0","0","0","0","0","0","0","0","0","0","0","0","0","0","0","0","0","0","0","0","0","0","0","0"
"0x7f696b5afad0","      UIADD3 UR62, UPT, UPT, UR54, 0x206, URZ","0","0","0","148","4736","4736","32","32","0","0","0","-","-","-","0","0","0","0","0","0","0","0","-","0","0","0","0","0","0","0","0","0","0","0","0","0","0","0","0","0","0","0","0","0","0","0","0","0","0","0","0","0","0","0","0","0","0","0","0","0","0","0","0"
"0x7f696b5afae0","      UIADD3 UR60, UPT, UPT, UR54, 0x400, URZ","0","0","0","148","4736","4736","32","32","0","0","0","-","-","-","0","0","0","0","0","0","0","0","-","0","0","0","0","0","0","0","0","0","0","0","0","0","0","0","0","0","0","0","0","0","0","0","0","0","0","0","0","0","0","0","0","0","0","0","0","0","0","0","0"
"0x7f696b5afaf0","      UMOV UR55, 0x40004040","0","0","0","148","4736","4736","32","32","0","0","0","-","-","-","0","0","0","0","0","0","0","0","-","0","0","0","0","0","0","0","0","0","0","0","0","0","0","0","0","0","0","0","0","0","0","0","0","0","0","0","0","0","0","0","0","0","0","0","0","0","0","0","0"
"0x7f696b5afb00","      UIADD3 UR58, UPT, UPT, UR56, 0x2, URZ","0","0","0","148","4736","4736","32","32","0","0","0","-","-","-","0","0","0","0","0","0","0","0","-","0","0","0","0","0","0","0","0","0","0","0","0","0","0","0","0","0","0","0","0","0","0","0","0","0","0","0","0","0","0","0","0","0","0","0","0","0","0","0","0"
"0x7f696b5afb10","      UMOV UR57, 0x80004020","0","0","0","148","4736","4736","32","32","0","0","0","-","-","-","0","0","0","0","0","0","0","0","-","0","0","0","0","0","0","0","0","0","0","0","0","0","0","0","0","0","0","0","0","0","0","0","0","0","0","0","0","0","0","0","0","0","0","0","0","0","0","0","0"
"0x7f696b5afb20","      UMOV UR53, 0x80004020","0","0","0","148","4736","4736","32","32","0","0","0","-","-","-","0","0","0","0","0","0","0","0","-","0","0","0","0","0","0","0","0","0","0","0","0","0","0","0","0","0","0","0","0","0","0","0","0","0","0","0","0","0","0","0","0","0","0","0","0","0","0","0","0"
"0x7f696b5afb30","      UMOV UR51, 0x80004020","0","0","0","148","4736","4736","32","32","0","0","0","-","-","-","0","0","0","0","0","0","0","0","-","0","0","0","0","0","0","0","0","0","0","0","0","0","0","0","0","0","0","0","0","0","0","0","0","0","0","0","0","0","0","0","0","0","0","0","0","0","0","0","0"
"0x7f696b5afb40","      UMOV UR49, 0x80004020","0","0","0","148","4736","4736","32","32","0","0","0","-","-","-","0","0","0","0","0","0","0","0","-","0","0","0","0","0","0","0","0","0","0","0","0","0","0","0","0","0","0","0","0","0","0","0","0","0","0","0","0","0","0","0","0","0","0","0","0","0","0","0","0"
"0x7f696b5afb50","      UMOV UR47, 0x80004020","0","0","0","148","4736","4736","32","32","0","0","0","-","-","-","0","0","0","0","0","0","0","0","-","0","0","0","0","0","0","0","0","0","0","0","0","0","0","0","0","0","0","0","0","0","0","0","0","0","0","0","0","0","0","0","0","0","0","0","0","0","0","0","0"
"0x7f696b5afb60","      UMOV UR45, 0x80004020","0","0","0","148","4736","4736","32","32","0","0","0","-","-","-","0","0","0","0","0","0","0","0","-","0","0","0","0","0","0","0","0","0","0","0","0","0","0","0","0","0","0","0","0","0","0","0","0","0","0","0","0","0","0","0","0","0","0","0","0","0","0","0","0"
"0x7f696b5afb70","      UMOV UR43, 0x80004020","0","0","0","148","4736","4736","32","32","0","0","0","-","-","-","0","0","0","0","0","0","0","0","-","0","0","0","0","0","0","0","0","0","0","0","0","0","0","0","0","0","0","0","0","0","0","0","0","0","0","0","0","0","0","0","0","0","0","0","0","0","0","0","0"
"0x7f696b5afb80","      UMOV UR41, 0x80004020","0","0","0","148","4736","4736","32","32","0","0","0","-","-","-","0","0","0","0","0","0","0","0","-","0","0","0","0","0","0","0","0","0","0","0","0","0","0","0","0","0","0","0","0","0","0","0","0","0","0","0","0","0","0","0","0","0","0","0","0","0","0","0","0"
"0x7f696b5afb90","      UMOV UR39, 0x80004020","0","0","0","148","4736","4736","32","32","0","0","0","-","-","-","0","0","0","0","0","0","0","0","-","0","0","0","0","0","0","0","0","0","0","0","0","0","0","0","0","0","0","0","0","0","0","0","0","0","0","0","0","0","0","0","0","0","0","0","0","0","0","0","0"
"0x7f696b5afba0","      UMOV UR77, 0x40004040","0","0","0","148","4736","4736","32","32","0","0","0","-","-","-","0","0","0","0","0","0","0","0","-","0","0","0","0","0","0","0","0","0","0","0","0","0","0","0","0","0","0","0","0","0","0","0","0","0","0","0","0","0","0","0","0","0","0","0","0","0","0","0","0"
"0x7f696b5afbb0","      UMOV UR75, 0x40004040","0","0","0","148","4736","4736","32","32","0","0","0","-","-","-","0","0","0","0","0","0","0","0","-","0","0","0","0","0","0","0","0","0","0","0","0","0","0","0","0","0","0","0","0","0","0","0","0","0","0","0","0","0","0","0","0","0","0","0","0","0","0","0","0"
"0x7f696b5afbc0","      UMOV UR73, 0x40004040","0","0","0","148","4736","4736","32","32","0","0","0","-","-","-","0","0","0","0","0","0","0","0","-","0","0","0","0","0","0","0","0","0","0","0","0","0","0","0","0","0","0","0","0","0","0","0","0","0","0","0","0","0","0","0","0","0","0","0","0","0","0","0","0"
"0x7f696b5afbd0","      UMOV UR71, 0x40004040","0","0","0","148","4736","4736","32","32","0","0","0","-","-","-","0","0","0","0","0","0","0","0","-","0","0","0","0","0","0","0","0","0","0","0","0","0","0","0","0","0","0","0","0","0","0","0","0","0","0","0","0","0","0","0","0","0","0","0","0","0","0","0","0"
"0x7f696b5afbe0","      UMOV UR69, 0x40004040","0","0","0","148","4736","4736","32","32","0","0","0","-","-","-","0","0","0","0","0","0","0","0","-","0","0","0","0","0","0","0","0","0","0","0","0","0","0","0","0","0","0","0","0","0","0","0","0","0","0","0","0","0","0","0","0","0","0","0","0","0","0","0","0"
"0x7f696b5afbf0","      UMOV UR67, 0x40004040","0","0","0","148","4736","4736","32","32","0","0","0","-","-","-","0","0","0","0","0","0","0","0","-","0","0","0","0","0","0","0","0","0","0","0","0","0","0","0","0","0","0","0","0","0","0","0","0","0","0","0","0","0","0","0","0","0","0","0","0","0","0","0","0"
"0x7f696b5afc00","      UMOV UR65, 0x40004040","0","0","0","148","4736","4736","32","32","0","0","0","-","-","-","0","0","0","0","0","0","0","0","-","0","0","0","0","0","0","0","0","0","0","0","0","0","0","0","0","0","0","0","0","0","0","0","0","0","0","0","0","0","0","0","0","0","0","0","0","0","0","0","0"
"0x7f696b5afc10","      UMOV UR63, 0x40004040","0","0","0","148","4736","4736","32","32","0","0","0","-","-","-","0","0","0","0","0","0","0","0","-","0","0","0","0","0","0","0","0","0","0","0","0","0","0","0","0","0","0","0","0","0","0","0","0","0","0","0","0","0","0","0","0","0","0","0","0","0","0","0","0"
"0x7f696b5afc20","      UMOV UR61, 0x40004040","0","0","0","148","4736","4736","32","32","0","0","0","-","-","-","0","0","0","0","0","0","0","0","-","0","0","0","0","0","0","0","0","0","0","0","0","0","0","0","0","0","0","0","0","0","0","0","0","0","0","0","0","0","0","0","0","0","0","0","0","0","0","0","0"
"0x7f696b5afc30","      UMOV UR59, 0x80004020","0","0","0","148","4736","4736","32","32","0","0","0","-","-","-","0","0","0","0","0","0","0","0","-","0","0","0","0","0","0","0","0","0","0","0","0","0","0","0","0","0","0","0","0","0","0","0","0","0","0","0","0","0","0","0","0","0","0","0","0","0","0","0","0"
"0x7f696b5afc40","      SHF.L.U32 R3, R5, 0x1f, RZ","2","2","2","8192","262144","262144","32","32","0","0","0","-","-","-","0","0","0","0","0","0","0","0","-","0","0","0","0","0","0","0","0","0","0","0","0","0","0","0","0","2","0","0","0","0","0","0","0","0","0","0","0","0","0","0","0","0","2","0","0","0","0","0","0"
"0x7f696b5afc50","      LDS R0, [UR4+0x31940]","0","0","0","8192","262144","262144","32","32","0","0","0","Shared","Load","32","0","1","0","8192","8192","0","0","0","-","0","0","0","0","0","0","0","0","0","0","0","0","0","0","0","0","0","0","0","0","0","0","0","0","0","0","0","0","0","0","0","0","0","0","0","0","0","0","0","0"
"0x7f696b5afc60","      LDC.64 R12, c[0x0][0x398]","0","0","0","8192","262144","262144","32","32","0","0","0","-","-","-","0","0","0","0","0","0","0","0","-","0","0","0","0","0","0","0","0","0","0","0","0","0","0","0","0","0","0","0","0","0","0","0","0","0","0","0","0","0","0","0","0","0","0","0","0","0","0","0","0"
"0x7f696b5afc70","      SYNCS.PHASECHK.TRANS64.TRYWAIT P0, [UR4+0x31938], R3","0","0","0","8192","262144","262144","32","32","0","0","0","-","-","-","0","0","0","0","0","0","0","0","-","0","0","0","0","0","0","0","0","0","0","0","0","0","0","0","0","0","0","0","0","0","0","0","0","0","0","0","0","0","0","0","0","0","0","0","0","0","0","0","0"
"0x7f696b5afc80","      IMAD.WIDE R12, R6, 0x4, R12","6","5","6","8192","262144","262144","32","32","0","0","0","-","-","-","0","0","0","0","0","0","0","0","-","0","0","0","0","0","0","0","0","0","0","0","0","0","0","0","0","0","0","1","5","0","0","0","0","0","0","0","0","0","0","0","0","0","0","0","0","5","0","0","0"
"0x7f696b5afc90","@!P0  BRA 0x7f696b5b3be0","263","184","263","8192","262144","257440","32","31","1","1","0","-","-","-","0","0","0","0","0","0","0","0","-","0","0","0","0","0","0","0","0","0","0","0","263","0","0","0","0","0","0","0","0","0","0","0","0","0","0","0","0","184","0","0","0","0","0","0","0","0","0","0","0"
"0x7f696b5afca0","      LDCU.64 UR6, c[0x0][0x358]","0","0","0","8192","262144","262144","32","32","1","0","0","-","-","-","0","0","0","0","0","0","0","0","-","0","0","0","0","0","0","0","0","0","0","0","0","0","0","0","0","0","0","0","0","0","0","0","0","0","0","0","0","0","0","0","0","0","0","0","0","0","0","0","0"
"0x7f696b5afcb0","      LDG.E R3, desc[UR6][R12.64]","6","5","6","8192","262144","262144","32","32","0","0","0","Global","Load","32","8192","0","0","0","0","0","8192","8192","","0","0","0","0","0","0","0","0","0","0","0","0","0","0","1","0","0","1","0","4","0","0","0","0","0","0","0","0","0","0","0","1","0","0","0","0","4","0","0","0"
"0x7f696b5afcc0","      R2UR UR27, R0","0","0","0","8192","262144","262144","32","32","0","0","0","-","-","-","0","0","0","0","0","0","0","0","-","0","0","0","0","0","0","0","0","0","0","0","0","0","0","0","0","0","0","0","0","0","0","0","0","0","0","0","0","0","0","0","0","0","0","0","0","0","0","0","0"
"0x7f696b5afcd0","      SHF.R.S32.HI R4, RZ, 0x1f, R3","130","126","130","8192","262144","262144","32","32","0","0","0","-","-","-","0","0","0","0","0","0","0","0","-","0","0","0","0","0","0","0","0","0","0","0","130","0","0","0","0","0","0","0","0","0","0","0","0","0","0","0","0","126","0","0","0","0","0","0","0","0","0","0","0"
"0x7f696b5afce0","      R2UR UR5, R3","1","0","1","8192","262144","262144","32","32","0","0","0","-","-","-","0","0","0","0","0","0","0","0","-","0","0","0","0","0","0","0","0","0","0","0","0","0","0","0","0","0","0","1","0","0","0","0","0","0","0","0","0","0","0","0","0","0","0","0","0","0","0","0","0"
"0x7f696b5afcf0","      LEA.HI R4, R4, R3, RZ, 0x7","1","0","1","8192","262144","262144","32","32","0","0","0","-","-","-","0","0","0","0","0","0","0","0","-","0","0","0","0","0","0","0","0","0","0","0","0","0","0","0","0","0","1","0","0","0","0","0","0","0","0","0","0","0","0","0","0","0","0","0","0","0","0","0","0"
"0x7f696b5afd00","      LOP3.LUT R2, R4, 0xffffff80, RZ, 0xc0, !PT","0","0","0","8192","262144","262144","32","32","0","0","0","-","-","-","0","0","0","0","0","0","0","0","-","0","0","0","0","0","0","0","0","0","0","0","0","0","0","0","0","0","0","0","0","0","0","0","0","0","0","0","0","0","0","0","0","0","0","0","0","0","0","0","0"
"0x7f696b5afd10","      ISETP.NE.U32.AND P0, PT, R3, R2, PT","0","0","0","8192","262144","262144","32","32","0","0","0","-","-","-","0","0","0","0","0","0","0","0","-","0","0","0","0","0","0","0","0","0","0","0","0","0","0","0","0","0","0","0","0","0","0","0","0","0","0","0","0","0","0","0","0","0","0","0","0","0","0","0","0"
"0x7f696b5afd20","      SHF.R.S32.HI R2, RZ, 0x7, R4","1","0","1","8192","262144","262144","32","32","0","0","0","-","-","-","0","0","0","0","0","0","0","0","-","0","0","0","0","0","0","0","0","0","0","0","0","0","0","0","0","0","0","1","0","0","0","0","0","0","0","0","0","0","0","0","0","0","0","0","0","0","0","0","0"
"0x7f696b5afd30","      ISETP.GT.AND P0, PT, R3, -0x1, P0","0","0","0","8192","262144","262144","32","32","0","0","0","-","-","-","0","0","0","0","0","0","0","0","-","0","0","0","0","0","0","0","0","0","0","0","0","0","0","0","0","0","0","0","0","0","0","0","0","0","0","0","0","0","0","0","0","0","0","0","0","0","0","0","0"
"0x7f696b5afd40","      LEA.HI.SX32 R4, R4, 0x1, 0x19","0","0","0","8192","262144","262144","32","32","0","0","0","-","-","-","0","0","0","0","0","0","0","0","-","0","0","0","0","0","0","0","0","0","0","0","0","0","0","0","0","0","0","0","0","0","0","0","0","0","0","0","0","0","0","0","0","0","0","0","0","0","0","0","0"
"0x7f696b5afd50","@!P0  IMAD.MOV R4, RZ, RZ, R2","1","1","1","8192","262144","262144","32","32","0","0","0","-","-","-","0","0","0","0","0","0","0","0","-","0","0","0","0","0","0","0","0","0","0","0","0","0","0","0","0","0","0","0","0","0","0","1","0","0","0","0","0","0","0","0","0","0","0","0","0","0","0","0","1"
"0x7f696b5afd60","      ISETP.GE.AND P0, PT, R4, 0x1, PT","0","0","0","8192","262144","262144","32","32","0","0","0","-","-","-","0","0","0","0","0","0","0","0","-","0","0","0","0","0","0","0","0","0","0","0","0","0","0","0","0","0","0","0","0","0","0","0","0","0","0","0","0","0","0","0","0","0","0","0","0","0","0","0","0"
"0x7f696b5afd70","@!P0  BRA 0x7f696b5b0750","1","1","1","8192","262144","0","32","0","32","32","0","-","-","-","0","0","0","0","0","0","0","0","-","0","0","0","0","0","0","0","0","0","0","0","0","0","0","0","0","0","0","0","0","0","0","1","0","0","0","0","0","0","0","0","0","0","0","0","0","0","0","0","1"
"0x7f696b5afd80","      ULEA.HI UR5, UR33, UR33, URZ, 0x1","0","0","0","8192","262144","262144","32","32","32","0","0","-","-","-","0","0","0","0","0","0","0","0","-","0","0","0","0","0","0","0","0","0","0","0","0","0","0","0","0","0","0","0","0","0","0","0","0","0","0","0","0","0","0","0","0","0","0","0","0","0","0","0","0"
"0x7f696b5afd90","      UIADD3 UR26, UPT, UPT, UR27, 0x100, URZ","0","0","0","8192","262144","262144","32","32","0","0","0","-","-","-","0","0","0","0","0","0","0","0","-","0","0","0","0","0","0","0","0","0","0","0","0","0","0","0","0","0","0","0","0","0","0","0","0","0","0","0","0","0","0","0","0","0","0","0","0","0","0","0","0"
"0x7f696b5afda0","      ULOP3.LUT UR6, UR5, 0xfffffffe, URZ, 0xc0, !UPT","1","1","1","8192","262144","262144","32","32","0","0","0","-","-","-","0","0","0","0","0","0","0","0","-","0","0","0","0","0","0","0","0","0","0","0","0","0","0","0","0","0","0","0","0","0","0","1","0","0","0","0","0","0","0","0","0","0","0","0","0","0","0","0","1"
"0x7f696b5afdb0","      USHF.R.S32.HI UR7, URZ, 0x1, UR5","0","0","0","8192","262144","262144","32","32","0","0","0","-","-","-","0","0","0","0","0","0","0","0","-","0","0","0","0","0","0","0","0","0","0","0","0","0","0","0","0","0","0","0","0","0","0","0","0","0","0","0","0","0","0","0","0","0","0","0","0","0","0","0","0"
"0x7f696b5afdc0","      UIADD3 UR5, UPT, UPT, -UR6, UR33, URZ","1","0","1","8192","262144","262144","32","32","0","0","0","-","-","-","0","0","0","0","0","0","0","0","-","0","0","0","0","0","0","0","0","0","0","0","0","0","0","0","0","0","0","1","0","0","0","0","0","0","0","0","0","0","0","0","0","0","0","0","0","0","0","0","0"
"0x7f696b5afdd0","      UIADD3 UR30, UPT, UPT, UR27, 0x80, URZ","0","0","0","8192","262144","262144","32","32","0","0","0","-","-","-","0","0","0","0","0","0","0","0","-","0","0","0","0","0","0","0","0","0","0","0","0","0","0","0","0","0","0","0","0","0","0","0","0","0","0","0","0","0","0","0","0","0","0","0","0","0","0","0","0"
"0x7f696b5afde0","      MOV R3, UR7","1","0","1","8192","262144","262144","32","32","0","0","0","-","-","-","0","0","0","0","0","0","0","0","-","0","0","0","0","0","0","0","0","0","0","0","0","0","0","0","0","0","0","1","0","0","0","0","0","0","0","0","0","0","0","0","0","0","0","0","0","0","0","0","0"
"0x7f696b5afdf0","      UMOV UR31, URZ","0","0","0","8192","262144","262144","32","32","0","0","0","-","-","-","0","0","0","0","0","0","0","0","-","0","0","0","0","0","0","0","0","0","0","0","0","0","0","0","0","0","0","0","0","0","0","0","0","0","0","0","0","0","0","0","0","0","0","0","0","0","0","0","0"
"0x7f696b5afe00","      MOV R2, UR5","0","0","0","8192","262144","262144","32","32","0","0","0","-","-","-","0","0","0","0","0","0","0","0","-","0","0","0","0","0","0","0","0","0","0","0","0","0","0","0","0","0","0","0","0","0","0","0","0","0","0","0","0","0","0","0","0","0","0","0","0","0","0","0","0"
"0x7f696b5afe10","      UIADD3 UR5, UPT, UPT, UR31, UR33, URZ","34","33","34","131072","4194304","4194304","32","32","0","0","0","-","-","-","0","0","0","0","0","0","0","0","-","0","0","0","0","0","0","0","8","0","0","0","0","0","0","0","0","25","1","0","0","0","0","0","0","8","0","0","0","0","0","0","0","0","25","0","0","0","0","0","0"
"0x7f696b5afe20","      IMAD.SHL.U32 R0, R3, 0x2, RZ","0","0","0","131072","4194304","4194304","32","32","0","0","0","-","-","-","0","0","0","0","0","0","0","0","-","0","0","0","0","0","0","0","0","0","0","0","0","0","0","0","0","0","0","0","0","0","0","0","0","0","0","0","0","0","0","0","0","0","0","0","0","0","0","0","0"
"0x7f696b5afe30","      VIADD R9, R3, 0xffffffff","4","2","4","131072","4194304","4194304","32","32","0","0","0","-","-","-","0","0","0","0","0","0","0","0","-","0","0","0","0","0","0","0","0","0","0","0","0","0","0","0","0","0","0","2","0","0","0","2","0","0","0","0","0","0","0","0","0","0","0","0","0","0","0","0","2"
"0x7f696b5afe40","      ULEA.HI UR6, UR5, UR5, URZ, 0x1","2","0","2","131072","4194304","4194304","32","32","0","0","0","-","-","-","0","0","0","0","0","0","0","0","-","0","0","0","0","0","0","0","0","0","0","0","0","0","0","0","0","0","0","2","0","0","0","0","0","0","0","0","0","0","0","0","0","0","0","0","0","0","0","0","0"
"0x7f696b5afe50","      ISETP.NE.U32.AND P0, PT, R0, UR5, PT","4","0","4","131072","4194304","4194304","32","32","0","0","0","-","-","-","0","0","0","0","0","0","0","0","-","0","0","0","0","0","0","0","0","0","0","0","0","0","0","0","0","0","0","4","0","0","0","0","0","0","0","0","0","0","0","0","0","0","0","0","0","0","0","0","0"
"0x7f696b5afe60","      ULOP3.LUT UR6, UR6, 0xfffffffe, URZ, 0xc0, !UPT","6","3","6","131072","4194304","4194304","32","32","0","0","0","-","-","-","0","0","0","0","0","0","0","0","-","0","0","0","0","0","0","0","0","0","0","0","0","0","0","0","0","0","0","3","0","0","0","3","0","0","0","0","0","0","0","0","0","0","0","0","0","0","0","0","3"
"0x7f696b5afe70","      ISETP.GT.AND P0, PT, RZ, UR5, P0","6","1","6","131072","4194304","4194304","32","32","0","0","0","-","-","-","0","0","0","0","0","0","0","0","-","0","0","0","0","0","0","0","0","0","0","0","0","0","0","0","0","0","0","5","0","0","0","1","0","0","0","0","0","0","0","0","0","0","0","0","0","0","0","0","1"
"0x7f696b5afe80","      UIADD3 UR5, UPT, UPT, UR5, -UR6, URZ","3","0","3","131072","4194304","4194304","32","32","0","0","0","-","-","-","0","0","0","0","0","0","0","0","-","0","0","0","0","0","0","0","0","0","0","0","0","0","0","0","0","0","0","3","0","0","0","0","0","0","0","0","0","0","0","0","0","0","0","0","0","0","0","0","0"
"0x7f696b5afe90","      ULEA UR6, UR5, UR4, 0x3","5","3","5","131072","4194304","4194304","32","32","0","0","0","-","-","-","0","0","0","0","0","0","0","0","-","0","0","0","0","0","0","0","0","0","0","0","0","0","0","0","0","0","0","2","0","0","0","3","0","0","0","0","0","0","0","0","0","0","0","0","0","0","0","0","3"
"0x7f696b5afea0","@!P0  IMAD.MOV R9, RZ, RZ, R3","12","11","12","131072","4194304","4194304","32","32","0","0","0","-","-","-","0","0","0","0","0","0","0","0","-","0","0","0","0","0","0","0","0","0","0","0","0","0","0","0","0","0","0","1","0","0","0","11","0","0","0","0","0","0","0","0","0","0","0","0","0","0","0","0","11"
"0x7f696b5afeb0","      LEA.HI R0, R9, R9, RZ, 0x1","5","3","5","131072","4194304","4194304","32","32","0","0","0","-","-","-","0","0","0","0","0","0","0","0","-","0","0","0","0","0","0","0","0","0","0","0","0","0","0","0","0","0","0","2","0","0","0","3","0","0","0","0","0","0","0","0","0","0","0","0","0","0","0","0","3"
"0x7f696b5afec0","      LOP3.LUT R0, R0, 0xfffffffe, RZ, 0xc0, !PT","6","5","6","131072","4194304","4194304","32","32","0","0","0","-","-","-","0","0","0","0","0","0","0","0","-","0","0","0","0","0","0","0","0","0","0","0","0","0","0","0","0","0","0","1","0","0","0","5","0","0","0","0","0","0","0","0","0","0","0","0","0","0","0","0","5"
"0x7f696b5afed0","      IMAD.IADD R0, R9, 0x1, -R0","10","10","10","131072","4194304","4194304","32","32","0","0","0","-","-","-","0","0","0","0","0","0","0","0","-","0","0","0","0","0","0","0","0","0","0","0","0","0","0","0","0","0","0","0","0","0","0","10","0","0","0","0","0","0","0","0","0","0","0","0","0","0","0","0","10"
"0x7f696b5afee0","      SHF.L.U32 R7, R0, 0x1f, RZ","13","8","13","131072","4194304","4194304","32","32","0","0","0","-","-","-","0","0","0","0","0","0","0","0","-","0","0","0","0","0","0","0","0","0","0","0","0","0","0","0","0","0","0","5","0","0","0","8","0","0","0","0","0","0","0","0","0","0","0","0","0","0","0","0","8"
"0x7f696b5afef0","      SYNCS.PHASECHK.TRANS64.TRYWAIT P0, [UR6+0x31948], R7","10","7","10","131072","4194304","4194304","32","32","0","0","0","-","-","-","0","0","0","0","0","0","0","0","-","0","0","0","0","0","0","0","0","0","0","0","0","0","0","0","0","0","0","3","0","0","0","7","0","0","0","0","0","0","0","0","0","0","0","0","0","0","0","0","7"
"0x7f696b5aff00","@!P0  BRA 0x7f696b5b3c40","260","257","260","131072","4194304","248608","32","1","31","31","0","-","-","-","0","0","0","0","0","0","0","0","-","0","0","0","0","0","0","0","0","0","0","0","56","0","0","0","0","0","0","2","201","0","0","1","0","0","0","0","0","55","0","0","0","0","0","0","0","201","0","0","1"
"0x7f696b5aff10","      ULEA UR6, UR5, UR4, 0x10","10","9","10","131072","4194304","4194304","32","32","31","0","0","-","-","-","0","0","0","0","0","0","0","0","-","0","0","0","0","0","0","0","0","0","0","0","0","0","0","0","0","0","0","1","0","0","0","9","0","0","0","0","0","0","0","0","0","0","0","0","0","0","0","0","9"
"0x7f696b5aff20","      NOP","2","0","2","131072","4194304","4194304","32","32","0","0","0","-","-","-","0","0","0","0","0","0","0","0","-","0","0","0","0","0","0","0","0","0","0","0","0","0","0","0","0","0","0","2","0","0","0","0","0","0","0","0","0","0","0","0","0","0","0","0","0","0","0","0","0"
"0x7f696b5aff30","      MEMBAR.ALL.CTA","2","0","2","131072","4194304","4194304","32","32","0","0","0","-","-","-","0","0","0","0","0","0","0","0","-","0","0","0","0","0","0","0","0","0","0","0","0","0","0","0","0","0","0","2","0","0","0","0","0","0","0","0","0","0","0","0","0","0","0","0","0","0","0","0","0"
"0x7f696b5aff40","      FENCE.VIEW.ASYNC.S","21","16","21","131072","4194304","4194304","32","32","0","0","0","-","-","-","0","0","0","0","0","0","0","0","-","0","0","0","0","0","0","0","0","0","0","0","11","0","0","0","0","0","1","2","0","0","0","7","0","0","0","0","0","10","0","0","0","0","0","0","0","0","0","0","6"
"0x7f696b5aff50","      UMOV UR13, 0x40004040","0","0","0","131072","4194304","4194304","32","32","0","0","0","-","-","-","0","0","0","0","0","0","0","0","-","0","0","0","0","0","0","0","0","0","0","0","0","0","0","0","0","0","0","0","0","0","0","0","0","0","0","0","0","0","0","0","0","0","0","0","0","0","0","0","0"
"0x7f696b5aff60","      UIADD3 UR32, UPT, UPT, UR6, 0x9000, URZ","5","0","5","131072","4194304","4194304","32","32","0","0","0","-","-","-","0","0","0","0","0","0","0","0","-","0","0","0","0","0","0","0","0","0","0","0","0","0","0","0","0","0","0","5","0","0","0","0","0","0","0","0","0","0","0","0","0","0","0","0","0","0","0","0","0"
"0x7f696b5aff70","      IMAD.U32 R0, RZ, RZ, UR5","1","0","1","131072","4194304","4194304","32","32","0","0","0","-","-","-","0","0","0","0","0","0","0","0","-","0","0","0","0","0","0","0","0","0","0","0","0","0","0","0","0","0","0","1","0","0","0","0","0","0","0","0","0","0","0","0","0","0","0","0","0","0","0","0","0"
"0x7f696b5aff80","      ULEA UR6, UR5, UR4, 0xd","5","0","5","131072","4194304","4194304","32","32","0","0","0","-","-","-","0","0","0","0","0","0","0","0","-","0","0","0","0","0","0","0","0","0","0","0","0","0","0","0","0","0","0","5","0","0","0","0","0","0","0","0","0","0","0","0","0","0","0","0","0","0","0","0","0"
"0x7f696b5aff90","      MOV.SPILL R7, UR30","1","0","1","131072","4194304","4194304","32","32","0","0","0","-","-","-","0","0","0","0","0","0","0","0","-","0","0","0","0","0","0","0","0","0","0","0","0","0","0","0","0","0","0","1","0","0","0","0","0","0","0","0","0","0","0","0","0","0","0","0","0","0","0","0","0"
"0x7f696b5affa0","      USHF.R.U32.HI UR7, URZ, 0x4, UR32","4","0","4","131072","4194304","4194304","32","32","0","0","0","-","-","-","0","0","0","0","0","0","0","0","-","0","0","0","0","0","0","0","0","0","0","0","0","0","0","0","0","0","0","4","0","0","0","0","0","0","0","0","0","0","0","0","0","0","0","0","0","0","0","0","0"
"0x7f696b5affb0","      R2UR UR30, R20","2","0","2","131072","4194304","4194304","32","32","0","0","0","-","-","-","0","0","0","0","0","0","0","0","-","0","0","0","0","0","0","0","0","0","0","0","0","0","0","0","0","0","0","2","0","0","0","0","0","0","0","0","0","0","0","0","0","0","0","0","0","0","0","0","0"
"0x7f696b5affc0","      UIADD3 UR8, UPT, UPT, UR6, 0x29000, URZ","2","0","2","131072","4194304","4194304","32","32","0","0","0","-","-","-","0","0","0","0","0","0","0","0","-","0","0","0","0","0","0","0","0","0","0","0","0","0","0","0","0","0","0","2","0","0","0","0","0","0","0","0","0","0","0","0","0","0","0","0","0","0","0","0","0"
"0x7f696b5affd0","      MOV.SPILL R10, UR37","2","0","2","131072","4194304","4194304","32","32","0","0","0","-","-","-","0","0","0","0","0","0","0","0","-","0","0","0","0","0","0","0","0","0","0","0","0","0","0","0","0","0","0","2","0","0","0","0","0","0","0","0","0","0","0","0","0","0","0","0","0","0","0","0","0"
"0x7f696b5affe0","      UMOV UR19, 0x40004040","1","0","1","131072","4194304","4194304","32","32","0","0","0","-","-","-","0","0","0","0","0","0","0","0","-","0","0","0","0","0","0","0","0","0","0","0","0","0","0","0","0","0","0","1","0","0","0","0","0","0","0","0","0","0","0","0","0","0","0","0","0","0","0","0","0"
"0x7f696b5afff0","      R2UR UR37, R25","2","0","2","131072","4194304","4194304","32","32","0","0","0","-","-","-","0","0","0","0","0","0","0","0","-","0","0","0","0","0","0","0","0","0","0","0","0","0","0","0","0","0","0","2","0","0","0","0","0","0","0","0","0","0","0","0","0","0","0","0","0","0","0","0","0"
"0x7f696b5b0000","      USHF.R.U32.HI UR5, URZ, 0x4, UR8","2","0","2","131072","4194304","4194304","32","32","0","0","0","-","-","-","0","0","0","0","0","0","0","0","-","0","0","0","0","0","0","0","0","0","0","0","0","0","0","0","0","0","0","2","0","0","0","0","0","0","0","0","0","0","0","0","0","0","0","0","0","0","0","0","0"
"0x7f696b5b0010","      MOV.SPILL R9, UR36","0","0","0","131072","4194304","4194304","32","32","0","0","0","-","-","-","0","0","0","0","0","0","0","0","-","0","0","0","0","0","0","0","0","0","0","0","0","0","0","0","0","0","0","0","0","0","0","0","0","0","0","0","0","0","0","0","0","0","0","0","0","0","0","0","0"
"0x7f696b5b0020","      UMOV UR25, 0x40004040","1","0","1","131072","4194304","4194304","32","32","0","0","0","-","-","-","0","0","0","0","0","0","0","0","-","0","0","0","0","0","0","0","0","0","0","0","0","0","0","0","0","0","0","1","0","0","0","0","0","0","0","0","0","0","0","0","0","0","0","0","0","0","0","0","0"
"0x7f696b5b0030","      R2UR UR36, R24","6","0","6","131072","4194304","4194304","32","32","0","0","0","-","-","-","0","0","0","0","0","0","0","0","-","0","0","0","0","0","0","0","0","2","0","0","0","0","0","0","0","0","0","4","0","0","0","0","0","0","0","0","0","0","0","0","0","0","0","0","0","0","0","0","0"
"0x7f696b5b0040","      UMOV UR11, 0x40004040","5","0","5","131072","4194304","4194304","32","32","0","0","0","-","-","-","0","0","0","0","0","0","0","0","-","0","0","0","0","0","0","0","0","0","0","0","0","0","0","0","0","0","0","5","0","0","0","0","0","0","0","0","0","0","0","0","0","0","0","0","0","0","0","0","0"
"0x7f696b5b0050","      UMOV UR15, 0x40004040","2","0","2","131072","4194304","4194304","32","32","0","0","0","-","-","-","0","0","0","0","0","0","0","0","-","0","0","0","0","0","0","0","0","0","0","0","0","0","0","0","0","0","0","2","0","0","0","0","0","0","0","0","0","0","0","0","0","0","0","0","0","0","0","0","0"
"0x7f696b5b0060","      UMOV UR23, 0x40004040","0","0","0","131072","4194304","4194304","32","32","0","0","0","-","-","-","0","0","0","0","0","0","0","0","-","0","0","0","0","0","0","0","0","0","0","0","0","0","0","0","0","0","0","0","0","0","0","0","0","0","0","0","0","0","0","0","0","0","0","0","0","0","0","0","0"
"0x7f696b5b0070","      UMOV UR9, 0x40004040","0","0","0","131072","4194304","4194304","32","32","0","0","0","-","-","-","0","0","0","0","0","0","0","0","-","0","0","0","0","0","0","0","0","0","0","0","0","0","0","0","0","0","0","0","0","0","0","0","0","0","0","0","0","0","0","0","0","0","0","0","0","0","0","0","0"
"0x7f696b5b0080","      UMOV UR17, 0x40004040","2","1","2","131072","4194304","4194304","32","32","0","0","0","-","-","-","0","0","0","0","0","0","0","0","-","0","0","0","0","0","0","0","0","0","0","0","0","0","0","0","0","1","0","1","0","0","0","0","0","0","0","0","0","0","0","0","0","0","1","0","0","0","0","0","0"
"0x7f696b5b0090","      UMOV UR21, 0x40004040","6","0","6","131072","4194304","4194304","32","32","0","0","0","-","-","-","0","0","0","0","0","0","0","0","-","0","0","0","0","0","0","0","0","3","0","0","0","0","0","0","0","0","0","3","0","0","0","0","0","0","0","0","0","0","0","0","0","0","0","0","0","0","0","0","0"
"0x7f696b5b00a0","      UMOV UR29, 0x80004020","8","0","8","131072","4194304","4194304","32","32","0","0","0","-","-","-","0","0","0","0","0","0","0","0","-","0","0","0","0","0","0","0","0","2","0","0","0","0","0","0","0","0","0","6","0","0","0","0","0","0","0","0","0","0","0","0","0","0","0","0","0","0","0","0","0"
"0x7f696b5b00b0","      UMOV UR28, 0x3fff","2","0","2","131072","4194304","4194304","32","32","0","0","0","-","-","-","0","0","0","0","0","0","0","0","-","0","0","0","0","0","0","0","0","0","0","0","0","0","0","0","0","0","0","2","0","0","0","0","0","0","0","0","0","0","0","0","0","0","0","0","0","0","0","0","0"
"0x7f696b5b00c0","      MOV.SPILL R8, UR31","11","0","11","131072","4194304","4194304","32","32","0","0","0","-","-","-","0","0","0","0","0","0","0","0","-","0","0","0","0","0","0","0","0","4","0","0","0","0","0","0","0","0","0","7","0","0","0","0","0","0","0","0","0","0","0","0","0","0","0","0","0","0","0","0","0"
"0x7f696b5b00d0","      ULOP3.LUT UR6, UR7, 0x10000, UR28, 0xec, !UPT","1","0","1","131072","4194304","4194304","32","32","0","0","0","-","-","-","0","0","0","0","0","0","0","0","-","0","0","0","0","0","0","0","0","0","0","0","0","0","0","0","0","0","0","1","0","0","0","0","0","0","0","0","0","0","0","0","0","0","0","0","0","0","0","0","0"
"0x7f696b5b00e0","      R2UR UR31, R21","3","0","3","131072","4194304","4194304","32","32","0","0","0","-","-","-","0","0","0","0","0","0","0","0","-","0","0","0","0","0","0","0","0","0","0","0","0","0","0","0","0","0","0","3","0","0","0","0","0","0","0","0","0","0","0","0","0","0","0","0","0","0","0","0","0"
"0x7f696b5b00f0","      ULOP3.LUT UR28, UR5, 0x10000, UR28, 0xec, !UPT","6","0","6","131072","4194304","4194304","32","32","0","0","0","-","-","-","0","0","0","0","0","0","0","0","-","0","0","0","0","0","0","0","0","3","0","0","0","0","0","0","0","0","0","3","0","0","0","0","0","0","0","0","0","0","0","0","0","0","0","0","0","0","0","0","0"
"0x7f696b5b0100","      UIADD3 UR12, UPT, UPT, UR6, 0x2, URZ","3","0","3","131072","4194304","4194304","32","32","0","0","0","-","-","-","0","0","0","0","0","0","0","0","-","0","0","0","0","0","0","0","0","0","0","0","0","0","0","0","0","0","0","3","0","0","0","0","0","0","0","0","0","0","0","0","0","0","0","0","0","0","0","0","0"
"0x7f696b5b0110","      UIADD3 UR18, UPT, UPT, UR6, 0x4, URZ","2","1","2","131072","4194304","4194304","32","32","0","0","0","-","-","-","0","0","0","0","0","0","0","0","-","0","0","0","0","0","0","0","0","0","0","0","0","0","0","0","0","0","0","1","0","0","0","1","0","0","0","0","0","0","0","0","0","0","0","0","0","0","0","0","1"
"0x7f696b5b0120","      UIADD3 UR24, UPT, UPT, UR6, 0x6, URZ","4","1","4","131072","4194304","4194304","32","32","0","0","0","-","-","-","0","0","0","0","0","0","0","0","-","0","0","0","0","0","0","0","0","0","0","0","0","0","0","0","0","0","0","2","0","0","0","2","0","0","0","0","0","0","0","0","0","0","0","0","0","0","0","0","1"
"0x7f696b5b0130","      UIADD3 UR10, UPT, UPT, UR6, 0x400, URZ","2","2","2","131072","4194304","4194304","32","32","0","0","0","-","-","-","0","0","0","0","0","0","0","0","-","0","0","0","0","0","0","0","0","0","0","0","0","0","0","0","0","0","0","0","0","0","0","2","0","0","0","0","0","0","0","0","0","0","0","0","0","0","0","0","2"
"0x7f696b5b0140","      UIADD3 UR14, UPT, UPT, UR6, 0x402, URZ","6","2","6","131072","4194304","4194304","32","32","0","0","0","-","-","-","0","0","0","0","0","0","0","0","-","0","0","0","0","0","0","0","0","1","0","0","0","0","0","0","0","0","0","3","0","0","0","2","0","0","0","0","0","0","0","0","0","0","0","0","0","0","0","0","2"
"0x7f696b5b0150","      UIADD3 UR22, UPT, UPT, UR6, 0x404, URZ","3","3","3","131072","4194304","4194304","32","32","0","0","0","-","-","-","0","0","0","0","0","0","0","0","-","0","0","0","0","0","0","0","0","0","0","0","0","0","0","0","0","0","0","0","0","0","0","3","0","0","0","0","0","0","0","0","0","0","0","0","0","0","0","0","3"
"0x7f696b5b0160","      UMOV UR7, 0x40004040","1","0","1","131072","4194304","4194304","32","32","0","0","0","-","-","-","0","0","0","0","0","0","0","0","-","0","0","0","0","0","0","0","0","0","0","0","0","0","0","0","0","0","0","1","0","0","0","0","0","0","0","0","0","0","0","0","0","0","0","0","0","0","0","0","0"
"0x7f696b5b0170","      UIADD3 UR8, UPT, UPT, UR6, 0x406, URZ","2","0","2","131072","4194304","4194304","32","32","0","0","0","-","-","-","0","0","0","0","0","0","0","0","-","0","0","0","0","0","0","0","0","0","0","0","0","0","0","0","0","0","0","2","0","0","0","0","0","0","0","0","0","0","0","0","0","0","0","0","0","0","0","0","0"
"0x7f696b5b0180","      UTCQMMA.WS gdesc[UR54], gdesc[UR6], tmem[UR26], tmem[UR34], idesc[UR35], !UPT","6","0","6","131072","4194304","4194304","32","32","0","0","0","TmemShared","Load,Store","-","0","0","0","0","0","0","0","0","-","0","0","0","0","0","0","0","0","0","0","0","0","0","0","0","0","0","2","4","0","0","0","0","0","0","0","0","0","0","0","0","0","0","0","0","0","0","0","0","0"
"0x7f696b5b0190","      UTCQMMA.WS gdesc[UR72], gdesc[UR12], tmem[UR26], tmem[UR34], idesc[UR35], UPT","1","0","1","131072","4194304","4194304","32","32","0","0","0","TmemShared","Load,Store","-","0","0","0","0","0","0","0","0","-","0","0","0","0","0","0","0","0","0","0","0","0","0","0","0","0","0","0","1","0","0","0","0","0","0","0","0","0","0","0","0","0","0","0","0","0","0","0","0","0"
"0x7f696b5b01a0","      UTCQMMA.WS gdesc[UR36], gdesc[UR18], tmem[UR26], tmem[UR34], idesc[UR35], UPT","2","0","2","131072","4194304","4194304","32","32","0","0","0","TmemShared","Load,Store","-","0","0","0","0","0","0","0","0","-","0","0","0","0","0","0","0","0","0","0","0","0","0","0","0","0","0","0","2","0","0","0","0","0","0","0","0","0","0","0","0","0","0","0","0","0","0","0","0","0"
"0x7f696b5b01b0","      UTCQMMA.WS gdesc[UR70], gdesc[UR24], tmem[UR26], tmem[UR34], idesc[UR35], UPT","0","0","0","131072","4194304","4194304","32","32","0","0","0","TmemShared","Load,Store","-","0","0","0","0","0","0","0","0","-","0","0","0","0","0","0","0","0","0","0","0","0","0","0","0","0","0","0","0","0","0","0","0","0","0","0","0","0","0","0","0","0","0","0","0","0","0","0","0","0"
"0x7f696b5b01c0","      UTCQMMA.WS gdesc[UR68], gdesc[UR10], tmem[UR26], tmem[UR34], idesc[UR35], UPT","22","19","22","131072","4194304","4194304","32","32","0","0","0","TmemShared","Load,Store","-","0","0","0","0","0","0","0","0","-","0","0","0","0","0","0","0","0","0","0","0","0","0","0","21","0","0","0","1","0","0","0","0","0","0","0","0","0","0","0","0","19","0","0","0","0","0","0","0","0"
"0x7f696b5b01d0","      UTCQMMA.WS gdesc[UR66], gdesc[UR14], tmem[UR26], tmem[UR34], idesc[UR35], UPT","108","104","108","131072","4194304","4194304","32","32","0","0","0","TmemShared","Load,Store","-","0","0","0","0","0","0","0","0","-","0","0","0","0","0","0","0","0","0","0","0","0","0","0","105","0","0","0","3","0","0","0","0","0","0","0","0","0","0","0","0","104","0","0","0","0","0","0","0","0"
"0x7f696b5b01e0","      UTCQMMA.WS gdesc[UR64], gdesc[UR22], tmem[UR26], tmem[UR34], idesc[UR35], UPT","94","92","94","131072","4194304","4194304","32","32","0","0","0","TmemShared","Load,Store","-","0","0","0","0","0","0","0","0","-","0","0","0","0","0","0","0","0","0","0","0","0","0","0","93","0","0","0","1","0","0","0","0","0","0","0","0","0","0","0","0","92","0","0","0","0","0","0","0","0"
"0x7f696b5b01f0","      UIADD3 UR16, UPT, UPT, UR6, 0x800, URZ","1","0","1","131072","4194304","4194304","32","32","0","0","0","-","-","-","0","0","0","0","0","0","0","0","-","0","0","0","0","0","0","0","0","0","0","0","0","0","0","0","0","0","0","1","0","0","0","0","0","0","0","0","0","0","0","0","0","0","0","0","0","0","0","0","0"
"0x7f696b5b0200","      UTCQMMA.WS gdesc[UR62], gdesc[UR8], tmem[UR26], tmem[UR34], idesc[UR35], UPT","184","163","184","131072","4194304","4194304","32","32","0","0","0","TmemShared","Load,Store","-","0","0","0","0","0","0","0","0","-","0","0","0","0","0","0","0","0","0","0","0","0","0","0","168","0","0","14","2","0","0","0","0","0","0","0","0","0","0","0","0","163","0","0","0","0","0","0","0","0"
"0x7f696b5b0210","      UIADD3 UR20, UPT, UPT, UR6, 0x802, URZ","2","0","2","131072","4194304","4194304","32","32","0","0","0","-","-","-","0","0","0","0","0","0","0","0","-","0","0","0","0","0","0","0","0","0","0","0","0","0","0","0","0","0","0","2","0","0","0","0","0","0","0","0","0","0","0","0","0","0","0","0","0","0","0","0","0"
"0x7f696b5b0220","      UIADD3 UR5, UPT, UPT, UR4, 0x31920, URZ","8","3","8","131072","4194304","4194304","32","32","0","0","0","-","-","-","0","0","0","0","0","0","0","0","-","0","0","0","0","0","0","0","0","0","0","0","0","0","0","0","0","0","0","5","0","0","0","3","0","0","0","0","0","0","0","0","0","0","0","0","0","0","0","0","3"
"0x7f696b5b0230","      UTCQMMA.WS gdesc[UR60], gdesc[UR16], tmem[UR26], tmem[UR34], idesc[UR35], UPT","86","49","86","131072","4194304","4194304","32","32","0","0","0","TmemShared","Load,Store","-","0","0","0","0","0","0","0","0","-","0","0","0","0","0","0","0","0","0","0","0","0","0","0","75","0","0","1","2","0","0","0","8","0","0","0","0","0","0","0","0","48","0","0","0","0","0","0","0","1"
"0x7f696b5b0240","      UMOV UR7, 0x80004020","1","0","1","131072","4194304","4194304","32","32","0","0","0","-","-","-","0","0","0","0","0","0","0","0","-","0","0","0","0","0","0","0","0","0","0","0","0","0","0","0","0","0","0","1","0","0","0","0","0","0","0","0","0","0","0","0","0","0","0","0","0","0","0","0","0"
"0x7f696b5b0250","      UIADD3 UR12, UPT, UPT, UR6, 0x804, URZ","2","0","2","131072","4194304","4194304","32","32","0","0","0","-","-","-","0","0","0","0","0","0","0","0","-","0","0","0","0","0","0","0","0","0","0","0","0","0","0","0","0","0","0","2","0","0","0","0","0","0","0","0","0","0","0","0","0","0","0","0","0","0","0","0","0"
"0x7f696b5b0260","      R2UR UR36, R22","0","0","0","131072","4194304","4194304","32","32","0","0","0","-","-","-","0","0","0","0","0","0","0","0","-","0","0","0","0","0","0","0","0","0","0","0","0","0","0","0","0","0","0","0","0","0","0","0","0","0","0","0","0","0","0","0","0","0","0","0","0","0","0","0","0"
"0x7f696b5b0270","      UIADD3 UR24, UPT, UPT, UR6, 0xc00, URZ","3","0","3","131072","4194304","4194304","32","32","0","0","0","-","-","-","0","0","0","0","0","0","0","0","-","0","0","0","0","0","0","0","0","0","0","0","0","0","0","0","0","0","0","3","0","0","0","0","0","0","0","0","0","0","0","0","0","0","0","0","0","0","0","0","0"
"0x7f696b5b0280","      R2UR UR37, R23","2","0","2","131072","4194304","4194304","32","32","0","0","0","-","-","-","0","0","0","0","0","0","0","0","-","0","0","0","0","0","0","0","0","0","0","0","0","0","0","0","0","0","0","2","0","0","0","0","0","0","0","0","0","0","0","0","0","0","0","0","0","0","0","0","0"
"0x7f696b5b0290","      UIADD3 UR10, UPT, UPT, UR6, 0x806, URZ","3","0","3","131072","4194304","4194304","32","32","0","0","0","-","-","-","0","0","0","0","0","0","0","0","-","0","0","0","0","0","0","0","0","1","0","0","0","0","0","0","0","0","0","2","0","0","0","0","0","0","0","0","0","0","0","0","0","0","0","0","0","0","0","0","0"
"0x7f696b5b02a0","      R2UR UR22, R14","288","132","288","131072","4194304","4194304","32","32","0","0","0","-","-","-","0","0","0","0","0","0","0","0","-","0","0","0","0","0","0","0","0","0","0","0","0","0","0","0","0","0","3","1","284","0","0","0","0","0","0","0","0","0","0","0","0","0","0","0","0","132","0","0","0"
"0x7f696b5b02b0","      UIADD3 UR18, UPT, UPT, UR6, 0xc02, URZ","3","0","3","131072","4194304","4194304","32","32","0","0","0","-","-","-","0","0","0","0","0","0","0","0","-","0","0","0","0","0","0","0","0","2","0","0","0","0","0","0","0","0","0","1","0","0","0","0","0","0","0","0","0","0","0","0","0","0","0","0","0","0","0","0","0"
"0x7f696b5b02c0","      R2UR UR23, R15","3","0","3","131072","4194304","4194304","32","32","0","0","0","-","-","-","0","0","0","0","0","0","0","0","-","0","0","0","0","0","0","0","0","0","0","0","0","0","0","0","0","0","0","3","0","0","0","0","0","0","0","0","0","0","0","0","0","0","0","0","0","0","0","0","0"
"0x7f696b5b02d0","      UIADD3 UR14, UPT, UPT, UR6, 0xc04, URZ","0","0","0","131072","4194304","4194304","32","32","0","0","0","-","-","-","0","0","0","0","0","0","0","0","-","0","0","0","0","0","0","0","0","0","0","0","0","0","0","0","0","0","0","0","0","0","0","0","0","0","0","0","0","0","0","0","0","0","0","0","0","0","0","0","0"
"0x7f696b5b02e0","      UIADD3 UR8, UPT, UPT, UR6, 0xc06, URZ","2","0","2","131072","4194304","4194304","32","32","0","0","0","-","-","-","0","0","0","0","0","0","0","0","-","0","0","0","0","0","0","0","0","0","0","0","0","0","0","0","0","0","0","2","0","0","0","0","0","0","0","0","0","0","0","0","0","0","0","0","0","0","0","0","0"
"0x7f696b5b02f0","      UIADD3 UR6, UPT, UPT, UR28, 0x2, URZ","1","0","1","131072","4194304","4194304","32","32","0","0","0","-","-","-","0","0","0","0","0","0","0","0","-","0","0","0","0","0","0","0","0","0","0","0","0","0","0","0","0","0","0","1","0","0","0","0","0","0","0","0","0","0","0","0","0","0","0","0","0","0","0","0","0"
"0x7f696b5b0300","      R2UR UR16, R16","2","0","2","131072","4194304","4194304","32","32","0","0","0","-","-","-","0","0","0","0","0","0","0","0","-","0","0","0","0","0","0","0","0","0","0","0","0","0","0","0","0","0","0","2","0","0","0","0","0","0","0","0","0","0","0","0","0","0","0","0","0","0","0","0","0"
"0x7f696b5b0310","      UTCQMMA.WS gdesc[UR36], gdesc[UR20], tmem[UR26], tmem[UR34], idesc[UR35], UPT","24","3","24","131072","4194304","4194304","32","32","0","0","0","TmemShared","Load,Store","-","0","0","0","0","0","0","0","0","-","0","0","0","0","0","0","0","0","6","0","0","0","0","0","0","0","0","9","2","0","0","0","7","0","0","0","0","0","0","0","0","0","0","0","0","0","0","0","0","3"
"0x7f696b5b0320","      UTCQMMA.WS gdesc[UR30], gdesc[UR12], tmem[UR26], tmem[UR34], idesc[UR35], UPT","1","0","1","131072","4194304","4194304","32","32","0","0","0","TmemShared","Load,Store","-","0","0","0","0","0","0","0","0","-","0","0","0","0","0","0","0","0","0","0","0","0","0","0","0","0","0","0","1","0","0","0","0","0","0","0","0","0","0","0","0","0","0","0","0","0","0","0","0","0"
"0x7f696b5b0330","      R2UR UR17, R17","1","0","1","131072","4194304","4194304","32","32","0","0","0","-","-","-","0","0","0","0","0","0","0","0","-","0","0","0","0","0","0","0","0","0","0","0","0","0","0","0","0","0","0","1","0","0","0","0","0","0","0","0","0","0","0","0","0","0","0","0","0","0","0","0","0"
"0x7f696b5b0340","      R2UR UR20, R18","41","14","41","131072","4194304","4194304","32","32","0","0","0","-","-","-","0","0","0","0","0","0","0","0","-","0","0","0","0","0","0","0","0","0","0","0","0","2","0","0","0","0","5","0","33","0","0","1","0","0","0","0","0","0","1","0","0","0","0","0","0","13","0","0","0"
"0x7f696b5b0350","      R2UR UR21, R19","21","1","21","131072","4194304","4194304","32","32","0","0","0","-","-","-","0","0","0","0","0","0","0","0","-","0","0","0","0","0","0","0","0","3","0","0","0","0","0","0","0","0","15","1","0","0","0","2","0","0","0","0","0","0","0","0","0","0","0","0","0","0","0","0","1"
"0x7f696b5b0360","      R2UR.FILL UR30, R7","54","31","54","131072","4194304","4194304","32","32","0","0","0","-","-","-","0","0","0","0","0","0","0","0","-","0","0","0","0","0","0","0","0","0","0","0","0","0","0","0","0","0","0","1","52","0","0","1","0","0","0","0","0","0","0","0","0","0","0","0","0","30","0","0","1"
"0x7f696b5b0370","      SHF.L.U32 R7, R0, 0x1f, RZ","2","1","2","131072","4194304","4194304","32","32","0","0","0","-","-","-","0","0","0","0","0","0","0","0","-","0","0","0","0","0","0","0","0","0","0","0","0","0","0","0","0","0","0","1","0","0","0","1","0","0","0","0","0","0","0","0","0","0","0","0","0","0","0","0","1"
"0x7f696b5b0380","      R2UR.FILL UR37, R10","8","4","8","131072","4194304","4194304","32","32","0","0","0","-","-","-","0","0","0","0","0","0","0","0","-","0","0","0","0","0","0","0","0","0","0","0","0","0","0","0","0","0","0","4","0","0","0","4","0","0","0","0","0","0","0","0","0","0","0","0","0","0","0","0","4"
"0x7f696b5b0390","      R2UR.FILL UR36, R9","3","1","3","131072","4194304","4194304","32","32","0","0","0","-","-","-","0","0","0","0","0","0","0","0","-","0","0","0","0","0","0","0","0","0","0","0","0","0","0","0","0","0","0","2","0","0","0","1","0","0","0","0","0","0","0","0","0","0","0","0","0","0","0","0","1"
"0x7f696b5b03a0","      R2UR.FILL UR31, R8","5","2","5","131072","4194304","4194304","32","32","0","0","0","-","-","-","0","0","0","0","0","0","0","0","-","0","0","0","0","0","0","0","0","0","0","0","0","0","0","0","0","0","0","2","0","0","0","3","0","0","0","0","0","0","0","0","0","0","0","0","0","0","0","0","2"
"0x7f696b5b03b0","      UTCQMMA.WS gdesc[UR20], gdesc[UR10], tmem[UR26], tmem[UR34], idesc[UR35], UPT","3","1","3","131072","4194304","4194304","32","32","0","0","0","TmemShared","Load,Store","-","0","0","0","0","0","0","0","0","-","0","0","0","0","0","0","0","0","0","0","0","0","0","0","0","0","0","0","2","0","0","0","1","0","0","0","0","0","0","0","0","0","0","0","0","0","0","0","0","1"
"0x7f696b5b03c0","      UTCQMMA.WS gdesc[UR16], gdesc[UR24], tmem[UR26], tmem[UR34], idesc[UR35], UPT","0","0","0","131072","4194304","4194304","32","32","0","0","0","TmemShared","Load,Store","-","0","0","0","0","0","0","0","0","-","0","0","0","0","0","0","0","0","0","0","0","0","0","0","0","0","0","0","0","0","0","0","0","0","0","0","0","0","0","0","0","0","0","0","0","0","0","0","0","0"
"0x7f696b5b03d0","      UTCQMMA.WS gdesc[UR22], gdesc[UR18], tmem[UR26], tmem[UR34], idesc[UR35], UPT","1","0","1","131072","4194304","4194304","32","32","0","0","0","TmemShared","Load,Store","-","0","0","0","0","0","0","0","0","-","0","0","0","0","0","0","0","0","0","0","0","0","0","0","0","0","0","0","1","0","0","0","0","0","0","0","0","0","0","0","0","0","0","0","0","0","0","0","0","0"
"0x7f696b5b03e0","      UTCQMMA.WS gdesc[UR76], gdesc[UR14], tmem[UR26], tmem[UR34], idesc[UR35], UPT","59","55","59","131072","4194304","4194304","32","32","0","0","0","TmemShared","Load,Store","-","0","0","0","0","0","0","0","0","-","0","0","0","0","0","0","0","0","0","0","0","0","0","0","56","0","0","1","2","0","0","0","0","0","0","0","0","0","0","0","0","55","0","0","0","0","0","0","0","0"
"0x7f696b5b03f0","      UTCQMMA.WS gdesc[UR74], gdesc[UR8], tmem[UR26], tmem[UR34], idesc[UR35], UPT","116","79","116","131072","4194304","4194304","32","32","0","0","0","TmemShared","Load,Store","-","0","0","0","0","0","0","0","0","-","0","0","0","0","0","0","0","0","4","0","0","0","0","0","93","0","0","17","2","0","0","0","0","0","0","0","0","0","0","0","0","79","0","0","0","0","0","0","0","0"
"0x7f696b5b0400","      UTCQMMA.WS gdesc[UR56], gdesc[UR28], tmem[UR26], tmem[UR34], idesc[UR35], UPT","75","54","75","131072","4194304","4194304","32","32","0","0","0","TmemShared","Load,Store","-","0","0","0","0","0","0","0","0","-","0","0","0","0","0","0","0","0","0","0","0","0","0","0","73","0","0","1","1","0","0","0","0","0","0","0","0","0","0","0","0","54","0","0","0","0","0","0","0","0"
"0x7f696b5b0410","      UTCQMMA.WS gdesc[UR58], gdesc[UR6], tmem[UR26], tmem[UR34], idesc[UR35], UPT","96","82","96","131072","4194304","4194304","32","32","0","0","0","TmemShared","Load,Store","-","0","0","0","0","0","0","0","0","-","0","0","0","0","0","0","0","0","0","0","0","0","0","0","93","0","0","2","1","0","0","0","0","0","0","0","0","0","0","0","0","82","0","0","0","0","0","0","0","0"
"0x7f696b5b0420","      UTCBAR [UR5], URZ","91","38","91","131072","4194304","4194304","32","32","0","0","0","-","-","-","0","0","0","0","0","0","0","0","-","0","0","0","0","0","0","0","0","0","0","0","0","0","0","81","0","0","8","2","0","0","0","0","0","0","0","0","0","0","0","0","38","0","0","0","0","0","0","0","0"
"0x7f696b5b0430","      SYNCS.PHASECHK.TRANS64.TRYWAIT P0, [UR4+0x31930], R7","1","0","1","131072","4194304","4194304","32","32","0","0","0","-","-","-","0","0","0","0","0","0","0","0","-","0","0","0","0","0","0","0","0","0","0","0","0","0","0","0","0","0","0","1","0","0","0","0","0","0","0","0","0","0","0","0","0","0","0","0","0","0","0","0","0"
"0x7f696b5b0440","@!P0  BRA 0x7f696b5b3ca0","2634","1153","2634","131072","4194304","4194304","32","32","0","0","0","-","-","-","0","0","0","0","0","0","0","0","-","0","0","0","0","0","0","0","0","0","0","0","2632","0","0","0","0","0","0","0","0","0","0","2","0","0","0","0","0","1151","0","0","0","0","0","0","0","0","0","0","2"
"0x7f696b5b0450","      USHF.R.U32.HI UR5, URZ, 0x4, UR32","11","11","11","131072","4194304","4194304","32","32","0","0","0","-","-","-","0","0","0","0","0","0","0","0","-","0","0","0","0","0","0","0","0","0","0","0","0","0","0","0","0","0","0","0","0","0","0","11","0","0","0","0","0","0","0","0","0","0","0","0","0","0","0","0","11"
"0x7f696b5b0460","      NOP","0","0","0","131072","4194304","4194304","32","32","0","0","0","-","-","-","0","0","0","0","0","0","0","0","-","0","0","0","0","0","0","0","0","0","0","0","0","0","0","0","0","0","0","0","0","0","0","0","0","0","0","0","0","0","0","0","0","0","0","0","0","0","0","0","0"
"0x7f696b5b0470","      UISETP.NE.U32.AND UP1, UPT, UR31, URZ, UPT","2","0","2","131072","4194304","4194304","32","32","0","0","0","-","-","-","0","0","0","0","0","0","0","0","-","0","0","0","0","0","0","0","0","0","0","0","0","0","0","0","0","0","0","2","0","0","0","0","0","0","0","0","0","0","0","0","0","0","0","0","0","0","0","0","0"
"0x7f696b5b0480","      MEMBAR.ALL.CTA","1","0","1","131072","4194304","4194304","32","32","0","0","0","-","-","-","0","0","0","0","0","0","0","0","-","0","0","0","0","0","0","0","0","0","0","0","0","0","0","0","0","0","0","1","0","0","0","0","0","0","0","0","0","0","0","0","0","0","0","0","0","0","0","0","0"
"0x7f696b5b0490","      FENCE.VIEW.ASYNC.S","10","8","10","131072","4194304","4194304","32","32","0","0","0","-","-","-","0","0","0","0","0","0","0","0","-","0","0","0","0","0","0","0","0","0","0","0","1","0","0","0","0","0","0","2","0","0","0","7","0","0","0","0","0","1","0","0","0","0","0","0","0","0","0","0","7"
"0x7f696b5b04a0","      ULOP3.LUT UR5, UR5, 0x3fff, URZ, 0xc0, !UPT","0","0","0","131072","4194304","4194304","32","32","0","0","0","-","-","-","0","0","0","0","0","0","0","0","-","0","0","0","0","0","0","0","0","0","0","0","0","0","0","0","0","0","0","0","0","0","0","0","0","0","0","0","0","0","0","0","0","0","0","0","0","0","0","0","0"
"0x7f696b5b04b0","      VIADD R2, R2, 0x1","1","0","1","131072","4194304","4194304","32","32","0","0","0","-","-","-","0","0","0","0","0","0","0","0","-","0","0","0","0","0","0","0","0","0","0","0","0","0","0","0","0","0","0","1","0","0","0","0","0","0","0","0","0","0","0","0","0","0","0","0","0","0","0","0","0"
"0x7f696b5b04c0","      UIADD3 UR20, UPT, UPT, UR4, 0x31928, URZ","0","0","0","131072","4194304","4194304","32","32","0","0","0","-","-","-","0","0","0","0","0","0","0","0","-","0","0","0","0","0","0","0","0","0","0","0","0","0","0","0","0","0","0","0","0","0","0","0","0","0","0","0","0","0","0","0","0","0","0","0","0","0","0","0","0"
"0x7f696b5b04d0","      VIADD R0, R3, 0x1","3","0","3","131072","4194304","4194304","32","32","0","0","0","-","-","-","0","0","0","0","0","0","0","0","-","0","0","0","0","0","0","0","0","0","0","0","0","0","0","0","0","0","0","3","0","0","0","0","0","0","0","0","0","0","0","0","0","0","0","0","0","0","0","0","0"
"0x7f696b5b04e0","      ULOP3.LUT UR10, UR5, 0x4000000, URZ, 0xfc, !UPT","0","0","0","131072","4194304","4194304","32","32","0","0","0","-","-","-","0","0","0","0","0","0","0","0","-","0","0","0","0","0","0","0","0","0","0","0","0","0","0","0","0","0","0","0","0","0","0","0","0","0","0","0","0","0","0","0","0","0","0","0","0","0","0","0","0"
"0x7f696b5b04f0","      UIADD3 UR8, UP0, UPT, UR5, 0x4000100, URZ","4","1","4","131072","4194304","4194304","32","32","0","0","0","-","-","-","0","0","0","0","0","0","0","0","-","0","0","0","0","0","0","0","0","0","0","0","0","0","0","0","0","0","0","3","0","0","0","1","0","0","0","0","0","0","0","0","0","0","0","0","0","0","0","0","1"
"0x7f696b5b0500","      ISETP.NE.U32.AND P1, PT, R2, 0x2, PT","0","0","0","131072","4194304","4194304","32","32","0","0","0","-","-","-","0","0","0","0","0","0","0","0","-","0","0","0","0","0","0","0","0","0","0","0","0","0","0","0","0","0","0","0","0","0","0","0","0","0","0","0","0","0","0","0","0","0","0","0","0","0","0","0","0"
"0x7f696b5b0510","      UIADD3 UR31, UPT, UPT, UR31, 0x1, URZ","1","0","1","131072","4194304","4194304","32","32","0","0","0","-","-","-","0","0","0","0","0","0","0","0","-","0","0","0","0","0","0","0","0","0","0","0","0","0","0","0","0","0","0","1","0","0","0","0","0","0","0","0","0","0","0","0","0","0","0","0","0","0","0","0","0"
"0x7f696b5b0520","      UMOV UR11, 0x40004040","1","0","1","131072","4194304","4194304","32","32","0","0","0","-","-","-","0","0","0","0","0","0","0","0","-","0","0","0","0","0","0","0","0","0","0","0","0","0","0","0","0","0","0","1","0","0","0","0","0","0","0","0","0","0","0","0","0","0","0","0","0","0","0","0","0"
"0x7f696b5b0530","      UMOV UR7, 0x40004040","2","0","2","131072","4194304","4194304","32","32","0","0","0","-","-","-","0","0","0","0","0","0","0","0","-","0","0","0","0","0","0","0","0","0","0","0","0","0","0","0","0","0","0","2","0","0","0","0","0","0","0","0","0","0","0","0","0","0","0","0","0","0","0","0","0"
"0x7f696b5b0540","      UMOV UR6, URZ","1","0","1","131072","4194304","4194304","32","32","0","0","0","-","-","-","0","0","0","0","0","0","0","0","-","0","0","0","0","0","0","0","0","0","0","0","0","0","0","0","0","0","0","1","0","0","0","0","0","0","0","0","0","0","0","0","0","0","0","0","0","0","0","0","0"
"0x7f696b5b0550","      UTCQMMA.WS gdesc[UR52], gdesc[UR10].B_KEEP, tmem[UR27], tmem[UR36], idesc[UR37], UP1","18","17","18","131072","4194304","4194304","32","32","0","0","0","TmemShared","Load,Store","-","0","0","0","0","0","0","0","0","-","0","0","0","0","0","0","0","0","0","0","0","14","0","0","0","0","0","0","1","0","0","0","3","0","0","0","0","0","14","0","0","0","0","0","0","0","0","0","0","3"
"0x7f696b5b0560","      UTCQMMA.WS gdesc[UR50], gdesc[UR10].B_REUSE, tmem[UR27], tmem[UR36], idesc[UR37], UPT","2","0","2","131072","4194304","4194304","32","32","0","0","0","TmemShared","Load,Store","-","0","0","0","0","0","0","0","0","-","0","0","0","0","0","0","0","0","0","0","0","0","0","0","0","0","0","0","2","0","0","0","0","0","0","0","0","0","0","0","0","0","0","0","0","0","0","0","0","0"
"0x7f696b5b0570","      UIADD3.X UR9, UPT, UPT, UR6, 0x40004040, URZ, UP0, !UPT","2","0","2","131072","4194304","4194304","32","32","0","0","0","-","-","-","0","0","0","0","0","0","0","0","-","0","0","0","0","0","0","0","0","0","0","0","0","0","0","0","0","0","0","2","0","0","0","0","0","0","0","0","0","0","0","0","0","0","0","0","0","0","0","0","0"
"0x7f696b5b0580","      ISETP.NE.U32.AND P0, PT, R4, UR31, PT","1","0","1","131072","4194304","4194304","32","32","0","0","0","-","-","-","0","0","0","0","0","0","0","0","-","0","0","0","0","0","0","0","0","0","0","0","0","0","0","0","0","0","0","1","0","0","0","0","0","0","0","0","0","0","0","0","0","0","0","0","0","0","0","0","0"
"0x7f696b5b0590","      UIADD3 UR6, UPT, UPT, UR10, 0x800, URZ","1","0","1","131072","4194304","4194304","32","32","0","0","0","-","-","-","0","0","0","0","0","0","0","0","-","0","0","0","0","0","0","0","0","0","0","0","0","0","0","0","0","0","0","1","0","0","0","0","0","0","0","0","0","0","0","0","0","0","0","0","0","0","0","0","0"
"0x7f696b5b05a0","      SEL R2, R2, RZ, P1","2","0","2","131072","4194304","4194304","32","32","0","0","0","-","-","-","0","0","0","0","0","0","0","0","-","0","0","0","0","0","0","0","0","0","0","0","0","0","0","0","0","0","0","2","0","0","0","0","0","0","0","0","0","0","0","0","0","0","0","0","0","0","0","0","0"
"0x7f696b5b05b0","      UIADD3.64 UR18, UPT, UPT, UR8, 0x100, URZ","3","0","3","131072","4194304","4194304","32","32","0","0","0","-","-","-","0","0","0","0","0","0","0","0","-","0","0","0","0","0","0","0","0","0","0","0","0","0","0","0","0","0","0","3","0","0","0","0","0","0","0","0","0","0","0","0","0","0","0","0","0","0","0","0","0"
"0x7f696b5b05c0","@P1   IADD3 R0, PT, PT, R3, RZ, RZ","2","0","2","131072","4194304","2097152","32","16","16","16","0","-","-","-","0","0","0","0","0","0","0","0","-","0","0","0","0","0","0","0","0","0","0","0","0","0","0","0","0","0","0","2","0","0","0","0","0","0","0","0","0","0","0","0","0","0","0","0","0","0","0","0","0"
"0x7f696b5b05d0","      UIADD3.64 UR14, UPT, UPT, UR8, 0x200, URZ","3","0","3","131072","4194304","4194304","32","32","16","0","0","-","-","-","0","0","0","0","0","0","0","0","-","0","0","0","0","0","0","0","0","0","0","0","0","0","0","0","0","0","0","3","0","0","0","0","0","0","0","0","0","0","0","0","0","0","0","0","0","0","0","0","0"
"0x7f696b5b05e0","      UIADD3.64 UR16, UPT, UPT, UR6, 0x100, URZ","3","2","3","131072","4194304","4194304","32","32","0","0","0","-","-","-","0","0","0","0","0","0","0","0","-","0","0","0","0","0","0","0","0","0","0","0","0","0","0","0","0","0","0","1","0","0","0","2","0","0","0","0","0","0","0","0","0","0","0","0","0","0","0","0","2"
"0x7f696b5b05f0","      UTCQMMA.WS gdesc[UR48], gdesc[UR8].B_KEEP.BUFFER1, tmem[UR27], tmem[UR36], idesc[UR37], UPT","2","0","2","131072","4194304","4194304","32","32","0","0","0","TmemShared","Load,Store","-","0","0","0","0","0","0","0","0","-","0","0","0","0","0","0","0","0","0","0","0","0","0","0","0","0","0","0","2","0","0","0","0","0","0","0","0","0","0","0","0","0","0","0","0","0","0","0","0","0"
"0x7f696b5b0600","      UTCQMMA.WS gdesc[UR46], gdesc[UR8].B_REUSE.BUFFER1, tmem[UR27], tmem[UR36], idesc[UR37], UPT","4","0","4","131072","4194304","4194304","32","32","0","0","0","TmemShared","Load,Store","-","0","0","0","0","0","0","0","0","-","0","0","0","0","0","0","0","0","0","0","0","0","0","0","0","0","0","0","4","0","0","0","0","0","0","0","0","0","0","0","0","0","0","0","0","0","0","0","0","0"
"0x7f696b5b0610","      UIADD3.64 UR12, UPT, UPT, UR6, 0x200, URZ","2","0","2","131072","4194304","4194304","32","32","0","0","0","-","-","-","0","0","0","0","0","0","0","0","-","0","0","0","0","0","0","0","0","0","0","0","0","0","0","0","0","0","0","2","0","0","0","0","0","0","0","0","0","0","0","0","0","0","0","0","0","0","0","0","0"
"0x7f696b5b0620","      IMAD.MOV.U32 R3, RZ, RZ, R0","2","0","2","131072","4194304","4194304","32","32","0","0","0","-","-","-","0","0","0","0","0","0","0","0","-","0","0","0","0","0","0","0","0","0","0","0","0","0","0","0","0","0","0","2","0","0","0","0","0","0","0","0","0","0","0","0","0","0","0","0","0","0","0","0","0"
"0x7f696b5b0630","      UTCQMMA.WS gdesc[UR44], gdesc[UR18].B_KEEP.BUFFER2, tmem[UR27], tmem[UR36], idesc[UR37], UPT","9","7","9","131072","4194304","4194304","32","32","0","0","0","TmemShared","Load,Store","-","0","0","0","0","0","0","0","0","-","0","0","0","0","0","0","0","0","0","0","0","0","0","0","8","0","0","0","1","0","0","0","0","0","0","0","0","0","0","0","0","7","0","0","0","0","0","0","0","0"
"0x7f696b5b0640","      UTCQMMA.WS gdesc[UR42], gdesc[UR18].B_REUSE.BUFFER2, tmem[UR27], tmem[UR36], idesc[UR37], UPT","12","7","12","131072","4194304","4194304","32","32","0","0","0","TmemShared","Load,Store","-","0","0","0","0","0","0","0","0","-","0","0","0","0","0","0","0","0","0","0","0","0","0","0","8","0","0","1","3","0","0","0","0","0","0","0","0","0","0","0","0","7","0","0","0","0","0","0","0","0"
"0x7f696b5b0650","      UTCQMMA.WS gdesc[UR40], gdesc[UR14].B_KEEP.BUFFER3, tmem[UR27], tmem[UR36], idesc[UR37], UPT","21","19","21","131072","4194304","4194304","32","32","0","0","0","TmemShared","Load,Store","-","0","0","0","0","0","0","0","0","-","0","0","0","0","0","0","0","0","0","0","0","0","0","0","20","0","0","0","1","0","0","0","0","0","0","0","0","0","0","0","0","19","0","0","0","0","0","0","0","0"
"0x7f696b5b0660","      UTCQMMA.WS gdesc[UR38], gdesc[UR14].B_REUSE.BUFFER3, tmem[UR27], tmem[UR36], idesc[UR37], UPT","149","147","149","131072","4194304","4194304","32","32","0","0","0","TmemShared","Load,Store","-","0","0","0","0","0","0","0","0","-","0","0","0","0","0","0","0","0","0","0","0","0","0","0","147","0","0","0","2","0","0","0","0","0","0","0","0","0","0","0","0","147","0","0","0","0","0","0","0","0"
"0x7f696b5b0670","      UTCQMMA.WS gdesc[UR52], gdesc[UR6].B_KEEP, tmem[UR30], tmem[UR36], idesc[UR37], UP1","65","61","65","131072","4194304","4194304","32","32","0","0","0","TmemShared","Load,Store","-","0","0","0","0","0","0","0","0","-","0","0","0","0","0","0","0","0","0","0","0","0","0","0","61","0","0","0","4","0","0","0","0","0","0","0","0","0","0","0","0","61","0","0","0","0","0","0","0","0"
"0x7f696b5b0680","      UTCQMMA.WS gdesc[UR50], gdesc[UR6].B_REUSE, tmem[UR30], tmem[UR36], idesc[UR37], UPT","160","157","160","131072","4194304","4194304","32","32","0","0","0","TmemShared","Load,Store","-","0","0","0","0","0","0","0","0","-","0","0","0","0","0","0","0","0","0","0","0","0","0","0","157","0","0","0","3","0","0","0","0","0","0","0","0","0","0","0","0","157","0","0","0","0","0","0","0","0"
"0x7f696b5b0690","      UTCQMMA.WS gdesc[UR48], gdesc[UR16].B_KEEP.BUFFER1, tmem[UR30], tmem[UR36], idesc[UR37], UPT","87","85","87","131072","4194304","4194304","32","32","0","0","0","TmemShared","Load,Store","-","0","0","0","0","0","0","0","0","-","0","0","0","0","0","0","0","0","0","0","0","0","0","0","85","0","0","0","2","0","0","0","0","0","0","0","0","0","0","0","0","85","0","0","0","0","0","0","0","0"
"0x7f696b5b06a0","      UTCQMMA.WS gdesc[UR46], gdesc[UR16].B_REUSE.BUFFER1, tmem[UR30], tmem[UR36], idesc[UR37], UPT","157","153","157","131072","4194304","4194304","32","32","0","0","0","TmemShared","Load,Store","-","0","0","0","0","0","0","0","0","-","0","0","0","0","0","0","0","0","0","0","0","0","0","0","153","0","0","0","4","0","0","0","0","0","0","0","0","0","0","0","0","153","0","0","0","0","0","0","0","0"
"0x7f696b5b06b0","      UTCQMMA.WS gdesc[UR44], gdesc[UR12].B_KEEP.BUFFER2, tmem[UR30], tmem[UR36], idesc[UR37], UPT","94","94","94","131072","4194304","4194304","32","32","0","0","0","TmemShared","Load,Store","-","0","0","0","0","0","0","0","0","-","0","0","0","0","0","0","0","0","0","0","0","0","0","0","94","0","0","0","0","0","0","0","0","0","0","0","0","0","0","0","0","94","0","0","0","0","0","0","0","0"
"0x7f696b5b06c0","      UTCQMMA.WS gdesc[UR42], gdesc[UR12].B_REUSE.BUFFER2, tmem[UR30], tmem[UR36], idesc[UR37], UPT","167","166","167","131072","4194304","4194304","32","32","0","0","0","TmemShared","Load,Store","-","0","0","0","0","0","0","0","0","-","0","0","0","0","0","0","0","0","0","0","0","0","0","0","166","0","0","0","1","0","0","0","0","0","0","0","0","0","0","0","0","166","0","0","0","0","0","0","0","0"
"0x7f696b5b06d0","      UIADD3.64 UR10, UPT, UPT, UR6, 0x300, URZ","0","0","0","131072","4194304","4194304","32","32","0","0","0","-","-","-","0","0","0","0","0","0","0","0","-","0","0","0","0","0","0","0","0","0","0","0","0","0","0","0","0","0","0","0","0","0","0","0","0","0","0","0","0","0","0","0","0","0","0","0","0","0","0","0","0"
"0x7f696b5b06e0","      UTCQMMA.WS gdesc[UR40], gdesc[UR10].B_KEEP.BUFFER3, tmem[UR30], tmem[UR36], idesc[UR37], UPT","104","99","104","131072","4194304","4194304","32","32","0","0","0","TmemShared","Load,Store","-","0","0","0","0","0","0","0","0","-","0","0","0","0","0","0","0","0","0","0","0","0","0","0","82","0","0","0","5","0","0","0","17","0","0","0","0","0","0","0","0","82","0","0","0","0","0","0","0","17"
"0x7f696b5b06f0","      UTCQMMA.WS gdesc[UR38], gdesc[UR10].B_REUSE.BUFFER3, tmem[UR30], tmem[UR36], idesc[UR37], UPT","178","171","178","131072","4194304","4194304","32","32","0","0","0","TmemShared","Load,Store","-","0","0","0","0","0","0","0","0","-","0","0","0","0","0","0","0","0","0","0","0","0","0","0","171","0","0","0","7","0","0","0","0","0","0","0","0","0","0","0","0","171","0","0","0","0","0","0","0","0"
"0x7f696b5b0700","      UTCBAR [UR20], URZ","97","94","97","131072","4194304","4194304","32","32","0","0","0","-","-","-","0","0","0","0","0","0","0","0","-","0","0","0","0","0","0","0","0","0","0","0","0","0","0","94","0","0","0","3","0","0","0","0","0","0","0","0","0","0","0","0","94","0","0","0","0","0","0","0","0"
"0x7f696b5b0710","@P0   BRA 0x7f696b5afe10","1","0","1","131072","4194304","3932160","32","30","2","2","0","-","-","-","0","0","0","0","0","0","0","0","-","0","0","0","0","0","0","0","0","0","0","0","0","0","0","0","0","0","0","1","0","0","0","0","0","0","0","0","0","0","0","0","0","0","0","0","0","0","0","0","0"
"0x7f696b5b0720","      LDCU.64 UR6, c[0x0][0x358]","12","10","12","8192","262144","262144","32","32","2","0","0","-","-","-","0","0","0","0","0","0","0","0","-","0","0","0","0","0","0","0","0","0","0","0","0","0","0","0","0","0","0","2","0","0","0","10","0","0","0","0","0","0","0","0","0","0","0","0","0","0","0","0","10"
"0x7f696b5b0730","      LDG.E R12, desc[UR6][R12.64]","5","5","5","8192","262144","262144","32","32","0","0","0","Global","Load","32","8192","0","0","0","0","0","8192","8192","","0","0","0","0","0","0","0","0","0","0","0","0","0","0","0","0","0","0","0","5","0","0","0","0","0","0","0","0","0","0","0","0","0","0","0","0","5","0","0","0"
"0x7f696b5b0740","      R2UR UR5, R12","10","10","10","8192","262144","262144","32","32","0","0","0","-","-","-","0","0","0","0","0","0","0","0","-","0","0","0","0","0","0","0","0","0","0","0","10","0","0","0","0","0","0","0","0","0","0","0","0","0","0","0","0","10","0","0","0","0","0","0","0","0","0","0","0"
"0x7f696b5b0750","      USHF.R.S32.HI UR6, URZ, 0x1f, UR5","1","0","1","8192","262144","262144","32","32","0","0","0","-","-","-","0","0","0","0","0","0","0","0","-","0","0","0","0","0","0","0","0","0","0","0","0","0","0","0","0","0","0","1","0","0","0","0","0","0","0","0","0","0","0","0","0","0","0","0","0","0","0","0","0"
"0x7f696b5b0760","      ISETP.GE.AND P0, PT, R6, 0x1f6c, PT","0","0","0","8192","262144","262144","32","32","0","0","0","-","-","-","0","0","0","0","0","0","0","0","-","0","0","0","0","0","0","0","0","0","0","0","0","0","0","0","0","0","0","0","0","0","0","0","0","0","0","0","0","0","0","0","0","0","0","0","0","0","0","0","0"
"0x7f696b5b0770","      VIADD R6, R6, 0x94","0","0","0","8192","262144","262144","32","32","0","0","0","-","-","-","0","0","0","0","0","0","0","0","-","0","0","0","0","0","0","0","0","0","0","0","0","0","0","0","0","0","0","0","0","0","0","0","0","0","0","0","0","0","0","0","0","0","0","0","0","0","0","0","0"
"0x7f696b5b0780","      LOP3.LUT R5, R5, 0x1, RZ, 0x3c, !PT","0","0","0","8192","262144","262144","32","32","0","0","0","-","-","-","0","0","0","0","0","0","0","0","-","0","0","0","0","0","0","0","0","0","0","0","0","0","0","0","0","0","0","0","0","0","0","0","0","0","0","0","0","0","0","0","0","0","0","0","0","0","0","0","0"
"0x7f696b5b0790","      ULEA.HI UR6, UR6, UR5, URZ, 0x7","0","0","0","8192","262144","262144","32","32","0","0","0","-","-","-","0","0","0","0","0","0","0","0","-","0","0","0","0","0","0","0","0","0","0","0","0","0","0","0","0","0","0","0","0","0","0","0","0","0","0","0","0","0","0","0","0","0","0","0","0","0","0","0","0"
"0x7f696b5b07a0","      ULOP3.LUT UR7, UR6, 0xffffff80, URZ, 0xc0, !UPT","0","0","0","8192","262144","262144","32","32","0","0","0","-","-","-","0","0","0","0","0","0","0","0","-","0","0","0","0","0","0","0","0","0","0","0","0","0","0","0","0","0","0","0","0","0","0","0","0","0","0","0","0","0","0","0","0","0","0","0","0","0","0","0","0"
"0x7f696b5b07b0","      UISETP.NE.U32.AND UP0, UPT, UR5, UR7, UPT","2","1","2","8192","262144","262144","32","32","0","0","0","-","-","-","0","0","0","0","0","0","0","0","-","0","0","0","0","0","0","0","0","0","0","0","0","0","0","0","0","0","0","1","0","0","0","1","0","0","0","0","0","0","0","0","0","0","0","0","0","0","0","0","1"
"0x7f696b5b07c0","      UISETP.GT.AND UP0, UPT, UR5, -0x1, UP0","0","0","0","8192","262144","262144","32","32","0","0","0","-","-","-","0","0","0","0","0","0","0","0","-","0","0","0","0","0","0","0","0","0","0","0","0","0","0","0","0","0","0","0","0","0","0","0","0","0","0","0","0","0","0","0","0","0","0","0","0","0","0","0","0"
"0x7f696b5b07d0","      ULEA.HI.SX32 UR5, UR6, UR33, 0x19","1","1","1","8192","262144","262144","32","32","0","0","0","-","-","-","0","0","0","0","0","0","0","0","-","0","0","0","0","0","0","0","0","0","0","0","0","0","0","0","0","0","0","0","0","0","0","1","0","0","0","0","0","0","0","0","0","0","0","0","0","0","0","0","1"
"0x7f696b5b07e0","      UIADD3 UR33, UPT, UPT, UR5, 0x1, URZ","1","0","1","8192","262144","262144","32","32","0","0","0","-","-","-","0","0","0","0","0","0","0","0","-","0","0","0","0","0","0","0","0","0","0","0","0","0","0","0","0","0","0","1","0","0","0","0","0","0","0","0","0","0","0","0","0","0","0","0","0","0","0","0","0"
"0x7f696b5b07f0","@!UP0 UIADD3 UR33, UPT, UPT, UR5, URZ, URZ","1","1","1","8192","262144","262144","32","32","0","0","0","-","-","-","0","0","0","0","0","0","0","0","-","0","0","0","0","0","0","0","0","0","0","0","0","0","0","0","0","0","0","0","0","0","0","1","0","0","0","0","0","0","0","0","0","0","0","0","0","0","0","0","1"
"0x7f696b5b0800","@!P0  BRA 0x7f696b5afc40","0","0","0","8192","262144","257408","32","31","1","1","0","-","-","-","0","0","0","0","0","0","0","0","-","0","0","0","0","0","0","0","0","0","0","0","0","0","0","0","0","0","0","0","0","0","0","0","0","0","0","0","0","0","0","0","0","0","0","0","0","0","0","0","0"
"0x7f696b5b0810","      EXIT","0","0","0","148","4736","4736","32","32","1","0","0","-","-","-","0","0","0","0","0","0","0","0","-","0","0","0","0","0","0","0","0","0","0","0","0","0","0","0","0","0","0","0","0","0","0","0","0","0","0","0","0","0","0","0","0","0","0","0","0","0","0","0","0"
"0x7f696b5b0820","      UISETP.GT.AND UP0, UPT, UR55, 0x7, UPT","1","1","1","1628","52096","52096","32","32","0","0","0","-","-","-","0","0","0","0","0","0","0","0","-","0","0","0","0","0","0","0","0","0","0","0","0","0","0","0","0","1","0","0","0","0","0","0","0","0","0","0","0","0","0","0","0","0","1","0","0","0","0","0","0"
"0x7f696b5b0830","      PLOP3.LUT P0, PT, PT, PT, UP0, 0x80, 0x8","0","0","0","1628","52096","52096","32","32","0","0","0","-","-","-","0","0","0","0","0","0","0","0","-","0","0","0","0","0","0","0","0","0","0","0","0","0","0","0","0","0","0","0","0","0","0","0","0","0","0","0","0","0","0","0","0","0","0","0","0","0","0","0","0"
"0x7f696b5b0840","@P0   EXIT","0","0","0","1628","52096","14208","32","8","24","24","0","-","-","-","0","0","0","0","0","0","0","0","-","0","0","0","0","0","0","0","0","0","0","0","0","0","0","0","0","0","0","0","0","0","0","0","0","0","0","0","0","0","0","0","0","0","0","0","0","0","0","0","0"
"0x7f696b5b0850","      NOP","1","0","1","1187","37984","37984","32","32","24","0","0","-","-","-","0","0","0","0","0","0","0","0","-","0","0","0","0","0","0","0","0","0","0","0","0","0","0","0","0","0","0","0","0","0","0","1","0","0","0","0","0","0","0","0","0","0","0","0","0","0","0","0","0"
"0x7f696b5b0860","      USETMAXREG.TRY_ALLOC.CTAPOOL UP0, 0xb0","0","0","0","1187","37984","37984","32","32","0","0","0","-","-","-","0","0","0","0","0","0","0","0","-","0","0","0","0","0","0","0","0","0","0","0","0","0","0","0","0","0","0","0","0","0","0","0","0","0","0","0","0","0","0","0","0","0","0","0","0","0","0","0","0"
"0x7f696b5b0870","      BRA.U !UP0, 0x7f696b5b0850","0","0","0","1187","37984","37984","32","32","0","0","0","-","-","-","0","0","0","0","0","0","0","0","-","0","0","0","0","0","0","0","0","0","0","0","0","0","0","0","0","0","0","0","0","0","0","0","0","0","0","0","0","0","0","0","0","0","0","0","0","0","0","0","0"
"0x7f696b5b0880","      S2UR UR12, SR_CTAID.X","0","0","0","1184","37888","37888","32","32","0","0","0","-","-","-","0","0","0","0","0","0","0","0","-","0","0","0","0","0","0","0","0","0","0","0","0","0","0","0","0","0","0","0","0","0","0","0","0","0","0","0","0","0","0","0","0","0","0","0","0","0","0","0","0"
"0x7f696b5b0890","      UISETP.GT.AND UP0, UPT, UR12, 0x1fff, UPT","4","4","4","1184","37888","37888","32","32","0","0","0","-","-","-","0","0","0","0","0","0","0","0","-","0","0","0","0","0","0","0","0","0","0","0","0","0","0","0","0","0","0","0","4","0","0","0","0","0","0","0","0","0","0","0","0","0","0","0","0","4","0","0","0"
"0x7f696b5b08a0","      BRA.U UP0, 0x7f696b5b38c0","0","0","0","1184","37888","37888","32","32","0","0","0","-","-","-","0","0","0","0","0","0","0","0","-","0","0","0","0","0","0","0","0","0","0","0","0","0","0","0","0","0","0","0","0","0","0","0","0","0","0","0","0","0","0","0","0","0","0","0","0","0","0","0","0"
"0x7f696b5b08b0","      S2R R6, SR_TID.X","0","0","0","1184","37888","37888","32","32","0","0","0","-","-","-","0","0","0","0","0","0","0","0","-","0","0","0","0","0","0","0","0","0","0","0","0","0","0","0","0","0","0","0","0","0","0","0","0","0","0","0","0","0","0","0","0","0","0","0","0","0","0","0","0"
"0x7f696b5b08c0","      LDCU.64 UR14, c[0x0][0x3a8]","0","0","0","1184","37888","37888","32","32","0","0","0","-","-","-","0","0","0","0","0","0","0","0","-","0","0","0","0","0","0","0","0","0","0","0","0","0","0","0","0","0","0","0","0","0","0","0","0","0","0","0","0","0","0","0","0","0","0","0","0","0","0","0","0"
"0x7f696b5b08d0","      CS2R R104, SRZ","1","0","1","1184","37888","37888","32","32","0","0","0","-","-","-","0","0","0","0","0","0","0","0","-","0","0","0","0","0","0","0","0","0","0","0","0","0","0","0","0","0","0","1","0","0","0","0","0","0","0","0","0","0","0","0","0","0","0","0","0","0","0","0","0"
"0x7f696b5b08e0","      UIADD3.64 UR14, UPT, UPT, UR14, 0x100, URZ","1","1","1","1184","37888","37888","32","32","0","0","0","-","-","-","0","0","0","0","0","0","0","0","-","0","0","0","0","0","0","0","0","0","0","0","0","0","0","0","0","0","0","0","1","0","0","0","0","0","0","0","0","0","0","0","0","0","0","0","0","1","0","0","0"
"0x7f696b5b08f0","      SHF.R.U32.HI R103, RZ, 0x7, R6","0","0","0","1184","37888","37888","32","32","0","0","0","-","-","-","0","0","0","0","0","0","0","0","-","0","0","0","0","0","0","0","0","0","0","0","0","0","0","0","0","0","0","0","0","0","0","0","0","0","0","0","0","0","0","0","0","0","0","0","0","0","0","0","0"
"0x7f696b5b0900","      IMAD.SHL.U32 R4, R6, 0x40, RZ","0","0","0","1184","37888","37888","32","32","0","0","0","-","-","-","0","0","0","0","0","0","0","0","-","0","0","0","0","0","0","0","0","0","0","0","0","0","0","0","0","0","0","0","0","0","0","0","0","0","0","0","0","0","0","0","0","0","0","0","0","0","0","0","0"
"0x7f696b5b0910","      LOP3.LUT R7, R6, 0x40, RZ, 0xc0, !PT","0","0","0","1184","37888","37888","32","32","0","0","0","-","-","-","0","0","0","0","0","0","0","0","-","0","0","0","0","0","0","0","0","0","0","0","0","0","0","0","0","0","0","0","0","0","0","0","0","0","0","0","0","0","0","0","0","0","0","0","0","0","0","0","0"
"0x7f696b5b0920","      IMAD.SHL.U32 R110, R6, 0x200, RZ","0","0","0","1184","37888","37888","32","32","0","0","0","-","-","-","0","0","0","0","0","0","0","0","-","0","0","0","0","0","0","0","0","0","0","0","0","0","0","0","0","0","0","0","0","0","0","0","0","0","0","0","0","0","0","0","0","0","0","0","0","0","0","0","0"
"0x7f696b5b0930","      SHF.R.U32.HI R0, RZ, 0x5, R6","0","0","0","1184","37888","37888","32","32","0","0","0","-","-","-","0","0","0","0","0","0","0","0","-","0","0","0","0","0","0","0","0","0","0","0","0","0","0","0","0","0","0","0","0","0","0","0","0","0","0","0","0","0","0","0","0","0","0","0","0","0","0","0","0"
"0x7f696b5b0940","      IMAD.SHL.U32 R112, R103, 0x20, RZ","0","0","0","1184","37888","37888","32","32","0","0","0","-","-","-","0","0","0","0","0","0","0","0","-","0","0","0","0","0","0","0","0","0","0","0","0","0","0","0","0","0","0","0","0","0","0","0","0","0","0","0","0","0","0","0","0","0","0","0","0","0","0","0","0"
"0x7f696b5b0950","      LOP3.LUT R4, R4, 0xfc0, RZ, 0xc0, !PT","0","0","0","1184","37888","37888","32","32","0","0","0","-","-","-","0","0","0","0","0","0","0","0","-","0","0","0","0","0","0","0","0","0","0","0","0","0","0","0","0","0","0","0","0","0","0","0","0","0","0","0","0","0","0","0","0","0","0","0","0","0","0","0","0"
"0x7f696b5b0960","      IMAD.SHL.U32 R5, R6, 0x2, RZ","0","0","0","1184","37888","37888","32","32","0","0","0","-","-","-","0","0","0","0","0","0","0","0","-","0","0","0","0","0","0","0","0","0","0","0","0","0","0","0","0","0","0","0","0","0","0","0","0","0","0","0","0","0","0","0","0","0","0","0","0","0","0","0","0"
"0x7f696b5b0970","      LOP3.LUT R110, R110, 0x7e00, RZ, 0xc0, !PT","0","0","0","1184","37888","37888","32","32","0","0","0","-","-","-","0","0","0","0","0","0","0","0","-","0","0","0","0","0","0","0","0","0","0","0","0","0","0","0","0","0","0","0","0","0","0","0","0","0","0","0","0","0","0","0","0","0","0","0","0","0","0","0","0"
"0x7f696b5b0980","      IMAD.IADD R7, R112, 0x1, R7","5","3","5","1184","37888","37888","32","32","0","0","0","-","-","-","0","0","0","0","0","0","0","0","-","0","0","0","0","0","0","0","0","0","0","0","0","1","0","0","0","4","0","0","0","0","0","0","0","0","0","0","0","0","0","0","0","0","3","0","0","0","0","0","0"
"0x7f696b5b0990","      R2UR UR55, R0","0","0","0","1184","37888","37888","32","32","0","0","0","-","-","-","0","0","0","0","0","0","0","0","-","0","0","0","0","0","0","0","0","0","0","0","0","0","0","0","0","0","0","0","0","0","0","0","0","0","0","0","0","0","0","0","0","0","0","0","0","0","0","0","0"
"0x7f696b5b09a0","      IMAD.U32 R111, R6, 0x10000, RZ","0","0","0","1184","37888","37888","32","32","0","0","0","-","-","-","0","0","0","0","0","0","0","0","-","0","0","0","0","0","0","0","0","0","0","0","0","0","0","0","0","0","0","0","0","0","0","0","0","0","0","0","0","0","0","0","0","0","0","0","0","0","0","0","0"
"0x7f696b5b09b0","      LOP3.LUT R5, R5, 0x80, RZ, 0xc0, !PT","0","0","0","1184","37888","37888","32","32","0","0","0","-","-","-","0","0","0","0","0","0","0","0","-","0","0","0","0","0","0","0","0","0","0","0","0","0","0","0","0","0","0","0","0","0","0","0","0","0","0","0","0","0","0","0","0","0","0","0","0","0","0","0","0"
"0x7f696b5b09c0","      IMAD R3, R7, 0x40, R7","0","0","0","1184","37888","37888","32","32","0","0","0","-","-","-","0","0","0","0","0","0","0","0","-","0","0","0","0","0","0","0","0","0","0","0","0","0","0","0","0","0","0","0","0","0","0","0","0","0","0","0","0","0","0","0","0","0","0","0","0","0","0","0","0"
"0x7f696b5b09d0","      IMAD R7, R7, 0x40, R112","0","0","0","1184","37888","37888","32","32","0","0","0","-","-","-","0","0","0","0","0","0","0","0","-","0","0","0","0","0","0","0","0","0","0","0","0","0","0","0","0","0","0","0","0","0","0","0","0","0","0","0","0","0","0","0","0","0","0","0","0","0","0","0","0"
"0x7f696b5b09e0","      LOP3.LUT R111, R111, 0x600000, RZ, 0xc0, !PT","0","0","0","1184","37888","37888","32","32","0","0","0","-","-","-","0","0","0","0","0","0","0","0","-","0","0","0","0","0","0","0","0","0","0","0","0","0","0","0","0","0","0","0","0","0","0","0","0","0","0","0","0","0","0","0","0","0","0","0","0","0","0","0","0"
"0x7f696b5b09f0","      VIADD R3, R3, 0x10","0","0","0","1184","37888","37888","32","32","0","0","0","-","-","-","0","0","0","0","0","0","0","0","-","0","0","0","0","0","0","0","0","0","0","0","0","0","0","0","0","0","0","0","0","0","0","0","0","0","0","0","0","0","0","0","0","0","0","0","0","0","0","0","0"
"0x7f696b5b0a00","      IMAD R110, R103, 0x100, R110","0","0","0","1184","37888","37888","32","32","0","0","0","-","-","-","0","0","0","0","0","0","0","0","-","0","0","0","0","0","0","0","0","0","0","0","0","0","0","0","0","0","0","0","0","0","0","0","0","0","0","0","0","0","0","0","0","0","0","0","0","0","0","0","0"
"0x7f696b5b0a10","      LOP3.LUT R2, R4, 0x3020, R7, 0xf8, !PT","0","0","0","1184","37888","37888","32","32","0","0","0","-","-","-","0","0","0","0","0","0","0","0","-","0","0","0","0","0","0","0","0","0","0","0","0","0","0","0","0","0","0","0","0","0","0","0","0","0","0","0","0","0","0","0","0","0","0","0","0","0","0","0","0"
"0x7f696b5b0a20","      IMAD.SHL.U32 R102, R6, 0x4, RZ","0","0","0","1184","37888","37888","32","32","0","0","0","-","-","-","0","0","0","0","0","0","0","0","-","0","0","0","0","0","0","0","0","0","0","0","0","0","0","0","0","0","0","0","0","0","0","0","0","0","0","0","0","0","0","0","0","0","0","0","0","0","0","0","0"
"0x7f696b5b0a30","      LOP3.LUT R3, R4, 0x3030, R3, 0xf8, !PT","0","0","0","1184","37888","37888","32","32","0","0","0","-","-","-","0","0","0","0","0","0","0","0","-","0","0","0","0","0","0","0","0","0","0","0","0","0","0","0","0","0","0","0","0","0","0","0","0","0","0","0","0","0","0","0","0","0","0","0","0","0","0","0","0"
"0x7f696b5b0a40","      IMAD.IADD R110, R5, 0x1, R110","0","0","0","1184","37888","37888","32","32","0","0","0","-","-","-","0","0","0","0","0","0","0","0","-","0","0","0","0","0","0","0","0","0","0","0","0","0","0","0","0","0","0","0","0","0","0","0","0","0","0","0","0","0","0","0","0","0","0","0","0","0","0","0","0"
"0x7f696b5b0a50","      ULOP3.LUT UR5, UR55, 0x2, URZ, 0xc0, !UPT","0","0","0","1184","37888","37888","32","32","0","0","0","-","-","-","0","0","0","0","0","0","0","0","-","0","0","0","0","0","0","0","0","0","0","0","0","0","0","0","0","0","0","0","0","0","0","0","0","0","0","0","0","0","0","0","0","0","0","0","0","0","0","0","0"
"0x7f696b5b0a60","      VIADD R0, R2, UR4","0","0","0","1184","37888","37888","32","32","0","0","0","-","-","-","0","0","0","0","0","0","0","0","-","0","0","0","0","0","0","0","0","0","0","0","0","0","0","0","0","0","0","0","0","0","0","0","0","0","0","0","0","0","0","0","0","0","0","0","0","0","0","0","0"
"0x7f696b5b0a70","      LOP3.LUT R112, R112, 0x100, R111, 0xfe, !PT","0","0","0","1184","37888","37888","32","32","0","0","0","-","-","-","0","0","0","0","0","0","0","0","-","0","0","0","0","0","0","0","0","0","0","0","0","0","0","0","0","0","0","0","0","0","0","0","0","0","0","0","0","0","0","0","0","0","0","0","0","0","0","0","0"
"0x7f696b5b0a80","      VIADD R3, R3, UR4","4","4","4","1184","37888","37888","32","32","0","0","0","-","-","-","0","0","0","0","0","0","0","0","-","0","0","0","0","0","0","0","0","0","0","0","0","0","0","0","0","4","0","0","0","0","0","0","0","0","0","0","0","0","0","0","0","0","4","0","0","0","0","0","0"
"0x7f696b5b0a90","      LOP3.LUT R101, R102, 0xfc, RZ, 0xc0, !PT","0","0","0","1184","37888","37888","32","32","0","0","0","-","-","-","0","0","0","0","0","0","0","0","-","0","0","0","0","0","0","0","0","0","0","0","0","0","0","0","0","0","0","0","0","0","0","0","0","0","0","0","0","0","0","0","0","0","0","0","0","0","0","0","0"
"0x7f696b5b0aa0","      VIADD R2, R0, 0x2d000","0","0","0","1184","37888","37888","32","32","0","0","0","-","-","-","0","0","0","0","0","0","0","0","-","0","0","0","0","0","0","0","0","0","0","0","0","0","0","0","0","0","0","0","0","0","0","0","0","0","0","0","0","0","0","0","0","0","0","0","0","0","0","0","0"
"0x7f696b5b0ab0","      LOP3.LUT R111, R111, 0x180, R6, 0xf8, !PT","0","0","0","1184","37888","37888","32","32","0","0","0","-","-","-","0","0","0","0","0","0","0","0","-","0","0","0","0","0","0","0","0","0","0","0","0","0","0","0","0","0","0","0","0","0","0","0","0","0","0","0","0","0","0","0","0","0","0","0","0","0","0","0","0"
"0x7f696b5b0ac0","      VIADD R5, R3, 0x2d000","0","0","0","1184","37888","37888","32","32","0","0","0","-","-","-","0","0","0","0","0","0","0","0","-","0","0","0","0","0","0","0","0","0","0","0","0","0","0","0","0","0","0","0","0","0","0","0","0","0","0","0","0","0","0","0","0","0","0","0","0","0","0","0","0"
"0x7f696b5b0ad0","      VIADD R0, R0, 0x2f000","0","0","0","1184","37888","37888","32","32","0","0","0","-","-","-","0","0","0","0","0","0","0","0","-","0","0","0","0","0","0","0","0","0","0","0","0","0","0","0","0","0","0","0","0","0","0","0","0","0","0","0","0","0","0","0","0","0","0","0","0","0","0","0","0"
"0x7f696b5b0ae0","      SHF.R.U32.HI R109, RZ, 0x3, R2","0","0","0","1184","37888","37888","32","32","0","0","0","-","-","-","0","0","0","0","0","0","0","0","-","0","0","0","0","0","0","0","0","0","0","0","0","0","0","0","0","0","0","0","0","0","0","0","0","0","0","0","0","0","0","0","0","0","0","0","0","0","0","0","0"
"0x7f696b5b0af0","      VIADD R3, R3, 0x2f000","0","0","0","1184","37888","37888","32","32","0","0","0","-","-","-","0","0","0","0","0","0","0","0","-","0","0","0","0","0","0","0","0","0","0","0","0","0","0","0","0","0","0","0","0","0","0","0","0","0","0","0","0","0","0","0","0","0","0","0","0","0","0","0","0"
"0x7f696b5b0b00","      SHF.R.U32.HI R108, RZ, 0x3, R5","3","3","3","1184","37888","37888","32","32","0","0","0","-","-","-","0","0","0","0","0","0","0","0","-","0","0","0","0","0","0","0","0","0","0","0","0","0","0","0","0","3","0","0","0","0","0","0","0","0","0","0","0","0","0","0","0","0","3","0","0","0","0","0","0"
"0x7f696b5b0b10","      VIADD R103, R103, UR5","0","0","0","1184","37888","37888","32","32","0","0","0","-","-","-","0","0","0","0","0","0","0","0","-","0","0","0","0","0","0","0","0","0","0","0","0","0","0","0","0","0","0","0","0","0","0","0","0","0","0","0","0","0","0","0","0","0","0","0","0","0","0","0","0"
"0x7f696b5b0b20","      SHF.R.U32.HI R107, RZ, 0x3, R0","0","0","0","1184","37888","37888","32","32","0","0","0","-","-","-","0","0","0","0","0","0","0","0","-","0","0","0","0","0","0","0","0","0","0","0","0","0","0","0","0","0","0","0","0","0","0","0","0","0","0","0","0","0","0","0","0","0","0","0","0","0","0","0","0"
"0x7f696b5b0b30","      SHF.R.U32.HI R106, RZ, 0x3, R3","0","0","0","1184","37888","37888","32","32","0","0","0","-","-","-","0","0","0","0","0","0","0","0","-","0","0","0","0","0","0","0","0","0","0","0","0","0","0","0","0","0","0","0","0","0","0","0","0","0","0","0","0","0","0","0","0","0","0","0","0","0","0","0","0"
"0x7f696b5b0b40","      LOP3.LUT R109, R2, 0x30, R109, 0x78, !PT","1","1","1","1184","37888","37888","32","32","0","0","0","-","-","-","0","0","0","0","0","0","0","0","-","0","0","0","0","0","0","0","0","0","0","0","0","0","0","0","0","0","0","0","0","0","0","1","0","0","0","0","0","0","0","0","0","0","0","0","0","0","0","0","1"
"0x7f696b5b0b50","      LOP3.LUT R107, R0, 0x30, R107, 0x78, !PT","0","0","0","1184","37888","37888","32","32","0","0","0","-","-","-","0","0","0","0","0","0","0","0","-","0","0","0","0","0","0","0","0","0","0","0","0","0","0","0","0","0","0","0","0","0","0","0","0","0","0","0","0","0","0","0","0","0","0","0","0","0","0","0","0"
"0x7f696b5b0b60","      LOP3.LUT R108, R5, 0x30, R108, 0x78, !PT","0","0","0","1184","37888","37888","32","32","0","0","0","-","-","-","0","0","0","0","0","0","0","0","-","0","0","0","0","0","0","0","0","0","0","0","0","0","0","0","0","0","0","0","0","0","0","0","0","0","0","0","0","0","0","0","0","0","0","0","0","0","0","0","0"
"0x7f696b5b0b70","      LOP3.LUT R106, R3, 0x30, R106, 0x78, !PT","0","0","0","1184","37888","37888","32","32","0","0","0","-","-","-","0","0","0","0","0","0","0","0","-","0","0","0","0","0","0","0","0","0","0","0","0","0","0","0","0","0","0","0","0","0","0","0","0","0","0","0","0","0","0","0","0","0","0","0","0","0","0","0","0"
"0x7f696b5b0b80","      UISETP.GT.AND UP0, UPT, UR12, 0x93, UPT","22","12","22","65536","2097152","2097152","32","32","0","0","0","-","-","-","0","0","0","0","0","0","0","0","-","0","0","0","0","0","0","0","3","0","0","0","0","0","0","0","0","19","0","0","0","0","0","0","0","1","0","0","0","0","0","0","0","0","11","0","0","0","0","0","0"
"0x7f696b5b0b90","      SHF.L.U32 R3, R105, 0x1f, RZ","2","0","2","65536","2097152","2097152","32","32","0","0","0","-","-","-","0","0","0","0","0","0","0","0","-","0","0","0","0","0","0","0","0","0","0","0","0","0","0","0","0","0","0","2","0","0","0","0","0","0","0","0","0","0","0","0","0","0","0","0","0","0","0","0","0"
"0x7f696b5b0ba0","      UISETP.NE.U32.OR UP0, UPT, UR55, URZ, UP0","2","2","2","65536","2097152","2097152","32","32","0","0","0","-","-","-","0","0","0","0","0","0","0","0","-","0","0","0","0","0","0","0","0","0","0","0","0","0","0","0","0","0","0","0","0","0","0","2","0","0","0","0","0","0","0","0","0","0","0","0","0","0","0","0","2"
"0x7f696b5b0bb0","      BRA.U UP0, 0x7f696b5b0da0","13","7","13","65536","2097152","2097152","32","32","0","0","0","-","-","-","0","0","0","0","0","0","0","0","-","0","0","0","0","0","0","0","0","0","0","0","0","0","0","0","0","0","1","1","0","0","0","11","0","0","0","0","0","0","0","0","0","0","0","0","0","0","0","0","7"
"0x7f696b5b0bc0","      ELECT P0, URZ, PT","7","4","7","148","4736","4736","32","32","0","0","0","-","-","-","0","0","0","0","0","0","0","0","-","0","0","0","0","0","0","0","0","0","0","0","0","0","0","0","0","0","0","1","0","0","0","6","0","0","0","0","0","0","0","0","0","0","0","0","0","0","0","0","4"
"0x7f696b5b0bd0","      UIADD3 UR8, UP0, UPT, UR14, 0x80, URZ","0","0","0","148","4736","4736","32","32","0","0","0","-","-","-","0","0","0","0","0","0","0","0","-","0","0","0","0","0","0","0","0","0","0","0","0","0","0","0","0","0","0","0","0","0","0","0","0","0","0","0","0","0","0","0","0","0","0","0","0","0","0","0","0"
"0x7f696b5b0be0","      USHF.L.U32 UR7, UR12, 0x6, URZ","0","0","0","148","4736","4736","32","32","0","0","0","-","-","-","0","0","0","0","0","0","0","0","-","0","0","0","0","0","0","0","0","0","0","0","0","0","0","0","0","0","0","0","0","0","0","0","0","0","0","0","0","0","0","0","0","0","0","0","0","0","0","0","0"
"0x7f696b5b0bf0","      UIADD3 UR5, UPT, UPT, UR4, 0x31938, URZ","0","0","0","148","4736","4736","32","32","0","0","0","-","-","-","0","0","0","0","0","0","0","0","-","0","0","0","0","0","0","0","0","0","0","0","0","0","0","0","0","0","0","0","0","0","0","0","0","0","0","0","0","0","0","0","0","0","0","0","0","0","0","0","0"
"0x7f696b5b0c00","      UIADD3 UR24, UPT, UPT, UR4, 0x2000, URZ","1","1","1","148","4736","4736","32","32","0","0","0","-","-","-","0","0","0","0","0","0","0","0","-","0","0","0","0","0","0","0","0","0","0","0","0","0","0","0","0","1","0","0","0","0","0","0","0","0","0","0","0","0","0","0","0","0","1","0","0","0","0","0","0"
"0x7f696b5b0c10","      UIADD3 UR28, UPT, UPT, UR4, 0x4000, URZ","0","0","0","148","4736","4736","32","32","0","0","0","-","-","-","0","0","0","0","0","0","0","0","-","0","0","0","0","0","0","0","0","0","0","0","0","0","0","0","0","0","0","0","0","0","0","0","0","0","0","0","0","0","0","0","0","0","0","0","0","0","0","0","0"
"0x7f696b5b0c20","      UIADD3 UR20, UPT, UPT, UR4, 0x6000, URZ","0","0","0","148","4736","4736","32","32","0","0","0","-","-","-","0","0","0","0","0","0","0","0","-","0","0","0","0","0","0","0","0","0","0","0","0","0","0","0","0","0","0","0","0","0","0","0","0","0","0","0","0","0","0","0","0","0","0","0","0","0","0","0","0"
"0x7f696b5b0c30","@P0   MOV R0, 0x9000","0","0","0","148","4736","148","32","1","31","31","0","-","-","-","0","0","0","0","0","0","0","0","-","0","0","0","0","0","0","0","0","0","0","0","0","0","0","0","0","0","0","0","0","0","0","0","0","0","0","0","0","0","0","0","0","0","0","0","0","0","0","0","0"
"0x7f696b5b0c40","      UIADD3 UR16, UPT, UPT, UR4, 0x8000, URZ","0","0","0","148","4736","4736","32","32","31","0","0","-","-","-","0","0","0","0","0","0","0","0","-","0","0","0","0","0","0","0","0","0","0","0","0","0","0","0","0","0","0","0","0","0","0","0","0","0","0","0","0","0","0","0","0","0","0","0","0","0","0","0","0"
"0x7f696b5b0c50","      UIADD3.X UR9, UPT, UPT, URZ, UR15, URZ, UP0, !UPT","0","0","0","148","4736","4736","32","32","0","0","0","-","-","-","0","0","0","0","0","0","0","0","-","0","0","0","0","0","0","0","0","0","0","0","0","0","0","0","0","0","0","0","0","0","0","0","0","0","0","0","0","0","0","0","0","0","0","0","0","0","0","0","0"
"0x7f696b5b0c60","@P0   SYNCS.ARRIVE.TRANS64 RZ, [UR4+0x31938], R0","0","0","0","148","4736","148","32","1","31","31","0","-","-","-","0","0","0","0","0","0","0","0","-","0","0","0","0","0","0","0","0","0","0","0","0","0","0","0","0","0","0","0","0","0","0","0","0","0","0","0","0","0","0","0","0","0","0","0","0","0","0","0","0"
"0x7f696b5b0c70","      UMOV UR6, URZ","0","0","0","148","4736","4736","32","32","31","0","0","-","-","-","0","0","0","0","0","0","0","0","-","0","0","0","0","0","0","0","0","0","0","0","0","0","0","0","0","0","0","0","0","0","0","0","0","0","0","0","0","0","0","0","0","0","0","0","0","0","0","0","0"
"0x7f696b5b0c80","      UMOV UR26, 0x80","1","1","1","148","4736","4736","32","32","0","0","0","-","-","-","0","0","0","0","0","0","0","0","-","0","0","0","0","0","0","0","0","0","0","0","0","0","0","0","0","1","0","0","0","0","0","0","0","0","0","0","0","0","0","0","0","0","1","0","0","0","0","0","0"
"0x7f696b5b0c90","      UMOV UR25, UR5","0","0","0","148","4736","4736","32","32","0","0","0","-","-","-","0","0","0","0","0","0","0","0","-","0","0","0","0","0","0","0","0","0","0","0","0","0","0","0","0","0","0","0","0","0","0","0","0","0","0","0","0","0","0","0","0","0","0","0","0","0","0","0","0"
"0x7f696b5b0ca0","      UMOV UR27, UR7","0","0","0","148","4736","4736","32","32","0","0","0","-","-","-","0","0","0","0","0","0","0","0","-","0","0","0","0","0","0","0","0","0","0","0","0","0","0","0","0","0","0","0","0","0","0","0","0","0","0","0","0","0","0","0","0","0","0","0","0","0","0","0","0"
"0x7f696b5b0cb0","      UMOV UR30, 0x100","1","0","1","148","4736","4736","32","32","0","0","0","-","-","-","0","0","0","0","0","0","0","0","-","0","0","0","0","0","0","0","0","0","0","0","0","0","0","0","0","0","0","1","0","0","0","0","0","0","0","0","0","0","0","0","0","0","0","0","0","0","0","0","0"
"0x7f696b5b0cc0","      UTMALDG.2D [UR4], [UR14]","0","0","0","148","4736","4736","32","32","0","0","0","Global,Shared","-","-","0","0","0","0","0","0","0","0","-","0","0","0","0","0","0","0","0","0","0","0","0","0","0","0","0","0","0","0","0","0","0","0","0","0","0","0","0","0","0","0","0","0","0","0","0","0","0","0","0"
"0x7f696b5b0cd0","      UMOV UR29, UR5","0","0","0","148","4736","4736","32","32","0","0","0","-","-","-","0","0","0","0","0","0","0","0","-","0","0","0","0","0","0","0","0","0","0","0","0","0","0","0","0","0","0","0","0","0","0","0","0","0","0","0","0","0","0","0","0","0","0","0","0","0","0","0","0"
"0x7f696b5b0ce0","      UMOV UR31, UR7","0","0","0","148","4736","4736","32","32","0","0","0","-","-","-","0","0","0","0","0","0","0","0","-","0","0","0","0","0","0","0","0","0","0","0","0","0","0","0","0","0","0","0","0","0","0","0","0","0","0","0","0","0","0","0","0","0","0","0","0","0","0","0","0"
"0x7f696b5b0cf0","      UMOV UR22, 0x180","0","0","0","148","4736","4736","32","32","0","0","0","-","-","-","0","0","0","0","0","0","0","0","-","0","0","0","0","0","0","0","0","0","0","0","0","0","0","0","0","0","0","0","0","0","0","0","0","0","0","0","0","0","0","0","0","0","0","0","0","0","0","0","0"
"0x7f696b5b0d00","      UMOV UR21, UR5","0","0","0","148","4736","4736","32","32","0","0","0","-","-","-","0","0","0","0","0","0","0","0","-","0","0","0","0","0","0","0","0","0","0","0","0","0","0","0","0","0","0","0","0","0","0","0","0","0","0","0","0","0","0","0","0","0","0","0","0","0","0","0","0"
"0x7f696b5b0d10","      UMOV UR23, UR7","0","0","0","148","4736","4736","32","32","0","0","0","-","-","-","0","0","0","0","0","0","0","0","-","0","0","0","0","0","0","0","0","0","0","0","0","0","0","0","0","0","0","0","0","0","0","0","0","0","0","0","0","0","0","0","0","0","0","0","0","0","0","0","0"
"0x7f696b5b0d20","      UMOV UR19, UR7","0","0","0","148","4736","4736","32","32","0","0","0","-","-","-","0","0","0","0","0","0","0","0","-","0","0","0","0","0","0","0","0","0","0","0","0","0","0","0","0","0","0","0","0","0","0","0","0","0","0","0","0","0","0","0","0","0","0","0","0","0","0","0","0"
"0x7f696b5b0d30","      UMOV UR17, UR5","0","0","0","148","4736","4736","32","32","0","0","0","-","-","-","0","0","0","0","0","0","0","0","-","0","0","0","0","0","0","0","0","0","0","0","0","0","0","0","0","0","0","0","0","0","0","0","0","0","0","0","0","0","0","0","0","0","0","0","0","0","0","0","0"
"0x7f696b5b0d40","      UTMALDG.2D [UR24], [UR14]","0","0","0","148","4736","4736","32","32","0","0","0","Global,Shared","-","-","0","0","0","0","0","0","0","0","-","0","0","0","0","0","0","0","0","0","0","0","0","0","0","0","0","0","0","0","0","0","0","0","0","0","0","0","0","0","0","0","0","0","0","0","0","0","0","0","0"
"0x7f696b5b0d50","      UMOV UR18, UR6","0","0","0","148","4736","4736","32","32","0","0","0","-","-","-","0","0","0","0","0","0","0","0","-","0","0","0","0","0","0","0","0","0","0","0","0","0","0","0","0","0","0","0","0","0","0","0","0","0","0","0","0","0","0","0","0","0","0","0","0","0","0","0","0"
"0x7f696b5b0d60","      UTMALDG.2D [UR28], [UR14]","0","0","0","148","4736","4736","32","32","0","0","0","Global,Shared","-","-","0","0","0","0","0","0","0","0","-","0","0","0","0","0","0","0","0","0","0","0","0","0","0","0","0","0","0","0","0","0","0","0","0","0","0","0","0","0","0","0","0","0","0","0","0","0","0","0","0"
"0x7f696b5b0d70","      UTMALDG.2D [UR20], [UR14]","0","0","0","148","4736","4736","32","32","0","0","0","Global,Shared","-","-","0","0","0","0","0","0","0","0","-","0","0","0","0","0","0","0","0","0","0","0","0","0","0","0","0","0","0","0","0","0","0","0","0","0","0","0","0","0","0","0","0","0","0","0","0","0","0","0","0"
"0x7f696b5b0d80","      UTMALDG.2D [UR16], [UR8]","0","0","0","148","4736","4736","32","32","0","0","0","Global,Shared","-","-","0","0","0","0","0","0","0","0","-","0","0","0","0","0","0","0","0","0","0","0","0","0","0","0","0","0","0","0","0","0","0","0","0","0","0","0","0","0","0","0","0","0","0","0","0","0","0","0","0"
"0x7f696b5b0d90","      NOP","0","0","0","148","4736","4736","32","32","0","0","0","-","-","-","0","0","0","0","0","0","0","0","-","0","0","0","0","0","0","0","0","0","0","0","0","0","0","0","0","0","0","0","0","0","0","0","0","0","0","0","0","0","0","0","0","0","0","0","0","0","0","0","0"
"0x7f696b5b0da0","      SYNCS.PHASECHK.TRANS64.TRYWAIT P0, [UR4+0x31938], R3","39","18","39","65536","2097152","2097152","32","32","0","0","0","-","-","-","0","0","0","0","0","0","0","0","-","0","0","0","0","0","0","0","6","0","0","0","0","0","0","0","0","31","2","0","0","0","0","0","0","3","0","0","0","0","0","0","0","0","15","0","0","0","0","0","0"
"0x7f696b5b0db0","@!P0  BRA 0x7f696b5b3d00","164","139","164","65536","2097152","32384","32","0","32","32","0","-","-","-","0","0","0","0","0","0","0","0","-","0","0","0","0","0","0","0","0","0","0","0","160","0","0","0","0","0","2","1","0","0","0","1","0","0","0","0","0","138","0","0","0","0","0","0","0","0","0","0","1"
"0x7f696b5b0dc0","      LDCU.64 UR6, c[0x0][0x398]","9","5","9","65536","2097152","2097152","32","32","32","0","0","-","-","-","0","0","0","0","0","0","0","0","-","0","0","0","0","0","0","0","0","0","0","0","0","0","0","0","0","0","0","1","0","0","0","8","0","0","0","0","0","0","0","0","0","0","0","0","0","0","0","0","5"
"0x7f696b5b0dd0","      LDS R122, [UR4+0x31940]","2","0","2","65536","2097152","2097152","32","32","0","0","0","Shared","Load","32","0","1","0","65536","65536","0","0","0","-","0","0","0","0","0","0","0","0","0","0","0","0","0","0","0","0","0","0","2","0","0","0","0","0","0","0","0","0","0","0","0","0","0","0","0","0","0","0","0","0"
"0x7f696b5b0de0","      LDCU.64 UR8, c[0x0][0x358]","2","0","2","65536","2097152","2097152","32","32","0","0","0","-","-","-","0","0","0","0","0","0","0","0","-","0","0","0","0","0","0","0","0","0","0","0","0","0","0","0","0","0","0","2","0","0","0","0","0","0","0","0","0","0","0","0","0","0","0","0","0","0","0","0","0"
"0x7f696b5b0df0","      UIMAD.WIDE UR6, UR12, 0x4, UR6","22","10","22","65536","2097152","2097152","32","32","0","0","0","-","-","-","0","0","0","0","0","0","0","0","-","0","0","0","0","0","0","0","0","1","0","0","0","0","0","0","0","0","4","2","15","0","0","0","0","0","0","0","0","0","0","0","0","0","0","0","0","10","0","0","0"
"0x7f696b5b0e00","      IMAD.U32 R114, RZ, RZ, UR6","15","9","15","65536","2097152","2097152","32","32","0","0","0","-","-","-","0","0","0","0","0","0","0","0","-","0","0","0","0","0","0","0","0","0","0","0","0","1","0","0","0","0","3","0","0","0","0","11","0","0","0","0","0","0","0","0","0","0","0","0","0","0","0","0","9"
"0x7f696b5b0e10","      IMAD.U32 R115, RZ, RZ, UR7","3","0","3","65536","2097152","2097152","32","32","0","0","0","-","-","-","0","0","0","0","0","0","0","0","-","0","0","0","0","0","0","0","0","0","0","0","0","0","0","0","0","0","1","2","0","0","0","0","0","0","0","0","0","0","0","0","0","0","0","0","0","0","0","0","0"
"0x7f696b5b0e20","      LDG.E R3, desc[UR8][R114.64]","4","2","4","65536","2097152","2097152","32","32","0","0","0","Global","Load","32","65536","0","0","0","0","0","65536","65536","","0","0","0","0","0","0","0","0","1","0","0","0","0","0","0","0","0","1","0","0","0","0","2","0","0","0","0","0","0","0","0","0","0","0","0","0","0","0","0","2"
"0x7f696b5b0e30","      IMAD.MOV.U32 R99, RZ, RZ, RZ","1","0","1","65536","2097152","2097152","32","32","0","0","0","-","-","-","0","0","0","0","0","0","0","0","-","0","0","0","0","0","0","0","0","0","0","0","0","0","0","0","0","0","0","1","0","0","0","0","0","0","0","0","0","0","0","0","0","0","0","0","0","0","0","0","0"
"0x7f696b5b0e40","      SHF.R.S32.HI R0, RZ, 0x1f, R3","63","36","63","65536","2097152","2097152","32","32","0","0","0","-","-","-","0","0","0","0","0","0","0","0","-","0","0","0","0","0","0","0","0","0","0","0","52","2","0","0","0","0","6","3","0","0","0","0","0","0","0","0","0","34","2","0","0","0","0","0","0","0","0","0","0"
"0x7f696b5b0e50","      LEA.HI R121, R0, R3, RZ, 0x7","11","2","11","65536","2097152","2097152","32","32","0","0","0","-","-","-","0","0","0","0","0","0","0","0","-","0","0","0","0","0","0","0","0","0","0","0","0","0","0","0","0","0","5","1","0","0","0","5","0","0","0","0","0","0","0","0","0","0","0","0","0","0","0","0","2"
"0x7f696b5b0e60","      LOP3.LUT R0, R121, 0xffffff80, RZ, 0xc0, !PT","13","3","13","65536","2097152","2097152","32","32","0","0","0","-","-","-","0","0","0","0","0","0","0","0","-","0","0","0","0","0","0","0","0","1","0","0","0","1","0","0","0","0","7","1","0","0","0","3","0","0","0","0","0","0","1","0","0","0","0","0","0","0","0","0","2"
"0x7f696b5b0e70","      ISETP.NE.U32.AND P0, PT, R3, R0, PT","13","4","13","65536","2097152","2097152","32","32","0","0","0","-","-","-","0","0","0","0","0","0","0","0","-","0","0","0","0","0","0","0","0","1","0","0","0","0","0","0","0","0","4","2","0","0","0","6","0","0","0","0","0","0","0","0","0","0","0","0","0","0","0","0","4"
"0x7f696b5b0e80","      SHF.R.S32.HI R0, RZ, 0x7, R121","6","1","6","65536","2097152","2097152","32","32","0","0","0","-","-","-","0","0","0","0","0","0","0","0","-","0","0","0","0","0","0","0","0","0","0","0","0","0","0","0","0","0","0","5","0","0","0","1","0","0","0","0","0","0","0","0","0","0","0","0","0","0","0","0","1"
"0x7f696b5b0e90","      ISETP.GT.AND P0, PT, R3, -0x1, P0","9","4","9","65536","2097152","2097152","32","32","0","0","0","-","-","-","0","0","0","0","0","0","0","0","-","0","0","0","0","0","0","0","0","1","0","0","0","0","0","0","0","0","2","1","0","0","0","5","0","0","0","0","0","0","0","0","0","0","0","0","0","0","0","0","4"
"0x7f696b5b0ea0","      LEA.HI.SX32 R121, R121, 0x1, 0x19","6","2","6","65536","2097152","2097152","32","32","0","0","0","-","-","-","0","0","0","0","0","0","0","0","-","0","0","0","0","0","0","0","0","0","0","0","0","1","0","0","0","0","0","3","0","0","0","2","0","0","0","0","0","0","0","0","0","0","0","0","0","0","0","0","2"
"0x7f696b5b0eb0","@!P0  IMAD.MOV R121, RZ, RZ, R0","16","5","16","65536","2097152","2097152","32","32","0","0","0","-","-","-","0","0","0","0","0","0","0","0","-","0","0","0","0","0","0","0","0","0","0","0","0","0","0","0","0","0","4","2","0","0","0","10","0","0","0","0","0","0","0","0","0","0","0","0","0","0","0","0","5"
"0x7f696b5b0ec0","      ISETP.GE.AND P0, PT, R121, 0x1, PT","14","6","14","65536","2097152","2097152","32","32","0","0","0","-","-","-","0","0","0","0","0","0","0","0","-","0","0","0","0","0","0","0","0","0","0","0","0","2","0","0","0","0","3","3","0","0","0","6","0","0","0","0","0","0","2","0","0","0","0","0","0","0","0","0","4"
"0x7f696b5b0ed0","@!P0  BRA 0x7f696b5b2a00","19","7","19","65536","2097152","0","32","0","32","32","0","-","-","-","0","0","0","0","0","0","0","0","-","0","0","0","0","0","0","0","0","0","0","0","0","0","0","0","0","0","3","1","0","0","0","15","0","0","0","0","0","0","0","0","0","0","0","0","0","0","0","0","7"
"0x7f696b5b0ee0","      LEA.HI R118, R104, R104, RZ, 0x1","10","4","10","65536","2097152","2097152","32","32","32","0","0","-","-","-","0","0","0","0","0","0","0","0","-","0","0","0","0","0","0","0","0","0","0","0","0","0","0","0","0","0","2","2","0","0","0","6","0","0","0","0","0","0","0","0","0","0","0","0","0","0","0","0","4"
"0x7f696b5b0ef0","      HFMA2 R99, -RZ, RZ, 0, 0","2","0","2","65536","2097152","2097152","32","32","0","0","0","-","-","-","0","0","0","0","0","0","0","0","-","0","0","0","0","0","0","0","0","0","0","0","0","0","0","0","0","0","0","2","0","0","0","0","0","0","0","0","0","0","0","0","0","0","0","0","0","0","0","0","0"
"0x7f696b5b0f00","      IMAD.IADD R120, R111, 0x1, R122","3","2","3","65536","2097152","2097152","32","32","0","0","0","-","-","-","0","0","0","0","0","0","0","0","-","0","0","0","0","0","0","0","0","0","0","0","0","0","0","0","0","0","0","0","0","0","0","3","0","0","0","0","0","0","0","0","0","0","0","0","0","0","0","0","2"
"0x7f696b5b0f10","      UMOV UR7, URZ","1","0","1","65536","2097152","2097152","32","32","0","0","0","-","-","-","0","0","0","0","0","0","0","0","-","0","0","0","0","0","0","0","0","0","0","0","0","0","0","0","0","0","0","1","0","0","0","0","0","0","0","0","0","0","0","0","0","0","0","0","0","0","0","0","0"
"0x7f696b5b0f20","      LOP3.LUT R117, R118, 0xfffffffe, RZ, 0xc0, !PT","1","0","1","65536","2097152","2097152","32","32","0","0","0","-","-","-","0","0","0","0","0","0","0","0","-","0","0","0","0","0","0","0","0","0","0","0","0","0","0","0","0","0","0","1","0","0","0","0","0","0","0","0","0","0","0","0","0","0","0","0","0","0","0","0","0"
"0x7f696b5b0f30","      IMAD.IADD R119, R112, 0x1, R122","1","0","1","65536","2097152","2097152","32","32","0","0","0","-","-","-","0","0","0","0","0","0","0","0","-","0","0","0","0","0","0","0","0","0","0","0","0","0","0","0","0","0","0","1","0","0","0","0","0","0","0","0","0","0","0","0","0","0","0","0","0","0","0","0","0"
"0x7f696b5b0f40","      SHF.R.S32.HI R118, RZ, 0x1, R118","1","0","1","65536","2097152","2097152","32","32","0","0","0","-","-","-","0","0","0","0","0","0","0","0","-","0","0","0","0","0","0","0","0","0","0","0","0","0","0","0","0","0","0","1","0","0","0","0","0","0","0","0","0","0","0","0","0","0","0","0","0","0","0","0","0"
"0x7f696b5b0f50","      IMAD.MOV.U32 R67, RZ, RZ, -0xeb60d36","3","0","3","65536","2097152","2097152","32","32","0","0","0","-","-","-","0","0","0","0","0","0","0","0","-","0","0","0","0","0","0","0","0","0","0","0","0","0","0","0","0","0","0","3","0","0","0","0","0","0","0","0","0","0","0","0","0","0","0","0","0","0","0","0","0"
"0x7f696b5b0f60","      IADD3 R117, PT, PT, -R117, R104, RZ","0","0","0","65536","2097152","2097152","32","32","0","0","0","-","-","-","0","0","0","0","0","0","0","0","-","0","0","0","0","0","0","0","0","0","0","0","0","0","0","0","0","0","0","0","0","0","0","0","0","0","0","0","0","0","0","0","0","0","0","0","0","0","0","0","0"
"0x7f696b5b0f70","      VIADD R7, R104, UR7","414","320","414","1048576","33554432","33554432","32","32","0","0","0","-","-","-","0","0","0","0","0","0","0","0","-","0","0","0","0","0","0","0","57","0","0","0","0","5","0","0","0","332","12","3","0","0","0","5","0","31","0","0","0","0","3","0","0","0","284","0","0","0","0","0","2"
"0x7f696b5b0f80","      IMAD.SHL.U32 R0, R118, 0x2, RZ","181","78","181","1048576","33554432","33554432","32","32","0","0","0","-","-","-","0","0","0","0","0","0","0","0","-","0","0","0","0","0","0","0","0","0","0","0","0","9","0","0","0","121","11","23","0","0","0","17","0","0","0","0","0","0","7","0","0","0","58","0","0","0","0","0","13"
"0x7f696b5b0f90","      VIADD R5, R118, 0xffffffff","44","9","44","1048576","33554432","33554432","32","32","0","0","0","-","-","-","0","0","0","0","0","0","0","0","-","0","0","0","0","0","0","0","0","0","0","0","0","2","0","0","0","0","6","20","0","0","0","16","0","0","0","0","0","0","2","0","0","0","0","0","0","0","0","0","7"
"0x7f696b5b0fa0","      LEA.HI R2, R7, R7, RZ, 0x1","18","0","18","1048576","33554432","33554432","32","32","0","0","0","-","-","-","0","0","0","0","0","0","0","0","-","0","0","0","0","0","0","0","0","0","0","0","0","2","0","0","0","0","0","16","0","0","0","0","0","0","0","0","0","0","0","0","0","0","0","0","0","0","0","0","0"
"0x7f696b5b0fb0","      ISETP.NE.U32.AND P0, PT, R7, R0, PT","43","10","43","1048576","33554432","33554432","32","32","0","0","0","-","-","-","0","0","0","0","0","0","0","0","-","0","0","0","0","0","0","0","0","0","0","0","0","3","0","0","0","0","7","21","0","0","0","12","0","0","0","0","0","0","1","0","0","0","0","0","0","0","0","0","9"
"0x7f696b5b0fc0","      LOP3.LUT R2, R2, 0xfffffffe, RZ, 0xc0, !PT","70","21","70","1048576","33554432","33554432","32","32","0","0","0","-","-","-","0","0","0","0","0","0","0","0","-","0","0","0","0","0","0","0","0","0","0","0","0","11","0","0","0","0","17","22","0","0","0","20","0","0","0","0","0","0","10","0","0","0","0","0","0","0","0","0","11"
"0x7f696b5b0fd0","      ISETP.LT.AND P0, PT, R7, RZ, P0","70","15","70","1048576","33554432","33554432","32","32","0","0","0","-","-","-","0","0","0","0","0","0","0","0","-","0","0","0","0","0","0","0","0","0","0","0","0","15","0","0","0","0","23","21","0","0","0","11","0","0","0","0","0","0","9","0","0","0","0","0","0","0","0","0","6"
"0x7f696b5b0fe0","      IMAD.IADD R2, R7, 0x1, -R2","76","12","76","1048576","33554432","33554432","32","32","0","0","0","-","-","-","0","0","0","0","0","0","0","0","-","0","0","0","0","0","0","0","0","1","0","0","0","3","0","0","0","0","9","19","0","0","0","44","0","0","0","0","0","0","0","0","0","0","0","0","0","0","0","0","12"
"0x7f696b5b0ff0","      LEA R116, R2, UR4, 0x3","136","59","136","1048576","33554432","33554432","32","32","0","0","0","-","-","-","0","0","0","0","0","0","0","0","-","0","0","0","0","0","0","0","0","0","0","0","0","23","0","0","0","0","11","15","0","0","0","87","0","0","0","0","0","0","21","0","0","0","0","0","0","0","0","0","38"
"0x7f696b5b1000","      SHF.L.U32 R113, R2, 0x1f, RZ","48","13","48","1048576","33554432","33554432","32","32","0","0","0","-","-","-","0","0","0","0","0","0","0","0","-","0","0","0","0","0","0","0","0","0","0","0","0","2","0","0","0","1","0","25","0","0","0","20","0","0","0","0","0","0","1","0","0","0","0","0","0","0","0","0","12"
"0x7f696b5b1010","@!P0  IMAD.MOV R5, RZ, RZ, R118","49","20","49","1048576","33554432","33554432","32","32","0","0","0","-","-","-","0","0","0","0","0","0","0","0","-","0","0","0","0","0","0","0","0","0","0","0","0","1","0","0","0","0","2","13","0","0","0","33","0","0","0","0","0","0","0","0","0","0","0","0","0","0","0","0","20"
"0x7f696b5b1020","      LEA.HI R0, R5, R5, RZ, 0x1","111","51","111","1048576","33554432","33554432","32","32","0","0","0","-","-","-","0","0","0","0","0","0","0","0","-","0","0","0","0","0","0","0","0","0","0","0","0","7","0","0","0","0","7","21","0","0","0","76","0","0","0","0","0","0","6","0","0","0","0","0","0","0","0","0","45"
"0x7f696b5b1030","      LOP3.LUT R0, R0, 0xfffffffe, RZ, 0xc0, !PT","104","32","104","1048576","33554432","33554432","32","32","0","0","0","-","-","-","0","0","0","0","0","0","0","0","-","0","0","0","0","0","0","0","0","0","0","0","0","2","0","0","0","0","4","25","0","0","0","73","0","0","0","0","0","0","2","0","0","0","0","0","0","0","0","0","30"
"0x7f696b5b1040","      IMAD.IADD R0, R5, 0x1, -R0","105","50","105","1048576","33554432","33554432","32","32","0","0","0","-","-","-","0","0","0","0","0","0","0","0","-","0","0","0","0","0","0","0","0","0","0","0","0","4","0","0","0","0","6","16","0","0","0","79","0","0","0","0","0","0","2","0","0","0","0","0","0","0","0","0","48"
"0x7f696b5b1050","      SHF.L.U32 R3, R0, 0x1f, RZ","106","32","106","1048576","33554432","33554432","32","32","0","0","0","-","-","-","0","0","0","0","0","0","0","0","-","0","0","0","0","0","0","0","0","0","0","0","0","3","0","0","0","0","4","16","0","0","0","83","0","0","0","0","0","0","2","0","0","0","0","0","0","0","0","0","30"
"0x7f696b5b1060","      IMAD R0, R2, 0x4, R103","24","0","24","1048576","33554432","33554432","32","32","0","0","0","-","-","-","0","0","0","0","0","0","0","0","-","0","0","0","0","0","0","0","0","0","0","0","0","0","0","0","0","0","0","24","0","0","0","0","0","0","0","0","0","0","0","0","0","0","0","0","0","0","0","0","0"
"0x7f696b5b1070","      SYNCS.PHASECHK.TRANS64.TRYWAIT P0, [R116+URZ+0x31948], R3","74","19","74","1048576","33554432","33554432","32","32","0","0","0","-","-","-","0","0","0","0","0","0","0","0","-","0","0","0","0","0","0","0","0","0","0","0","0","0","0","0","0","0","6","23","0","0","0","45","0","0","0","0","0","0","0","0","0","0","0","0","0","0","0","0","19"
"0x7f696b5b1080","      LEA R0, R0, UR4, 0x2","57","21","57","1048576","33554432","33554432","32","32","0","0","0","-","-","-","0","0","0","0","0","0","0","0","-","0","0","0","0","0","0","0","0","2","0","0","0","8","0","0","0","0","10","15","0","0","0","22","0","0","2","0","0","0","5","0","0","0","0","0","0","0","0","0","14"
"0x7f696b5b1090","@!P0  BRA 0x7f696b5b3d60","1032","815","1032","1048576","33554432","749568","32","0","32","32","0","-","-","-","0","0","0","0","0","0","0","0","-","0","0","0","0","0","0","0","0","1","0","0","1004","0","0","0","0","0","8","19","0","0","0","0","0","0","0","0","0","815","0","0","0","0","0","0","0","0","0","0","0"
"0x7f696b5b10a0","      NOP","137","90","137","1048576","33554432","33554432","32","32","32","0","0","-","-","-","0","0","0","0","0","0","0","0","-","0","0","0","0","0","0","0","0","0","0","0","0","0","0","0","0","0","5","18","0","0","0","114","0","0","0","0","0","0","0","0","0","0","0","0","0","0","0","0","90"
"0x7f696b5b10b0","      LDS R0, [R0+0x31900]","21","0","21","1048576","33554432","33554432","32","32","0","0","0","Shared","Load","32","0","1","0","1048576","1048576","0","0","0","-","0","0","0","0","0","0","0","0","1","0","0","0","0","0","0","0","0","0","20","0","0","0","0","0","0","0","0","0","0","0","0","0","0","0","0","0","0","0","0","0"
"0x7f696b5b10c0","      SYNCS.PHASECHK.TRANS64.TRYWAIT P0, [UR4+0x31920], R113","19","0","19","1048576","33554432","33554432","32","32","0","0","0","-","-","-","0","0","0","0","0","0","0","0","-","0","0","0","0","0","0","0","0","0","0","0","0","0","0","0","0","0","0","19","0","0","0","0","0","0","0","0","0","0","0","0","0","0","0","0","0","0","0","0","0"
"0x7f696b5b10d0","@!P0  BRA 0x7f696b5b3db0","13528","9254","13528","1048576","33554432","31495168","32","30","2","2","0","-","-","-","0","0","0","0","0","0","0","0","-","0","0","0","0","0","0","0","0","1","0","0","13447","0","0","0","0","0","38","21","0","0","0","21","0","0","0","0","0","9249","0","0","0","0","0","0","0","0","0","0","5"
"0x7f696b5b10e0","      ISETP.NE.U32.AND P0, PT, R0, -0x1, PT","144","77","144","1048576","33554432","33554432","32","32","2","0","0","-","-","-","0","0","0","0","0","0","0","0","-","0","0","0","0","0","0","0","0","5","0","0","0","12","0","0","0","0","24","12","0","0","0","91","0","0","0","0","0","0","9","0","0","0","0","0","0","0","0","0","68"
"0x7f696b5b10f0","      NOP","16","0","16","1048576","33554432","33554432","32","32","0","0","0","-","-","-","0","0","0","0","0","0","0","0","-","0","0","0","0","0","0","0","0","0","0","0","0","0","0","0","0","0","0","16","0","0","0","0","0","0","0","0","0","0","0","0","0","0","0","0","0","0","0","0","0"
"0x7f696b5b1100","      R2UR UR5, R119","22","0","22","1048576","33554432","33554432","32","32","0","0","0","-","-","-","0","0","0","0","0","0","0","0","-","0","0","0","0","0","0","0","0","0","0","0","0","0","0","0","0","0","0","22","0","0","0","0","0","0","0","0","0","0","0","0","0","0","0","0","0","0","0","0","0"
"0x7f696b5b1110","      SEL R69, RZ, 0x1, !P0","55","16","55","1048576","33554432","33554432","32","32","0","0","0","-","-","-","0","0","0","0","0","0","0","0","-","0","0","0","0","0","0","0","0","0","0","0","0","0","0","0","0","0","2","25","0","0","0","28","0","0","0","0","0","0","0","0","0","0","0","0","0","0","0","0","16"
"0x7f696b5b1120","      SHF.L.U32 R68, R69, 0x2, RZ","174","52","174","1048576","33554432","33554432","32","32","0","0","0","-","-","-","0","0","0","0","0","0","0","0","-","0","0","0","0","0","0","0","0","4","0","0","0","34","0","0","0","0","56","16","0","0","0","64","0","0","0","0","0","0","22","0","0","0","0","0","0","0","0","0","30"
"0x7f696b5b1130","      LDC R68, c[0x2][R68]","139","50","139","1048576","33554432","33554432","32","32","0","0","0","-","-","-","0","0","0","0","0","0","0","0","-","0","0","0","0","0","0","0","0","0","0","0","0","0","0","0","0","0","26","19","0","0","0","94","0","0","0","0","0","0","0","0","0","0","0","0","0","0","0","0","50"
"0x7f696b5b1140","      LDTM.STAT.x32.MAX.F32.NAN R66, R4, tmem[UR5]","15","0","15","1048576","33554432","33554432","32","32","0","0","0","Tmem","Load","-","0","0","0","0","0","0","0","0","-","0","0","0","0","0","0","0","0","0","0","0","0","0","0","0","0","0","0","15","0","0","0","0","0","0","0","0","0","0","0","0","0","0","0","0","0","0","0","0","0"
"0x7f696b5b1150","      NOP","14","0","14","1048576","33554432","33554432","32","32","0","0","0","-","-","-","0","0","0","0","0","0","0","0","-","0","0","0","0","0","0","0","0","0","0","0","0","0","0","0","0","0","0","14","0","0","0","0","0","0","0","0","0","0","0","0","0","0","0","0","0","0","0","0","0"
"0x7f696b5b1160","      FMUL2 R62, R10.F32x2.HI_LO, 0.090168438851833343506","1042","557","1042","1048576","33554432","33554432","32","32","0","0","0","-","-","-","0","0","0","0","0","0","0","0","-","0","0","0","0","0","0","0","0","15","0","0","0","110","0","0","0","0","187","17","713","0","0","0","0","0","6","0","0","0","83","0","0","0","0","0","0","468","0","0","0"
"0x7f696b5b1170","      SHF.R.S32.HI R69, RZ, 0x1f, R68","122","70","122","1048576","33554432","33554432","32","32","0","0","0","-","-","-","0","0","0","0","0","0","0","0","-","0","0","0","0","0","0","0","0","1","0","0","0","2","0","0","0","0","12","22","85","0","0","0","0","0","0","0","0","0","2","0","0","0","0","0","0","68","0","0","0"
"0x7f696b5b1180","      FMUL2 R46, R4.F32x2.HI_LO, 0.090168438851833343506","18","0","18","1048576","33554432","33554432","32","32","0","0","0","-","-","-","0","0","0","0","0","0","0","0","-","0","0","0","0","0","0","0","0","0","0","0","0","0","0","0","0","0","0","18","0","0","0","0","0","0","0","0","0","0","0","0","0","0","0","0","0","0","0","0","0"
"0x7f696b5b1190","      FMUL2 R50, R6.F32x2.HI_LO, 0.090168438851833343506","64","13","64","1048576","33554432","33554432","32","32","0","0","0","-","-","-","0","0","0","0","0","0","0","0","-","0","0","0","0","0","0","0","0","1","0","0","0","1","0","0","0","0","27","20","0","0","0","15","0","0","0","0","0","0","0","0","0","0","0","0","0","0","0","0","13"
"0x7f696b5b11a0","      FMUL2 R44, R8.F32x2.HI_LO, 0.090168438851833343506","58","13","58","1048576","33554432","33554432","32","32","0","0","0","-","-","-","0","0","0","0","0","0","0","0","-","0","0","0","0","0","0","0","0","1","0","0","0","2","0","0","0","0","15","25","0","0","0","15","0","0","0","0","0","0","0","0","0","0","0","0","0","0","0","0","13"
"0x7f696b5b11b0","      FMUL2 R42, R12.F32x2.HI_LO, 0.090168438851833343506","63","22","63","1048576","33554432","33554432","32","32","0","0","0","-","-","-","0","0","0","0","0","0","0","0","-","0","0","0","0","0","0","0","0","2","0","0","0","2","0","0","0","0","12","21","0","0","0","26","0","0","0","0","0","0","2","0","0","0","0","0","0","0","0","0","20"
"0x7f696b5b11c0","      FMUL2 R60, R14.F32x2.HI_LO, 0.090168438851833343506","49","23","49","1048576","33554432","33554432","32","32","0","0","0","-","-","-","0","0","0","0","0","0","0","0","-","0","0","0","0","0","0","0","0","0","0","0","0","0","0","0","0","0","2","19","0","0","0","28","0","0","0","0","0","0","0","0","0","0","0","0","0","0","0","0","23"
"0x7f696b5b11d0","      FMUL2 R40, R16.F32x2.HI_LO, 0.090168438851833343506","54","14","54","1048576","33554432","33554432","32","32","0","0","0","-","-","-","0","0","0","0","0","0","0","0","-","0","0","0","0","0","0","0","0","2","0","0","0","0","0","0","0","0","15","19","0","0","0","18","0","0","0","0","0","0","0","0","0","0","0","0","0","0","0","0","14"
"0x7f696b5b11e0","      FMUL2 R58, R18.F32x2.HI_LO, 0.090168438851833343506","47","22","47","1048576","33554432","33554432","32","32","0","0","0","-","-","-","0","0","0","0","0","0","0","0","-","0","0","0","0","0","0","0","0","0","0","0","0","1","0","0","0","0","8","12","0","0","0","26","0","0","0","0","0","0","1","0","0","0","0","0","0","0","0","0","21"
"0x7f696b5b11f0","      FMUL2 R38, R20.F32x2.HI_LO, 0.090168438851833343506","50","15","50","1048576","33554432","33554432","32","32","0","0","0","-","-","-","0","0","0","0","0","0","0","0","-","0","0","0","0","0","0","0","0","0","0","0","0","1","0","0","0","0","4","26","0","0","0","19","0","0","0","0","0","0","1","0","0","0","0","0","0","0","0","0","14"
"0x7f696b5b1200","      FMUL2 R56, R22.F32x2.HI_LO, 0.090168438851833343506","60","20","60","1048576","33554432","33554432","32","32","0","0","0","-","-","-","0","0","0","0","0","0","0","0","-","0","0","0","0","0","0","0","0","2","0","0","0","2","0","0","0","0","18","17","0","0","0","21","0","0","0","0","0","0","2","0","0","0","0","0","0","0","0","0","18"
"0x7f696b5b1210","      FMUL2 R36, R24.F32x2.HI_LO, 0.090168438851833343506","64","17","64","1048576","33554432","33554432","32","32","0","0","0","-","-","-","0","0","0","0","0","0","0","0","-","0","0","0","0","0","0","0","0","2","0","0","0","2","0","0","0","0","14","29","0","0","0","17","0","0","0","0","0","0","2","0","0","0","0","0","0","0","0","0","15"
"0x7f696b5b1220","      FMUL2 R54, R26.F32x2.HI_LO, 0.090168438851833343506","54","20","54","1048576","33554432","33554432","32","32","0","0","0","-","-","-","0","0","0","0","0","0","0","0","-","0","0","0","0","0","0","0","0","0","0","0","0","1","0","0","0","0","11","18","0","0","0","24","0","0","0","0","0","0","1","0","0","0","0","0","0","0","0","0","19"
"0x7f696b5b1230","      FMUL2 R2, R28.F32x2.HI_LO, 0.090168438851833343506","39","17","39","1048576","33554432","33554432","32","32","0","0","0","-","-","-","0","0","0","0","0","0","0","0","-","0","0","0","0","0","0","0","0","0","0","0","0","2","0","0","0","0","9","10","0","0","0","18","0","0","0","0","0","0","2","0","0","0","0","0","0","0","0","0","15"
"0x7f696b5b1240","      FMUL R66, R66, 0.090168438851833343506","43","14","43","1048576","33554432","33554432","32","32","0","0","0","-","-","-","0","0","0","0","0","0","0","0","-","0","0","0","0","0","0","0","0","0","0","0","0","1","0","0","0","0","10","15","0","0","0","17","0","0","0","0","0","0","0","0","0","0","0","0","0","0","0","0","14"
"0x7f696b5b1250","      FMUL2 R52, R30.F32x2.HI_LO, 0.090168438851833343506","46","12","46","1048576","33554432","33554432","32","32","0","0","0","-","-","-","0","0","0","0","0","0","0","0","-","0","0","0","0","0","0","0","0","3","0","0","0","17","0","0","0","0","8","18","0","0","0","0","0","0","2","0","0","0","10","0","0","0","0","0","0","0","0","0","0"
"0x7f696b5b1260","      FMUL2 R48, R32.F32x2.HI_LO, 0.090168438851833343506","39","9","39","1048576","33554432","33554432","32","32","0","0","0","-","-","-","0","0","0","0","0","0","0","0","-","0","0","0","0","0","0","0","0","0","0","0","0","2","0","0","0","0","10","17","0","0","0","10","0","0","0","0","0","0","1","0","0","0","0","0","0","0","0","0","8"
"0x7f696b5b1270","      FMUL2 R64, R34.F32x2.HI_LO, 0.090168438851833343506","60","18","60","1048576","33554432","33554432","32","32","0","0","0","-","-","-","0","0","0","0","0","0","0","0","-","0","0","0","0","0","0","0","0","1","0","0","0","2","0","0","0","0","14","20","0","0","0","23","0","0","0","0","0","0","1","0","0","0","0","0","0","0","0","0","17"
"0x7f696b5b1280","      FMNMX R11, R66, R67, !PT","20","0","20","1048576","33554432","33554432","32","32","0","0","0","-","-","-","0","0","0","0","0","0","0","0","-","0","0","0","0","0","0","0","0","0","0","0","0","0","0","0","0","0","0","20","0","0","0","0","0","0","0","0","0","0","0","0","0","0","0","0","0","0","0","0","0"
"0x7f696b5b1290","      BRX R68, -0x3920","15","0","15","1048576","33554432","33554432","32","32","0","0","0","-","-","-","0","0","0","0","0","0","0","0","-","0","0","0","0","0","0","0","0","0","0","0","0","0","0","0","0","0","0","15","0","0","0","0","0","0","0","0","0","0","0","0","0","0","0","0","0","0","0","0","0"
"0x7f696b5b12a0","      R2P PR, R0, 0x7f","740","339","740","0","0","0","0","0","32","32","0","-","-","-","0","0","0","0","0","0","0","0","-","0","0","0","0","0","0","0","642","0","0","0","0","0","0","0","0","0","0","32","0","0","0","66","0","310","0","0","0","0","0","0","0","0","0","0","0","0","0","0","29"
"0x7f696b5b12b0","      SEL R46, R46, 0xf149f2ca, P0","0","0","0","0","0","0","0","0","0","32","0","-","-","-","0","0","0","0","0","0","0","0","-","0","0","0","0","0","0","0","0","0","0","0","0","0","0","0","0","0","0","0","0","0","0","0","0","0","0","0","0","0","0","0","0","0","0","0","0","0","0","0","0"
"0x7f696b5b12c0","      SEL R47, R47, 0xf149f2ca, P1","0","0","0","0","0","0","0","0","0","32","0","-","-","-","0","0","0","0","0","0","0","0","-","0","0","0","0","0","0","0","0","0","0","0","0","0","0","0","0","0","0","0","0","0","0","0","0","0","0","0","0","0","0","0","0","0","0","0","0","0","0","0","0"
"0x7f696b5b12d0","      SEL R50, R50, 0xf149f2ca, P2","0","0","0","0","0","0","0","0","0","32","0","-","-","-","0","0","0","0","0","0","0","0","-","0","0","0","0","0","0","0","0","0","0","0","0","0","0","0","0","0","0","0","0","0","0","0","0","0","0","0","0","0","0","0","0","0","0","0","0","0","0","0","0"
"0x7f696b5b12e0","      SEL R51, R51, 0xf149f2ca, P3","0","0","0","0","0","0","0","0","0","32","0","-","-","-","0","0","0","0","0","0","0","0","-","0","0","0","0","0","0","0","0","0","0","0","0","0","0","0","0","0","0","0","0","0","0","0","0","0","0","0","0","0","0","0","0","0","0","0","0","0","0","0","0"
"0x7f696b5b12f0","      LOP3.LUT P0, RZ, R0, 0x80, RZ, 0xc0, !PT","0","0","0","0","0","0","0","0","0","32","0","-","-","-","0","0","0","0","0","0","0","0","-","0","0","0","0","0","0","0","0","0","0","0","0","0","0","0","0","0","0","0","0","0","0","0","0","0","0","0","0","0","0","0","0","0","0","0","0","0","0","0","0"
"0x7f696b5b1300","      LOP3.LUT P1, RZ, R0, 0x8000, RZ, 0xc0, !PT","0","0","0","0","0","0","0","0","0","32","0","-","-","-","0","0","0","0","0","0","0","0","-","0","0","0","0","0","0","0","0","0","0","0","0","0","0","0","0","0","0","0","0","0","0","0","0","0","0","0","0","0","0","0","0","0","0","0","0","0","0","0","0"
"0x7f696b5b1310","      LOP3.LUT P2, RZ, R0, 0x800000, RZ, 0xc0, !PT","0","0","0","0","0","0","0","0","0","32","0","-","-","-","0","0","0","0","0","0","0","0","-","0","0","0","0","0","0","0","0","0","0","0","0","0","0","0","0","0","0","0","0","0","0","0","0","0","0","0","0","0","0","0","0","0","0","0","0","0","0","0","0"
"0x7f696b5b1320","      LOP3.LUT P3, RZ, R0, 0x80000000, RZ, 0xc0, !PT","0","0","0","0","0","0","0","0","0","32","0","-","-","-","0","0","0","0","0","0","0","0","-","0","0","0","0","0","0","0","0","0","0","0","0","0","0","0","0","0","0","0","0","0","0","0","0","0","0","0","0","0","0","0","0","0","0","0","0","0","0","0","0"
"0x7f696b5b1330","      SEL R44, R44, 0xf149f2ca, P4","0","0","0","0","0","0","0","0","0","32","0","-","-","-","0","0","0","0","0","0","0","0","-","0","0","0","0","0","0","0","0","0","0","0","0","0","0","0","0","0","0","0","0","0","0","0","0","0","0","0","0","0","0","0","0","0","0","0","0","0","0","0","0"
"0x7f696b5b1340","      SEL R45, R45, 0xf149f2ca, P5","0","0","0","0","0","0","0","0","0","32","0","-","-","-","0","0","0","0","0","0","0","0","-","0","0","0","0","0","0","0","0","0","0","0","0","0","0","0","0","0","0","0","0","0","0","0","0","0","0","0","0","0","0","0","0","0","0","0","0","0","0","0","0"
"0x7f696b5b1350","      SEL R62, R62, 0xf149f2ca, P6","0","0","0","0","0","0","0","0","0","32","0","-","-","-","0","0","0","0","0","0","0","0","-","0","0","0","0","0","0","0","0","0","0","0","0","0","0","0","0","0","0","0","0","0","0","0","0","0","0","0","0","0","0","0","0","0","0","0","0","0","0","0","0"
"0x7f696b5b1360","      SEL R63, R63, 0xf149f2ca, P0","0","0","0","0","0","0","0","0","0","32","0","-","-","-","0","0","0","0","0","0","0","0","-","0","0","0","0","0","0","0","0","0","0","0","0","0","0","0","0","0","0","0","0","0","0","0","0","0","0","0","0","0","0","0","0","0","0","0","0","0","0","0","0"
"0x7f696b5b1370","      SEL R59, R59, 0xf149f2ca, P1","0","0","0","0","0","0","0","0","0","32","0","-","-","-","0","0","0","0","0","0","0","0","-","0","0","0","0","0","0","0","0","0","0","0","0","0","0","0","0","0","0","0","0","0","0","0","0","0","0","0","0","0","0","0","0","0","0","0","0","0","0","0","0"
"0x7f696b5b1380","      SEL R55, R55, 0xf149f2ca, P2","0","0","0","0","0","0","0","0","0","32","0","-","-","-","0","0","0","0","0","0","0","0","-","0","0","0","0","0","0","0","0","0","0","0","0","0","0","0","0","0","0","0","0","0","0","0","0","0","0","0","0","0","0","0","0","0","0","0","0","0","0","0","0"
"0x7f696b5b1390","      SEL R65, R65, 0xf149f2ca, P3","0","0","0","0","0","0","0","0","0","32","0","-","-","-","0","0","0","0","0","0","0","0","-","0","0","0","0","0","0","0","0","0","0","0","0","0","0","0","0","0","0","0","0","0","0","0","0","0","0","0","0","0","0","0","0","0","0","0","0","0","0","0","0"
"0x7f696b5b13a0","      R2P PR, R0.B1, 0x7f","0","0","0","0","0","0","0","0","0","32","0","-","-","-","0","0","0","0","0","0","0","0","-","0","0","0","0","0","0","0","0","0","0","0","0","0","0","0","0","0","0","0","0","0","0","0","0","0","0","0","0","0","0","0","0","0","0","0","0","0","0","0","0"
"0x7f696b5b13b0","      FMNMX3.NAN R6, R46, R47, R50, !PT","0","0","0","0","0","0","0","0","0","32","0","-","-","-","0","0","0","0","0","0","0","0","-","0","0","0","0","0","0","0","0","0","0","0","0","0","0","0","0","0","0","0","0","0","0","0","0","0","0","0","0","0","0","0","0","0","0","0","0","0","0","0","0"
"0x7f696b5b13c0","      FMNMX3.NAN R5, R51, R44, R45, !PT","0","0","0","0","0","0","0","0","0","32","0","-","-","-","0","0","0","0","0","0","0","0","-","0","0","0","0","0","0","0","0","0","0","0","0","0","0","0","0","0","0","0","0","0","0","0","0","0","0","0","0","0","0","0","0","0","0","0","0","0","0","0","0"
"0x7f696b5b13d0","      SEL R42, R42, 0xf149f2ca, P0","0","0","0","0","0","0","0","0","0","32","0","-","-","-","0","0","0","0","0","0","0","0","-","0","0","0","0","0","0","0","0","0","0","0","0","0","0","0","0","0","0","0","0","0","0","0","0","0","0","0","0","0","0","0","0","0","0","0","0","0","0","0","0"
"0x7f696b5b13e0","      SEL R43, R43, 0xf149f2ca, P1","0","0","0","0","0","0","0","0","0","32","0","-","-","-","0","0","0","0","0","0","0","0","-","0","0","0","0","0","0","0","0","0","0","0","0","0","0","0","0","0","0","0","0","0","0","0","0","0","0","0","0","0","0","0","0","0","0","0","0","0","0","0","0"
"0x7f696b5b13f0","      SEL R60, R60, 0xf149f2ca, P2","0","0","0","0","0","0","0","0","0","32","0","-","-","-","0","0","0","0","0","0","0","0","-","0","0","0","0","0","0","0","0","0","0","0","0","0","0","0","0","0","0","0","0","0","0","0","0","0","0","0","0","0","0","0","0","0","0","0","0","0","0","0","0"
"0x7f696b5b1400","      SEL R61, R61, 0xf149f2ca, P3","0","0","0","0","0","0","0","0","0","32","0","-","-","-","0","0","0","0","0","0","0","0","-","0","0","0","0","0","0","0","0","0","0","0","0","0","0","0","0","0","0","0","0","0","0","0","0","0","0","0","0","0","0","0","0","0","0","0","0","0","0","0","0"
"0x7f696b5b1410","      SEL R40, R40, 0xf149f2ca, P4","0","0","0","0","0","0","0","0","0","32","0","-","-","-","0","0","0","0","0","0","0","0","-","0","0","0","0","0","0","0","0","0","0","0","0","0","0","0","0","0","0","0","0","0","0","0","0","0","0","0","0","0","0","0","0","0","0","0","0","0","0","0","0"
"0x7f696b5b1420","      SEL R41, R41, 0xf149f2ca, P5","0","0","0","0","0","0","0","0","0","32","0","-","-","-","0","0","0","0","0","0","0","0","-","0","0","0","0","0","0","0","0","0","0","0","0","0","0","0","0","0","0","0","0","0","0","0","0","0","0","0","0","0","0","0","0","0","0","0","0","0","0","0","0"
"0x7f696b5b1430","      SEL R58, R58, 0xf149f2ca, P6","0","0","0","0","0","0","0","0","0","32","0","-","-","-","0","0","0","0","0","0","0","0","-","0","0","0","0","0","0","0","0","0","0","0","0","0","0","0","0","0","0","0","0","0","0","0","0","0","0","0","0","0","0","0","0","0","0","0","0","0","0","0","0"
"0x7f696b5b1440","      R2P PR, R0.B2, 0x7f","0","0","0","0","0","0","0","0","0","32","0","-","-","-","0","0","0","0","0","0","0","0","-","0","0","0","0","0","0","0","0","0","0","0","0","0","0","0","0","0","0","0","0","0","0","0","0","0","0","0","0","0","0","0","0","0","0","0","0","0","0","0","0"
"0x7f696b5b1450","      FMNMX3.NAN R4, R62, R63, R42, !PT","0","0","0","0","0","0","0","0","0","32","0","-","-","-","0","0","0","0","0","0","0","0","-","0","0","0","0","0","0","0","0","0","0","0","0","0","0","0","0","0","0","0","0","0","0","0","0","0","0","0","0","0","0","0","0","0","0","0","0","0","0","0","0"
"0x7f696b5b1460","      FMNMX3.NAN R11, R43, R60, R61, !PT","0","0","0","0","0","0","0","0","0","32","0","-","-","-","0","0","0","0","0","0","0","0","-","0","0","0","0","0","0","0","0","0","0","0","0","0","0","0","0","0","0","0","0","0","0","0","0","0","0","0","0","0","0","0","0","0","0","0","0","0","0","0","0"
"0x7f696b5b1470","      SEL R38, R38, 0xf149f2ca, P0","0","0","0","0","0","0","0","0","0","32","0","-","-","-","0","0","0","0","0","0","0","0","-","0","0","0","0","0","0","0","0","0","0","0","0","0","0","0","0","0","0","0","0","0","0","0","0","0","0","0","0","0","0","0","0","0","0","0","0","0","0","0","0"
"0x7f696b5b1480","      SEL R39, R39, 0xf149f2ca, P1","0","0","0","0","0","0","0","0","0","32","0","-","-","-","0","0","0","0","0","0","0","0","-","0","0","0","0","0","0","0","0","0","0","0","0","0","0","0","0","0","0","0","0","0","0","0","0","0","0","0","0","0","0","0","0","0","0","0","0","0","0","0","0"
"0x7f696b5b1490","      SEL R56, R56, 0xf149f2ca, P2","0","0","0","0","0","0","0","0","0","32","0","-","-","-","0","0","0","0","0","0","0","0","-","0","0","0","0","0","0","0","0","0","0","0","0","0","0","0","0","0","0","0","0","0","0","0","0","0","0","0","0","0","0","0","0","0","0","0","0","0","0","0","0"
"0x7f696b5b14a0","      SEL R57, R57, 0xf149f2ca, P3","0","0","0","0","0","0","0","0","0","32","0","-","-","-","0","0","0","0","0","0","0","0","-","0","0","0","0","0","0","0","0","0","0","0","0","0","0","0","0","0","0","0","0","0","0","0","0","0","0","0","0","0","0","0","0","0","0","0","0","0","0","0","0"
"0x7f696b5b14b0","      SEL R36, R36, 0xf149f2ca, P4","0","0","0","0","0","0","0","0","0","32","0","-","-","-","0","0","0","0","0","0","0","0","-","0","0","0","0","0","0","0","0","0","0","0","0","0","0","0","0","0","0","0","0","0","0","0","0","0","0","0","0","0","0","0","0","0","0","0","0","0","0","0","0"
"0x7f696b5b14c0","      SEL R37, R37, 0xf149f2ca, P5","0","0","0","0","0","0","0","0","0","32","0","-","-","-","0","0","0","0","0","0","0","0","-","0","0","0","0","0","0","0","0","0","0","0","0","0","0","0","0","0","0","0","0","0","0","0","0","0","0","0","0","0","0","0","0","0","0","0","0","0","0","0","0"
"0x7f696b5b14d0","      SEL R54, R54, 0xf149f2ca, P6","0","0","0","0","0","0","0","0","0","32","0","-","-","-","0","0","0","0","0","0","0","0","-","0","0","0","0","0","0","0","0","0","0","0","0","0","0","0","0","0","0","0","0","0","0","0","0","0","0","0","0","0","0","0","0","0","0","0","0","0","0","0","0"
"0x7f696b5b14e0","      R2P PR, R0.B3, 0x7f","0","0","0","0","0","0","0","0","0","32","0","-","-","-","0","0","0","0","0","0","0","0","-","0","0","0","0","0","0","0","0","0","0","0","0","0","0","0","0","0","0","0","0","0","0","0","0","0","0","0","0","0","0","0","0","0","0","0","0","0","0","0","0"
"0x7f696b5b14f0","      FMNMX3.NAN R4, R6, R5, R4, !PT","0","0","0","0","0","0","0","0","0","32","0","-","-","-","0","0","0","0","0","0","0","0","-","0","0","0","0","0","0","0","0","0","0","0","0","0","0","0","0","0","0","0","0","0","0","0","0","0","0","0","0","0","0","0","0","0","0","0","0","0","0","0","0"
"0x7f696b5b1500","      FMNMX3.NAN R10, R40, R41, R58, !PT","0","0","0","0","0","0","0","0","0","32","0","-","-","-","0","0","0","0","0","0","0","0","-","0","0","0","0","0","0","0","0","0","0","0","0","0","0","0","0","0","0","0","0","0","0","0","0","0","0","0","0","0","0","0","0","0","0","0","0","0","0","0","0"
"0x7f696b5b1510","      SEL R53, R53, 0xf149f2ca, P3","0","0","0","0","0","0","0","0","0","32","0","-","-","-","0","0","0","0","0","0","0","0","-","0","0","0","0","0","0","0","0","0","0","0","0","0","0","0","0","0","0","0","0","0","0","0","0","0","0","0","0","0","0","0","0","0","0","0","0","0","0","0","0"
"0x7f696b5b1520","      SEL R48, R48, 0xf149f2ca, P4","0","0","0","0","0","0","0","0","0","32","0","-","-","-","0","0","0","0","0","0","0","0","-","0","0","0","0","0","0","0","0","0","0","0","0","0","0","0","0","0","0","0","0","0","0","0","0","0","0","0","0","0","0","0","0","0","0","0","0","0","0","0","0"
"0x7f696b5b1530","      SEL R49, R49, 0xf149f2ca, P5","0","0","0","0","0","0","0","0","0","32","0","-","-","-","0","0","0","0","0","0","0","0","-","0","0","0","0","0","0","0","0","0","0","0","0","0","0","0","0","0","0","0","0","0","0","0","0","0","0","0","0","0","0","0","0","0","0","0","0","0","0","0","0"
"0x7f696b5b1540","      SEL R64, R64, 0xf149f2ca, P6","0","0","0","0","0","0","0","0","0","32","0","-","-","-","0","0","0","0","0","0","0","0","-","0","0","0","0","0","0","0","0","0","0","0","0","0","0","0","0","0","0","0","0","0","0","0","0","0","0","0","0","0","0","0","0","0","0","0","0","0","0","0","0"
"0x7f696b5b1550","      SEL R2, R2, 0xf149f2ca, P0","0","0","0","0","0","0","0","0","0","32","0","-","-","-","0","0","0","0","0","0","0","0","-","0","0","0","0","0","0","0","0","0","0","0","0","0","0","0","0","0","0","0","0","0","0","0","0","0","0","0","0","0","0","0","0","0","0","0","0","0","0","0","0"
"0x7f696b5b1560","      SEL R3, R3, 0xf149f2ca, P1","0","0","0","0","0","0","0","0","0","32","0","-","-","-","0","0","0","0","0","0","0","0","-","0","0","0","0","0","0","0","0","0","0","0","0","0","0","0","0","0","0","0","0","0","0","0","0","0","0","0","0","0","0","0","0","0","0","0","0","0","0","0","0"
"0x7f696b5b1570","      SEL R52, R52, 0xf149f2ca, P2","0","0","0","0","0","0","0","0","0","32","0","-","-","-","0","0","0","0","0","0","0","0","-","0","0","0","0","0","0","0","0","0","0","0","0","0","0","0","0","0","0","0","0","0","0","0","0","0","0","0","0","0","0","0","0","0","0","0","0","0","0","0","0"
"0x7f696b5b1580","      FMNMX3.NAN R9, R59, R38, R39, !PT","0","0","0","0","0","0","0","0","0","32","0","-","-","-","0","0","0","0","0","0","0","0","-","0","0","0","0","0","0","0","0","0","0","0","0","0","0","0","0","0","0","0","0","0","0","0","0","0","0","0","0","0","0","0","0","0","0","0","0","0","0","0","0"
"0x7f696b5b1590","      FMNMX3.NAN R8, R56, R57, R36, !PT","0","0","0","0","0","0","0","0","0","32","0","-","-","-","0","0","0","0","0","0","0","0","-","0","0","0","0","0","0","0","0","0","0","0","0","0","0","0","0","0","0","0","0","0","0","0","0","0","0","0","0","0","0","0","0","0","0","0","0","0","0","0","0"
"0x7f696b5b15a0","      FMNMX3.NAN R7, R37, R54, R55, !PT","0","0","0","0","0","0","0","0","0","32","0","-","-","-","0","0","0","0","0","0","0","0","-","0","0","0","0","0","0","0","0","0","0","0","0","0","0","0","0","0","0","0","0","0","0","0","0","0","0","0","0","0","0","0","0","0","0","0","0","0","0","0","0"
"0x7f696b5b15b0","      FMNMX3.NAN R0, R53, R48, R49, !PT","0","0","0","0","0","0","0","0","0","32","0","-","-","-","0","0","0","0","0","0","0","0","-","0","0","0","0","0","0","0","0","0","0","0","0","0","0","0","0","0","0","0","0","0","0","0","0","0","0","0","0","0","0","0","0","0","0","0","0","0","0","0","0"
"0x7f696b5b15c0","      FMNMX3.NAN R5, R64, R65, R67, !PT","0","0","0","0","0","0","0","0","0","32","0","-","-","-","0","0","0","0","0","0","0","0","-","0","0","0","0","0","0","0","0","0","0","0","0","0","0","0","0","0","0","0","0","0","0","0","0","0","0","0","0","0","0","0","0","0","0","0","0","0","0","0","0"
"0x7f696b5b15d0","      FMNMX3.NAN R6, R2, R3, R52, !PT","0","0","0","0","0","0","0","0","0","32","0","-","-","-","0","0","0","0","0","0","0","0","-","0","0","0","0","0","0","0","0","0","0","0","0","0","0","0","0","0","0","0","0","0","0","0","0","0","0","0","0","0","0","0","0","0","0","0","0","0","0","0","0"
"0x7f696b5b15e0","      FMNMX3.NAN R9, R11, R10, R9, !PT","0","0","0","0","0","0","0","0","0","32","0","-","-","-","0","0","0","0","0","0","0","0","-","0","0","0","0","0","0","0","0","0","0","0","0","0","0","0","0","0","0","0","0","0","0","0","0","0","0","0","0","0","0","0","0","0","0","0","0","0","0","0","0"
"0x7f696b5b15f0","      FMNMX3.NAN R0, R0, R5, R4, !PT","0","0","0","0","0","0","0","0","0","32","0","-","-","-","0","0","0","0","0","0","0","0","-","0","0","0","0","0","0","0","0","0","0","0","0","0","0","0","0","0","0","0","0","0","0","0","0","0","0","0","0","0","0","0","0","0","0","0","0","0","0","0","0"
"0x7f696b5b1600","      FMNMX3.NAN R6, R8, R7, R6, !PT","0","0","0","0","0","0","0","0","0","32","0","-","-","-","0","0","0","0","0","0","0","0","-","0","0","0","0","0","0","0","0","0","0","0","0","0","0","0","0","0","0","0","0","0","0","0","0","0","0","0","0","0","0","0","0","0","0","0","0","0","0","0","0"
"0x7f696b5b1610","      FMNMX3.NAN R11, R9, R6, R0, !PT","0","0","0","0","0","0","0","0","0","32","0","-","-","-","0","0","0","0","0","0","0","0","-","0","0","0","0","0","0","0","0","0","0","0","0","0","0","0","0","0","0","0","0","0","0","0","0","0","0","0","0","0","0","0","0","0","0","0","0","0","0","0","0"
"0x7f696b5b1620","      STS [R102+UR4+0x31100], R11","314","133","314","1048576","33554432","33554432","32","32","32","0","0","Shared","Store","32","0","1","0","1048576","1048576","0","0","0","-","0","0","0","0","0","0","0","60","2","0","0","0","0","0","0","0","195","57","0","0","0","0","0","0","30","0","0","0","0","0","0","0","0","103","0","0","0","0","0","0"
"0x7f696b5b1630","      NOP","18","0","18","1048576","33554432","33554432","32","32","0","0","0","-","-","-","0","0","0","0","0","0","0","0","-","0","0","0","0","0","0","0","0","0","0","0","0","0","0","0","0","0","0","18","0","0","0","0","0","0","0","0","0","0","0","0","0","0","0","0","0","0","0","0","0"
"0x7f696b5b1640","      FADD R0, R67, 4.5","13","0","13","1048576","33554432","33554432","32","32","0","0","0","-","-","-","0","0","0","0","0","0","0","0","-","0","0","0","0","0","0","0","0","0","0","0","0","0","0","0","0","0","0","13","0","0","0","0","0","0","0","0","0","0","0","0","0","0","0","0","0","0","0","0","0"
"0x7f696b5b1650","      BAR.SYNC.DEFER_BLOCKING 0x1, 0x100","28","0","28","1048576","33554432","33554432","32","32","0","0","0","-","-","-","0","0","0","0","0","0","0","0","-","0","0","0","0","0","0","0","0","0","0","0","0","0","0","0","0","0","0","28","0","0","0","0","0","0","0","0","0","0","0","0","0","0","0","0","0","0","0","0","0"
"0x7f696b5b1660","      NOP","1029","729","1029","1048576","33554432","33554432","32","32","0","0","0","-","-","-","0","0","0","0","0","0","0","0","-","0","0","0","0","0","0","899","0","2","0","0","0","0","0","0","0","0","31","18","0","0","0","79","684","0","0","0","0","0","0","0","0","0","0","0","0","0","0","0","45"
"0x7f696b5b1670","      LDS R9, [R101+UR4+0x31300]","14","0","14","1048576","33554432","33554432","32","32","0","0","0","Shared","Load","32","0","1","0","1048576","1048576","0","0","0","-","0","0","0","0","0","0","0","0","0","0","0","0","0","0","0","0","0","0","14","0","0","0","0","0","0","0","0","0","0","0","0","0","0","0","0","0","0","0","0","0"
"0x7f696b5b1680","      LDS R6, [R101+UR4+0x31400]","97","26","97","1048576","33554432","33554432","32","32","0","0","0","Shared","Load","32","0","1","0","1048576","1048576","0","0","0","-","0","0","0","0","0","0","0","0","2","0","0","0","0","0","0","0","0","13","24","0","0","0","58","0","0","0","0","0","0","0","0","0","0","0","0","0","0","0","0","26"
"0x7f696b5b1690","      LDS R8, [R101+UR4+0x31100]","87","45","87","1048576","33554432","33554432","32","32","0","0","0","Shared","Load","32","0","1","0","1048576","1048576","0","0","0","-","0","0","0","0","0","0","0","0","0","0","0","0","0","0","0","0","0","2","17","0","0","0","68","0","0","0","0","0","0","0","0","0","0","0","0","0","0","0","0","45"
"0x7f696b5b16a0","      LDS R7, [R101+UR4+0x31200]","93","36","93","1048576","33554432","33554432","32","32","0","0","0","Shared","Load","32","0","1","0","1048576","1048576","0","0","0","-","0","0","0","0","0","0","0","0","0","0","0","0","0","0","0","0","0","7","16","0","0","0","70","0","0","0","0","0","0","0","0","0","0","0","0","0","0","0","0","36"
"0x7f696b5b16b0","      S2R R127, SR_TID.X","24","0","24","1048576","33554432","33554432","32","32","0","0","0","-","-","-","0","0","0","0","0","0","0","0","-","0","0","0","0","0","0","0","0","0","0","0","0","0","0","0","0","0","0","24","0","0","0","0","0","0","0","0","0","0","0","0","0","0","0","0","0","0","0","0","0"
"0x7f696b5b16c0","      FMNMX R6, R9, R6, !PT","425","312","425","1048576","33554432","33554432","32","32","0","0","0","-","-","-","0","0","0","0","0","0","0","0","-","0","0","0","0","0","0","0","0","0","0","0","0","5","0","0","0","0","10","20","390","0","0","0","0","0","0","0","0","0","5","0","0","0","0","0","0","307","0","0","0"
"0x7f696b5b16d0","      FMNMX3 R6, R8, R7, R6, !PT","389","259","389","1048576","33554432","33554432","32","32","0","0","0","-","-","-","0","0","0","0","0","0","0","0","-","0","0","0","0","0","0","0","0","0","0","0","0","9","0","0","0","0","19","24","279","0","0","58","0","0","0","0","0","0","7","0","0","0","0","0","0","201","0","0","51"
"0x7f696b5b16e0","      FSETP.GTU.AND P0, PT, R6, R0, PT","101","46","101","1048576","33554432","33554432","32","32","0","0","0","-","-","-","0","0","0","0","0","0","0","0","-","0","0","0","0","0","0","0","0","3","0","0","0","0","0","0","0","0","17","15","0","0","0","66","0","0","0","0","0","0","0","0","0","0","0","0","0","0","0","0","46"
"0x7f696b5b16f0","      FSEL R98, R67, R6, !P0","93","41","93","1048576","33554432","33554432","32","32","0","0","0","-","-","-","0","0","0","0","0","0","0","0","-","0","0","0","0","0","0","0","0","2","0","0","0","2","0","0","0","0","13","23","0","0","0","53","0","0","0","0","0","0","1","0","0","0","0","0","0","0","0","0","40"
"0x7f696b5b1700","      FADD R4, -R98, 4","125","46","125","1048576","33554432","33554432","32","32","0","0","0","-","-","-","0","0","0","0","0","0","0","0","-","0","0","0","0","0","0","0","0","0","0","0","0","9","0","0","0","0","21","17","0","0","0","78","0","0","0","0","0","0","5","0","0","0","0","0","0","0","0","0","41"
"0x7f696b5b1710","      FADD R100, -R98, R67","22","0","22","1048576","33554432","33554432","32","32","0","0","0","-","-","-","0","0","0","0","0","0","0","0","-","0","0","0","0","0","0","0","0","0","0","0","0","0","0","0","0","0","0","22","0","0","0","0","0","0","0","0","0","0","0","0","0","0","0","0","0","0","0","0","0"
"0x7f696b5b1720","      FADD2 R96, R46.F32x2.HI_LO, R4.F32","88","34","88","1048576","33554432","33554432","32","32","0","0","0","-","-","-","0","0","0","0","0","0","0","0","-","0","0","0","0","0","0","0","0","1","0","0","0","17","0","0","0","0","13","18","0","0","0","39","0","0","0","0","0","0","12","0","0","0","0","0","0","0","0","0","22"
"0x7f696b5b1730","      FADD2 R90, R62.F32x2.HI_LO, R4.F32","58","22","58","1048576","33554432","33554432","32","32","0","0","0","-","-","-","0","0","0","0","0","0","0","0","-","0","0","0","0","0","0","0","0","1","0","0","0","8","0","0","0","0","6","19","0","0","0","24","0","0","0","0","0","0","7","0","0","0","0","0","0","0","0","0","15"
"0x7f696b5b1740","      MUFU.EX2 R100, R100","20","0","20","1048576","33554432","33554432","32","32","0","0","0","-","-","-","0","0","0","0","0","0","0","0","-","0","0","0","0","0","0","0","0","2","0","0","0","0","0","0","0","0","0","18","0","0","0","0","0","0","0","0","0","0","0","0","0","0","0","0","0","0","0","0","0"
"0x7f696b5b1750","      FADD2 R94, R50.F32x2.HI_LO, R4.F32","16","0","16","1048576","33554432","33554432","32","32","0","0","0","-","-","-","0","0","0","0","0","0","0","0","-","0","0","0","0","0","0","0","0","0","0","0","0","0","0","0","0","0","0","16","0","0","0","0","0","0","0","0","0","0","0","0","0","0","0","0","0","0","0","0","0"
"0x7f696b5b1760","      FADD2 R82, R58.F32x2.HI_LO, R4.F32","82","18","82","1048576","33554432","33554432","32","32","0","0","0","-","-","-","0","0","0","0","0","0","0","0","-","0","0","0","0","0","0","0","0","0","0","0","0","18","0","0","0","0","26","19","0","0","0","19","0","0","0","0","0","0","10","0","0","0","0","0","0","0","0","0","8"
"0x7f696b5b1770","      MUFU.EX2 R96, R96","156","62","156","1048576","33554432","33554432","32","32","0","0","0","-","-","-","0","0","0","0","0","0","0","0","-","0","0","0","0","0","0","0","0","0","0","0","0","0","0","0","0","0","14","13","0","0","0","129","0","0","0","0","0","0","0","0","0","0","0","0","0","0","0","0","62"
"0x7f696b5b1780","      FADD2 R84, R40.F32x2.HI_LO, R4.F32","18","0","18","1048576","33554432","33554432","32","32","0","0","0","-","-","-","0","0","0","0","0","0","0","0","-","0","0","0","0","0","0","0","0","1","0","0","0","0","0","0","0","0","0","17","0","0","0","0","0","0","0","0","0","0","0","0","0","0","0","0","0","0","0","0","0"
"0x7f696b5b1790","      FADD2 R92, R44.F32x2.HI_LO, R4.F32","64","24","64","1048576","33554432","33554432","32","32","0","0","0","-","-","-","0","0","0","0","0","0","0","0","-","0","0","0","0","0","0","0","0","4","0","0","0","3","0","0","0","0","9","22","0","0","0","26","0","0","3","0","0","0","1","0","0","0","0","0","0","0","0","0","20"
"0x7f696b5b17a0","      MUFU.EX2 R97, R97","162","53","162","1048576","33554432","33554432","32","32","0","0","0","-","-","-","0","0","0","0","0","0","0","0","-","0","0","0","0","0","0","0","0","5","0","0","0","0","0","0","0","0","11","14","0","0","0","132","0","0","5","0","0","0","0","0","0","0","0","0","0","0","0","0","48"
"0x7f696b5b17b0","      FADD2 R86, R60.F32x2.HI_LO, R4.F32","16","0","16","1048576","33554432","33554432","32","32","0","0","0","-","-","-","0","0","0","0","0","0","0","0","-","0","0","0","0","0","0","0","0","0","0","0","0","0","0","0","0","0","0","16","0","0","0","0","0","0","0","0","0","0","0","0","0","0","0","0","0","0","0","0","0"
"0x7f696b5b17c0","      FADD2 R88, R42.F32x2.HI_LO, R4.F32","52","15","52","1048576","33554432","33554432","32","32","0","0","0","-","-","-","0","0","0","0","0","0","0","0","-","0","0","0","0","0","0","0","0","0","0","0","0","11","0","0","0","0","6","18","0","0","0","17","0","0","0","0","0","0","4","0","0","0","0","0","0","0","0","0","11"
"0x7f696b5b17d0","      MUFU.EX2 R90, R90","160","70","160","1048576","33554432","33554432","32","32","0","0","0","-","-","-","0","0","0","0","0","0","0","0","-","0","0","0","0","0","0","0","0","0","0","0","0","0","0","0","0","0","14","11","0","0","0","135","0","0","0","0","0","0","0","0","0","0","0","0","0","0","0","0","70"
"0x7f696b5b17e0","      FADD2 R78, R56.F32x2.HI_LO, R4.F32","31","0","31","1048576","33554432","33554432","32","32","0","0","0","-","-","-","0","0","0","0","0","0","0","0","-","0","0","0","0","0","0","0","0","1","0","0","0","0","0","0","0","0","0","30","0","0","0","0","0","0","0","0","0","0","0","0","0","0","0","0","0","0","0","0","0"
"0x7f696b5b17f0","      FSETP.NEU.AND P0, PT, R100, 1, PT","30","0","30","1048576","33554432","33554432","32","32","0","0","0","-","-","-","0","0","0","0","0","0","0","0","-","0","0","0","0","0","0","0","0","0","0","0","0","0","0","0","0","0","0","30","0","0","0","0","0","0","0","0","0","0","0","0","0","0","0","0","0","0","0","0","0"
"0x7f696b5b1800","      FADD2 R74, R54.F32x2.HI_LO, R4.F32","19","0","19","1048576","33554432","33554432","32","32","0","0","0","-","-","-","0","0","0","0","0","0","0","0","-","0","0","0","0","0","0","0","0","0","0","0","0","0","0","0","0","0","0","19","0","0","0","0","0","0","0","0","0","0","0","0","0","0","0","0","0","0","0","0","0"
"0x7f696b5b1810","      MUFU.EX2 R91, R91","174","39","174","1048576","33554432","33554432","32","32","0","0","0","-","-","-","0","0","0","0","0","0","0","0","-","0","0","0","0","0","0","0","0","5","0","0","0","0","0","0","0","0","25","23","0","0","0","121","0","0","3","0","0","0","0","0","0","0","0","0","0","0","0","0","36"
"0x7f696b5b1820","      FADD2 R76, R36.F32x2.HI_LO, R4.F32","21","0","21","1048576","33554432","33554432","32","32","0","0","0","-","-","-","0","0","0","0","0","0","0","0","-","0","0","0","0","0","0","0","0","3","0","0","0","0","0","0","0","0","0","18","0","0","0","0","0","0","0","0","0","0","0","0","0","0","0","0","0","0","0","0","0"
"0x7f696b5b1830","      FADD2 R72, R2.F32x2.HI_LO, R4.F32","71","14","71","1048576","33554432","33554432","32","32","0","0","0","-","-","-","0","0","0","0","0","0","0","0","-","0","0","0","0","0","0","0","0","3","0","0","0","15","0","0","0","0","15","19","0","0","0","19","0","0","0","0","0","0","5","0","0","0","0","0","0","0","0","0","9"
"0x7f696b5b1840","      MUFU.EX2 R94, R94","176","43","176","1048576","33554432","33554432","32","32","0","0","0","-","-","-","0","0","0","0","0","0","0","0","-","0","0","0","0","0","0","0","0","5","0","0","0","0","0","0","0","0","21","18","0","0","0","132","0","0","0","0","0","0","0","0","0","0","0","0","0","0","0","0","43"
"0x7f696b5b1850","      FADD2 R2, R64.F32x2.HI_LO, R4.F32","22","0","22","1048576","33554432","33554432","32","32","0","0","0","-","-","-","0","0","0","0","0","0","0","0","-","0","0","0","0","0","0","0","0","1","0","0","0","0","0","0","0","0","0","21","0","0","0","0","0","0","0","0","0","0","0","0","0","0","0","0","0","0","0","0","0"
"0x7f696b5b1860","      F2FP.SATFINITE.E4M3.F32.PACK_AB_MERGE_C R15, R97, R96, RZ","18","0","18","1048576","33554432","33554432","32","32","0","0","0","-","-","-","0","0","0","0","0","0","0","0","-","0","0","0","0","0","0","0","0","1","0","0","0","0","0","0","0","0","0","17","0","0","0","0","0","0","0","0","0","0","0","0","0","0","0","0","0","0","0","0","0"
"0x7f696b5b1870","      FADD2 R80, R38.F32x2.HI_LO, R4.F32","21","0","21","1048576","33554432","33554432","32","32","0","0","0","-","-","-","0","0","0","0","0","0","0","0","-","0","0","0","0","0","0","0","0","5","0","0","0","0","0","0","0","0","0","16","0","0","0","0","0","0","0","0","0","0","0","0","0","0","0","0","0","0","0","0","0"
"0x7f696b5b1880","      MUFU.EX2 R95, R95","183","32","183","1048576","33554432","33554432","32","32","0","0","0","-","-","-","0","0","0","0","0","0","0","0","-","0","0","0","0","0","0","0","0","2","0","0","0","0","0","0","0","0","19","26","0","0","0","136","0","0","0","0","0","0","0","0","0","0","0","0","0","0","0","0","32"
"0x7f696b5b1890","      FADD2 R70, R52.F32x2.HI_LO, R4.F32","20","0","20","1048576","33554432","33554432","32","32","0","0","0","-","-","-","0","0","0","0","0","0","0","0","-","0","0","0","0","0","0","0","0","1","0","0","0","0","0","0","0","0","0","19","0","0","0","0","0","0","0","0","0","0","0","0","0","0","0","0","0","0","0","0","0"
"0x7f696b5b18a0","      F2FP.F16.E4M3.UNPACK_B R32, R15","24","0","24","1048576","33554432","33554432","32","32","0","0","0","-","-","-","0","0","0","0","0","0","0","0","-","0","0","0","0","0","0","0","0","1","0","0","0","0","0","0","0","0","0","23","0","0","0","0","0","0","0","0","0","0","0","0","0","0","0","0","0","0","0","0","0"
"0x7f696b5b18b0","      FADD2 R4, R48.F32x2.HI_LO, R4.F32","18","0","18","1048576","33554432","33554432","32","32","0","0","0","-","-","-","0","0","0","0","0","0","0","0","-","0","0","0","0","0","0","0","0","0","0","0","0","0","0","0","0","0","0","18","0","0","0","0","0","0","0","0","0","0","0","0","0","0","0","0","0","0","0","0","0"
"0x7f696b5b18c0","      VOTE.ALL P0, !P0","23","0","23","1048576","33554432","33554432","32","32","0","0","0","-","-","-","0","0","0","0","0","0","0","0","-","0","0","0","0","0","0","0","0","0","0","0","0","0","0","0","0","0","0","23","0","0","0","0","0","0","0","0","0","0","0","0","0","0","0","0","0","0","0","0","0"
"0x7f696b5b18d0","      MUFU.EX2 R82, R82","129","17","129","1048576","33554432","33554432","32","32","0","0","0","-","-","-","0","0","0","0","0","0","0","0","-","0","0","0","0","0","0","0","0","2","0","0","0","0","0","0","0","0","7","12","0","0","0","108","0","0","0","0","0","0","0","0","0","0","0","0","0","0","0","0","17"
"0x7f696b5b18e0","      F2FP.SATFINITE.E4M3.F32.PACK_AB_MERGE_C R13, R91, R90, RZ","25","0","25","1048576","33554432","33554432","32","32","0","0","0","-","-","-","0","0","0","0","0","0","0","0","-","0","0","0","0","0","0","0","0","0","0","0","0","0","0","0","0","0","0","25","0","0","0","0","0","0","0","0","0","0","0","0","0","0","0","0","0","0","0","0","0"
"0x7f696b5b18f0","      HADD2.F32 R33, -RZ, R32.H1_H1","22","0","22","1048576","33554432","33554432","32","32","0","0","0","-","-","-","0","0","0","0","0","0","0","0","-","0","0","0","0","0","0","0","0","0","0","0","0","0","0","0","0","0","0","22","0","0","0","0","0","0","0","0","0","0","0","0","0","0","0","0","0","0","0","0","0"
"0x7f696b5b1900","      ISETP.EQ.U32.OR P1, PT, RZ, UR7, P0","27","0","27","1048576","33554432","33554432","32","32","0","0","0","-","-","-","0","0","0","0","0","0","0","0","-","0","0","0","0","0","0","0","0","3","0","0","0","0","0","0","0","0","0","24","0","0","0","0","0","0","0","0","0","0","0","0","0","0","0","0","0","0","0","0","0"
"0x7f696b5b1910","      MUFU.EX2 R83, R83","155","22","155","1048576","33554432","33554432","32","32","0","0","0","-","-","-","0","0","0","0","0","0","0","0","-","0","0","0","0","0","0","0","0","0","0","0","0","0","0","0","0","0","28","12","0","0","0","115","0","0","0","0","0","0","0","0","0","0","0","0","0","0","0","0","22"
"0x7f696b5b1920","      F2FP.F16.E4M3.UNPACK_B R10, R13","26","0","26","1048576","33554432","33554432","32","32","0","0","0","-","-","-","0","0","0","0","0","0","0","0","-","0","0","0","0","0","0","0","0","0","0","0","0","0","0","0","0","0","0","26","0","0","0","0","0","0","0","0","0","0","0","0","0","0","0","0","0","0","0","0","0"
"0x7f696b5b1930","      HADD2.F32 R32, -RZ, R32.H0_H0","27","0","27","1048576","33554432","33554432","32","32","0","0","0","-","-","-","0","0","0","0","0","0","0","0","-","0","0","0","0","0","0","0","0","0","0","0","0","0","0","0","0","0","0","27","0","0","0","0","0","0","0","0","0","0","0","0","0","0","0","0","0","0","0","0","0"
"0x7f696b5b1940","      ISETP.NE.U32.AND P0, PT, R127, RZ, PT","22","0","22","1048576","33554432","33554432","32","32","0","0","0","-","-","-","0","0","0","0","0","0","0","0","-","0","0","0","0","0","0","0","0","1","0","0","0","0","0","0","0","0","0","21","0","0","0","0","0","0","0","0","0","0","0","0","0","0","0","0","0","0","0","0","0"
"0x7f696b5b1950","      MUFU.EX2 R84, R84","179","26","179","1048576","33554432","33554432","32","32","0","0","0","-","-","-","0","0","0","0","0","0","0","0","-","0","0","0","0","0","0","0","0","3","0","0","0","0","0","0","0","0","10","22","0","0","0","144","0","0","0","0","0","0","0","0","0","0","0","0","0","0","0","0","26"
"0x7f696b5b1960","      F2FP.SATFINITE.E4M3.F32.PACK_AB_MERGE_C R12, R95, R94, RZ","14","0","14","1048576","33554432","33554432","32","32","0","0","0","-","-","-","0","0","0","0","0","0","0","0","-","0","0","0","0","0","0","0","0","0","0","0","0","0","0","0","0","0","0","14","0","0","0","0","0","0","0","0","0","0","0","0","0","0","0","0","0","0","0","0","0"
"0x7f696b5b1970","      HADD2.F32 R11, -RZ, R10.H1_H1","23","0","23","1048576","33554432","33554432","32","32","0","0","0","-","-","-","0","0","0","0","0","0","0","0","-","0","0","0","0","0","0","0","0","0","0","0","0","0","0","0","0","0","0","23","0","0","0","0","0","0","0","0","0","0","0","0","0","0","0","0","0","0","0","0","0"
"0x7f696b5b1980","      FADD2 R32, R96.F32x2.HI_LO, -R32.F32x2.HI_LO","63","6","63","1048576","33554432","33554432","32","32","0","0","0","-","-","-","0","0","0","0","0","0","0","0","-","0","0","0","0","0","0","0","0","0","0","0","0","6","0","0","0","0","12","21","0","0","0","24","0","0","0","0","0","0","0","0","0","0","0","0","0","0","0","0","6"
"0x7f696b5b1990","      MUFU.EX2 R85, R85","117","17","117","1048576","33554432","33554432","32","32","0","0","0","-","-","-","0","0","0","0","0","0","0","0","-","0","0","0","0","0","0","0","0","0","0","0","0","0","0","0","0","0","15","22","0","0","0","80","0","0","0","0","0","0","0","0","0","0","0","0","0","0","0","0","17"
"0x7f696b5b19a0","      F2FP.F16.E4M3.UNPACK_B R34, R12","26","0","26","1048576","33554432","33554432","32","32","0","0","0","-","-","-","0","0","0","0","0","0","0","0","-","0","0","0","0","0","0","0","0","0","0","0","0","0","0","0","0","0","0","26","0","0","0","0","0","0","0","0","0","0","0","0","0","0","0","0","0","0","0","0","0"
"0x7f696b5b19b0","      HADD2.F32 R10, -RZ, R10.H0_H0","21","0","21","1048576","33554432","33554432","32","32","0","0","0","-","-","-","0","0","0","0","0","0","0","0","-","0","0","0","0","0","0","0","0","2","0","0","0","0","0","0","0","0","0","19","0","0","0","0","0","0","0","0","0","0","0","0","0","0","0","0","0","0","0","0","0"
"0x7f696b5b19c0","      PRMT R12, R15, 0x5410, R12","16","0","16","1048576","33554432","33554432","32","32","0","0","0","-","-","-","0","0","0","0","0","0","0","0","-","0","0","0","0","0","0","0","0","0","0","0","0","0","0","0","0","0","0","16","0","0","0","0","0","0","0","0","0","0","0","0","0","0","0","0","0","0","0","0","0"
"0x7f696b5b19d0","      MUFU.EX2 R92, R92","142","24","142","1048576","33554432","33554432","32","32","0","0","0","-","-","-","0","0","0","0","0","0","0","0","-","0","0","0","0","0","0","0","0","2","0","0","0","0","0","0","0","0","12","17","0","0","0","111","0","0","0","0","0","0","0","0","0","0","0","0","0","0","0","0","24"
"0x7f696b5b19e0","      F2FP.SATFINITE.E4M3.F32.PACK_AB_MERGE_C R33, R33, R32, RZ","20","0","20","1048576","33554432","33554432","32","32","0","0","0","-","-","-","0","0","0","0","0","0","0","0","-","0","0","0","0","0","0","0","0","0","0","0","0","0","0","0","0","0","0","20","0","0","0","0","0","0","0","0","0","0","0","0","0","0","0","0","0","0","0","0","0"
"0x7f696b5b19f0","      HADD2.F32 R35, -RZ, R34.H1_H1","19","0","19","1048576","33554432","33554432","32","32","0","0","0","-","-","-","0","0","0","0","0","0","0","0","-","0","0","0","0","0","0","0","0","1","0","0","0","0","0","0","0","0","0","18","0","0","0","0","0","0","0","0","0","0","0","0","0","0","0","0","0","0","0","0","0"
"0x7f696b5b1a00","      F2FP.SATFINITE.E4M3.F32.PACK_AB_MERGE_C R15, R83, R82, RZ","30","0","30","1048576","33554432","33554432","32","32","0","0","0","-","-","-","0","0","0","0","0","0","0","0","-","0","0","0","0","0","0","0","0","0","0","0","0","0","0","0","0","0","0","30","0","0","0","0","0","0","0","0","0","0","0","0","0","0","0","0","0","0","0","0","0"
"0x7f696b5b1a10","      MUFU.EX2 R93, R93","151","26","151","1048576","33554432","33554432","32","32","0","0","0","-","-","-","0","0","0","0","0","0","0","0","-","0","0","0","0","0","0","0","0","0","0","0","0","0","0","0","0","0","17","19","0","0","0","115","0","0","0","0","0","0","0","0","0","0","0","0","0","0","0","0","26"
"0x7f696b5b1a20","      FADD2 R10, R90.F32x2.HI_LO, -R10.F32x2.HI_LO","24","0","24","1048576","33554432","33554432","32","32","0","0","0","-","-","-","0","0","0","0","0","0","0","0","-","0","0","0","0","0","0","0","0","1","0","0","0","0","0","0","0","0","0","23","0","0","0","0","0","0","0","0","0","0","0","0","0","0","0","0","0","0","0","0","0"
"0x7f696b5b1a30","      HADD2.F32 R34, -RZ, R34.H0_H0","47","6","47","1048576","33554432","33554432","32","32","0","0","0","-","-","-","0","0","0","0","0","0","0","0","-","0","0","0","0","0","0","0","0","1","0","0","0","3","0","0","0","0","5","18","0","0","0","20","0","0","0","0","0","0","0","0","0","0","0","0","0","0","0","0","6"
"0x7f696b5b1a40","      F2FP.F16.E4M3.UNPACK_B R18, R15","13","0","13","1048576","33554432","33554432","32","32","0","0","0","-","-","-","0","0","0","0","0","0","0","0","-","0","0","0","0","0","0","0","0","1","0","0","0","0","0","0","0","0","0","12","0","0","0","0","0","0","0","0","0","0","0","0","0","0","0","0","0","0","0","0","0"
"0x7f696b5b1a50","      MUFU.EX2 R86, R86","136","8","136","1048576","33554432","33554432","32","32","0","0","0","-","-","-","0","0","0","0","0","0","0","0","-","0","0","0","0","0","0","0","0","0","0","0","0","0","0","0","0","0","9","25","0","0","0","102","0","0","0","0","0","0","0","0","0","0","0","0","0","0","0","0","8"
"0x7f696b5b1a60","      F2FP.SATFINITE.E4M3.F32.PACK_AB_MERGE_C R24, R85, R84, RZ","19","0","19","1048576","33554432","33554432","32","32","0","0","0","-","-","-","0","0","0","0","0","0","0","0","-","0","0","0","0","0","0","0","0","0","0","0","0","0","0","0","0","0","0","19","0","0","0","0","0","0","0","0","0","0","0","0","0","0","0","0","0","0","0","0","0"
"0x7f696b5b1a70","      FADD2 R34, R94.F32x2.HI_LO, -R34.F32x2.HI_LO","28","0","28","1048576","33554432","33554432","32","32","0","0","0","-","-","-","0","0","0","0","0","0","0","0","-","0","0","0","0","0","0","0","0","0","0","0","0","0","0","0","0","0","0","28","0","0","0","0","0","0","0","0","0","0","0","0","0","0","0","0","0","0","0","0","0"
"0x7f696b5b1a80","      F2FP.SATFINITE.E4M3.F32.PACK_AB_MERGE_C R32, R11, R10, RZ","25","0","25","1048576","33554432","33554432","32","32","0","0","0","-","-","-","0","0","0","0","0","0","0","0","-","0","0","0","0","0","0","0","0","0","0","0","0","0","0","0","0","0","0","25","0","0","0","0","0","0","0","0","0","0","0","0","0","0","0","0","0","0","0","0","0"
"0x7f696b5b1a90","      MUFU.EX2 R87, R87","146","39","146","1048576","33554432","33554432","32","32","0","0","0","-","-","-","0","0","0","0","0","0","0","0","-","0","0","0","0","0","0","0","0","0","0","0","0","0","0","0","0","0","4","16","0","0","0","126","0","0","0","0","0","0","0","0","0","0","0","0","0","0","0","0","39"
"0x7f696b5b1aa0","      PRMT R15, R24, 0x5410, R15","23","0","23","1048576","33554432","33554432","32","32","0","0","0","-","-","-","0","0","0","0","0","0","0","0","-","0","0","0","0","0","0","0","0","0","0","0","0","0","0","0","0","0","0","23","0","0","0","0","0","0","0","0","0","0","0","0","0","0","0","0","0","0","0","0","0"
"0x7f696b5b1ab0","      HADD2.F32 R19, -RZ, R18.H1_H1","16","0","16","1048576","33554432","33554432","32","32","0","0","0","-","-","-","0","0","0","0","0","0","0","0","-","0","0","0","0","0","0","0","0","1","0","0","0","0","0","0","0","0","0","15","0","0","0","0","0","0","0","0","0","0","0","0","0","0","0","0","0","0","0","0","0"
"0x7f696b5b1ac0","      F2FP.F16.E4M3.UNPACK_B R24, R24","34","0","34","1048576","33554432","33554432","32","32","0","0","0","-","-","-","0","0","0","0","0","0","0","0","-","0","0","0","0","0","0","0","0","0","0","0","0","0","0","0","0","0","0","34","0","0","0","0","0","0","0","0","0","0","0","0","0","0","0","0","0","0","0","0","0"
"0x7f696b5b1ad0","      MUFU.EX2 R88, R88","148","30","148","1048576","33554432","33554432","32","32","0","0","0","-","-","-","0","0","0","0","0","0","0","0","-","0","0","0","0","0","0","0","0","0","0","0","0","0","0","0","0","0","4","24","0","0","0","120","0","0","0","0","0","0","0","0","0","0","0","0","0","0","0","0","30"
"0x7f696b5b1ae0","      F2FP.SATFINITE.E4M3.F32.PACK_AB_MERGE_C R22, R93, R92, RZ","28","0","28","1048576","33554432","33554432","32","32","0","0","0","-","-","-","0","0","0","0","0","0","0","0","-","0","0","0","0","0","0","0","0","1","0","0","0","0","0","0","0","0","0","27","0","0","0","0","0","0","0","0","0","0","0","0","0","0","0","0","0","0","0","0","0"
"0x7f696b5b1af0","      HADD2.F32 R18, -RZ, R18.H0_H0","17","0","17","1048576","33554432","33554432","32","32","0","0","0","-","-","-","0","0","0","0","0","0","0","0","-","0","0","0","0","0","0","0","0","3","0","0","0","0","0","0","0","0","0","14","0","0","0","0","0","0","0","0","0","0","0","0","0","0","0","0","0","0","0","0","0"
"0x7f696b5b1b00","      F2FP.SATFINITE.E4M3.F32.PACK_AB_MERGE_C R34, R35, R34, RZ","15","0","15","1048576","33554432","33554432","32","32","0","0","0","-","-","-","0","0","0","0","0","0","0","0","-","0","0","0","0","0","0","0","0","0","0","0","0","0","0","0","0","0","0","15","0","0","0","0","0","0","0","0","0","0","0","0","0","0","0","0","0","0","0","0","0"
"0x7f696b5b1b10","      MUFU.EX2 R89, R89","143","29","143","1048576","33554432","33554432","32","32","0","0","0","-","-","-","0","0","0","0","0","0","0","0","-","0","0","0","0","0","0","0","0","0","0","0","0","0","0","0","0","0","4","13","0","0","0","126","0","0","0","0","0","0","0","0","0","0","0","0","0","0","0","0","29"
"0x7f696b5b1b20","      PRMT R13, R22, 0x5410, R13","15","0","15","1048576","33554432","33554432","32","32","0","0","0","-","-","-","0","0","0","0","0","0","0","0","-","0","0","0","0","0","0","0","0","0","0","0","0","0","0","0","0","0","0","15","0","0","0","0","0","0","0","0","0","0","0","0","0","0","0","0","0","0","0","0","0"
"0x7f696b5b1b30","      HADD2.F32 R25, -RZ, R24.H1_H1","18","0","18","1048576","33554432","33554432","32","32","0","0","0","-","-","-","0","0","0","0","0","0","0","0","-","0","0","0","0","0","0","0","0","2","0","0","0","0","0","0","0","0","0","16","0","0","0","0","0","0","0","0","0","0","0","0","0","0","0","0","0","0","0","0","0"
"0x7f696b5b1b40","      F2FP.F16.E4M3.UNPACK_B R22, R22","13","0","13","1048576","33554432","33554432","32","32","0","0","0","-","-","-","0","0","0","0","0","0","0","0","-","0","0","0","0","0","0","0","0","0","0","0","0","0","0","0","0","0","0","13","0","0","0","0","0","0","0","0","0","0","0","0","0","0","0","0","0","0","0","0","0"
"0x7f696b5b1b50","      MUFU.EX2 R78, R78","140","28","140","1048576","33554432","33554432","32","32","0","0","0","-","-","-","0","0","0","0","0","0","0","0","-","0","0","0","0","0","0","0","0","0","0","0","0","0","0","0","0","0","4","15","0","0","0","121","0","0","0","0","0","0","0","0","0","0","0","0","0","0","0","0","28"
"0x7f696b5b1b60","      HADD2.F32 R24, -RZ, R24.H0_H0","15","0","15","1048576","33554432","33554432","32","32","0","0","0","-","-","-","0","0","0","0","0","0","0","0","-","0","0","0","0","0","0","0","0","0","0","0","0","0","0","0","0","0","0","15","0","0","0","0","0","0","0","0","0","0","0","0","0","0","0","0","0","0","0","0","0"
"0x7f696b5b1b70","      F2FP.SATFINITE.E4M3.F32.PACK_AB_MERGE_C R11, R87, R86, RZ","21","0","21","1048576","33554432","33554432","32","32","0","0","0","-","-","-","0","0","0","0","0","0","0","0","-","0","0","0","0","0","0","0","0","0","0","0","0","0","0","0","0","0","0","21","0","0","0","0","0","0","0","0","0","0","0","0","0","0","0","0","0","0","0","0","0"
"0x7f696b5b1b80","      FADD2 R18, R82.F32x2.HI_LO, -R18.F32x2.HI_LO","24","0","24","1048576","33554432","33554432","32","32","0","0","0","-","-","-","0","0","0","0","0","0","0","0","-","0","0","0","0","0","0","0","0","1","0","0","0","0","0","0","0","0","0","23","0","0","0","0","0","0","0","0","0","0","0","0","0","0","0","0","0","0","0","0","0"
"0x7f696b5b1b90","      MUFU.EX2 R79, R79","153","32","153","1048576","33554432","33554432","32","32","0","0","0","-","-","-","0","0","0","0","0","0","0","0","-","0","0","0","0","0","0","0","0","1","0","0","0","0","0","0","0","0","3","25","0","0","0","124","0","0","0","0","0","0","0","0","0","0","0","0","0","0","0","0","32"
"0x7f696b5b1ba0","      HADD2.F32 R23, -RZ, R22.H1_H1","17","0","17","1048576","33554432","33554432","32","32","0","0","0","-","-","-","0","0","0","0","0","0","0","0","-","0","0","0","0","0","0","0","0","0","0","0","0","0","0","0","0","0","0","17","0","0","0","0","0","0","0","0","0","0","0","0","0","0","0","0","0","0","0","0","0"
"0x7f696b5b1bb0","      F2FP.F16.E4M3.UNPACK_B R10, R11","20","0","20","1048576","33554432","33554432","32","32","0","0","0","-","-","-","0","0","0","0","0","0","0","0","-","0","0","0","0","0","0","0","0","0","0","0","0","0","0","0","0","0","0","20","0","0","0","0","0","0","0","0","0","0","0","0","0","0","0","0","0","0","0","0","0"
"0x7f696b5b1bc0","      FADD2 R24, R84.F32x2.HI_LO, -R24.F32x2.HI_LO","18","0","18","1048576","33554432","33554432","32","32","0","0","0","-","-","-","0","0","0","0","0","0","0","0","-","0","0","0","0","0","0","0","0","0","0","0","0","0","0","0","0","0","0","18","0","0","0","0","0","0","0","0","0","0","0","0","0","0","0","0","0","0","0","0","0"
"0x7f696b5b1bd0","      F2FP.SATFINITE.E4M3.F32.PACK_AB_MERGE_C R124, R19, R18, RZ","17","0","17","1048576","33554432","33554432","32","32","0","0","0","-","-","-","0","0","0","0","0","0","0","0","-","0","0","0","0","0","0","0","0","2","0","0","0","0","0","0","0","0","0","15","0","0","0","0","0","0","0","0","0","0","0","0","0","0","0","0","0","0","0","0","0"
"0x7f696b5b1be0","      MUFU.EX2 R74, R74","133","16","133","1048576","33554432","33554432","32","32","0","0","0","-","-","-","0","0","0","0","0","0","0","0","-","0","0","0","0","0","0","0","0","0","0","0","0","0","0","0","0","0","1","21","0","0","0","111","0","0","0","0","0","0","0","0","0","0","0","0","0","0","0","0","16"
"0x7f696b5b1bf0","      F2FP.SATFINITE.E4M3.F32.PACK_AB_MERGE_C R16, R89, R88, RZ","24","0","24","1048576","33554432","33554432","32","32","0","0","0","-","-","-","0","0","0","0","0","0","0","0","-","0","0","0","0","0","0","0","0","0","0","0","0","0","0","0","0","0","0","24","0","0","0","0","0","0","0","0","0","0","0","0","0","0","0","0","0","0","0","0","0"
"0x7f696b5b1c00","      HADD2.F32 R22, -RZ, R22.H0_H0","27","0","27","1048576","33554432","33554432","32","32","0","0","0","-","-","-","0","0","0","0","0","0","0","0","-","0","0","0","0","0","0","0","0","0","0","0","0","0","0","0","0","0","0","27","0","0","0","0","0","0","0","0","0","0","0","0","0","0","0","0","0","0","0","0","0"
"0x7f696b5b1c10","      F2FP.SATFINITE.E4M3.F32.PACK_AB_MERGE_C R125, R25, R24, RZ","20","0","20","1048576","33554432","33554432","32","32","0","0","0","-","-","-","0","0","0","0","0","0","0","0","-","0","0","0","0","0","0","0","0","0","0","0","0","0","0","0","0","0","0","20","0","0","0","0","0","0","0","0","0","0","0","0","0","0","0","0","0","0","0","0","0"
"0x7f696b5b1c20","      MUFU.EX2 R75, R75","148","32","148","1048576","33554432","33554432","32","32","0","0","0","-","-","-","0","0","0","0","0","0","0","0","-","0","0","0","0","0","0","0","0","0","0","0","0","0","0","0","0","0","2","24","0","0","0","122","0","0","0","0","0","0","0","0","0","0","0","0","0","0","0","0","32"
"0x7f696b5b1c30","      PRMT R14, R16, 0x5410, R11","17","0","17","1048576","33554432","33554432","32","32","0","0","0","-","-","-","0","0","0","0","0","0","0","0","-","0","0","0","0","0","0","0","0","0","0","0","0","0","0","0","0","0","0","17","0","0","0","0","0","0","0","0","0","0","0","0","0","0","0","0","0","0","0","0","0"
"0x7f696b5b1c40","      HADD2.F32 R11, -RZ, R10.H1_H1","22","0","22","1048576","33554432","33554432","32","32","0","0","0","-","-","-","0","0","0","0","0","0","0","0","-","0","0","0","0","0","0","0","0","0","0","0","0","0","0","0","0","0","0","22","0","0","0","0","0","0","0","0","0","0","0","0","0","0","0","0","0","0","0","0","0"
"0x7f696b5b1c50","      F2FP.F16.E4M3.UNPACK_B R16, R16","20","0","20","1048576","33554432","33554432","32","32","0","0","0","-","-","-","0","0","0","0","0","0","0","0","-","0","0","0","0","0","0","0","0","0","0","0","0","0","0","0","0","0","0","20","0","0","0","0","0","0","0","0","0","0","0","0","0","0","0","0","0","0","0","0","0"
"0x7f696b5b1c60","      MUFU.EX2 R76, R76","170","39","170","1048576","33554432","33554432","32","32","0","0","0","-","-","-","0","0","0","0","0","0","0","0","-","0","0","0","0","0","0","0","0","0","0","0","0","0","0","1","0","0","1","26","0","0","0","142","0","0","0","0","0","0","0","0","1","0","0","0","0","0","0","0","38"
"0x7f696b5b1c70","      F2FP.SATFINITE.E4M3.F32.PACK_AB_MERGE_C R26, R79, R78, RZ","20","0","20","1048576","33554432","33554432","32","32","0","0","0","-","-","-","0","0","0","0","0","0","0","0","-","0","0","0","0","0","0","0","0","0","0","0","0","0","0","0","0","0","0","20","0","0","0","0","0","0","0","0","0","0","0","0","0","0","0","0","0","0","0","0","0"
"0x7f696b5b1c80","      STS.128 [R109], R12","28","0","28","1048576","33554432","33554432","32","32","0","0","0","Shared","Store","128","0","4","0","4194304","4194304","0","0","0","-","0","0","0","0","0","0","0","0","0","0","0","0","0","0","0","0","0","0","28","0","0","0","0","0","0","0","0","0","0","0","0","0","0","0","0","0","0","0","0","0"
"0x7f696b5b1c90","      FADD2 R22, R92.F32x2.HI_LO, -R22.F32x2.HI_LO","20","0","20","1048576","33554432","33554432","32","32","0","0","0","-","-","-","0","0","0","0","0","0","0","0","-","0","0","0","0","0","0","0","0","0","0","0","0","0","0","0","0","0","0","20","0","0","0","0","0","0","0","0","0","0","0","0","0","0","0","0","0","0","0","0","0"
"0x7f696b5b1ca0","      MUFU.EX2 R77, R77","157","52","157","1048576","33554432","33554432","32","32","0","0","0","-","-","-","0","0","0","0","0","0","0","0","-","0","0","0","0","0","0","0","0","0","0","0","0","0","0","1","0","0","0","21","0","0","0","135","0","0","0","0","0","0","0","0","1","0","0","0","0","0","0","0","51"
"0x7f696b5b1cb0","      F2FP.F16.E4M3.UNPACK_B R20, R26","27","0","27","1048576","33554432","33554432","32","32","0","0","0","-","-","-","0","0","0","0","0","0","0","0","-","0","0","0","0","0","0","0","0","0","0","0","0","0","0","0","0","0","0","27","0","0","0","0","0","0","0","0","0","0","0","0","0","0","0","0","0","0","0","0","0"
"0x7f696b5b1cc0","      HADD2.F32 R17, -RZ, R16.H1_H1","19","0","19","1048576","33554432","33554432","32","32","0","0","0","-","-","-","0","0","0","0","0","0","0","0","-","0","0","0","0","0","0","0","0","0","0","0","0","0","0","0","0","0","0","19","0","0","0","0","0","0","0","0","0","0","0","0","0","0","0","0","0","0","0","0","0"
"0x7f696b5b1cd0","      F2FP.SATFINITE.E4M3.F32.PACK_AB_MERGE_C R35, R23, R22, RZ","17","0","17","1048576","33554432","33554432","32","32","0","0","0","-","-","-","0","0","0","0","0","0","0","0","-","0","0","0","0","0","0","0","0","0","0","0","0","0","0","0","0","0","0","17","0","0","0","0","0","0","0","0","0","0","0","0","0","0","0","0","0","0","0","0","0"
"0x7f696b5b1ce0","      MUFU.EX2 R2, R2","165","59","165","1048576","33554432","33554432","32","32","0","0","0","-","-","-","0","0","0","0","0","0","0","0","-","0","0","0","0","0","0","0","0","1","0","0","0","0","0","10","0","0","3","24","0","0","0","127","0","0","1","0","0","0","0","0","9","0","0","0","0","0","0","0","49"
"0x7f696b5b1cf0","      F2FP.SATFINITE.E4M3.F32.PACK_AB_MERGE_C R25, R75, R74, RZ","24","0","24","1048576","33554432","33554432","32","32","0","0","0","-","-","-","0","0","0","0","0","0","0","0","-","0","0","0","0","0","0","0","0","2","0","0","0","0","0","0","0","0","0","22","0","0","0","0","0","0","0","0","0","0","0","0","0","0","0","0","0","0","0","0","0"
"0x7f696b5b1d00","      HADD2.F32 R16, -RZ, R16.H0_H0","14","0","14","1048576","33554432","33554432","32","32","0","0","0","-","-","-","0","0","0","0","0","0","0","0","-","0","0","0","0","0","0","0","0","0","0","0","0","0","0","0","0","0","0","14","0","0","0","0","0","0","0","0","0","0","0","0","0","0","0","0","0","0","0","0","0"
"0x7f696b5b1d10","      MUFU.EX2 R3, R3","157","65","157","1048576","33554432","33554432","32","32","0","0","0","-","-","-","0","0","0","0","0","0","0","0","-","0","0","0","0","0","0","0","0","0","0","0","0","0","0","4","0","0","2","16","0","0","0","135","0","0","0","0","0","0","0","0","3","0","0","0","0","0","0","0","62"
"0x7f696b5b1d20","      HADD2.F32 R10, -RZ, R10.H0_H0","19","0","19","1048576","33554432","33554432","32","32","0","0","0","-","-","-","0","0","0","0","0","0","0","0","-","0","0","0","0","0","0","0","0","1","0","0","0","0","0","0","0","0","0","18","0","0","0","0","0","0","0","0","0","0","0","0","0","0","0","0","0","0","0","0","0"
"0x7f696b5b1d30","      FADD2 R16, R88.F32x2.HI_LO, -R16.F32x2.HI_LO","38","18","38","1048576","33554432","33554432","32","32","0","0","0","-","-","-","0","0","0","0","0","0","0","0","-","0","0","0","0","0","0","0","0","0","0","0","0","0","0","0","0","0","0","20","0","0","0","18","0","0","0","0","0","0","0","0","0","0","0","0","0","0","0","0","18"
"0x7f696b5b1d40","      MUFU.EX2 R80, R80","125","51","125","1048576","33554432","33554432","32","32","0","0","0","-","-","-","0","0","0","0","0","0","0","0","-","0","0","0","0","0","0","0","0","0","0","0","0","0","0","8","0","0","2","15","0","0","0","100","0","0","0","0","0","0","0","0","5","0","0","0","0","0","0","0","46"
"0x7f696b5b1d50","      F2FP.SATFINITE.E4M3.F32.PACK_AB_MERGE_C R18, R77, R76, RZ","13","0","13","1048576","33554432","33554432","32","32","0","0","0","-","-","-","0","0","0","0","0","0","0","0","-","0","0","0","0","0","0","0","0","0","0","0","0","0","0","0","0","0","0","13","0","0","0","0","0","0","0","0","0","0","0","0","0","0","0","0","0","0","0","0","0"
"0x7f696b5b1d60","      FADD2 R10, R86.F32x2.HI_LO, -R10.F32x2.HI_LO","21","0","21","1048576","33554432","33554432","32","32","0","0","0","-","-","-","0","0","0","0","0","0","0","0","-","0","0","0","0","0","0","0","0","0","0","0","0","0","0","0","0","0","0","21","0","0","0","0","0","0","0","0","0","0","0","0","0","0","0","0","0","0","0","0","0"
"0x7f696b5b1d70","      HADD2.F32 R21, -RZ, R20.H1_H1","45","23","45","1048576","33554432","33554432","32","32","0","0","0","-","-","-","0","0","0","0","0","0","0","0","-","0","0","0","0","0","0","0","0","0","0","0","0","0","0","0","0","0","0","21","0","0","0","24","0","0","0","0","0","0","0","0","0","0","0","0","0","0","0","0","23"
"0x7f696b5b1d80","      F2FP.SATFINITE.E4M3.F32.PACK_AB_MERGE_C R123, R17, R16, RZ","17","0","17","1048576","33554432","33554432","32","32","0","0","0","-","-","-","0","0","0","0","0","0","0","0","-","0","0","0","0","0","0","0","0","0","0","0","0","0","0","0","0","0","0","17","0","0","0","0","0","0","0","0","0","0","0","0","0","0","0","0","0","0","0","0","0"
"0x7f696b5b1d90","      MUFU.EX2 R81, R81","114","13","114","1048576","33554432","33554432","32","32","0","0","0","-","-","-","0","0","0","0","0","0","0","0","-","0","0","0","0","0","0","0","0","1","0","0","0","0","0","0","0","0","3","21","0","0","0","89","0","0","0","0","0","0","0","0","0","0","0","0","0","0","0","0","13"
"0x7f696b5b1da0","      F2FP.F16.E4M3.UNPACK_B R16, R25","18","0","18","1048576","33554432","33554432","32","32","0","0","0","-","-","-","0","0","0","0","0","0","0","0","-","0","0","0","0","0","0","0","0","1","0","0","0","0","0","0","0","0","0","17","0","0","0","0","0","0","0","0","0","0","0","0","0","0","0","0","0","0","0","0","0"
"0x7f696b5b1db0","      HADD2.F32 R20, -RZ, R20.H0_H0","19","0","19","1048576","33554432","33554432","32","32","0","0","0","-","-","-","0","0","0","0","0","0","0","0","-","0","0","0","0","0","0","0","0","0","0","0","0","0","0","0","0","0","0","19","0","0","0","0","0","0","0","0","0","0","0","0","0","0","0","0","0","0","0","0","0"
"0x7f696b5b1dc0","      F2FP.SATFINITE.E4M3.F32.PACK_AB_MERGE_C R66, R11, R10, RZ","23","0","23","1048576","33554432","33554432","32","32","0","0","0","-","-","-","0","0","0","0","0","0","0","0","-","0","0","0","0","0","0","0","0","0","0","0","0","0","0","0","0","0","0","23","0","0","0","0","0","0","0","0","0","0","0","0","0","0","0","0","0","0","0","0","0"
"0x7f696b5b1dd0","      MUFU.EX2 R68, R4","146","38","146","1048576","33554432","33554432","32","32","0","0","0","-","-","-","0","0","0","0","0","0","0","0","-","0","0","0","0","0","0","0","0","0","0","0","0","0","0","0","0","0","8","25","0","0","0","113","0","0","0","0","0","0","0","0","0","0","0","0","0","0","0","0","38"
"0x7f696b5b1de0","      F2FP.SATFINITE.E4M3.F32.PACK_AB_MERGE_C R27, R3, R2, RZ","16","0","16","1048576","33554432","33554432","32","32","0","0","0","-","-","-","0","0","0","0","0","0","0","0","-","0","0","0","0","0","0","0","0","0","0","0","0","0","0","0","0","0","0","16","0","0","0","0","0","0","0","0","0","0","0","0","0","0","0","0","0","0","0","0","0"
"0x7f696b5b1df0","      PRMT R25, R18, 0x5410, R25","37","17","37","1048576","33554432","33554432","32","32","0","0","0","-","-","-","0","0","0","0","0","0","0","0","-","0","0","0","0","0","0","0","0","0","0","0","0","1","0","0","0","0","0","19","0","0","0","17","0","0","0","0","0","0","0","0","0","0","0","0","0","0","0","0","17"
"0x7f696b5b1e00","      MUFU.EX2 R69, R5","148","36","148","1048576","33554432","33554432","32","32","0","0","0","-","-","-","0","0","0","0","0","0","0","0","-","0","0","0","0","0","0","0","0","0","0","0","0","0","0","0","0","0","10","16","0","0","0","122","0","0","0","0","0","0","0","0","0","0","0","0","0","0","0","0","36"
"0x7f696b5b1e10","      F2FP.F16.E4M3.UNPACK_B R18, R18","15","0","15","1048576","33554432","33554432","32","32","0","0","0","-","-","-","0","0","0","0","0","0","0","0","-","0","0","0","0","0","0","0","0","0","0","0","0","0","0","0","0","0","0","15","0","0","0","0","0","0","0","0","0","0","0","0","0","0","0","0","0","0","0","0","0"
"0x7f696b5b1e20","      FADD2 R20, R78.F32x2.HI_LO, -R20.F32x2.HI_LO","21","0","21","1048576","33554432","33554432","32","32","0","0","0","-","-","-","0","0","0","0","0","0","0","0","-","0","0","0","0","0","0","0","0","0","0","0","0","0","0","0","0","0","0","21","0","0","0","0","0","0","0","0","0","0","0","0","0","0","0","0","0","0","0","0","0"
"0x7f696b5b1e30","      F2FP.F16.E4M3.UNPACK_B R28, R27","20","0","20","1048576","33554432","33554432","32","32","0","0","0","-","-","-","0","0","0","0","0","0","0","0","-","0","0","0","0","0","0","0","0","0","0","0","0","0","0","0","0","0","0","20","0","0","0","0","0","0","0","0","0","0","0","0","0","0","0","0","0","0","0","0","0"
"0x7f696b5b1e40","      MUFU.EX2 R70, R70","140","49","140","1048576","33554432","33554432","32","32","0","0","0","-","-","-","0","0","0","0","0","0","0","0","-","0","0","0","0","0","0","0","0","0","0","0","0","0","0","0","0","0","5","15","0","0","0","120","0","0","0","0","0","0","0","0","0","0","0","0","0","0","0","0","49"
"0x7f696b5b1e50","      F2FP.SATFINITE.E4M3.F32.PACK_AB_MERGE_C R17, R81, R80, RZ","11","0","11","1048576","33554432","33554432","32","32","0","0","0","-","-","-","0","0","0","0","0","0","0","0","-","0","0","0","0","0","0","0","0","0","0","0","0","0","0","0","0","0","0","11","0","0","0","0","0","0","0","0","0","0","0","0","0","0","0","0","0","0","0","0","0"
"0x7f696b5b1e60","      HADD2.F32 R19, -RZ, R18.H1_H1","18","0","18","1048576","33554432","33554432","32","32","0","0","0","-","-","-","0","0","0","0","0","0","0","0","-","0","0","0","0","0","0","0","0","1","0","0","0","0","0","0","0","0","0","17","0","0","0","0","0","0","0","0","0","0","0","0","0","0","0","0","0","0","0","0","0"
"0x7f696b5b1e70","      F2FP.SATFINITE.E4M3.F32.PACK_AB_MERGE_C R126, R21, R20, RZ","11","0","11","1048576","33554432","33554432","32","32","0","0","0","-","-","-","0","0","0","0","0","0","0","0","-","0","0","0","0","0","0","0","0","0","0","0","0","0","0","0","0","0","0","11","0","0","0","0","0","0","0","0","0","0","0","0","0","0","0","0","0","0","0","0","0"
"0x7f696b5b1e80","      MUFU.EX2 R71, R71","184","39","184","1048576","33554432","33554432","32","32","0","0","0","-","-","-","0","0","0","0","0","0","0","0","-","0","0","0","0","0","0","0","0","0","0","0","0","0","0","0","0","0","29","26","0","0","0","129","0","0","0","0","0","0","0","0","0","0","0","0","0","0","0","0","39"
"0x7f696b5b1e90","      F2FP.F16.E4M3.UNPACK_B R10, R17","24","0","24","1048576","33554432","33554432","32","32","0","0","0","-","-","-","0","0","0","0","0","0","0","0","-","0","0","0","0","0","0","0","0","0","0","0","0","0","0","0","0","0","0","24","0","0","0","0","0","0","0","0","0","0","0","0","0","0","0","0","0","0","0","0","0"
"0x7f696b5b1ea0","      HADD2.F32 R18, -RZ, R18.H0_H0","24","0","24","1048576","33554432","33554432","32","32","0","0","0","-","-","-","0","0","0","0","0","0","0","0","-","0","0","0","0","0","0","0","0","3","0","0","0","0","0","0","0","0","0","21","0","0","0","0","0","0","0","0","0","0","0","0","0","0","0","0","0","0","0","0","0"
"0x7f696b5b1eb0","      PRMT R24, R17, 0x5410, R26","19","0","19","1048576","33554432","33554432","32","32","0","0","0","-","-","-","0","0","0","0","0","0","0","0","-","0","0","0","0","0","0","0","0","3","0","0","0","0","0","0","0","0","0","16","0","0","0","0","0","0","0","0","0","0","0","0","0","0","0","0","0","0","0","0","0"
"0x7f696b5b1ec0","      MUFU.EX2 R72, R72","219","33","219","1048576","33554432","33554432","32","32","0","0","0","-","-","-","0","0","0","0","0","0","0","0","-","0","0","0","0","0","0","0","0","1","0","0","0","0","0","0","0","0","68","17","0","0","0","133","0","0","0","0","0","0","0","0","0","0","0","0","0","0","0","0","33"
"0x7f696b5b1ed0","      F2FP.SATFINITE.E4M3.F32.PACK_AB_MERGE_C R22, R69, R68, RZ","18","0","18","1048576","33554432","33554432","32","32","0","0","0","-","-","-","0","0","0","0","0","0","0","0","-","0","0","0","0","0","0","0","0","0","0","0","0","0","0","0","0","0","0","18","0","0","0","0","0","0","0","0","0","0","0","0","0","0","0","0","0","0","0","0","0"
"0x7f696b5b1ee0","      HADD2.F32 R17, -RZ, R16.H1_H1","25","0","25","1048576","33554432","33554432","32","32","0","0","0","-","-","-","0","0","0","0","0","0","0","0","-","0","0","0","0","0","0","0","0","5","0","0","0","0","0","0","0","0","0","20","0","0","0","0","0","0","0","0","0","0","0","0","0","0","0","0","0","0","0","0","0"
"0x7f696b5b1ef0","      FADD2 R18, R76.F32x2.HI_LO, -R18.F32x2.HI_LO","40","17","40","1048576","33554432","33554432","32","32","0","0","0","-","-","-","0","0","0","0","0","0","0","0","-","0","0","0","0","0","0","0","0","0","0","0","0","1","0","0","0","0","1","21","0","0","0","17","0","0","0","0","0","0","0","0","0","0","0","0","0","0","0","0","17"
"0x7f696b5b1f00","      MUFU.EX2 R73, R73","208","23","208","1048576","33554432","33554432","32","32","0","0","0","-","-","-","0","0","0","0","0","0","0","0","-","0","0","0","0","0","0","0","0","3","0","0","0","0","0","0","0","0","86","21","0","0","0","98","0","0","0","0","0","0","0","0","0","0","0","0","0","0","0","0","23"
"0x7f696b5b1f10","      PRMT R27, R22, 0x5410, R27","15","0","15","1048576","33554432","33554432","32","32","0","0","0","-","-","-","0","0","0","0","0","0","0","0","-","0","0","0","0","0","0","0","0","0","0","0","0","0","0","0","0","0","0","15","0","0","0","0","0","0","0","0","0","0","0","0","0","0","0","0","0","0","0","0","0"
"0x7f696b5b1f20","      HADD2.F32 R16, -RZ, R16.H0_H0","17","0","17","1048576","33554432","33554432","32","32","0","0","0","-","-","-","0","0","0","0","0","0","0","0","-","0","0","0","0","0","0","0","0","4","0","0","0","0","0","0","0","0","0","13","0","0","0","0","0","0","0","0","0","0","0","0","0","0","0","0","0","0","0","0","0"
"0x7f696b5b1f30","      F2FP.F16.E4M3.UNPACK_B R22, R22","29","0","29","1048576","33554432","33554432","32","32","0","0","0","-","-","-","0","0","0","0","0","0","0","0","-","0","0","0","0","0","0","0","0","3","0","0","0","0","0","0","0","0","0","26","0","0","0","0","0","0","0","0","0","0","0","0","0","0","0","0","0","0","0","0","0"
"0x7f696b5b1f40","      HADD2.F32 R29, -RZ, R28.H1_H1","15","0","15","1048576","33554432","33554432","32","32","0","0","0","-","-","-","0","0","0","0","0","0","0","0","-","0","0","0","0","0","0","0","0","0","0","0","0","0","0","0","0","0","0","15","0","0","0","0","0","0","0","0","0","0","0","0","0","0","0","0","0","0","0","0","0"
"0x7f696b5b1f50","      F2FP.SATFINITE.E4M3.F32.PACK_AB_MERGE_C R18, R19, R18, RZ","29","0","29","1048576","33554432","33554432","32","32","0","0","0","-","-","-","0","0","0","0","0","0","0","0","-","0","0","0","0","0","0","0","0","0","0","0","0","0","0","0","0","0","0","29","0","0","0","0","0","0","0","0","0","0","0","0","0","0","0","0","0","0","0","0","0"
"0x7f696b5b1f60","      HADD2.F32 R28, -RZ, R28.H0_H0","23","0","23","1048576","33554432","33554432","32","32","0","0","0","-","-","-","0","0","0","0","0","0","0","0","-","0","0","0","0","0","0","0","0","0","0","0","0","0","0","0","0","0","0","23","0","0","0","0","0","0","0","0","0","0","0","0","0","0","0","0","0","0","0","0","0"
"0x7f696b5b1f70","      F2FP.SATFINITE.E4M3.F32.PACK_AB_MERGE_C R11, R71, R70, RZ","26","0","26","1048576","33554432","33554432","32","32","0","0","0","-","-","-","0","0","0","0","0","0","0","0","-","0","0","0","0","0","0","0","0","0","0","0","0","0","0","0","0","0","0","26","0","0","0","0","0","0","0","0","0","0","0","0","0","0","0","0","0","0","0","0","0"
"0x7f696b5b1f80","      FADD2 R16, R74.F32x2.HI_LO, -R16.F32x2.HI_LO","18","0","18","1048576","33554432","33554432","32","32","0","0","0","-","-","-","0","0","0","0","0","0","0","0","-","0","0","0","0","0","0","0","0","0","0","0","0","0","0","0","0","0","0","18","0","0","0","0","0","0","0","0","0","0","0","0","0","0","0","0","0","0","0","0","0"
"0x7f696b5b1f90","      HADD2.F32 R23, -RZ, R22.H1_H1","99","18","99","1048576","33554432","33554432","32","32","0","0","0","-","-","-","0","0","0","0","0","0","0","0","-","0","0","0","0","0","0","0","0","0","0","0","0","32","0","0","0","0","26","20","0","0","0","21","0","0","0","0","0","0","12","0","0","0","0","0","0","0","0","0","6"
"0x7f696b5b1fa0","      F2FP.F16.E4M3.UNPACK_B R20, R11","17","0","17","1048576","33554432","33554432","32","32","0","0","0","-","-","-","0","0","0","0","0","0","0","0","-","0","0","0","0","0","0","0","0","0","0","0","0","0","0","0","0","0","0","17","0","0","0","0","0","0","0","0","0","0","0","0","0","0","0","0","0","0","0","0","0"
"0x7f696b5b1fb0","      HADD2.F32 R22, -RZ, R22.H0_H0","24","0","24","1048576","33554432","33554432","32","32","0","0","0","-","-","-","0","0","0","0","0","0","0","0","-","0","0","0","0","0","0","0","0","2","0","0","0","0","0","0","0","0","0","22","0","0","0","0","0","0","0","0","0","0","0","0","0","0","0","0","0","0","0","0","0"
"0x7f696b5b1fc0","      F2FP.SATFINITE.E4M3.F32.PACK_AB_MERGE_C R17, R17, R16, RZ","28","0","28","1048576","33554432","33554432","32","32","0","0","0","-","-","-","0","0","0","0","0","0","0","0","-","0","0","0","0","0","0","0","0","1","0","0","0","0","0","0","0","0","0","27","0","0","0","0","0","0","0","0","0","0","0","0","0","0","0","0","0","0","0","0","0"
"0x7f696b5b1fd0","      FADD2 R28, R2.F32x2.HI_LO, -R28.F32x2.HI_LO","19","0","19","1048576","33554432","33554432","32","32","0","0","0","-","-","-","0","0","0","0","0","0","0","0","-","0","0","0","0","0","0","0","0","0","0","0","0","0","0","0","0","0","0","19","0","0","0","0","0","0","0","0","0","0","0","0","0","0","0","0","0","0","0","0","0"
"0x7f696b5b1fe0","      F2FP.SATFINITE.E4M3.F32.PACK_AB_MERGE_C R30, R73, R72, RZ","25","1","25","1048576","33554432","33554432","32","32","0","0","0","-","-","-","0","0","0","0","0","0","0","0","-","0","0","0","0","0","0","0","0","0","0","0","0","0","0","0","0","0","0","24","1","0","0","0","0","0","0","0","0","0","0","0","0","0","0","0","0","1","0","0","0"
"0x7f696b5b1ff0","      HADD2.F32 R21, -RZ, R20.H1_H1","23","0","23","1048576","33554432","33554432","32","32","0","0","0","-","-","-","0","0","0","0","0","0","0","0","-","0","0","0","0","0","0","0","0","0","0","0","0","0","0","0","0","0","0","23","0","0","0","0","0","0","0","0","0","0","0","0","0","0","0","0","0","0","0","0","0"
"0x7f696b5b2000","      PRMT R17, R18, 0x5410, R17","21","0","21","1048576","33554432","33554432","32","32","0","0","0","-","-","-","0","0","0","0","0","0","0","0","-","0","0","0","0","0","0","0","0","1","0","0","0","1","0","0","0","3","0","16","0","0","0","0","0","0","0","0","0","0","0","0","0","0","0","0","0","0","0","0","0"
"0x7f696b5b2010","      FADD2 R22, R68.F32x2.HI_LO, -R22.F32x2.HI_LO","26","0","26","1048576","33554432","33554432","32","32","0","0","0","-","-","-","0","0","0","0","0","0","0","0","-","0","0","0","0","0","0","0","0","0","0","0","0","0","0","0","0","0","0","26","0","0","0","0","0","0","0","0","0","0","0","0","0","0","0","0","0","0","0","0","0"
"0x7f696b5b2020","      PRMT R26, R30, 0x5410, R11","23","0","23","1048576","33554432","33554432","32","32","0","0","0","-","-","-","0","0","0","0","0","0","0","0","-","0","0","0","0","0","0","0","0","0","0","0","0","0","0","0","0","0","0","23","0","0","0","0","0","0","0","0","0","0","0","0","0","0","0","0","0","0","0","0","0"
"0x7f696b5b2030","      HADD2.F32 R11, -RZ, R10.H1_H1","21","0","21","1048576","33554432","33554432","32","32","0","0","0","-","-","-","0","0","0","0","0","0","0","0","-","0","0","0","0","0","0","0","0","0","0","0","0","0","0","0","0","0","0","21","0","0","0","0","0","0","0","0","0","0","0","0","0","0","0","0","0","0","0","0","0"
"0x7f696b5b2040","      F2FP.F16.E4M3.UNPACK_B R30, R30","24","0","24","1048576","33554432","33554432","32","32","0","0","0","-","-","-","0","0","0","0","0","0","0","0","-","0","0","0","0","0","0","0","0","0","0","0","0","0","0","0","0","0","0","24","0","0","0","0","0","0","0","0","0","0","0","0","0","0","0","0","0","0","0","0","0"
"0x7f696b5b2050","      HADD2.F32 R10, -RZ, R10.H0_H0","18","0","18","1048576","33554432","33554432","32","32","0","0","0","-","-","-","0","0","0","0","0","0","0","0","-","0","0","0","0","0","0","0","0","0","0","0","0","0","0","0","0","0","0","18","0","0","0","0","0","0","0","0","0","0","0","0","0","0","0","0","0","0","0","0","0"
"0x7f696b5b2060","      F2FP.SATFINITE.E4M3.F32.PACK_AB_MERGE_C R19, R29, R28, RZ","41","0","41","1048576","33554432","33554432","32","32","0","0","0","-","-","-","0","0","0","0","0","0","0","0","-","0","0","0","0","0","0","0","0","18","0","0","0","0","0","0","0","0","0","23","0","0","0","0","0","0","0","0","0","0","0","0","0","0","0","0","0","0","0","0","0"
"0x7f696b5b2070","      STS.128 [R108], R24","20","0","20","1048576","33554432","33554432","32","32","0","0","0","Shared","Store","128","0","4","0","4194304","4194304","0","0","0","-","0","0","0","0","0","0","0","0","0","0","0","0","0","0","0","0","0","0","20","0","0","0","0","0","0","0","0","0","0","0","0","0","0","0","0","0","0","0","0","0"
"0x7f696b5b2080","      F2FP.SATFINITE.E4M3.F32.PACK_AB_MERGE_C R28, R23, R22, RZ","38","0","38","1048576","33554432","33554432","32","32","0","0","0","-","-","-","0","0","0","0","0","0","0","0","-","0","0","0","0","0","0","0","0","4","0","0","0","6","0","0","0","3","10","15","0","0","0","0","0","0","0","0","0","0","0","0","0","0","0","0","0","0","0","0","0"
"0x7f696b5b2090","      HADD2.F32 R20, -RZ, R20.H0_H0","21","0","21","1048576","33554432","33554432","32","32","0","0","0","-","-","-","0","0","0","0","0","0","0","0","-","0","0","0","0","0","0","0","0","0","0","0","0","0","0","0","0","0","0","21","0","0","0","0","0","0","0","0","0","0","0","0","0","0","0","0","0","0","0","0","0"
"0x7f696b5b20a0","      PRMT R22, R123, 0x5410, R66","14","0","14","1048576","33554432","33554432","32","32","0","0","0","-","-","-","0","0","0","0","0","0","0","0","-","0","0","0","0","0","0","0","0","0","0","0","0","0","0","0","0","0","0","14","0","0","0","0","0","0","0","0","0","0","0","0","0","0","0","0","0","0","0","0","0"
"0x7f696b5b20b0","      FADD2 R10, R80.F32x2.HI_LO, -R10.F32x2.HI_LO","24","0","24","1048576","33554432","33554432","32","32","0","0","0","-","-","-","0","0","0","0","0","0","0","0","-","0","0","0","0","0","0","0","0","1","0","0","0","0","0","0","0","0","0","23","0","0","0","0","0","0","0","0","0","0","0","0","0","0","0","0","0","0","0","0","0"
"0x7f696b5b20c0","      PRMT R23, R125, 0x5410, R124","13","0","13","1048576","33554432","33554432","32","32","0","0","0","-","-","-","0","0","0","0","0","0","0","0","-","0","0","0","0","0","0","0","0","0","0","0","0","0","0","0","0","0","0","13","0","0","0","0","0","0","0","0","0","0","0","0","0","0","0","0","0","0","0","0","0"
"0x7f696b5b20d0","      HADD2.F32 R31, -RZ, R30.H1_H1","25","0","25","1048576","33554432","33554432","32","32","0","0","0","-","-","-","0","0","0","0","0","0","0","0","-","0","0","0","0","0","0","0","0","0","0","0","0","0","0","0","0","0","0","25","0","0","0","0","0","0","0","0","0","0","0","0","0","0","0","0","0","0","0","0","0"
"0x7f696b5b20e0","      FADD2 R20, R70.F32x2.HI_LO, -R20.F32x2.HI_LO","268","24","268","1048576","33554432","33554432","32","32","0","0","0","-","-","-","0","0","0","0","0","0","0","0","-","0","0","0","0","0","0","0","0","20","0","0","0","106","0","0","0","0","103","19","0","0","0","20","0","0","4","0","0","0","17","0","0","0","0","0","0","0","0","0","3"
"0x7f696b5b20f0","      HADD2.F32 R30, -RZ, R30.H0_H0","62","13","62","1048576","33554432","33554432","32","32","0","0","0","-","-","-","0","0","0","0","0","0","0","0","-","0","0","0","0","0","0","0","0","2","0","0","0","1","0","0","0","0","7","25","0","0","0","27","0","0","2","0","0","0","0","0","0","0","0","0","0","0","0","0","11"
"0x7f696b5b2100","      F2FP.SATFINITE.E4M3.F32.PACK_AB_MERGE_C R11, R11, R10, RZ","23","0","23","1048576","33554432","33554432","32","32","0","0","0","-","-","-","0","0","0","0","0","0","0","0","-","0","0","0","0","0","0","0","0","7","0","0","0","0","0","0","0","0","0","16","0","0","0","0","0","0","0","0","0","0","0","0","0","0","0","0","0","0","0","0","0"
"0x7f696b5b2110","      PRMT R19, R28, 0x5410, R19","90","17","90","1048576","33554432","33554432","32","32","0","0","0","-","-","-","0","0","0","0","0","0","0","0","-","0","0","0","0","0","0","0","0","12","0","0","0","17","0","0","0","0","22","19","0","0","0","20","0","0","5","0","0","0","2","0","0","0","0","0","0","0","0","0","10"
"0x7f696b5b2120","      F2FP.SATFINITE.E4M3.F32.PACK_AB_MERGE_C R10, R21, R20, RZ","203","35","203","1048576","33554432","33554432","32","32","0","0","0","-","-","-","0","0","0","0","0","0","0","0","-","0","0","0","0","0","0","0","0","11","0","0","0","75","0","0","0","0","79","22","0","0","0","16","0","0","3","0","0","0","29","0","0","0","0","0","0","0","0","0","3"
"0x7f696b5b2130","      FADD2 R30, R72.F32x2.HI_LO, -R30.F32x2.HI_LO","16","0","16","1048576","33554432","33554432","32","32","0","0","0","-","-","-","0","0","0","0","0","0","0","0","-","0","0","0","0","0","0","0","0","1","0","0","0","0","0","0","0","0","0","15","0","0","0","0","0","0","0","0","0","0","0","0","0","0","0","0","0","0","0","0","0"
"0x7f696b5b2140","      PRMT R20, R33, 0x5410, R34","24","0","24","1048576","33554432","33554432","32","32","0","0","0","-","-","-","0","0","0","0","0","0","0","0","-","0","0","0","0","0","0","0","0","4","0","0","0","0","0","0","0","0","0","20","0","0","0","0","0","0","0","0","0","0","0","0","0","0","0","0","0","0","0","0","0"
"0x7f696b5b2150","      PRMT R21, R35, 0x5410, R32","54","18","54","1048576","33554432","33554432","32","32","0","0","0","-","-","-","0","0","0","0","0","0","0","0","-","0","0","0","0","0","0","0","0","2","0","0","0","2","0","0","0","0","3","25","0","0","0","22","0","0","0","0","0","0","1","0","0","0","0","0","0","0","0","0","17"
"0x7f696b5b2160","      F2FP.SATFINITE.E4M3.F32.PACK_AB_MERGE_C R31, R31, R30, RZ","108","31","108","1048576","33554432","33554432","32","32","0","0","0","-","-","-","0","0","0","0","0","0","0","0","-","0","0","0","0","0","0","0","0","19","0","0","0","23","0","0","0","0","31","19","0","0","0","16","0","0","4","0","0","0","15","0","0","0","0","0","0","0","0","0","12"
"0x7f696b5b2170","      PRMT R16, R11, 0x5410, R126","43","24","43","1048576","33554432","33554432","32","32","0","0","0","-","-","-","0","0","0","0","0","0","0","0","-","0","0","0","0","0","0","0","0","3","0","0","0","0","0","0","0","0","0","19","0","0","0","21","0","0","3","0","0","0","0","0","0","0","0","0","0","0","0","0","21"
"0x7f696b5b2180","      STS.128 [R107], R20","16","0","16","1048576","33554432","33554432","32","32","0","0","0","Shared","Store","128","0","4","0","4194304","4194304","0","0","0","-","0","0","0","0","0","0","0","0","0","0","0","0","0","0","0","0","0","0","16","0","0","0","0","0","0","0","0","0","0","0","0","0","0","0","0","0","0","0","0","0"
"0x7f696b5b2190","      PRMT R18, R31, 0x5410, R10","25","0","25","1048576","33554432","33554432","32","32","0","0","0","-","-","-","0","0","0","0","0","0","0","0","-","0","0","0","0","0","0","0","0","0","0","0","0","0","0","0","0","0","0","25","0","0","0","0","0","0","0","0","0","0","0","0","0","0","0","0","0","0","0","0","0"
"0x7f696b5b21a0","      STS.128 [R106], R16","163","79","163","1048576","33554432","33554432","32","32","0","0","0","Shared","Store","128","0","4","0","4194304","4194304","0","0","0","-","0","0","0","0","0","0","0","0","0","0","0","0","0","0","0","0","0","8","22","0","0","0","133","0","0","0","0","0","0","0","0","0","0","0","0","0","0","0","0","79"
"0x7f696b5b21b0","@P1   BRA 0x7f696b5b26b0","19","0","19","1048576","33554432","32867456","32","31","1","1","0","-","-","-","0","0","0","0","0","0","0","0","-","0","0","0","0","0","0","0","0","2","0","0","0","0","0","0","0","0","0","17","0","0","0","0","0","0","0","0","0","0","0","0","0","0","0","0","0","0","0","0","0"
"0x7f696b5b21c0","      R2UR UR5, R120","96","55","96","21468","686976","686976","32","32","1","0","0","-","-","-","0","0","0","0","0","0","0","0","-","0","0","0","0","0","0","0","0","0","0","0","0","0","0","0","0","0","0","16","0","0","0","80","0","0","0","0","0","0","0","0","0","0","0","0","0","0","0","0","55"
"0x7f696b5b21d0","      R2UR UR6, R120","2","1","2","21468","686976","686976","32","32","0","0","0","-","-","-","0","0","0","0","0","0","0","0","-","0","0","0","0","0","0","0","0","0","0","0","0","0","0","0","0","0","0","1","0","0","0","1","0","0","0","0","0","0","0","0","0","0","0","0","0","0","0","0","1"
"0x7f696b5b21e0","      LDTM.x32 R36, tmem[UR5]","3","1","3","21468","686976","686976","32","32","0","0","0","Tmem","Load","-","0","0","0","0","0","0","0","0","-","0","0","0","0","0","0","0","0","0","0","0","0","0","0","0","0","0","1","1","0","0","0","1","0","0","0","0","0","0","0","0","0","0","0","0","0","0","0","0","1"
"0x7f696b5b21f0","      NOP","1","0","1","21468","686976","686976","32","32","0","0","0","-","-","-","0","0","0","0","0","0","0","0","-","0","0","0","0","0","0","0","0","0","0","0","0","0","0","0","0","0","0","1","0","0","0","0","0","0","0","0","0","0","0","0","0","0","0","0","0","0","0","0","0"
"0x7f696b5b2200","      FMUL2 R36, R36.F32x2.HI_LO, R100.F32","18","15","18","21468","686976","686976","32","32","0","0","0","-","-","-","0","0","0","0","0","0","0","0","-","0","0","0","0","0","0","0","0","0","0","0","0","0","0","0","0","0","0","0","18","0","0","0","0","0","0","0","0","0","0","0","0","0","0","0","0","15","0","0","0"
"0x7f696b5b2210","      FMUL2 R38, R38.F32x2.HI_LO, R100.F32","0","0","0","21468","686976","686976","32","32","0","0","0","-","-","-","0","0","0","0","0","0","0","0","-","0","0","0","0","0","0","0","0","0","0","0","0","0","0","0","0","0","0","0","0","0","0","0","0","0","0","0","0","0","0","0","0","0","0","0","0","0","0","0","0"
"0x7f696b5b2220","      FMUL2 R40, R40.F32x2.HI_LO, R100.F32","1","0","1","21468","686976","686976","32","32","0","0","0","-","-","-","0","0","0","0","0","0","0","0","-","0","0","0","0","0","0","0","0","0","0","0","0","0","0","0","0","0","1","0","0","0","0","0","0","0","0","0","0","0","0","0","0","0","0","0","0","0","0","0","0"
"0x7f696b5b2230","      FMUL2 R42, R42.F32x2.HI_LO, R100.F32","2","0","2","21468","686976","686976","32","32","0","0","0","-","-","-","0","0","0","0","0","0","0","0","-","0","0","0","0","0","0","0","0","0","0","0","0","0","0","0","0","0","0","1","0","0","0","1","0","0","0","0","0","0","0","0","0","0","0","0","0","0","0","0","0"
"0x7f696b5b2240","      FMUL2 R44, R44.F32x2.HI_LO, R100.F32","0","0","0","21468","686976","686976","32","32","0","0","0","-","-","-","0","0","0","0","0","0","0","0","-","0","0","0","0","0","0","0","0","0","0","0","0","0","0","0","0","0","0","0","0","0","0","0","0","0","0","0","0","0","0","0","0","0","0","0","0","0","0","0","0"
"0x7f696b5b2250","      FMUL2 R46, R46.F32x2.HI_LO, R100.F32","0","0","0","21468","686976","686976","32","32","0","0","0","-","-","-","0","0","0","0","0","0","0","0","-","0","0","0","0","0","0","0","0","0","0","0","0","0","0","0","0","0","0","0","0","0","0","0","0","0","0","0","0","0","0","0","0","0","0","0","0","0","0","0","0"
"0x7f696b5b2260","      FMUL2 R48, R48.F32x2.HI_LO, R100.F32","4","0","4","21468","686976","686976","32","32","0","0","0","-","-","-","0","0","0","0","0","0","0","0","-","0","0","0","0","0","0","0","0","0","0","0","0","0","0","0","0","0","0","0","0","0","0","4","0","0","0","0","0","0","0","0","0","0","0","0","0","0","0","0","0"
"0x7f696b5b2270","      FMUL2 R50, R50.F32x2.HI_LO, R100.F32","2","2","2","21468","686976","686976","32","32","0","0","0","-","-","-","0","0","0","0","0","0","0","0","-","0","0","0","0","0","0","0","0","0","0","0","0","0","0","0","0","0","0","0","0","0","0","2","0","0","0","0","0","0","0","0","0","0","0","0","0","0","0","0","2"
"0x7f696b5b2280","      FMUL2 R52, R52.F32x2.HI_LO, R100.F32","0","0","0","21468","686976","686976","32","32","0","0","0","-","-","-","0","0","0","0","0","0","0","0","-","0","0","0","0","0","0","0","0","0","0","0","0","0","0","0","0","0","0","0","0","0","0","0","0","0","0","0","0","0","0","0","0","0","0","0","0","0","0","0","0"
"0x7f696b5b2290","      FMUL2 R54, R54.F32x2.HI_LO, R100.F32","0","0","0","21468","686976","686976","32","32","0","0","0","-","-","-","0","0","0","0","0","0","0","0","-","0","0","0","0","0","0","0","0","0","0","0","0","0","0","0","0","0","0","0","0","0","0","0","0","0","0","0","0","0","0","0","0","0","0","0","0","0","0","0","0"
"0x7f696b5b22a0","      FMUL2 R56, R56.F32x2.HI_LO, R100.F32","1","1","1","21468","686976","686976","32","32","0","0","0","-","-","-","0","0","0","0","0","0","0","0","-","0","0","0","0","0","0","0","0","0","0","0","0","0","0","0","0","0","0","0","0","0","0","1","0","0","0","0","0","0","0","0","0","0","0","0","0","0","0","0","1"
"0x7f696b5b22b0","      FMUL2 R58, R58.F32x2.HI_LO, R100.F32","0","0","0","21468","686976","686976","32","32","0","0","0","-","-","-","0","0","0","0","0","0","0","0","-","0","0","0","0","0","0","0","0","0","0","0","0","0","0","0","0","0","0","0","0","0","0","0","0","0","0","0","0","0","0","0","0","0","0","0","0","0","0","0","0"
"0x7f696b5b22c0","      FMUL2 R60, R60.F32x2.HI_LO, R100.F32","0","0","0","21468","686976","686976","32","32","0","0","0","-","-","-","0","0","0","0","0","0","0","0","-","0","0","0","0","0","0","0","0","0","0","0","0","0","0","0","0","0","0","0","0","0","0","0","0","0","0","0","0","0","0","0","0","0","0","0","0","0","0","0","0"
"0x7f696b5b22d0","      FMUL2 R62, R62.F32x2.HI_LO, R100.F32","1","0","1","21468","686976","686976","32","32","0","0","0","-","-","-","0","0","0","0","0","0","0","0","-","0","0","0","0","0","0","0","0","0","0","0","0","0","0","0","0","0","0","1","0","0","0","0","0","0","0","0","0","0","0","0","0","0","0","0","0","0","0","0","0"
"0x7f696b5b22e0","      FMUL2 R64, R64.F32x2.HI_LO, R100.F32","1","1","1","21468","686976","686976","32","32","0","0","0","-","-","-","0","0","0","0","0","0","0","0","-","0","0","0","0","0","0","0","0","0","0","0","0","0","0","0","0","0","0","0","0","0","0","1","0","0","0","0","0","0","0","0","0","0","0","0","0","0","0","0","1"
"0x7f696b5b22f0","      FMUL2 R66, R66.F32x2.HI_LO, R100.F32","0","0","0","21468","686976","686976","32","32","0","0","0","-","-","-","0","0","0","0","0","0","0","0","-","0","0","0","0","0","0","0","0","0","0","0","0","0","0","0","0","0","0","0","0","0","0","0","0","0","0","0","0","0","0","0","0","0","0","0","0","0","0","0","0"
"0x7f696b5b2300","      STTM.x32 tmem[UR6], R36","3","1","3","21468","686976","686976","32","32","0","0","0","Tmem","Store","-","0","0","0","0","0","0","0","0","-","0","0","0","0","0","0","0","0","0","0","0","0","0","0","0","0","0","0","0","0","0","0","3","0","0","0","0","0","0","0","0","0","0","0","0","0","0","0","0","1"
"0x7f696b5b2310","      LDTM.x32 R4, tmem[UR5+0x20]","0","0","0","21468","686976","686976","32","32","0","0","0","Tmem","Load","-","0","0","0","0","0","0","0","0","-","0","0","0","0","0","0","0","0","0","0","0","0","0","0","0","0","0","0","0","0","0","0","0","0","0","0","0","0","0","0","0","0","0","0","0","0","0","0","0","0"
"0x7f696b5b2320","      NOP","2","0","2","21468","686976","686976","32","32","0","0","0","-","-","-","0","0","0","0","0","0","0","0","-","0","0","0","0","0","0","0","0","0","0","0","0","0","0","0","0","0","0","2","0","0","0","0","0","0","0","0","0","0","0","0","0","0","0","0","0","0","0","0","0"
"0x7f696b5b2330","      FMUL2 R4, R4.F32x2.HI_LO, R100.F32","30","9","30","21468","686976","686976","32","32","0","0","0","-","-","-","0","0","0","0","0","0","0","0","-","0","0","0","0","0","0","0","0","0","0","0","0","0","0","0","0","0","1","1","28","0","0","0","0","0","0","0","0","0","0","0","0","0","0","0","0","9","0","0","0"
"0x7f696b5b2340","      FMUL2 R6, R6.F32x2.HI_LO, R100.F32","0","0","0","21468","686976","686976","32","32","0","0","0","-","-","-","0","0","0","0","0","0","0","0","-","0","0","0","0","0","0","0","0","0","0","0","0","0","0","0","0","0","0","0","0","0","0","0","0","0","0","0","0","0","0","0","0","0","0","0","0","0","0","0","0"
"0x7f696b5b2350","      FMUL2 R8, R8.F32x2.HI_LO, R100.F32","3","2","3","21468","686976","686976","32","32","0","0","0","-","-","-","0","0","0","0","0","0","0","0","-","0","0","0","0","0","0","0","0","0","0","0","0","0","0","0","0","0","0","1","0","0","0","2","0","0","0","0","0","0","0","0","0","0","0","0","0","0","0","0","2"
"0x7f696b5b2360","      FMUL2 R10, R10.F32x2.HI_LO, R100.F32","3","1","3","21468","686976","686976","32","32","0","0","0","-","-","-","0","0","0","0","0","0","0","0","-","0","0","0","0","0","0","0","0","0","0","0","0","0","0","0","0","0","0","0","0","0","0","3","0","0","0","0","0","0","0","0","0","0","0","0","0","0","0","0","1"
"0x7f696b5b2370","      FMUL2 R12, R12.F32x2.HI_LO, R100.F32","2","0","2","21468","686976","686976","32","32","0","0","0","-","-","-","0","0","0","0","0","0","0","0","-","0","0","0","0","0","0","0","0","0","0","0","0","0","0","0","0","0","0","0","0","0","0","2","0","0","0","0","0","0","0","0","0","0","0","0","0","0","0","0","0"
"0x7f696b5b2380","      FMUL2 R14, R14.F32x2.HI_LO, R100.F32","1","0","1","21468","686976","686976","32","32","0","0","0","-","-","-","0","0","0","0","0","0","0","0","-","0","0","0","0","0","0","0","0","0","0","0","0","0","0","0","0","0","0","1","0","0","0","0","0","0","0","0","0","0","0","0","0","0","0","0","0","0","0","0","0"
"0x7f696b5b2390","      FMUL2 R16, R16.F32x2.HI_LO, R100.F32","0","0","0","21468","686976","686976","32","32","0","0","0","-","-","-","0","0","0","0","0","0","0","0","-","0","0","0","0","0","0","0","0","0","0","0","0","0","0","0","0","0","0","0","0","0","0","0","0","0","0","0","0","0","0","0","0","0","0","0","0","0","0","0","0"
"0x7f696b5b23a0","      FMUL2 R18, R18.F32x2.HI_LO, R100.F32","2","2","2","21468","686976","686976","32","32","0","0","0","-","-","-","0","0","0","0","0","0","0","0","-","0","0","0","0","0","0","0","0","0","0","0","0","0","0","0","0","0","0","0","0","0","0","2","0","0","0","0","0","0","0","0","0","0","0","0","0","0","0","0","2"
"0x7f696b5b23b0","      FMUL2 R20, R20.F32x2.HI_LO, R100.F32","0","0","0","21468","686976","686976","32","32","0","0","0","-","-","-","0","0","0","0","0","0","0","0","-","0","0","0","0","0","0","0","0","0","0","0","0","0","0","0","0","0","0","0","0","0","0","0","0","0","0","0","0","0","0","0","0","0","0","0","0","0","0","0","0"
"0x7f696b5b23c0","      FMUL2 R22, R22.F32x2.HI_LO, R100.F32","1","1","1","21468","686976","686976","32","32","0","0","0","-","-","-","0","0","0","0","0","0","0","0","-","0","0","0","0","0","0","0","0","0","0","0","0","0","0","0","0","0","0","0","0","0","0","1","0","0","0","0","0","0","0","0","0","0","0","0","0","0","0","0","1"
"0x7f696b5b23d0","      FMUL2 R24, R24.F32x2.HI_LO, R100.F32","0","0","0","21468","686976","686976","32","32","0","0","0","-","-","-","0","0","0","0","0","0","0","0","-","0","0","0","0","0","0","0","0","0","0","0","0","0","0","0","0","0","0","0","0","0","0","0","0","0","0","0","0","0","0","0","0","0","0","0","0","0","0","0","0"
"0x7f696b5b23e0","      FMUL2 R26, R26.F32x2.HI_LO, R100.F32","2","1","2","21468","686976","686976","32","32","0","0","0","-","-","-","0","0","0","0","0","0","0","0","-","0","0","0","0","0","0","0","0","0","0","0","0","0","0","0","0","0","0","1","0","0","0","1","0","0","0","0","0","0","0","0","0","0","0","0","0","0","0","0","1"
"0x7f696b5b23f0","      FMUL2 R28, R28.F32x2.HI_LO, R100.F32","1","0","1","21468","686976","686976","32","32","0","0","0","-","-","-","0","0","0","0","0","0","0","0","-","0","0","0","0","0","0","0","0","0","0","0","0","0","0","0","0","0","0","1","0","0","0","0","0","0","0","0","0","0","0","0","0","0","0","0","0","0","0","0","0"
"0x7f696b5b2400","      FMUL2 R30, R30.F32x2.HI_LO, R100.F32","0","0","0","21468","686976","686976","32","32","0","0","0","-","-","-","0","0","0","0","0","0","0","0","-","0","0","0","0","0","0","0","0","0","0","0","0","0","0","0","0","0","0","0","0","0","0","0","0","0","0","0","0","0","0","0","0","0","0","0","0","0","0","0","0"
"0x7f696b5b2410","      FMUL2 R32, R32.F32x2.HI_LO, R100.F32","1","0","1","21468","686976","686976","32","32","0","0","0","-","-","-","0","0","0","0","0","0","0","0","-","0","0","0","0","0","0","0","0","0","0","0","0","0","0","0","0","0","0","1","0","0","0","0","0","0","0","0","0","0","0","0","0","0","0","0","0","0","0","0","0"
"0x7f696b5b2420","      FMUL2 R34, R34.F32x2.HI_LO, R100.F32","0","0","0","21468","686976","686976","32","32","0","0","0","-","-","-","0","0","0","0","0","0","0","0","-","0","0","0","0","0","0","0","0","0","0","0","0","0","0","0","0","0","0","0","0","0","0","0","0","0","0","0","0","0","0","0","0","0","0","0","0","0","0","0","0"
"0x7f696b5b2430","      STTM.x32 tmem[UR6+0x20], R4","1","1","1","21468","686976","686976","32","32","0","0","0","Tmem","Store","-","0","0","0","0","0","0","0","0","-","0","0","0","0","0","0","0","0","0","0","0","0","0","0","0","0","0","0","0","0","0","0","1","0","0","0","0","0","0","0","0","0","0","0","0","0","0","0","0","1"
"0x7f696b5b2440","      LDTM.x32 R36, tmem[UR5+0x40]","1","0","1","21468","686976","686976","32","32","0","0","0","Tmem","Load","-","0","0","0","0","0","0","0","0","-","0","0","0","0","0","0","0","0","0","0","0","0","0","0","0","0","0","0","1","0","0","0","0","0","0","0","0","0","0","0","0","0","0","0","0","0","0","0","0","0"
"0x7f696b5b2450","      NOP","0","0","0","21468","686976","686976","32","32","0","0","0","-","-","-","0","0","0","0","0","0","0","0","-","0","0","0","0","0","0","0","0","0","0","0","0","0","0","0","0","0","0","0","0","0","0","0","0","0","0","0","0","0","0","0","0","0","0","0","0","0","0","0","0"
"0x7f696b5b2460","      FMUL2 R36, R36.F32x2.HI_LO, R100.F32","24","7","24","21468","686976","686976","32","32","0","0","0","-","-","-","0","0","0","0","0","0","0","0","-","0","0","0","0","0","0","0","0","1","0","0","0","0","0","0","0","0","0","0","23","0","0","0","0","0","0","0","0","0","0","0","0","0","0","0","0","7","0","0","0"
"0x7f696b5b2470","      FMUL2 R38, R38.F32x2.HI_LO, R100.F32","0","0","0","21468","686976","686976","32","32","0","0","0","-","-","-","0","0","0","0","0","0","0","0","-","0","0","0","0","0","0","0","0","0","0","0","0","0","0","0","0","0","0","0","0","0","0","0","0","0","0","0","0","0","0","0","0","0","0","0","0","0","0","0","0"
"0x7f696b5b2480","      FMUL2 R40, R40.F32x2.HI_LO, R100.F32","2","2","2","21468","686976","686976","32","32","0","0","0","-","-","-","0","0","0","0","0","0","0","0","-","0","0","0","0","0","0","0","0","0","0","0","0","0","0","0","0","0","0","0","0","0","0","2","0","0","0","0","0","0","0","0","0","0","0","0","0","0","0","0","2"
"0x7f696b5b2490","      FMUL2 R42, R42.F32x2.HI_LO, R100.F32","7","0","7","21468","686976","686976","32","32","0","0","0","-","-","-","0","0","0","0","0","0","0","0","-","0","0","0","0","0","0","0","0","0","0","0","0","0","0","0","0","0","0","2","0","0","0","5","0","0","0","0","0","0","0","0","0","0","0","0","0","0","0","0","0"
"0x7f696b5b24a0","      FMUL2 R44, R44.F32x2.HI_LO, R100.F32","2","1","2","21468","686976","686976","32","32","0","0","0","-","-","-","0","0","0","0","0","0","0","0","-","0","0","0","0","0","0","0","0","0","0","0","0","0","0","0","0","0","0","0","0","0","0","2","0","0","0","0","0","0","0","0","0","0","0","0","0","0","0","0","1"
"0x7f696b5b24b0","      FMUL2 R46, R46.F32x2.HI_LO, R100.F32","0","0","0","21468","686976","686976","32","32","0","0","0","-","-","-","0","0","0","0","0","0","0","0","-","0","0","0","0","0","0","0","0","0","0","0","0","0","0","0","0","0","0","0","0","0","0","0","0","0","0","0","0","0","0","0","0","0","0","0","0","0","0","0","0"
"0x7f696b5b24c0","      FMUL2 R48, R48.F32x2.HI_LO, R100.F32","2","2","2","21468","686976","686976","32","32","0","0","0","-","-","-","0","0","0","0","0","0","0","0","-","0","0","0","0","0","0","0","0","0","0","0","0","0","0","0","0","0","0","0","0","0","0","2","0","0","0","0","0","0","0","0","0","0","0","0","0","0","0","0","2"
"0x7f696b5b24d0","      FMUL2 R50, R50.F32x2.HI_LO, R100.F32","1","0","1","21468","686976","686976","32","32","0","0","0","-","-","-","0","0","0","0","0","0","0","0","-","0","0","0","0","0","0","0","0","0","0","0","0","0","0","0","0","0","0","1","0","0","0","0","0","0","0","0","0","0","0","0","0","0","0","0","0","0","0","0","0"
"0x7f696b5b24e0","      FMUL2 R52, R52.F32x2.HI_LO, R100.F32","0","0","0","21468","686976","686976","32","32","0","0","0","-","-","-","0","0","0","0","0","0","0","0","-","0","0","0","0","0","0","0","0","0","0","0","0","0","0","0","0","0","0","0","0","0","0","0","0","0","0","0","0","0","0","0","0","0","0","0","0","0","0","0","0"
"0x7f696b5b24f0","      FMUL2 R54, R54.F32x2.HI_LO, R100.F32","0","0","0","21468","686976","686976","32","32","0","0","0","-","-","-","0","0","0","0","0","0","0","0","-","0","0","0","0","0","0","0","0","0","0","0","0","0","0","0","0","0","0","0","0","0","0","0","0","0","0","0","0","0","0","0","0","0","0","0","0","0","0","0","0"
"0x7f696b5b2500","      FMUL2 R56, R56.F32x2.HI_LO, R100.F32","2","1","2","21468","686976","686976","32","32","0","0","0","-","-","-","0","0","0","0","0","0","0","0","-","0","0","0","0","0","0","0","0","0","0","0","0","0","0","0","0","0","0","1","0","0","0","1","0","0","0","0","0","0","0","0","0","0","0","0","0","0","0","0","1"
"0x7f696b5b2510","      FMUL2 R58, R58.F32x2.HI_LO, R100.F32","2","1","2","21468","686976","686976","32","32","0","0","0","-","-","-","0","0","0","0","0","0","0","0","-","0","0","0","0","0","0","0","0","0","0","0","0","0","0","0","0","0","0","1","0","0","0","1","0","0","0","0","0","0","0","0","0","0","0","0","0","0","0","0","1"
"0x7f696b5b2520","      FMUL2 R60, R60.F32x2.HI_LO, R100.F32","0","0","0","21468","686976","686976","32","32","0","0","0","-","-","-","0","0","0","0","0","0","0","0","-","0","0","0","0","0","0","0","0","0","0","0","0","0","0","0","0","0","0","0","0","0","0","0","0","0","0","0","0","0","0","0","0","0","0","0","0","0","0","0","0"
"0x7f696b5b2530","      FMUL2 R62, R62.F32x2.HI_LO, R100.F32","2","1","2","21468","686976","686976","32","32","0","0","0","-","-","-","0","0","0","0","0","0","0","0","-","0","0","0","0","0","0","0","0","0","0","0","0","0","0","0","0","0","0","1","0","0","0","1","0","0","0","0","0","0","0","0","0","0","0","0","0","0","0","0","1"
"0x7f696b5b2540","      FMUL2 R64, R64.F32x2.HI_LO, R100.F32","1","0","1","21468","686976","686976","32","32","0","0","0","-","-","-","0","0","0","0","0","0","0","0","-","0","0","0","0","0","0","0","0","0","0","0","0","0","0","0","0","0","0","1","0","0","0","0","0","0","0","0","0","0","0","0","0","0","0","0","0","0","0","0","0"
"0x7f696b5b2550","      FMUL2 R66, R66.F32x2.HI_LO, R100.F32","0","0","0","21468","686976","686976","32","32","0","0","0","-","-","-","0","0","0","0","0","0","0","0","-","0","0","0","0","0","0","0","0","0","0","0","0","0","0","0","0","0","0","0","0","0","0","0","0","0","0","0","0","0","0","0","0","0","0","0","0","0","0","0","0"
"0x7f696b5b2560","      STTM.x32 tmem[UR6+0x40], R36","0","0","0","21468","686976","686976","32","32","0","0","0","Tmem","Store","-","0","0","0","0","0","0","0","0","-","0","0","0","0","0","0","0","0","0","0","0","0","0","0","0","0","0","0","0","0","0","0","0","0","0","0","0","0","0","0","0","0","0","0","0","0","0","0","0","0"
"0x7f696b5b2570","      LDTM.x32 R4, tmem[UR5+0x60]","0","0","0","21468","686976","686976","32","32","0","0","0","Tmem","Load","-","0","0","0","0","0","0","0","0","-","0","0","0","0","0","0","0","0","0","0","0","0","0","0","0","0","0","0","0","0","0","0","0","0","0","0","0","0","0","0","0","0","0","0","0","0","0","0","0","0"
"0x7f696b5b2580","      NOP","0","0","0","21468","686976","686976","32","32","0","0","0","-","-","-","0","0","0","0","0","0","0","0","-","0","0","0","0","0","0","0","0","0","0","0","0","0","0","0","0","0","0","0","0","0","0","0","0","0","0","0","0","0","0","0","0","0","0","0","0","0","0","0","0"
"0x7f696b5b2590","      FMUL2 R4, R4.F32x2.HI_LO, R100.F32","15","6","15","21468","686976","686976","32","32","0","0","0","-","-","-","0","0","0","0","0","0","0","0","-","0","0","0","0","0","0","0","0","0","0","0","0","0","0","0","0","0","0","0","15","0","0","0","0","0","0","0","0","0","0","0","0","0","0","0","0","6","0","0","0"
"0x7f696b5b25a0","      FMUL2 R6, R6.F32x2.HI_LO, R100.F32","1","0","1","21468","686976","686976","32","32","0","0","0","-","-","-","0","0","0","0","0","0","0","0","-","0","0","0","0","0","0","0","0","0","0","0","0","0","0","0","0","0","0","1","0","0","0","0","0","0","0","0","0","0","0","0","0","0","0","0","0","0","0","0","0"
"0x7f696b5b25b0","      FMUL2 R8, R8.F32x2.HI_LO, R100.F32","0","0","0","21468","686976","686976","32","32","0","0","0","-","-","-","0","0","0","0","0","0","0","0","-","0","0","0","0","0","0","0","0","0","0","0","0","0","0","0","0","0","0","0","0","0","0","0","0","0","0","0","0","0","0","0","0","0","0","0","0","0","0","0","0"
"0x7f696b5b25c0","      FMUL2 R10, R10.F32x2.HI_LO, R100.F32","4","0","4","21468","686976","686976","32","32","0","0","0","-","-","-","0","0","0","0","0","0","0","0","-","0","0","0","0","0","0","0","0","0","0","0","0","0","0","0","0","0","0","1","0","0","0","3","0","0","0","0","0","0","0","0","0","0","0","0","0","0","0","0","0"
"0x7f696b5b25d0","      FMUL2 R12, R12.F32x2.HI_LO, R100.F32","5","0","5","21468","686976","686976","32","32","0","0","0","-","-","-","0","0","0","0","0","0","0","0","-","0","0","0","0","0","0","0","0","0","0","0","0","1","0","0","0","0","0","0","0","0","0","4","0","0","0","0","0","0","0","0","0","0","0","0","0","0","0","0","0"
"0x7f696b5b25e0","      FMUL2 R14, R14.F32x2.HI_LO, R100.F32","3","1","3","21468","686976","686976","32","32","0","0","0","-","-","-","0","0","0","0","0","0","0","0","-","0","0","0","0","0","0","0","0","0","0","0","0","1","0","0","0","0","0","1","0","0","0","1","0","0","0","0","0","0","0","0","0","0","0","0","0","0","0","0","1"
"0x7f696b5b25f0","      FMUL2 R16, R16.F32x2.HI_LO, R100.F32","3","1","3","21468","686976","686976","32","32","0","0","0","-","-","-","0","0","0","0","0","0","0","0","-","0","0","0","0","0","0","0","0","0","0","0","0","2","0","0","0","0","0","0","0","0","0","1","0","0","0","0","0","0","0","0","0","0","0","0","0","0","0","0","1"
"0x7f696b5b2600","      FMUL2 R18, R18.F32x2.HI_LO, R100.F32","0","0","0","21468","686976","686976","32","32","0","0","0","-","-","-","0","0","0","0","0","0","0","0","-","0","0","0","0","0","0","0","0","0","0","0","0","0","0","0","0","0","0","0","0","0","0","0","0","0","0","0","0","0","0","0","0","0","0","0","0","0","0","0","0"
"0x7f696b5b2610","      FMUL2 R20, R20.F32x2.HI_LO, R100.F32","0","0","0","21468","686976","686976","32","32","0","0","0","-","-","-","0","0","0","0","0","0","0","0","-","0","0","0","0","0","0","0","0","0","0","0","0","0","0","0","0","0","0","0","0","0","0","0","0","0","0","0","0","0","0","0","0","0","0","0","0","0","0","0","0"
"0x7f696b5b2620","      FMUL2 R22, R22.F32x2.HI_LO, R100.F32","0","0","0","21468","686976","686976","32","32","0","0","0","-","-","-","0","0","0","0","0","0","0","0","-","0","0","0","0","0","0","0","0","0","0","0","0","0","0","0","0","0","0","0","0","0","0","0","0","0","0","0","0","0","0","0","0","0","0","0","0","0","0","0","0"
"0x7f696b5b2630","      FMUL2 R24, R24.F32x2.HI_LO, R100.F32","1","0","1","21468","686976","686976","32","32","0","0","0","-","-","-","0","0","0","0","0","0","0","0","-","0","0","0","0","0","0","0","0","0","0","0","0","0","0","0","0","0","0","1","0","0","0","0","0","0","0","0","0","0","0","0","0","0","0","0","0","0","0","0","0"
"0x7f696b5b2640","      FMUL2 R26, R26.F32x2.HI_LO, R100.F32","2","0","2","21468","686976","686976","32","32","0","0","0","-","-","-","0","0","0","0","0","0","0","0","-","0","0","0","0","0","0","0","0","0","0","0","0","0","0","0","0","0","0","2","0","0","0","0","0","0","0","0","0","0","0","0","0","0","0","0","0","0","0","0","0"
"0x7f696b5b2650","      FMUL2 R28, R28.F32x2.HI_LO, R100.F32","1","1","1","21468","686976","686976","32","32","0","0","0","-","-","-","0","0","0","0","0","0","0","0","-","0","0","0","0","0","0","0","0","0","0","0","0","0","0","0","0","0","0","0","0","0","0","1","0","0","0","0","0","0","0","0","0","0","0","0","0","0","0","0","1"
"0x7f696b5b2660","      FMUL2 R30, R30.F32x2.HI_LO, R100.F32","1","1","1","21468","686976","686976","32","32","0","0","0","-","-","-","0","0","0","0","0","0","0","0","-","0","0","0","0","0","0","0","0","0","0","0","0","0","0","0","0","0","0","0","0","0","0","1","0","0","0","0","0","0","0","0","0","0","0","0","0","0","0","0","1"
"0x7f696b5b2670","      FMUL2 R32, R32.F32x2.HI_LO, R100.F32","2","0","2","21468","686976","686976","32","32","0","0","0","-","-","-","0","0","0","0","0","0","0","0","-","0","0","0","0","0","0","0","0","0","0","0","0","0","0","0","0","0","0","2","0","0","0","0","0","0","0","0","0","0","0","0","0","0","0","0","0","0","0","0","0"
"0x7f696b5b2680","      FMUL2 R34, R34.F32x2.HI_LO, R100.F32","1","1","1","21468","686976","686976","32","32","0","0","0","-","-","-","0","0","0","0","0","0","0","0","-","0","0","0","0","0","0","0","0","0","0","0","0","0","0","0","0","0","0","0","0","0","0","1","0","0","0","0","0","0","0","0","0","0","0","0","0","0","0","0","1"
"0x7f696b5b2690","      STTM.x32 tmem[UR5+0x60], R4","1","0","1","21468","686976","686976","32","32","0","0","0","Tmem","Store","-","0","0","0","0","0","0","0","0","-","0","0","0","0","0","0","0","0","0","0","0","0","0","0","0","0","0","0","1","0","0","0","0","0","0","0","0","0","0","0","0","0","0","0","0","0","0","0","0","0"
"0x7f696b5b26a0","      FENCE.VIEW.ASYNC.T","1","0","1","21468","686976","686976","32","32","0","0","0","-","-","-","0","0","0","0","0","0","0","0","-","0","0","0","0","0","0","0","0","0","0","0","0","0","0","0","0","0","0","1","0","0","0","0","0","0","0","0","0","0","0","0","0","0","0","0","0","0","0","0","0"
"0x7f696b5b26b0","      NOP","484","292","484","1048576","33554432","33554432","32","32","0","0","0","-","-","-","0","0","0","0","0","0","0","0","-","0","0","0","0","0","0","0","67","17","0","0","0","0","0","0","0","318","69","0","12","0","0","1","0","51","0","0","0","0","0","0","0","0","235","0","0","5","0","0","1"
"0x7f696b5b26c0","      BAR.SYNC.DEFER_BLOCKING 0x1, 0x100","21","0","21","1048576","33554432","33554432","32","32","0","0","0","-","-","-","0","0","0","0","0","0","0","0","-","0","0","0","0","0","0","0","0","2","0","0","0","0","0","0","0","0","0","19","0","0","0","0","0","0","0","0","0","0","0","0","0","0","0","0","0","0","0","0","0"
"0x7f696b5b26d0","      FADD R96, R96, R97","24","0","24","1048576","33554432","33554432","32","32","0","0","0","-","-","-","0","0","0","0","0","0","0","0","-","0","0","0","0","0","0","0","0","3","0","0","0","0","0","0","0","0","0","21","0","0","0","0","0","0","0","0","0","0","0","0","0","0","0","0","0","0","0","0","0"
"0x7f696b5b26e0","      FADD R95, R94, R95","17","0","17","1048576","33554432","33554432","32","32","0","0","0","-","-","-","0","0","0","0","0","0","0","0","-","0","0","0","0","0","0","0","0","2","0","0","0","0","0","0","0","0","0","15","0","0","0","0","0","0","0","0","0","0","0","0","0","0","0","0","0","0","0","0","0"
"0x7f696b5b26f0","      FADD R92, R92, R93","17","0","17","1048576","33554432","33554432","32","32","0","0","0","-","-","-","0","0","0","0","0","0","0","0","-","0","0","0","0","0","0","0","0","4","0","0","0","0","0","0","0","1","0","12","0","0","0","0","0","0","0","0","0","0","0","0","0","0","0","0","0","0","0","0","0"
"0x7f696b5b2700","      FADD R91, R90, R91","89","22","89","1048576","33554432","33554432","32","32","0","0","0","-","-","-","0","0","0","0","0","0","0","0","-","0","0","0","0","0","0","0","0","11","0","0","0","0","0","0","0","41","22","15","0","0","0","0","0","0","0","0","0","0","0","0","0","0","22","0","0","0","0","0","0"
"0x7f696b5b2710","      FADD R88, R88, R89","18","0","18","1048576","33554432","33554432","32","32","0","0","0","-","-","-","0","0","0","0","0","0","0","0","-","0","0","0","0","0","0","0","0","1","0","0","0","0","0","0","0","0","0","17","0","0","0","0","0","0","0","0","0","0","0","0","0","0","0","0","0","0","0","0","0"
"0x7f696b5b2720","      FADD R87, R86, R87","21","0","21","1048576","33554432","33554432","32","32","0","0","0","-","-","-","0","0","0","0","0","0","0","0","-","0","0","0","0","0","0","0","0","3","0","0","0","0","0","0","0","0","0","18","0","0","0","0","0","0","0","0","0","0","0","0","0","0","0","0","0","0","0","0","0"
"0x7f696b5b2730","      FADD R84, R84, R85","23","0","23","1048576","33554432","33554432","32","32","0","0","0","-","-","-","0","0","0","0","0","0","0","0","-","0","0","0","0","0","0","0","0","2","0","0","0","0","0","0","0","0","1","20","0","0","0","0","0","0","0","0","0","0","0","0","0","0","0","0","0","0","0","0","0"
"0x7f696b5b2740","      FADD R83, R82, R83","24","0","24","1048576","33554432","33554432","32","32","0","0","0","-","-","-","0","0","0","0","0","0","0","0","-","0","0","0","0","0","0","0","0","7","0","0","0","0","0","0","0","0","1","16","0","0","0","0","0","0","0","0","0","0","0","0","0","0","0","0","0","0","0","0","0"
"0x7f696b5b2750","      FADD R80, R80, R81","22","0","22","1048576","33554432","33554432","32","32","0","0","0","-","-","-","0","0","0","0","0","0","0","0","-","0","0","0","0","0","0","0","0","9","0","0","0","0","0","0","0","0","0","13","0","0","0","0","0","0","0","0","0","0","0","0","0","0","0","0","0","0","0","0","0"
"0x7f696b5b2760","      FADD R79, R78, R79","28","0","28","1048576","33554432","33554432","32","32","0","0","0","-","-","-","0","0","0","0","0","0","0","0","-","0","0","0","0","0","0","0","0","6","0","0","0","0","0","0","0","0","0","22","0","0","0","0","0","0","0","0","0","0","0","0","0","0","0","0","0","0","0","0","0"
"0x7f696b5b2770","      FADD R76, R76, R77","37","0","37","1048576","33554432","33554432","32","32","0","0","0","-","-","-","0","0","0","0","0","0","0","0","-","0","0","0","0","0","0","0","0","5","0","0","0","0","0","0","0","0","0","32","0","0","0","0","0","0","0","0","0","0","0","0","0","0","0","0","0","0","0","0","0"
"0x7f696b5b2780","      FADD R75, R74, R75","133","3","133","1048576","33554432","33554432","32","32","0","0","0","-","-","-","0","0","0","0","0","0","0","0","-","0","0","0","0","0","0","0","0","17","0","0","0","0","0","0","0","45","51","20","0","0","0","0","0","0","0","0","0","0","0","0","0","0","3","0","0","0","0","0","0"
"0x7f696b5b2790","      FADD R72, R72, R73","28","0","28","1048576","33554432","33554432","32","32","0","0","0","-","-","-","0","0","0","0","0","0","0","0","-","0","0","0","0","0","0","0","0","6","0","0","0","0","0","0","0","0","0","22","0","0","0","0","0","0","0","0","0","0","0","0","0","0","0","0","0","0","0","0","0"
"0x7f696b5b27a0","      FADD R71, R70, R71","26","0","26","1048576","33554432","33554432","32","32","0","0","0","-","-","-","0","0","0","0","0","0","0","0","-","0","0","0","0","0","0","0","0","3","0","0","0","0","0","0","0","0","0","23","0","0","0","0","0","0","0","0","0","0","0","0","0","0","0","0","0","0","0","0","0"
"0x7f696b5b27b0","      FADD R68, R68, R69","25","0","25","1048576","33554432","33554432","32","32","0","0","0","-","-","-","0","0","0","0","0","0","0","0","-","0","0","0","0","0","0","0","0","3","0","0","0","0","0","0","0","0","0","22","0","0","0","0","0","0","0","0","0","0","0","0","0","0","0","0","0","0","0","0","0"
"0x7f696b5b27c0","      FADD R3, R2, R3","23","0","23","1048576","33554432","33554432","32","32","0","0","0","-","-","-","0","0","0","0","0","0","0","0","-","0","0","0","0","0","0","0","0","4","0","0","0","0","0","0","0","0","0","19","0","0","0","0","0","0","0","0","0","0","0","0","0","0","0","0","0","0","0","0","0"
"0x7f696b5b27d0","      FADD R95, R96, R95","26","0","26","1048576","33554432","33554432","32","32","0","0","0","-","-","-","0","0","0","0","0","0","0","0","-","0","0","0","0","0","0","0","0","2","0","0","0","0","0","0","0","0","0","24","0","0","0","0","0","0","0","0","0","0","0","0","0","0","0","0","0","0","0","0","0"
"0x7f696b5b27e0","      FADD R92, R92, R91","26","0","26","1048576","33554432","33554432","32","32","0","0","0","-","-","-","0","0","0","0","0","0","0","0","-","0","0","0","0","0","0","0","0","3","0","0","0","0","0","0","0","0","0","23","0","0","0","0","0","0","0","0","0","0","0","0","0","0","0","0","0","0","0","0","0"
"0x7f696b5b27f0","      FADD R87, R88, R87","24","0","24","1048576","33554432","33554432","32","32","0","0","0","-","-","-","0","0","0","0","0","0","0","0","-","0","0","0","0","0","0","0","0","6","0","0","0","0","0","0","0","0","0","18","0","0","0","0","0","0","0","0","0","0","0","0","0","0","0","0","0","0","0","0","0"
"0x7f696b5b2800","      FADD R84, R84, R83","147","7","147","1048576","33554432","33554432","32","32","0","0","0","-","-","-","0","0","0","0","0","0","0","0","-","0","0","0","0","0","0","0","0","8","0","0","0","0","0","0","0","48","64","27","0","0","0","0","0","0","0","0","0","0","0","0","0","0","7","0","0","0","0","0","0"
"0x7f696b5b2810","      FADD R79, R80, R79","24","0","24","1048576","33554432","33554432","32","32","0","0","0","-","-","-","0","0","0","0","0","0","0","0","-","0","0","0","0","0","0","0","0","0","0","0","0","0","0","0","0","0","0","24","0","0","0","0","0","0","0","0","0","0","0","0","0","0","0","0","0","0","0","0","0"
"0x7f696b5b2820","      FADD R76, R76, R75","22","0","22","1048576","33554432","33554432","32","32","0","0","0","-","-","-","0","0","0","0","0","0","0","0","-","0","0","0","0","0","0","0","0","2","0","0","0","0","0","0","0","0","0","20","0","0","0","0","0","0","0","0","0","0","0","0","0","0","0","0","0","0","0","0","0"
"0x7f696b5b2830","      FADD R71, R72, R71","12","0","12","1048576","33554432","33554432","32","32","0","0","0","-","-","-","0","0","0","0","0","0","0","0","-","0","0","0","0","0","0","0","0","0","0","0","0","0","0","0","0","0","0","12","0","0","0","0","0","0","0","0","0","0","0","0","0","0","0","0","0","0","0","0","0"
"0x7f696b5b2840","      NOP","405","267","405","1048576","33554432","33554432","32","32","0","0","0","-","-","-","0","0","0","0","0","0","0","0","-","0","0","0","0","0","0","359","0","1","0","0","0","0","0","0","0","0","25","20","0","0","0","0","267","0","0","0","0","0","0","0","0","0","0","0","0","0","0","0","0"
"0x7f696b5b2850","      MEMBAR.ALL.CTA","17","0","17","1048576","33554432","33554432","32","32","0","0","0","-","-","-","0","0","0","0","0","0","0","0","-","0","0","0","0","0","0","0","0","0","0","0","0","0","0","0","0","0","0","17","0","0","0","0","0","0","0","0","0","0","0","0","0","0","0","0","0","0","0","0","0"
"0x7f696b5b2860","      FENCE.VIEW.ASYNC.S","227","92","227","1048576","33554432","33554432","32","32","0","0","0","-","-","-","0","0","0","0","0","0","0","0","-","0","0","0","0","0","0","0","0","0","0","0","86","0","0","0","0","0","15","26","0","0","0","100","0","0","0","0","0","42","0","0","0","0","0","0","0","0","0","0","50"
"0x7f696b5b2870","      FADD R68, R68, R3","18","0","18","1048576","33554432","33554432","32","32","0","0","0","-","-","-","0","0","0","0","0","0","0","0","-","0","0","0","0","0","0","0","0","0","0","0","0","0","0","0","0","0","0","18","0","0","0","0","0","0","0","0","0","0","0","0","0","0","0","0","0","0","0","0","0"
"0x7f696b5b2880","      FADD R92, R95, R92","27","5","27","1048576","33554432","33554432","32","32","0","0","0","-","-","-","0","0","0","0","0","0","0","0","-","0","0","0","0","0","0","0","0","0","0","0","0","0","0","0","0","8","1","18","0","0","0","0","0","0","0","0","0","0","0","0","0","0","5","0","0","0","0","0","0"
"0x7f696b5b2890","      FADD R87, R87, R84","25","0","25","1048576","33554432","33554432","32","32","0","0","0","-","-","-","0","0","0","0","0","0","0","0","-","0","0","0","0","0","0","0","0","0","0","0","0","0","0","0","0","0","0","25","0","0","0","0","0","0","0","0","0","0","0","0","0","0","0","0","0","0","0","0","0"
"0x7f696b5b28a0","      FADD R76, R79, R76","25","0","25","1048576","33554432","33554432","32","32","0","0","0","-","-","-","0","0","0","0","0","0","0","0","-","0","0","0","0","0","0","0","0","0","0","0","0","0","0","0","0","0","0","25","0","0","0","0","0","0","0","0","0","0","0","0","0","0","0","0","0","0","0","0","0"
"0x7f696b5b28b0","      FADD R71, R71, R68","20","0","20","1048576","33554432","33554432","32","32","0","0","0","-","-","-","0","0","0","0","0","0","0","0","-","0","0","0","0","0","0","0","0","0","0","0","0","0","0","0","0","0","0","20","0","0","0","0","0","0","0","0","0","0","0","0","0","0","0","0","0","0","0","0","0"
"0x7f696b5b28c0","      FADD R0, R92, R87","66","2","66","1048576","33554432","33554432","32","32","0","0","0","-","-","-","0","0","0","0","0","0","0","0","-","0","0","0","0","0","0","0","0","0","0","0","0","0","0","0","0","0","36","12","0","0","0","18","0","0","0","0","0","0","0","0","0","0","0","0","0","0","0","0","2"
"0x7f696b5b28d0","      FADD R71, R76, R71","54","4","54","1048576","33554432","33554432","32","32","0","0","0","-","-","-","0","0","0","0","0","0","0","0","-","0","0","0","0","0","0","0","0","0","0","0","0","0","0","0","0","0","8","21","0","0","0","25","0","0","0","0","0","0","0","0","0","0","0","0","0","0","0","0","4"
"0x7f696b5b28e0","      FADD R0, R0, R71","87","38","87","1048576","33554432","33554432","32","32","0","0","0","-","-","-","0","0","0","0","0","0","0","0","-","0","0","0","0","0","0","0","0","0","0","0","0","0","0","0","0","0","2","24","0","0","0","61","0","0","0","0","0","0","0","0","0","0","0","0","0","0","0","0","38"
"0x7f696b5b28f0","      FFMA R99, R99, R100, R0","93","45","93","1048576","33554432","33554432","32","32","0","0","0","-","-","-","0","0","0","0","0","0","0","0","-","0","0","0","0","0","0","0","0","0","0","0","0","0","0","0","0","0","7","22","0","0","0","64","0","0","0","0","0","0","0","0","0","0","0","0","0","0","0","0","45"
"0x7f696b5b2900","@!P0  SYNCS.ARRIVE.TRANS64.A1T0 RZ, [UR4+0x31930], RZ","180","124","180","1048576","33554432","131072","32","0","32","32","0","-","-","-","0","0","0","0","0","0","0","0","-","0","0","0","0","0","0","0","0","0","0","0","155","0","0","0","0","3","3","19","0","0","0","0","0","0","0","0","0","121","0","0","0","0","3","0","0","0","0","0","0"
"0x7f696b5b2910","      SYNCS.PHASECHK.TRANS64.TRYWAIT P1, [UR4+0x31928], R113","18","0","18","1048576","33554432","33554432","32","32","32","0","0","-","-","-","0","0","0","0","0","0","0","0","-","0","0","0","0","0","0","0","0","1","0","0","0","0","0","0","0","0","0","17","0","0","0","0","0","0","0","0","0","0","0","0","0","0","0","0","0","0","0","0","0"
"0x7f696b5b2920","@!P1  BRA 0x7f696b5b3e10","24633","23998","24633","1048576","33554432","33554432","32","32","0","0","0","-","-","-","0","0","0","0","0","0","0","0","-","0","0","0","0","0","0","0","0","0","0","0","24548","0","0","0","0","0","47","18","0","0","0","20","0","0","0","0","0","23981","0","0","0","0","0","0","0","0","0","0","17"
"0x7f696b5b2930","      VIADD R117, R117, 0x1","124","81","124","1048576","33554432","33554432","32","32","0","0","0","-","-","-","0","0","0","0","0","0","0","0","-","0","0","0","0","0","0","0","0","0","0","0","0","3","0","0","0","0","2","21","0","0","0","98","0","0","0","0","0","0","0","0","0","0","0","0","0","0","0","0","81"
"0x7f696b5b2940","      UIADD3 UR7, UPT, UPT, UR7, 0x1, URZ","22","0","22","1048576","33554432","33554432","32","32","0","0","0","-","-","-","0","0","0","0","0","0","0","0","-","0","0","0","0","0","0","0","0","0","0","0","0","0","0","0","0","0","0","22","0","0","0","0","0","0","0","0","0","0","0","0","0","0","0","0","0","0","0","0","0"
"0x7f696b5b2950","      NOP","22","0","22","1048576","33554432","33554432","32","32","0","0","0","-","-","-","0","0","0","0","0","0","0","0","-","0","0","0","0","0","0","0","0","0","0","0","0","0","0","0","0","0","0","22","0","0","0","0","0","0","0","0","0","0","0","0","0","0","0","0","0","0","0","0","0"
"0x7f696b5b2960","      NOP","15","0","15","1048576","33554432","33554432","32","32","0","0","0","-","-","-","0","0","0","0","0","0","0","0","-","0","0","0","0","0","0","0","0","0","0","0","0","0","0","0","0","0","0","15","0","0","0","0","0","0","0","0","0","0","0","0","0","0","0","0","0","0","0","0","0"
"0x7f696b5b2970","@!P0  SYNCS.ARRIVE.TRANS64.A1T0 RZ, [R116+URZ+0x31958], RZ","24","0","24","1048576","33554432","131072","32","0","32","32","0","-","-","-","0","0","0","0","0","0","0","0","-","0","0","0","0","0","0","0","0","0","0","0","0","0","0","0","0","0","0","24","0","0","0","0","0","0","0","0","0","0","0","0","0","0","0","0","0","0","0","0","0"
"0x7f696b5b2980","      ISETP.NE.U32.AND P1, PT, R117, 0x2, PT","20","0","20","1048576","33554432","33554432","32","32","32","0","0","-","-","-","0","0","0","0","0","0","0","0","-","0","0","0","0","0","0","0","0","0","0","0","0","0","0","0","0","0","0","20","0","0","0","0","0","0","0","0","0","0","0","0","0","0","0","0","0","0","0","0","0"
"0x7f696b5b2990","      VIADD R0, R118, 0x1","21","0","21","1048576","33554432","33554432","32","32","0","0","0","-","-","-","0","0","0","0","0","0","0","0","-","0","0","0","0","0","0","0","0","0","0","0","0","0","0","0","0","0","0","21","0","0","0","0","0","0","0","0","0","0","0","0","0","0","0","0","0","0","0","0","0"
"0x7f696b5b29a0","      ISETP.NE.U32.AND P0, PT, R121, UR7, PT","23","0","23","1048576","33554432","33554432","32","32","0","0","0","-","-","-","0","0","0","0","0","0","0","0","-","0","0","0","0","0","0","0","0","0","0","0","0","0","0","0","0","0","0","23","0","0","0","0","0","0","0","0","0","0","0","0","0","0","0","0","0","0","0","0","0"
"0x7f696b5b29b0","      IMAD.MOV.U32 R67, RZ, RZ, R98","11","0","11","1048576","33554432","33554432","32","32","0","0","0","-","-","-","0","0","0","0","0","0","0","0","-","0","0","0","0","0","0","0","0","0","0","0","0","0","0","0","0","0","0","11","0","0","0","0","0","0","0","0","0","0","0","0","0","0","0","0","0","0","0","0","0"
"0x7f696b5b29c0","      SEL R117, R117, RZ, P1","18","0","18","1048576","33554432","33554432","32","32","0","0","0","-","-","-","0","0","0","0","0","0","0","0","-","0","0","0","0","0","0","0","0","0","0","0","0","0","0","0","0","0","0","18","0","0","0","0","0","0","0","0","0","0","0","0","0","0","0","0","0","0","0","0","0"
"0x7f696b5b29d0","@P1   IADD3 R0, PT, PT, R118, RZ, RZ","267","93","267","1048576","33554432","16777216","32","16","16","16","0","-","-","-","0","0","0","0","0","0","0","0","-","0","0","0","0","0","0","0","0","0","0","0","0","27","0","0","0","0","53","16","0","0","0","171","0","0","0","0","0","0","10","0","0","0","0","0","0","0","0","0","83"
"0x7f696b5b29e0","      MOV R118, R0","67","49","67","1048576","33554432","33554432","32","32","16","0","0","-","-","-","0","0","0","0","0","0","0","0","-","0","0","0","0","0","0","0","0","0","0","0","0","0","0","0","0","0","0","18","0","0","0","49","0","0","0","0","0","0","0","0","0","0","0","0","0","0","0","0","49"
"0x7f696b5b29f0","@P0   BRA 0x7f696b5b0f70","21","0","21","1048576","33554432","31457280","32","30","2","2","0","-","-","-","0","0","0","0","0","0","0","0","-","0","0","0","0","0","0","0","0","0","0","0","0","0","0","0","0","0","0","21","0","0","0","0","0","0","0","0","0","0","0","0","0","0","0","0","0","0","0","0","0"
"0x7f696b5b2a00","      UISETP.GT.AND UP0, UPT, UR12, 0x1f6b, UPT","104","62","104","65536","2097152","2097152","32","32","2","0","0","-","-","-","0","0","0","0","0","0","0","0","-","0","0","0","0","0","0","0","0","0","0","0","0","1","0","0","0","0","3","21","0","0","0","79","0","0","0","0","0","0","1","0","0","0","0","0","0","0","0","0","61"
"0x7f696b5b2a10","      UIADD3 UR13, UPT, UPT, UR12, 0x94, URZ","3","1","3","65536","2097152","2097152","32","32","0","0","0","-","-","-","0","0","0","0","0","0","0","0","-","0","0","0","0","0","0","0","0","0","0","0","0","0","0","0","0","0","0","2","0","0","0","1","0","0","0","0","0","0","0","0","0","0","0","0","0","0","0","0","1"
"0x7f696b5b2a20","      UISETP.NE.U32.OR UP0, UPT, UR55, URZ, UP0","3","1","3","65536","2097152","2097152","32","32","0","0","0","-","-","-","0","0","0","0","0","0","0","0","-","0","0","0","0","0","0","0","0","0","0","0","0","0","0","0","0","0","0","2","0","0","0","1","0","0","0","0","0","0","0","0","0","0","0","0","0","0","0","0","1"
"0x7f696b5b2a30","      BRA.U UP0, 0x7f696b5b2c30","13","8","13","65536","2097152","2097152","32","32","0","0","0","-","-","-","0","0","0","0","0","0","0","0","-","0","0","0","0","0","0","0","0","0","0","0","0","0","0","0","0","0","0","0","0","0","0","13","0","0","0","0","0","0","0","0","0","0","0","0","0","0","0","0","8"
"0x7f696b5b2a40","      ELECT P0, URZ, PT","6","5","6","8044","257408","257408","32","32","0","0","0","-","-","-","0","0","0","0","0","0","0","0","-","0","0","0","0","0","0","0","0","0","0","0","0","0","0","0","0","0","0","0","0","0","0","6","0","0","0","0","0","0","0","0","0","0","0","0","0","0","0","0","5"
"0x7f696b5b2a50","      UIADD3 UR6, UP0, UPT, UR14, 0x80, URZ","0","0","0","8044","257408","257408","32","32","0","0","0","-","-","-","0","0","0","0","0","0","0","0","-","0","0","0","0","0","0","0","0","0","0","0","0","0","0","0","0","0","0","0","0","0","0","0","0","0","0","0","0","0","0","0","0","0","0","0","0","0","0","0","0"
"0x7f696b5b2a60","      USHF.L.U32 UR11, UR13, 0x6, URZ","0","0","0","8044","257408","257408","32","32","0","0","0","-","-","-","0","0","0","0","0","0","0","0","-","0","0","0","0","0","0","0","0","0","0","0","0","0","0","0","0","0","0","0","0","0","0","0","0","0","0","0","0","0","0","0","0","0","0","0","0","0","0","0","0"
"0x7f696b5b2a70","      UIADD3 UR9, UPT, UPT, UR4, 0x31938, URZ","0","0","0","8044","257408","257408","32","32","0","0","0","-","-","-","0","0","0","0","0","0","0","0","-","0","0","0","0","0","0","0","0","0","0","0","0","0","0","0","0","0","0","0","0","0","0","0","0","0","0","0","0","0","0","0","0","0","0","0","0","0","0","0","0"
"0x7f696b5b2a80","      UIADD3 UR24, UPT, UPT, UR4, 0x2000, URZ","1","0","1","8044","257408","257408","32","32","0","0","0","-","-","-","0","0","0","0","0","0","0","0","-","0","0","0","0","0","0","0","0","0","0","0","0","0","0","0","0","0","0","1","0","0","0","0","0","0","0","0","0","0","0","0","0","0","0","0","0","0","0","0","0"
"0x7f696b5b2a90","      UIADD3 UR28, UPT, UPT, UR4, 0x4000, URZ","1","1","1","8044","257408","257408","32","32","0","0","0","-","-","-","0","0","0","0","0","0","0","0","-","0","0","0","0","0","0","0","0","0","0","0","0","0","0","0","0","0","0","0","0","0","0","1","0","0","0","0","0","0","0","0","0","0","0","0","0","0","0","0","1"
"0x7f696b5b2aa0","      UIADD3 UR20, UPT, UPT, UR4, 0x6000, URZ","0","0","0","8044","257408","257408","32","32","0","0","0","-","-","-","0","0","0","0","0","0","0","0","-","0","0","0","0","0","0","0","0","0","0","0","0","0","0","0","0","0","0","0","0","0","0","0","0","0","0","0","0","0","0","0","0","0","0","0","0","0","0","0","0"
"0x7f696b5b2ab0","@P0   MOV R0, 0x9000","2","0","2","8044","257408","8044","32","1","31","31","0","-","-","-","0","0","0","0","0","0","0","0","-","0","0","0","0","0","0","0","0","0","0","0","0","0","0","0","0","0","0","2","0","0","0","0","0","0","0","0","0","0","0","0","0","0","0","0","0","0","0","0","0"
"0x7f696b5b2ac0","      UIADD3 UR16, UPT, UPT, UR4, 0x8000, URZ","0","0","0","8044","257408","257408","32","32","31","0","0","-","-","-","0","0","0","0","0","0","0","0","-","0","0","0","0","0","0","0","0","0","0","0","0","0","0","0","0","0","0","0","0","0","0","0","0","0","0","0","0","0","0","0","0","0","0","0","0","0","0","0","0"
"0x7f696b5b2ad0","      UIADD3.X UR7, UPT, UPT, URZ, UR15, URZ, UP0, !UPT","0","0","0","8044","257408","257408","32","32","0","0","0","-","-","-","0","0","0","0","0","0","0","0","-","0","0","0","0","0","0","0","0","0","0","0","0","0","0","0","0","0","0","0","0","0","0","0","0","0","0","0","0","0","0","0","0","0","0","0","0","0","0","0","0"
"0x7f696b5b2ae0","@P0   SYNCS.ARRIVE.TRANS64 RZ, [UR4+0x31938], R0","0","0","0","8044","257408","8044","32","1","31","31","0","-","-","-","0","0","0","0","0","0","0","0","-","0","0","0","0","0","0","0","0","0","0","0","0","0","0","0","0","0","0","0","0","0","0","0","0","0","0","0","0","0","0","0","0","0","0","0","0","0","0","0","0"
"0x7f696b5b2af0","      UMOV UR10, URZ","0","0","0","8044","257408","257408","32","32","31","0","0","-","-","-","0","0","0","0","0","0","0","0","-","0","0","0","0","0","0","0","0","0","0","0","0","0","0","0","0","0","0","0","0","0","0","0","0","0","0","0","0","0","0","0","0","0","0","0","0","0","0","0","0"
"0x7f696b5b2b00","      UMOV UR8, UR4","0","0","0","8044","257408","257408","32","32","0","0","0","-","-","-","0","0","0","0","0","0","0","0","-","0","0","0","0","0","0","0","0","0","0","0","0","0","0","0","0","0","0","0","0","0","0","0","0","0","0","0","0","0","0","0","0","0","0","0","0","0","0","0","0"
"0x7f696b5b2b10","      UMOV UR26, 0x80","0","0","0","8044","257408","257408","32","32","0","0","0","-","-","-","0","0","0","0","0","0","0","0","-","0","0","0","0","0","0","0","0","0","0","0","0","0","0","0","0","0","0","0","0","0","0","0","0","0","0","0","0","0","0","0","0","0","0","0","0","0","0","0","0"
"0x7f696b5b2b20","      UMOV UR25, UR9","1","0","1","8044","257408","257408","32","32","0","0","0","-","-","-","0","0","0","0","0","0","0","0","-","0","0","0","0","0","0","0","0","0","0","0","0","0","0","0","0","0","0","1","0","0","0","0","0","0","0","0","0","0","0","0","0","0","0","0","0","0","0","0","0"
"0x7f696b5b2b30","      UMOV UR27, UR11","0","0","0","8044","257408","257408","32","32","0","0","0","-","-","-","0","0","0","0","0","0","0","0","-","0","0","0","0","0","0","0","0","0","0","0","0","0","0","0","0","0","0","0","0","0","0","0","0","0","0","0","0","0","0","0","0","0","0","0","0","0","0","0","0"
"0x7f696b5b2b40","      UMOV UR30, 0x100","0","0","0","8044","257408","257408","32","32","0","0","0","-","-","-","0","0","0","0","0","0","0","0","-","0","0","0","0","0","0","0","0","0","0","0","0","0","0","0","0","0","0","0","0","0","0","0","0","0","0","0","0","0","0","0","0","0","0","0","0","0","0","0","0"
"0x7f696b5b2b50","      UTMALDG.2D [UR8], [UR14]","0","0","0","8044","257408","257408","32","32","0","0","0","Global,Shared","-","-","0","0","0","0","0","0","0","0","-","0","0","0","0","0","0","0","0","0","0","0","0","0","0","0","0","0","0","0","0","0","0","0","0","0","0","0","0","0","0","0","0","0","0","0","0","0","0","0","0"
"0x7f696b5b2b60","      UMOV UR29, UR9","0","0","0","8044","257408","257408","32","32","0","0","0","-","-","-","0","0","0","0","0","0","0","0","-","0","0","0","0","0","0","0","0","0","0","0","0","0","0","0","0","0","0","0","0","0","0","0","0","0","0","0","0","0","0","0","0","0","0","0","0","0","0","0","0"
"0x7f696b5b2b70","      UMOV UR31, UR11","0","0","0","8044","257408","257408","32","32","0","0","0","-","-","-","0","0","0","0","0","0","0","0","-","0","0","0","0","0","0","0","0","0","0","0","0","0","0","0","0","0","0","0","0","0","0","0","0","0","0","0","0","0","0","0","0","0","0","0","0","0","0","0","0"
"0x7f696b5b2b80","      UMOV UR22, 0x180","0","0","0","8044","257408","257408","32","32","0","0","0","-","-","-","0","0","0","0","0","0","0","0","-","0","0","0","0","0","0","0","0","0","0","0","0","0","0","0","0","0","0","0","0","0","0","0","0","0","0","0","0","0","0","0","0","0","0","0","0","0","0","0","0"
"0x7f696b5b2b90","      UMOV UR21, UR9","0","0","0","8044","257408","257408","32","32","0","0","0","-","-","-","0","0","0","0","0","0","0","0","-","0","0","0","0","0","0","0","0","0","0","0","0","0","0","0","0","0","0","0","0","0","0","0","0","0","0","0","0","0","0","0","0","0","0","0","0","0","0","0","0"
"0x7f696b5b2ba0","      UMOV UR23, UR11","1","0","1","8044","257408","257408","32","32","0","0","0","-","-","-","0","0","0","0","0","0","0","0","-","0","0","0","0","0","0","0","0","0","0","0","0","0","0","0","0","0","0","1","0","0","0","0","0","0","0","0","0","0","0","0","0","0","0","0","0","0","0","0","0"
"0x7f696b5b2bb0","      UMOV UR19, UR11","0","0","0","8044","257408","257408","32","32","0","0","0","-","-","-","0","0","0","0","0","0","0","0","-","0","0","0","0","0","0","0","0","0","0","0","0","0","0","0","0","0","0","0","0","0","0","0","0","0","0","0","0","0","0","0","0","0","0","0","0","0","0","0","0"
"0x7f696b5b2bc0","      UMOV UR17, UR9","0","0","0","8044","257408","257408","32","32","0","0","0","-","-","-","0","0","0","0","0","0","0","0","-","0","0","0","0","0","0","0","0","0","0","0","0","0","0","0","0","0","0","0","0","0","0","0","0","0","0","0","0","0","0","0","0","0","0","0","0","0","0","0","0"
"0x7f696b5b2bd0","      UTMALDG.2D [UR24], [UR14]","0","0","0","8044","257408","257408","32","32","0","0","0","Global,Shared","-","-","0","0","0","0","0","0","0","0","-","0","0","0","0","0","0","0","0","0","0","0","0","0","0","0","0","0","0","0","0","0","0","0","0","0","0","0","0","0","0","0","0","0","0","0","0","0","0","0","0"
"0x7f696b5b2be0","      UMOV UR18, UR10","0","0","0","8044","257408","257408","32","32","0","0","0","-","-","-","0","0","0","0","0","0","0","0","-","0","0","0","0","0","0","0","0","0","0","0","0","0","0","0","0","0","0","0","0","0","0","0","0","0","0","0","0","0","0","0","0","0","0","0","0","0","0","0","0"
"0x7f696b5b2bf0","      UTMALDG.2D [UR28], [UR14]","0","0","0","8044","257408","257408","32","32","0","0","0","Global,Shared","-","-","0","0","0","0","0","0","0","0","-","0","0","0","0","0","0","0","0","0","0","0","0","0","0","0","0","0","0","0","0","0","0","0","0","0","0","0","0","0","0","0","0","0","0","0","0","0","0","0","0"
"0x7f696b5b2c00","      UTMALDG.2D [UR20], [UR14]","0","0","0","8044","257408","257408","32","32","0","0","0","Global,Shared","-","-","0","0","0","0","0","0","0","0","-","0","0","0","0","0","0","0","0","0","0","0","0","0","0","0","0","0","0","0","0","0","0","0","0","0","0","0","0","0","0","0","0","0","0","0","0","0","0","0","0"
"0x7f696b5b2c10","      UTMALDG.2D [UR16], [UR6]","1","1","1","8044","257408","257408","32","32","0","0","0","Global,Shared","-","-","0","0","0","0","0","0","0","0","-","0","0","0","0","0","0","0","0","0","0","0","0","0","0","1","0","0","0","0","0","0","0","0","0","0","0","0","0","0","0","0","1","0","0","0","0","0","0","0","0"
"0x7f696b5b2c20","      NOP","0","0","0","8044","257408","257408","32","32","0","0","0","-","-","-","0","0","0","0","0","0","0","0","-","0","0","0","0","0","0","0","0","0","0","0","0","0","0","0","0","0","0","0","0","0","0","0","0","0","0","0","0","0","0","0","0","0","0","0","0","0","0","0","0"
"0x7f696b5b2c30","      S2R R0, SR_TID.X","24","15","24","65536","2097152","2097152","32","32","0","0","0","-","-","-","0","0","0","0","0","0","0","0","-","0","0","0","0","0","0","0","1","0","0","0","0","0","0","0","0","22","1","0","0","0","0","0","0","1","0","0","0","0","0","0","0","0","14","0","0","0","0","0","0"
"0x7f696b5b2c40","      STS [R102+UR4+0x31100], R99","4","0","4","65536","2097152","2097152","32","32","0","0","0","Shared","Store","32","0","1","0","65536","65536","0","0","0","-","0","0","0","0","0","0","0","0","0","0","0","0","0","0","0","0","0","0","4","0","0","0","0","0","0","0","0","0","0","0","0","0","0","0","0","0","0","0","0","0"
"0x7f696b5b2c50","      NOP","2","1","2","65536","2097152","2097152","32","32","0","0","0","-","-","-","0","0","0","0","0","0","0","0","-","0","0","0","0","0","0","0","0","0","0","0","0","0","0","0","0","1","0","1","0","0","0","0","0","0","0","0","0","0","0","0","0","0","1","0","0","0","0","0","0"
"0x7f696b5b2c60","      BAR.SYNC.DEFER_BLOCKING 0x1, 0x100","2","0","2","65536","2097152","2097152","32","32","0","0","0","-","-","-","0","0","0","0","0","0","0","0","-","0","0","0","0","0","0","0","0","0","0","0","0","0","0","0","0","0","0","2","0","0","0","0","0","0","0","0","0","0","0","0","0","0","0","0","0","0","0","0","0"
"0x7f696b5b2c70","      ISETP.GT.U32.AND P0, PT, R0, 0x3f, PT","34","23","34","65536","2097152","2097152","32","32","0","0","0","-","-","-","0","0","0","0","0","0","0","0","-","0","0","0","0","0","0","0","0","0","0","0","0","0","0","0","0","0","1","1","32","0","0","0","0","0","0","0","0","0","0","0","0","0","0","0","0","23","0","0","0"
"0x7f696b5b2c80","      NOP","47","44","47","65536","2097152","2097152","32","32","0","0","0","-","-","-","0","0","0","0","0","0","0","0","-","0","0","0","0","0","0","44","0","0","0","0","0","0","0","0","0","0","1","0","0","0","0","2","42","0","0","0","0","0","0","0","0","0","0","0","0","0","0","0","2"
"0x7f696b5b2c90","@P0   BRA 0x7f696b5b2e00","12","9","12","65536","2097152","1572864","32","24","8","8","0","-","-","-","0","0","0","0","0","0","0","0","-","0","0","0","0","0","0","0","0","0","0","0","0","0","0","0","0","0","0","0","0","0","0","12","0","0","0","0","0","0","0","0","0","0","0","0","0","0","0","0","9"
"0x7f696b5b2ca0","      LDS R5, [R101+UR4+0x31100]","6","6","6","16384","524288","524288","32","32","8","0","0","Shared","Load","32","0","1","0","16384","16384","0","0","0","-","0","0","0","0","0","0","0","0","0","0","0","0","0","0","0","0","0","0","0","0","0","0","6","0","0","0","0","0","0","0","0","0","0","0","0","0","0","0","0","6"
"0x7f696b5b2cb0","      BSSY.RECONVERGENT B1, 0x7f696b5b2df0","0","0","0","16384","524288","524288","32","32","0","0","0","-","-","-","0","0","0","0","0","0","0","0","-","0","0","0","0","0","0","0","0","0","0","0","0","0","0","0","0","0","0","0","0","0","0","0","0","0","0","0","0","0","0","0","0","0","0","0","0","0","0","0","0"
"0x7f696b5b2cc0","      LDS R2, [R101+UR4+0x31200]","2","2","2","16384","524288","524288","32","32","0","0","0","Shared","Load","32","0","1","0","16384","16384","0","0","0","-","0","0","0","0","0","0","0","0","0","0","0","0","0","0","0","0","0","0","0","0","0","0","2","0","0","0","0","0","0","0","0","0","0","0","0","0","0","0","0","2"
"0x7f696b5b2cd0","      LDS R3, [R101+UR4+0x31300]","0","0","0","16384","524288","524288","32","32","0","0","0","Shared","Load","32","0","1","0","16384","16384","0","0","0","-","0","0","0","0","0","0","0","0","0","0","0","0","0","0","0","0","0","0","0","0","0","0","0","0","0","0","0","0","0","0","0","0","0","0","0","0","0","0","0","0"
"0x7f696b5b2ce0","      LDS R0, [R101+UR4+0x31400]","0","0","0","16384","524288","524288","32","32","0","0","0","Shared","Load","32","0","1","0","16384","16384","0","0","0","-","0","0","0","0","0","0","0","0","0","0","0","0","0","0","0","0","0","0","0","0","0","0","0","0","0","0","0","0","0","0","0","0","0","0","0","0","0","0","0","0"
"0x7f696b5b2cf0","      FADD R2, R5, R2","5","0","5","16384","524288","524288","32","32","0","0","0","-","-","-","0","0","0","0","0","0","0","0","-","0","0","0","0","0","0","0","0","0","0","0","0","0","0","0","0","0","1","3","1","0","0","0","0","0","0","0","0","0","0","0","0","0","0","0","0","0","0","0","0"
"0x7f696b5b2d00","      FADD R3, R3, R0","4","2","4","16384","524288","524288","32","32","0","0","0","-","-","-","0","0","0","0","0","0","0","0","-","0","0","0","0","0","0","0","0","0","0","0","0","0","0","0","0","0","0","0","4","0","0","0","0","0","0","0","0","0","0","0","0","0","0","0","0","2","0","0","0"
"0x7f696b5b2d10","      FADD R8, R2, R3","3","1","3","16384","524288","524288","32","32","0","0","0","-","-","-","0","0","0","0","0","0","0","0","-","0","0","0","0","0","0","0","0","0","0","0","0","0","0","0","0","0","0","1","0","0","0","2","0","0","0","0","0","0","0","0","0","0","0","0","0","0","0","0","1"
"0x7f696b5b2d20","      IADD3 R0, PT, PT, R8, 0x1800000, RZ","5","1","5","16384","524288","524288","32","32","0","0","0","-","-","-","0","0","0","0","0","0","0","0","-","0","0","0","0","0","0","0","0","0","0","0","0","0","0","0","0","0","0","2","0","0","0","3","0","0","0","0","0","0","0","0","0","0","0","0","0","0","0","0","1"
"0x7f696b5b2d30","      LOP3.LUT R0, R0, 0x7f800000, RZ, 0xc0, !PT","1","0","1","16384","524288","524288","32","32","0","0","0","-","-","-","0","0","0","0","0","0","0","0","-","0","0","0","0","0","0","0","0","0","0","0","0","0","0","0","0","0","0","0","0","0","0","1","0","0","0","0","0","0","0","0","0","0","0","0","0","0","0","0","0"
"0x7f696b5b2d40","      ISETP.GT.U32.AND P0, PT, R0, 0x1ffffff, PT","4","1","4","16384","524288","524288","32","32","0","0","0","-","-","-","0","0","0","0","0","0","0","0","-","0","0","0","0","0","0","0","0","1","0","0","0","0","0","0","0","0","1","1","0","0","0","1","0","0","0","0","0","0","0","0","0","0","0","0","0","0","0","0","1"
"0x7f696b5b2d50","@P0   BRA 0x7f696b5b2d90","6","0","6","16384","524288","524288","32","32","0","0","0","-","-","-","0","0","0","0","0","0","0","0","-","0","0","0","0","0","0","0","0","0","0","0","0","0","0","0","0","0","3","0","0","0","0","3","0","0","0","0","0","0","0","0","0","0","0","0","0","0","0","0","0"
"0x7f696b5b2d60","      MOV R2, 0x5400","2","1","2","0","0","0","0","0","32","32","0","-","-","-","0","0","0","0","0","0","0","0","-","0","0","0","0","0","0","0","0","0","0","0","0","0","0","0","0","0","0","0","0","0","0","2","0","0","0","0","0","0","0","0","0","0","0","0","0","0","0","0","1"
"0x7f696b5b2d70","      CALL.REL.NOINC 0x7f696b5b3ed0","0","0","0","0","0","0","0","0","0","32","0","-","-","-","0","0","0","0","0","0","0","0","-","0","0","0","0","0","0","0","0","0","0","0","0","0","0","0","0","0","0","0","0","0","0","0","0","0","0","0","0","0","0","0","0","0","0","0","0","0","0","0","0"
"0x7f696b5b2d80","      BRA 0x7f696b5b2dd0","0","0","0","0","0","0","0","0","0","32","0","-","-","-","0","0","0","0","0","0","0","0","-","0","0","0","0","0","0","0","0","0","0","0","0","0","0","0","0","0","0","0","0","0","0","0","0","0","0","0","0","0","0","0","0","0","0","0","0","0","0","0","0"
"0x7f696b5b2d90","      MUFU.RCP R3, R8","2","1","2","16384","524288","524288","32","32","32","0","0","-","-","-","0","0","0","0","0","0","0","0","-","0","0","0","0","0","0","0","0","0","0","0","0","0","0","0","0","1","1","0","0","0","0","0","0","0","0","0","0","0","0","0","0","0","1","0","0","0","0","0","0"
"0x7f696b5b2da0","      FFMA R0, R8, R3, -1","6","4","6","16384","524288","524288","32","32","0","0","0","-","-","-","0","0","0","0","0","0","0","0","-","0","0","0","0","0","0","0","0","0","0","0","0","0","0","0","0","0","0","1","4","0","0","1","0","0","0","0","0","0","0","0","0","0","0","0","0","3","0","0","1"
"0x7f696b5b2db0","      FADD.FTZ R0, -RZ, -R0","3","2","3","16384","524288","524288","32","32","0","0","0","-","-","-","0","0","0","0","0","0","0","0","-","0","0","0","0","0","0","0","0","0","0","0","0","0","0","0","0","0","0","1","0","0","0","2","0","0","0","0","0","0","0","0","0","0","0","0","0","0","0","0","2"
"0x7f696b5b2dc0","      FFMA R4, R3, R0, R3","2","1","2","16384","524288","524288","32","32","0","0","0","-","-","-","0","0","0","0","0","0","0","0","-","0","0","0","0","0","0","0","0","0","0","0","0","0","0","0","0","0","0","1","0","0","0","1","0","0","0","0","0","0","0","0","0","0","0","0","0","0","0","0","1"
"0x7f696b5b2dd0","      NOP","2","1","2","16384","524288","524288","32","32","0","0","0","-","-","-","0","0","0","0","0","0","0","0","-","0","0","0","0","0","0","0","0","0","0","0","0","0","0","0","0","0","0","1","0","0","0","1","0","0","0","0","0","0","0","0","0","0","0","0","0","0","0","0","1"
"0x7f696b5b2de0","      BSYNC.RECONVERGENT B1","2","0","2","16384","524288","524288","32","32","0","0","0","-","-","-","0","0","0","0","0","0","0","0","-","0","0","0","0","0","0","0","0","0","0","0","0","0","0","0","0","0","0","2","0","0","0","0","0","0","0","0","0","0","0","0","0","0","0","0","0","0","0","0","0"
"0x7f696b5b2df0","      STS [R101+UR4+0x31000], R4","4","4","4","16384","524288","524288","32","32","0","0","0","Shared","Store","32","0","1","0","16384","16384","0","0","0","-","0","0","0","0","0","0","0","2","0","0","0","0","0","0","0","0","0","0","0","0","0","0","2","0","2","0","0","0","0","0","0","0","0","0","0","0","0","0","0","2"
"0x7f696b5b2e00","      NOP","13","9","13","65536","2097152","2097152","32","32","0","0","0","-","-","-","0","0","0","0","0","0","0","0","-","0","0","0","0","0","0","0","2","0","0","0","0","0","0","0","0","11","0","0","0","0","0","0","0","1","0","0","0","0","0","0","0","0","8","0","0","0","0","0","0"
"0x7f696b5b2e10","      BAR.SYNC.DEFER_BLOCKING 0x1, 0x100","0","0","0","65536","2097152","2097152","32","32","0","0","0","-","-","-","0","0","0","0","0","0","0","0","-","0","0","0","0","0","0","0","0","0","0","0","0","0","0","0","0","0","0","0","0","0","0","0","0","0","0","0","0","0","0","0","0","0","0","0","0","0","0","0","0"
"0x7f696b5b2e20","      IMAD.IADD R122, R111, 0x1, R122","1","0","1","65536","2097152","2097152","32","32","0","0","0","-","-","-","0","0","0","0","0","0","0","0","-","0","0","0","0","0","0","0","0","0","0","0","0","0","0","0","0","0","0","1","0","0","0","0","0","0","0","0","0","0","0","0","0","0","0","0","0","0","0","0","0"
"0x7f696b5b2e30","      R2UR UR5, R122","5","4","5","65536","2097152","2097152","32","32","0","0","0","-","-","-","0","0","0","0","0","0","0","0","-","0","0","0","0","0","0","0","0","0","0","0","0","0","0","0","0","0","0","0","0","0","0","5","0","0","0","0","0","0","0","0","0","0","0","0","0","0","0","0","4"
"0x7f696b5b2e40","      LDC.64 R88, c[0x0][0x3a0]","175","108","175","65536","2097152","2097152","32","32","0","0","0","-","-","-","0","0","0","0","0","0","0","0","-","0","0","0","0","0","0","172","0","0","0","0","0","0","0","0","0","0","2","1","0","0","0","0","108","0","0","0","0","0","0","0","0","0","0","0","0","0","0","0","0"
"0x7f696b5b2e50","      LDCU.64 UR8, c[0x0][0x358]","0","0","0","65536","2097152","2097152","32","32","0","0","0","-","-","-","0","0","0","0","0","0","0","0","-","0","0","0","0","0","0","0","0","0","0","0","0","0","0","0","0","0","0","0","0","0","0","0","0","0","0","0","0","0","0","0","0","0","0","0","0","0","0","0","0"
"0x7f696b5b2e60","      R2UR UR6, R122","2","0","2","65536","2097152","2097152","32","32","0","0","0","-","-","-","0","0","0","0","0","0","0","0","-","0","0","0","0","0","0","0","0","0","0","0","0","0","0","0","0","0","0","2","0","0","0","0","0","0","0","0","0","0","0","0","0","0","0","0","0","0","0","0","0"
"0x7f696b5b2e70","      NOP","1","0","1","65536","2097152","2097152","32","32","0","0","0","-","-","-","0","0","0","0","0","0","0","0","-","0","0","0","0","0","0","0","0","0","0","0","0","0","0","0","0","0","0","1","0","0","0","0","0","0","0","0","0","0","0","0","0","0","0","0","0","0","0","0","0"
"0x7f696b5b2e80","      LDS R0, [R101+UR4+0x31000]","1","0","1","65536","2097152","2097152","32","32","0","0","0","Shared","Load","32","0","1","0","65536","65536","0","0","0","-","0","0","0","0","0","0","0","0","0","0","0","0","0","0","0","0","0","0","1","0","0","0","0","0","0","0","0","0","0","0","0","0","0","0","0","0","0","0","0","0"
"0x7f696b5b2e90","      LDTM.x32 R36, tmem[UR5]","16","9","16","65536","2097152","2097152","32","32","0","0","0","Tmem","Load","-","0","0","0","0","0","0","0","0","-","0","0","0","0","0","0","0","0","2","0","0","0","0","0","0","0","0","0","0","0","0","0","14","0","0","2","0","0","0","0","0","0","0","0","0","0","0","0","0","7"
"0x7f696b5b2ea0","      NOP","0","0","0","65536","2097152","2097152","32","32","0","0","0","-","-","-","0","0","0","0","0","0","0","0","-","0","0","0","0","0","0","0","0","0","0","0","0","0","0","0","0","0","0","0","0","0","0","0","0","0","0","0","0","0","0","0","0","0","0","0","0","0","0","0","0"
"0x7f696b5b2eb0","      LDTM.x32 R4, tmem[UR5+0x20]","46","40","46","65536","2097152","2097152","32","32","0","0","0","Tmem","Load","-","0","0","0","0","0","0","0","0","-","0","0","0","0","0","0","0","0","0","0","0","0","0","0","0","0","0","0","0","46","0","0","0","0","0","0","0","0","0","0","0","0","0","0","0","0","40","0","0","0"
"0x7f696b5b2ec0","      FMUL2 R40, R0.F32, R40.F32x2.HI_LO","9","7","9","65536","2097152","2097152","32","32","0","0","0","-","-","-","0","0","0","0","0","0","0","0","-","0","0","0","0","0","0","0","0","0","0","0","0","0","0","0","0","0","0","2","7","0","0","0","0","0","0","0","0","0","0","0","0","0","0","0","0","7","0","0","0"
"0x7f696b5b2ed0","      FMUL2 R38, R0.F32, R38.F32x2.HI_LO","2","2","2","65536","2097152","2097152","32","32","0","0","0","-","-","-","0","0","0","0","0","0","0","0","-","0","0","0","0","0","0","0","0","0","0","0","0","0","0","0","0","0","0","0","0","0","0","2","0","0","0","0","0","0","0","0","0","0","0","0","0","0","0","0","2"
"0x7f696b5b2ee0","      FMUL2 R74, R0.F32, R18.F32x2.HI_LO","92","38","92","65536","2097152","2097152","32","32","0","0","0","-","-","-","0","0","0","0","0","0","0","0","-","0","0","0","0","0","0","0","0","0","0","0","0","14","0","0","0","0","8","4","66","0","0","0","0","0","0","0","0","0","1","0","0","0","0","0","0","37","0","0","0"
"0x7f696b5b2ef0","      F2FP.BF16.F32.PACK_AB R18, R41, R40","1","0","1","65536","2097152","2097152","32","32","0","0","0","-","-","-","0","0","0","0","0","0","0","0","-","0","0","0","0","0","0","0","0","0","0","0","0","0","0","0","0","0","0","1","0","0","0","0","0","0","0","0","0","0","0","0","0","0","0","0","0","0","0","0","0"
"0x7f696b5b2f00","      FMUL2 R58, R0.F32, R58.F32x2.HI_LO","0","0","0","65536","2097152","2097152","32","32","0","0","0","-","-","-","0","0","0","0","0","0","0","0","-","0","0","0","0","0","0","0","0","0","0","0","0","0","0","0","0","0","0","0","0","0","0","0","0","0","0","0","0","0","0","0","0","0","0","0","0","0","0","0","0"
"0x7f696b5b2f10","      IMAD.U32 R41, RZ, RZ, UR12","9","0","9","65536","2097152","2097152","32","32","0","0","0","-","-","-","0","0","0","0","0","0","0","0","-","0","0","0","0","0","0","0","0","1","0","0","0","0","0","0","0","0","3","2","0","0","0","3","0","0","0","0","0","0","0","0","0","0","0","0","0","0","0","0","0"
"0x7f696b5b2f20","      FMUL2 R52, R0.F32, R52.F32x2.HI_LO","6","3","6","65536","2097152","2097152","32","32","0","0","0","-","-","-","0","0","0","0","0","0","0","0","-","0","0","0","0","0","0","0","0","0","0","0","0","0","0","0","0","0","1","2","0","0","0","3","0","0","0","0","0","0","0","0","0","0","0","0","0","0","0","0","3"
"0x7f696b5b2f30","      F2FP.BF16.F32.PACK_AB R75, R75, R74","1","0","1","65536","2097152","2097152","32","32","0","0","0","-","-","-","0","0","0","0","0","0","0","0","-","0","0","0","0","0","0","0","0","0","0","0","0","0","0","0","0","0","0","1","0","0","0","0","0","0","0","0","0","0","0","0","0","0","0","0","0","0","0","0","0"
"0x7f696b5b2f40","      FMUL2 R2, R0.F32, R20.F32x2.HI_LO","1","0","1","65536","2097152","2097152","32","32","0","0","0","-","-","-","0","0","0","0","0","0","0","0","-","0","0","0","0","0","0","0","0","0","0","0","0","0","0","0","0","0","0","1","0","0","0","0","0","0","0","0","0","0","0","0","0","0","0","0","0","0","0","0","0"
"0x7f696b5b2f50","      FMUL2 R20, R0.F32, R16.F32x2.HI_LO","4","0","4","65536","2097152","2097152","32","32","0","0","0","-","-","-","0","0","0","0","0","0","0","0","-","0","0","0","0","0","0","0","0","0","0","0","0","0","0","0","0","0","1","1","0","0","0","2","0","0","0","0","0","0","0","0","0","0","0","0","0","0","0","0","0"
"0x7f696b5b2f60","      F2FP.BF16.F32.PACK_AB R17, R39, R38","0","0","0","65536","2097152","2097152","32","32","0","0","0","-","-","-","0","0","0","0","0","0","0","0","-","0","0","0","0","0","0","0","0","0","0","0","0","0","0","0","0","0","0","0","0","0","0","0","0","0","0","0","0","0","0","0","0","0","0","0","0","0","0","0","0"
"0x7f696b5b2f70","      FMUL2 R66, R0.F32, R66.F32x2.HI_LO","1","0","1","65536","2097152","2097152","32","32","0","0","0","-","-","-","0","0","0","0","0","0","0","0","-","0","0","0","0","0","0","0","0","0","0","0","0","0","0","0","0","0","0","1","0","0","0","0","0","0","0","0","0","0","0","0","0","0","0","0","0","0","0","0","0"
"0x7f696b5b2f80","      IMAD R39, R41, 0x8000, R110","1","0","1","65536","2097152","2097152","32","32","0","0","0","-","-","-","0","0","0","0","0","0","0","0","-","0","0","0","0","0","0","0","0","0","0","0","0","0","0","0","0","0","0","1","0","0","0","0","0","0","0","0","0","0","0","0","0","0","0","0","0","0","0","0","0"
"0x7f696b5b2f90","      FMUL2 R64, R0.F32, R64.F32x2.HI_LO","2","0","2","65536","2097152","2097152","32","32","0","0","0","-","-","-","0","0","0","0","0","0","0","0","-","0","0","0","0","0","0","0","0","0","0","0","0","0","0","0","0","0","0","2","0","0","0","0","0","0","0","0","0","0","0","0","0","0","0","0","0","0","0","0","0"
"0x7f696b5b2fa0","      F2FP.BF16.F32.PACK_AB R74, R21, R20","0","0","0","65536","2097152","2097152","32","32","0","0","0","-","-","-","0","0","0","0","0","0","0","0","-","0","0","0","0","0","0","0","0","0","0","0","0","0","0","0","0","0","0","0","0","0","0","0","0","0","0","0","0","0","0","0","0","0","0","0","0","0","0","0","0"
"0x7f696b5b2fb0","      FMUL2 R62, R0.F32, R62.F32x2.HI_LO","1","0","1","65536","2097152","2097152","32","32","0","0","0","-","-","-","0","0","0","0","0","0","0","0","-","0","0","0","0","0","0","0","0","0","0","0","0","0","0","0","0","0","0","1","0","0","0","0","0","0","0","0","0","0","0","0","0","0","0","0","0","0","0","0","0"
"0x7f696b5b2fc0","      F2FP.BF16.F32.PACK_AB R87, R67, R66","1","0","1","65536","2097152","2097152","32","32","0","0","0","-","-","-","0","0","0","0","0","0","0","0","-","0","0","0","0","0","0","0","0","0","0","0","0","0","0","0","0","0","0","1","0","0","0","0","0","0","0","0","0","0","0","0","0","0","0","0","0","0","0","0","0"
"0x7f696b5b2fd0","      FMUL2 R60, R0.F32, R60.F32x2.HI_LO","2","0","2","65536","2097152","2097152","32","32","0","0","0","-","-","-","0","0","0","0","0","0","0","0","-","0","0","0","0","0","0","0","0","0","0","0","0","0","0","0","0","0","0","2","0","0","0","0","0","0","0","0","0","0","0","0","0","0","0","0","0","0","0","0","0"
"0x7f696b5b2fe0","      F2FP.BF16.F32.PACK_AB R86, R65, R64","0","0","0","65536","2097152","2097152","32","32","0","0","0","-","-","-","0","0","0","0","0","0","0","0","-","0","0","0","0","0","0","0","0","0","0","0","0","0","0","0","0","0","0","0","0","0","0","0","0","0","0","0","0","0","0","0","0","0","0","0","0","0","0","0","0"
"0x7f696b5b2ff0","      FMUL2 R56, R0.F32, R56.F32x2.HI_LO","3","0","3","65536","2097152","2097152","32","32","0","0","0","-","-","-","0","0","0","0","0","0","0","0","-","0","0","0","0","0","0","0","0","0","0","0","0","0","0","0","0","0","0","3","0","0","0","0","0","0","0","0","0","0","0","0","0","0","0","0","0","0","0","0","0"
"0x7f696b5b3000","      F2FP.BF16.F32.PACK_AB R85, R63, R62","0","0","0","65536","2097152","2097152","32","32","0","0","0","-","-","-","0","0","0","0","0","0","0","0","-","0","0","0","0","0","0","0","0","0","0","0","0","0","0","0","0","0","0","0","0","0","0","0","0","0","0","0","0","0","0","0","0","0","0","0","0","0","0","0","0"
"0x7f696b5b3010","      FMUL2 R54, R0.F32, R54.F32x2.HI_LO","2","0","2","65536","2097152","2097152","32","32","0","0","0","-","-","-","0","0","0","0","0","0","0","0","-","0","0","0","0","0","0","0","0","0","0","0","0","0","0","0","0","0","0","2","0","0","0","0","0","0","0","0","0","0","0","0","0","0","0","0","0","0","0","0","0"
"0x7f696b5b3020","      F2FP.BF16.F32.PACK_AB R84, R61, R60","1","0","1","65536","2097152","2097152","32","32","0","0","0","-","-","-","0","0","0","0","0","0","0","0","-","0","0","0","0","0","0","0","0","0","0","0","0","0","0","0","0","0","0","1","0","0","0","0","0","0","0","0","0","0","0","0","0","0","0","0","0","0","0","0","0"
"0x7f696b5b3030","      FMUL2 R50, R0.F32, R50.F32x2.HI_LO","2","0","2","65536","2097152","2097152","32","32","0","0","0","-","-","-","0","0","0","0","0","0","0","0","-","0","0","0","0","0","0","0","0","0","0","0","0","0","0","0","0","0","0","2","0","0","0","0","0","0","0","0","0","0","0","0","0","0","0","0","0","0","0","0","0"
"0x7f696b5b3040","      IMAD.WIDE R88, R39, 0x2, R88","2","1","2","65536","2097152","2097152","32","32","0","0","0","-","-","-","0","0","0","0","0","0","0","0","-","0","0","0","0","0","0","0","0","0","0","0","0","0","0","0","0","0","0","0","0","0","0","2","0","0","0","0","0","0","0","0","0","0","0","0","0","0","0","0","1"
"0x7f696b5b3050","      FMUL2 R48, R0.F32, R48.F32x2.HI_LO","8","5","8","65536","2097152","2097152","32","32","0","0","0","-","-","-","0","0","0","0","0","0","0","0","-","0","0","0","0","0","0","0","0","0","0","0","0","1","0","0","0","0","1","0","0","0","0","6","0","0","0","0","0","0","0","0","0","0","0","0","0","0","0","0","5"
"0x7f696b5b3060","      F2FP.BF16.F32.PACK_AB R76, R3, R2","2","0","2","65536","2097152","2097152","32","32","0","0","0","-","-","-","0","0","0","0","0","0","0","0","-","0","0","0","0","0","0","0","0","2","0","0","0","0","0","0","0","0","0","0","0","0","0","0","0","0","0","0","0","0","0","0","0","0","0","0","0","0","0","0","0"
"0x7f696b5b3070","      FMUL2 R46, R0.F32, R46.F32x2.HI_LO","1","0","1","65536","2097152","2097152","32","32","0","0","0","-","-","-","0","0","0","0","0","0","0","0","-","0","0","0","0","0","0","0","0","0","0","0","0","0","0","0","0","0","0","1","0","0","0","0","0","0","0","0","0","0","0","0","0","0","0","0","0","0","0","0","0"
"0x7f696b5b3080","      FMUL2 R44, R0.F32, R44.F32x2.HI_LO","0","0","0","65536","2097152","2097152","32","32","0","0","0","-","-","-","0","0","0","0","0","0","0","0","-","0","0","0","0","0","0","0","0","0","0","0","0","0","0","0","0","0","0","0","0","0","0","0","0","0","0","0","0","0","0","0","0","0","0","0","0","0","0","0","0"
"0x7f696b5b3090","      FMUL2 R42, R0.F32, R42.F32x2.HI_LO","4","1","4","65536","2097152","2097152","32","32","0","0","0","-","-","-","0","0","0","0","0","0","0","0","-","0","0","0","0","0","0","0","0","0","0","0","0","0","0","0","0","0","0","2","0","0","0","2","0","0","0","0","0","0","0","0","0","0","0","0","0","0","0","0","1"
"0x7f696b5b30a0","      FMUL2 R36, R0.F32, R36.F32x2.HI_LO","4","2","4","65536","2097152","2097152","32","32","0","0","0","-","-","-","0","0","0","0","0","0","0","0","-","0","0","0","0","0","0","0","0","0","0","0","0","0","0","0","0","0","0","2","0","0","0","2","0","0","0","0","0","0","0","0","0","0","0","0","0","0","0","0","2"
"0x7f696b5b30b0","      FMUL2 R82, R0.F32, R34.F32x2.HI_LO","3","2","3","65536","2097152","2097152","32","32","0","0","0","-","-","-","0","0","0","0","0","0","0","0","-","0","0","0","0","0","0","0","0","0","0","0","0","0","0","0","0","0","0","1","0","0","0","2","0","0","0","0","0","0","0","0","0","0","0","0","0","0","0","0","2"
"0x7f696b5b30c0","      F2FP.BF16.F32.PACK_AB R35, R59, R58","2","0","2","65536","2097152","2097152","32","32","0","0","0","-","-","-","0","0","0","0","0","0","0","0","-","0","0","0","0","0","0","0","0","0","0","0","0","0","0","0","0","0","0","2","0","0","0","0","0","0","0","0","0","0","0","0","0","0","0","0","0","0","0","0","0"
"0x7f696b5b30d0","      FMUL2 R58, R0.F32, R32.F32x2.HI_LO","1","0","1","65536","2097152","2097152","32","32","0","0","0","-","-","-","0","0","0","0","0","0","0","0","-","0","0","0","0","0","0","0","0","0","0","0","0","0","0","0","0","0","0","1","0","0","0","0","0","0","0","0","0","0","0","0","0","0","0","0","0","0","0","0","0"
"0x7f696b5b30e0","      F2FP.BF16.F32.PACK_AB R32, R53, R52","2","0","2","65536","2097152","2097152","32","32","0","0","0","-","-","-","0","0","0","0","0","0","0","0","-","0","0","0","0","0","0","0","0","0","0","0","0","0","0","0","0","0","0","2","0","0","0","0","0","0","0","0","0","0","0","0","0","0","0","0","0","0","0","0","0"
"0x7f696b5b30f0","      FMUL2 R78, R0.F32, R26.F32x2.HI_LO","2","0","2","65536","2097152","2097152","32","32","0","0","0","-","-","-","0","0","0","0","0","0","0","0","-","0","0","0","0","0","0","0","0","0","0","0","0","0","0","0","0","0","0","2","0","0","0","0","0","0","0","0","0","0","0","0","0","0","0","0","0","0","0","0","0"
"0x7f696b5b3100","      F2FP.BF16.F32.PACK_AB R34, R57, R56","2","0","2","65536","2097152","2097152","32","32","0","0","0","-","-","-","0","0","0","0","0","0","0","0","-","0","0","0","0","0","0","0","0","0","0","0","0","0","0","0","0","0","0","2","0","0","0","0","0","0","0","0","0","0","0","0","0","0","0","0","0","0","0","0","0"
"0x7f696b5b3110","      FMUL2 R52, R0.F32, R24.F32x2.HI_LO","1","0","1","65536","2097152","2097152","32","32","0","0","0","-","-","-","0","0","0","0","0","0","0","0","-","0","0","0","0","0","0","0","0","1","0","0","0","0","0","0","0","0","0","0","0","0","0","0","0","0","0","0","0","0","0","0","0","0","0","0","0","0","0","0","0"
"0x7f696b5b3120","      F2FP.BF16.F32.PACK_AB R33, R55, R54","2","0","2","65536","2097152","2097152","32","32","0","0","0","-","-","-","0","0","0","0","0","0","0","0","-","0","0","0","0","0","0","0","0","0","0","0","0","0","0","0","0","0","0","2","0","0","0","0","0","0","0","0","0","0","0","0","0","0","0","0","0","0","0","0","0"
"0x7f696b5b3130","      FMUL2 R30, R0.F32, R30.F32x2.HI_LO","1","0","1","65536","2097152","2097152","32","32","0","0","0","-","-","-","0","0","0","0","0","0","0","0","-","0","0","0","0","0","0","0","0","0","0","0","0","0","0","0","0","0","0","1","0","0","0","0","0","0","0","0","0","0","0","0","0","0","0","0","0","0","0","0","0"
"0x7f696b5b3140","      F2FP.BF16.F32.PACK_AB R27, R51, R50","2","0","2","65536","2097152","2097152","32","32","0","0","0","-","-","-","0","0","0","0","0","0","0","0","-","0","0","0","0","0","0","0","0","0","0","0","0","0","0","0","0","0","0","2","0","0","0","0","0","0","0","0","0","0","0","0","0","0","0","0","0","0","0","0","0"
"0x7f696b5b3150","      FMUL2 R28, R0.F32, R28.F32x2.HI_LO","0","0","0","65536","2097152","2097152","32","32","0","0","0","-","-","-","0","0","0","0","0","0","0","0","-","0","0","0","0","0","0","0","0","0","0","0","0","0","0","0","0","0","0","0","0","0","0","0","0","0","0","0","0","0","0","0","0","0","0","0","0","0","0","0","0"
"0x7f696b5b3160","      F2FP.BF16.F32.PACK_AB R26, R49, R48","1","0","1","65536","2097152","2097152","32","32","0","0","0","-","-","-","0","0","0","0","0","0","0","0","-","0","0","0","0","0","0","0","0","0","0","0","0","0","0","0","0","0","0","1","0","0","0","0","0","0","0","0","0","0","0","0","0","0","0","0","0","0","0","0","0"
"0x7f696b5b3170","      FMUL2 R22, R0.F32, R22.F32x2.HI_LO","0","0","0","65536","2097152","2097152","32","32","0","0","0","-","-","-","0","0","0","0","0","0","0","0","-","0","0","0","0","0","0","0","0","0","0","0","0","0","0","0","0","0","0","0","0","0","0","0","0","0","0","0","0","0","0","0","0","0","0","0","0","0","0","0","0"
"0x7f696b5b3180","      F2FP.BF16.F32.PACK_AB R25, R47, R46","1","0","1","65536","2097152","2097152","32","32","0","0","0","-","-","-","0","0","0","0","0","0","0","0","-","0","0","0","0","0","0","0","0","0","0","0","0","0","0","0","0","0","0","1","0","0","0","0","0","0","0","0","0","0","0","0","0","0","0","0","0","0","0","0","0"
"0x7f696b5b3190","      FMUL2 R14, R0.F32, R14.F32x2.HI_LO","1","0","1","65536","2097152","2097152","32","32","0","0","0","-","-","-","0","0","0","0","0","0","0","0","-","0","0","0","0","0","0","0","0","0","0","0","0","0","0","0","0","0","0","1","0","0","0","0","0","0","0","0","0","0","0","0","0","0","0","0","0","0","0","0","0"
"0x7f696b5b31a0","      F2FP.BF16.F32.PACK_AB R24, R45, R44","2","0","2","65536","2097152","2097152","32","32","0","0","0","-","-","-","0","0","0","0","0","0","0","0","-","0","0","0","0","0","0","0","0","0","0","0","0","0","0","0","0","0","0","2","0","0","0","0","0","0","0","0","0","0","0","0","0","0","0","0","0","0","0","0","0"
"0x7f696b5b31b0","      FMUL2 R12, R0.F32, R12.F32x2.HI_LO","2","0","2","65536","2097152","2097152","32","32","0","0","0","-","-","-","0","0","0","0","0","0","0","0","-","0","0","0","0","0","0","0","0","0","0","0","0","0","0","0","0","0","0","2","0","0","0","0","0","0","0","0","0","0","0","0","0","0","0","0","0","0","0","0","0"
"0x7f696b5b31c0","      F2FP.BF16.F32.PACK_AB R19, R43, R42","2","0","2","65536","2097152","2097152","32","32","0","0","0","-","-","-","0","0","0","0","0","0","0","0","-","0","0","0","0","0","0","0","0","0","0","0","0","0","0","0","0","0","0","2","0","0","0","0","0","0","0","0","0","0","0","0","0","0","0","0","0","0","0","0","0"
"0x7f696b5b31d0","      FMUL2 R10, R0.F32, R10.F32x2.HI_LO","3","0","3","65536","2097152","2097152","32","32","0","0","0","-","-","-","0","0","0","0","0","0","0","0","-","0","0","0","0","0","0","0","0","0","0","0","0","0","0","0","0","0","0","3","0","0","0","0","0","0","0","0","0","0","0","0","0","0","0","0","0","0","0","0","0"
"0x7f696b5b31e0","      F2FP.BF16.F32.PACK_AB R16, R37, R36","1","0","1","65536","2097152","2097152","32","32","0","0","0","-","-","-","0","0","0","0","0","0","0","0","-","0","0","0","0","0","0","0","0","0","0","0","0","0","0","0","0","0","0","1","0","0","0","0","0","0","0","0","0","0","0","0","0","0","0","0","0","0","0","0","0"
"0x7f696b5b31f0","      FMUL2 R8, R0.F32, R8.F32x2.HI_LO","1","0","1","65536","2097152","2097152","32","32","0","0","0","-","-","-","0","0","0","0","0","0","0","0","-","0","0","0","0","0","0","0","0","0","0","0","0","0","0","0","0","0","0","1","0","0","0","0","0","0","0","0","0","0","0","0","0","0","0","0","0","0","0","0","0"
"0x7f696b5b3200","      F2FP.BF16.F32.PACK_AB R83, R83, R82","3","1","3","65536","2097152","2097152","32","32","0","0","0","-","-","-","0","0","0","0","0","0","0","0","-","0","0","0","0","0","0","0","0","0","0","0","0","0","0","0","0","2","0","1","0","0","0","0","0","0","0","0","0","0","0","0","0","0","1","0","0","0","0","0","0"
"0x7f696b5b3210","      FMUL2 R6, R0.F32, R6.F32x2.HI_LO","0","0","0","65536","2097152","2097152","32","32","0","0","0","-","-","-","0","0","0","0","0","0","0","0","-","0","0","0","0","0","0","0","0","0","0","0","0","0","0","0","0","0","0","0","0","0","0","0","0","0","0","0","0","0","0","0","0","0","0","0","0","0","0","0","0"
"0x7f696b5b3220","      F2FP.BF16.F32.PACK_AB R79, R79, R78","1","0","1","65536","2097152","2097152","32","32","0","0","0","-","-","-","0","0","0","0","0","0","0","0","-","0","0","0","0","0","0","0","0","0","0","0","0","0","0","0","0","0","0","1","0","0","0","0","0","0","0","0","0","0","0","0","0","0","0","0","0","0","0","0","0"
"0x7f696b5b3230","      FMUL2 R4, R0.F32, R4.F32x2.HI_LO","1","0","1","65536","2097152","2097152","32","32","0","0","0","-","-","-","0","0","0","0","0","0","0","0","-","0","0","0","0","0","0","0","0","0","0","0","0","0","0","0","0","0","0","1","0","0","0","0","0","0","0","0","0","0","0","0","0","0","0","0","0","0","0","0","0"
"0x7f696b5b3240","      STG.E.NA.ENL2.256 desc[UR8][R88.64], R16, R24","0","0","0","65536","2097152","2097152","32","32","0","0","0","Global","Store","-","0","0","0","0","0","0","0","0","","0","0","0","0","0","0","0","0","0","0","0","0","0","0","0","0","0","0","0","0","0","0","0","0","0","0","0","0","0","0","0","0","0","0","0","0","0","0","0","0"
"0x7f696b5b3250","      F2FP.BF16.F32.PACK_AB R82, R59, R58","1","0","1","65536","2097152","2097152","32","32","0","0","0","-","-","-","0","0","0","0","0","0","0","0","-","0","0","0","0","0","0","0","0","0","0","0","0","0","0","0","0","0","0","1","0","0","0","0","0","0","0","0","0","0","0","0","0","0","0","0","0","0","0","0","0"
"0x7f696b5b3260","      F2FP.BF16.F32.PACK_AB R81, R31, R30","0","0","0","65536","2097152","2097152","32","32","0","0","0","-","-","-","0","0","0","0","0","0","0","0","-","0","0","0","0","0","0","0","0","0","0","0","0","0","0","0","0","0","0","0","0","0","0","0","0","0","0","0","0","0","0","0","0","0","0","0","0","0","0","0","0"
"0x7f696b5b3270","      STG.E.NA.ENL2.256 desc[UR8][R88.64+0x20], R32, R84","1","0","1","65536","2097152","2097152","32","32","0","0","0","Global","Store","-","0","0","0","0","0","0","0","0","","0","0","0","0","0","0","0","0","0","0","0","0","0","0","0","0","0","0","1","0","0","0","0","0","0","0","0","0","0","0","0","0","0","0","0","0","0","0","0","0"
"0x7f696b5b3280","      F2FP.BF16.F32.PACK_AB R80, R29, R28","3","0","3","65536","2097152","2097152","32","32","0","0","0","-","-","-","0","0","0","0","0","0","0","0","-","0","0","0","0","0","0","0","0","0","0","0","0","0","0","0","0","0","0","3","0","0","0","0","0","0","0","0","0","0","0","0","0","0","0","0","0","0","0","0","0"
"0x7f696b5b3290","      NOP","3","0","3","65536","2097152","2097152","32","32","0","0","0","-","-","-","0","0","0","0","0","0","0","0","-","0","0","0","0","0","0","0","0","0","0","0","0","0","0","0","0","0","0","3","0","0","0","0","0","0","0","0","0","0","0","0","0","0","0","0","0","0","0","0","0"
"0x7f696b5b32a0","      F2FP.BF16.F32.PACK_AB R78, R53, R52","1","0","1","65536","2097152","2097152","32","32","0","0","0","-","-","-","0","0","0","0","0","0","0","0","-","0","0","0","0","0","0","0","0","0","0","0","0","0","0","0","0","0","0","1","0","0","0","0","0","0","0","0","0","0","0","0","0","0","0","0","0","0","0","0","0"
"0x7f696b5b32b0","      F2FP.BF16.F32.PACK_AB R77, R23, R22","1","0","1","65536","2097152","2097152","32","32","0","0","0","-","-","-","0","0","0","0","0","0","0","0","-","0","0","0","0","0","0","0","0","0","0","0","0","0","0","0","0","0","0","1","0","0","0","0","0","0","0","0","0","0","0","0","0","0","0","0","0","0","0","0","0"
"0x7f696b5b32c0","      LDTM.x32 R36, tmem[UR6+0x40]","2","0","2","65536","2097152","2097152","32","32","0","0","0","Tmem","Load","-","0","0","0","0","0","0","0","0","-","0","0","0","0","0","0","0","0","0","0","0","0","0","0","0","0","0","0","2","0","0","0","0","0","0","0","0","0","0","0","0","0","0","0","0","0","0","0","0","0"
"0x7f696b5b32d0","      F2FP.BF16.F32.PACK_AB R73, R15, R14","1","0","1","65536","2097152","2097152","32","32","0","0","0","-","-","-","0","0","0","0","0","0","0","0","-","0","0","0","0","0","0","0","0","0","0","0","0","0","0","0","0","0","0","1","0","0","0","0","0","0","0","0","0","0","0","0","0","0","0","0","0","0","0","0","0"
"0x7f696b5b32e0","      F2FP.BF16.F32.PACK_AB R72, R13, R12","6","0","6","65536","2097152","2097152","32","32","0","0","0","-","-","-","0","0","0","0","0","0","0","0","-","0","0","0","0","0","0","0","0","0","0","0","0","2","0","0","0","0","1","1","0","0","0","2","0","0","0","0","0","0","0","0","0","0","0","0","0","0","0","0","0"
"0x7f696b5b32f0","      STG.E.NA.ENL2.256 desc[UR8][R88.64+0x60], R76, R80","1","0","1","65536","2097152","2097152","32","32","0","0","0","Global","Store","-","0","0","0","0","0","0","0","0","","0","0","0","0","0","0","0","0","0","0","0","0","0","0","0","0","0","0","1","0","0","0","0","0","0","0","0","0","0","0","0","0","0","0","0","0","0","0","0","0"
"0x7f696b5b3300","      F2FP.BF16.F32.PACK_AB R71, R11, R10","1","0","1","65536","2097152","2097152","32","32","0","0","0","-","-","-","0","0","0","0","0","0","0","0","-","0","0","0","0","0","0","0","0","0","0","0","0","0","0","0","0","0","0","1","0","0","0","0","0","0","0","0","0","0","0","0","0","0","0","0","0","0","0","0","0"
"0x7f696b5b3310","      F2FP.BF16.F32.PACK_AB R70, R9, R8","3","0","3","65536","2097152","2097152","32","32","0","0","0","-","-","-","0","0","0","0","0","0","0","0","-","0","0","0","0","0","0","0","0","0","0","0","0","0","0","0","0","0","1","1","0","0","0","1","0","0","0","0","0","0","0","0","0","0","0","0","0","0","0","0","0"
"0x7f696b5b3320","      F2FP.BF16.F32.PACK_AB R69, R7, R6","10","0","10","65536","2097152","2097152","32","32","0","0","0","-","-","-","0","0","0","0","0","0","0","0","-","0","0","0","0","0","0","0","0","0","0","0","0","3","0","0","0","0","5","1","0","0","0","1","0","0","0","0","0","0","0","0","0","0","0","0","0","0","0","0","0"
"0x7f696b5b3330","      F2FP.BF16.F32.PACK_AB R68, R5, R4","9","0","9","65536","2097152","2097152","32","32","0","0","0","-","-","-","0","0","0","0","0","0","0","0","-","0","0","0","0","0","0","0","0","0","0","0","0","4","0","0","0","0","2","1","0","0","0","2","0","0","0","0","0","0","0","0","0","0","0","0","0","0","0","0","0"
"0x7f696b5b3340","      STG.E.NA.ENL2.256 desc[UR8][R88.64+0x40], R68, R72","5","1","5","65536","2097152","2097152","32","32","0","0","0","Global","Store","-","0","0","0","0","0","0","0","0","","0","0","0","0","0","0","0","0","0","0","0","0","0","0","0","0","0","1","2","0","0","0","2","0","0","0","0","0","0","0","0","0","0","0","0","0","0","0","0","1"
"0x7f696b5b3350","      NOP","0","0","0","65536","2097152","2097152","32","32","0","0","0","-","-","-","0","0","0","0","0","0","0","0","-","0","0","0","0","0","0","0","0","0","0","0","0","0","0","0","0","0","0","0","0","0","0","0","0","0","0","0","0","0","0","0","0","0","0","0","0","0","0","0","0"
"0x7f696b5b3360","      FMUL2 R60, R0.F32, R60.F32x2.HI_LO","35","11","35","65536","2097152","2097152","32","32","0","0","0","-","-","-","0","0","0","0","0","0","0","0","-","0","0","0","0","0","0","0","0","0","0","0","0","5","0","0","0","0","8","1","21","0","0","0","0","0","0","0","0","0","1","0","0","0","0","0","0","10","0","0","0"
"0x7f696b5b3370","      FMUL2 R50, R0.F32, R50.F32x2.HI_LO","1","0","1","65536","2097152","2097152","32","32","0","0","0","-","-","-","0","0","0","0","0","0","0","0","-","0","0","0","0","0","0","0","0","0","0","0","0","0","0","0","0","0","1","0","0","0","0","0","0","0","0","0","0","0","0","0","0","0","0","0","0","0","0","0","0"
"0x7f696b5b3380","      FMUL2 R62, R0.F32, R62.F32x2.HI_LO","1","0","1","65536","2097152","2097152","32","32","0","0","0","-","-","-","0","0","0","0","0","0","0","0","-","0","0","0","0","0","0","0","0","0","0","0","0","0","0","0","0","0","0","1","0","0","0","0","0","0","0","0","0","0","0","0","0","0","0","0","0","0","0","0","0"
"0x7f696b5b3390","      FMUL2 R58, R0.F32, R58.F32x2.HI_LO","5","0","5","65536","2097152","2097152","32","32","0","0","0","-","-","-","0","0","0","0","0","0","0","0","-","0","0","0","0","0","0","0","0","0","0","0","0","0","0","0","0","0","2","1","0","0","0","2","0","0","0","0","0","0","0","0","0","0","0","0","0","0","0","0","0"
"0x7f696b5b33a0","      FMUL2 R56, R0.F32, R56.F32x2.HI_LO","2","0","2","65536","2097152","2097152","32","32","0","0","0","-","-","-","0","0","0","0","0","0","0","0","-","0","0","0","0","0","0","0","0","0","0","0","0","0","0","0","0","0","0","2","0","0","0","0","0","0","0","0","0","0","0","0","0","0","0","0","0","0","0","0","0"
"0x7f696b5b33b0","      FMUL2 R66, R0.F32, R66.F32x2.HI_LO","2","1","2","65536","2097152","2097152","32","32","0","0","0","-","-","-","0","0","0","0","0","0","0","0","-","0","0","0","0","0","0","0","0","0","0","0","0","0","0","0","0","0","0","1","0","0","0","1","0","0","0","0","0","0","0","0","0","0","0","0","0","0","0","0","1"
"0x7f696b5b33c0","      LDTM.x32 R4, tmem[UR5+0x60]","578","501","578","65536","2097152","2097152","32","32","0","0","0","Tmem","Load","-","0","0","0","0","0","0","0","0","-","0","0","0","0","0","0","0","0","0","0","0","577","0","0","0","0","0","0","1","0","0","0","0","0","0","0","0","0","501","0","0","0","0","0","0","0","0","0","0","0"
"0x7f696b5b33d0","      FMUL2 R64, R0.F32, R64.F32x2.HI_LO","3","0","3","65536","2097152","2097152","32","32","0","0","0","-","-","-","0","0","0","0","0","0","0","0","-","0","0","0","0","0","0","0","0","0","0","0","0","0","0","0","0","0","0","3","0","0","0","0","0","0","0","0","0","0","0","0","0","0","0","0","0","0","0","0","0"
"0x7f696b5b33e0","      FMUL2 R54, R0.F32, R54.F32x2.HI_LO","3","1","3","65536","2097152","2097152","32","32","0","0","0","-","-","-","0","0","0","0","0","0","0","0","-","0","0","0","0","0","0","0","0","0","0","0","0","0","0","0","0","0","0","2","0","0","0","1","0","0","0","0","0","0","0","0","0","0","0","0","0","0","0","0","1"
"0x7f696b5b33f0","      FMUL2 R52, R0.F32, R52.F32x2.HI_LO","2","0","2","65536","2097152","2097152","32","32","0","0","0","-","-","-","0","0","0","0","0","0","0","0","-","0","0","0","0","0","0","0","0","0","0","0","0","0","0","0","0","0","0","2","0","0","0","0","0","0","0","0","0","0","0","0","0","0","0","0","0","0","0","0","0"
"0x7f696b5b3400","      FMUL2 R48, R0.F32, R48.F32x2.HI_LO","2","1","2","65536","2097152","2097152","32","32","0","0","0","-","-","-","0","0","0","0","0","0","0","0","-","0","0","0","0","0","0","0","0","0","0","0","0","0","0","0","0","0","0","1","0","0","0","1","0","0","0","0","0","0","0","0","0","0","0","0","0","0","0","0","1"
"0x7f696b5b3410","      FMUL2 R46, R0.F32, R46.F32x2.HI_LO","5","3","5","65536","2097152","2097152","32","32","0","0","0","-","-","-","0","0","0","0","0","0","0","0","-","0","0","0","0","0","0","0","0","0","0","0","0","0","0","0","0","0","0","2","0","0","0","3","0","0","0","0","0","0","0","0","0","0","0","0","0","0","0","0","3"
"0x7f696b5b3420","      FMUL2 R44, R0.F32, R44.F32x2.HI_LO","2","0","2","65536","2097152","2097152","32","32","0","0","0","-","-","-","0","0","0","0","0","0","0","0","-","0","0","0","0","0","0","0","0","0","0","0","0","0","0","0","0","0","0","2","0","0","0","0","0","0","0","0","0","0","0","0","0","0","0","0","0","0","0","0","0"
"0x7f696b5b3430","      FMUL2 R42, R0.F32, R42.F32x2.HI_LO","2","2","2","65536","2097152","2097152","32","32","0","0","0","-","-","-","0","0","0","0","0","0","0","0","-","0","0","0","0","0","0","0","0","0","0","0","0","0","0","0","0","0","0","0","0","0","0","2","0","0","0","0","0","0","0","0","0","0","0","0","0","0","0","0","2"
"0x7f696b5b3440","      FMUL2 R72, R0.F32, R36.F32x2.HI_LO","422","417","422","65536","2097152","2097152","32","32","0","0","0","-","-","-","0","0","0","0","0","0","0","0","-","0","0","0","0","0","0","0","0","0","0","0","421","0","0","0","0","0","0","0","0","0","0","1","0","0","0","0","0","416","0","0","0","0","0","0","0","0","0","0","1"
"0x7f696b5b3450","      F2FP.BF16.F32.PACK_AB R36, R61, R60","1","0","1","65536","2097152","2097152","32","32","0","0","0","-","-","-","0","0","0","0","0","0","0","0","-","0","0","0","0","0","0","0","0","0","0","0","0","0","0","0","0","0","0","1","0","0","0","0","0","0","0","0","0","0","0","0","0","0","0","0","0","0","0","0","0"
"0x7f696b5b3460","      FMUL2 R60, R0.F32, R10.F32x2.HI_LO","1","0","1","65536","2097152","2097152","32","32","0","0","0","-","-","-","0","0","0","0","0","0","0","0","-","0","0","0","0","0","0","0","0","0","0","0","0","0","0","0","0","0","0","1","0","0","0","0","0","0","0","0","0","0","0","0","0","0","0","0","0","0","0","0","0"
"0x7f696b5b3470","      F2FP.BF16.F32.PACK_AB R11, R51, R50","4","0","4","65536","2097152","2097152","32","32","0","0","0","-","-","-","0","0","0","0","0","0","0","0","-","0","0","0","0","0","0","0","0","0","0","0","0","0","0","0","0","0","0","4","0","0","0","0","0","0","0","0","0","0","0","0","0","0","0","0","0","0","0","0","0"
"0x7f696b5b3480","      FMUL2 R50, R0.F32, R20.F32x2.HI_LO","3","0","3","65536","2097152","2097152","32","32","0","0","0","-","-","-","0","0","0","0","0","0","0","0","-","0","0","0","0","0","0","0","0","0","0","0","0","0","0","0","0","0","0","3","0","0","0","0","0","0","0","0","0","0","0","0","0","0","0","0","0","0","0","0","0"
"0x7f696b5b3490","      F2FP.BF16.F32.PACK_AB R37, R63, R62","2","0","2","65536","2097152","2097152","32","32","0","0","0","-","-","-","0","0","0","0","0","0","0","0","-","0","0","0","0","0","0","0","0","0","0","0","0","0","0","0","0","0","0","2","0","0","0","0","0","0","0","0","0","0","0","0","0","0","0","0","0","0","0","0","0"
"0x7f696b5b34a0","      FMUL2 R26, R0.F32, R26.F32x2.HI_LO","2","0","2","65536","2097152","2097152","32","32","0","0","0","-","-","-","0","0","0","0","0","0","0","0","-","0","0","0","0","0","0","0","0","0","0","0","0","0","0","0","0","0","0","2","0","0","0","0","0","0","0","0","0","0","0","0","0","0","0","0","0","0","0","0","0"
"0x7f696b5b34b0","      F2FP.BF16.F32.PACK_AB R10, R49, R48","4","0","4","65536","2097152","2097152","32","32","0","0","0","-","-","-","0","0","0","0","0","0","0","0","-","0","0","0","0","0","0","0","0","0","0","0","0","0","0","0","0","0","0","4","0","0","0","0","0","0","0","0","0","0","0","0","0","0","0","0","0","0","0","0","0"
"0x7f696b5b34c0","      FMUL2 R68, R0.F32, R40.F32x2.HI_LO","2","0","2","65536","2097152","2097152","32","32","0","0","0","-","-","-","0","0","0","0","0","0","0","0","-","0","0","0","0","0","0","0","0","0","0","0","0","0","0","0","0","0","0","2","0","0","0","0","0","0","0","0","0","0","0","0","0","0","0","0","0","0","0","0","0"
"0x7f696b5b34d0","      FMUL2 R24, R0.F32, R24.F32x2.HI_LO","2","2","2","65536","2097152","2097152","32","32","0","0","0","-","-","-","0","0","0","0","0","0","0","0","-","0","0","0","0","0","0","0","0","0","0","0","0","0","0","0","0","0","0","0","0","0","0","2","0","0","0","0","0","0","0","0","0","0","0","0","0","0","0","0","2"
"0x7f696b5b34e0","      F2FP.BF16.F32.PACK_AB R27, R27, R26","1","0","1","65536","2097152","2097152","32","32","0","0","0","-","-","-","0","0","0","0","0","0","0","0","-","0","0","0","0","0","0","0","0","0","0","0","0","0","0","0","0","0","0","1","0","0","0","0","0","0","0","0","0","0","0","0","0","0","0","0","0","0","0","0","0"
"0x7f696b5b34f0","      FMUL2 R20, R0.F32, R28.F32x2.HI_LO","2","0","2","65536","2097152","2097152","32","32","0","0","0","-","-","-","0","0","0","0","0","0","0","0","-","0","0","0","0","0","0","0","0","0","0","0","0","0","0","0","0","0","0","2","0","0","0","0","0","0","0","0","0","0","0","0","0","0","0","0","0","0","0","0","0"
"0x7f696b5b3500","      FMUL2 R70, R0.F32, R38.F32x2.HI_LO","3","2","3","65536","2097152","2097152","32","32","0","0","0","-","-","-","0","0","0","0","0","0","0","0","-","0","0","0","0","0","0","0","0","0","0","0","0","0","0","0","0","0","0","1","0","0","0","2","0","0","0","0","0","0","0","0","0","0","0","0","0","0","0","0","2"
"0x7f696b5b3510","      F2FP.BF16.F32.PACK_AB R26, R25, R24","2","0","2","65536","2097152","2097152","32","32","0","0","0","-","-","-","0","0","0","0","0","0","0","0","-","0","0","0","0","0","0","0","0","0","0","0","0","0","0","0","0","0","0","2","0","0","0","0","0","0","0","0","0","0","0","0","0","0","0","0","0","0","0","0","0"
"0x7f696b5b3520","      FMUL2 R40, R0.F32, R6.F32x2.HI_LO","2","0","2","65536","2097152","2097152","32","32","0","0","0","-","-","-","0","0","0","0","0","0","0","0","-","0","0","0","0","0","0","0","0","0","0","0","0","0","0","0","0","0","0","2","0","0","0","0","0","0","0","0","0","0","0","0","0","0","0","0","0","0","0","0","0"
"0x7f696b5b3530","      F2FP.BF16.F32.PACK_AB R7, R59, R58","1","0","1","65536","2097152","2097152","32","32","0","0","0","-","-","-","0","0","0","0","0","0","0","0","-","0","0","0","0","0","0","0","0","0","0","0","0","0","0","0","0","0","0","1","0","0","0","0","0","0","0","0","0","0","0","0","0","0","0","0","0","0","0","0","0"
"0x7f696b5b3540","      FMUL2 R22, R0.F32, R22.F32x2.HI_LO","2","0","2","65536","2097152","2097152","32","32","0","0","0","-","-","-","0","0","0","0","0","0","0","0","-","0","0","0","0","0","0","0","0","0","0","0","0","0","0","0","0","0","0","2","0","0","0","0","0","0","0","0","0","0","0","0","0","0","0","0","0","0","0","0","0"
"0x7f696b5b3550","      F2FP.BF16.F32.PACK_AB R6, R57, R56","1","0","1","65536","2097152","2097152","32","32","0","0","0","-","-","-","0","0","0","0","0","0","0","0","-","0","0","0","0","0","0","0","0","0","0","0","0","0","0","0","0","0","0","1","0","0","0","0","0","0","0","0","0","0","0","0","0","0","0","0","0","0","0","0","0"
"0x7f696b5b3560","      FMUL2 R28, R0.F32, R30.F32x2.HI_LO","2","0","2","65536","2097152","2097152","32","32","0","0","0","-","-","-","0","0","0","0","0","0","0","0","-","0","0","0","0","0","0","0","0","0","0","0","0","0","0","0","0","0","0","2","0","0","0","0","0","0","0","0","0","0","0","0","0","0","0","0","0","0","0","0","0"
"0x7f696b5b3570","      F2FP.BF16.F32.PACK_AB R39, R67, R66","2","0","2","65536","2097152","2097152","32","32","0","0","0","-","-","-","0","0","0","0","0","0","0","0","-","0","0","0","0","0","0","0","0","0","0","0","0","0","0","0","0","0","0","2","0","0","0","0","0","0","0","0","0","0","0","0","0","0","0","0","0","0","0","0","0"
"0x7f696b5b3580","      FMUL2 R16, R0.F32, R16.F32x2.HI_LO","2","0","2","65536","2097152","2097152","32","32","0","0","0","-","-","-","0","0","0","0","0","0","0","0","-","0","0","0","0","0","0","0","0","0","0","0","0","0","0","0","0","0","0","2","0","0","0","0","0","0","0","0","0","0","0","0","0","0","0","0","0","0","0","0","0"
"0x7f696b5b3590","      F2FP.BF16.F32.PACK_AB R38, R65, R64","2","0","2","65536","2097152","2097152","32","32","0","0","0","-","-","-","0","0","0","0","0","0","0","0","-","0","0","0","0","0","0","0","0","0","0","0","0","0","0","0","0","0","0","2","0","0","0","0","0","0","0","0","0","0","0","0","0","0","0","0","0","0","0","0","0"
"0x7f696b5b35a0","      FMUL2 R18, R0.F32, R18.F32x2.HI_LO","1","0","1","65536","2097152","2097152","32","32","0","0","0","-","-","-","0","0","0","0","0","0","0","0","-","0","0","0","0","0","0","0","0","0","0","0","0","0","0","0","0","0","0","1","0","0","0","0","0","0","0","0","0","0","0","0","0","0","0","0","0","0","0","0","0"
"0x7f696b5b35b0","      F2FP.BF16.F32.PACK_AB R29, R29, R28","1","0","1","65536","2097152","2097152","32","32","0","0","0","-","-","-","0","0","0","0","0","0","0","0","-","0","0","0","0","0","0","0","0","0","0","0","0","0","0","0","0","0","0","1","0","0","0","0","0","0","0","0","0","0","0","0","0","0","0","0","0","0","0","0","0"
"0x7f696b5b35c0","      FMUL2 R2, R0.F32, R4.F32x2.HI_LO","3","0","3","65536","2097152","2097152","32","32","0","0","0","-","-","-","0","0","0","0","0","0","0","0","-","0","0","0","0","0","0","0","0","0","0","0","0","0","0","0","0","0","0","3","0","0","0","0","0","0","0","0","0","0","0","0","0","0","0","0","0","0","0","0","0"
"0x7f696b5b35d0","      F2FP.BF16.F32.PACK_AB R5, R55, R54","1","0","1","65536","2097152","2097152","32","32","0","0","0","-","-","-","0","0","0","0","0","0","0","0","-","0","0","0","0","0","0","0","0","0","0","0","0","0","0","0","0","0","0","1","0","0","0","0","0","0","0","0","0","0","0","0","0","0","0","0","0","0","0","0","0"
"0x7f696b5b35e0","      FMUL2 R62, R0.F32, R8.F32x2.HI_LO","1","0","1","65536","2097152","2097152","32","32","0","0","0","-","-","-","0","0","0","0","0","0","0","0","-","0","0","0","0","0","0","0","0","0","0","0","0","0","0","0","0","0","0","1","0","0","0","0","0","0","0","0","0","0","0","0","0","0","0","0","0","0","0","0","0"
"0x7f696b5b35f0","      F2FP.BF16.F32.PACK_AB R4, R53, R52","0","0","0","65536","2097152","2097152","32","32","0","0","0","-","-","-","0","0","0","0","0","0","0","0","-","0","0","0","0","0","0","0","0","0","0","0","0","0","0","0","0","0","0","0","0","0","0","0","0","0","0","0","0","0","0","0","0","0","0","0","0","0","0","0","0"
"0x7f696b5b3600","      FMUL2 R58, R0.F32, R12.F32x2.HI_LO","2","0","2","65536","2097152","2097152","32","32","0","0","0","-","-","-","0","0","0","0","0","0","0","0","-","0","0","0","0","0","0","0","0","0","0","0","0","0","0","0","0","0","0","2","0","0","0","0","0","0","0","0","0","0","0","0","0","0","0","0","0","0","0","0","0"
"0x7f696b5b3610","      F2FP.BF16.F32.PACK_AB R9, R47, R46","2","0","2","65536","2097152","2097152","32","32","0","0","0","-","-","-","0","0","0","0","0","0","0","0","-","0","0","0","0","0","0","0","0","0","0","0","0","0","0","0","0","0","0","2","0","0","0","0","0","0","0","0","0","0","0","0","0","0","0","0","0","0","0","0","0"
"0x7f696b5b3620","      FMUL2 R56, R0.F32, R14.F32x2.HI_LO","0","0","0","65536","2097152","2097152","32","32","0","0","0","-","-","-","0","0","0","0","0","0","0","0","-","0","0","0","0","0","0","0","0","0","0","0","0","0","0","0","0","0","0","0","0","0","0","0","0","0","0","0","0","0","0","0","0","0","0","0","0","0","0","0","0"
"0x7f696b5b3630","      F2FP.BF16.F32.PACK_AB R8, R45, R44","2","0","2","65536","2097152","2097152","32","32","0","0","0","-","-","-","0","0","0","0","0","0","0","0","-","0","0","0","0","0","0","0","0","0","0","0","0","0","0","0","0","0","0","2","0","0","0","0","0","0","0","0","0","0","0","0","0","0","0","0","0","0","0","0","0"
"0x7f696b5b3640","      FMUL2 R32, R0.F32, R32.F32x2.HI_LO","0","0","0","65536","2097152","2097152","32","32","0","0","0","-","-","-","0","0","0","0","0","0","0","0","-","0","0","0","0","0","0","0","0","0","0","0","0","0","0","0","0","0","0","0","0","0","0","0","0","0","0","0","0","0","0","0","0","0","0","0","0","0","0","0","0"
"0x7f696b5b3650","      F2FP.BF16.F32.PACK_AB R15, R43, R42","3","0","3","65536","2097152","2097152","32","32","0","0","0","-","-","-","0","0","0","0","0","0","0","0","-","0","0","0","0","0","0","0","0","0","0","0","0","0","0","0","0","0","0","3","0","0","0","0","0","0","0","0","0","0","0","0","0","0","0","0","0","0","0","0","0"
"0x7f696b5b3660","      FMUL2 R34, R0.F32, R34.F32x2.HI_LO","2","0","2","65536","2097152","2097152","32","32","0","0","0","-","-","-","0","0","0","0","0","0","0","0","-","0","0","0","0","0","0","0","0","0","0","0","0","0","0","0","0","0","0","2","0","0","0","0","0","0","0","0","0","0","0","0","0","0","0","0","0","0","0","0","0"
"0x7f696b5b3670","      F2FP.BF16.F32.PACK_AB R14, R69, R68","0","0","0","65536","2097152","2097152","32","32","0","0","0","-","-","-","0","0","0","0","0","0","0","0","-","0","0","0","0","0","0","0","0","0","0","0","0","0","0","0","0","0","0","0","0","0","0","0","0","0","0","0","0","0","0","0","0","0","0","0","0","0","0","0","0"
"0x7f696b5b3680","      STG.E.NA.ENL2.256 desc[UR8][R88.64+0xa0], R4, R36","0","0","0","65536","2097152","2097152","32","32","0","0","0","Global","Store","-","0","0","0","0","0","0","0","0","","0","0","0","0","0","0","0","0","0","0","0","0","0","0","0","0","0","0","0","0","0","0","0","0","0","0","0","0","0","0","0","0","0","0","0","0","0","0","0","0"
"0x7f696b5b3690","      F2FP.BF16.F32.PACK_AB R13, R71, R70","1","0","1","65536","2097152","2097152","32","32","0","0","0","-","-","-","0","0","0","0","0","0","0","0","-","0","0","0","0","0","0","0","0","0","0","0","0","0","0","0","0","0","0","1","0","0","0","0","0","0","0","0","0","0","0","0","0","0","0","0","0","0","0","0","0"
"0x7f696b5b36a0","      F2FP.BF16.F32.PACK_AB R12, R73, R72","4","3","4","65536","2097152","2097152","32","32","0","0","0","-","-","-","0","0","0","0","0","0","0","0","-","0","0","0","0","0","0","0","0","0","0","0","0","3","0","0","0","0","0","1","0","0","0","0","0","0","0","0","0","0","3","0","0","0","0","0","0","0","0","0","0"
"0x7f696b5b36b0","      F2FP.BF16.F32.PACK_AB R25, R23, R22","3","2","3","65536","2097152","2097152","32","32","0","0","0","-","-","-","0","0","0","0","0","0","0","0","-","0","0","0","0","0","0","0","0","0","0","0","0","0","0","0","0","0","0","1","0","0","0","2","0","0","0","0","0","0","0","0","0","0","0","0","0","0","0","0","2"
"0x7f696b5b36c0","      F2FP.BF16.F32.PACK_AB R28, R21, R20","3","2","3","65536","2097152","2097152","32","32","0","0","0","-","-","-","0","0","0","0","0","0","0","0","-","0","0","0","0","0","0","0","0","0","0","0","0","0","0","0","0","0","0","1","0","0","0","2","0","0","0","0","0","0","0","0","0","0","0","0","0","0","0","0","2"
"0x7f696b5b36d0","      STG.E.NA.ENL2.256 desc[UR8][R88.64+0x80], R12, R8","4","0","4","65536","2097152","2097152","32","32","0","0","0","Global","Store","-","0","0","0","0","0","0","0","0","","0","0","0","0","0","0","0","0","0","0","0","0","0","0","0","0","0","0","4","0","0","0","0","0","0","0","0","0","0","0","0","0","0","0","0","0","0","0","0","0"
"0x7f696b5b36e0","      F2FP.BF16.F32.PACK_AB R23, R19, R18","1","0","1","65536","2097152","2097152","32","32","0","0","0","-","-","-","0","0","0","0","0","0","0","0","-","0","0","0","0","0","0","0","0","0","0","0","0","0","0","0","0","0","0","1","0","0","0","0","0","0","0","0","0","0","0","0","0","0","0","0","0","0","0","0","0"
"0x7f696b5b36f0","      NOP","3","0","3","65536","2097152","2097152","32","32","0","0","0","-","-","-","0","0","0","0","0","0","0","0","-","0","0","0","0","0","0","0","0","0","0","0","0","0","0","0","0","0","0","3","0","0","0","0","0","0","0","0","0","0","0","0","0","0","0","0","0","0","0","0","0"
"0x7f696b5b3700","      F2FP.BF16.F32.PACK_AB R22, R17, R16","2","0","2","65536","2097152","2097152","32","32","0","0","0","-","-","-","0","0","0","0","0","0","0","0","-","0","0","0","0","0","0","0","0","0","0","0","0","0","0","0","0","0","0","2","0","0","0","0","0","0","0","0","0","0","0","0","0","0","0","0","0","0","0","0","0"
"0x7f696b5b3710","      F2FP.BF16.F32.PACK_AB R31, R35, R34","15","1","15","65536","2097152","2097152","32","32","0","0","0","-","-","-","0","0","0","0","0","0","0","0","-","0","0","0","0","0","0","0","0","0","0","0","0","0","0","0","0","0","13","0","0","0","0","2","0","0","0","0","0","0","0","0","0","0","0","0","0","0","0","0","1"
"0x7f696b5b3720","      F2FP.BF16.F32.PACK_AB R30, R33, R32","2","1","2","65536","2097152","2097152","32","32","0","0","0","-","-","-","0","0","0","0","0","0","0","0","-","0","0","0","0","0","0","0","0","0","0","0","0","0","0","0","0","0","0","1","0","0","0","1","0","0","0","0","0","0","0","0","0","0","0","0","0","0","0","0","1"
"0x7f696b5b3730","      F2FP.BF16.F32.PACK_AB R21, R57, R56","3","0","3","65536","2097152","2097152","32","32","0","0","0","-","-","-","0","0","0","0","0","0","0","0","-","0","0","0","0","0","0","0","0","0","0","0","0","0","0","0","0","0","0","3","0","0","0","0","0","0","0","0","0","0","0","0","0","0","0","0","0","0","0","0","0"
"0x7f696b5b3740","      F2FP.BF16.F32.PACK_AB R20, R59, R58","3","2","3","65536","2097152","2097152","32","32","0","0","0","-","-","-","0","0","0","0","0","0","0","0","-","0","0","0","0","0","0","0","0","0","0","0","0","0","0","0","0","0","0","1","0","0","0","2","0","0","0","0","0","0","0","0","0","0","0","0","0","0","0","0","2"
"0x7f696b5b3750","      F2FP.BF16.F32.PACK_AB R19, R61, R60","3","0","3","65536","2097152","2097152","32","32","0","0","0","-","-","-","0","0","0","0","0","0","0","0","-","0","0","0","0","0","0","0","0","0","0","0","0","0","0","0","0","0","0","3","0","0","0","0","0","0","0","0","0","0","0","0","0","0","0","0","0","0","0","0","0"
"0x7f696b5b3760","      F2FP.BF16.F32.PACK_AB R18, R63, R62","4","2","4","65536","2097152","2097152","32","32","0","0","0","-","-","-","0","0","0","0","0","0","0","0","-","0","0","0","0","0","0","0","0","0","0","0","0","0","0","0","0","0","0","2","0","0","0","2","0","0","0","0","0","0","0","0","0","0","0","0","0","0","0","0","2"
"0x7f696b5b3770","      F2FP.BF16.F32.PACK_AB R17, R41, R40","1","0","1","65536","2097152","2097152","32","32","0","0","0","-","-","-","0","0","0","0","0","0","0","0","-","0","0","0","0","0","0","0","0","0","0","0","0","0","0","0","0","0","0","1","0","0","0","0","0","0","0","0","0","0","0","0","0","0","0","0","0","0","0","0","0"
"0x7f696b5b3780","      F2FP.BF16.F32.PACK_AB R16, R3, R2","2","2","2","65536","2097152","2097152","32","32","0","0","0","-","-","-","0","0","0","0","0","0","0","0","-","0","0","0","0","0","0","0","0","0","0","0","0","0","0","0","0","0","0","0","0","0","0","2","0","0","0","0","0","0","0","0","0","0","0","0","0","0","0","0","2"
"0x7f696b5b3790","      F2FP.BF16.F32.PACK_AB R24, R51, R50","3","1","3","65536","2097152","2097152","32","32","0","0","0","-","-","-","0","0","0","0","0","0","0","0","-","0","0","0","0","0","0","0","0","0","0","0","0","0","0","0","0","0","0","1","0","0","0","2","0","0","0","0","0","0","0","0","0","0","0","0","0","0","0","0","1"
"0x7f696b5b37a0","      STG.E.NA.ENL2.256 desc[UR8][R88.64+0xc0], R16, R20","5","2","5","65536","2097152","2097152","32","32","0","0","0","Global","Store","-","0","0","0","0","0","0","0","0","","0","0","0","0","0","0","0","0","0","0","0","0","0","0","0","0","0","0","3","0","0","0","2","0","0","0","0","0","0","0","0","0","0","0","0","0","0","0","0","2"
"0x7f696b5b37b0","      STG.E.NA.ENL2.256 desc[UR8][R88.64+0xe0], R24, R28","4","4","4","65536","2097152","2097152","32","32","0","0","0","Global","Store","-","0","0","0","0","0","0","0","0","","0","0","0","0","0","0","0","0","0","0","0","0","0","0","0","0","0","0","0","0","0","0","4","0","0","0","0","0","0","0","0","0","0","0","0","0","0","0","0","4"
"0x7f696b5b37c0","      NOP","4","0","4","65536","2097152","2097152","32","32","0","0","0","-","-","-","0","0","0","0","0","0","0","0","-","0","0","0","0","0","0","0","0","0","0","0","0","0","0","0","0","0","0","4","0","0","0","0","0","0","0","0","0","0","0","0","0","0","0","0","0","0","0","0","0"
"0x7f696b5b37d0","      BAR.SYNC.DEFER_BLOCKING 0x1, 0x100","0","0","0","65536","2097152","2097152","32","32","0","0","0","-","-","-","0","0","0","0","0","0","0","0","-","0","0","0","0","0","0","0","0","0","0","0","0","0","0","0","0","0","0","0","0","0","0","0","0","0","0","0","0","0","0","0","0","0","0","0","0","0","0","0","0"
"0x7f696b5b37e0","      NOP","486","409","486","65536","2097152","2097152","32","32","0","0","0","-","-","-","0","0","0","0","0","0","0","0","-","0","0","0","0","0","0","476","0","1","0","0","0","0","0","0","0","0","2","2","0","0","0","5","404","0","0","0","0","0","0","0","0","0","0","0","0","0","0","0","5"
"0x7f696b5b37f0","      LDG.E R115, desc[UR8][R114.64]","26","25","26","65536","2097152","2097152","32","32","0","0","0","Global","Load","32","65536","0","0","0","0","0","65536","65536","","0","0","0","0","0","0","0","0","0","0","0","0","0","0","25","0","0","0","1","0","0","0","0","0","0","0","0","0","0","0","0","25","0","0","0","0","0","0","0","0"
"0x7f696b5b3800","      UISETP.GE.AND UP0, UPT, UR12, 0x1f6c, UPT","1","0","1","65536","2097152","2097152","32","32","0","0","0","-","-","-","0","0","0","0","0","0","0","0","-","0","0","0","0","0","0","0","0","0","0","0","0","0","0","0","0","0","0","1","0","0","0","0","0","0","0","0","0","0","0","0","0","0","0","0","0","0","0","0","0"
"0x7f696b5b3810","      LOP3.LUT R105, R105, 0x1, RZ, 0x3c, !PT","0","0","0","65536","2097152","2097152","32","32","0","0","0","-","-","-","0","0","0","0","0","0","0","0","-","0","0","0","0","0","0","0","0","0","0","0","0","0","0","0","0","0","0","0","0","0","0","0","0","0","0","0","0","0","0","0","0","0","0","0","0","0","0","0","0"
"0x7f696b5b3820","      UMOV UR12, UR13","4","0","4","65536","2097152","2097152","32","32","0","0","0","-","-","-","0","0","0","0","0","0","0","0","-","0","0","0","0","0","0","0","0","0","0","0","0","0","0","0","0","0","1","2","0","0","0","1","0","0","0","0","0","0","0","0","0","0","0","0","0","0","0","0","0"
"0x7f696b5b3830","      SHF.R.S32.HI R0, RZ, 0x1f, R115","1575","1484","1575","65536","2097152","2097152","32","32","0","0","0","-","-","-","0","0","0","0","0","0","0","0","-","0","0","0","0","0","0","0","0","0","0","0","1569","1","0","0","0","0","4","1","0","0","0","0","0","0","0","0","0","1483","1","0","0","0","0","0","0","0","0","0","0"
"0x7f696b5b3840","      LEA.HI R3, R0, R115, RZ, 0x7","6","2","6","65536","2097152","2097152","32","32","0","0","0","-","-","-","0","0","0","0","0","0","0","0","-","0","0","0","0","0","0","0","0","0","0","0","0","0","0","0","0","0","4","0","0","0","0","2","0","0","0","0","0","0","0","0","0","0","0","0","0","0","0","0","2"
"0x7f696b5b3850","      LOP3.LUT R0, R3, 0xffffff80, RZ, 0xc0, !PT","8","3","8","65536","2097152","2097152","32","32","0","0","0","-","-","-","0","0","0","0","0","0","0","0","-","0","0","0","0","0","0","0","0","0","0","0","0","0","0","0","0","0","4","0","0","0","0","4","0","0","0","0","0","0","0","0","0","0","0","0","0","0","0","0","3"
"0x7f696b5b3860","      LEA.HI.SX32 R3, R3, R104, 0x19","3","1","3","65536","2097152","2097152","32","32","0","0","0","-","-","-","0","0","0","0","0","0","0","0","-","0","0","0","0","0","0","0","0","0","0","0","0","0","0","0","0","0","0","2","0","0","0","1","0","0","0","0","0","0","0","0","0","0","0","0","0","0","0","0","1"
"0x7f696b5b3870","      ISETP.NE.U32.AND P0, PT, R115, R0, PT","5","2","5","65536","2097152","2097152","32","32","0","0","0","-","-","-","0","0","0","0","0","0","0","0","-","0","0","0","0","0","0","0","0","0","0","0","0","0","0","0","0","0","0","1","0","0","0","4","0","0","0","0","0","0","0","0","0","0","0","0","0","0","0","0","2"
"0x7f696b5b3880","      VIADD R104, R3, 0x1","4","0","4","65536","2097152","2097152","32","32","0","0","0","-","-","-","0","0","0","0","0","0","0","0","-","0","0","0","0","0","0","0","0","0","0","0","0","0","0","0","0","0","0","1","0","0","0","3","0","0","0","0","0","0","0","0","0","0","0","0","0","0","0","0","0"
"0x7f696b5b3890","      ISETP.GT.AND P0, PT, R115, -0x1, P0","1","0","1","65536","2097152","2097152","32","32","0","0","0","-","-","-","0","0","0","0","0","0","0","0","-","0","0","0","0","0","0","0","0","0","0","0","0","0","0","0","0","0","0","1","0","0","0","0","0","0","0","0","0","0","0","0","0","0","0","0","0","0","0","0","0"
"0x7f696b5b38a0","@!P0  IMAD.MOV R104, RZ, RZ, R3","22","11","22","65536","2097152","2097152","32","32","0","0","0","-","-","-","0","0","0","0","0","0","0","0","-","0","0","0","0","0","0","0","0","0","0","0","0","0","0","0","0","0","0","2","0","0","0","20","0","0","0","0","0","0","0","0","0","0","0","0","0","0","0","0","11"
"0x7f696b5b38b0","      BRA.U !UP0, 0x7f696b5b0b80","1","0","1","65536","2097152","2097152","32","32","0","0","0","-","-","-","0","0","0","0","0","0","0","0","-","0","0","0","0","0","0","0","0","0","0","0","0","0","0","0","0","0","0","1","0","0","0","0","0","0","0","0","0","0","0","0","0","0","0","0","0","0","0","0","0"
"0x7f696b5b38c0","      ISETP.NE.U32.AND P0, PT, RZ, UR55, PT","11","6","11","1184","37888","37888","32","32","0","0","0","-","-","-","0","0","0","0","0","0","0","0","-","0","0","0","0","0","0","0","0","0","0","0","0","0","0","0","0","0","0","5","0","0","0","6","0","0","0","0","0","0","0","0","0","0","0","0","0","0","0","0","6"
"0x7f696b5b38d0","@P0   EXIT","1","0","1","1184","37888","33152","32","28","4","4","0","-","-","-","0","0","0","0","0","0","0","0","-","0","0","0","0","0","0","0","0","0","0","0","0","0","0","0","0","0","0","0","0","0","0","1","0","0","0","0","0","0","0","0","0","0","0","0","0","0","0","0","0"
"0x7f696b5b38e0","      S2UR UR6, SR_CgaCtaId","1","0","1","148","4736","4736","32","32","4","0","0","-","-","-","0","0","0","0","0","0","0","0","-","0","0","0","0","0","0","0","0","0","0","0","0","0","0","0","0","0","0","1","0","0","0","0","0","0","0","0","0","0","0","0","0","0","0","0","0","0","0","0","0"
"0x7f696b5b38f0","      LDS R3, [UR4+0x31940]","0","0","0","148","4736","4736","32","32","0","0","0","Shared","Load","32","0","1","0","148","148","0","0","0","-","0","0","0","0","0","0","0","0","0","0","0","0","0","0","0","0","0","0","0","0","0","0","0","0","0","0","0","0","0","0","0","0","0","0","0","0","0","0","0","0"
"0x7f696b5b3900","      UMOV UR5, 0x40","0","0","0","148","4736","4736","32","32","0","0","0","-","-","-","0","0","0","0","0","0","0","0","-","0","0","0","0","0","0","0","0","0","0","0","0","0","0","0","0","0","0","0","0","0","0","0","0","0","0","0","0","0","0","0","0","0","0","0","0","0","0","0","0"
"0x7f696b5b3910","      IMAD.MOV.U32 R2, RZ, RZ, 0xffff","0","0","0","148","4736","4736","32","32","0","0","0","-","-","-","0","0","0","0","0","0","0","0","-","0","0","0","0","0","0","0","0","0","0","0","0","0","0","0","0","0","0","0","0","0","0","0","0","0","0","0","0","0","0","0","0","0","0","0","0","0","0","0","0"
"0x7f696b5b3920","      IMAD.MOV.U32 R0, RZ, RZ, 0x1","0","0","0","148","4736","4736","32","32","0","0","0","-","-","-","0","0","0","0","0","0","0","0","-","0","0","0","0","0","0","0","0","0","0","0","0","0","0","0","0","0","0","0","0","0","0","0","0","0","0","0","0","0","0","0","0","0","0","0","0","0","0","0","0"
"0x7f696b5b3930","      ULEA UR5, UR6, UR5, 0x18","0","0","0","148","4736","4736","32","32","0","0","0","-","-","-","0","0","0","0","0","0","0","0","-","0","0","0","0","0","0","0","0","0","0","0","0","0","0","0","0","0","0","0","0","0","0","0","0","0","0","0","0","0","0","0","0","0","0","0","0","0","0","0","0"
"0x7f696b5b3940","      NOP","0","0","0","148","4736","4736","32","32","0","0","0","-","-","-","0","0","0","0","0","0","0","0","-","0","0","0","0","0","0","0","0","0","0","0","0","0","0","0","0","0","0","0","0","0","0","0","0","0","0","0","0","0","0","0","0","0","0","0","0","0","0","0","0"
"0x7f696b5b3950","      LDS R5, [UR5+0x14]","0","0","0","148","4736","4736","32","32","0","0","0","Shared","Load","32","0","1","0","148","148","0","0","0","-","0","0","0","0","0","0","0","0","0","0","0","0","0","0","0","0","0","0","0","0","0","0","0","0","0","0","0","0","0","0","0","0","0","0","0","0","0","0","0","0"
"0x7f696b5b3960","      LOP3.LUT R3, R3, 0xffff, RZ, 0xc0, !PT","0","0","0","148","4736","4736","32","32","0","0","0","-","-","-","0","0","0","0","0","0","0","0","-","0","0","0","0","0","0","0","0","0","0","0","0","0","0","0","0","0","0","0","0","0","0","0","0","0","0","0","0","0","0","0","0","0","0","0","0","0","0","0","0"
"0x7f696b5b3970","      SHF.R.U32.HI R3, RZ, 0x5, R3","0","0","0","148","4736","4736","32","32","0","0","0","-","-","-","0","0","0","0","0","0","0","0","-","0","0","0","0","0","0","0","0","0","0","0","0","0","0","0","0","0","0","0","0","0","0","0","0","0","0","0","0","0","0","0","0","0","0","0","0","0","0","0","0"
"0x7f696b5b3980","      SHF.L.U32 R2, R2, R3, RZ","0","0","0","148","4736","4736","32","32","0","0","0","-","-","-","0","0","0","0","0","0","0","0","-","0","0","0","0","0","0","0","0","0","0","0","0","0","0","0","0","0","0","0","0","0","0","0","0","0","0","0","0","0","0","0","0","0","0","0","0","0","0","0","0"
"0x7f696b5b3990","      SHF.L.U32 R0, R0, R3, RZ","0","0","0","148","4736","4736","32","32","0","0","0","-","-","-","0","0","0","0","0","0","0","0","-","0","0","0","0","0","0","0","0","0","0","0","0","0","0","0","0","0","0","0","0","0","0","0","0","0","0","0","0","0","0","0","0","0","0","0","0","0","0","0","0"
"0x7f696b5b39a0","      LOP3.LUT R5, R5, R2, RZ, 0xc0, !PT","0","0","0","148","4736","4736","32","32","0","0","0","-","-","-","0","0","0","0","0","0","0","0","-","0","0","0","0","0","0","0","0","0","0","0","0","0","0","0","0","0","0","0","0","0","0","0","0","0","0","0","0","0","0","0","0","0","0","0","0","0","0","0","0"
"0x7f696b5b39b0","      ISETP.NE.AND P0, PT, R5, R2, PT","0","0","0","148","4736","4736","32","32","0","0","0","-","-","-","0","0","0","0","0","0","0","0","-","0","0","0","0","0","0","0","0","0","0","0","0","0","0","0","0","0","0","0","0","0","0","0","0","0","0","0","0","0","0","0","0","0","0","0","0","0","0","0","0"
"0x7f696b5b39c0","@P0   BRA 0x7f696b5b3b40","0","0","0","148","4736","0","32","0","32","32","0","-","-","-","0","0","0","0","0","0","0","0","-","0","0","0","0","0","0","0","0","0","0","0","0","0","0","0","0","0","0","0","0","0","0","0","0","0","0","0","0","0","0","0","0","0","0","0","0","0","0","0","0"
"0x7f696b5b39d0","      LDS R3, [UR5+0x18]","0","0","0","148","4736","4736","32","32","32","0","0","Shared","Load","32","0","1","0","148","148","0","0","0","-","0","0","0","0","0","0","0","0","0","0","0","0","0","0","0","0","0","0","0","0","0","0","0","0","0","0","0","0","0","0","0","0","0","0","0","0","0","0","0","0"
"0x7f696b5b39e0","      LOP3.LUT R3, R3, R0, RZ, 0xc0, !PT","0","0","0","148","4736","4736","32","32","0","0","0","-","-","-","0","0","0","0","0","0","0","0","-","0","0","0","0","0","0","0","0","0","0","0","0","0","0","0","0","0","0","0","0","0","0","0","0","0","0","0","0","0","0","0","0","0","0","0","0","0","0","0","0"
"0x7f696b5b39f0","      ISETP.NE.AND P0, PT, R3, R0, PT","0","0","0","148","4736","4736","32","32","0","0","0","-","-","-","0","0","0","0","0","0","0","0","-","0","0","0","0","0","0","0","0","0","0","0","0","0","0","0","0","0","0","0","0","0","0","0","0","0","0","0","0","0","0","0","0","0","0","0","0","0","0","0","0"
"0x7f696b5b3a00","@P0   BRA 0x7f696b5b3b10","0","0","0","148","4736","0","32","0","32","32","0","-","-","-","0","0","0","0","0","0","0","0","-","0","0","0","0","0","0","0","0","0","0","0","0","0","0","0","0","0","0","0","0","0","0","0","0","0","0","0","0","0","0","0","0","0","0","0","0","0","0","0","0"
"0x7f696b5b3a10","      R2UR UR4, R2","0","0","0","148","4736","4736","32","32","32","0","0","-","-","-","0","0","0","0","0","0","0","0","-","0","0","0","0","0","0","0","0","0","0","0","0","0","0","0","0","0","0","0","0","0","0","0","0","0","0","0","0","0","0","0","0","0","0","0","0","0","0","0","0"
"0x7f696b5b3a20","      S2R R3, SR_LANEID","0","0","0","148","4736","4736","32","32","0","0","0","-","-","-","0","0","0","0","0","0","0","0","-","0","0","0","0","0","0","0","0","0","0","0","0","0","0","0","0","0","0","0","0","0","0","0","0","0","0","0","0","0","0","0","0","0","0","0","0","0","0","0","0"
"0x7f696b5b3a30","      LOP3.LUT R4, RZ, R0, RZ, 0x33, !PT","0","0","0","148","4736","4736","32","32","0","0","0","-","-","-","0","0","0","0","0","0","0","0","-","0","0","0","0","0","0","0","0","0","0","0","0","0","0","0","0","0","0","0","0","0","0","0","0","0","0","0","0","0","0","0","0","0","0","0","0","0","0","0","0"
"0x7f696b5b3a40","      REDUX UR7, R4","0","0","0","148","4736","4736","32","32","0","0","0","-","-","-","0","0","0","0","0","0","0","0","-","0","0","0","0","0","0","0","0","0","0","0","0","0","0","0","0","0","0","0","0","0","0","0","0","0","0","0","0","0","0","0","0","0","0","0","0","0","0","0","0"
"0x7f696b5b3a50","      ULOP3.LUT UR6, URZ, UR4, URZ, 0x33, !UPT","0","0","0","148","4736","4736","32","32","0","0","0","-","-","-","0","0","0","0","0","0","0","0","-","0","0","0","0","0","0","0","0","0","0","0","0","0","0","0","0","0","0","0","0","0","0","0","0","0","0","0","0","0","0","0","0","0","0","0","0","0","0","0","0"
"0x7f696b5b3a60","      VOTEU.ANY UR4, UPT, PT","0","0","0","148","4736","4736","32","32","0","0","0","-","-","-","0","0","0","0","0","0","0","0","-","0","0","0","0","0","0","0","0","0","0","0","0","0","0","0","0","0","0","0","0","0","0","0","0","0","0","0","0","0","0","0","0","0","0","0","0","0","0","0","0"
"0x7f696b5b3a70","      UFLO.U32 UR4, UR4","0","0","0","148","4736","4736","32","32","0","0","0","-","-","-","0","0","0","0","0","0","0","0","-","0","0","0","0","0","0","0","0","0","0","0","0","0","0","0","0","0","0","0","0","0","0","0","0","0","0","0","0","0","0","0","0","0","0","0","0","0","0","0","0"
"0x7f696b5b3a80","      IMAD.U32 R2, RZ, RZ, UR6","0","0","0","148","4736","4736","32","32","0","0","0","-","-","-","0","0","0","0","0","0","0","0","-","0","0","0","0","0","0","0","0","0","0","0","0","0","0","0","0","0","0","0","0","0","0","0","0","0","0","0","0","0","0","0","0","0","0","0","0","0","0","0","0"
"0x7f696b5b3a90","      REDUX UR8, R2","0","0","0","148","4736","4736","32","32","0","0","0","-","-","-","0","0","0","0","0","0","0","0","-","0","0","0","0","0","0","0","0","0","0","0","0","0","0","0","0","0","0","0","0","0","0","0","0","0","0","0","0","0","0","0","0","0","0","0","0","0","0","0","0"
"0x7f696b5b3aa0","      UTCATOMSWS.AND URZ, UR6","0","0","0","148","4736","4736","32","32","0","0","0","-","-","-","0","0","0","0","0","0","0","0","-","0","0","0","0","0","0","0","0","0","0","0","0","0","0","0","0","0","0","0","0","0","0","0","0","0","0","0","0","0","0","0","0","0","0","0","0","0","0","0","0"
"0x7f696b5b3ab0","      IMAD.U32 R0, RZ, RZ, UR7","0","0","0","148","4736","4736","32","32","0","0","0","-","-","-","0","0","0","0","0","0","0","0","-","0","0","0","0","0","0","0","0","0","0","0","0","0","0","0","0","0","0","0","0","0","0","0","0","0","0","0","0","0","0","0","0","0","0","0","0","0","0","0","0"
"0x7f696b5b3ac0","      ISETP.EQ.U32.AND P0, PT, R3, UR4, PT","0","0","0","148","4736","4736","32","32","0","0","0","-","-","-","0","0","0","0","0","0","0","0","-","0","0","0","0","0","0","0","0","0","0","0","0","0","0","0","0","0","0","0","0","0","0","0","0","0","0","0","0","0","0","0","0","0","0","0","0","0","0","0","0"
"0x7f696b5b3ad0","      IMAD.U32 R3, RZ, RZ, UR8","0","0","0","148","4736","4736","32","32","0","0","0","-","-","-","0","0","0","0","0","0","0","0","-","0","0","0","0","0","0","0","0","0","0","0","0","0","0","0","0","0","0","0","0","0","0","0","0","0","0","0","0","0","0","0","0","0","0","0","0","0","0","0","0"
"0x7f696b5b3ae0","@P0   ATOMS.AND RZ, [UR5+0x14], R3","0","0","0","148","4736","148","32","1","31","31","0","Shared","Atomic","32","0","1","0","148","148","0","0","0","-","0","0","0","0","0","0","0","0","0","0","0","0","0","0","0","0","0","0","0","0","0","0","0","0","0","0","0","0","0","0","0","0","0","0","0","0","0","0","0","0"
"0x7f696b5b3af0","@P0   ATOMS.AND RZ, [UR5+0x18], R0","0","0","0","148","4736","148","32","1","0","31","0","Shared","Atomic","32","0","1","0","148","148","0","0","0","-","0","0","0","0","0","0","0","0","0","0","0","0","0","0","0","0","0","0","0","0","0","0","0","0","0","0","0","0","0","0","0","0","0","0","0","0","0","0","0","0"
"0x7f696b5b3b00","      BRA 0x7f696b5b3b60","0","0","0","148","4736","4736","32","32","31","0","0","-","-","-","0","0","0","0","0","0","0","0","-","0","0","0","0","0","0","0","0","0","0","0","0","0","0","0","0","0","0","0","0","0","0","0","0","0","0","0","0","0","0","0","0","0","0","0","0","0","0","0","0"
"0x7f696b5b3b10","      MOV R2, 0x61b0","0","0","0","0","0","0","0","0","32","32","0","-","-","-","0","0","0","0","0","0","0","0","-","0","0","0","0","0","0","0","0","0","0","0","0","0","0","0","0","0","0","0","0","0","0","0","0","0","0","0","0","0","0","0","0","0","0","0","0","0","0","0","0"
"0x7f696b5b3b20","      CALL.REL.NOINC 0x7f696b5b3e70","0","0","0","0","0","0","0","0","0","32","0","-","-","-","0","0","0","0","0","0","0","0","-","0","0","0","0","0","0","0","0","0","0","0","0","0","0","0","0","0","0","0","0","0","0","0","0","0","0","0","0","0","0","0","0","0","0","0","0","0","0","0","0"
"0x7f696b5b3b30","      BRA 0x7f696b5b3b60","0","0","0","0","0","0","0","0","0","32","0","-","-","-","0","0","0","0","0","0","0","0","-","0","0","0","0","0","0","0","0","0","0","0","0","0","0","0","0","0","0","0","0","0","0","0","0","0","0","0","0","0","0","0","0","0","0","0","0","0","0","0","0"
"0x7f696b5b3b40","      MOV R2, 0x61e0","0","0","0","0","0","0","0","0","0","32","0","-","-","-","0","0","0","0","0","0","0","0","-","0","0","0","0","0","0","0","0","0","0","0","0","0","0","0","0","0","0","0","0","0","0","0","0","0","0","0","0","0","0","0","0","0","0","0","0","0","0","0","0"
"0x7f696b5b3b50","      CALL.REL.NOINC 0x7f696b5b3ea0","0","0","0","0","0","0","0","0","0","32","0","-","-","-","0","0","0","0","0","0","0","0","-","0","0","0","0","0","0","0","0","0","0","0","0","0","0","0","0","0","0","0","0","0","0","0","0","0","0","0","0","0","0","0","0","0","0","0","0","0","0","0","0"
"0x7f696b5b3b60","      NOP","0","0","0","148","4736","4736","32","32","32","0","0","-","-","-","0","0","0","0","0","0","0","0","-","0","0","0","0","0","0","0","0","0","0","0","0","0","0","0","0","0","0","0","0","0","0","0","0","0","0","0","0","0","0","0","0","0","0","0","0","0","0","0","0"
"0x7f696b5b3b70","      EXIT","0","0","0","148","4736","4736","32","32","0","0","0","-","-","-","0","0","0","0","0","0","0","0","-","0","0","0","0","0","0","0","0","0","0","0","0","0","0","0","0","0","0","0","0","0","0","0","0","0","0","0","0","0","0","0","0","0","0","0","0","0","0","0","0"
"0x7f696b5b3b80","      MOV R4, UR7","1","1","1","284594","9107008","9107008","32","32","0","0","0","-","-","-","0","0","0","0","0","0","0","0","-","0","0","0","0","0","0","0","1","0","0","0","0","0","0","0","0","0","0","0","0","0","0","0","0","1","0","0","0","0","0","0","0","0","0","0","0","0","0","0","0"
"0x7f696b5b3b90","      SYNCS.PHASECHK.TRANS64.TRYWAIT P2, [R4+URZ+0x31958], R7","0","0","0","1416747","45335904","45335904","32","32","0","0","0","-","-","-","0","0","0","0","0","0","0","0","-","0","0","0","0","0","0","0","0","0","0","0","0","0","0","0","0","0","0","0","0","0","0","0","0","0","0","0","0","0","0","0","0","0","0","0","0","0","0","0","0"
"0x7f696b5b3ba0","@!P2  NANOSLEEP.SYNCS 0x989680","0","0","0","1416747","45335904","37434272","32","26","6","6","0","-","-","-","0","0","0","0","0","0","0","0","-","0","0","0","0","0","0","0","0","0","0","0","0","0","0","0","0","0","0","0","0","0","0","0","0","0","0","0","0","0","0","0","0","0","0","0","0","0","0","0","0"
"0x7f696b5b3bb0","@!P2  SYNCS.PHASECHK.TRANS64 P2, [R4+URZ+0x31958], R7","0","0","0","1416747","45335904","37434272","32","26","0","6","0","-","-","-","0","0","0","0","0","0","0","0","-","0","0","0","0","0","0","0","0","0","0","0","0","0","0","0","0","0","0","0","0","0","0","0","0","0","0","0","0","0","0","0","0","0","0","0","0","0","0","0","0"
"0x7f696b5b3bc0","@!P2  BRA 0x7f696b5b3b90","0","0","0","1416747","45335904","36228896","32","25","1","7","0","-","-","-","0","0","0","0","0","0","0","0","-","0","0","0","0","0","0","0","0","0","0","0","0","0","0","0","0","0","0","0","0","0","0","0","0","0","0","0","0","0","0","0","0","0","0","0","0","0","0","0","0"
"0x7f696b5b3bd0","      BRA 0x7f696b5ae220","0","0","0","284594","9107008","9107008","32","32","7","0","0","-","-","-","0","0","0","0","0","0","0","0","-","0","0","0","0","0","0","0","0","0","0","0","0","0","0","0","0","0","0","0","0","0","0","0","0","0","0","0","0","0","0","0","0","0","0","0","0","0","0","0","0"
"0x7f696b5b3be0","      MOV R2, UR4","0","0","0","8045","257440","257440","32","32","0","0","0","-","-","-","0","0","0","0","0","0","0","0","-","0","0","0","0","0","0","0","0","0","0","0","0","0","0","0","0","0","0","0","0","0","0","0","0","0","0","0","0","0","0","0","0","0","0","0","0","0","0","0","0"
"0x7f696b5b3bf0","      SYNCS.PHASECHK.TRANS64.TRYWAIT P0, [R2+URZ+0x31938], R3","0","0","0","10548","337536","337536","32","32","0","0","0","-","-","-","0","0","0","0","0","0","0","0","-","0","0","0","0","0","0","0","0","0","0","0","0","0","0","0","0","0","0","0","0","0","0","0","0","0","0","0","0","0","0","0","0","0","0","0","0","0","0","0","0"
"0x7f696b5b3c00","@!P0  NANOSLEEP.SYNCS 0x989680","0","0","0","10548","337536","147616","32","13","19","19","0","-","-","-","0","0","0","0","0","0","0","0","-","0","0","0","0","0","0","0","0","0","0","0","0","0","0","0","0","0","0","0","0","0","0","0","0","0","0","0","0","0","0","0","0","0","0","0","0","0","0","0","0"
"0x7f696b5b3c10","@!P0  SYNCS.PHASECHK.TRANS64 P0, [R2+URZ+0x31938], R3","0","0","0","10548","337536","147616","32","13","0","19","0","-","-","-","0","0","0","0","0","0","0","0","-","0","0","0","0","0","0","0","0","0","0","0","0","0","0","0","0","0","0","0","0","0","0","0","0","0","0","0","0","0","0","0","0","0","0","0","0","0","0","0","0"
"0x7f696b5b3c20","@!P0  BRA 0x7f696b5b3bf0","0","0","0","10548","337536","80096","32","7","6","25","0","-","-","-","0","0","0","0","0","0","0","0","-","0","0","0","0","0","0","0","0","0","0","0","0","0","0","0","0","0","0","0","0","0","0","0","0","0","0","0","0","0","0","0","0","0","0","0","0","0","0","0","0"
"0x7f696b5b3c30","      BRA 0x7f696b5afca0","0","0","0","8045","257440","257440","32","32","25","0","0","-","-","-","0","0","0","0","0","0","0","0","-","0","0","0","0","0","0","0","0","0","0","0","0","0","0","0","0","0","0","0","0","0","0","0","0","0","0","0","0","0","0","0","0","0","0","0","0","0","0","0","0"
"0x7f696b5b3c40","      MOV R0, UR6","0","0","0","7769","248608","248608","32","32","0","0","0","-","-","-","0","0","0","0","0","0","0","0","-","0","0","0","0","0","0","0","0","0","0","0","0","0","0","0","0","0","0","0","0","0","0","0","0","0","0","0","0","0","0","0","0","0","0","0","0","0","0","0","0"
"0x7f696b5b3c50","      SYNCS.PHASECHK.TRANS64.TRYWAIT P0, [R0+URZ+0x31948], R7","0","0","0","15837","506784","506784","32","32","0","0","0","-","-","-","0","0","0","0","0","0","0","0","-","0","0","0","0","0","0","0","0","0","0","0","0","0","0","0","0","0","0","0","0","0","0","0","0","0","0","0","0","0","0","0","0","0","0","0","0","0","0","0","0"
"0x7f696b5b3c60","@!P0  NANOSLEEP.SYNCS 0x989680","0","0","0","15837","506784","285856","32","18","14","14","0","-","-","-","0","0","0","0","0","0","0","0","-","0","0","0","0","0","0","0","0","0","0","0","0","0","0","0","0","0","0","0","0","0","0","0","0","0","0","0","0","0","0","0","0","0","0","0","0","0","0","0","0"
"0x7f696b5b3c70","@!P0  SYNCS.PHASECHK.TRANS64 P0, [R0+URZ+0x31948], R7","0","0","0","15837","506784","285856","32","18","0","14","0","-","-","-","0","0","0","0","0","0","0","0","-","0","0","0","0","0","0","0","0","0","0","0","0","0","0","0","0","0","0","0","0","0","0","0","0","0","0","0","0","0","0","0","0","0","0","0","0","0","0","0","0"
"0x7f696b5b3c80","@!P0  BRA 0x7f696b5b3c50","0","0","0","15837","506784","258176","32","16","2","16","0","-","-","-","0","0","0","0","0","0","0","0","-","0","0","0","0","0","0","0","0","0","0","0","0","0","0","0","0","0","0","0","0","0","0","0","0","0","0","0","0","0","0","0","0","0","0","0","0","0","0","0","0"
"0x7f696b5b3c90","      BRA 0x7f696b5aff10","0","0","0","7769","248608","248608","32","32","16","0","0","-","-","-","0","0","0","0","0","0","0","0","-","0","0","0","0","0","0","0","0","0","0","0","0","0","0","0","0","0","0","0","0","0","0","0","0","0","0","0","0","0","0","0","0","0","0","0","0","0","0","0","0"
"0x7f696b5b3ca0","      MOV R0, UR4","0","0","0","131072","4194304","4194304","32","32","0","0","0","-","-","-","0","0","0","0","0","0","0","0","-","0","0","0","0","0","0","0","0","0","0","0","0","0","0","0","0","0","0","0","0","0","0","0","0","0","0","0","0","0","0","0","0","0","0","0","0","0","0","0","0"
"0x7f696b5b3cb0","      SYNCS.PHASECHK.TRANS64.TRYWAIT P0, [R0+URZ+0x31930], R7","0","0","0","3676929","117661728","117661728","32","32","0","0","0","-","-","-","0","0","0","0","0","0","0","0","-","0","0","0","0","0","0","0","0","0","0","0","0","0","0","0","0","0","0","0","0","0","0","0","0","0","0","0","0","0","0","0","0","0","0","0","0","0","0","0","0"
"0x7f696b5b3cc0","@!P0  NANOSLEEP.SYNCS 0x989680","0","0","0","3676929","117661728","114111520","32","31","1","1","0","-","-","-","0","0","0","0","0","0","0","0","-","0","0","0","0","0","0","0","0","0","0","0","0","0","0","0","0","0","0","0","0","0","0","0","0","0","0","0","0","0","0","0","0","0","0","0","0","0","0","0","0"
"0x7f696b5b3cd0","@!P0  SYNCS.PHASECHK.TRANS64 P0, [R0+URZ+0x31930], R7","0","0","0","3676929","117661728","114111520","32","31","0","1","0","-","-","-","0","0","0","0","0","0","0","0","-","0","0","0","0","0","0","0","0","0","0","0","0","0","0","0","0","0","0","0","0","0","0","0","0","0","0","0","0","0","0","0","0","0","0","0","0","0","0","0","0"
"0x7f696b5b3ce0","@!P0  BRA 0x7f696b5b3cb0","0","0","0","3676929","117661728","113467424","32","30","1","2","0","-","-","-","0","0","0","0","0","0","0","0","-","0","0","0","0","0","0","0","0","0","0","0","0","0","0","0","0","0","0","0","0","0","0","0","0","0","0","0","0","0","0","0","0","0","0","0","0","0","0","0","0"
"0x7f696b5b3cf0","      BRA 0x7f696b5b0450","0","0","0","131072","4194304","4194304","32","32","2","0","0","-","-","-","0","0","0","0","0","0","0","0","-","0","0","0","0","0","0","0","0","0","0","0","0","0","0","0","0","0","0","0","0","0","0","0","0","0","0","0","0","0","0","0","0","0","0","0","0","0","0","0","0"
"0x7f696b5b3d00","      MOV R0, UR4","0","0","0","1012","32384","32384","32","32","0","0","0","-","-","-","0","0","0","0","0","0","0","0","-","0","0","0","0","0","0","0","0","0","0","0","0","0","0","0","0","0","0","0","0","0","0","0","0","0","0","0","0","0","0","0","0","0","0","0","0","0","0","0","0"
"0x7f696b5b3d10","      SYNCS.PHASECHK.TRANS64.TRYWAIT P0, [R0+URZ+0x31938], R3","0","0","0","2447","78304","78304","32","32","0","0","0","-","-","-","0","0","0","0","0","0","0","0","-","0","0","0","0","0","0","0","0","0","0","0","0","0","0","0","0","0","0","0","0","0","0","0","0","0","0","0","0","0","0","0","0","0","0","0","0","0","0","0","0"
"0x7f696b5b3d20","@!P0  NANOSLEEP.SYNCS 0x989680","0","0","0","2447","78304","50912","32","20","12","12","0","-","-","-","0","0","0","0","0","0","0","0","-","0","0","0","0","0","0","0","0","0","0","0","0","0","0","0","0","0","0","0","0","0","0","0","0","0","0","0","0","0","0","0","0","0","0","0","0","0","0","0","0"
"0x7f696b5b3d30","@!P0  SYNCS.PHASECHK.TRANS64 P0, [R0+URZ+0x31938], R3","0","0","0","2447","78304","50912","32","20","0","12","0","-","-","-","0","0","0","0","0","0","0","0","-","0","0","0","0","0","0","0","0","0","0","0","0","0","0","0","0","0","0","0","0","0","0","0","0","0","0","0","0","0","0","0","0","0","0","0","0","0","0","0","0"
"0x7f696b5b3d40","@!P0  BRA 0x7f696b5b3d10","0","0","0","2447","78304","45920","32","18","2","14","0","-","-","-","0","0","0","0","0","0","0","0","-","0","0","0","0","0","0","0","0","0","0","0","0","0","0","0","0","0","0","0","0","0","0","0","0","0","0","0","0","0","0","0","0","0","0","0","0","0","0","0","0"
"0x7f696b5b3d50","      BRA 0x7f696b5b0dc0","0","0","0","1012","32384","32384","32","32","14","0","0","-","-","-","0","0","0","0","0","0","0","0","-","0","0","0","0","0","0","0","0","0","0","0","0","0","0","0","0","0","0","0","0","0","0","0","0","0","0","0","0","0","0","0","0","0","0","0","0","0","0","0","0"
"0x7f696b5b3d60","      SYNCS.PHASECHK.TRANS64.TRYWAIT P0, [R116+URZ+0x31948], R3","0","0","0","60184","1925888","1925888","32","32","0","0","0","-","-","-","0","0","0","0","0","0","0","0","-","0","0","0","0","0","0","0","0","0","0","0","0","0","0","0","0","0","0","0","0","0","0","0","0","0","0","0","0","0","0","0","0","0","0","0","0","0","0","0","0"
"0x7f696b5b3d70","@!P0  NANOSLEEP.SYNCS 0x989680","0","0","0","60184","1925888","1251296","32","20","12","12","0","-","-","-","0","0","0","0","0","0","0","0","-","0","0","0","0","0","0","0","0","0","0","0","0","0","0","0","0","0","0","0","0","0","0","0","0","0","0","0","0","0","0","0","0","0","0","0","0","0","0","0","0"
"0x7f696b5b3d80","@!P0  SYNCS.PHASECHK.TRANS64 P0, [R116+URZ+0x31948], R3","0","0","0","60184","1925888","1251296","32","20","0","12","0","-","-","-","0","0","0","0","0","0","0","0","-","0","0","0","0","0","0","0","0","0","0","0","0","0","0","0","0","0","0","0","0","0","0","0","0","0","0","0","0","0","0","0","0","0","0","0","0","0","0","0","0"
"0x7f696b5b3d90","@!P0  BRA 0x7f696b5b3d60","0","0","0","60184","1925888","1176320","32","19","1","13","0","-","-","-","0","0","0","0","0","0","0","0","-","0","0","0","0","0","0","0","0","0","0","0","0","0","0","0","0","0","0","0","0","0","0","0","0","0","0","0","0","0","0","0","0","0","0","0","0","0","0","0","0"
"0x7f696b5b3da0","      BRA 0x7f696b5b10a0","0","0","0","23424","749568","749568","32","32","13","0","0","-","-","-","0","0","0","0","0","0","0","0","-","0","0","0","0","0","0","0","0","0","0","0","0","0","0","0","0","0","0","0","0","0","0","0","0","0","0","0","0","0","0","0","0","0","0","0","0","0","0","0","0"
"0x7f696b5b3db0","      MOV R2, UR4","0","0","0","984224","31495168","31495168","32","32","0","0","0","-","-","-","0","0","0","0","0","0","0","0","-","0","0","0","0","0","0","0","0","0","0","0","0","0","0","0","0","0","0","0","0","0","0","0","0","0","0","0","0","0","0","0","0","0","0","0","0","0","0","0","0"
"0x7f696b5b3dc0","      SYNCS.PHASECHK.TRANS64.TRYWAIT P0, [R2+URZ+0x31920], R113","0","0","0","5717280","182952960","182952960","32","32","0","0","0","-","-","-","0","0","0","0","0","0","0","0","-","0","0","0","0","0","0","0","0","0","0","0","0","0","0","0","0","0","0","0","0","0","0","0","0","0","0","0","0","0","0","0","0","0","0","0","0","0","0","0","0"
"0x7f696b5b3dd0","@!P0  NANOSLEEP.SYNCS 0x989680","0","0","0","5717280","182952960","156473088","32","27","5","5","0","-","-","-","0","0","0","0","0","0","0","0","-","0","0","0","0","0","0","0","0","0","0","0","0","0","0","0","0","0","0","0","0","0","0","0","0","0","0","0","0","0","0","0","0","0","0","0","0","0","0","0","0"
"0x7f696b5b3de0","@!P0  SYNCS.PHASECHK.TRANS64 P0, [R2+URZ+0x31920], R113","0","0","0","5717280","182952960","156473088","32","27","0","5","0","-","-","-","0","0","0","0","0","0","0","0","-","0","0","0","0","0","0","0","0","0","0","0","0","0","0","0","0","0","0","0","0","0","0","0","0","0","0","0","0","0","0","0","0","0","0","0","0","0","0","0","0"
"0x7f696b5b3df0","@!P0  BRA 0x7f696b5b3dc0","0","0","0","5717280","182952960","151457792","32","26","1","6","0","-","-","-","0","0","0","0","0","0","0","0","-","0","0","0","0","0","0","0","0","0","0","0","0","0","0","0","0","0","0","0","0","0","0","0","0","0","0","0","0","0","0","0","0","0","0","0","0","0","0","0","0"
"0x7f696b5b3e00","      BRA 0x7f696b5b10e0","0","0","0","984224","31495168","31495168","32","32","6","0","0","-","-","-","0","0","0","0","0","0","0","0","-","0","0","0","0","0","0","0","0","0","0","0","0","0","0","0","0","0","0","0","0","0","0","0","0","0","0","0","0","0","0","0","0","0","0","0","0","0","0","0","0"
"0x7f696b5b3e10","      MOV R0, UR4","1","1","1","1048576","33554432","33554432","32","32","0","0","0","-","-","-","0","0","0","0","0","0","0","0","-","0","0","0","0","0","0","0","0","0","0","0","0","0","0","0","0","1","0","0","0","0","0","0","0","0","0","0","0","0","0","0","0","0","1","0","0","0","0","0","0"
"0x7f696b5b3e20","      SYNCS.PHASECHK.TRANS64.TRYWAIT P1, [R0+URZ+0x31928], R113","0","0","0","4345507","139056224","139056224","32","32","0","0","0","-","-","-","0","0","0","0","0","0","0","0","-","0","0","0","0","0","0","0","0","0","0","0","0","0","0","0","0","0","0","0","0","0","0","0","0","0","0","0","0","0","0","0","0","0","0","0","0","0","0","0","0"
"0x7f696b5b3e30","@!P1  NANOSLEEP.SYNCS 0x989680","0","0","0","4345507","139056224","109040192","32","25","7","7","0","-","-","-","0","0","0","0","0","0","0","0","-","0","0","0","0","0","0","0","0","0","0","0","0","0","0","0","0","0","0","0","0","0","0","0","0","0","0","0","0","0","0","0","0","0","0","0","0","0","0","0","0"
"0x7f696b5b3e40","@!P1  SYNCS.PHASECHK.TRANS64 P1, [R0+URZ+0x31928], R113","0","0","0","4345507","139056224","109040192","32","25","0","7","0","-","-","-","0","0","0","0","0","0","0","0","-","0","0","0","0","0","0","0","0","0","0","0","0","0","0","0","0","0","0","0","0","0","0","0","0","0","0","0","0","0","0","0","0","0","0","0","0","0","0","0","0"
"0x7f696b5b3e50","@!P1  BRA 0x7f696b5b3e20","0","0","0","4345507","139056224","105501792","32","24","1","8","0","-","-","-","0","0","0","0","0","0","0","0","-","0","0","0","0","0","0","0","0","0","0","0","0","0","0","0","0","0","0","0","0","0","0","0","0","0","0","0","0","0","0","0","0","0","0","0","0","0","0","0","0"
"0x7f696b5b3e60","      BRA 0x7f696b5b2930","0","0","0","1048576","33554432","33554432","32","32","8","0","0","-","-","-","0","0","0","0","0","0","0","0","-","0","0","0","0","0","0","0","0","0","0","0","0","0","0","0","0","0","0","0","0","0","0","0","0","0","0","0","0","0","0","0","0","0","0","0","0","0","0","0","0"
"0x7f696b5b3e70","      BPT.TRAP 0x1","0","0","0","0","0","0","0","0","32","32","0","-","-","-","0","0","0","0","0","0","0","0","-","0","0","0","0","0","0","0","0","0","0","0","0","0","0","0","0","0","0","0","0","0","0","0","0","0","0","0","0","0","0","0","0","0","0","0","0","0","0","0","0"
"0x7f696b5b3e80","      HFMA2 R3, -RZ, RZ, 0, 0","0","0","0","0","0","0","0","0","0","32","0","-","-","-","0","0","0","0","0","0","0","0","-","0","0","0","0","0","0","0","0","0","0","0","0","0","0","0","0","0","0","0","0","0","0","0","0","0","0","0","0","0","0","0","0","0","0","0","0","0","0","0","0"
"0x7f696b5b3e90","      RET.REL.NODEC R2, 0x7f696b5ad980","0","0","0","0","0","0","0","0","0","32","0","-","-","-","0","0","0","0","0","0","0","0","-","0","0","0","0","0","0","0","0","0","0","0","0","0","0","0","0","0","0","0","0","0","0","0","0","0","0","0","0","0","0","0","0","0","0","0","0","0","0","0","0"
"0x7f696b5b3ea0","      BPT.TRAP 0x1","0","0","0","0","0","0","0","0","0","32","0","-","-","-","0","0","0","0","0","0","0","0","-","0","0","0","0","0","0","0","0","0","0","0","0","0","0","0","0","0","0","0","0","0","0","0","0","0","0","0","0","0","0","0","0","0","0","0","0","0","0","0","0"
"0x7f696b5b3eb0","      MOV R3, 0x0","0","0","0","0","0","0","0","0","0","32","0","-","-","-","0","0","0","0","0","0","0","0","-","0","0","0","0","0","0","0","0","0","0","0","0","0","0","0","0","0","0","0","0","0","0","0","0","0","0","0","0","0","0","0","0","0","0","0","0","0","0","0","0"
"0x7f696b5b3ec0","      RET.REL.NODEC R2, 0x7f696b5ad980","0","0","0","0","0","0","0","0","0","32","0","-","-","-","0","0","0","0","0","0","0","0","-","0","0","0","0","0","0","0","0","0","0","0","0","0","0","0","0","0","0","0","0","0","0","0","0","0","0","0","0","0","0","0","0","0","0","0","0","0","0","0","0"
"0x7f696b5b3ed0","      IMAD.SHL.U32 R7, R8, 0x2, RZ","0","0","0","0","0","0","0","0","0","32","0","-","-","-","0","0","0","0","0","0","0","0","-","0","0","0","0","0","0","0","0","0","0","0","0","0","0","0","0","0","0","0","0","0","0","0","0","0","0","0","0","0","0","0","0","0","0","0","0","0","0","0","0"
"0x7f696b5b3ee0","      BSSY.RECONVERGENT B0, 0x7f696b5b4200","0","0","0","0","0","0","0","0","0","32","0","-","-","-","0","0","0","0","0","0","0","0","-","0","0","0","0","0","0","0","0","0","0","0","0","0","0","0","0","0","0","0","0","0","0","0","0","0","0","0","0","0","0","0","0","0","0","0","0","0","0","0","0"
"0x7f696b5b3ef0","      SHF.R.U32.HI R7, RZ, 0x18, R7","0","0","0","0","0","0","0","0","0","32","0","-","-","-","0","0","0","0","0","0","0","0","-","0","0","0","0","0","0","0","0","0","0","0","0","0","0","0","0","0","0","0","0","0","0","0","0","0","0","0","0","0","0","0","0","0","0","0","0","0","0","0","0"
"0x7f696b5b3f00","      ISETP.NE.U32.AND P0, PT, R7, RZ, PT","0","0","0","0","0","0","0","0","0","32","0","-","-","-","0","0","0","0","0","0","0","0","-","0","0","0","0","0","0","0","0","0","0","0","0","0","0","0","0","0","0","0","0","0","0","0","0","0","0","0","0","0","0","0","0","0","0","0","0","0","0","0","0"
"0x7f696b5b3f10","@P0   BRA 0x7f696b5b3fc0","0","0","0","0","0","0","0","0","0","32","0","-","-","-","0","0","0","0","0","0","0","0","-","0","0","0","0","0","0","0","0","0","0","0","0","0","0","0","0","0","0","0","0","0","0","0","0","0","0","0","0","0","0","0","0","0","0","0","0","0","0","0","0"
"0x7f696b5b3f20","      SHF.L.U32 R0, R8, 0x1, RZ","0","0","0","0","0","0","0","0","0","32","0","-","-","-","0","0","0","0","0","0","0","0","-","0","0","0","0","0","0","0","0","0","0","0","0","0","0","0","0","0","0","0","0","0","0","0","0","0","0","0","0","0","0","0","0","0","0","0","0","0","0","0","0"
"0x7f696b5b3f30","      ISETP.NE.AND P0, PT, R0, RZ, PT","0","0","0","0","0","0","0","0","0","32","0","-","-","-","0","0","0","0","0","0","0","0","-","0","0","0","0","0","0","0","0","0","0","0","0","0","0","0","0","0","0","0","0","0","0","0","0","0","0","0","0","0","0","0","0","0","0","0","0","0","0","0","0"
"0x7f696b5b3f40","@P0   FFMA R3, R8, 1.84467440737095516160e+19, RZ","0","0","0","0","0","0","0","0","0","32","0","-","-","-","0","0","0","0","0","0","0","0","-","0","0","0","0","0","0","0","0","0","0","0","0","0","0","0","0","0","0","0","0","0","0","0","0","0","0","0","0","0","0","0","0","0","0","0","0","0","0","0","0"
"0x7f696b5b3f50","@!P0  MUFU.RCP R4, R8","0","0","0","0","0","0","0","0","0","32","0","-","-","-","0","0","0","0","0","0","0","0","-","0","0","0","0","0","0","0","0","0","0","0","0","0","0","0","0","0","0","0","0","0","0","0","0","0","0","0","0","0","0","0","0","0","0","0","0","0","0","0","0"
"0x7f696b5b3f60","@P0   MUFU.RCP R0, R3","0","0","0","0","0","0","0","0","0","32","0","-","-","-","0","0","0","0","0","0","0","0","-","0","0","0","0","0","0","0","0","0","0","0","0","0","0","0","0","0","0","0","0","0","0","0","0","0","0","0","0","0","0","0","0","0","0","0","0","0","0","0","0"
"0x7f696b5b3f70","@P0   FFMA R5, R3, R0, -1","0","0","0","0","0","0","0","0","0","32","0","-","-","-","0","0","0","0","0","0","0","0","-","0","0","0","0","0","0","0","0","0","0","0","0","0","0","0","0","0","0","0","0","0","0","0","0","0","0","0","0","0","0","0","0","0","0","0","0","0","0","0","0"
"0x7f696b5b3f80","@P0   FADD.FTZ R5, -RZ, -R5","0","0","0","0","0","0","0","0","0","32","0","-","-","-","0","0","0","0","0","0","0","0","-","0","0","0","0","0","0","0","0","0","0","0","0","0","0","0","0","0","0","0","0","0","0","0","0","0","0","0","0","0","0","0","0","0","0","0","0","0","0","0","0"
"0x7f696b5b3f90","@P0   FFMA R5, R0, R5, R0","0","0","0","0","0","0","0","0","0","32","0","-","-","-","0","0","0","0","0","0","0","0","-","0","0","0","0","0","0","0","0","0","0","0","0","0","0","0","0","0","0","0","0","0","0","0","0","0","0","0","0","0","0","0","0","0","0","0","0","0","0","0","0"
"0x7f696b5b3fa0","@P0   FFMA R4, R5, 1.84467440737095516160e+19, RZ","0","0","0","0","0","0","0","0","0","32","0","-","-","-","0","0","0","0","0","0","0","0","-","0","0","0","0","0","0","0","0","0","0","0","0","0","0","0","0","0","0","0","0","0","0","0","0","0","0","0","0","0","0","0","0","0","0","0","0","0","0","0","0"
"0x7f696b5b3fb0","      BRA 0x7f696b5b41e0","0","0","0","0","0","0","0","0","0","32","0","-","-","-","0","0","0","0","0","0","0","0","-","0","0","0","0","0","0","0","0","0","0","0","0","0","0","0","0","0","0","0","0","0","0","0","0","0","0","0","0","0","0","0","0","0","0","0","0","0","0","0","0"
"0x7f696b5b3fc0","      IADD3 R5, PT, PT, R7, -0xfd, RZ","0","0","0","0","0","0","0","0","0","32","0","-","-","-","0","0","0","0","0","0","0","0","-","0","0","0","0","0","0","0","0","0","0","0","0","0","0","0","0","0","0","0","0","0","0","0","0","0","0","0","0","0","0","0","0","0","0","0","0","0","0","0","0"
"0x7f696b5b3fd0","      ISETP.GT.U32.AND P0, PT, R5, 0x1, PT","0","0","0","0","0","0","0","0","0","32","0","-","-","-","0","0","0","0","0","0","0","0","-","0","0","0","0","0","0","0","0","0","0","0","0","0","0","0","0","0","0","0","0","0","0","0","0","0","0","0","0","0","0","0","0","0","0","0","0","0","0","0","0"
"0x7f696b5b3fe0","@P0   BRA 0x7f696b5b41d0","0","0","0","0","0","0","0","0","0","32","0","-","-","-","0","0","0","0","0","0","0","0","-","0","0","0","0","0","0","0","0","0","0","0","0","0","0","0","0","0","0","0","0","0","0","0","0","0","0","0","0","0","0","0","0","0","0","0","0","0","0","0","0"
"0x7f696b5b3ff0","      LOP3.LUT R9, R8, 0x7fffff, RZ, 0xc0, !PT","0","0","0","0","0","0","0","0","0","32","0","-","-","-","0","0","0","0","0","0","0","0","-","0","0","0","0","0","0","0","0","0","0","0","0","0","0","0","0","0","0","0","0","0","0","0","0","0","0","0","0","0","0","0","0","0","0","0","0","0","0","0","0"
"0x7f696b5b4000","      IMAD.MOV.U32 R0, RZ, RZ, 0x3","0","0","0","0","0","0","0","0","0","32","0","-","-","-","0","0","0","0","0","0","0","0","-","0","0","0","0","0","0","0","0","0","0","0","0","0","0","0","0","0","0","0","0","0","0","0","0","0","0","0","0","0","0","0","0","0","0","0","0","0","0","0","0"
"0x7f696b5b4010","      VIADD R7, R7, 0xffffff04","0","0","0","0","0","0","0","0","0","32","0","-","-","-","0","0","0","0","0","0","0","0","-","0","0","0","0","0","0","0","0","0","0","0","0","0","0","0","0","0","0","0","0","0","0","0","0","0","0","0","0","0","0","0","0","0","0","0","0","0","0","0","0"
"0x7f696b5b4020","      LOP3.LUT R9, R9, 0x3f800000, RZ, 0xfc, !PT","0","0","0","0","0","0","0","0","0","32","0","-","-","-","0","0","0","0","0","0","0","0","-","0","0","0","0","0","0","0","0","0","0","0","0","0","0","0","0","0","0","0","0","0","0","0","0","0","0","0","0","0","0","0","0","0","0","0","0","0","0","0","0"
"0x7f696b5b4030","      SHF.L.U32 R0, R0, R5, RZ","0","0","0","0","0","0","0","0","0","32","0","-","-","-","0","0","0","0","0","0","0","0","-","0","0","0","0","0","0","0","0","0","0","0","0","0","0","0","0","0","0","0","0","0","0","0","0","0","0","0","0","0","0","0","0","0","0","0","0","0","0","0","0"
"0x7f696b5b4040","      MUFU.RCP R4, R9","0","0","0","0","0","0","0","0","0","32","0","-","-","-","0","0","0","0","0","0","0","0","-","0","0","0","0","0","0","0","0","0","0","0","0","0","0","0","0","0","0","0","0","0","0","0","0","0","0","0","0","0","0","0","0","0","0","0","0","0","0","0","0"
"0x7f696b5b4050","      FFMA R3, R9, R4, -1","0","0","0","0","0","0","0","0","0","32","0","-","-","-","0","0","0","0","0","0","0","0","-","0","0","0","0","0","0","0","0","0","0","0","0","0","0","0","0","0","0","0","0","0","0","0","0","0","0","0","0","0","0","0","0","0","0","0","0","0","0","0","0"
"0x7f696b5b4060","      FADD.FTZ R3, -RZ, -R3","0","0","0","0","0","0","0","0","0","32","0","-","-","-","0","0","0","0","0","0","0","0","-","0","0","0","0","0","0","0","0","0","0","0","0","0","0","0","0","0","0","0","0","0","0","0","0","0","0","0","0","0","0","0","0","0","0","0","0","0","0","0","0"
"0x7f696b5b4070","      FFMA.RM R6, R4, R3, R4","0","0","0","0","0","0","0","0","0","32","0","-","-","-","0","0","0","0","0","0","0","0","-","0","0","0","0","0","0","0","0","0","0","0","0","0","0","0","0","0","0","0","0","0","0","0","0","0","0","0","0","0","0","0","0","0","0","0","0","0","0","0","0"
"0x7f696b5b4080","      FFMA.RP R3, R4, R3, R4","0","0","0","0","0","0","0","0","0","32","0","-","-","-","0","0","0","0","0","0","0","0","-","0","0","0","0","0","0","0","0","0","0","0","0","0","0","0","0","0","0","0","0","0","0","0","0","0","0","0","0","0","0","0","0","0","0","0","0","0","0","0","0"
"0x7f696b5b4090","      LOP3.LUT R4, R6, 0x7fffff, RZ, 0xc0, !PT","0","0","0","0","0","0","0","0","0","32","0","-","-","-","0","0","0","0","0","0","0","0","-","0","0","0","0","0","0","0","0","0","0","0","0","0","0","0","0","0","0","0","0","0","0","0","0","0","0","0","0","0","0","0","0","0","0","0","0","0","0","0","0"
"0x7f696b5b40a0","      FSETP.NEU.FTZ.AND P0, PT, R6, R3, PT","0","0","0","0","0","0","0","0","0","32","0","-","-","-","0","0","0","0","0","0","0","0","-","0","0","0","0","0","0","0","0","0","0","0","0","0","0","0","0","0","0","0","0","0","0","0","0","0","0","0","0","0","0","0","0","0","0","0","0","0","0","0","0"
"0x7f696b5b40b0","      LOP3.LUT R4, R4, 0x800000, RZ, 0xfc, !PT","0","0","0","0","0","0","0","0","0","32","0","-","-","-","0","0","0","0","0","0","0","0","-","0","0","0","0","0","0","0","0","0","0","0","0","0","0","0","0","0","0","0","0","0","0","0","0","0","0","0","0","0","0","0","0","0","0","0","0","0","0","0","0"
"0x7f696b5b40c0","      SEL R3, RZ, 0xffffffff, !P0","0","0","0","0","0","0","0","0","0","32","0","-","-","-","0","0","0","0","0","0","0","0","-","0","0","0","0","0","0","0","0","0","0","0","0","0","0","0","0","0","0","0","0","0","0","0","0","0","0","0","0","0","0","0","0","0","0","0","0","0","0","0","0"
"0x7f696b5b40d0","      LOP3.LUT R0, R0, R4, RZ, 0xc0, !PT","0","0","0","0","0","0","0","0","0","32","0","-","-","-","0","0","0","0","0","0","0","0","-","0","0","0","0","0","0","0","0","0","0","0","0","0","0","0","0","0","0","0","0","0","0","0","0","0","0","0","0","0","0","0","0","0","0","0","0","0","0","0","0"
"0x7f696b5b40e0","      SHF.R.U32.HI R7, RZ, R7, R4","0","0","0","0","0","0","0","0","0","32","0","-","-","-","0","0","0","0","0","0","0","0","-","0","0","0","0","0","0","0","0","0","0","0","0","0","0","0","0","0","0","0","0","0","0","0","0","0","0","0","0","0","0","0","0","0","0","0","0","0","0","0","0"
"0x7f696b5b40f0","      IMAD.MOV R3, RZ, RZ, -R3","0","0","0","0","0","0","0","0","0","32","0","-","-","-","0","0","0","0","0","0","0","0","-","0","0","0","0","0","0","0","0","0","0","0","0","0","0","0","0","0","0","0","0","0","0","0","0","0","0","0","0","0","0","0","0","0","0","0","0","0","0","0","0"
"0x7f696b5b4100","      SHF.R.U32.HI R0, RZ, R5, R0","0","0","0","0","0","0","0","0","0","32","0","-","-","-","0","0","0","0","0","0","0","0","-","0","0","0","0","0","0","0","0","0","0","0","0","0","0","0","0","0","0","0","0","0","0","0","0","0","0","0","0","0","0","0","0","0","0","0","0","0","0","0","0"
"0x7f696b5b4110","      LOP3.LUT P1, RZ, R3, R5, R4, 0xf8, !PT","0","0","0","0","0","0","0","0","0","32","0","-","-","-","0","0","0","0","0","0","0","0","-","0","0","0","0","0","0","0","0","0","0","0","0","0","0","0","0","0","0","0","0","0","0","0","0","0","0","0","0","0","0","0","0","0","0","0","0","0","0","0","0"
"0x7f696b5b4120","      LOP3.LUT P2, RZ, R0, 0x1, RZ, 0xc0, !PT","0","0","0","0","0","0","0","0","0","32","0","-","-","-","0","0","0","0","0","0","0","0","-","0","0","0","0","0","0","0","0","0","0","0","0","0","0","0","0","0","0","0","0","0","0","0","0","0","0","0","0","0","0","0","0","0","0","0","0","0","0","0","0"
"0x7f696b5b4130","      LOP3.LUT P0, RZ, R0, 0x2, RZ, 0xc0, !PT","0","0","0","0","0","0","0","0","0","32","0","-","-","-","0","0","0","0","0","0","0","0","-","0","0","0","0","0","0","0","0","0","0","0","0","0","0","0","0","0","0","0","0","0","0","0","0","0","0","0","0","0","0","0","0","0","0","0","0","0","0","0","0"
"0x7f696b5b4140","      PLOP3.LUT P0, PT, P2, P1, P0, 0xe0, 0x0","0","0","0","0","0","0","0","0","0","32","0","-","-","-","0","0","0","0","0","0","0","0","-","0","0","0","0","0","0","0","0","0","0","0","0","0","0","0","0","0","0","0","0","0","0","0","0","0","0","0","0","0","0","0","0","0","0","0","0","0","0","0","0"
"0x7f696b5b4150","      SEL R0, RZ, 0x1, !P0","0","0","0","0","0","0","0","0","0","32","0","-","-","-","0","0","0","0","0","0","0","0","-","0","0","0","0","0","0","0","0","0","0","0","0","0","0","0","0","0","0","0","0","0","0","0","0","0","0","0","0","0","0","0","0","0","0","0","0","0","0","0","0"
"0x7f696b5b4160","      LOP3.LUT P0, RZ, R8, 0x7fffff, RZ, 0xc0, !PT","0","0","0","0","0","0","0","0","0","32","0","-","-","-","0","0","0","0","0","0","0","0","-","0","0","0","0","0","0","0","0","0","0","0","0","0","0","0","0","0","0","0","0","0","0","0","0","0","0","0","0","0","0","0","0","0","0","0","0","0","0","0","0"
"0x7f696b5b4170","      IMAD.MOV R0, RZ, RZ, -R0","0","0","0","0","0","0","0","0","0","32","0","-","-","-","0","0","0","0","0","0","0","0","-","0","0","0","0","0","0","0","0","0","0","0","0","0","0","0","0","0","0","0","0","0","0","0","0","0","0","0","0","0","0","0","0","0","0","0","0","0","0","0","0"
"0x7f696b5b4180","      ISETP.GE.AND P1, PT, R0, RZ, PT","0","0","0","0","0","0","0","0","0","32","0","-","-","-","0","0","0","0","0","0","0","0","-","0","0","0","0","0","0","0","0","0","0","0","0","0","0","0","0","0","0","0","0","0","0","0","0","0","0","0","0","0","0","0","0","0","0","0","0","0","0","0","0"
"0x7f696b5b4190","@!P1  VIADD R7, R7, 0x1","0","0","0","0","0","0","0","0","0","32","0","-","-","-","0","0","0","0","0","0","0","0","-","0","0","0","0","0","0","0","0","0","0","0","0","0","0","0","0","0","0","0","0","0","0","0","0","0","0","0","0","0","0","0","0","0","0","0","0","0","0","0","0"
"0x7f696b5b41a0","@!P0  IMAD.SHL.U32 R7, R7, 0x2, RZ","0","0","0","0","0","0","0","0","0","32","0","-","-","-","0","0","0","0","0","0","0","0","-","0","0","0","0","0","0","0","0","0","0","0","0","0","0","0","0","0","0","0","0","0","0","0","0","0","0","0","0","0","0","0","0","0","0","0","0","0","0","0","0"
"0x7f696b5b41b0","      LOP3.LUT R4, R7, 0x80000000, R8, 0xf8, !PT","0","0","0","0","0","0","0","0","0","32","0","-","-","-","0","0","0","0","0","0","0","0","-","0","0","0","0","0","0","0","0","0","0","0","0","0","0","0","0","0","0","0","0","0","0","0","0","0","0","0","0","0","0","0","0","0","0","0","0","0","0","0","0"
"0x7f696b5b41c0","      BRA 0x7f696b5b41e0","0","0","0","0","0","0","0","0","0","32","0","-","-","-","0","0","0","0","0","0","0","0","-","0","0","0","0","0","0","0","0","0","0","0","0","0","0","0","0","0","0","0","0","0","0","0","0","0","0","0","0","0","0","0","0","0","0","0","0","0","0","0","0"
"0x7f696b5b41d0","      MUFU.RCP R4, R8","0","0","0","0","0","0","0","0","0","32","0","-","-","-","0","0","0","0","0","0","0","0","-","0","0","0","0","0","0","0","0","0","0","0","0","0","0","0","0","0","0","0","0","0","0","0","0","0","0","0","0","0","0","0","0","0","0","0","0","0","0","0","0"
"0x7f696b5b41e0","      NOP","0","0","0","0","0","0","0","0","0","32","0","-","-","-","0","0","0","0","0","0","0","0","-","0","0","0","0","0","0","0","0","0","0","0","0","0","0","0","0","0","0","0","0","0","0","0","0","0","0","0","0","0","0","0","0","0","0","0","0","0","0","0","0"
"0x7f696b5b41f0","      BSYNC.RECONVERGENT B0","0","0","0","0","0","0","0","0","0","32","0","-","-","-","0","0","0","0","0","0","0","0","-","0","0","0","0","0","0","0","0","0","0","0","0","0","0","0","0","0","0","0","0","0","0","0","0","0","0","0","0","0","0","0","0","0","0","0","0","0","0","0","0"
"0x7f696b5b4200","      HFMA2 R3, -RZ, RZ, 0, 0","0","0","0","0","0","0","0","0","0","32","0","-","-","-","0","0","0","0","0","0","0","0","-","0","0","0","0","0","0","0","0","0","0","0","0","0","0","0","0","0","0","0","0","0","0","0","0","0","0","0","0","0","0","0","0","0","0","0","0","0","0","0","0"
"0x7f696b5b4210","      RET.REL.NODEC R2, 0x7f696b5ad980","0","0","0","0","0","0","0","0","0","32","0","-","-","-","0","0","0","0","0","0","0","0","-","0","0","0","0","0","0","0","0","0","0","0","0","0","0","0","0","0","0","0","0","0","0","0","0","0","0","0","0","0","0","0","0","0","0","0","0","0","0","0","0"
"0x7f696b5b4220","      BRA 0x7f696b5b4220","0","0","0","0","0","0","0","0","0","0","0","-","-","-","0","0","0","0","0","0","0","0","-","0","0","0","0","0","0","0","0","0","0","0","0","0","0","0","0","0","0","0","0","0","0","0","0","0","0","0","0","0","0","0","0","0","0","0","0","0","0","0","0"
"0x7f696b5b4230","      NOP","0","0","0","0","0","0","0","0","0","32","0","-","-","-","0","0","0","0","0","0","0","0","-","0","0","0","0","0","0","0","0","0","0","0","0","0","0","0","0","0","0","0","0","0","0","0","0","0","0","0","0","0","0","0","0","0","0","0","0","0","0","0","0"
"0x7f696b5b4240","      NOP","0","0","0","0","0","0","0","0","0","32","0","-","-","-","0","0","0","0","0","0","0","0","-","0","0","0","0","0","0","0","0","0","0","0","0","0","0","0","0","0","0","0","0","0","0","0","0","0","0","0","0","0","0","0","0","0","0","0","0","0","0","0","0"
"0x7f696b5b4250","      NOP","0","0","0","0","0","0","0","0","0","32","0","-","-","-","0","0","0","0","0","0","0","0","-","0","0","0","0","0","0","0","0","0","0","0","0","0","0","0","0","0","0","0","0","0","0","0","0","0","0","0","0","0","0","0","0","0","0","0","0","0","0","0","0"
"0x7f696b5b4260","      NOP","0","0","0","0","0","0","0","0","0","32","0","-","-","-","0","0","0","0","0","0","0","0","-","0","0","0","0","0","0","0","0","0","0","0","0","0","0","0","0","0","0","0","0","0","0","0","0","0","0","0","0","0","0","0","0","0","0","0","0","0","0","0","0"
"0x7f696b5b4270","      NOP","0","0","0","0","0","0","0","0","0","32","0","-","-","-","0","0","0","0","0","0","0","0","-","0","0","0","0","0","0","0","0","0","0","0","0","0","0","0","0","0","0","0","0","0","0","0","0","0","0","0","0","0","0","0","0","0","0","0","0","0","0","0","0"
"0x7f696b5b4280","      NOP","0","0","0","0","0","0","0","0","0","32","0","-","-","-","0","0","0","0","0","0","0","0","-","0","0","0","0","0","0","0","0","0","0","0","0","0","0","0","0","0","0","0","0","0","0","0","0","0","0","0","0","0","0","0","0","0","0","0","0","0","0","0","0"
"0x7f696b5b4290","      NOP","0","0","0","0","0","0","0","0","0","32","0","-","-","-","0","0","0","0","0","0","0","0","-","0","0","0","0","0","0","0","0","0","0","0","0","0","0","0","0","0","0","0","0","0","0","0","0","0","0","0","0","0","0","0","0","0","0","0","0","0","0","0","0"
"0x7f696b5b42a0","      NOP","0","0","0","0","0","0","0","0","0","32","0","-","-","-","0","0","0","0","0","0","0","0","-","0","0","0","0","0","0","0","0","0","0","0","0","0","0","0","0","0","0","0","0","0","0","0","0","0","0","0","0","0","0","0","0","0","0","0","0","0","0","0","0"
"0x7f696b5b42b0","      NOP","0","0","0","0","0","0","0","0","0","32","0","-","-","-","0","0","0","0","0","0","0","0","-","0","0","0","0","0","0","0","0","0","0","0","0","0","0","0","0","0","0","0","0","0","0","0","0","0","0","0","0","0","0","0","0","0","0","0","0","0","0","0","0"
"0x7f696b5b42c0","      NOP","0","0","0","0","0","0","0","0","0","32","0","-","-","-","0","0","0","0","0","0","0","0","-","0","0","0","0","0","0","0","0","0","0","0","0","0","0","0","0","0","0","0","0","0","0","0","0","0","0","0","0","0","0","0","0","0","0","0","0","0","0","0","0"
"0x7f696b5b42d0","      NOP","0","0","0","0","0","0","0","0","0","32","0","-","-","-","0","0","0","0","0","0","0","0","-","0","0","0","0","0","0","0","0","0","0","0","0","0","0","0","0","0","0","0","0","0","0","0","0","0","0","0","0","0","0","0","0","0","0","0","0","0","0","0","0"
"0x7f696b5b42e0","      NOP","0","0","0","0","0","0","0","0","0","32","0","-","-","-","0","0","0","0","0","0","0","0","-","0","0","0","0","0","0","0","0","0","0","0","0","0","0","0","0","0","0","0","0","0","0","0","0","0","0","0","0","0","0","0","0","0","0","0","0","0","0","0","0"
"0x7f696b5b42f0","      NOP","0","0","0","0","0","0","0","0","0","32","0","-","-","-","0","0","0","0","0","0","0","0","-","0","0","0","0","0","0","0","0","0","0","0","0","0","0","0","0","0","0","0","0","0","0","0","0","0","0","0","0","0","0","0","0","0","0","0","0","0","0","0","0"
