"Kernel Name","kernel_cutlass_kernel_kernel_v272SparseMLA_object_at__tensorptrf8E4M3FNgmemalign16o819264576368645761_tensorptrf8E4M3FNgmemalign16o1310725765761_tensorptri32gmemalign16o8192204820481_tens_0",
"Address","Source","Warp Stall Sampling (All Samples)","Warp Stall Sampling (Not-issued Samples)","# Samples","Instructions Executed","Thread Instructions Executed","Predicated-On Thread Instructions Executed","Avg. Threads Executed","Avg. Predicated-On Threads Executed","Derivative Avg. Predicated-On Threads Executed","Avg. Predicated-On Threads Unexecuted","Divergent Branches","Address Space","Access Operation","Access Size","L1 Tag Requests Global","L1 Conflicts Shared N-Way","L1 Wavefronts Shared Excessive","L1 Wavefronts Shared","L1 Wavefronts Shared Ideal","L2 Theoretical Sectors Global Excessive","L2 Theoretical Sectors Global","L2 Theoretical Sectors Global Ideal","L2 Theoretical Sectors Local","L2 Explicit Evict Policies","L2 Explicit Hit Policy Evict First","L2 Explicit Hit Policy Evict Last","L2 Explicit Hit Policy Evict Normal","L2 Explicit Hit Policy Evict Normal Demote","L2 Explicit Miss Policy Evict First","L2 Explicit Miss Policy Evict Normal","stall_barrier","stall_branch_resolving","stall_dispatch","stall_drain","stall_lg","stall_long_sb","stall_math","stall_membar","stall_mio","stall_misc","stall_no_inst","stall_not_selected","stall_selected","stall_short_sb","stall_sleep","stall_tex","stall_wait","stall_barrier (Not Issued)","stall_branch_resolving (Not Issued)","stall_dispatch (Not Issued)","stall_drain (Not Issued)","stall_lg (Not Issued)","stall_long_sb (Not Issued)","stall_math (Not Issued)","stall_membar (Not Issued)","stall_mio (Not Issued)","stall_misc (Not Issued)","stall_no_inst (Not Issued)","stall_not_selected (Not Issued)","stall_selected (Not Issued)","stall_short_sb (Not Issued)","stall_sleeping (Not Issued)","stall_tex (Not Issued)","stall_wait (Not Issued)"
"0x7fc1235ad980","      LDC R1, c[0x0][0x37c]","3","3","3","2368","75776","75776","32","32","0","0","0","-","-","-","0","0","0","0","0","0","0","0","0","-","0","0","0","0","0","0","0","0","0","0","0","0","0","0","0","0","0","0","0","0","0","0","3","0","0","0","0","0","0","0","0","0","0","0","0","0","0","0","0","3"
"0x7fc1235ad990","      IADD3 R1, PT, PT, R1, -0x8, RZ","5","4","5","2368","75776","75776","32","32","0","0","0","-","-","-","0","0","0","0","0","0","0","0","0","-","0","0","0","0","0","0","0","0","0","0","0","0","0","0","0","0","0","0","0","5","0","0","0","0","0","0","0","0","0","0","0","0","0","0","0","0","4","0","0","0"
"0x7fc1235ad9a0","      S2R R2, SR_TID.X","0","0","0","2368","75776","75776","32","32","0","0","0","-","-","-","0","0","0","0","0","0","0","0","0","-","0","0","0","0","0","0","0","0","0","0","0","0","0","0","0","0","0","0","0","0","0","0","0","0","0","0","0","0","0","0","0","0","0","0","0","0","0","0","0","0"
"0x7fc1235ad9b0","      S2UR UR7, SR_CTAID.X","0","0","0","2368","75776","75776","32","32","0","0","0","-","-","-","0","0","0","0","0","0","0","0","0","-","0","0","0","0","0","0","0","0","0","0","0","0","0","0","0","0","0","0","0","0","0","0","0","0","0","0","0","0","0","0","0","0","0","0","0","0","0","0","0","0"
"0x7fc1235ad9c0","      UMOV UR4, 0x400","1","0","1","2368","75776","75776","32","32","0","0","0","-","-","-","0","0","0","0","0","0","0","0","0","-","0","0","0","0","0","0","0","0","0","0","0","0","0","0","0","0","0","0","1","0","0","0","0","0","0","0","0","0","0","0","0","0","0","0","0","0","0","0","0","0"
"0x7fc1235ad9d0","      BSSY.RECONVERGENT B0, 0x7fc1235adbe0","0","0","0","2368","75776","75776","32","32","0","0","0","-","-","-","0","0","0","0","0","0","0","0","0","-","0","0","0","0","0","0","0","0","0","0","0","0","0","0","0","0","0","0","0","0","0","0","0","0","0","0","0","0","0","0","0","0","0","0","0","0","0","0","0","0"
"0x7fc1235ad9e0","      S2UR UR5, SR_CgaCtaId","0","0","0","2368","75776","75776","32","32","0","0","0","-","-","-","0","0","0","0","0","0","0","0","0","-","0","0","0","0","0","0","0","0","0","0","0","0","0","0","0","0","0","0","0","0","0","0","0","0","0","0","0","0","0","0","0","0","0","0","0","0","0","0","0","0"
"0x7fc1235ad9f0","      SHF.R.U32.HI R0, RZ, 0x5, R2","0","0","0","2368","75776","75776","32","32","0","0","0","-","-","-","0","0","0","0","0","0","0","0","0","-","0","0","0","0","0","0","0","0","0","0","0","0","0","0","0","0","0","0","0","0","0","0","0","0","0","0","0","0","0","0","0","0","0","0","0","0","0","0","0","0"
"0x7fc1235ada00","      ULEA UR4, UR5, UR4, 0x18","1","1","1","2368","75776","75776","32","32","0","0","0","-","-","-","0","0","0","0","0","0","0","0","0","-","0","0","0","0","0","0","0","0","0","0","0","0","0","0","0","0","0","0","0","1","0","0","0","0","0","0","0","0","0","0","0","0","0","0","0","0","1","0","0","0"
"0x7fc1235ada10","      ISETP.NE.U32.AND P0, PT, R2, RZ, PT","0","0","0","2368","75776","75776","32","32","0","0","0","-","-","-","0","0","0","0","0","0","0","0","0","-","0","0","0","0","0","0","0","0","0","0","0","0","0","0","0","0","0","0","0","0","0","0","0","0","0","0","0","0","0","0","0","0","0","0","0","0","0","0","0","0"
"0x7fc1235ada20","      R2UR UR6, R0","0","0","0","2368","75776","75776","32","32","0","0","0","-","-","-","0","0","0","0","0","0","0","0","0","-","0","0","0","0","0","0","0","0","0","0","0","0","0","0","0","0","0","0","0","0","0","0","0","0","0","0","0","0","0","0","0","0","0","0","0","0","0","0","0","0"
"0x7fc1235ada30","      IMAD.U32 R0, RZ, RZ, UR7","0","0","0","2368","75776","75776","32","32","0","0","0","-","-","-","0","0","0","0","0","0","0","0","0","-","0","0","0","0","0","0","0","0","0","0","0","0","0","0","0","0","0","0","0","0","0","0","0","0","0","0","0","0","0","0","0","0","0","0","0","0","0","0","0","0"
"0x7fc1235ada40","      UIADD3 UR8, UPT, UPT, UR4, 0x2f920, URZ","0","0","0","2368","75776","75776","32","32","0","0","0","-","-","-","0","0","0","0","0","0","0","0","0","-","0","0","0","0","0","0","0","0","0","0","0","0","0","0","0","0","0","0","0","0","0","0","0","0","0","0","0","0","0","0","0","0","0","0","0","0","0","0","0","0"
"0x7fc1235ada50","      IMAD.U32 R2, RZ, RZ, UR6","1","0","1","2368","75776","75776","32","32","0","0","0","-","-","-","0","0","0","0","0","0","0","0","0","-","0","0","0","0","0","0","0","0","0","0","0","0","0","0","0","0","0","0","0","0","0","0","1","0","0","0","0","0","0","0","0","0","0","0","0","0","0","0","0","0"
"0x7fc1235ada60","      UIADD3 UR6, UPT, UPT, UR4, 0x2f928, URZ","0","0","0","2368","75776","75776","32","32","0","0","0","-","-","-","0","0","0","0","0","0","0","0","0","-","0","0","0","0","0","0","0","0","0","0","0","0","0","0","0","0","0","0","0","0","0","0","0","0","0","0","0","0","0","0","0","0","0","0","0","0","0","0","0","0"
"0x7fc1235ada70","      STL [R1], R2","0","0","0","2368","75776","75776","32","32","0","0","0","Local","Store","32","0","0","0","0","0","0","0","0","9472","-","0","0","0","0","0","0","0","0","0","0","0","0","0","0","0","0","0","0","0","0","0","0","0","0","0","0","0","0","0","0","0","0","0","0","0","0","0","0","0","0"
"0x7fc1235ada80","      STL [R1+0x4], R0","0","0","0","2368","75776","75776","32","32","0","0","0","Local","Store","32","0","0","0","0","0","0","0","0","9472","-","0","0","0","0","0","0","0","0","0","0","0","0","0","0","0","0","0","0","0","0","0","0","0","0","0","0","0","0","0","0","0","0","0","0","0","0","0","0","0","0"
"0x7fc1235ada90","@P0   BRA 0x7fc1235adbc0","0","0","0","2368","75776","75628","32","31","1","1","148","-","-","-","0","0","0","0","0","0","0","0","0","-","0","0","0","0","0","0","0","0","0","0","0","0","0","0","0","0","0","0","0","0","0","0","0","0","0","0","0","0","0","0","0","0","0","0","0","0","0","0","0","0"
"0x7fc1235adaa0","      UMOV UR6, 0x1","0","0","0","148","148","148","1","1","30","31","0","-","-","-","0","0","0","0","0","0","0","0","0","-","0","0","0","0","0","0","0","0","0","0","0","0","0","0","0","0","0","0","0","0","0","0","0","0","0","0","0","0","0","0","0","0","0","0","0","0","0","0","0","0"
"0x7fc1235adab0","      UMOV UR8, 0x100","0","0","0","148","148","148","1","1","0","31","0","-","-","-","0","0","0","0","0","0","0","0","0","-","0","0","0","0","0","0","0","0","0","0","0","0","0","0","0","0","0","0","0","0","0","0","0","0","0","0","0","0","0","0","0","0","0","0","0","0","0","0","0","0"
"0x7fc1235adac0","      UIADD3 UR6, UPT, UPT, -UR6, 0x100000, URZ","0","0","0","148","148","148","1","1","0","31","0","-","-","-","0","0","0","0","0","0","0","0","0","-","0","0","0","0","0","0","0","0","0","0","0","0","0","0","0","0","0","0","0","0","0","0","0","0","0","0","0","0","0","0","0","0","0","0","0","0","0","0","0","0"
"0x7fc1235adad0","      USHF.L.U32 UR7, UR6, 0xb, URZ","0","0","0","148","148","148","1","1","0","31","0","-","-","-","0","0","0","0","0","0","0","0","0","-","0","0","0","0","0","0","0","0","0","0","0","0","0","0","0","0","0","0","0","0","0","0","0","0","0","0","0","0","0","0","0","0","0","0","0","0","0","0","0","0"
"0x7fc1235adae0","      USHF.L.U32 UR6, UR6, 0x1, URZ","0","0","0","148","148","148","1","1","0","31","0","-","-","-","0","0","0","0","0","0","0","0","0","-","0","0","0","0","0","0","0","0","0","0","0","0","0","0","0","0","0","0","0","0","0","0","0","0","0","0","0","0","0","0","0","0","0","0","0","0","0","0","0","0"
"0x7fc1235adaf0","      UIADD3 UR8, UPT, UPT, -UR8, 0x100000, URZ","0","0","0","148","148","148","1","1","0","31","0","-","-","-","0","0","0","0","0","0","0","0","0","-","0","0","0","0","0","0","0","0","0","0","0","0","0","0","0","0","0","0","0","0","0","0","0","0","0","0","0","0","0","0","0","0","0","0","0","0","0","0","0","0"
"0x7fc1235adb00","      USHF.L.U32 UR9, UR8, 0xb, URZ","0","0","0","148","148","148","1","1","0","31","0","-","-","-","0","0","0","0","0","0","0","0","0","-","0","0","0","0","0","0","0","0","0","0","0","0","0","0","0","0","0","0","0","0","0","0","0","0","0","0","0","0","0","0","0","0","0","0","0","0","0","0","0","0"
"0x7fc1235adb10","      USHF.L.U32 UR8, UR8, 0x1, URZ","0","0","0","148","148","148","1","1","0","31","0","-","-","-","0","0","0","0","0","0","0","0","0","-","0","0","0","0","0","0","0","0","0","0","0","0","0","0","0","0","0","0","0","0","0","0","0","0","0","0","0","0","0","0","0","0","0","0","0","0","0","0","0","0"
"0x7fc1235adb20","      FENCE.VIEW.ASYNC.S","0","0","0","148","148","148","1","1","0","31","0","-","-","-","0","0","0","0","0","0","0","0","0","-","0","0","0","0","0","0","0","0","0","0","0","0","0","0","0","0","0","0","0","0","0","0","0","0","0","0","0","0","0","0","0","0","0","0","0","0","0","0","0","0"
"0x7fc1235adb30","      SYNCS.EXCH.64 URZ, [UR4+0x2f920], UR6","0","0","0","148","148","148","1","1","0","31","0","-","-","-","0","0","0","0","0","0","0","0","0","-","0","0","0","0","0","0","0","0","0","0","0","0","0","0","0","0","0","0","0","0","0","0","0","0","0","0","0","0","0","0","0","0","0","0","0","0","0","0","0","0"
"0x7fc1235adb40","      SYNCS.EXCH.64 URZ, [UR4+0x2f928], UR6","0","0","0","148","148","148","1","1","0","31","0","-","-","-","0","0","0","0","0","0","0","0","0","-","0","0","0","0","0","0","0","0","0","0","0","0","0","0","0","0","0","0","0","0","0","0","0","0","0","0","0","0","0","0","0","0","0","0","0","0","0","0","0","0"
"0x7fc1235adb50","      SYNCS.EXCH.64 URZ, [UR4+0x2f930], UR8","0","0","0","148","148","148","1","1","0","31","0","-","-","-","0","0","0","0","0","0","0","0","0","-","0","0","0","0","0","0","0","0","0","0","0","0","0","0","0","0","0","0","0","0","0","0","0","0","0","0","0","0","0","0","0","0","0","0","0","0","0","0","0","0"
"0x7fc1235adb60","      SYNCS.EXCH.64 URZ, [UR4+0x2f938], UR6","0","0","0","148","148","148","1","1","0","31","0","-","-","-","0","0","0","0","0","0","0","0","0","-","0","0","0","0","0","0","0","0","0","0","0","0","0","0","0","0","0","0","0","0","0","0","0","0","0","0","0","0","0","0","0","0","0","0","0","0","0","0","0","0"
"0x7fc1235adb70","      SYNCS.EXCH.64 URZ, [UR4+0x2f948], UR6","0","0","0","148","148","148","1","1","0","31","0","-","-","-","0","0","0","0","0","0","0","0","0","-","0","0","0","0","0","0","0","0","0","0","0","0","0","0","0","0","0","0","0","0","0","0","0","0","0","0","0","0","0","0","0","0","0","0","0","0","0","0","0","0"
"0x7fc1235adb80","      SYNCS.EXCH.64 URZ, [UR4+0x2f958], UR6","1","0","1","148","148","148","1","1","0","31","0","-","-","-","0","0","0","0","0","0","0","0","0","-","0","0","0","0","0","0","0","0","0","0","0","0","0","0","0","0","0","0","1","0","0","0","0","0","0","0","0","0","0","0","0","0","0","0","0","0","0","0","0","0"
"0x7fc1235adb90","      SYNCS.EXCH.64 URZ, [UR4+0x2f950], UR6","0","0","0","148","148","148","1","1","0","31","0","-","-","-","0","0","0","0","0","0","0","0","0","-","0","0","0","0","0","0","0","0","0","0","0","0","0","0","0","0","0","0","0","0","0","0","0","0","0","0","0","0","0","0","0","0","0","0","0","0","0","0","0","0"
"0x7fc1235adba0","      SYNCS.EXCH.64 URZ, [UR4+0x2f960], UR6","1","1","1","148","148","148","1","1","0","31","0","-","-","-","0","0","0","0","0","0","0","0","0","-","0","0","0","0","0","0","0","0","0","0","0","0","0","0","1","0","0","0","0","0","0","0","0","0","0","0","0","0","0","0","0","1","0","0","0","0","0","0","0","0"
"0x7fc1235adbb0","      NOP","0","0","0","148","148","148","1","1","0","31","0","-","-","-","0","0","0","0","0","0","0","0","0","-","0","0","0","0","0","0","0","0","0","0","0","0","0","0","0","0","0","0","0","0","0","0","0","0","0","0","0","0","0","0","0","0","0","0","0","0","0","0","0","0"
"0x7fc1235adbc0","      NOP","0","0","0","2516","75776","75776","30","30","29","2","0","-","-","-","0","0","0","0","0","0","0","0","0","-","0","0","0","0","0","0","0","0","0","0","0","0","0","0","0","0","0","0","0","0","0","0","0","0","0","0","0","0","0","0","0","0","0","0","0","0","0","0","0","0"
"0x7fc1235adbd0","      BSYNC.RECONVERGENT B0","0","0","0","2516","75776","75776","30","30","0","2","0","-","-","-","0","0","0","0","0","0","0","0","0","-","0","0","0","0","0","0","0","0","0","0","0","0","0","0","0","0","0","0","0","0","0","0","0","0","0","0","0","0","0","0","0","0","0","0","0","0","0","0","0","0"
"0x7fc1235adbe0","      R2UR UR6, R2","0","0","0","2368","75776","75776","32","32","2","0","0","-","-","-","0","0","0","0","0","0","0","0","0","-","0","0","0","0","0","0","0","0","0","0","0","0","0","0","0","0","0","0","0","0","0","0","0","0","0","0","0","0","0","0","0","0","0","0","0","0","0","0","0","0"
"0x7fc1235adbf0","      NOP","0","0","0","2368","75776","75776","32","32","0","0","0","-","-","-","0","0","0","0","0","0","0","0","0","-","0","0","0","0","0","0","0","0","0","0","0","0","0","0","0","0","0","0","0","0","0","0","0","0","0","0","0","0","0","0","0","0","0","0","0","0","0","0","0","0"
"0x7fc1235adc00","      UISETP.NE.U32.AND UP0, UPT, UR6, URZ, UPT","0","0","0","2368","75776","75776","32","32","0","0","0","-","-","-","0","0","0","0","0","0","0","0","0","-","0","0","0","0","0","0","0","0","0","0","0","0","0","0","0","0","0","0","0","0","0","0","0","0","0","0","0","0","0","0","0","0","0","0","0","0","0","0","0","0"
"0x7fc1235adc10","      BRA.U UP0, 0x7fc1235ade10","0","0","0","2368","75776","75776","32","32","0","0","0","-","-","-","0","0","0","0","0","0","0","0","0","-","0","0","0","0","0","0","0","0","0","0","0","0","0","0","0","0","0","0","0","0","0","0","0","0","0","0","0","0","0","0","0","0","0","0","0","0","0","0","0","0"
"0x7fc1235adc20","      ELECT P0, URZ, PT","0","0","0","148","4736","4736","32","32","0","0","0","-","-","-","0","0","0","0","0","0","0","0","0","-","0","0","0","0","0","0","0","0","0","0","0","0","0","0","0","0","0","0","0","0","0","0","0","0","0","0","0","0","0","0","0","0","0","0","0","0","0","0","0","0"
"0x7fc1235adc30","      NOP","0","0","0","148","4736","4736","32","32","0","0","0","-","-","-","0","0","0","0","0","0","0","0","0","-","0","0","0","0","0","0","0","0","0","0","0","0","0","0","0","0","0","0","0","0","0","0","0","0","0","0","0","0","0","0","0","0","0","0","0","0","0","0","0","0"
"0x7fc1235adc40","@!P0  BRA 0x7fc1235adda0","0","0","0","148","4736","4588","32","31","1","1","148","-","-","-","0","0","0","0","0","0","0","0","0","-","0","0","0","0","0","0","0","0","0","0","0","0","0","0","0","0","0","0","0","0","0","0","0","0","0","0","0","0","0","0","0","0","0","0","0","0","0","0","0","0"
"0x7fc1235adc50","      UMOV UR6, 0x10","0","0","0","148","148","148","1","1","30","31","0","-","-","-","0","0","0","0","0","0","0","0","0","-","0","0","0","0","0","0","0","0","0","0","0","0","0","0","0","0","0","0","0","0","0","0","0","0","0","0","0","0","0","0","0","0","0","0","0","0","0","0","0","0"
"0x7fc1235adc60","      HFMA2 R0, -RZ, RZ, 0, 5.9604644775390625e-08","0","0","0","148","148","148","1","1","0","31","0","-","-","-","0","0","0","0","0","0","0","0","0","-","0","0","0","0","0","0","0","0","0","0","0","0","0","0","0","0","0","0","0","0","0","0","0","0","0","0","0","0","0","0","0","0","0","0","0","0","0","0","0","0"
"0x7fc1235adc70","      MOV R2, 0xffff","0","0","0","148","148","148","1","1","0","31","0","-","-","-","0","0","0","0","0","0","0","0","0","-","0","0","0","0","0","0","0","0","0","0","0","0","0","0","0","0","0","0","0","0","0","0","0","0","0","0","0","0","0","0","0","0","0","0","0","0","0","0","0","0"
"0x7fc1235adc80","      UMOV UR7, 0x40","0","0","0","148","148","148","1","1","0","31","0","-","-","-","0","0","0","0","0","0","0","0","0","-","0","0","0","0","0","0","0","0","0","0","0","0","0","0","0","0","0","0","0","0","0","0","0","0","0","0","0","0","0","0","0","0","0","0","0","0","0","0","0","0"
"0x7fc1235adc90","      DEPBAR.LE SB0, 0x36","0","0","0","148","148","148","1","1","0","31","0","-","-","-","0","0","0","0","0","0","0","0","0","-","0","0","0","0","0","0","0","0","0","0","0","0","0","0","0","0","0","0","0","0","0","0","0","0","0","0","0","0","0","0","0","0","0","0","0","0","0","0","0","0"
"0x7fc1235adca0","      UTCATOMSWS.FIND_AND_SET.ALIGN UP0, UR6, UR6","0","0","0","148","148","148","1","1","0","31","0","-","-","-","0","0","0","0","0","0","0","0","0","-","0","0","0","0","0","0","0","0","0","0","0","0","0","0","0","0","0","0","0","0","0","0","0","0","0","0","0","0","0","0","0","0","0","0","0","0","0","0","0","0"
"0x7fc1235adcb0","      ULEA UR7, UR5, UR7, 0x18","0","0","0","148","148","148","1","1","0","31","0","-","-","-","0","0","0","0","0","0","0","0","0","-","0","0","0","0","0","0","0","0","0","0","0","0","0","0","0","0","0","0","0","0","0","0","0","0","0","0","0","0","0","0","0","0","0","0","0","0","0","0","0","0"
"0x7fc1235adcc0","      MOV R3, UR6","0","0","0","148","148","148","1","1","0","31","0","-","-","-","0","0","0","0","0","0","0","0","0","-","0","0","0","0","0","0","0","0","0","0","0","0","0","0","0","0","0","0","0","0","0","0","0","0","0","0","0","0","0","0","0","0","0","0","0","0","0","0","0","0"
"0x7fc1235adcd0","      BRA.U UP0, 0x7fc1235add40","0","0","0","148","148","148","1","1","0","31","0","-","-","-","0","0","0","0","0","0","0","0","0","-","0","0","0","0","0","0","0","0","0","0","0","0","0","0","0","0","0","0","0","0","0","0","0","0","0","0","0","0","0","0","0","0","0","0","0","0","0","0","0","0"
"0x7fc1235adce0","      UMOV UR6, 0x10","0","0","0","0","0","0","0","0","1","32","0","-","-","-","0","0","0","0","0","0","0","0","0","-","0","0","0","0","0","0","0","0","0","0","0","0","0","0","0","0","0","0","0","0","0","0","0","0","0","0","0","0","0","0","0","0","0","0","0","0","0","0","0","0"
"0x7fc1235adcf0","      NANOSLEEP 0x64","0","0","0","0","0","0","0","0","0","32","0","-","-","-","0","0","0","0","0","0","0","0","0","-","0","0","0","0","0","0","0","0","0","0","0","0","0","0","0","0","0","0","0","0","0","0","0","0","0","0","0","0","0","0","0","0","0","0","0","0","0","0","0","0"
"0x7fc1235add00","      DEPBAR.LE SB0, 0x36","0","0","0","0","0","0","0","0","0","32","0","-","-","-","0","0","0","0","0","0","0","0","0","-","0","0","0","0","0","0","0","0","0","0","0","0","0","0","0","0","0","0","0","0","0","0","0","0","0","0","0","0","0","0","0","0","0","0","0","0","0","0","0","0"
"0x7fc1235add10","      UTCATOMSWS.FIND_AND_SET.ALIGN UP0, UR6, UR6","0","0","0","0","0","0","0","0","0","32","0","-","-","-","0","0","0","0","0","0","0","0","0","-","0","0","0","0","0","0","0","0","0","0","0","0","0","0","0","0","0","0","0","0","0","0","0","0","0","0","0","0","0","0","0","0","0","0","0","0","0","0","0","0"
"0x7fc1235add20","      MOV R3, UR6","0","0","0","0","0","0","0","0","0","32","0","-","-","-","0","0","0","0","0","0","0","0","0","-","0","0","0","0","0","0","0","0","0","0","0","0","0","0","0","0","0","0","0","0","0","0","0","0","0","0","0","0","0","0","0","0","0","0","0","0","0","0","0","0"
"0x7fc1235add30","      BRA.U !UP0, 0x7fc1235adce0","0","0","0","0","0","0","0","0","0","32","0","-","-","-","0","0","0","0","0","0","0","0","0","-","0","0","0","0","0","0","0","0","0","0","0","0","0","0","0","0","0","0","0","0","0","0","0","0","0","0","0","0","0","0","0","0","0","0","0","0","0","0","0","0"
"0x7fc1235add40","      SHF.L.U32 R2, R2, R3, RZ","0","0","0","148","148","148","1","1","1","31","0","-","-","-","0","0","0","0","0","0","0","0","0","-","0","0","0","0","0","0","0","0","0","0","0","0","0","0","0","0","0","0","0","0","0","0","0","0","0","0","0","0","0","0","0","0","0","0","0","0","0","0","0","0"
"0x7fc1235add50","      SHF.L.U32 R0, R0, R3, RZ","0","0","0","148","148","148","1","1","0","31","0","-","-","-","0","0","0","0","0","0","0","0","0","-","0","0","0","0","0","0","0","0","0","0","0","0","0","0","0","0","0","0","0","0","0","0","0","0","0","0","0","0","0","0","0","0","0","0","0","0","0","0","0","0"
"0x7fc1235add60","      IMAD.SHL.U32 R3, R3, 0x20, RZ","0","0","0","148","148","148","1","1","0","31","0","-","-","-","0","0","0","0","0","0","0","0","0","-","0","0","0","0","0","0","0","0","0","0","0","0","0","0","0","0","0","0","0","0","0","0","0","0","0","0","0","0","0","0","0","0","0","0","0","0","0","0","0","0"
"0x7fc1235add70","      ATOMS.OR RZ, [UR7+0x14], R2","0","0","0","148","148","148","1","1","0","31","0","Shared","Atomic","32","0","1","0","148","148","0","0","0","0","-","0","0","0","0","0","0","0","0","0","0","0","0","0","0","0","0","0","0","0","0","0","0","0","0","0","0","0","0","0","0","0","0","0","0","0","0","0","0","0","0"
"0x7fc1235add80","      ATOMS.OR RZ, [UR7+0x18], R0","0","0","0","148","148","148","1","1","0","31","0","Shared","Atomic","32","0","1","0","148","148","0","0","0","0","-","0","0","0","0","0","0","0","0","0","0","0","0","0","0","0","0","0","0","0","0","0","0","0","0","0","0","0","0","0","0","0","0","0","0","0","0","0","0","0","0"
"0x7fc1235add90","      STS [UR4+0x2f940], R3","0","0","0","148","148","148","1","1","0","31","0","Shared","Store","32","0","1","0","148","148","0","0","0","0","-","0","0","0","0","0","0","0","0","0","0","0","0","0","0","0","0","0","0","0","0","0","0","0","0","0","0","0","0","0","0","0","0","0","0","0","0","0","0","0","0"
"0x7fc1235adda0","      WARPSYNC.ALL","0","0","0","296","4736","4736","16","16","15","16","0","-","-","-","0","0","0","0","0","0","0","0","0","-","0","0","0","0","0","0","0","0","0","0","0","0","0","0","0","0","0","0","0","0","0","0","0","0","0","0","0","0","0","0","0","0","0","0","0","0","0","0","0","0"
"0x7fc1235addb0","      ELECT P0, URZ, PT","0","0","0","148","4736","4736","32","32","16","0","0","-","-","-","0","0","0","0","0","0","0","0","0","-","0","0","0","0","0","0","0","0","0","0","0","0","0","0","0","0","0","0","0","0","0","0","0","0","0","0","0","0","0","0","0","0","0","0","0","0","0","0","0","0"
"0x7fc1235addc0","      MOV R0, 0x1","0","0","0","148","4736","4736","32","32","0","0","0","-","-","-","0","0","0","0","0","0","0","0","0","-","0","0","0","0","0","0","0","0","0","0","0","0","0","0","0","0","0","0","0","0","0","0","0","0","0","0","0","0","0","0","0","0","0","0","0","0","0","0","0","0"
"0x7fc1235addd0","      UMOV UR6, 0x40","0","0","0","148","4736","4736","32","32","0","0","0","-","-","-","0","0","0","0","0","0","0","0","0","-","0","0","0","0","0","0","0","0","0","0","0","0","0","0","0","0","0","0","0","0","0","0","0","0","0","0","0","0","0","0","0","0","0","0","0","0","0","0","0","0"
"0x7fc1235adde0","      UVIRTCOUNT.DEALLOC.SMPOOL 0x80","0","0","0","148","4736","4736","32","32","0","0","0","-","-","-","0","0","0","0","0","0","0","0","0","-","0","0","0","0","0","0","0","0","0","0","0","0","0","0","0","0","0","0","0","0","0","0","0","0","0","0","0","0","0","0","0","0","0","0","0","0","0","0","0","0"
"0x7fc1235addf0","      ULEA UR6, UR5, UR6, 0x18","0","0","0","148","4736","4736","32","32","0","0","0","-","-","-","0","0","0","0","0","0","0","0","0","-","0","0","0","0","0","0","0","0","0","0","0","0","0","0","0","0","0","0","0","0","0","0","0","0","0","0","0","0","0","0","0","0","0","0","0","0","0","0","0","0"
"0x7fc1235ade00","@P0   STS.U8 [UR6+0x1c], R0","0","0","0","148","4736","148","32","1","31","31","0","Shared","Store","8","0","1","0","148","148","0","0","0","0","-","0","0","0","0","0","0","0","0","0","0","0","0","0","0","0","0","0","0","0","0","0","0","0","0","0","0","0","0","0","0","0","0","0","0","0","0","0","0","0","0"
"0x7fc1235ade10","      LDL R0, [R1]","1","1","1","2368","75776","75776","32","32","31","0","0","Local","Load","32","0","0","0","0","0","0","0","0","9472","-","0","0","0","0","0","0","0","0","0","0","0","0","0","0","0","0","0","0","0","0","0","0","1","0","0","0","0","0","0","0","0","0","0","0","0","0","0","0","0","1"
"0x7fc1235ade20","      BAR.SYNC.DEFER_BLOCKING 0x0","1","0","1","2368","75776","75776","32","32","0","0","0","-","-","-","0","0","0","0","0","0","0","0","0","-","0","0","0","0","0","0","0","0","0","0","0","0","0","0","0","0","0","0","1","0","0","0","0","0","0","0","0","0","0","0","0","0","0","0","0","0","0","0","0","0"
"0x7fc1235ade30","      R2UR UR5, R0","0","0","0","2368","75776","75776","32","32","0","0","0","-","-","-","0","0","0","0","0","0","0","0","0","-","0","0","0","0","0","0","0","0","0","0","0","0","0","0","0","0","0","0","0","0","0","0","0","0","0","0","0","0","0","0","0","0","0","0","0","0","0","0","0","0"
"0x7fc1235ade40","      UISETP.GE.AND UP0, UPT, UR5, 0x8, UPT","1","1","1","2368","75776","75776","32","32","0","0","0","-","-","-","0","0","0","0","0","0","0","0","0","-","0","0","0","0","0","0","0","0","0","0","0","0","0","0","0","0","0","0","0","0","0","0","1","0","0","0","0","0","0","0","0","0","0","0","0","0","0","0","0","1"
"0x7fc1235ade50","      BRA.U !UP0, 0x7fc1235ade80","4","4","4","2368","75776","75776","32","32","0","0","0","-","-","-","0","0","0","0","0","0","0","0","0","-","0","0","0","0","0","0","4","0","0","0","0","0","0","0","0","0","0","0","0","0","0","0","0","4","0","0","0","0","0","0","0","0","0","0","0","0","0","0","0","0"
"0x7fc1235ade60","      NOP","0","0","0","1184","37888","37888","32","32","0","0","0","-","-","-","0","0","0","0","0","0","0","0","0","-","0","0","0","0","0","0","0","0","0","0","0","0","0","0","0","0","0","0","0","0","0","0","0","0","0","0","0","0","0","0","0","0","0","0","0","0","0","0","0","0"
"0x7fc1235ade70","      USETMAXREG.DEALLOC.CTAPOOL 0x40","0","0","0","1184","37888","37888","32","32","0","0","0","-","-","-","0","0","0","0","0","0","0","0","0","-","0","0","0","0","0","0","0","0","0","0","0","0","0","0","0","0","0","0","0","0","0","0","0","0","0","0","0","0","0","0","0","0","0","0","0","0","0","0","0","0"
"0x7fc1235ade80","      R2UR UR5, R0","0","0","0","2368","75776","75776","32","32","0","0","0","-","-","-","0","0","0","0","0","0","0","0","0","-","0","0","0","0","0","0","0","0","0","0","0","0","0","0","0","0","0","0","0","0","0","0","0","0","0","0","0","0","0","0","0","0","0","0","0","0","0","0","0","0"
"0x7fc1235ade90","      ULOP3.LUT UR5, UR5, 0xfffffffc, URZ, 0xc0, !UPT","0","0","0","2368","75776","75776","32","32","0","0","0","-","-","-","0","0","0","0","0","0","0","0","0","-","0","0","0","0","0","0","0","0","0","0","0","0","0","0","0","0","0","0","0","0","0","0","0","0","0","0","0","0","0","0","0","0","0","0","0","0","0","0","0","0"
"0x7fc1235adea0","      UISETP.NE.U32.AND UP0, UPT, UR5, 0x8, UPT","1","1","1","2368","75776","75776","32","32","0","0","0","-","-","-","0","0","0","0","0","0","0","0","0","-","0","0","0","0","0","0","0","0","0","0","0","0","0","0","0","0","0","0","0","0","0","0","1","0","0","0","0","0","0","0","0","0","0","0","0","0","0","0","0","1"
"0x7fc1235adeb0","      BRA.U UP0, 0x7fc1235af760","0","0","0","2368","75776","75776","32","32","0","0","0","-","-","-","0","0","0","0","0","0","0","0","0","-","0","0","0","0","0","0","0","0","0","0","0","0","0","0","0","0","0","0","0","0","0","0","0","0","0","0","0","0","0","0","0","0","0","0","0","0","0","0","0","0"
"0x7fc1235adec0","      LDL R2, [R1+0x4]","0","0","0","592","18944","18944","32","32","0","0","0","Local","Load","32","0","0","0","0","0","0","0","0","2368","-","0","0","0","0","0","0","0","0","0","0","0","0","0","0","0","0","0","0","0","0","0","0","0","0","0","0","0","0","0","0","0","0","0","0","0","0","0","0","0","0"
"0x7fc1235aded0","      R2UR UR5, R2","0","0","0","592","18944","18944","32","32","0","0","0","-","-","-","0","0","0","0","0","0","0","0","0","-","0","0","0","0","0","0","0","0","0","0","0","0","0","0","0","0","0","0","0","0","0","0","0","0","0","0","0","0","0","0","0","0","0","0","0","0","0","0","0","0"
"0x7fc1235adee0","      UISETP.GT.U32.AND UP0, UPT, UR5, 0x1fff, UPT","0","0","0","592","18944","18944","32","32","0","0","0","-","-","-","0","0","0","0","0","0","0","0","0","-","0","0","0","0","0","0","0","0","0","0","0","0","0","0","0","0","0","0","0","0","0","0","0","0","0","0","0","0","0","0","0","0","0","0","0","0","0","0","0","0"
"0x7fc1235adef0","      BRA.U UP0, 0x7fc1235b30d0","0","0","0","592","18944","18944","32","32","0","0","0","-","-","-","0","0","0","0","0","0","0","0","0","-","0","0","0","0","0","0","0","0","0","0","0","0","0","0","0","0","0","0","0","0","0","0","0","0","0","0","0","0","0","0","0","0","0","0","0","0","0","0","0","0"
"0x7fc1235adf00","      R2UR UR5, R0","0","0","0","592","18944","18944","32","32","0","0","0","-","-","-","0","0","0","0","0","0","0","0","0","-","0","0","0","0","0","0","0","0","0","0","0","0","0","0","0","0","0","0","0","0","0","0","0","0","0","0","0","0","0","0","0","0","0","0","0","0","0","0","0","0"
"0x7fc1235adf10","      LDCU.64 UR74, c[0x0][0x3a8]","0","0","0","592","18944","18944","32","32","0","0","0","-","-","-","0","0","0","0","0","0","0","0","0","-","0","0","0","0","0","0","0","0","0","0","0","0","0","0","0","0","0","0","0","0","0","0","0","0","0","0","0","0","0","0","0","0","0","0","0","0","0","0","0","0"
"0x7fc1235adf20","      S2R R0, SR_TID.X","0","0","0","592","18944","18944","32","32","0","0","0","-","-","-","0","0","0","0","0","0","0","0","0","-","0","0","0","0","0","0","0","0","0","0","0","0","0","0","0","0","0","0","0","0","0","0","0","0","0","0","0","0","0","0","0","0","0","0","0","0","0","0","0","0"
"0x7fc1235adf30","      LDCU.64 UR76, c[0x0][0x398]","0","0","0","592","18944","18944","32","32","0","0","0","-","-","-","0","0","0","0","0","0","0","0","0","-","0","0","0","0","0","0","0","0","0","0","0","0","0","0","0","0","0","0","0","0","0","0","0","0","0","0","0","0","0","0","0","0","0","0","0","0","0","0","0","0"
"0x7fc1235adf40","      LDCU.64 UR72, c[0x0][0x3a8]","0","0","0","592","18944","18944","32","32","0","0","0","-","-","-","0","0","0","0","0","0","0","0","0","-","0","0","0","0","0","0","0","0","0","0","0","0","0","0","0","0","0","0","0","0","0","0","0","0","0","0","0","0","0","0","0","0","0","0","0","0","0","0","0","0"
"0x7fc1235adf50","      ULEA UR47, UR5, 0xffffff00, 0x5","0","0","0","592","18944","18944","32","32","0","0","0","-","-","-","0","0","0","0","0","0","0","0","0","-","0","0","0","0","0","0","0","0","0","0","0","0","0","0","0","0","0","0","0","0","0","0","0","0","0","0","0","0","0","0","0","0","0","0","0","0","0","0","0","0"
"0x7fc1235adf60","      UMOV UR63, URZ","0","0","0","592","18944","18944","32","32","0","0","0","-","-","-","0","0","0","0","0","0","0","0","0","-","0","0","0","0","0","0","0","0","0","0","0","0","0","0","0","0","0","0","0","0","0","0","0","0","0","0","0","0","0","0","0","0","0","0","0","0","0","0","0","0"
"0x7fc1235adf70","      UMOV UR42, URZ","0","0","0","592","18944","18944","32","32","0","0","0","-","-","-","0","0","0","0","0","0","0","0","0","-","0","0","0","0","0","0","0","0","0","0","0","0","0","0","0","0","0","0","0","0","0","0","0","0","0","0","0","0","0","0","0","0","0","0","0","0","0","0","0","0"
"0x7fc1235adf80","      UMOV UR66, 0x80","0","0","0","592","18944","18944","32","32","0","0","0","-","-","-","0","0","0","0","0","0","0","0","0","-","0","0","0","0","0","0","0","0","0","0","0","0","0","0","0","0","0","0","0","0","0","0","0","0","0","0","0","0","0","0","0","0","0","0","0","0","0","0","0","0"
"0x7fc1235adf90","      UMOV UR58, 0x100","0","0","0","592","18944","18944","32","32","0","0","0","-","-","-","0","0","0","0","0","0","0","0","0","-","0","0","0","0","0","0","0","0","0","0","0","0","0","0","0","0","0","0","0","0","0","0","0","0","0","0","0","0","0","0","0","0","0","0","0","0","0","0","0","0"
"0x7fc1235adfa0","      UIADD3.64 UR74, UPT, UPT, UR74, 0x80, URZ","0","0","0","592","18944","18944","32","32","0","0","0","-","-","-","0","0","0","0","0","0","0","0","0","-","0","0","0","0","0","0","0","0","0","0","0","0","0","0","0","0","0","0","0","0","0","0","0","0","0","0","0","0","0","0","0","0","0","0","0","0","0","0","0","0"
"0x7fc1235adfb0","      UMOV UR50, 0x180","0","0","0","592","18944","18944","32","32","0","0","0","-","-","-","0","0","0","0","0","0","0","0","0","-","0","0","0","0","0","0","0","0","0","0","0","0","0","0","0","0","0","0","0","0","0","0","0","0","0","0","0","0","0","0","0","0","0","0","0","0","0","0","0","0"
"0x7fc1235adfc0","      VIADD R11, R0, 0xffffff00","0","0","0","592","18944","18944","32","32","0","0","0","-","-","-","0","0","0","0","0","0","0","0","0","-","0","0","0","0","0","0","0","0","0","0","0","0","0","0","0","0","0","0","0","0","0","0","0","0","0","0","0","0","0","0","0","0","0","0","0","0","0","0","0","0"
"0x7fc1235adfd0","      SHF.R.S32.HI R10, RZ, 0x5, R11","0","0","0","592","18944","18944","32","32","0","0","0","-","-","-","0","0","0","0","0","0","0","0","0","-","0","0","0","0","0","0","0","0","0","0","0","0","0","0","0","0","0","0","0","0","0","0","0","0","0","0","0","0","0","0","0","0","0","0","0","0","0","0","0","0"
"0x7fc1235adfe0","      LDL R4, [R1+0x4]","11","5","11","32768","1048576","1048576","32","32","0","0","0","Local","Load","32","0","0","0","0","0","0","0","0","131072","-","0","0","0","0","0","0","0","1","0","0","0","0","0","0","0","0","9","1","0","0","0","0","0","0","1","0","0","0","0","0","0","0","0","4","0","0","0","0","0","0"
"0x7fc1235adff0","      LDCU.64 UR8, c[0x0][0x358]","1","0","1","32768","1048576","1048576","32","32","0","0","0","-","-","-","0","0","0","0","0","0","0","0","0","-","0","0","0","0","0","0","0","0","0","0","0","0","0","0","0","0","0","0","1","0","0","0","0","0","0","0","0","0","0","0","0","0","0","0","0","0","0","0","0","0"
"0x7fc1235ae000","      R2UR UR5, R4","23","9","23","32768","1048576","1048576","32","32","0","0","0","-","-","-","0","0","0","0","0","0","0","0","0","-","0","0","0","0","0","0","0","0","0","0","0","19","0","0","0","0","3","1","0","0","0","0","0","0","0","0","0","0","8","0","0","0","0","1","0","0","0","0","0","0"
"0x7fc1235ae010","      UIMAD.WIDE.U32 UR6, UR5, 0x4, UR76","4","1","4","32768","1048576","1048576","32","32","0","0","0","-","-","-","0","0","0","0","0","0","0","0","0","-","0","0","0","0","0","0","0","0","0","0","0","0","0","0","0","0","0","2","0","0","0","0","2","0","0","0","0","0","0","0","0","0","0","0","0","0","0","0","0","1"
"0x7fc1235ae020","      IMAD.U32 R12, RZ, RZ, UR6","7","3","7","32768","1048576","1048576","32","32","0","0","0","-","-","-","0","0","0","0","0","0","0","0","0","-","0","0","0","0","0","0","0","0","0","0","0","0","4","0","0","0","0","1","1","0","0","0","1","0","0","0","0","0","0","3","0","0","0","0","0","0","0","0","0","0"
"0x7fc1235ae030","      IMAD.U32 R13, RZ, RZ, UR7","1","0","1","32768","1048576","1048576","32","32","0","0","0","-","-","-","0","0","0","0","0","0","0","0","0","-","0","0","0","0","0","0","0","0","0","0","0","0","0","0","0","0","0","0","1","0","0","0","0","0","0","0","0","0","0","0","0","0","0","0","0","0","0","0","0","0"
"0x7fc1235ae040","      LDG.E R2, desc[UR8][R12.64]","3","0","3","32768","1048576","1048576","32","32","0","0","0","Global","Load","32","32768","0","0","0","0","0","32768","32768","0","","0","0","0","0","0","0","0","0","0","0","0","0","0","0","0","0","0","0","2","0","0","0","1","0","0","0","0","0","0","0","0","0","0","0","0","0","0","0","0","0"
"0x7fc1235ae050","      SHF.R.S32.HI R3, RZ, 0x1f, R2","185","81","185","32768","1048576","1048576","32","32","0","0","0","-","-","-","0","0","0","0","0","0","0","0","0","-","0","0","0","0","0","0","0","0","4","0","0","181","0","0","0","0","0","0","0","0","0","0","0","0","0","0","0","0","81","0","0","0","0","0","0","0","0","0","0","0"
"0x7fc1235ae060","      R2UR UR55, R2","2","1","2","32768","1048576","1048576","32","32","0","0","0","-","-","-","0","0","0","0","0","0","0","0","0","-","0","0","0","0","0","0","0","0","1","0","0","0","0","0","0","0","0","0","0","0","0","0","1","0","0","0","0","0","0","0","0","0","0","0","0","0","0","0","0","1"
"0x7fc1235ae070","      LEA.HI R3, R3, R2, RZ, 0x7","2","0","2","32768","1048576","1048576","32","32","0","0","0","-","-","-","0","0","0","0","0","0","0","0","0","-","0","0","0","0","0","0","0","0","0","0","0","0","0","0","0","0","0","0","0","0","0","0","2","0","0","0","0","0","0","0","0","0","0","0","0","0","0","0","0","0"
"0x7fc1235ae080","      LOP3.LUT R5, R3, 0xffffff80, RZ, 0xc0, !PT","3","1","3","32768","1048576","1048576","32","32","0","0","0","-","-","-","0","0","0","0","0","0","0","0","0","-","0","0","0","0","0","0","0","0","0","0","0","0","0","0","0","0","0","1","0","0","0","0","2","0","0","0","0","0","0","0","0","0","0","0","0","0","0","0","0","1"
"0x7fc1235ae090","      SHF.R.S32.HI R0, RZ, 0x7, R3","1","0","1","32768","1048576","1048576","32","32","0","0","0","-","-","-","0","0","0","0","0","0","0","0","0","-","0","0","0","0","0","0","0","0","0","0","0","0","0","0","0","0","0","0","1","0","0","0","0","0","0","0","0","0","0","0","0","0","0","0","0","0","0","0","0","0"
"0x7fc1235ae0a0","      ISETP.NE.U32.AND P0, PT, R2, R5, PT","2","0","2","32768","1048576","1048576","32","32","0","0","0","-","-","-","0","0","0","0","0","0","0","0","0","-","0","0","0","0","0","0","0","0","2","0","0","0","0","0","0","0","0","0","0","0","0","0","0","0","0","0","0","0","0","0","0","0","0","0","0","0","0","0","0","0"
"0x7fc1235ae0b0","      LEA.HI.SX32 R3, R3, 0x1, 0x19","0","0","0","32768","1048576","1048576","32","32","0","0","0","-","-","-","0","0","0","0","0","0","0","0","0","-","0","0","0","0","0","0","0","0","0","0","0","0","0","0","0","0","0","0","0","0","0","0","0","0","0","0","0","0","0","0","0","0","0","0","0","0","0","0","0","0"
"0x7fc1235ae0c0","      ISETP.GT.AND P0, PT, R2, -0x1, P0","10","0","10","32768","1048576","1048576","32","32","0","0","0","-","-","-","0","0","0","0","0","0","0","0","0","-","0","0","0","0","0","0","0","0","0","0","0","0","0","0","0","0","0","10","0","0","0","0","0","0","0","0","0","0","0","0","0","0","0","0","0","0","0","0","0","0"
"0x7fc1235ae0d0","@!P0  IMAD.MOV R3, RZ, RZ, R0","24","9","24","32768","1048576","1048576","32","32","0","0","0","-","-","-","0","0","0","0","0","0","0","0","0","-","0","0","0","0","0","0","0","0","0","0","0","0","9","0","0","0","0","6","0","0","0","0","9","0","0","0","0","0","0","5","0","0","0","0","0","0","0","0","0","4"
"0x7fc1235ae0e0","      ISETP.GE.AND P0, PT, R3, 0x1, PT","6","1","6","32768","1048576","1048576","32","32","0","0","0","-","-","-","0","0","0","0","0","0","0","0","0","-","0","0","0","0","0","0","0","0","0","0","0","0","3","0","0","0","0","1","0","0","0","0","2","0","0","0","0","0","0","0","0","0","0","0","0","0","0","0","0","1"
"0x7fc1235ae0f0","@!P0  BRA 0x7fc1235af660","15","5","15","32768","1048576","0","32","0","32","32","0","-","-","-","0","0","0","0","0","0","0","0","0","-","0","0","0","0","0","0","0","0","0","0","0","0","0","0","0","0","0","7","1","0","0","0","7","0","0","0","0","0","0","0","0","0","0","0","0","0","0","0","0","5"
"0x7fc1235ae100","      R2UR UR8, R4","10","3","10","32768","1048576","1048576","32","32","32","0","0","-","-","-","0","0","0","0","0","0","0","0","0","-","0","0","0","0","0","0","0","0","0","0","0","0","3","0","0","0","0","4","1","0","0","0","2","0","0","0","0","0","0","3","0","0","0","0","0","0","0","0","0","0"
"0x7fc1235ae110","      LDC.64 R14, c[0x0][0x390]","0","0","0","32768","1048576","1048576","32","32","0","0","0","-","-","-","0","0","0","0","0","0","0","0","0","-","0","0","0","0","0","0","0","0","0","0","0","0","0","0","0","0","0","0","0","0","0","0","0","0","0","0","0","0","0","0","0","0","0","0","0","0","0","0","0","0"
"0x7fc1235ae120","      S2R R4, SR_TID.X","0","0","0","32768","1048576","1048576","32","32","0","0","0","-","-","-","0","0","0","0","0","0","0","0","0","-","0","0","0","0","0","0","0","0","0","0","0","0","0","0","0","0","0","0","0","0","0","0","0","0","0","0","0","0","0","0","0","0","0","0","0","0","0","0","0","0"
"0x7fc1235ae130","      ULEA.HI UR5, UR63, UR63, URZ, 0x1","1","0","1","32768","1048576","1048576","32","32","0","0","0","-","-","-","0","0","0","0","0","0","0","0","0","-","0","0","0","0","0","0","0","0","0","0","0","0","0","0","0","0","0","0","1","0","0","0","0","0","0","0","0","0","0","0","0","0","0","0","0","0","0","0","0","0"
"0x7fc1235ae140","      IMAD.MOV R3, RZ, RZ, -R3","1","0","1","32768","1048576","1048576","32","32","0","0","0","-","-","-","0","0","0","0","0","0","0","0","0","-","0","0","0","0","0","0","0","0","0","0","0","0","0","0","0","0","0","0","1","0","0","0","0","0","0","0","0","0","0","0","0","0","0","0","0","0","0","0","0","0"
"0x7fc1235ae150","      UMOV UR31, UR63","0","0","0","32768","1048576","1048576","32","32","0","0","0","-","-","-","0","0","0","0","0","0","0","0","0","-","0","0","0","0","0","0","0","0","0","0","0","0","0","0","0","0","0","0","0","0","0","0","0","0","0","0","0","0","0","0","0","0","0","0","0","0","0","0","0","0"
"0x7fc1235ae160","      ULOP3.LUT UR6, UR5, 0xfffffffe, URZ, 0xc0, !UPT","2","0","2","32768","1048576","1048576","32","32","0","0","0","-","-","-","0","0","0","0","0","0","0","0","0","-","0","0","0","0","0","0","0","0","0","0","0","0","1","0","0","0","0","1","0","0","0","0","0","0","0","0","0","0","0","0","0","0","0","0","0","0","0","0","0","0"
"0x7fc1235ae170","      USHF.R.S32.HI UR7, URZ, 0x1, UR5","1","0","1","32768","1048576","1048576","32","32","0","0","0","-","-","-","0","0","0","0","0","0","0","0","0","-","0","0","0","0","0","0","0","0","0","0","0","0","0","0","0","0","0","0","1","0","0","0","0","0","0","0","0","0","0","0","0","0","0","0","0","0","0","0","0","0"
"0x7fc1235ae180","      UIADD3 UR5, UPT, UPT, -UR6, UR63, URZ","0","0","0","32768","1048576","1048576","32","32","0","0","0","-","-","-","0","0","0","0","0","0","0","0","0","-","0","0","0","0","0","0","0","0","0","0","0","0","0","0","0","0","0","0","0","0","0","0","0","0","0","0","0","0","0","0","0","0","0","0","0","0","0","0","0","0"
"0x7fc1235ae190","      IMAD.U32 R2, RZ, RZ, UR8","5","0","5","32768","1048576","1048576","32","32","0","0","0","-","-","-","0","0","0","0","0","0","0","0","0","-","0","0","0","0","0","0","0","0","0","0","0","0","2","0","0","0","0","3","0","0","0","0","0","0","0","0","0","0","0","0","0","0","0","0","0","0","0","0","0","0"
"0x7fc1235ae1a0","      MOV R9, UR7","1","0","1","32768","1048576","1048576","32","32","0","0","0","-","-","-","0","0","0","0","0","0","0","0","0","-","0","0","0","0","0","0","0","0","0","0","0","0","0","0","0","0","0","1","0","0","0","0","0","0","0","0","0","0","0","0","0","0","0","0","0","0","0","0","0","0"
"0x7fc1235ae1b0","      IMAD R2, R2, 0x800, R11","0","0","0","32768","1048576","1048576","32","32","0","0","0","-","-","-","0","0","0","0","0","0","0","0","0","-","0","0","0","0","0","0","0","0","0","0","0","0","0","0","0","0","0","0","0","0","0","0","0","0","0","0","0","0","0","0","0","0","0","0","0","0","0","0","0","0"
"0x7fc1235ae1c0","      IMAD.U32 R8, RZ, RZ, UR5","0","0","0","32768","1048576","1048576","32","32","0","0","0","-","-","-","0","0","0","0","0","0","0","0","0","-","0","0","0","0","0","0","0","0","0","0","0","0","0","0","0","0","0","0","0","0","0","0","0","0","0","0","0","0","0","0","0","0","0","0","0","0","0","0","0","0"
"0x7fc1235ae1d0","      ISETP.GT.U32.AND P1, PT, R4, 0x17f, PT","4","3","4","32768","1048576","1048576","32","32","0","0","0","-","-","-","0","0","0","0","0","0","0","0","0","-","0","0","0","0","0","0","0","0","1","0","0","0","0","0","0","0","0","0","0","3","0","0","0","0","0","0","0","0","0","0","0","0","0","0","0","0","3","0","0","0"
"0x7fc1235ae1e0","      MOV R0, R4","2","1","2","32768","1048576","1048576","32","32","0","0","0","-","-","-","0","0","0","0","0","0","0","0","0","-","0","0","0","0","0","0","0","0","0","0","0","0","0","0","0","0","0","0","1","0","0","0","1","0","0","0","0","0","0","0","0","0","0","0","0","0","0","0","0","1"
"0x7fc1235ae1f0","      S2R R5, SR_TID.X","227","152","227","524288","16777216","16777216","32","32","0","0","0","-","-","-","0","0","0","0","0","0","0","0","0","-","0","0","0","0","0","0","0","21","2","0","0","0","0","0","0","0","192","3","0","0","0","0","9","0","18","1","0","0","0","0","0","0","0","125","0","0","0","0","0","8"
"0x7fc1235ae200","      VIADD R4, R0, 0xffffff00","47","23","47","524288","16777216","16777216","32","32","0","0","0","-","-","-","0","0","0","0","0","0","0","0","0","-","0","0","0","0","0","0","0","0","0","0","0","0","1","0","0","0","33","4","9","0","0","0","0","0","0","0","0","0","0","0","0","0","0","23","0","0","0","0","0","0"
"0x7fc1235ae210","      LDCU.64 UR6, c[0x0][0x358]","11","0","11","524288","16777216","16777216","32","32","0","0","0","-","-","-","0","0","0","0","0","0","0","0","0","-","0","0","0","0","0","0","0","0","0","0","0","0","0","0","0","0","0","0","11","0","0","0","0","0","0","0","0","0","0","0","0","0","0","0","0","0","0","0","0","0"
"0x7fc1235ae220","      ISETP.NE.U32.AND P0, PT, R11, RZ, PT","10","0","10","524288","16777216","16777216","32","32","0","0","0","-","-","-","0","0","0","0","0","0","0","0","0","-","0","0","0","0","0","0","0","0","0","0","0","0","0","0","0","0","0","0","10","0","0","0","0","0","0","0","0","0","0","0","0","0","0","0","0","0","0","0","0","0"
"0x7fc1235ae230","      IMAD.WIDE R6, R2, 0x4, R14","11","0","11","524288","16777216","16777216","32","32","0","0","0","-","-","-","0","0","0","0","0","0","0","0","0","-","0","0","0","0","0","0","0","0","0","0","0","0","0","0","0","0","0","0","11","0","0","0","0","0","0","0","0","0","0","0","0","0","0","0","0","0","0","0","0","0"
"0x7fc1235ae240","      MOV R17, 0xffffffff","9","0","9","524288","16777216","16777216","32","32","0","0","0","-","-","-","0","0","0","0","0","0","0","0","0","-","0","0","0","0","0","0","0","0","0","0","0","0","0","0","0","0","0","0","9","0","0","0","0","0","0","0","0","0","0","0","0","0","0","0","0","0","0","0","0","0"
"0x7fc1235ae250","      ISETP.GE.OR P1, PT, R4, UR55, P1","57","11","57","524288","16777216","16777216","32","32","0","0","0","-","-","-","0","0","0","0","0","0","0","0","0","-","0","0","0","0","0","0","0","0","11","0","0","0","8","0","0","0","0","18","12","0","0","0","8","0","0","5","0","0","0","4","0","0","0","0","0","0","0","0","0","2"
"0x7fc1235ae260","      UISETP.GE.AND UP0, UPT, UR31, 0x2, UPT","7","0","7","524288","16777216","16777216","32","32","0","0","0","-","-","-","0","0","0","0","0","0","0","0","0","-","0","0","0","0","0","0","0","0","0","0","0","0","0","0","0","0","0","0","7","0","0","0","0","0","0","0","0","0","0","0","0","0","0","0","0","0","0","0","0","0"
"0x7fc1235ae270","      ULEA.HI UR5, UR31, UR31, URZ, 0x1","33","3","33","524288","16777216","16777216","32","32","0","0","0","-","-","-","0","0","0","0","0","0","0","0","0","-","0","0","0","0","0","0","0","0","0","0","0","0","0","0","0","0","0","4","11","0","0","0","18","0","0","0","0","0","0","0","0","0","0","0","0","0","0","0","0","3"
"0x7fc1235ae280","      ULOP3.LUT UR5, UR5, 0xfffffffe, URZ, 0xc0, !UPT","65","28","65","524288","16777216","16777216","32","32","0","0","0","-","-","-","0","0","0","0","0","0","0","0","0","-","0","0","0","0","0","0","0","0","2","0","0","0","0","0","0","0","0","15","9","0","0","0","39","0","0","0","0","0","0","0","0","0","0","0","0","0","0","0","0","28"
"0x7fc1235ae290","      UIADD3 UR23, UPT, UPT, -UR5, UR31, URZ","51","32","51","524288","16777216","16777216","32","32","0","0","0","-","-","-","0","0","0","0","0","0","0","0","0","-","0","0","0","0","0","0","0","0","0","0","0","0","0","0","0","0","0","3","8","0","0","0","40","0","0","0","0","0","0","0","0","0","0","0","0","0","0","0","0","32"
"0x7fc1235ae2a0","@!P1  LDG.E R17, desc[UR6][R6.64]","21","10","21","524288","16777216","16777216","32","32","0","0","0","Global","Load","32","524288","0","0","0","0","0","2097152","2097152","0","","0","0","0","0","0","0","0","0","0","0","0","0","0","0","0","0","0","0","10","0","0","0","11","0","0","0","0","0","0","0","0","0","0","0","0","0","0","0","0","10"
"0x7fc1235ae2b0","      ULEA UR7, UR23, UR4, 0x3","33","5","33","524288","16777216","16777216","32","32","0","0","0","-","-","-","0","0","0","0","0","0","0","0","0","-","0","0","0","0","0","0","0","0","1","0","0","0","0","0","0","0","0","5","13","0","0","0","14","0","0","0","0","0","0","0","0","0","0","0","0","0","0","0","0","5"
"0x7fc1235ae2c0","      ISETP.GT.U32.AND P1, PT, R5, 0x17f, PT","15","3","15","524288","16777216","16777216","32","32","0","0","0","-","-","-","0","0","0","0","0","0","0","0","0","-","0","0","0","0","0","0","0","0","0","0","0","0","0","0","0","0","0","0","8","7","0","0","0","0","0","0","0","0","0","0","0","0","0","0","0","0","3","0","0","0"
"0x7fc1235ae2d0","@!P0  IMAD.MOV.U32 R5, RZ, RZ, 0x12000","9","0","9","524288","16777216","131072","32","0","32","32","0","-","-","-","0","0","0","0","0","0","0","0","0","-","0","0","0","0","0","0","0","0","0","0","0","0","0","0","0","0","0","0","9","0","0","0","0","0","0","0","0","0","0","0","0","0","0","0","0","0","0","0","0","0"
"0x7fc1235ae2e0","      BRA.U !UP0, 0x7fc1235ae360","11","0","11","524288","16777216","16777216","32","32","32","0","0","-","-","-","0","0","0","0","0","0","0","0","0","-","0","0","0","0","0","0","0","0","0","0","0","0","0","0","0","0","0","0","11","0","0","0","0","0","0","0","0","0","0","0","0","0","0","0","0","0","0","0","0","0"
"0x7fc1235ae2f0","      VIADD R7, R9, 0xffffffff","158","86","158","523104","16739328","16739328","32","32","0","0","0","-","-","-","0","0","0","0","0","0","0","0","0","-","0","0","0","0","0","0","0","0","0","0","0","13","3","0","0","0","0","20","11","0","0","0","111","0","0","0","0","0","9","2","0","0","0","0","0","0","0","0","0","75"
"0x7fc1235ae300","      LEA.HI R4, R7, R7, RZ, 0x1","57","31","57","523104","16739328","16739328","32","32","0","0","0","-","-","-","0","0","0","0","0","0","0","0","0","-","0","0","0","0","0","0","0","0","3","0","0","0","2","0","0","0","0","4","8","0","0","0","40","0","0","1","0","0","0","1","0","0","0","0","0","0","0","0","0","29"
"0x7fc1235ae310","      LOP3.LUT R4, R4, 0xfffffffe, RZ, 0xc0, !PT","53","20","53","523104","16739328","16739328","32","32","0","0","0","-","-","-","0","0","0","0","0","0","0","0","0","-","0","0","0","0","0","0","0","0","0","0","0","0","10","0","0","0","0","5","11","0","0","0","27","0","0","0","0","0","0","6","0","0","0","0","0","0","0","0","0","14"
"0x7fc1235ae320","      IMAD.IADD R7, R7, 0x1, -R4","72","34","72","523104","16739328","16739328","32","32","0","0","0","-","-","-","0","0","0","0","0","0","0","0","0","-","0","0","0","0","0","0","0","0","1","0","0","0","5","0","0","0","0","11","12","0","0","0","43","0","0","1","0","0","0","4","0","0","0","0","0","0","0","0","0","29"
"0x7fc1235ae330","      SHF.L.U32 R7, R7, 0x1f, RZ","57","31","57","523104","16739328","16739328","32","32","0","0","0","-","-","-","0","0","0","0","0","0","0","0","0","-","0","0","0","0","0","0","0","0","1","0","0","0","2","0","0","0","0","4","9","0","0","0","41","0","0","0","0","0","0","2","0","0","0","0","0","0","0","0","0","29"
"0x7fc1235ae340","      SYNCS.PHASECHK.TRANS64.TRYWAIT P2, [UR7+0x2f958], R7","41","22","41","523104","16739328","16739328","32","32","0","0","0","-","-","-","0","0","0","0","0","0","0","0","0","-","0","0","0","0","0","0","0","0","0","0","0","0","0","0","0","0","0","2","7","0","0","0","32","0","0","0","0","0","0","0","0","0","0","0","0","0","0","0","0","22"
"0x7fc1235ae350","@!P2  BRA 0x7fc1235b33b0","16380","12001","16380","523104","16739328","14723488","32","28","4","4","0","-","-","-","0","0","0","0","0","0","0","0","0","-","0","0","0","0","0","0","0","0","0","0","0","16348","0","0","0","0","0","6","6","0","0","0","20","0","0","0","0","0","11987","0","0","0","0","0","0","0","0","0","0","14"
"0x7fc1235ae360","      ULEA UR39, UR23, UR4, 0x9","52","21","52","524288","16777216","16777216","32","32","4","0","0","-","-","-","0","0","0","0","0","0","0","0","0","-","0","0","0","0","0","0","0","0","0","0","0","0","0","0","0","0","0","2","11","0","0","0","39","0","0","0","0","0","0","0","0","0","0","0","0","0","0","0","0","21"
"0x7fc1235ae370","@P1   BRA 0x7fc1235ae420","12","0","12","524288","16777216","0","32","0","32","32","0","-","-","-","0","0","0","0","0","0","0","0","0","-","0","0","0","0","0","0","0","0","0","0","0","0","0","0","0","0","0","0","12","0","0","0","0","0","0","0","0","0","0","0","0","0","0","0","0","0","0","0","0","0"
"0x7fc1235ae380","      S2R R6, SR_TID.X","111","40","111","524288","16777216","16777216","32","32","32","0","0","-","-","-","0","0","0","0","0","0","0","0","0","-","0","0","0","0","0","0","0","0","0","0","0","0","0","0","0","0","0","1","10","0","0","0","100","0","0","0","0","0","0","0","0","0","0","0","0","0","0","0","0","40"
"0x7fc1235ae390","      ISETP.GT.AND P2, PT, R17, -0x1, PT","88","64","88","524288","16777216","16777216","32","32","0","0","0","-","-","-","0","0","0","0","0","0","0","0","0","-","0","0","0","0","0","0","0","0","0","0","0","81","1","0","0","0","0","0","6","0","0","0","0","0","0","0","0","0","64","0","0","0","0","0","0","0","0","0","0","0"
"0x7fc1235ae3a0","      IMAD.U32 R7, RZ, RZ, UR23","10","0","10","524288","16777216","16777216","32","32","0","0","0","-","-","-","0","0","0","0","0","0","0","0","0","-","0","0","0","0","0","0","0","0","0","0","0","0","0","0","0","0","0","0","10","0","0","0","0","0","0","0","0","0","0","0","0","0","0","0","0","0","0","0","0","0"
"0x7fc1235ae3b0","      VOTE.ANY R4, PT, P2","154","65","154","524288","16777216","16777216","32","32","0","0","0","-","-","-","0","0","0","0","0","0","0","0","0","-","0","0","0","0","0","0","0","0","0","0","0","0","23","0","0","0","0","12","11","0","0","0","108","0","0","0","0","0","0","15","0","0","0","0","0","0","0","0","0","50"
"0x7fc1235ae3c0","      LOP3.LUT P3, RZ, R6, 0x1f, RZ, 0xc0, !PT","91","36","91","524288","16777216","16777216","32","32","0","0","0","-","-","-","0","0","0","0","0","0","0","0","0","-","0","0","0","0","0","0","0","0","0","0","0","0","11","0","0","0","0","8","11","51","0","0","10","0","0","0","0","0","0","6","0","0","0","0","0","0","26","0","0","4"
"0x7fc1235ae3d0","      LEA R6, R6, UR39, 0x2","16","4","16","524288","16777216","16777216","32","32","0","0","0","-","-","-","0","0","0","0","0","0","0","0","0","-","0","0","0","0","0","0","0","0","0","0","0","0","0","0","0","0","0","0","9","0","0","0","7","0","0","0","0","0","0","0","0","0","0","0","0","0","0","0","0","4"
"0x7fc1235ae3e0","      STS [R6+0x2f100], R17","55","22","55","524288","16777216","16777216","32","32","0","0","0","Shared","Store","32","0","1","0","524288","524288","0","0","0","0","-","0","0","0","0","0","0","0","0","0","0","0","0","0","0","0","0","0","4","9","0","0","0","42","0","0","0","0","0","0","0","0","0","0","0","0","0","0","0","0","22"
"0x7fc1235ae3f0","@!P3  IMAD R7, R7, 0x4, R10","46","22","46","524288","16777216","524288","32","1","31","31","0","-","-","-","0","0","0","0","0","0","0","0","0","-","0","0","0","0","0","0","0","0","0","0","0","0","0","0","0","0","0","0","6","0","0","0","40","0","0","0","0","0","0","0","0","0","0","0","0","0","0","0","0","22"
"0x7fc1235ae400","@!P3  LEA R7, R7, UR4, 0x2","60","33","60","524288","16777216","524288","32","1","0","31","0","-","-","-","0","0","0","0","0","0","0","0","0","-","0","0","0","0","0","0","0","0","0","0","0","0","0","0","0","0","0","3","6","0","0","0","51","0","0","0","0","0","0","0","0","0","0","0","0","0","0","0","0","33"
"0x7fc1235ae410","@!P3  STS [R7+0x2f900], R4","62","29","62","524288","16777216","524288","32","1","0","31","0","Shared","Store","32","0","1","0","524288","524288","0","0","0","0","-","0","0","0","0","0","0","0","0","0","0","0","0","0","0","0","0","0","4","12","0","0","0","46","0","0","0","0","0","0","0","0","0","0","0","0","0","0","0","0","29"
"0x7fc1235ae420","      BAR.SYNC.DEFER_BLOCKING 0x2, 0x80","28","10","28","524288","16777216","16777216","32","32","31","0","0","-","-","-","0","0","0","0","0","0","0","0","0","-","0","0","0","0","0","0","0","0","0","0","0","0","0","0","0","0","0","1","13","0","0","0","14","0","0","0","0","0","0","0","0","0","0","0","0","0","0","0","0","10"
"0x7fc1235ae430","      BSSY.RECONVERGENT B0, 0x7fc1235af560","279","236","279","524288","16777216","16777216","32","32","0","0","0","-","-","-","0","0","0","0","0","0","0","0","0","-","0","0","0","0","0","0","221","0","0","0","0","0","0","0","0","0","0","2","9","0","0","0","47","203","0","0","0","0","0","0","0","0","0","0","0","0","0","0","0","33"
"0x7fc1235ae440","@!P0  SYNCS.ARRIVE.TRANS64 RZ, [UR7+0x2f948], R5","11","0","11","524288","16777216","131072","32","0","32","32","0","-","-","-","0","0","0","0","0","0","0","0","0","-","0","0","0","0","0","0","0","0","0","0","0","0","0","0","0","0","0","0","11","0","0","0","0","0","0","0","0","0","0","0","0","0","0","0","0","0","0","0","0","0"
"0x7fc1235ae450","      BAR.SYNC.DEFER_BLOCKING 0x2, 0x80","10","0","10","524288","16777216","16777216","32","32","32","0","0","-","-","-","0","0","0","0","0","0","0","0","0","-","0","0","0","0","0","0","0","0","0","0","0","0","0","0","0","0","0","0","10","0","0","0","0","0","0","0","0","0","0","0","0","0","0","0","0","0","0","0","0","0"
"0x7fc1235ae460","      ELECT P0, URZ, PT","8","0","8","524288","16777216","16777216","32","32","0","0","0","-","-","-","0","0","0","0","0","0","0","0","0","-","0","0","0","0","0","0","0","0","0","0","0","0","0","0","0","0","0","0","8","0","0","0","0","0","0","0","0","0","0","0","0","0","0","0","0","0","0","0","0","0"
"0x7fc1235ae470","@!P0  BRA 0x7fc1235af540","208","161","208","524288","16777216","16252928","32","31","1","1","524288","-","-","-","0","0","0","0","0","0","0","0","0","-","0","0","0","0","0","0","152","0","0","0","0","0","0","0","0","0","0","1","11","0","0","0","44","122","0","0","0","0","0","0","0","0","0","0","0","0","0","0","0","39"
"0x7fc1235ae480","      LDL R4, [R1]","96","76","96","524288","524288","524288","1","1","30","31","0","Local","Load","32","0","0","0","0","0","0","0","0","524288","-","0","0","0","0","0","0","0","32","0","0","0","0","0","0","0","0","0","1","4","13","0","0","46","0","24","0","0","0","0","0","0","0","0","0","0","0","11","0","0","41"
"0x7fc1235ae490","      ULEA UR6, UR23, UR47, 0x7","13","0","13","524288","524288","524288","1","1","0","31","0","-","-","-","0","0","0","0","0","0","0","0","0","-","0","0","0","0","0","0","0","0","0","0","0","0","0","0","0","0","0","0","13","0","0","0","0","0","0","0","0","0","0","0","0","0","0","0","0","0","0","0","0","0"
"0x7fc1235ae4a0","      UIADD3 UR41, UPT, UPT, UR7, 0x2f948, URZ","23","9","23","524288","524288","524288","1","1","0","31","0","-","-","-","0","0","0","0","0","0","0","0","0","-","0","0","0","0","0","0","0","0","0","0","0","0","0","0","0","0","0","2","7","0","0","0","14","0","0","0","0","0","0","0","0","0","0","0","0","0","0","0","0","9"
"0x7fc1235ae4b0","      ULEA UR6, UR6, UR4, 0x6","21","11","21","524288","524288","524288","1","1","0","31","0","-","-","-","0","0","0","0","0","0","0","0","0","-","0","0","0","0","0","0","0","0","0","0","0","0","0","0","0","0","0","0","9","0","0","0","12","0","0","0","0","0","0","0","0","0","0","0","0","0","0","0","0","11"
"0x7fc1235ae4c0","      UMOV UR10, UR42","10","0","10","524288","524288","524288","1","1","0","31","0","-","-","-","0","0","0","0","0","0","0","0","0","-","0","0","0","0","0","0","0","0","0","0","0","0","0","0","0","0","0","0","10","0","0","0","0","0","0","0","0","0","0","0","0","0","0","0","0","0","0","0","0","0"
"0x7fc1235ae4d0","      UMOV UR34, 0x80","13","0","13","524288","524288","524288","1","1","0","31","0","-","-","-","0","0","0","0","0","0","0","0","0","-","0","0","0","0","0","0","0","0","0","0","0","0","0","0","0","0","0","0","13","0","0","0","0","0","0","0","0","0","0","0","0","0","0","0","0","0","0","0","0","0"
"0x7fc1235ae4e0","      UIADD3 UR8, UPT, UPT, UR6, 0x29000, URZ","19","3","19","524288","524288","524288","1","1","0","31","0","-","-","-","0","0","0","0","0","0","0","0","0","-","0","0","0","0","0","0","0","0","0","0","0","0","0","0","0","0","0","1","11","0","0","0","7","0","0","0","0","0","0","0","0","0","0","0","0","0","0","0","0","3"
"0x7fc1235ae4f0","      UMOV UR65, UR41","12","0","12","524288","524288","524288","1","1","0","31","0","-","-","-","0","0","0","0","0","0","0","0","0","-","0","0","0","0","0","0","0","0","0","0","0","0","0","0","0","0","0","0","12","0","0","0","0","0","0","0","0","0","0","0","0","0","0","0","0","0","0","0","0","0"
"0x7fc1235ae500","      UMOV UR57, UR41","8","0","8","524288","524288","524288","1","1","0","31","0","-","-","-","0","0","0","0","0","0","0","0","0","-","0","0","0","0","0","0","0","0","0","0","0","0","0","0","0","0","0","0","8","0","0","0","0","0","0","0","0","0","0","0","0","0","0","0","0","0","0","0","0","0"
"0x7fc1235ae510","      UMOV UR49, UR41","24","0","24","524288","524288","524288","1","1","0","31","0","-","-","-","0","0","0","0","0","0","0","0","0","-","0","0","0","0","0","0","0","0","9","0","0","0","0","0","0","0","0","0","15","0","0","0","0","0","0","0","0","0","0","0","0","0","0","0","0","0","0","0","0","0"
"0x7fc1235ae520","      UMOV UR9, UR41","15","0","15","524288","524288","524288","1","1","0","31","0","-","-","-","0","0","0","0","0","0","0","0","0","-","0","0","0","0","0","0","0","0","0","0","0","0","0","0","0","0","0","0","15","0","0","0","0","0","0","0","0","0","0","0","0","0","0","0","0","0","0","0","0","0"
"0x7fc1235ae530","      UMOV UR33, UR41","12","0","12","524288","524288","524288","1","1","0","31","0","-","-","-","0","0","0","0","0","0","0","0","0","-","0","0","0","0","0","0","0","0","0","0","0","0","0","0","0","0","0","0","12","0","0","0","0","0","0","0","0","0","0","0","0","0","0","0","0","0","0","0","0","0"
"0x7fc1235ae540","      UMOV UR26, 0x100","29","0","29","524288","524288","524288","1","1","0","31","0","-","-","-","0","0","0","0","0","0","0","0","0","-","0","0","0","0","0","0","0","0","15","0","0","0","0","0","0","0","0","0","14","0","0","0","0","0","0","0","0","0","0","0","0","0","0","0","0","0","0","0","0","0"
"0x7fc1235ae550","      UMOV UR25, UR41","14","0","14","524288","524288","524288","1","1","0","31","0","-","-","-","0","0","0","0","0","0","0","0","0","-","0","0","0","0","0","0","0","0","1","0","0","0","0","0","0","0","0","0","13","0","0","0","0","0","0","0","0","0","0","0","0","0","0","0","0","0","0","0","0","0"
"0x7fc1235ae560","      UMOV UR18, 0x180","7","0","7","524288","524288","524288","1","1","0","31","0","-","-","-","0","0","0","0","0","0","0","0","0","-","0","0","0","0","0","0","0","0","0","0","0","0","0","0","0","0","0","0","7","0","0","0","0","0","0","0","0","0","0","0","0","0","0","0","0","0","0","0","0","0"
"0x7fc1235ae570","      UMOV UR17, UR41","5","0","5","524288","524288","524288","1","1","0","31","0","-","-","-","0","0","0","0","0","0","0","0","0","-","0","0","0","0","0","0","0","0","0","0","0","0","0","0","0","0","0","0","5","0","0","0","0","0","0","0","0","0","0","0","0","0","0","0","0","0","0","0","0","0"
"0x7fc1235ae580","      R2UR UR5, R4","142","99","142","524288","524288","524288","1","1","0","31","0","-","-","-","0","0","0","0","0","0","0","0","0","-","0","0","0","0","0","0","0","0","0","0","0","130","4","0","0","0","0","0","8","0","0","0","0","0","0","0","0","0","95","4","0","0","0","0","0","0","0","0","0","0"
"0x7fc1235ae590","      ULEA UR15, UR5, UR39, 0x7","139","126","139","524288","524288","524288","1","1","0","31","0","-","-","-","0","0","0","0","0","0","0","0","0","-","0","0","0","0","0","0","0","0","0","0","0","0","0","0","0","0","0","0","7","0","0","0","132","0","0","0","0","0","0","0","0","0","0","0","0","0","0","0","0","126"
"0x7fc1235ae5a0","      ULEA UR5, UR23, UR47, 0x9","19","10","19","524288","524288","524288","1","1","0","31","0","-","-","-","0","0","0","0","0","0","0","0","0","-","0","0","0","0","0","0","0","0","0","0","0","0","0","0","0","0","0","1","8","0","0","0","10","0","0","0","0","0","0","0","0","0","0","0","0","0","0","0","0","10"
"0x7fc1235ae5b0","      ULEA UR5, UR5, UR4, 0x7","34","22","34","524288","524288","524288","1","1","0","31","0","-","-","-","0","0","0","0","0","0","0","0","0","-","0","0","0","0","0","0","0","0","0","0","0","0","0","0","0","0","0","0","12","0","0","0","22","0","0","0","0","0","0","0","0","0","0","0","0","0","0","0","0","22"
"0x7fc1235ae5c0","      LDS.128 R4, [UR15+0x2f100]","38","26","38","524288","524288","524288","1","1","0","31","0","Shared","Load","128","0","1","0","524288","524288","0","0","0","0","-","0","0","0","0","0","0","0","0","0","0","0","0","0","0","0","0","0","0","12","0","0","0","26","0","0","0","0","0","0","0","0","0","0","0","0","0","0","0","0","26"
"0x7fc1235ae5d0","      UIADD3 UR40, UPT, UPT, UR5, 0x9000, URZ","7","0","7","524288","524288","524288","1","1","0","31","0","-","-","-","0","0","0","0","0","0","0","0","0","-","0","0","0","0","0","0","0","0","0","0","0","0","0","0","0","0","0","0","7","0","0","0","0","0","0","0","0","0","0","0","0","0","0","0","0","0","0","0","0","0"
"0x7fc1235ae5e0","      UIADD3 UR64, UPT, UPT, UR5, 0xd000, URZ","23","11","23","524288","524288","524288","1","1","0","31","0","-","-","-","0","0","0","0","0","0","0","0","0","-","0","0","0","0","0","0","0","0","0","0","0","0","0","0","0","0","0","0","12","0","0","0","11","0","0","0","0","0","0","0","0","0","0","0","0","0","0","0","0","11"
"0x7fc1235ae5f0","      UIADD3 UR56, UPT, UPT, UR5, 0x11000, URZ","22","9","22","524288","524288","524288","1","1","0","31","0","-","-","-","0","0","0","0","0","0","0","0","0","-","0","0","0","0","0","0","0","0","0","0","0","0","0","0","0","0","0","0","13","0","0","0","9","0","0","0","0","0","0","0","0","0","0","0","0","0","0","0","0","9"
"0x7fc1235ae600","      UIADD3 UR48, UPT, UPT, UR5, 0x15000, URZ","26","12","26","524288","524288","524288","1","1","0","31","0","-","-","-","0","0","0","0","0","0","0","0","0","-","0","0","0","0","0","0","0","0","0","0","0","0","0","0","0","0","0","1","13","0","0","0","12","0","0","0","0","0","0","0","0","0","0","0","0","0","0","0","0","12"
"0x7fc1235ae610","      UIADD3 UR32, UPT, UPT, UR5, 0xd200, URZ","25","13","25","524288","524288","524288","1","1","0","31","0","-","-","-","0","0","0","0","0","0","0","0","0","-","0","0","0","0","0","0","0","0","0","0","0","0","0","0","0","0","0","0","12","0","0","0","13","0","0","0","0","0","0","0","0","0","0","0","0","0","0","0","0","13"
"0x7fc1235ae620","      UIADD3 UR24, UPT, UPT, UR5, 0x11200, URZ","20","7","20","524288","524288","524288","1","1","0","31","0","-","-","-","0","0","0","0","0","0","0","0","0","-","0","0","0","0","0","0","0","0","0","0","0","0","0","0","0","0","0","1","12","0","0","0","7","0","0","0","0","0","0","0","0","0","0","0","0","0","0","0","0","7"
"0x7fc1235ae630","      UIADD3 UR16, UPT, UPT, UR5, 0x15200, URZ","19","10","19","524288","524288","524288","1","1","0","31","0","-","-","-","0","0","0","0","0","0","0","0","0","-","0","0","0","0","0","0","0","0","0","0","0","0","0","0","0","0","0","0","9","0","0","0","10","0","0","0","0","0","0","0","0","0","0","0","0","0","0","0","0","10"
"0x7fc1235ae640","      R2UR UR46, R7","123","108","123","524288","524288","524288","1","1","0","31","0","-","-","-","0","0","0","0","0","0","0","0","0","-","0","0","0","0","0","0","0","0","1","0","0","0","0","0","0","0","0","0","12","110","0","0","0","0","0","0","0","0","0","0","0","0","0","0","0","0","108","0","0","0"
"0x7fc1235ae650","      R2UR UR45, R6","14","5","14","524288","524288","524288","1","1","0","31","0","-","-","-","0","0","0","0","0","0","0","0","0","-","0","0","0","0","0","0","0","0","0","0","0","0","0","0","0","0","0","0","9","0","0","0","5","0","0","0","0","0","0","0","0","0","0","0","0","0","0","0","0","5"
"0x7fc1235ae660","      R2UR UR44, R5","17","6","17","524288","524288","524288","1","1","0","31","0","-","-","-","0","0","0","0","0","0","0","0","0","-","0","0","0","0","0","0","0","0","0","0","0","0","0","0","0","0","0","0","11","0","0","0","6","0","0","0","0","0","0","0","0","0","0","0","0","0","0","0","0","6"
"0x7fc1235ae670","      R2UR UR43, R4","17","6","17","524288","524288","524288","1","1","0","31","0","-","-","-","0","0","0","0","0","0","0","0","0","-","0","0","0","0","0","0","0","0","0","0","0","0","0","0","0","0","0","0","11","0","0","0","6","0","0","0","0","0","0","0","0","0","0","0","0","0","0","0","0","6"
"0x7fc1235ae680","      UMOV UR70, UR46","64","55","64","524288","524288","524288","1","1","0","31","0","-","-","-","0","0","0","0","0","0","0","0","0","-","0","0","0","0","0","0","0","0","0","0","0","0","0","0","0","0","0","0","9","0","0","0","55","0","0","0","0","0","0","0","0","0","0","0","0","0","0","0","0","55"
"0x7fc1235ae690","      UMOV UR62, UR46","11","0","11","524288","524288","524288","1","1","0","31","0","-","-","-","0","0","0","0","0","0","0","0","0","-","0","0","0","0","0","0","0","0","0","0","0","0","0","0","0","0","0","0","11","0","0","0","0","0","0","0","0","0","0","0","0","0","0","0","0","0","0","0","0","0"
"0x7fc1235ae6a0","      UMOV UR69, UR45","12","0","12","524288","524288","524288","1","1","0","31","0","-","-","-","0","0","0","0","0","0","0","0","0","-","0","0","0","0","0","0","0","0","0","0","0","0","0","0","0","0","0","0","12","0","0","0","0","0","0","0","0","0","0","0","0","0","0","0","0","0","0","0","0","0"
"0x7fc1235ae6b0","      UMOV UR61, UR45","14","0","14","524288","524288","524288","1","1","0","31","0","-","-","-","0","0","0","0","0","0","0","0","0","-","0","0","0","0","0","0","0","0","0","0","0","0","0","0","0","0","0","0","14","0","0","0","0","0","0","0","0","0","0","0","0","0","0","0","0","0","0","0","0","0"
"0x7fc1235ae6c0","      UMOV UR68, UR44","9","0","9","524288","524288","524288","1","1","0","31","0","-","-","-","0","0","0","0","0","0","0","0","0","-","0","0","0","0","0","0","0","0","0","0","0","0","0","0","0","0","0","0","9","0","0","0","0","0","0","0","0","0","0","0","0","0","0","0","0","0","0","0","0","0"
"0x7fc1235ae6d0","      UMOV UR60, UR44","10","0","10","524288","524288","524288","1","1","0","31","0","-","-","-","0","0","0","0","0","0","0","0","0","-","0","0","0","0","0","0","0","0","0","0","0","0","0","0","0","0","0","0","10","0","0","0","0","0","0","0","0","0","0","0","0","0","0","0","0","0","0","0","0","0"
"0x7fc1235ae6e0","      UMOV UR67, UR43","22","0","22","524288","524288","524288","1","1","0","31","0","-","-","-","0","0","0","0","0","0","0","0","0","-","0","0","0","0","0","0","0","0","15","0","0","0","0","0","0","0","0","0","7","0","0","0","0","0","0","0","0","0","0","0","0","0","0","0","0","0","0","0","0","0"
"0x7fc1235ae6f0","      UTMALDG.2D.GATHER4 [UR40], [UR72]","23","0","23","524288","524288","524288","1","1","0","31","0","Global,Shared","-","-","0","0","0","0","0","0","0","0","0","-","0","0","0","0","0","0","0","0","7","0","0","0","0","0","0","0","0","0","16","0","0","0","0","0","0","0","0","0","0","0","0","0","0","0","0","0","0","0","0","0"
"0x7fc1235ae700","      UMOV UR59, UR43","11","0","11","524288","524288","524288","1","1","0","31","0","-","-","-","0","0","0","0","0","0","0","0","0","-","0","0","0","0","0","0","0","0","0","0","0","0","0","0","0","0","0","0","11","0","0","0","0","0","0","0","0","0","0","0","0","0","0","0","0","0","0","0","0","0"
"0x7fc1235ae710","      UMOV UR51, UR43","18","0","18","524288","524288","524288","1","1","0","31","0","-","-","-","0","0","0","0","0","0","0","0","0","-","0","0","0","0","0","0","0","0","0","0","0","0","0","0","0","0","0","0","18","0","0","0","0","0","0","0","0","0","0","0","0","0","0","0","0","0","0","0","0","0"
"0x7fc1235ae720","      UMOV UR52, UR44","13","0","13","524288","524288","524288","1","1","0","31","0","-","-","-","0","0","0","0","0","0","0","0","0","-","0","0","0","0","0","0","0","0","0","0","0","0","0","0","0","0","0","0","13","0","0","0","0","0","0","0","0","0","0","0","0","0","0","0","0","0","0","0","0","0"
"0x7fc1235ae730","      UMOV UR53, UR45","7","0","7","524288","524288","524288","1","1","0","31","0","-","-","-","0","0","0","0","0","0","0","0","0","-","0","0","0","0","0","0","0","0","0","0","0","0","0","0","0","0","0","0","7","0","0","0","0","0","0","0","0","0","0","0","0","0","0","0","0","0","0","0","0","0"
"0x7fc1235ae740","      UMOV UR54, UR46","10","0","10","524288","524288","524288","1","1","0","31","0","-","-","-","0","0","0","0","0","0","0","0","0","-","0","0","0","0","0","0","0","0","0","0","0","0","0","0","0","0","0","0","10","0","0","0","0","0","0","0","0","0","0","0","0","0","0","0","0","0","0","0","0","0"
"0x7fc1235ae750","      UMOV UR11, UR43","10","0","10","524288","524288","524288","1","1","0","31","0","-","-","-","0","0","0","0","0","0","0","0","0","-","0","0","0","0","0","0","0","0","0","0","0","0","0","0","0","0","0","0","10","0","0","0","0","0","0","0","0","0","0","0","0","0","0","0","0","0","0","0","0","0"
"0x7fc1235ae760","      UMOV UR12, UR44","12","0","12","524288","524288","524288","1","1","0","31","0","-","-","-","0","0","0","0","0","0","0","0","0","-","0","0","0","0","0","0","0","0","0","0","0","0","0","0","0","0","0","0","12","0","0","0","0","0","0","0","0","0","0","0","0","0","0","0","0","0","0","0","0","0"
"0x7fc1235ae770","      UTMALDG.2D.GATHER4 [UR64], [UR72]","5","0","5","524288","524288","524288","1","1","0","31","0","Global,Shared","-","-","0","0","0","0","0","0","0","0","0","-","0","0","0","0","0","0","0","0","0","0","0","0","0","0","0","0","0","0","5","0","0","0","0","0","0","0","0","0","0","0","0","0","0","0","0","0","0","0","0","0"
"0x7fc1235ae780","      UMOV UR13, UR45","13","0","13","524288","524288","524288","1","1","0","31","0","-","-","-","0","0","0","0","0","0","0","0","0","-","0","0","0","0","0","0","0","0","0","0","0","0","0","0","0","0","0","0","13","0","0","0","0","0","0","0","0","0","0","0","0","0","0","0","0","0","0","0","0","0"
"0x7fc1235ae790","      UMOV UR14, UR46","17","0","17","524288","524288","524288","1","1","0","31","0","-","-","-","0","0","0","0","0","0","0","0","0","-","0","0","0","0","0","0","0","0","0","0","0","0","0","0","0","0","0","0","17","0","0","0","0","0","0","0","0","0","0","0","0","0","0","0","0","0","0","0","0","0"
"0x7fc1235ae7a0","      UTMALDG.2D.GATHER4 [UR56], [UR72]","13","0","13","524288","524288","524288","1","1","0","31","0","Global,Shared","-","-","0","0","0","0","0","0","0","0","0","-","0","0","0","0","0","0","0","0","0","0","0","0","0","0","0","0","0","0","13","0","0","0","0","0","0","0","0","0","0","0","0","0","0","0","0","0","0","0","0","0"
"0x7fc1235ae7b0","      UTMALDG.2D.GATHER4 [UR48], [UR72]","14","0","14","524288","524288","524288","1","1","0","31","0","Global,Shared","-","-","0","0","0","0","0","0","0","0","0","-","0","0","0","0","0","0","0","0","0","0","0","0","0","0","0","0","0","0","14","0","0","0","0","0","0","0","0","0","0","0","0","0","0","0","0","0","0","0","0","0"
"0x7fc1235ae7c0","      UTMALDG.2D.GATHER4 [UR8], [UR74]","114","99","114","524288","524288","524288","1","1","0","31","0","Global,Shared","-","-","0","0","0","0","0","0","0","0","0","-","0","0","0","0","0","0","0","0","0","0","0","0","0","0","106","0","0","0","8","0","0","0","0","0","0","0","0","0","0","0","0","99","0","0","0","0","0","0","0","0"
"0x7fc1235ae7d0","      UIADD3 UR40, UPT, UPT, UR5, 0x9200, URZ","11","0","11","524288","524288","524288","1","1","0","31","0","-","-","-","0","0","0","0","0","0","0","0","0","-","0","0","0","0","0","0","0","0","0","0","0","0","0","0","0","0","0","0","11","0","0","0","0","0","0","0","0","0","0","0","0","0","0","0","0","0","0","0","0","0"
"0x7fc1235ae7e0","      LDS.128 R4, [UR15+0x2f110]","6","0","6","524288","524288","524288","1","1","0","31","0","Shared","Load","128","0","1","0","524288","524288","0","0","0","0","-","0","0","0","0","0","0","0","0","0","0","0","0","0","0","0","0","0","0","6","0","0","0","0","0","0","0","0","0","0","0","0","0","0","0","0","0","0","0","0","0"
"0x7fc1235ae7f0","      UIADD3 UR8, UPT, UPT, UR6, 0x29100, URZ","625","603","625","524288","524288","524288","1","1","0","31","0","-","-","-","0","0","0","0","0","0","0","0","0","-","0","0","0","0","0","0","0","0","0","0","0","612","0","0","0","0","0","3","10","0","0","0","0","0","0","0","0","0","603","0","0","0","0","0","0","0","0","0","0","0"
"0x7fc1235ae800","      R2UR UR46, R7","28","20","28","524288","524288","524288","1","1","0","31","0","-","-","-","0","0","0","0","0","0","0","0","0","-","0","0","0","0","0","0","0","0","0","0","0","0","0","0","0","0","0","0","8","20","0","0","0","0","0","0","0","0","0","0","0","0","0","0","0","0","20","0","0","0"
"0x7fc1235ae810","      R2UR UR45, R6","25","10","25","524288","524288","524288","1","1","0","31","0","-","-","-","0","0","0","0","0","0","0","0","0","-","0","0","0","0","0","0","0","0","0","0","0","0","1","0","0","0","0","1","13","0","0","0","10","0","0","0","0","0","0","0","0","0","0","0","0","0","0","0","0","10"
"0x7fc1235ae820","      R2UR UR44, R5","27","9","27","524288","524288","524288","1","1","0","31","0","-","-","-","0","0","0","0","0","0","0","0","0","-","0","0","0","0","0","0","0","0","0","0","0","0","1","0","0","0","0","0","15","0","0","0","11","0","0","0","0","0","0","0","0","0","0","0","0","0","0","0","0","9"
"0x7fc1235ae830","      R2UR UR43, R4","21","10","21","524288","524288","524288","1","1","0","31","0","-","-","-","0","0","0","0","0","0","0","0","0","-","0","0","0","0","0","0","0","0","0","0","0","0","2","0","0","0","0","0","8","0","0","0","11","0","0","0","0","0","0","0","0","0","0","0","0","0","0","0","0","10"
"0x7fc1235ae840","      UMOV UR38, UR46","72","50","72","524288","524288","524288","1","1","0","31","0","-","-","-","0","0","0","0","0","0","0","0","0","-","0","0","0","0","0","0","0","0","0","0","0","0","0","0","0","0","0","6","12","0","0","0","54","0","0","0","0","0","0","0","0","0","0","0","0","0","0","0","0","50"
"0x7fc1235ae850","      UMOV UR30, UR46","10","0","10","524288","524288","524288","1","1","0","31","0","-","-","-","0","0","0","0","0","0","0","0","0","-","0","0","0","0","0","0","0","0","0","0","0","0","0","0","0","0","0","0","10","0","0","0","0","0","0","0","0","0","0","0","0","0","0","0","0","0","0","0","0","0"
"0x7fc1235ae860","      UMOV UR37, UR45","9","0","9","524288","524288","524288","1","1","0","31","0","-","-","-","0","0","0","0","0","0","0","0","0","-","0","0","0","0","0","0","0","0","0","0","0","0","0","0","0","0","0","0","9","0","0","0","0","0","0","0","0","0","0","0","0","0","0","0","0","0","0","0","0","0"
"0x7fc1235ae870","      UMOV UR29, UR45","14","0","14","524288","524288","524288","1","1","0","31","0","-","-","-","0","0","0","0","0","0","0","0","0","-","0","0","0","0","0","0","0","0","0","0","0","0","0","0","0","0","0","0","14","0","0","0","0","0","0","0","0","0","0","0","0","0","0","0","0","0","0","0","0","0"
"0x7fc1235ae880","      UMOV UR36, UR44","7","0","7","524288","524288","524288","1","1","0","31","0","-","-","-","0","0","0","0","0","0","0","0","0","-","0","0","0","0","0","0","0","0","0","0","0","0","0","0","0","0","0","0","7","0","0","0","0","0","0","0","0","0","0","0","0","0","0","0","0","0","0","0","0","0"
"0x7fc1235ae890","      UMOV UR28, UR44","9","0","9","524288","524288","524288","1","1","0","31","0","-","-","-","0","0","0","0","0","0","0","0","0","-","0","0","0","0","0","0","0","0","0","0","0","0","0","0","0","0","0","0","9","0","0","0","0","0","0","0","0","0","0","0","0","0","0","0","0","0","0","0","0","0"
"0x7fc1235ae8a0","      UMOV UR35, UR43","20","0","20","524288","524288","524288","1","1","0","31","0","-","-","-","0","0","0","0","0","0","0","0","0","-","0","0","0","0","0","0","0","0","6","0","0","0","0","0","0","0","0","0","14","0","0","0","0","0","0","0","0","0","0","0","0","0","0","0","0","0","0","0","0","0"
"0x7fc1235ae8b0","      UTMALDG.2D.GATHER4 [UR40], [UR72]","23","0","23","524288","524288","524288","1","1","0","31","0","Global,Shared","-","-","0","0","0","0","0","0","0","0","0","-","0","0","0","0","0","0","0","0","10","0","0","0","0","0","0","0","0","0","13","0","0","0","0","0","0","0","0","0","0","0","0","0","0","0","0","0","0","0","0","0"
"0x7fc1235ae8c0","      UMOV UR27, UR43","13","0","13","524288","524288","524288","1","1","0","31","0","-","-","-","0","0","0","0","0","0","0","0","0","-","0","0","0","0","0","0","0","0","0","0","0","0","0","0","0","0","0","0","13","0","0","0","0","0","0","0","0","0","0","0","0","0","0","0","0","0","0","0","0","0"
"0x7fc1235ae8d0","      UMOV UR19, UR43","11","0","11","524288","524288","524288","1","1","0","31","0","-","-","-","0","0","0","0","0","0","0","0","0","-","0","0","0","0","0","0","0","0","0","0","0","0","0","0","0","0","0","0","11","0","0","0","0","0","0","0","0","0","0","0","0","0","0","0","0","0","0","0","0","0"
"0x7fc1235ae8e0","      UMOV UR20, UR44","10","0","10","524288","524288","524288","1","1","0","31","0","-","-","-","0","0","0","0","0","0","0","0","0","-","0","0","0","0","0","0","0","0","0","0","0","0","0","0","0","0","0","0","10","0","0","0","0","0","0","0","0","0","0","0","0","0","0","0","0","0","0","0","0","0"
"0x7fc1235ae8f0","      UMOV UR21, UR45","4","0","4","524288","524288","524288","1","1","0","31","0","-","-","-","0","0","0","0","0","0","0","0","0","-","0","0","0","0","0","0","0","0","0","0","0","0","0","0","0","0","0","0","4","0","0","0","0","0","0","0","0","0","0","0","0","0","0","0","0","0","0","0","0","0"
"0x7fc1235ae900","      UMOV UR22, UR46","13","0","13","524288","524288","524288","1","1","0","31","0","-","-","-","0","0","0","0","0","0","0","0","0","-","0","0","0","0","0","0","0","0","0","0","0","0","0","0","0","0","0","0","13","0","0","0","0","0","0","0","0","0","0","0","0","0","0","0","0","0","0","0","0","0"
"0x7fc1235ae910","      UMOV UR11, UR43","6","0","6","524288","524288","524288","1","1","0","31","0","-","-","-","0","0","0","0","0","0","0","0","0","-","0","0","0","0","0","0","0","0","0","0","0","0","0","0","0","0","0","0","6","0","0","0","0","0","0","0","0","0","0","0","0","0","0","0","0","0","0","0","0","0"
"0x7fc1235ae920","      UMOV UR12, UR44","9","0","9","524288","524288","524288","1","1","0","31","0","-","-","-","0","0","0","0","0","0","0","0","0","-","0","0","0","0","0","0","0","0","0","0","0","0","0","0","0","0","0","0","9","0","0","0","0","0","0","0","0","0","0","0","0","0","0","0","0","0","0","0","0","0"
"0x7fc1235ae930","      UTMALDG.2D.GATHER4 [UR32], [UR72]","6","0","6","524288","524288","524288","1","1","0","31","0","Global,Shared","-","-","0","0","0","0","0","0","0","0","0","-","0","0","0","0","0","0","0","0","0","0","0","0","0","0","0","0","0","0","6","0","0","0","0","0","0","0","0","0","0","0","0","0","0","0","0","0","0","0","0","0"
"0x7fc1235ae940","      UMOV UR13, UR45","10","0","10","524288","524288","524288","1","1","0","31","0","-","-","-","0","0","0","0","0","0","0","0","0","-","0","0","0","0","0","0","0","0","0","0","0","0","0","0","0","0","0","0","10","0","0","0","0","0","0","0","0","0","0","0","0","0","0","0","0","0","0","0","0","0"
"0x7fc1235ae950","      UMOV UR14, UR46","13","0","13","524288","524288","524288","1","1","0","31","0","-","-","-","0","0","0","0","0","0","0","0","0","-","0","0","0","0","0","0","0","0","0","0","0","0","0","0","0","0","0","0","13","0","0","0","0","0","0","0","0","0","0","0","0","0","0","0","0","0","0","0","0","0"
"0x7fc1235ae960","      UTMALDG.2D.GATHER4 [UR24], [UR72]","9","0","9","524288","524288","524288","1","1","0","31","0","Global,Shared","-","-","0","0","0","0","0","0","0","0","0","-","0","0","0","0","0","0","0","0","0","0","0","0","0","0","0","0","0","0","9","0","0","0","0","0","0","0","0","0","0","0","0","0","0","0","0","0","0","0","0","0"
"0x7fc1235ae970","      UTMALDG.2D.GATHER4 [UR16], [UR72]","10","0","10","524288","524288","524288","1","1","0","31","0","Global,Shared","-","-","0","0","0","0","0","0","0","0","0","-","0","0","0","0","0","0","0","0","0","0","0","0","0","0","0","0","0","0","10","0","0","0","0","0","0","0","0","0","0","0","0","0","0","0","0","0","0","0","0","0"
"0x7fc1235ae980","      UTMALDG.2D.GATHER4 [UR8], [UR74]","120","103","120","524288","524288","524288","1","1","0","31","0","Global,Shared","-","-","0","0","0","0","0","0","0","0","0","-","0","0","0","0","0","0","0","0","0","0","0","0","0","0","105","0","3","1","11","0","0","0","0","0","0","0","0","0","0","0","0","100","0","3","0","0","0","0","0","0"
"0x7fc1235ae990","      UIADD3 UR40, UPT, UPT, UR5, 0x9400, URZ","10","0","10","524288","524288","524288","1","1","0","31","0","-","-","-","0","0","0","0","0","0","0","0","0","-","0","0","0","0","0","0","0","0","0","0","0","0","0","0","0","0","0","0","10","0","0","0","0","0","0","0","0","0","0","0","0","0","0","0","0","0","0","0","0","0"
"0x7fc1235ae9a0","      LDS.128 R4, [UR15+0x2f120]","12","0","12","524288","524288","524288","1","1","0","31","0","Shared","Load","128","0","1","0","524288","524288","0","0","0","0","-","0","0","0","0","0","0","0","0","0","0","0","0","0","0","0","0","0","0","12","0","0","0","0","0","0","0","0","0","0","0","0","0","0","0","0","0","0","0","0","0"
"0x7fc1235ae9b0","      UIADD3 UR32, UPT, UPT, UR5, 0xd400, URZ","57","47","57","524288","524288","524288","1","1","0","31","0","-","-","-","0","0","0","0","0","0","0","0","0","-","0","0","0","0","0","0","0","0","0","0","0","47","0","0","0","0","0","0","10","0","0","0","0","0","0","0","0","0","47","0","0","0","0","0","0","0","0","0","0","0"
"0x7fc1235ae9c0","      UIADD3 UR24, UPT, UPT, UR5, 0x11400, URZ","139","114","139","524288","524288","524288","1","1","0","31","0","-","-","-","0","0","0","0","0","0","0","0","0","-","0","0","0","0","0","0","0","0","1","0","0","113","0","0","0","0","0","4","17","0","0","0","4","0","0","0","0","0","110","0","0","0","0","0","0","0","0","0","0","4"
"0x7fc1235ae9d0","      UIADD3 UR16, UPT, UPT, UR5, 0x15400, URZ","191","173","191","524288","524288","524288","1","1","0","31","0","-","-","-","0","0","0","0","0","0","0","0","0","-","0","0","0","0","0","0","0","0","0","0","0","173","0","0","0","0","0","1","9","0","0","0","8","0","0","0","0","0","167","0","0","0","0","0","0","0","0","0","0","6"
"0x7fc1235ae9e0","      UIADD3 UR8, UPT, UPT, UR6, 0x29200, URZ","213","188","213","524288","524288","524288","1","1","0","31","0","-","-","-","0","0","0","0","0","0","0","0","0","-","0","0","0","0","0","0","0","0","1","0","0","191","0","0","0","0","0","5","11","0","0","0","5","0","0","0","0","0","183","0","0","0","0","0","0","0","0","0","0","5"
"0x7fc1235ae9f0","      R2UR UR46, R7","85","67","85","524288","524288","524288","1","1","0","31","0","-","-","-","0","0","0","0","0","0","0","0","0","-","0","0","0","0","0","0","0","0","0","0","0","0","1","0","0","0","0","0","8","76","0","0","0","0","0","0","0","0","0","0","0","0","0","0","0","0","67","0","0","0"
"0x7fc1235aea00","      R2UR UR45, R6","21","11","21","524288","524288","524288","1","1","0","31","0","-","-","-","0","0","0","0","0","0","0","0","0","-","0","0","0","0","0","0","0","0","0","0","0","0","1","0","0","0","0","1","8","0","0","0","11","0","0","0","0","0","0","0","0","0","0","0","0","0","0","0","0","11"
"0x7fc1235aea10","      R2UR UR44, R5","17","5","17","524288","524288","524288","1","1","0","31","0","-","-","-","0","0","0","0","0","0","0","0","0","-","0","0","0","0","0","0","0","0","0","0","0","0","1","0","0","0","0","0","10","0","0","0","6","0","0","0","0","0","0","0","0","0","0","0","0","0","0","0","0","5"
"0x7fc1235aea20","      R2UR UR43, R4","22","12","22","524288","524288","524288","1","1","0","31","0","-","-","-","0","0","0","0","0","0","0","0","0","-","0","0","0","0","0","0","0","0","1","0","0","0","0","0","0","0","0","0","9","0","0","0","12","0","0","0","0","0","0","0","0","0","0","0","0","0","0","0","0","12"
"0x7fc1235aea30","      UMOV UR38, UR46","87","64","87","524288","524288","524288","1","1","0","31","0","-","-","-","0","0","0","0","0","0","0","0","0","-","0","0","0","0","0","0","0","0","1","0","0","0","0","0","0","0","0","7","11","0","0","0","68","0","0","0","0","0","0","0","0","0","0","0","0","0","0","0","0","64"
"0x7fc1235aea40","      UMOV UR30, UR46","12","0","12","524288","524288","524288","1","1","0","31","0","-","-","-","0","0","0","0","0","0","0","0","0","-","0","0","0","0","0","0","0","0","0","0","0","0","0","0","0","0","0","0","12","0","0","0","0","0","0","0","0","0","0","0","0","0","0","0","0","0","0","0","0","0"
"0x7fc1235aea50","      UMOV UR37, UR45","10","0","10","524288","524288","524288","1","1","0","31","0","-","-","-","0","0","0","0","0","0","0","0","0","-","0","0","0","0","0","0","0","0","0","0","0","0","0","0","0","0","0","0","10","0","0","0","0","0","0","0","0","0","0","0","0","0","0","0","0","0","0","0","0","0"
"0x7fc1235aea60","      UMOV UR29, UR45","9","0","9","524288","524288","524288","1","1","0","31","0","-","-","-","0","0","0","0","0","0","0","0","0","-","0","0","0","0","0","0","0","0","0","0","0","0","0","0","0","0","0","0","9","0","0","0","0","0","0","0","0","0","0","0","0","0","0","0","0","0","0","0","0","0"
"0x7fc1235aea70","      UMOV UR36, UR44","13","0","13","524288","524288","524288","1","1","0","31","0","-","-","-","0","0","0","0","0","0","0","0","0","-","0","0","0","0","0","0","0","0","0","0","0","0","0","0","0","0","0","0","13","0","0","0","0","0","0","0","0","0","0","0","0","0","0","0","0","0","0","0","0","0"
"0x7fc1235aea80","      UMOV UR28, UR44","15","0","15","524288","524288","524288","1","1","0","31","0","-","-","-","0","0","0","0","0","0","0","0","0","-","0","0","0","0","0","0","0","0","0","0","0","0","0","0","0","0","0","0","15","0","0","0","0","0","0","0","0","0","0","0","0","0","0","0","0","0","0","0","0","0"
"0x7fc1235aea90","      UMOV UR35, UR43","14","0","14","524288","524288","524288","1","1","0","31","0","-","-","-","0","0","0","0","0","0","0","0","0","-","0","0","0","0","0","0","0","0","8","0","0","0","0","0","0","0","0","0","6","0","0","0","0","0","0","0","0","0","0","0","0","0","0","0","0","0","0","0","0","0"
"0x7fc1235aeaa0","      UTMALDG.2D.GATHER4 [UR40], [UR72]","18","0","18","524288","524288","524288","1","1","0","31","0","Global,Shared","-","-","0","0","0","0","0","0","0","0","0","-","0","0","0","0","0","0","0","0","9","0","0","0","0","0","0","0","0","0","9","0","0","0","0","0","0","0","0","0","0","0","0","0","0","0","0","0","0","0","0","0"
"0x7fc1235aeab0","      UMOV UR27, UR43","11","0","11","524288","524288","524288","1","1","0","31","0","-","-","-","0","0","0","0","0","0","0","0","0","-","0","0","0","0","0","0","0","0","0","0","0","0","0","0","0","0","0","0","11","0","0","0","0","0","0","0","0","0","0","0","0","0","0","0","0","0","0","0","0","0"
"0x7fc1235aeac0","      UMOV UR19, UR43","9","0","9","524288","524288","524288","1","1","0","31","0","-","-","-","0","0","0","0","0","0","0","0","0","-","0","0","0","0","0","0","0","0","0","0","0","0","0","0","0","0","0","0","9","0","0","0","0","0","0","0","0","0","0","0","0","0","0","0","0","0","0","0","0","0"
"0x7fc1235aead0","      UMOV UR20, UR44","13","0","13","524288","524288","524288","1","1","0","31","0","-","-","-","0","0","0","0","0","0","0","0","0","-","0","0","0","0","0","0","0","0","0","0","0","0","0","0","0","0","0","0","13","0","0","0","0","0","0","0","0","0","0","0","0","0","0","0","0","0","0","0","0","0"
"0x7fc1235aeae0","      UMOV UR21, UR45","9","0","9","524288","524288","524288","1","1","0","31","0","-","-","-","0","0","0","0","0","0","0","0","0","-","0","0","0","0","0","0","0","0","0","0","0","0","0","0","0","0","0","0","9","0","0","0","0","0","0","0","0","0","0","0","0","0","0","0","0","0","0","0","0","0"
"0x7fc1235aeaf0","      UMOV UR22, UR46","12","0","12","524288","524288","524288","1","1","0","31","0","-","-","-","0","0","0","0","0","0","0","0","0","-","0","0","0","0","0","0","0","0","0","0","0","0","0","0","0","0","0","0","12","0","0","0","0","0","0","0","0","0","0","0","0","0","0","0","0","0","0","0","0","0"
"0x7fc1235aeb00","      UMOV UR11, UR43","12","0","12","524288","524288","524288","1","1","0","31","0","-","-","-","0","0","0","0","0","0","0","0","0","-","0","0","0","0","0","0","0","0","0","0","0","0","0","0","0","0","0","0","12","0","0","0","0","0","0","0","0","0","0","0","0","0","0","0","0","0","0","0","0","0"
"0x7fc1235aeb10","      UMOV UR12, UR44","8","0","8","524288","524288","524288","1","1","0","31","0","-","-","-","0","0","0","0","0","0","0","0","0","-","0","0","0","0","0","0","0","0","0","0","0","0","0","0","0","0","0","0","8","0","0","0","0","0","0","0","0","0","0","0","0","0","0","0","0","0","0","0","0","0"
"0x7fc1235aeb20","      UTMALDG.2D.GATHER4 [UR32], [UR72]","11","1","11","524288","524288","524288","1","1","0","31","0","Global,Shared","-","-","0","0","0","0","0","0","0","0","0","-","0","0","0","0","0","0","0","0","0","0","0","0","0","0","1","0","0","0","10","0","0","0","0","0","0","0","0","0","0","0","0","1","0","0","0","0","0","0","0","0"
"0x7fc1235aeb30","      UMOV UR13, UR45","9","0","9","524288","524288","524288","1","1","0","31","0","-","-","-","0","0","0","0","0","0","0","0","0","-","0","0","0","0","0","0","0","0","0","0","0","0","0","0","0","0","0","0","9","0","0","0","0","0","0","0","0","0","0","0","0","0","0","0","0","0","0","0","0","0"
"0x7fc1235aeb40","      UMOV UR14, UR46","12","0","12","524288","524288","524288","1","1","0","31","0","-","-","-","0","0","0","0","0","0","0","0","0","-","0","0","0","0","0","0","0","0","0","0","0","0","0","0","0","0","0","0","12","0","0","0","0","0","0","0","0","0","0","0","0","0","0","0","0","0","0","0","0","0"
"0x7fc1235aeb50","      UTMALDG.2D.GATHER4 [UR24], [UR72]","7","0","7","524288","524288","524288","1","1","0","31","0","Global,Shared","-","-","0","0","0","0","0","0","0","0","0","-","0","0","0","0","0","0","0","0","0","0","0","0","0","0","0","0","0","0","7","0","0","0","0","0","0","0","0","0","0","0","0","0","0","0","0","0","0","0","0","0"
"0x7fc1235aeb60","      UTMALDG.2D.GATHER4 [UR16], [UR72]","10","1","10","524288","524288","524288","1","1","0","31","0","Global,Shared","-","-","0","0","0","0","0","0","0","0","0","-","0","0","0","0","0","0","0","0","0","0","0","0","0","0","1","0","0","0","9","0","0","0","0","0","0","0","0","0","0","0","0","1","0","0","0","0","0","0","0","0"
"0x7fc1235aeb70","      UTMALDG.2D.GATHER4 [UR8], [UR74]","154","134","154","524288","524288","524288","1","1","0","31","0","Global,Shared","-","-","0","0","0","0","0","0","0","0","0","-","0","0","0","0","0","0","0","0","0","0","0","0","0","0","141","0","0","1","12","0","0","0","0","0","0","0","0","0","0","0","0","134","0","0","0","0","0","0","0","0"
"0x7fc1235aeb80","      UIADD3 UR40, UPT, UPT, UR5, 0x9600, URZ","2","0","2","524288","524288","524288","1","1","0","31","0","-","-","-","0","0","0","0","0","0","0","0","0","-","0","0","0","0","0","0","0","0","0","0","0","0","0","0","0","0","0","0","2","0","0","0","0","0","0","0","0","0","0","0","0","0","0","0","0","0","0","0","0","0"
"0x7fc1235aeb90","      LDS.128 R4, [UR15+0x2f130]","12","0","12","524288","524288","524288","1","1","0","31","0","Shared","Load","128","0","1","0","524288","524288","0","0","0","0","-","0","0","0","0","0","0","0","0","0","0","0","0","0","0","0","0","0","0","12","0","0","0","0","0","0","0","0","0","0","0","0","0","0","0","0","0","0","0","0","0"
"0x7fc1235aeba0","      UIADD3 UR32, UPT, UPT, UR5, 0xd600, URZ","69","61","69","524288","524288","524288","1","1","0","31","0","-","-","-","0","0","0","0","0","0","0","0","0","-","0","0","0","0","0","0","0","0","0","0","0","62","0","0","0","0","0","0","7","0","0","0","0","0","0","0","0","0","61","0","0","0","0","0","0","0","0","0","0","0"
"0x7fc1235aebb0","      UIADD3 UR24, UPT, UPT, UR5, 0x11600, URZ","152","132","152","524288","524288","524288","1","1","0","31","0","-","-","-","0","0","0","0","0","0","0","0","0","-","0","0","0","0","0","0","0","0","0","0","0","130","0","0","0","0","0","0","16","0","0","0","6","0","0","0","0","0","127","0","0","0","0","0","0","0","0","0","0","5"
"0x7fc1235aebc0","      UIADD3 UR16, UPT, UPT, UR5, 0x15600, URZ","176","169","176","524288","524288","524288","1","1","0","31","0","-","-","-","0","0","0","0","0","0","0","0","0","-","0","0","0","0","0","0","0","0","0","0","0","156","0","0","0","0","0","0","7","0","0","0","13","0","0","0","0","0","156","0","0","0","0","0","0","0","0","0","0","13"
"0x7fc1235aebd0","      UIADD3 UR8, UPT, UPT, UR6, 0x29300, URZ","209","196","209","524288","524288","524288","1","1","0","31","0","-","-","-","0","0","0","0","0","0","0","0","0","-","0","0","0","0","0","0","0","0","0","0","0","192","0","0","0","0","0","0","13","0","0","0","4","0","0","0","0","0","192","0","0","0","0","0","0","0","0","0","0","4"
"0x7fc1235aebe0","      R2UR UR46, R7","369","310","369","524288","524288","524288","1","1","0","31","0","-","-","-","0","0","0","0","0","0","0","0","0","-","0","0","0","0","0","0","0","0","0","0","0","0","1","0","0","0","0","0","10","358","0","0","0","0","0","0","0","0","0","0","0","0","0","0","0","0","310","0","0","0"
"0x7fc1235aebf0","      R2UR UR45, R6","16","7","16","524288","524288","524288","1","1","0","31","0","-","-","-","0","0","0","0","0","0","0","0","0","-","0","0","0","0","0","0","0","0","0","0","0","0","0","0","0","0","0","0","8","0","0","0","8","0","0","0","0","0","0","0","0","0","0","0","0","0","0","0","0","7"
"0x7fc1235aec00","      R2UR UR44, R5","21","11","21","524288","524288","524288","1","1","0","31","0","-","-","-","0","0","0","0","0","0","0","0","0","-","0","0","0","0","0","0","0","0","0","0","0","0","0","0","0","0","0","0","10","0","0","0","11","0","0","0","0","0","0","0","0","0","0","0","0","0","0","0","0","11"
"0x7fc1235aec10","      R2UR UR43, R4","17","9","17","524288","524288","524288","1","1","0","31","0","-","-","-","0","0","0","0","0","0","0","0","0","-","0","0","0","0","0","0","0","0","0","0","0","0","1","0","0","0","0","0","8","0","0","0","8","0","0","0","0","0","0","1","0","0","0","0","0","0","0","0","0","8"
"0x7fc1235aec20","      UMOV UR38, UR46","79","62","79","524288","524288","524288","1","1","0","31","0","-","-","-","0","0","0","0","0","0","0","0","0","-","0","0","0","0","0","0","0","0","0","0","0","0","0","0","0","0","0","1","14","0","0","0","64","0","0","0","0","0","0","0","0","0","0","0","0","0","0","0","0","62"
"0x7fc1235aec30","      UMOV UR30, UR46","16","0","16","524288","524288","524288","1","1","0","31","0","-","-","-","0","0","0","0","0","0","0","0","0","-","0","0","0","0","0","0","0","0","0","0","0","0","0","0","0","0","0","0","16","0","0","0","0","0","0","0","0","0","0","0","0","0","0","0","0","0","0","0","0","0"
"0x7fc1235aec40","      UMOV UR37, UR45","11","0","11","524288","524288","524288","1","1","0","31","0","-","-","-","0","0","0","0","0","0","0","0","0","-","0","0","0","0","0","0","0","0","0","0","0","0","0","0","0","0","0","0","11","0","0","0","0","0","0","0","0","0","0","0","0","0","0","0","0","0","0","0","0","0"
"0x7fc1235aec50","      UMOV UR29, UR45","18","0","18","524288","524288","524288","1","1","0","31","0","-","-","-","0","0","0","0","0","0","0","0","0","-","0","0","0","0","0","0","0","0","0","0","0","0","0","0","0","0","0","0","18","0","0","0","0","0","0","0","0","0","0","0","0","0","0","0","0","0","0","0","0","0"
"0x7fc1235aec60","      UMOV UR36, UR44","12","0","12","524288","524288","524288","1","1","0","31","0","-","-","-","0","0","0","0","0","0","0","0","0","-","0","0","0","0","0","0","0","0","0","0","0","0","0","0","0","0","0","0","12","0","0","0","0","0","0","0","0","0","0","0","0","0","0","0","0","0","0","0","0","0"
"0x7fc1235aec70","      UMOV UR28, UR44","11","0","11","524288","524288","524288","1","1","0","31","0","-","-","-","0","0","0","0","0","0","0","0","0","-","0","0","0","0","0","0","0","0","0","0","0","0","0","0","0","0","0","0","11","0","0","0","0","0","0","0","0","0","0","0","0","0","0","0","0","0","0","0","0","0"
"0x7fc1235aec80","      UMOV UR35, UR43","23","0","23","524288","524288","524288","1","1","0","31","0","-","-","-","0","0","0","0","0","0","0","0","0","-","0","0","0","0","0","0","0","0","11","0","0","0","0","0","0","0","0","0","12","0","0","0","0","0","0","0","0","0","0","0","0","0","0","0","0","0","0","0","0","0"
"0x7fc1235aec90","      UTMALDG.2D.GATHER4 [UR40], [UR72]","20","0","20","524288","524288","524288","1","1","0","31","0","Global,Shared","-","-","0","0","0","0","0","0","0","0","0","-","0","0","0","0","0","0","0","0","7","0","0","0","0","0","0","0","0","0","13","0","0","0","0","0","0","0","0","0","0","0","0","0","0","0","0","0","0","0","0","0"
"0x7fc1235aeca0","      UMOV UR27, UR43","13","0","13","524288","524288","524288","1","1","0","31","0","-","-","-","0","0","0","0","0","0","0","0","0","-","0","0","0","0","0","0","0","0","0","0","0","0","0","0","0","0","0","0","13","0","0","0","0","0","0","0","0","0","0","0","0","0","0","0","0","0","0","0","0","0"
"0x7fc1235aecb0","      UMOV UR19, UR43","12","0","12","524288","524288","524288","1","1","0","31","0","-","-","-","0","0","0","0","0","0","0","0","0","-","0","0","0","0","0","0","0","0","0","0","0","0","0","0","0","0","0","0","12","0","0","0","0","0","0","0","0","0","0","0","0","0","0","0","0","0","0","0","0","0"
"0x7fc1235aecc0","      UMOV UR20, UR44","10","0","10","524288","524288","524288","1","1","0","31","0","-","-","-","0","0","0","0","0","0","0","0","0","-","0","0","0","0","0","0","0","0","0","0","0","0","0","0","0","0","0","0","10","0","0","0","0","0","0","0","0","0","0","0","0","0","0","0","0","0","0","0","0","0"
"0x7fc1235aecd0","      UMOV UR21, UR45","12","0","12","524288","524288","524288","1","1","0","31","0","-","-","-","0","0","0","0","0","0","0","0","0","-","0","0","0","0","0","0","0","0","0","0","0","0","0","0","0","0","0","0","12","0","0","0","0","0","0","0","0","0","0","0","0","0","0","0","0","0","0","0","0","0"
"0x7fc1235aece0","      UMOV UR22, UR46","7","0","7","524288","524288","524288","1","1","0","31","0","-","-","-","0","0","0","0","0","0","0","0","0","-","0","0","0","0","0","0","0","0","0","0","0","0","0","0","0","0","0","0","7","0","0","0","0","0","0","0","0","0","0","0","0","0","0","0","0","0","0","0","0","0"
"0x7fc1235aecf0","      UMOV UR11, UR43","8","0","8","524288","524288","524288","1","1","0","31","0","-","-","-","0","0","0","0","0","0","0","0","0","-","0","0","0","0","0","0","0","0","0","0","0","0","0","0","0","0","0","0","8","0","0","0","0","0","0","0","0","0","0","0","0","0","0","0","0","0","0","0","0","0"
"0x7fc1235aed00","      UMOV UR12, UR44","6","0","6","524288","524288","524288","1","1","0","31","0","-","-","-","0","0","0","0","0","0","0","0","0","-","0","0","0","0","0","0","0","0","0","0","0","0","0","0","0","0","0","0","6","0","0","0","0","0","0","0","0","0","0","0","0","0","0","0","0","0","0","0","0","0"
"0x7fc1235aed10","      UTMALDG.2D.GATHER4 [UR32], [UR72]","5","0","5","524288","524288","524288","1","1","0","31","0","Global,Shared","-","-","0","0","0","0","0","0","0","0","0","-","0","0","0","0","0","0","0","0","0","0","0","0","0","0","0","0","0","0","5","0","0","0","0","0","0","0","0","0","0","0","0","0","0","0","0","0","0","0","0","0"
"0x7fc1235aed20","      UMOV UR13, UR45","12","0","12","524288","524288","524288","1","1","0","31","0","-","-","-","0","0","0","0","0","0","0","0","0","-","0","0","0","0","0","0","0","0","0","0","0","0","0","0","0","0","0","0","12","0","0","0","0","0","0","0","0","0","0","0","0","0","0","0","0","0","0","0","0","0"
"0x7fc1235aed30","      UMOV UR14, UR46","6","0","6","524288","524288","524288","1","1","0","31","0","-","-","-","0","0","0","0","0","0","0","0","0","-","0","0","0","0","0","0","0","0","0","0","0","0","0","0","0","0","0","0","6","0","0","0","0","0","0","0","0","0","0","0","0","0","0","0","0","0","0","0","0","0"
"0x7fc1235aed40","      UTMALDG.2D.GATHER4 [UR24], [UR72]","7","0","7","524288","524288","524288","1","1","0","31","0","Global,Shared","-","-","0","0","0","0","0","0","0","0","0","-","0","0","0","0","0","0","0","0","0","0","0","0","0","0","0","0","0","0","7","0","0","0","0","0","0","0","0","0","0","0","0","0","0","0","0","0","0","0","0","0"
"0x7fc1235aed50","      UTMALDG.2D.GATHER4 [UR16], [UR72]","9","1","9","524288","524288","524288","1","1","0","31","0","Global,Shared","-","-","0","0","0","0","0","0","0","0","0","-","0","0","0","0","0","0","0","0","0","0","0","0","0","0","1","0","0","0","8","0","0","0","0","0","0","0","0","0","0","0","0","1","0","0","0","0","0","0","0","0"
"0x7fc1235aed60","      UTMALDG.2D.GATHER4 [UR8], [UR74]","144","134","144","524288","524288","524288","1","1","0","31","0","Global,Shared","-","-","0","0","0","0","0","0","0","0","0","-","0","0","0","0","0","0","0","0","0","0","0","0","0","0","135","0","0","0","9","0","0","0","0","0","0","0","0","0","0","0","0","134","0","0","0","0","0","0","0","0"
"0x7fc1235aed70","      UIADD3 UR40, UPT, UPT, UR5, 0x9800, URZ","16","0","16","524288","524288","524288","1","1","0","31","0","-","-","-","0","0","0","0","0","0","0","0","0","-","0","0","0","0","0","0","0","0","0","0","0","0","0","0","0","0","0","0","16","0","0","0","0","0","0","0","0","0","0","0","0","0","0","0","0","0","0","0","0","0"
"0x7fc1235aed80","      LDS.128 R4, [UR15+0x2f140]","17","0","17","524288","524288","524288","1","1","0","31","0","Shared","Load","128","0","1","0","524288","524288","0","0","0","0","-","0","0","0","0","0","0","0","0","0","0","0","0","0","0","0","0","0","0","17","0","0","0","0","0","0","0","0","0","0","0","0","0","0","0","0","0","0","0","0","0"
"0x7fc1235aed90","      UIADD3 UR32, UPT, UPT, UR5, 0xd800, URZ","63","51","63","524288","524288","524288","1","1","0","31","0","-","-","-","0","0","0","0","0","0","0","0","0","-","0","0","0","0","0","0","0","0","0","0","0","53","0","0","0","0","0","0","10","0","0","0","0","0","0","0","0","0","51","0","0","0","0","0","0","0","0","0","0","0"
"0x7fc1235aeda0","      UIADD3 UR24, UPT, UPT, UR5, 0x11800, URZ","151","142","151","524288","524288","524288","1","1","0","31","0","-","-","-","0","0","0","0","0","0","0","0","0","-","0","0","0","0","0","0","0","0","0","0","0","131","0","0","0","0","0","1","6","0","0","0","13","0","0","0","0","0","129","0","0","0","0","0","0","0","0","0","0","13"
"0x7fc1235aedb0","      UIADD3 UR16, UPT, UPT, UR5, 0x15800, URZ","167","160","167","524288","524288","524288","1","1","0","31","0","-","-","-","0","0","0","0","0","0","0","0","0","-","0","0","0","0","0","0","0","0","0","0","0","156","0","0","0","0","0","0","6","0","0","0","5","0","0","0","0","0","155","0","0","0","0","0","0","0","0","0","0","5"
"0x7fc1235aedc0","      UIADD3 UR8, UPT, UPT, UR6, 0x29400, URZ","159","141","159","524288","524288","524288","1","1","0","31","0","-","-","-","0","0","0","0","0","0","0","0","0","-","0","0","0","0","0","0","0","0","0","0","0","137","0","0","0","0","0","2","13","0","0","0","7","0","0","0","0","0","134","0","0","0","0","0","0","0","0","0","0","7"
"0x7fc1235aedd0","      R2UR UR46, R7","349","324","349","524288","524288","524288","1","1","0","31","0","-","-","-","0","0","0","0","0","0","0","0","0","-","0","0","0","0","0","0","0","0","0","0","0","0","0","0","0","0","0","0","5","344","0","0","0","0","0","0","0","0","0","0","0","0","0","0","0","0","324","0","0","0"
"0x7fc1235aede0","      R2UR UR45, R6","22","7","22","524288","524288","524288","1","1","0","31","0","-","-","-","0","0","0","0","0","0","0","0","0","-","0","0","0","0","0","0","0","0","0","0","0","0","0","0","0","0","0","0","15","0","0","0","7","0","0","0","0","0","0","0","0","0","0","0","0","0","0","0","0","7"
"0x7fc1235aedf0","      R2UR UR44, R5","16","4","16","524288","524288","524288","1","1","0","31","0","-","-","-","0","0","0","0","0","0","0","0","0","-","0","0","0","0","0","0","0","0","0","0","0","0","0","0","0","0","0","0","12","0","0","0","4","0","0","0","0","0","0","0","0","0","0","0","0","0","0","0","0","4"
"0x7fc1235aee00","      R2UR UR43, R4","21","9","21","524288","524288","524288","1","1","0","31","0","-","-","-","0","0","0","0","0","0","0","0","0","-","0","0","0","0","0","0","0","0","0","0","0","0","0","0","0","0","0","0","12","0","0","0","9","0","0","0","0","0","0","0","0","0","0","0","0","0","0","0","0","9"
"0x7fc1235aee10","      UMOV UR38, UR46","70","60","70","524288","524288","524288","1","1","0","31","0","-","-","-","0","0","0","0","0","0","0","0","0","-","0","0","0","0","0","0","0","0","0","0","0","0","0","0","0","0","0","0","10","0","0","0","60","0","0","0","0","0","0","0","0","0","0","0","0","0","0","0","0","60"
"0x7fc1235aee20","      UMOV UR30, UR46","10","0","10","524288","524288","524288","1","1","0","31","0","-","-","-","0","0","0","0","0","0","0","0","0","-","0","0","0","0","0","0","0","0","0","0","0","0","0","0","0","0","0","0","10","0","0","0","0","0","0","0","0","0","0","0","0","0","0","0","0","0","0","0","0","0"
"0x7fc1235aee30","      UMOV UR37, UR45","11","0","11","524288","524288","524288","1","1","0","31","0","-","-","-","0","0","0","0","0","0","0","0","0","-","0","0","0","0","0","0","0","0","0","0","0","0","0","0","0","0","0","0","11","0","0","0","0","0","0","0","0","0","0","0","0","0","0","0","0","0","0","0","0","0"
"0x7fc1235aee40","      UMOV UR29, UR45","13","0","13","524288","524288","524288","1","1","0","31","0","-","-","-","0","0","0","0","0","0","0","0","0","-","0","0","0","0","0","0","0","0","0","0","0","0","0","0","0","0","0","0","13","0","0","0","0","0","0","0","0","0","0","0","0","0","0","0","0","0","0","0","0","0"
"0x7fc1235aee50","      UMOV UR36, UR44","4","0","4","524288","524288","524288","1","1","0","31","0","-","-","-","0","0","0","0","0","0","0","0","0","-","0","0","0","0","0","0","0","0","0","0","0","0","0","0","0","0","0","0","4","0","0","0","0","0","0","0","0","0","0","0","0","0","0","0","0","0","0","0","0","0"
"0x7fc1235aee60","      UMOV UR28, UR44","11","0","11","524288","524288","524288","1","1","0","31","0","-","-","-","0","0","0","0","0","0","0","0","0","-","0","0","0","0","0","0","0","0","0","0","0","0","0","0","0","0","0","0","11","0","0","0","0","0","0","0","0","0","0","0","0","0","0","0","0","0","0","0","0","0"
"0x7fc1235aee70","      UMOV UR35, UR43","18","0","18","524288","524288","524288","1","1","0","31","0","-","-","-","0","0","0","0","0","0","0","0","0","-","0","0","0","0","0","0","0","0","10","0","0","0","0","0","0","0","0","0","8","0","0","0","0","0","0","0","0","0","0","0","0","0","0","0","0","0","0","0","0","0"
"0x7fc1235aee80","      UTMALDG.2D.GATHER4 [UR40], [UR72]","24","0","24","524288","524288","524288","1","1","0","31","0","Global,Shared","-","-","0","0","0","0","0","0","0","0","0","-","0","0","0","0","0","0","0","0","9","0","0","0","0","0","0","0","0","0","15","0","0","0","0","0","0","0","0","0","0","0","0","0","0","0","0","0","0","0","0","0"
"0x7fc1235aee90","      UMOV UR27, UR43","5","0","5","524288","524288","524288","1","1","0","31","0","-","-","-","0","0","0","0","0","0","0","0","0","-","0","0","0","0","0","0","0","0","0","0","0","0","0","0","0","0","0","0","5","0","0","0","0","0","0","0","0","0","0","0","0","0","0","0","0","0","0","0","0","0"
"0x7fc1235aeea0","      UMOV UR19, UR43","11","0","11","524288","524288","524288","1","1","0","31","0","-","-","-","0","0","0","0","0","0","0","0","0","-","0","0","0","0","0","0","0","0","0","0","0","0","0","0","0","0","0","0","11","0","0","0","0","0","0","0","0","0","0","0","0","0","0","0","0","0","0","0","0","0"
"0x7fc1235aeeb0","      UMOV UR20, UR44","11","0","11","524288","524288","524288","1","1","0","31","0","-","-","-","0","0","0","0","0","0","0","0","0","-","0","0","0","0","0","0","0","0","0","0","0","0","0","0","0","0","0","0","11","0","0","0","0","0","0","0","0","0","0","0","0","0","0","0","0","0","0","0","0","0"
"0x7fc1235aeec0","      UMOV UR21, UR45","12","0","12","524288","524288","524288","1","1","0","31","0","-","-","-","0","0","0","0","0","0","0","0","0","-","0","0","0","0","0","0","0","0","0","0","0","0","0","0","0","0","0","0","12","0","0","0","0","0","0","0","0","0","0","0","0","0","0","0","0","0","0","0","0","0"
"0x7fc1235aeed0","      UMOV UR22, UR46","15","0","15","524288","524288","524288","1","1","0","31","0","-","-","-","0","0","0","0","0","0","0","0","0","-","0","0","0","0","0","0","0","0","0","0","0","0","0","0","0","0","0","0","15","0","0","0","0","0","0","0","0","0","0","0","0","0","0","0","0","0","0","0","0","0"
"0x7fc1235aeee0","      UMOV UR11, UR43","13","0","13","524288","524288","524288","1","1","0","31","0","-","-","-","0","0","0","0","0","0","0","0","0","-","0","0","0","0","0","0","0","0","0","0","0","0","0","0","0","0","0","0","13","0","0","0","0","0","0","0","0","0","0","0","0","0","0","0","0","0","0","0","0","0"
"0x7fc1235aeef0","      UMOV UR12, UR44","7","0","7","524288","524288","524288","1","1","0","31","0","-","-","-","0","0","0","0","0","0","0","0","0","-","0","0","0","0","0","0","0","0","0","0","0","0","0","0","0","0","0","0","7","0","0","0","0","0","0","0","0","0","0","0","0","0","0","0","0","0","0","0","0","0"
"0x7fc1235aef00","      UTMALDG.2D.GATHER4 [UR32], [UR72]","10","0","10","524288","524288","524288","1","1","0","31","0","Global,Shared","-","-","0","0","0","0","0","0","0","0","0","-","0","0","0","0","0","0","0","0","0","0","0","0","0","0","0","0","0","0","10","0","0","0","0","0","0","0","0","0","0","0","0","0","0","0","0","0","0","0","0","0"
"0x7fc1235aef10","      UMOV UR13, UR45","10","0","10","524288","524288","524288","1","1","0","31","0","-","-","-","0","0","0","0","0","0","0","0","0","-","0","0","0","0","0","0","0","0","0","0","0","0","0","0","0","0","0","0","10","0","0","0","0","0","0","0","0","0","0","0","0","0","0","0","0","0","0","0","0","0"
"0x7fc1235aef20","      UMOV UR14, UR46","8","0","8","524288","524288","524288","1","1","0","31","0","-","-","-","0","0","0","0","0","0","0","0","0","-","0","0","0","0","0","0","0","0","0","0","0","0","0","0","0","0","0","0","8","0","0","0","0","0","0","0","0","0","0","0","0","0","0","0","0","0","0","0","0","0"
"0x7fc1235aef30","      UTMALDG.2D.GATHER4 [UR24], [UR72]","14","0","14","524288","524288","524288","1","1","0","31","0","Global,Shared","-","-","0","0","0","0","0","0","0","0","0","-","0","0","0","0","0","0","0","0","0","0","0","0","0","0","0","0","0","0","14","0","0","0","0","0","0","0","0","0","0","0","0","0","0","0","0","0","0","0","0","0"
"0x7fc1235aef40","      UTMALDG.2D.GATHER4 [UR16], [UR72]","8","2","8","524288","524288","524288","1","1","0","31","0","Global,Shared","-","-","0","0","0","0","0","0","0","0","0","-","0","0","0","0","0","0","0","0","0","0","0","0","0","0","2","0","0","0","6","0","0","0","0","0","0","0","0","0","0","0","0","2","0","0","0","0","0","0","0","0"
"0x7fc1235aef50","      UTMALDG.2D.GATHER4 [UR8], [UR74]","171","159","171","524288","524288","524288","1","1","0","31","0","Global,Shared","-","-","0","0","0","0","0","0","0","0","0","-","0","0","0","0","0","0","0","0","0","0","0","0","0","0","161","0","0","0","10","0","0","0","0","0","0","0","0","0","0","0","0","159","0","0","0","0","0","0","0","0"
"0x7fc1235aef60","      UIADD3 UR40, UPT, UPT, UR5, 0x9a00, URZ","11","0","11","524288","524288","524288","1","1","0","31","0","-","-","-","0","0","0","0","0","0","0","0","0","-","0","0","0","0","0","0","0","0","0","0","0","0","0","0","0","0","0","0","11","0","0","0","0","0","0","0","0","0","0","0","0","0","0","0","0","0","0","0","0","0"
"0x7fc1235aef70","      LDS.128 R4, [UR15+0x2f150]","9","0","9","524288","524288","524288","1","1","0","31","0","Shared","Load","128","0","1","0","524288","524288","0","0","0","0","-","0","0","0","0","0","0","0","0","0","0","0","0","0","0","0","0","0","0","9","0","0","0","0","0","0","0","0","0","0","0","0","0","0","0","0","0","0","0","0","0"
"0x7fc1235aef80","      UIADD3 UR32, UPT, UPT, UR5, 0xda00, URZ","58","47","58","524288","524288","524288","1","1","0","31","0","-","-","-","0","0","0","0","0","0","0","0","0","-","0","0","0","0","0","0","0","0","0","0","0","47","0","0","0","0","0","0","11","0","0","0","0","0","0","0","0","0","47","0","0","0","0","0","0","0","0","0","0","0"
"0x7fc1235aef90","      UIADD3 UR24, UPT, UPT, UR5, 0x11a00, URZ","165","143","165","524288","524288","524288","1","1","0","31","0","-","-","-","0","0","0","0","0","0","0","0","0","-","0","0","0","0","0","0","0","0","0","0","0","139","0","0","0","0","0","1","17","0","0","0","8","0","0","0","0","0","135","0","0","0","0","0","0","0","0","0","0","8"
"0x7fc1235aefa0","      UIADD3 UR16, UPT, UPT, UR5, 0x15a00, URZ","181","164","181","524288","524288","524288","1","1","0","31","0","-","-","-","0","0","0","0","0","0","0","0","0","-","0","0","0","0","0","0","0","0","0","0","0","158","0","0","0","0","0","0","9","0","0","0","14","0","0","0","0","0","150","0","0","0","0","0","0","0","0","0","0","14"
"0x7fc1235aefb0","      UIADD3 UR8, UPT, UPT, UR6, 0x29500, URZ","154","127","154","524288","524288","524288","1","1","0","31","0","-","-","-","0","0","0","0","0","0","0","0","0","-","0","0","0","0","0","0","0","0","0","0","0","131","0","0","0","0","0","2","15","0","0","0","6","0","0","0","0","0","121","0","0","0","0","0","0","0","0","0","0","6"
"0x7fc1235aefc0","      R2UR UR46, R7","228","219","228","524288","524288","524288","1","1","0","31","0","-","-","-","0","0","0","0","0","0","0","0","0","-","0","0","0","0","0","0","0","0","0","0","0","0","0","0","0","0","0","1","7","220","0","0","0","0","0","0","0","0","0","0","0","0","0","0","0","0","219","0","0","0"
"0x7fc1235aefd0","      R2UR UR45, R6","13","5","13","524288","524288","524288","1","1","0","31","0","-","-","-","0","0","0","0","0","0","0","0","0","-","0","0","0","0","0","0","0","0","0","0","0","0","1","0","0","0","0","1","5","0","0","0","6","0","0","0","0","0","0","0","0","0","0","0","0","0","0","0","0","5"
"0x7fc1235aefe0","      R2UR UR44, R5","18","5","18","524288","524288","524288","1","1","0","31","0","-","-","-","0","0","0","0","0","0","0","0","0","-","0","0","0","0","0","0","0","0","0","0","0","0","0","0","0","0","0","1","10","0","0","0","7","0","0","0","0","0","0","0","0","0","0","0","0","0","0","0","0","5"
"0x7fc1235aeff0","      R2UR UR43, R4","29","17","29","524288","524288","524288","1","1","0","31","0","-","-","-","0","0","0","0","0","0","0","0","0","-","0","0","0","0","0","0","0","0","0","0","0","0","0","0","0","0","0","2","10","0","0","0","17","0","0","0","0","0","0","0","0","0","0","0","0","0","0","0","0","17"
"0x7fc1235af000","      UMOV UR38, UR46","68","51","68","524288","524288","524288","1","1","0","31","0","-","-","-","0","0","0","0","0","0","0","0","0","-","0","0","0","0","0","0","0","0","0","0","0","0","0","0","0","0","0","2","5","0","0","0","61","0","0","0","0","0","0","0","0","0","0","0","0","0","0","0","0","51"
"0x7fc1235af010","      UMOV UR30, UR46","12","0","12","524288","524288","524288","1","1","0","31","0","-","-","-","0","0","0","0","0","0","0","0","0","-","0","0","0","0","0","0","0","0","0","0","0","0","0","0","0","0","0","0","12","0","0","0","0","0","0","0","0","0","0","0","0","0","0","0","0","0","0","0","0","0"
"0x7fc1235af020","      UMOV UR37, UR45","10","0","10","524288","524288","524288","1","1","0","31","0","-","-","-","0","0","0","0","0","0","0","0","0","-","0","0","0","0","0","0","0","0","0","0","0","0","0","0","0","0","0","0","10","0","0","0","0","0","0","0","0","0","0","0","0","0","0","0","0","0","0","0","0","0"
"0x7fc1235af030","      UMOV UR29, UR45","12","0","12","524288","524288","524288","1","1","0","31","0","-","-","-","0","0","0","0","0","0","0","0","0","-","0","0","0","0","0","0","0","0","0","0","0","0","0","0","0","0","0","0","12","0","0","0","0","0","0","0","0","0","0","0","0","0","0","0","0","0","0","0","0","0"
"0x7fc1235af040","      UMOV UR36, UR44","13","0","13","524288","524288","524288","1","1","0","31","0","-","-","-","0","0","0","0","0","0","0","0","0","-","0","0","0","0","0","0","0","0","0","0","0","0","0","0","0","0","0","0","13","0","0","0","0","0","0","0","0","0","0","0","0","0","0","0","0","0","0","0","0","0"
"0x7fc1235af050","      UMOV UR28, UR44","11","0","11","524288","524288","524288","1","1","0","31","0","-","-","-","0","0","0","0","0","0","0","0","0","-","0","0","0","0","0","0","0","0","0","0","0","0","0","0","0","0","0","0","11","0","0","0","0","0","0","0","0","0","0","0","0","0","0","0","0","0","0","0","0","0"
"0x7fc1235af060","      UMOV UR35, UR43","26","0","26","524288","524288","524288","1","1","0","31","0","-","-","-","0","0","0","0","0","0","0","0","0","-","0","0","0","0","0","0","0","0","17","0","0","0","0","0","0","0","0","0","9","0","0","0","0","0","0","0","0","0","0","0","0","0","0","0","0","0","0","0","0","0"
"0x7fc1235af070","      UTMALDG.2D.GATHER4 [UR40], [UR72]","17","1","17","524288","524288","524288","1","1","0","31","0","Global,Shared","-","-","0","0","0","0","0","0","0","0","0","-","0","0","0","0","0","0","0","0","7","0","0","0","0","0","1","0","0","0","9","0","0","0","0","0","0","0","0","0","0","0","0","1","0","0","0","0","0","0","0","0"
"0x7fc1235af080","      UMOV UR27, UR43","12","0","12","524288","524288","524288","1","1","0","31","0","-","-","-","0","0","0","0","0","0","0","0","0","-","0","0","0","0","0","0","0","0","0","0","0","0","0","0","0","0","0","0","12","0","0","0","0","0","0","0","0","0","0","0","0","0","0","0","0","0","0","0","0","0"
"0x7fc1235af090","      UMOV UR19, UR43","12","0","12","524288","524288","524288","1","1","0","31","0","-","-","-","0","0","0","0","0","0","0","0","0","-","0","0","0","0","0","0","0","0","1","0","0","0","0","0","0","0","0","0","11","0","0","0","0","0","0","0","0","0","0","0","0","0","0","0","0","0","0","0","0","0"
"0x7fc1235af0a0","      UMOV UR20, UR44","13","0","13","524288","524288","524288","1","1","0","31","0","-","-","-","0","0","0","0","0","0","0","0","0","-","0","0","0","0","0","0","0","0","0","0","0","0","0","0","0","0","0","0","13","0","0","0","0","0","0","0","0","0","0","0","0","0","0","0","0","0","0","0","0","0"
"0x7fc1235af0b0","      UMOV UR21, UR45","9","0","9","524288","524288","524288","1","1","0","31","0","-","-","-","0","0","0","0","0","0","0","0","0","-","0","0","0","0","0","0","0","0","0","0","0","0","0","0","0","0","0","0","9","0","0","0","0","0","0","0","0","0","0","0","0","0","0","0","0","0","0","0","0","0"
"0x7fc1235af0c0","      UMOV UR22, UR46","7","0","7","524288","524288","524288","1","1","0","31","0","-","-","-","0","0","0","0","0","0","0","0","0","-","0","0","0","0","0","0","0","0","0","0","0","0","0","0","0","0","0","0","7","0","0","0","0","0","0","0","0","0","0","0","0","0","0","0","0","0","0","0","0","0"
"0x7fc1235af0d0","      UMOV UR11, UR43","12","0","12","524288","524288","524288","1","1","0","31","0","-","-","-","0","0","0","0","0","0","0","0","0","-","0","0","0","0","0","0","0","0","0","0","0","0","0","0","0","0","0","0","12","0","0","0","0","0","0","0","0","0","0","0","0","0","0","0","0","0","0","0","0","0"
"0x7fc1235af0e0","      UMOV UR12, UR44","11","0","11","524288","524288","524288","1","1","0","31","0","-","-","-","0","0","0","0","0","0","0","0","0","-","0","0","0","0","0","0","0","0","0","0","0","0","0","0","0","0","0","0","11","0","0","0","0","0","0","0","0","0","0","0","0","0","0","0","0","0","0","0","0","0"
"0x7fc1235af0f0","      UTMALDG.2D.GATHER4 [UR32], [UR72]","7","0","7","524288","524288","524288","1","1","0","31","0","Global,Shared","-","-","0","0","0","0","0","0","0","0","0","-","0","0","0","0","0","0","0","0","0","0","0","0","0","0","0","0","0","0","7","0","0","0","0","0","0","0","0","0","0","0","0","0","0","0","0","0","0","0","0","0"
"0x7fc1235af100","      UMOV UR13, UR45","12","0","12","524288","524288","524288","1","1","0","31","0","-","-","-","0","0","0","0","0","0","0","0","0","-","0","0","0","0","0","0","0","0","0","0","0","0","0","0","0","0","0","0","12","0","0","0","0","0","0","0","0","0","0","0","0","0","0","0","0","0","0","0","0","0"
"0x7fc1235af110","      UMOV UR14, UR46","10","0","10","524288","524288","524288","1","1","0","31","0","-","-","-","0","0","0","0","0","0","0","0","0","-","0","0","0","0","0","0","0","0","0","0","0","0","0","0","0","0","0","0","10","0","0","0","0","0","0","0","0","0","0","0","0","0","0","0","0","0","0","0","0","0"
"0x7fc1235af120","      UTMALDG.2D.GATHER4 [UR24], [UR72]","14","2","14","524288","524288","524288","1","1","0","31","0","Global,Shared","-","-","0","0","0","0","0","0","0","0","0","-","0","0","0","0","0","0","0","0","0","0","0","0","0","0","2","0","0","0","12","0","0","0","0","0","0","0","0","0","0","0","0","2","0","0","0","0","0","0","0","0"
"0x7fc1235af130","      UTMALDG.2D.GATHER4 [UR16], [UR72]","10","0","10","524288","524288","524288","1","1","0","31","0","Global,Shared","-","-","0","0","0","0","0","0","0","0","0","-","0","0","0","0","0","0","0","0","0","0","0","0","0","0","0","0","0","0","10","0","0","0","0","0","0","0","0","0","0","0","0","0","0","0","0","0","0","0","0","0"
"0x7fc1235af140","      UTMALDG.2D.GATHER4 [UR8], [UR74]","168","107","168","524288","524288","524288","1","1","0","31","0","Global,Shared","-","-","0","0","0","0","0","0","0","0","0","-","0","0","0","0","0","0","0","0","0","0","0","0","0","0","152","0","0","8","8","0","0","0","0","0","0","0","0","0","0","0","0","107","0","0","0","0","0","0","0","0"
"0x7fc1235af150","      UIADD3 UR40, UPT, UPT, UR5, 0x9c00, URZ","10","0","10","524288","524288","524288","1","1","0","31","0","-","-","-","0","0","0","0","0","0","0","0","0","-","0","0","0","0","0","0","0","0","0","0","0","0","0","0","0","0","0","0","10","0","0","0","0","0","0","0","0","0","0","0","0","0","0","0","0","0","0","0","0","0"
"0x7fc1235af160","      LDS.128 R4, [UR15+0x2f160]","5","0","5","524288","524288","524288","1","1","0","31","0","Shared","Load","128","0","1","0","524288","524288","0","0","0","0","-","0","0","0","0","0","0","0","0","0","0","0","0","0","0","0","0","0","0","5","0","0","0","0","0","0","0","0","0","0","0","0","0","0","0","0","0","0","0","0","0"
"0x7fc1235af170","      UIADD3 UR32, UPT, UPT, UR5, 0xdc00, URZ","52","34","52","524288","524288","524288","1","1","0","31","0","-","-","-","0","0","0","0","0","0","0","0","0","-","0","0","0","0","0","0","0","0","1","0","0","41","0","0","0","0","0","2","8","0","0","0","0","0","0","0","0","0","34","0","0","0","0","0","0","0","0","0","0","0"
"0x7fc1235af180","      UIADD3 UR24, UPT, UPT, UR5, 0x11c00, URZ","188","144","188","524288","524288","524288","1","1","0","31","0","-","-","-","0","0","0","0","0","0","0","0","0","-","0","0","0","0","0","0","0","0","0","0","0","159","0","0","0","0","0","1","14","0","0","0","14","0","0","0","0","0","133","0","0","0","0","0","0","0","0","0","0","11"
"0x7fc1235af190","      UIADD3 UR16, UPT, UPT, UR5, 0x15c00, URZ","162","132","162","524288","524288","524288","1","1","0","31","0","-","-","-","0","0","0","0","0","0","0","0","0","-","0","0","0","0","0","0","0","0","0","0","0","143","0","0","0","0","0","6","4","0","0","0","9","0","0","0","0","0","124","0","0","0","0","0","0","0","0","0","0","8"
"0x7fc1235af1a0","      UIADD3 UR8, UPT, UPT, UR6, 0x29600, URZ","177","129","177","524288","524288","524288","1","1","0","31","0","-","-","-","0","0","0","0","0","0","0","0","0","-","0","0","0","0","0","0","0","0","1","0","0","155","0","0","0","0","0","3","9","0","0","0","9","0","0","1","0","0","122","0","0","0","0","0","0","0","0","0","0","6"
"0x7fc1235af1b0","      R2UR UR46, R7","34","18","34","524288","524288","524288","1","1","0","31","0","-","-","-","0","0","0","0","0","0","0","0","0","-","0","0","0","0","0","0","0","0","0","0","0","0","1","0","0","0","0","6","10","17","0","0","0","0","0","0","0","0","0","1","0","0","0","0","0","0","17","0","0","0"
"0x7fc1235af1c0","      R2UR UR45, R6","22","12","22","524288","524288","524288","1","1","0","31","0","-","-","-","0","0","0","0","0","0","0","0","0","-","0","0","0","0","0","0","0","0","0","0","0","0","0","0","0","0","0","1","9","0","0","0","12","0","0","0","0","0","0","0","0","0","0","0","0","0","0","0","0","12"
"0x7fc1235af1d0","      R2UR UR44, R5","15","7","15","524288","524288","524288","1","1","0","31","0","-","-","-","0","0","0","0","0","0","0","0","0","-","0","0","0","0","0","0","0","0","0","0","0","0","0","0","0","0","0","1","2","0","0","0","12","0","0","0","0","0","0","0","0","0","0","0","0","0","0","0","0","7"
"0x7fc1235af1e0","      R2UR UR43, R4","18","11","18","524288","524288","524288","1","1","0","31","0","-","-","-","0","0","0","0","0","0","0","0","0","-","0","0","0","0","0","0","0","0","0","0","0","0","0","0","0","0","0","0","7","0","0","0","11","0","0","0","0","0","0","0","0","0","0","0","0","0","0","0","0","11"
"0x7fc1235af1f0","      UMOV UR38, UR46","60","38","60","524288","524288","524288","1","1","0","31","0","-","-","-","0","0","0","0","0","0","0","0","0","-","0","0","0","0","0","0","0","0","0","0","0","0","0","0","0","0","0","1","12","0","0","0","47","0","0","0","0","0","0","0","0","0","0","0","0","0","0","0","0","38"
"0x7fc1235af200","      UMOV UR30, UR46","10","0","10","524288","524288","524288","1","1","0","31","0","-","-","-","0","0","0","0","0","0","0","0","0","-","0","0","0","0","0","0","0","0","0","0","0","0","0","0","0","0","0","0","10","0","0","0","0","0","0","0","0","0","0","0","0","0","0","0","0","0","0","0","0","0"
"0x7fc1235af210","      UMOV UR37, UR45","8","0","8","524288","524288","524288","1","1","0","31","0","-","-","-","0","0","0","0","0","0","0","0","0","-","0","0","0","0","0","0","0","0","0","0","0","0","0","0","0","0","0","0","8","0","0","0","0","0","0","0","0","0","0","0","0","0","0","0","0","0","0","0","0","0"
"0x7fc1235af220","      UMOV UR29, UR45","12","0","12","524288","524288","524288","1","1","0","31","0","-","-","-","0","0","0","0","0","0","0","0","0","-","0","0","0","0","0","0","0","0","0","0","0","0","0","0","0","0","0","0","12","0","0","0","0","0","0","0","0","0","0","0","0","0","0","0","0","0","0","0","0","0"
"0x7fc1235af230","      UMOV UR36, UR44","11","0","11","524288","524288","524288","1","1","0","31","0","-","-","-","0","0","0","0","0","0","0","0","0","-","0","0","0","0","0","0","0","0","0","0","0","0","0","0","0","0","0","0","11","0","0","0","0","0","0","0","0","0","0","0","0","0","0","0","0","0","0","0","0","0"
"0x7fc1235af240","      UMOV UR28, UR44","15","0","15","524288","524288","524288","1","1","0","31","0","-","-","-","0","0","0","0","0","0","0","0","0","-","0","0","0","0","0","0","0","0","3","0","0","0","0","0","0","0","0","0","12","0","0","0","0","0","0","0","0","0","0","0","0","0","0","0","0","0","0","0","0","0"
"0x7fc1235af250","      UMOV UR35, UR43","26","0","26","524288","524288","524288","1","1","0","31","0","-","-","-","0","0","0","0","0","0","0","0","0","-","0","0","0","0","0","0","0","0","13","0","0","0","0","0","0","0","0","0","13","0","0","0","0","0","0","0","0","0","0","0","0","0","0","0","0","0","0","0","0","0"
"0x7fc1235af260","      UTMALDG.2D.GATHER4 [UR40], [UR72]","25","0","25","524288","524288","524288","1","1","0","31","0","Global,Shared","-","-","0","0","0","0","0","0","0","0","0","-","0","0","0","0","0","0","0","0","15","0","0","0","0","0","0","0","0","0","10","0","0","0","0","0","0","0","0","0","0","0","0","0","0","0","0","0","0","0","0","0"
"0x7fc1235af270","      UMOV UR27, UR43","13","0","13","524288","524288","524288","1","1","0","31","0","-","-","-","0","0","0","0","0","0","0","0","0","-","0","0","0","0","0","0","0","0","0","0","0","0","0","0","0","0","0","0","13","0","0","0","0","0","0","0","0","0","0","0","0","0","0","0","0","0","0","0","0","0"
"0x7fc1235af280","      UMOV UR19, UR43","10","0","10","524288","524288","524288","1","1","0","31","0","-","-","-","0","0","0","0","0","0","0","0","0","-","0","0","0","0","0","0","0","0","0","0","0","0","0","0","0","0","0","0","10","0","0","0","0","0","0","0","0","0","0","0","0","0","0","0","0","0","0","0","0","0"
"0x7fc1235af290","      UMOV UR20, UR44","11","0","11","524288","524288","524288","1","1","0","31","0","-","-","-","0","0","0","0","0","0","0","0","0","-","0","0","0","0","0","0","0","0","0","0","0","0","0","0","0","0","0","0","11","0","0","0","0","0","0","0","0","0","0","0","0","0","0","0","0","0","0","0","0","0"
"0x7fc1235af2a0","      UMOV UR21, UR45","4","0","4","524288","524288","524288","1","1","0","31","0","-","-","-","0","0","0","0","0","0","0","0","0","-","0","0","0","0","0","0","0","0","0","0","0","0","0","0","0","0","0","0","4","0","0","0","0","0","0","0","0","0","0","0","0","0","0","0","0","0","0","0","0","0"
"0x7fc1235af2b0","      UMOV UR22, UR46","7","0","7","524288","524288","524288","1","1","0","31","0","-","-","-","0","0","0","0","0","0","0","0","0","-","0","0","0","0","0","0","0","0","0","0","0","0","0","0","0","0","0","0","7","0","0","0","0","0","0","0","0","0","0","0","0","0","0","0","0","0","0","0","0","0"
"0x7fc1235af2c0","      UMOV UR11, UR43","8","0","8","524288","524288","524288","1","1","0","31","0","-","-","-","0","0","0","0","0","0","0","0","0","-","0","0","0","0","0","0","0","0","0","0","0","0","0","0","0","0","0","0","8","0","0","0","0","0","0","0","0","0","0","0","0","0","0","0","0","0","0","0","0","0"
"0x7fc1235af2d0","      UMOV UR12, UR44","13","0","13","524288","524288","524288","1","1","0","31","0","-","-","-","0","0","0","0","0","0","0","0","0","-","0","0","0","0","0","0","0","0","0","0","0","0","0","0","0","0","0","0","13","0","0","0","0","0","0","0","0","0","0","0","0","0","0","0","0","0","0","0","0","0"
"0x7fc1235af2e0","      UTMALDG.2D.GATHER4 [UR32], [UR72]","11","0","11","524288","524288","524288","1","1","0","31","0","Global,Shared","-","-","0","0","0","0","0","0","0","0","0","-","0","0","0","0","0","0","0","0","0","0","0","0","0","0","0","0","0","0","11","0","0","0","0","0","0","0","0","0","0","0","0","0","0","0","0","0","0","0","0","0"
"0x7fc1235af2f0","      UMOV UR13, UR45","6","0","6","524288","524288","524288","1","1","0","31","0","-","-","-","0","0","0","0","0","0","0","0","0","-","0","0","0","0","0","0","0","0","0","0","0","0","0","0","0","0","0","0","6","0","0","0","0","0","0","0","0","0","0","0","0","0","0","0","0","0","0","0","0","0"
"0x7fc1235af300","      UMOV UR14, UR46","40","11","40","524288","524288","524288","1","1","0","31","0","-","-","-","0","0","0","0","0","0","0","0","0","-","0","0","0","0","0","0","0","0","0","0","0","0","0","0","0","0","28","2","10","0","0","0","0","0","0","0","0","0","0","0","0","0","0","11","0","0","0","0","0","0"
"0x7fc1235af310","      UTMALDG.2D.GATHER4 [UR24], [UR72]","14","0","14","524288","524288","524288","1","1","0","31","0","Global,Shared","-","-","0","0","0","0","0","0","0","0","0","-","0","0","0","0","0","0","0","0","0","0","0","0","0","0","0","0","0","0","14","0","0","0","0","0","0","0","0","0","0","0","0","0","0","0","0","0","0","0","0","0"
"0x7fc1235af320","      UTMALDG.2D.GATHER4 [UR16], [UR72]","19","6","19","524288","524288","524288","1","1","0","31","0","Global,Shared","-","-","0","0","0","0","0","0","0","0","0","-","0","0","0","0","0","0","0","0","0","0","0","0","0","0","7","0","0","0","12","0","0","0","0","0","0","0","0","0","0","0","0","6","0","0","0","0","0","0","0","0"
"0x7fc1235af330","      UTMALDG.2D.GATHER4 [UR8], [UR74]","150","97","150","524288","524288","524288","1","1","0","31","0","Global,Shared","-","-","0","0","0","0","0","0","0","0","0","-","0","0","0","0","0","0","0","0","1","0","0","0","0","0","133","0","0","3","13","0","0","0","0","0","0","0","0","0","0","0","0","97","0","0","0","0","0","0","0","0"
"0x7fc1235af340","      UIADD3 UR40, UPT, UPT, UR5, 0x9e00, URZ","7","0","7","524288","524288","524288","1","1","0","31","0","-","-","-","0","0","0","0","0","0","0","0","0","-","0","0","0","0","0","0","0","0","0","0","0","0","0","0","0","0","0","0","7","0","0","0","0","0","0","0","0","0","0","0","0","0","0","0","0","0","0","0","0","0"
"0x7fc1235af350","      LDS.128 R4, [UR15+0x2f170]","12","0","12","524288","524288","524288","1","1","0","31","0","Shared","Load","128","0","1","0","524288","524288","0","0","0","0","-","0","0","0","0","0","0","0","0","0","0","0","0","0","0","0","0","0","0","12","0","0","0","0","0","0","0","0","0","0","0","0","0","0","0","0","0","0","0","0","0"
"0x7fc1235af360","      UIADD3 UR32, UPT, UPT, UR5, 0xde00, URZ","69","43","69","524288","524288","524288","1","1","0","31","0","-","-","-","0","0","0","0","0","0","0","0","0","-","0","0","0","0","0","0","0","0","0","0","0","52","0","0","0","0","0","5","12","0","0","0","0","0","0","0","0","0","43","0","0","0","0","0","0","0","0","0","0","0"
"0x7fc1235af370","      UIADD3 UR24, UPT, UPT, UR5, 0x11e00, URZ","159","118","159","524288","524288","524288","1","1","0","31","0","-","-","-","0","0","0","0","0","0","0","0","0","-","0","0","0","0","0","0","0","0","0","0","0","136","0","0","0","0","0","3","10","0","0","0","10","0","0","0","0","0","110","0","0","0","0","0","0","0","0","0","0","8"
"0x7fc1235af380","      UIADD3 UR16, UPT, UPT, UR5, 0x15e00, URZ","188","134","188","524288","524288","524288","1","1","0","31","0","-","-","-","0","0","0","0","0","0","0","0","0","-","0","0","0","0","0","0","0","0","0","0","0","156","0","0","0","0","0","5","17","0","0","0","10","0","0","0","0","0","125","0","0","0","0","0","0","0","0","0","0","9"
"0x7fc1235af390","      UIADD3 UR8, UPT, UPT, UR6, 0x29700, URZ","178","130","178","524288","524288","524288","1","1","0","31","0","-","-","-","0","0","0","0","0","0","0","0","0","-","0","0","0","0","0","0","0","0","0","0","0","153","0","0","0","0","0","3","10","0","0","0","12","0","0","0","0","0","120","0","0","0","0","0","0","0","0","0","0","10"
"0x7fc1235af3a0","      R2UR UR46, R7","8","2","8","524288","524288","524288","1","1","0","31","0","-","-","-","0","0","0","0","0","0","0","0","0","-","0","0","0","0","0","0","0","0","0","0","0","0","0","0","0","0","0","0","6","2","0","0","0","0","0","0","0","0","0","0","0","0","0","0","0","0","2","0","0","0"
"0x7fc1235af3b0","      R2UR UR45, R6","28","8","28","524288","524288","524288","1","1","0","31","0","-","-","-","0","0","0","0","0","0","0","0","0","-","0","0","0","0","0","0","0","0","0","0","0","0","0","0","0","0","0","5","11","0","0","0","12","0","0","0","0","0","0","0","0","0","0","0","0","0","0","0","0","8"
"0x7fc1235af3c0","      R2UR UR44, R5","25","11","25","524288","524288","524288","1","1","0","31","0","-","-","-","0","0","0","0","0","0","0","0","0","-","0","0","0","0","0","0","0","0","0","0","0","0","0","0","0","0","0","4","6","0","0","0","15","0","0","0","0","0","0","0","0","0","0","0","0","0","0","0","0","11"
"0x7fc1235af3d0","      R2UR UR43, R4","14","5","14","524288","524288","524288","1","1","0","31","0","-","-","-","0","0","0","0","0","0","0","0","0","-","0","0","0","0","0","0","0","0","0","0","0","0","0","0","0","0","0","2","5","0","0","0","7","0","0","0","0","0","0","0","0","0","0","0","0","0","0","0","0","5"
"0x7fc1235af3e0","      UMOV UR38, UR46","79","34","79","524288","524288","524288","1","1","0","31","0","-","-","-","0","0","0","0","0","0","0","0","0","-","0","0","0","0","0","0","0","0","0","0","0","0","0","0","0","0","0","13","14","0","0","0","52","0","0","0","0","0","0","0","0","0","0","0","0","0","0","0","0","34"
"0x7fc1235af3f0","      UMOV UR30, UR46","8","0","8","524288","524288","524288","1","1","0","31","0","-","-","-","0","0","0","0","0","0","0","0","0","-","0","0","0","0","0","0","0","0","0","0","0","0","0","0","0","0","0","0","8","0","0","0","0","0","0","0","0","0","0","0","0","0","0","0","0","0","0","0","0","0"
"0x7fc1235af400","      UMOV UR37, UR45","8","0","8","524288","524288","524288","1","1","0","31","0","-","-","-","0","0","0","0","0","0","0","0","0","-","0","0","0","0","0","0","0","0","0","0","0","0","0","0","0","0","0","0","8","0","0","0","0","0","0","0","0","0","0","0","0","0","0","0","0","0","0","0","0","0"
"0x7fc1235af410","      UMOV UR29, UR45","10","0","10","524288","524288","524288","1","1","0","31","0","-","-","-","0","0","0","0","0","0","0","0","0","-","0","0","0","0","0","0","0","0","0","0","0","0","0","0","0","0","0","0","10","0","0","0","0","0","0","0","0","0","0","0","0","0","0","0","0","0","0","0","0","0"
"0x7fc1235af420","      UMOV UR36, UR44","6","0","6","524288","524288","524288","1","1","0","31","0","-","-","-","0","0","0","0","0","0","0","0","0","-","0","0","0","0","0","0","0","0","0","0","0","0","0","0","0","0","0","0","6","0","0","0","0","0","0","0","0","0","0","0","0","0","0","0","0","0","0","0","0","0"
"0x7fc1235af430","      UMOV UR28, UR44","8","0","8","524288","524288","524288","1","1","0","31","0","-","-","-","0","0","0","0","0","0","0","0","0","-","0","0","0","0","0","0","0","0","1","0","0","0","0","0","0","0","0","0","7","0","0","0","0","0","0","0","0","0","0","0","0","0","0","0","0","0","0","0","0","0"
"0x7fc1235af440","      UMOV UR35, UR43","13","0","13","524288","524288","524288","1","1","0","31","0","-","-","-","0","0","0","0","0","0","0","0","0","-","0","0","0","0","0","0","0","0","9","0","0","0","0","0","0","0","0","0","4","0","0","0","0","0","0","0","0","0","0","0","0","0","0","0","0","0","0","0","0","0"
"0x7fc1235af450","      UTMALDG.2D.GATHER4 [UR40], [UR72]","8","0","8","524288","524288","524288","1","1","0","31","0","Global,Shared","-","-","0","0","0","0","0","0","0","0","0","-","0","0","0","0","0","0","0","0","3","0","0","0","0","0","0","0","0","0","5","0","0","0","0","0","0","0","0","0","0","0","0","0","0","0","0","0","0","0","0","0"
"0x7fc1235af460","      UMOV UR27, UR43","12","0","12","524288","524288","524288","1","1","0","31","0","-","-","-","0","0","0","0","0","0","0","0","0","-","0","0","0","0","0","0","0","0","0","0","0","0","0","0","0","0","0","0","12","0","0","0","0","0","0","0","0","0","0","0","0","0","0","0","0","0","0","0","0","0"
"0x7fc1235af470","      UMOV UR19, UR43","8","0","8","524288","524288","524288","1","1","0","31","0","-","-","-","0","0","0","0","0","0","0","0","0","-","0","0","0","0","0","0","0","0","0","0","0","0","0","0","0","0","0","0","8","0","0","0","0","0","0","0","0","0","0","0","0","0","0","0","0","0","0","0","0","0"
"0x7fc1235af480","      UMOV UR20, UR44","13","0","13","524288","524288","524288","1","1","0","31","0","-","-","-","0","0","0","0","0","0","0","0","0","-","0","0","0","0","0","0","0","0","0","0","0","0","0","0","0","0","0","0","13","0","0","0","0","0","0","0","0","0","0","0","0","0","0","0","0","0","0","0","0","0"
"0x7fc1235af490","      UMOV UR21, UR45","10","0","10","524288","524288","524288","1","1","0","31","0","-","-","-","0","0","0","0","0","0","0","0","0","-","0","0","0","0","0","0","0","0","0","0","0","0","0","0","0","0","0","0","10","0","0","0","0","0","0","0","0","0","0","0","0","0","0","0","0","0","0","0","0","0"
"0x7fc1235af4a0","      UMOV UR22, UR46","11","0","11","524288","524288","524288","1","1","0","31","0","-","-","-","0","0","0","0","0","0","0","0","0","-","0","0","0","0","0","0","0","0","0","0","0","0","0","0","0","0","0","0","11","0","0","0","0","0","0","0","0","0","0","0","0","0","0","0","0","0","0","0","0","0"
"0x7fc1235af4b0","      UMOV UR11, UR43","17","0","17","524288","524288","524288","1","1","0","31","0","-","-","-","0","0","0","0","0","0","0","0","0","-","0","0","0","0","0","0","0","0","0","0","0","0","0","0","0","0","0","0","17","0","0","0","0","0","0","0","0","0","0","0","0","0","0","0","0","0","0","0","0","0"
"0x7fc1235af4c0","      UMOV UR12, UR44","6","0","6","524288","524288","524288","1","1","0","31","0","-","-","-","0","0","0","0","0","0","0","0","0","-","0","0","0","0","0","0","0","0","0","0","0","0","0","0","0","0","0","0","6","0","0","0","0","0","0","0","0","0","0","0","0","0","0","0","0","0","0","0","0","0"
"0x7fc1235af4d0","      UTMALDG.2D.GATHER4 [UR32], [UR72]","19","5","19","524288","524288","524288","1","1","0","31","0","Global,Shared","-","-","0","0","0","0","0","0","0","0","0","-","0","0","0","0","0","0","0","0","0","0","0","0","0","0","5","0","0","0","14","0","0","0","0","0","0","0","0","0","0","0","0","5","0","0","0","0","0","0","0","0"
"0x7fc1235af4e0","      UMOV UR13, UR45","11","0","11","524288","524288","524288","1","1","0","31","0","-","-","-","0","0","0","0","0","0","0","0","0","-","0","0","0","0","0","0","0","0","0","0","0","0","0","0","0","0","0","0","11","0","0","0","0","0","0","0","0","0","0","0","0","0","0","0","0","0","0","0","0","0"
"0x7fc1235af4f0","      UMOV UR14, UR46","9","0","9","524288","524288","524288","1","1","0","31","0","-","-","-","0","0","0","0","0","0","0","0","0","-","0","0","0","0","0","0","0","0","0","0","0","0","0","0","0","0","0","0","9","0","0","0","0","0","0","0","0","0","0","0","0","0","0","0","0","0","0","0","0","0"
"0x7fc1235af500","      UTMALDG.2D.GATHER4 [UR24], [UR72]","41","22","41","524288","524288","524288","1","1","0","31","0","Global,Shared","-","-","0","0","0","0","0","0","0","0","0","-","0","0","0","0","0","0","0","0","0","0","0","0","0","0","13","0","18","0","10","0","0","0","0","0","0","0","0","0","0","0","0","13","0","9","0","0","0","0","0","0"
"0x7fc1235af510","      UTMALDG.2D.GATHER4 [UR16], [UR72]","21","16","21","524288","524288","524288","1","1","0","31","0","Global,Shared","-","-","0","0","0","0","0","0","0","0","0","-","0","0","0","0","0","0","0","0","0","0","0","0","0","0","16","0","0","0","5","0","0","0","0","0","0","0","0","0","0","0","0","16","0","0","0","0","0","0","0","0"
"0x7fc1235af520","      UTMALDG.2D.GATHER4 [UR8], [UR74]","167","85","167","524288","524288","524288","1","1","0","31","0","Global,Shared","-","-","0","0","0","0","0","0","0","0","0","-","0","0","0","0","0","0","0","0","1","0","0","0","0","0","138","0","0","14","14","0","0","0","0","0","0","0","0","0","0","0","0","85","0","0","0","0","0","0","0","0"
"0x7fc1235af530","      NOP","13","0","13","524288","524288","524288","1","1","0","31","0","-","-","-","0","0","0","0","0","0","0","0","0","-","0","0","0","0","0","0","0","0","0","0","0","0","0","0","0","0","0","0","13","0","0","0","0","0","0","0","0","0","0","0","0","0","0","0","0","0","0","0","0","0"
"0x7fc1235af540","      NOP","79","30","79","1048576","16777216","16777216","16","16","15","16","0","-","-","-","0","0","0","0","0","0","0","0","0","-","0","0","0","0","0","0","0","37","1","0","0","0","0","0","0","0","23","4","14","0","0","0","0","0","20","0","0","0","0","0","0","0","0","10","0","0","0","0","0","0"
"0x7fc1235af550","      BSYNC.RECONVERGENT B0","638","322","638","1048576","16777216","16777216","16","16","0","16","0","-","-","-","0","0","0","0","0","0","0","0","0","-","0","0","0","0","0","0","0","0","0","0","0","596","0","0","0","0","1","15","26","0","0","0","0","0","0","0","0","0","322","0","0","0","0","0","0","0","0","0","0","0"
"0x7fc1235af560","      VIADD R8, R8, 0x1","270","100","270","524288","16777216","16777216","32","32","16","0","0","-","-","-","0","0","0","0","0","0","0","0","0","-","0","0","0","0","0","0","0","158","3","0","0","0","7","0","0","0","0","5","22","0","0","0","75","0","69","0","0","0","0","2","0","0","0","0","0","0","0","0","0","29"
"0x7fc1235af570","      IADD3 R4, PT, PT, R9, 0x1, RZ","7","0","7","524288","16777216","16777216","32","32","0","0","0","-","-","-","0","0","0","0","0","0","0","0","0","-","0","0","0","0","0","0","0","0","1","0","0","0","0","0","0","0","0","0","6","0","0","0","0","0","0","0","0","0","0","0","0","0","0","0","0","0","0","0","0","0"
"0x7fc1235af580","      VIADD R3, R3, 0x1","10","0","10","524288","16777216","16777216","32","32","0","0","0","-","-","-","0","0","0","0","0","0","0","0","0","-","0","0","0","0","0","0","0","0","0","0","0","0","0","0","0","0","0","0","10","0","0","0","0","0","0","0","0","0","0","0","0","0","0","0","0","0","0","0","0","0"
"0x7fc1235af590","      BAR.SYNC.DEFER_BLOCKING 0x2, 0x80","8","0","8","524288","16777216","16777216","32","32","0","0","0","-","-","-","0","0","0","0","0","0","0","0","0","-","0","0","0","0","0","0","0","0","0","0","0","0","0","0","0","0","0","0","8","0","0","0","0","0","0","0","0","0","0","0","0","0","0","0","0","0","0","0","0","0"
"0x7fc1235af5a0","      UIADD3 UR31, UPT, UPT, UR31, 0x1, URZ","9","0","9","524288","16777216","16777216","32","32","0","0","0","-","-","-","0","0","0","0","0","0","0","0","0","-","0","0","0","0","0","0","0","0","0","0","0","0","0","0","0","0","0","0","9","0","0","0","0","0","0","0","0","0","0","0","0","0","0","0","0","0","0","0","0","0"
"0x7fc1235af5b0","      ISETP.NE.U32.AND P2, PT, R8, 0x2, PT","25","0","25","524288","16777216","16777216","32","32","0","0","0","-","-","-","0","0","0","0","0","0","0","0","0","-","0","0","0","0","0","0","0","0","5","0","0","0","0","0","0","0","0","0","20","0","0","0","0","0","0","0","0","0","0","0","0","0","0","0","0","0","0","0","0","0"
"0x7fc1235af5c0","      VIADD R0, R0, 0x80","8","0","8","524288","16777216","16777216","32","32","0","0","0","-","-","-","0","0","0","0","0","0","0","0","0","-","0","0","0","0","0","0","0","0","0","0","0","0","0","0","0","0","0","0","8","0","0","0","0","0","0","0","0","0","0","0","0","0","0","0","0","0","0","0","0","0"
"0x7fc1235af5d0","      ISETP.NE.U32.AND P0, PT, R3, RZ, PT","13","0","13","524288","16777216","16777216","32","32","0","0","0","-","-","-","0","0","0","0","0","0","0","0","0","-","0","0","0","0","0","0","0","0","0","0","0","0","0","0","0","0","0","0","13","0","0","0","0","0","0","0","0","0","0","0","0","0","0","0","0","0","0","0","0","0"
"0x7fc1235af5e0","      IADD3 R2, PT, PT, R2, 0x80, RZ","47","2","47","524288","16777216","16777216","32","32","0","0","0","-","-","-","0","0","0","0","0","0","0","0","0","-","0","0","0","0","0","0","0","0","0","0","0","0","10","0","0","0","0","18","8","0","0","0","11","0","0","0","0","0","0","2","0","0","0","0","0","0","0","0","0","0"
"0x7fc1235af5f0","      SEL R8, R8, RZ, P2","30","7","30","524288","16777216","16777216","32","32","0","0","0","-","-","-","0","0","0","0","0","0","0","0","0","-","0","0","0","0","0","0","0","0","0","0","0","0","2","0","0","0","0","3","17","0","0","0","8","0","0","0","0","0","0","2","0","0","0","0","0","0","0","0","0","5"
"0x7fc1235af600","@P2   IMAD.MOV R4, RZ, RZ, R9","103","42","103","524288","16777216","8388608","32","16","16","16","0","-","-","-","0","0","0","0","0","0","0","0","0","-","0","0","0","0","0","0","0","0","0","0","0","0","15","0","0","0","0","20","10","0","0","0","58","0","0","0","0","0","0","7","0","0","0","0","0","0","0","0","0","35"
"0x7fc1235af610","      MOV R9, R4","54","33","54","524288","16777216","16777216","32","32","16","0","0","-","-","-","0","0","0","0","0","0","0","0","0","-","0","0","0","0","0","0","0","0","0","0","0","0","4","0","0","0","0","7","6","0","0","0","37","0","0","0","0","0","0","2","0","0","0","0","0","0","0","0","0","31"
"0x7fc1235af620","@P0   BRA 0x7fc1235ae1f0","383","268","383","524288","16777216","15728640","32","30","2","2","0","-","-","-","0","0","0","0","0","0","0","0","0","-","0","0","0","0","0","0","370","0","1","0","0","0","0","0","0","0","0","3","9","0","0","0","0","268","0","0","0","0","0","0","0","0","0","0","0","0","0","0","0","0"
"0x7fc1235af630","      LDCU.64 UR6, c[0x0][0x358]","50","19","50","32768","1048576","1048576","32","32","2","0","0","-","-","-","0","0","0","0","0","0","0","0","0","-","0","0","0","0","0","0","0","1","0","0","0","0","0","0","0","0","0","0","12","0","0","0","37","0","0","0","0","0","0","0","0","0","0","0","0","0","0","0","0","19"
"0x7fc1235af640","      LDG.E R12, desc[UR6][R12.64]","13","7","13","32768","1048576","1048576","32","32","0","0","0","Global","Load","32","32768","0","0","0","0","0","32768","32768","0","","0","0","0","0","0","0","0","0","0","0","0","0","0","0","0","0","0","0","1","12","0","0","0","0","0","0","0","0","0","0","0","0","0","0","0","0","7","0","0","0"
"0x7fc1235af650","      R2UR UR55, R12","24","17","24","32768","1048576","1048576","32","32","0","0","0","-","-","-","0","0","0","0","0","0","0","0","0","-","0","0","0","0","0","0","0","0","0","0","0","24","0","0","0","0","0","0","0","0","0","0","0","0","0","0","0","0","17","0","0","0","0","0","0","0","0","0","0","0"
"0x7fc1235af660","      LDL.LU R0, [R1+0x4]","9","3","9","32768","1048576","1048576","32","32","0","0","0","Local","Load","32","0","0","0","0","0","0","0","0","131072","-","0","0","0","0","0","0","0","0","0","0","0","0","0","0","0","0","0","0","3","0","0","0","6","0","0","0","0","0","0","0","0","0","0","0","0","0","0","0","0","3"
"0x7fc1235af670","      USHF.R.S32.HI UR5, URZ, 0x1f, UR55","0","0","0","32768","1048576","1048576","32","32","0","0","0","-","-","-","0","0","0","0","0","0","0","0","0","-","0","0","0","0","0","0","0","0","0","0","0","0","0","0","0","0","0","0","0","0","0","0","0","0","0","0","0","0","0","0","0","0","0","0","0","0","0","0","0","0"
"0x7fc1235af680","      ULEA.HI UR5, UR5, UR55, URZ, 0x7","1","1","1","32768","1048576","1048576","32","32","0","0","0","-","-","-","0","0","0","0","0","0","0","0","0","-","0","0","0","0","0","0","0","0","0","0","0","0","0","0","0","0","0","0","0","0","0","0","1","0","0","0","0","0","0","0","0","0","0","0","0","0","0","0","0","1"
"0x7fc1235af690","      ULOP3.LUT UR6, UR5, 0xffffff80, URZ, 0xc0, !UPT","3","1","3","32768","1048576","1048576","32","32","0","0","0","-","-","-","0","0","0","0","0","0","0","0","0","-","0","0","0","0","0","0","0","0","0","0","0","0","0","0","0","0","0","0","1","0","0","0","2","0","0","0","0","0","0","0","0","0","0","0","0","0","0","0","0","1"
"0x7fc1235af6a0","      ULEA.HI.SX32 UR5, UR5, UR63, 0x19","2","0","2","32768","1048576","1048576","32","32","0","0","0","-","-","-","0","0","0","0","0","0","0","0","0","-","0","0","0","0","0","0","0","0","0","0","0","0","0","0","0","0","0","0","1","0","0","0","1","0","0","0","0","0","0","0","0","0","0","0","0","0","0","0","0","0"
"0x7fc1235af6b0","      UISETP.NE.U32.AND UP0, UPT, UR55, UR6, UPT","1","0","1","32768","1048576","1048576","32","32","0","0","0","-","-","-","0","0","0","0","0","0","0","0","0","-","0","0","0","0","0","0","0","0","0","0","0","0","0","0","0","0","0","1","0","0","0","0","0","0","0","0","0","0","0","0","0","0","0","0","0","0","0","0","0","0"
"0x7fc1235af6c0","      UIADD3 UR63, UPT, UPT, UR5, 0x1, URZ","1","1","1","32768","1048576","1048576","32","32","0","0","0","-","-","-","0","0","0","0","0","0","0","0","0","-","0","0","0","0","0","0","0","0","0","0","0","0","0","0","0","0","0","0","0","0","0","0","1","0","0","0","0","0","0","0","0","0","0","0","0","0","0","0","0","1"
"0x7fc1235af6d0","      UISETP.GT.AND UP0, UPT, UR55, -0x1, UP0","1","0","1","32768","1048576","1048576","32","32","0","0","0","-","-","-","0","0","0","0","0","0","0","0","0","-","0","0","0","0","0","0","0","0","0","0","0","0","0","0","0","0","0","0","0","0","0","0","1","0","0","0","0","0","0","0","0","0","0","0","0","0","0","0","0","0"
"0x7fc1235af6e0","@!UP0 UIADD3 UR63, UPT, UPT, UR5, URZ, URZ","8","4","8","32768","1048576","1048576","32","32","0","0","0","-","-","-","0","0","0","0","0","0","0","0","0","-","0","0","0","0","0","0","0","0","0","0","0","0","0","0","0","0","0","0","0","0","0","0","8","0","0","0","0","0","0","0","0","0","0","0","0","0","0","0","0","4"
"0x7fc1235af6f0","      R2UR UR7, R0","21","14","21","32768","1048576","1048576","32","32","0","0","0","-","-","-","0","0","0","0","0","0","0","0","0","-","0","0","0","0","0","0","0","0","0","0","0","20","0","0","0","0","0","1","0","0","0","0","0","0","0","0","0","0","14","0","0","0","0","0","0","0","0","0","0","0"
"0x7fc1235af700","      UIADD3 UR6, UPT, UPT, UR7, 0x94, URZ","11","6","11","32768","1048576","1048576","32","32","0","0","0","-","-","-","0","0","0","0","0","0","0","0","0","-","0","0","0","0","0","0","0","0","0","0","0","0","0","0","0","0","0","1","0","0","0","0","10","0","0","0","0","0","0","0","0","0","0","0","0","0","0","0","0","6"
"0x7fc1235af710","      UISETP.GE.U32.AND UP0, UPT, UR7, 0x1f6c, UPT","1","0","1","32768","1048576","1048576","32","32","0","0","0","-","-","-","0","0","0","0","0","0","0","0","0","-","0","0","0","0","0","0","0","0","0","0","0","0","0","0","0","0","0","0","1","0","0","0","0","0","0","0","0","0","0","0","0","0","0","0","0","0","0","0","0","0"
"0x7fc1235af720","      MOV R0, UR6","2","1","2","32768","1048576","1048576","32","32","0","0","0","-","-","-","0","0","0","0","0","0","0","0","0","-","0","0","0","0","0","0","0","0","0","0","0","0","1","0","0","0","0","0","1","0","0","0","0","0","0","0","0","0","0","1","0","0","0","0","0","0","0","0","0","0"
"0x7fc1235af730","      STL [R1+0x4], R0","3","2","3","32768","1048576","1048576","32","32","0","0","0","Local","Store","32","0","0","0","0","0","0","0","0","131072","-","0","0","0","0","0","0","0","0","0","0","0","0","0","0","0","0","0","0","0","0","0","0","3","0","0","0","0","0","0","0","0","0","0","0","0","0","0","0","0","2"
"0x7fc1235af740","      BRA.U !UP0, 0x7fc1235adfe0","1","0","1","32768","1048576","1048576","32","32","0","0","0","-","-","-","0","0","0","0","0","0","0","0","0","-","0","0","0","0","0","0","0","0","0","0","0","0","0","0","0","0","0","0","1","0","0","0","0","0","0","0","0","0","0","0","0","0","0","0","0","0","0","0","0","0"
"0x7fc1235af750","      BRA 0x7fc1235b30d0","3","0","3","592","18944","18944","32","32","0","0","0","-","-","-","0","0","0","0","0","0","0","0","0","-","0","0","0","0","0","0","0","0","0","0","0","0","0","0","0","0","0","0","2","0","0","0","1","0","0","0","0","0","0","0","0","0","0","0","0","0","0","0","0","0"
"0x7fc1235af760","      LDL R0, [R1]","4","3","4","1776","56832","56832","32","32","0","0","0","Local","Load","32","0","0","0","0","0","0","0","0","7104","-","0","0","0","0","0","0","0","1","0","0","0","0","0","0","0","0","3","0","0","0","0","0","0","0","0","0","0","0","0","0","0","0","0","3","0","0","0","0","0","0"
"0x7fc1235af770","      R2UR UR5, R0","1","1","1","1776","56832","56832","32","32","0","0","0","-","-","-","0","0","0","0","0","0","0","0","0","-","0","0","0","0","0","0","0","0","0","0","0","1","0","0","0","0","0","0","0","0","0","0","0","0","0","0","0","0","1","0","0","0","0","0","0","0","0","0","0","0"
"0x7fc1235af780","      UISETP.NE.U32.AND UP0, UPT, UR5, 0xc, UPT","2","1","2","1776","56832","56832","32","32","0","0","0","-","-","-","0","0","0","0","0","0","0","0","0","-","0","0","0","0","0","0","0","0","0","0","0","0","0","0","0","0","0","0","0","0","0","0","2","0","0","0","0","0","0","0","0","0","0","0","0","0","0","0","0","1"
"0x7fc1235af790","      BRA.U UP0, 0x7fc1235b08f0","2","1","2","1776","56832","56832","32","32","0","0","0","-","-","-","0","0","0","0","0","0","0","0","0","-","0","0","0","0","0","0","0","0","0","0","0","0","0","0","0","0","0","0","1","0","0","0","1","0","0","0","0","0","0","0","0","0","0","0","0","0","0","0","0","1"
"0x7fc1235af7a0","      LDL R0, [R1+0x4]","0","0","0","148","4736","4736","32","32","0","0","0","Local","Load","32","0","0","0","0","0","0","0","0","592","-","0","0","0","0","0","0","0","0","0","0","0","0","0","0","0","0","0","0","0","0","0","0","0","0","0","0","0","0","0","0","0","0","0","0","0","0","0","0","0","0"
"0x7fc1235af7b0","      R2UR UR5, R0","0","0","0","148","4736","4736","32","32","0","0","0","-","-","-","0","0","0","0","0","0","0","0","0","-","0","0","0","0","0","0","0","0","0","0","0","0","0","0","0","0","0","0","0","0","0","0","0","0","0","0","0","0","0","0","0","0","0","0","0","0","0","0","0","0"
"0x7fc1235af7c0","      UISETP.GT.U32.AND UP0, UPT, UR5, 0x1fff, UPT","0","0","0","148","4736","4736","32","32","0","0","0","-","-","-","0","0","0","0","0","0","0","0","0","-","0","0","0","0","0","0","0","0","0","0","0","0","0","0","0","0","0","0","0","0","0","0","0","0","0","0","0","0","0","0","0","0","0","0","0","0","0","0","0","0"
"0x7fc1235af7d0","      BRA.U UP0, 0x7fc1235b30d0","0","0","0","148","4736","4736","32","32","0","0","0","-","-","-","0","0","0","0","0","0","0","0","0","-","0","0","0","0","0","0","0","0","0","0","0","0","0","0","0","0","0","0","0","0","0","0","0","0","0","0","0","0","0","0","0","0","0","0","0","0","0","0","0","0"
"0x7fc1235af7e0","      USHF.R.U32.HI UR56, URZ, 0x4, UR4","0","0","0","148","4736","4736","32","32","0","0","0","-","-","-","0","0","0","0","0","0","0","0","0","-","0","0","0","0","0","0","0","0","0","0","0","0","0","0","0","0","0","0","0","0","0","0","0","0","0","0","0","0","0","0","0","0","0","0","0","0","0","0","0","0"
"0x7fc1235af7f0","      HFMA2 R5, -RZ, RZ, 0, 0","0","0","0","148","4736","4736","32","32","0","0","0","-","-","-","0","0","0","0","0","0","0","0","0","-","0","0","0","0","0","0","0","0","0","0","0","0","0","0","0","0","0","0","0","0","0","0","0","0","0","0","0","0","0","0","0","0","0","0","0","0","0","0","0","0"
"0x7fc1235af800","      UIADD3 UR6, UPT, UPT, UR4, 0x8000, URZ","0","0","0","148","4736","4736","32","32","0","0","0","-","-","-","0","0","0","0","0","0","0","0","0","-","0","0","0","0","0","0","0","0","0","0","0","0","0","0","0","0","0","0","0","0","0","0","0","0","0","0","0","0","0","0","0","0","0","0","0","0","0","0","0","0"
"0x7fc1235af810","      ULOP3.LUT UR56, UR56, 0x3fff, URZ, 0xc0, !UPT","0","0","0","148","4736","4736","32","32","0","0","0","-","-","-","0","0","0","0","0","0","0","0","0","-","0","0","0","0","0","0","0","0","0","0","0","0","0","0","0","0","0","0","0","0","0","0","0","0","0","0","0","0","0","0","0","0","0","0","0","0","0","0","0","0"
"0x7fc1235af820","      UIADD3 UR5, UPT, UPT, UR4, 0x2d000, URZ","0","0","0","148","4736","4736","32","32","0","0","0","-","-","-","0","0","0","0","0","0","0","0","0","-","0","0","0","0","0","0","0","0","0","0","0","0","0","0","0","0","0","0","0","0","0","0","0","0","0","0","0","0","0","0","0","0","0","0","0","0","0","0","0","0"
"0x7fc1235af830","      ULOP3.LUT UR56, UR56, 0x10000, URZ, 0xfc, !UPT","0","0","0","148","4736","4736","32","32","0","0","0","-","-","-","0","0","0","0","0","0","0","0","0","-","0","0","0","0","0","0","0","0","0","0","0","0","0","0","0","0","0","0","0","0","0","0","0","0","0","0","0","0","0","0","0","0","0","0","0","0","0","0","0","0"
"0x7fc1235af840","      USHF.R.U32.HI UR6, URZ, 0x4, UR6","0","0","0","148","4736","4736","32","32","0","0","0","-","-","-","0","0","0","0","0","0","0","0","0","-","0","0","0","0","0","0","0","0","0","0","0","0","0","0","0","0","0","0","0","0","0","0","0","0","0","0","0","0","0","0","0","0","0","0","0","0","0","0","0","0"
"0x7fc1235af850","      USHF.R.U32.HI UR5, URZ, 0x4, UR5","0","0","0","148","4736","4736","32","32","0","0","0","-","-","-","0","0","0","0","0","0","0","0","0","-","0","0","0","0","0","0","0","0","0","0","0","0","0","0","0","0","0","0","0","0","0","0","0","0","0","0","0","0","0","0","0","0","0","0","0","0","0","0","0","0"
"0x7fc1235af860","      UIADD3 UR20, UPT, UPT, UR56, 0x2, URZ","0","0","0","148","4736","4736","32","32","0","0","0","-","-","-","0","0","0","0","0","0","0","0","0","-","0","0","0","0","0","0","0","0","0","0","0","0","0","0","0","0","0","0","0","0","0","0","0","0","0","0","0","0","0","0","0","0","0","0","0","0","0","0","0","0"
"0x7fc1235af870","      UIADD3 UR18, UPT, UPT, UR56, 0x4, URZ","0","0","0","148","4736","4736","32","32","0","0","0","-","-","-","0","0","0","0","0","0","0","0","0","-","0","0","0","0","0","0","0","0","0","0","0","0","0","0","0","0","0","0","0","0","0","0","0","0","0","0","0","0","0","0","0","0","0","0","0","0","0","0","0","0"
"0x7fc1235af880","      UIADD3 UR16, UPT, UPT, UR56, 0x6, URZ","0","0","0","148","4736","4736","32","32","0","0","0","-","-","-","0","0","0","0","0","0","0","0","0","-","0","0","0","0","0","0","0","0","0","0","0","0","0","0","0","0","0","0","0","0","0","0","0","0","0","0","0","0","0","0","0","0","0","0","0","0","0","0","0","0"
"0x7fc1235af890","      UIADD3 UR14, UPT, UPT, UR56, 0x202, URZ","0","0","0","148","4736","4736","32","32","0","0","0","-","-","-","0","0","0","0","0","0","0","0","0","-","0","0","0","0","0","0","0","0","0","0","0","0","0","0","0","0","0","0","0","0","0","0","0","0","0","0","0","0","0","0","0","0","0","0","0","0","0","0","0","0"
"0x7fc1235af8a0","      MOV R24, UR20","0","0","0","148","4736","4736","32","32","0","0","0","-","-","-","0","0","0","0","0","0","0","0","0","-","0","0","0","0","0","0","0","0","0","0","0","0","0","0","0","0","0","0","0","0","0","0","0","0","0","0","0","0","0","0","0","0","0","0","0","0","0","0","0","0"
"0x7fc1235af8b0","      UIADD3 UR12, UPT, UPT, UR56, 0x400, URZ","0","0","0","148","4736","4736","32","32","0","0","0","-","-","-","0","0","0","0","0","0","0","0","0","-","0","0","0","0","0","0","0","0","0","0","0","0","0","0","0","0","0","0","0","0","0","0","0","0","0","0","0","0","0","0","0","0","0","0","0","0","0","0","0","0"
"0x7fc1235af8c0","      MOV R22, UR18","0","0","0","148","4736","4736","32","32","0","0","0","-","-","-","0","0","0","0","0","0","0","0","0","-","0","0","0","0","0","0","0","0","0","0","0","0","0","0","0","0","0","0","0","0","0","0","0","0","0","0","0","0","0","0","0","0","0","0","0","0","0","0","0","0"
"0x7fc1235af8d0","      UIADD3 UR10, UPT, UPT, UR56, 0x402, URZ","0","0","0","148","4736","4736","32","32","0","0","0","-","-","-","0","0","0","0","0","0","0","0","0","-","0","0","0","0","0","0","0","0","0","0","0","0","0","0","0","0","0","0","0","0","0","0","0","0","0","0","0","0","0","0","0","0","0","0","0","0","0","0","0","0"
"0x7fc1235af8e0","      MOV R20, UR16","0","0","0","148","4736","4736","32","32","0","0","0","-","-","-","0","0","0","0","0","0","0","0","0","-","0","0","0","0","0","0","0","0","0","0","0","0","0","0","0","0","0","0","0","0","0","0","0","0","0","0","0","0","0","0","0","0","0","0","0","0","0","0","0","0"
"0x7fc1235af8f0","      UIADD3 UR8, UPT, UPT, UR56, 0x404, URZ","0","0","0","148","4736","4736","32","32","0","0","0","-","-","-","0","0","0","0","0","0","0","0","0","-","0","0","0","0","0","0","0","0","0","0","0","0","0","0","0","0","0","0","0","0","0","0","0","0","0","0","0","0","0","0","0","0","0","0","0","0","0","0","0","0"
"0x7fc1235af900","      MOV R18, UR14","0","0","0","148","4736","4736","32","32","0","0","0","-","-","-","0","0","0","0","0","0","0","0","0","-","0","0","0","0","0","0","0","0","0","0","0","0","0","0","0","0","0","0","0","0","0","0","0","0","0","0","0","0","0","0","0","0","0","0","0","0","0","0","0","0"
"0x7fc1235af910","      ULOP3.LUT UR6, UR6, 0x3fff, URZ, 0xc0, !UPT","0","0","0","148","4736","4736","32","32","0","0","0","-","-","-","0","0","0","0","0","0","0","0","0","-","0","0","0","0","0","0","0","0","0","0","0","0","0","0","0","0","0","0","0","0","0","0","0","0","0","0","0","0","0","0","0","0","0","0","0","0","0","0","0","0"
"0x7fc1235af920","      MOV R16, UR12","0","0","0","148","4736","4736","32","32","0","0","0","-","-","-","0","0","0","0","0","0","0","0","0","-","0","0","0","0","0","0","0","0","0","0","0","0","0","0","0","0","0","0","0","0","0","0","0","0","0","0","0","0","0","0","0","0","0","0","0","0","0","0","0","0"
"0x7fc1235af930","      ULOP3.LUT UR5, UR5, 0x3fff, URZ, 0xc0, !UPT","0","0","0","148","4736","4736","32","32","0","0","0","-","-","-","0","0","0","0","0","0","0","0","0","-","0","0","0","0","0","0","0","0","0","0","0","0","0","0","0","0","0","0","0","0","0","0","0","0","0","0","0","0","0","0","0","0","0","0","0","0","0","0","0","0"
"0x7fc1235af940","      MOV R14, UR10","0","0","0","148","4736","4736","32","32","0","0","0","-","-","-","0","0","0","0","0","0","0","0","0","-","0","0","0","0","0","0","0","0","0","0","0","0","0","0","0","0","0","0","0","0","0","0","0","0","0","0","0","0","0","0","0","0","0","0","0","0","0","0","0","0"
"0x7fc1235af950","      UMOV UR21, 0x40004040","0","0","0","148","4736","4736","32","32","0","0","0","-","-","-","0","0","0","0","0","0","0","0","0","-","0","0","0","0","0","0","0","0","0","0","0","0","0","0","0","0","0","0","0","0","0","0","0","0","0","0","0","0","0","0","0","0","0","0","0","0","0","0","0","0"
"0x7fc1235af960","      UMOV UR19, 0x40004040","0","0","0","148","4736","4736","32","32","0","0","0","-","-","-","0","0","0","0","0","0","0","0","0","-","0","0","0","0","0","0","0","0","0","0","0","0","0","0","0","0","0","0","0","0","0","0","0","0","0","0","0","0","0","0","0","0","0","0","0","0","0","0","0","0"
"0x7fc1235af970","      UMOV UR17, 0x40004040","0","0","0","148","4736","4736","32","32","0","0","0","-","-","-","0","0","0","0","0","0","0","0","0","-","0","0","0","0","0","0","0","0","0","0","0","0","0","0","0","0","0","0","0","0","0","0","0","0","0","0","0","0","0","0","0","0","0","0","0","0","0","0","0","0"
"0x7fc1235af980","      UMOV UR15, 0x40004040","0","0","0","148","4736","4736","32","32","0","0","0","-","-","-","0","0","0","0","0","0","0","0","0","-","0","0","0","0","0","0","0","0","0","0","0","0","0","0","0","0","0","0","0","0","0","0","0","0","0","0","0","0","0","0","0","0","0","0","0","0","0","0","0","0"
"0x7fc1235af990","      UMOV UR13, 0x40004040","0","0","0","148","4736","4736","32","32","0","0","0","-","-","-","0","0","0","0","0","0","0","0","0","-","0","0","0","0","0","0","0","0","0","0","0","0","0","0","0","0","0","0","0","0","0","0","0","0","0","0","0","0","0","0","0","0","0","0","0","0","0","0","0","0"
"0x7fc1235af9a0","      UMOV UR11, 0x40004040","0","0","0","148","4736","4736","32","32","0","0","0","-","-","-","0","0","0","0","0","0","0","0","0","-","0","0","0","0","0","0","0","0","0","0","0","0","0","0","0","0","0","0","0","0","0","0","0","0","0","0","0","0","0","0","0","0","0","0","0","0","0","0","0","0"
"0x7fc1235af9b0","      UMOV UR9, 0x40004040","0","0","0","148","4736","4736","32","32","0","0","0","-","-","-","0","0","0","0","0","0","0","0","0","-","0","0","0","0","0","0","0","0","0","0","0","0","0","0","0","0","0","0","0","0","0","0","0","0","0","0","0","0","0","0","0","0","0","0","0","0","0","0","0","0"
"0x7fc1235af9c0","      ULOP3.LUT UR58, UR6, 0x10000, URZ, 0xfc, !UPT","0","0","0","148","4736","4736","32","32","0","0","0","-","-","-","0","0","0","0","0","0","0","0","0","-","0","0","0","0","0","0","0","0","0","0","0","0","0","0","0","0","0","0","0","0","0","0","0","0","0","0","0","0","0","0","0","0","0","0","0","0","0","0","0","0"
"0x7fc1235af9d0","      IMAD.U32 R25, RZ, RZ, UR21","0","0","0","148","4736","4736","32","32","0","0","0","-","-","-","0","0","0","0","0","0","0","0","0","-","0","0","0","0","0","0","0","0","0","0","0","0","0","0","0","0","0","0","0","0","0","0","0","0","0","0","0","0","0","0","0","0","0","0","0","0","0","0","0","0"
"0x7fc1235af9e0","      ULOP3.LUT UR46, UR5, 0x10000, URZ, 0xfc, !UPT","0","0","0","148","4736","4736","32","32","0","0","0","-","-","-","0","0","0","0","0","0","0","0","0","-","0","0","0","0","0","0","0","0","0","0","0","0","0","0","0","0","0","0","0","0","0","0","0","0","0","0","0","0","0","0","0","0","0","0","0","0","0","0","0","0"
"0x7fc1235af9f0","      IMAD.U32 R23, RZ, RZ, UR19","0","0","0","148","4736","4736","32","32","0","0","0","-","-","-","0","0","0","0","0","0","0","0","0","-","0","0","0","0","0","0","0","0","0","0","0","0","0","0","0","0","0","0","0","0","0","0","0","0","0","0","0","0","0","0","0","0","0","0","0","0","0","0","0","0"
"0x7fc1235afa00","      MOV R12, UR8","0","0","0","148","4736","4736","32","32","0","0","0","-","-","-","0","0","0","0","0","0","0","0","0","-","0","0","0","0","0","0","0","0","0","0","0","0","0","0","0","0","0","0","0","0","0","0","0","0","0","0","0","0","0","0","0","0","0","0","0","0","0","0","0","0"
"0x7fc1235afa10","      IMAD.U32 R21, RZ, RZ, UR17","0","0","0","148","4736","4736","32","32","0","0","0","-","-","-","0","0","0","0","0","0","0","0","0","-","0","0","0","0","0","0","0","0","0","0","0","0","0","0","0","0","0","0","0","0","0","0","0","0","0","0","0","0","0","0","0","0","0","0","0","0","0","0","0","0"
"0x7fc1235afa20","      UMOV UR45, URZ","0","0","0","148","4736","4736","32","32","0","0","0","-","-","-","0","0","0","0","0","0","0","0","0","-","0","0","0","0","0","0","0","0","0","0","0","0","0","0","0","0","0","0","0","0","0","0","0","0","0","0","0","0","0","0","0","0","0","0","0","0","0","0","0","0"
"0x7fc1235afa30","      IMAD.U32 R19, RZ, RZ, UR15","0","0","0","148","4736","4736","32","32","0","0","0","-","-","-","0","0","0","0","0","0","0","0","0","-","0","0","0","0","0","0","0","0","0","0","0","0","0","0","0","0","0","0","0","0","0","0","0","0","0","0","0","0","0","0","0","0","0","0","0","0","0","0","0","0"
"0x7fc1235afa40","      UMOV UR40, 0x0","0","0","0","148","4736","4736","32","32","0","0","0","-","-","-","0","0","0","0","0","0","0","0","0","-","0","0","0","0","0","0","0","0","0","0","0","0","0","0","0","0","0","0","0","0","0","0","0","0","0","0","0","0","0","0","0","0","0","0","0","0","0","0","0","0"
"0x7fc1235afa50","      IMAD.U32 R17, RZ, RZ, UR13","0","0","0","148","4736","4736","32","32","0","0","0","-","-","-","0","0","0","0","0","0","0","0","0","-","0","0","0","0","0","0","0","0","0","0","0","0","0","0","0","0","0","0","0","0","0","0","0","0","0","0","0","0","0","0","0","0","0","0","0","0","0","0","0","0"
"0x7fc1235afa60","      UMOV UR41, 0x4200010","0","0","0","148","4736","4736","32","32","0","0","0","-","-","-","0","0","0","0","0","0","0","0","0","-","0","0","0","0","0","0","0","0","0","0","0","0","0","0","0","0","0","0","0","0","0","0","0","0","0","0","0","0","0","0","0","0","0","0","0","0","0","0","0","0"
"0x7fc1235afa70","      IMAD.U32 R15, RZ, RZ, UR11","0","0","0","148","4736","4736","32","32","0","0","0","-","-","-","0","0","0","0","0","0","0","0","0","-","0","0","0","0","0","0","0","0","0","0","0","0","0","0","0","0","0","0","0","0","0","0","0","0","0","0","0","0","0","0","0","0","0","0","0","0","0","0","0","0"
"0x7fc1235afa80","      UMOV UR54, 0x0","0","0","0","148","4736","4736","32","32","0","0","0","-","-","-","0","0","0","0","0","0","0","0","0","-","0","0","0","0","0","0","0","0","0","0","0","0","0","0","0","0","0","0","0","0","0","0","0","0","0","0","0","0","0","0","0","0","0","0","0","0","0","0","0","0"
"0x7fc1235afa90","      IMAD.U32 R13, RZ, RZ, UR9","0","0","0","148","4736","4736","32","32","0","0","0","-","-","-","0","0","0","0","0","0","0","0","0","-","0","0","0","0","0","0","0","0","0","0","0","0","0","0","0","0","0","0","0","0","0","0","0","0","0","0","0","0","0","0","0","0","0","0","0","0","0","0","0","0"
"0x7fc1235afaa0","      UMOV UR55, 0x4410010","0","0","0","148","4736","4736","32","32","0","0","0","-","-","-","0","0","0","0","0","0","0","0","0","-","0","0","0","0","0","0","0","0","0","0","0","0","0","0","0","0","0","0","0","0","0","0","0","0","0","0","0","0","0","0","0","0","0","0","0","0","0","0","0","0"
"0x7fc1235afab0","      UIADD3 UR76, UPT, UPT, UR56, 0x406, URZ","0","0","0","148","4736","4736","32","32","0","0","0","-","-","-","0","0","0","0","0","0","0","0","0","-","0","0","0","0","0","0","0","0","0","0","0","0","0","0","0","0","0","0","0","0","0","0","0","0","0","0","0","0","0","0","0","0","0","0","0","0","0","0","0","0"
"0x7fc1235afac0","      UIADD3 UR74, UPT, UPT, UR56, 0x600, URZ","0","0","0","148","4736","4736","32","32","0","0","0","-","-","-","0","0","0","0","0","0","0","0","0","-","0","0","0","0","0","0","0","0","0","0","0","0","0","0","0","0","0","0","0","0","0","0","0","0","0","0","0","0","0","0","0","0","0","0","0","0","0","0","0","0"
"0x7fc1235afad0","      UIADD3 UR72, UPT, UPT, UR56, 0x602, URZ","0","0","0","148","4736","4736","32","32","0","0","0","-","-","-","0","0","0","0","0","0","0","0","0","-","0","0","0","0","0","0","0","0","0","0","0","0","0","0","0","0","0","0","0","0","0","0","0","0","0","0","0","0","0","0","0","0","0","0","0","0","0","0","0","0"
"0x7fc1235afae0","      UIADD3 UR70, UPT, UPT, UR56, 0x604, URZ","0","0","0","148","4736","4736","32","32","0","0","0","-","-","-","0","0","0","0","0","0","0","0","0","-","0","0","0","0","0","0","0","0","0","0","0","0","0","0","0","0","0","0","0","0","0","0","0","0","0","0","0","0","0","0","0","0","0","0","0","0","0","0","0","0"
"0x7fc1235afaf0","      UIADD3 UR68, UPT, UPT, UR56, 0x606, URZ","0","0","0","148","4736","4736","32","32","0","0","0","-","-","-","0","0","0","0","0","0","0","0","0","-","0","0","0","0","0","0","0","0","0","0","0","0","0","0","0","0","0","0","0","0","0","0","0","0","0","0","0","0","0","0","0","0","0","0","0","0","0","0","0","0"
"0x7fc1235afb00","      UIADD3 UR64, UPT, UPT, UR56, 0x200, URZ","0","0","0","148","4736","4736","32","32","0","0","0","-","-","-","0","0","0","0","0","0","0","0","0","-","0","0","0","0","0","0","0","0","0","0","0","0","0","0","0","0","0","0","0","0","0","0","0","0","0","0","0","0","0","0","0","0","0","0","0","0","0","0","0","0"
"0x7fc1235afb10","      UIADD3 UR62, UPT, UPT, UR56, 0x204, URZ","0","0","0","148","4736","4736","32","32","0","0","0","-","-","-","0","0","0","0","0","0","0","0","0","-","0","0","0","0","0","0","0","0","0","0","0","0","0","0","0","0","0","0","0","0","0","0","0","0","0","0","0","0","0","0","0","0","0","0","0","0","0","0","0","0"
"0x7fc1235afb20","      UMOV UR57, 0x40004040","0","0","0","148","4736","4736","32","32","0","0","0","-","-","-","0","0","0","0","0","0","0","0","0","-","0","0","0","0","0","0","0","0","0","0","0","0","0","0","0","0","0","0","0","0","0","0","0","0","0","0","0","0","0","0","0","0","0","0","0","0","0","0","0","0"
"0x7fc1235afb30","      UIADD3 UR60, UPT, UPT, UR56, 0x206, URZ","0","0","0","148","4736","4736","32","32","0","0","0","-","-","-","0","0","0","0","0","0","0","0","0","-","0","0","0","0","0","0","0","0","0","0","0","0","0","0","0","0","0","0","0","0","0","0","0","0","0","0","0","0","0","0","0","0","0","0","0","0","0","0","0","0"
"0x7fc1235afb40","      UMOV UR47, 0x80004020","0","0","0","148","4736","4736","32","32","0","0","0","-","-","-","0","0","0","0","0","0","0","0","0","-","0","0","0","0","0","0","0","0","0","0","0","0","0","0","0","0","0","0","0","0","0","0","0","0","0","0","0","0","0","0","0","0","0","0","0","0","0","0","0","0"
"0x7fc1235afb50","      UIADD3 UR66, UPT, UPT, UR58, 0x2, URZ","0","0","0","148","4736","4736","32","32","0","0","0","-","-","-","0","0","0","0","0","0","0","0","0","-","0","0","0","0","0","0","0","0","0","0","0","0","0","0","0","0","0","0","0","0","0","0","0","0","0","0","0","0","0","0","0","0","0","0","0","0","0","0","0","0"
"0x7fc1235afb60","      UIADD3 UR52, UPT, UPT, UR46, 0x2, URZ","0","0","0","148","4736","4736","32","32","0","0","0","-","-","-","0","0","0","0","0","0","0","0","0","-","0","0","0","0","0","0","0","0","0","0","0","0","0","0","0","0","0","0","0","0","0","0","0","0","0","0","0","0","0","0","0","0","0","0","0","0","0","0","0","0"
"0x7fc1235afb70","      UIADD3 UR50, UPT, UPT, UR46, 0x102, URZ","0","0","0","148","4736","4736","32","32","0","0","0","-","-","-","0","0","0","0","0","0","0","0","0","-","0","0","0","0","0","0","0","0","0","0","0","0","0","0","0","0","0","0","0","0","0","0","0","0","0","0","0","0","0","0","0","0","0","0","0","0","0","0","0","0"
"0x7fc1235afb80","      UMOV UR77, 0x40004040","0","0","0","148","4736","4736","32","32","0","0","0","-","-","-","0","0","0","0","0","0","0","0","0","-","0","0","0","0","0","0","0","0","0","0","0","0","0","0","0","0","0","0","0","0","0","0","0","0","0","0","0","0","0","0","0","0","0","0","0","0","0","0","0","0"
"0x7fc1235afb90","      UIADD3 UR48, UPT, UPT, UR46, 0x100, URZ","0","0","0","148","4736","4736","32","32","0","0","0","-","-","-","0","0","0","0","0","0","0","0","0","-","0","0","0","0","0","0","0","0","0","0","0","0","0","0","0","0","0","0","0","0","0","0","0","0","0","0","0","0","0","0","0","0","0","0","0","0","0","0","0","0"
"0x7fc1235afba0","      UMOV UR75, 0x40004040","0","0","0","148","4736","4736","32","32","0","0","0","-","-","-","0","0","0","0","0","0","0","0","0","-","0","0","0","0","0","0","0","0","0","0","0","0","0","0","0","0","0","0","0","0","0","0","0","0","0","0","0","0","0","0","0","0","0","0","0","0","0","0","0","0"
"0x7fc1235afbb0","      UMOV UR73, 0x40004040","0","0","0","148","4736","4736","32","32","0","0","0","-","-","-","0","0","0","0","0","0","0","0","0","-","0","0","0","0","0","0","0","0","0","0","0","0","0","0","0","0","0","0","0","0","0","0","0","0","0","0","0","0","0","0","0","0","0","0","0","0","0","0","0","0"
"0x7fc1235afbc0","      UMOV UR71, 0x40004040","0","0","0","148","4736","4736","32","32","0","0","0","-","-","-","0","0","0","0","0","0","0","0","0","-","0","0","0","0","0","0","0","0","0","0","0","0","0","0","0","0","0","0","0","0","0","0","0","0","0","0","0","0","0","0","0","0","0","0","0","0","0","0","0","0"
"0x7fc1235afbd0","      UMOV UR69, 0x40004040","0","0","0","148","4736","4736","32","32","0","0","0","-","-","-","0","0","0","0","0","0","0","0","0","-","0","0","0","0","0","0","0","0","0","0","0","0","0","0","0","0","0","0","0","0","0","0","0","0","0","0","0","0","0","0","0","0","0","0","0","0","0","0","0","0"
"0x7fc1235afbe0","      UMOV UR65, 0x40004040","0","0","0","148","4736","4736","32","32","0","0","0","-","-","-","0","0","0","0","0","0","0","0","0","-","0","0","0","0","0","0","0","0","0","0","0","0","0","0","0","0","0","0","0","0","0","0","0","0","0","0","0","0","0","0","0","0","0","0","0","0","0","0","0","0"
"0x7fc1235afbf0","      UMOV UR63, 0x40004040","0","0","0","148","4736","4736","32","32","0","0","0","-","-","-","0","0","0","0","0","0","0","0","0","-","0","0","0","0","0","0","0","0","0","0","0","0","0","0","0","0","0","0","0","0","0","0","0","0","0","0","0","0","0","0","0","0","0","0","0","0","0","0","0","0"
"0x7fc1235afc00","      UMOV UR61, 0x40004040","0","0","0","148","4736","4736","32","32","0","0","0","-","-","-","0","0","0","0","0","0","0","0","0","-","0","0","0","0","0","0","0","0","0","0","0","0","0","0","0","0","0","0","0","0","0","0","0","0","0","0","0","0","0","0","0","0","0","0","0","0","0","0","0","0"
"0x7fc1235afc10","      UMOV UR59, 0x80004020","0","0","0","148","4736","4736","32","32","0","0","0","-","-","-","0","0","0","0","0","0","0","0","0","-","0","0","0","0","0","0","0","0","0","0","0","0","0","0","0","0","0","0","0","0","0","0","0","0","0","0","0","0","0","0","0","0","0","0","0","0","0","0","0","0"
"0x7fc1235afc20","      UMOV UR67, 0x80004020","0","0","0","148","4736","4736","32","32","0","0","0","-","-","-","0","0","0","0","0","0","0","0","0","-","0","0","0","0","0","0","0","0","0","0","0","0","0","0","0","0","0","0","0","0","0","0","0","0","0","0","0","0","0","0","0","0","0","0","0","0","0","0","0","0"
"0x7fc1235afc30","      UMOV UR53, 0x80004020","0","0","0","148","4736","4736","32","32","0","0","0","-","-","-","0","0","0","0","0","0","0","0","0","-","0","0","0","0","0","0","0","0","0","0","0","0","0","0","0","0","0","0","0","0","0","0","0","0","0","0","0","0","0","0","0","0","0","0","0","0","0","0","0","0"
"0x7fc1235afc40","      UMOV UR51, 0x80004020","0","0","0","148","4736","4736","32","32","0","0","0","-","-","-","0","0","0","0","0","0","0","0","0","-","0","0","0","0","0","0","0","0","0","0","0","0","0","0","0","0","0","0","0","0","0","0","0","0","0","0","0","0","0","0","0","0","0","0","0","0","0","0","0","0"
"0x7fc1235afc50","      UMOV UR49, 0x80004020","0","0","0","148","4736","4736","32","32","0","0","0","-","-","-","0","0","0","0","0","0","0","0","0","-","0","0","0","0","0","0","0","0","0","0","0","0","0","0","0","0","0","0","0","0","0","0","0","0","0","0","0","0","0","0","0","0","0","0","0","0","0","0","0","0"
"0x7fc1235afc60","      SHF.L.U32 R3, R5, 0x1f, RZ","1","1","1","8192","262144","262144","32","32","0","0","0","-","-","-","0","0","0","0","0","0","0","0","0","-","0","0","0","0","0","0","0","0","0","0","0","0","0","0","0","0","1","0","0","0","0","0","0","0","0","0","0","0","0","0","0","0","0","1","0","0","0","0","0","0"
"0x7fc1235afc70","      LDS R0, [UR4+0x2f940]","2","1","2","8192","262144","262144","32","32","0","0","0","Shared","Load","32","0","1","0","8192","8192","0","0","0","0","-","0","0","0","0","0","0","0","0","0","0","0","2","0","0","0","0","0","0","0","0","0","0","0","0","0","0","0","0","1","0","0","0","0","0","0","0","0","0","0","0"
"0x7fc1235afc80","      SYNCS.PHASECHK.TRANS64.TRYWAIT P0, [UR4+0x2f938], R3","0","0","0","8192","262144","262144","32","32","0","0","0","-","-","-","0","0","0","0","0","0","0","0","0","-","0","0","0","0","0","0","0","0","0","0","0","0","0","0","0","0","0","0","0","0","0","0","0","0","0","0","0","0","0","0","0","0","0","0","0","0","0","0","0","0"
"0x7fc1235afc90","@!P0  BRA 0x7fc1235b3410","663","573","663","8192","262144","262144","32","32","0","0","0","-","-","-","0","0","0","0","0","0","0","0","0","-","0","0","0","0","0","0","0","0","0","0","0","663","0","0","0","0","0","0","0","0","0","0","0","0","0","0","0","0","573","0","0","0","0","0","0","0","0","0","0","0"
"0x7fc1235afca0","      LDL R4, [R1+0x4]","0","0","0","8192","262144","262144","32","32","0","0","0","Local","Load","32","0","0","0","0","0","0","0","0","32768","-","0","0","0","0","0","0","0","0","0","0","0","0","0","0","0","0","0","0","0","0","0","0","0","0","0","0","0","0","0","0","0","0","0","0","0","0","0","0","0","0"
"0x7fc1235afcb0","      LDCU.64 UR6, c[0x0][0x398]","1","0","1","8192","262144","262144","32","32","0","0","0","-","-","-","0","0","0","0","0","0","0","0","0","-","0","0","0","0","0","0","0","0","0","0","0","0","0","0","0","0","0","0","1","0","0","0","0","0","0","0","0","0","0","0","0","0","0","0","0","0","0","0","0","0"
"0x7fc1235afcc0","      LDCU.64 UR8, c[0x0][0x358]","1","0","1","8192","262144","262144","32","32","0","0","0","-","-","-","0","0","0","0","0","0","0","0","0","-","0","0","0","0","0","0","0","0","0","0","0","0","0","0","0","0","0","0","1","0","0","0","0","0","0","0","0","0","0","0","0","0","0","0","0","0","0","0","0","0"
"0x7fc1235afcd0","      R2UR UR5, R4","4","4","4","8192","262144","262144","32","32","0","0","0","-","-","-","0","0","0","0","0","0","0","0","0","-","0","0","0","0","0","0","0","0","0","0","0","4","0","0","0","0","0","0","0","0","0","0","0","0","0","0","0","0","4","0","0","0","0","0","0","0","0","0","0","0"
"0x7fc1235afce0","      UIMAD.WIDE.U32 UR6, UR5, 0x4, UR6","2","2","2","8192","262144","262144","32","32","0","0","0","-","-","-","0","0","0","0","0","0","0","0","0","-","0","0","0","0","0","0","0","0","0","0","0","0","0","0","0","0","0","0","0","0","0","0","2","0","0","0","0","0","0","0","0","0","0","0","0","0","0","0","0","2"
"0x7fc1235afcf0","      IMAD.U32 R10, RZ, RZ, UR6","0","0","0","8192","262144","262144","32","32","0","0","0","-","-","-","0","0","0","0","0","0","0","0","0","-","0","0","0","0","0","0","0","0","0","0","0","0","0","0","0","0","0","0","0","0","0","0","0","0","0","0","0","0","0","0","0","0","0","0","0","0","0","0","0","0"
"0x7fc1235afd00","      IMAD.U32 R11, RZ, RZ, UR7","1","1","1","8192","262144","262144","32","32","0","0","0","-","-","-","0","0","0","0","0","0","0","0","0","-","0","0","0","0","0","0","0","0","0","0","0","0","0","0","0","0","0","0","0","0","0","0","1","0","0","0","0","0","0","0","0","0","0","0","0","0","0","0","0","1"
"0x7fc1235afd10","      LDG.E R3, desc[UR8][R10.64]","0","0","0","8192","262144","262144","32","32","0","0","0","Global","Load","32","8192","0","0","0","0","0","8192","8192","0","","0","0","0","0","0","0","0","0","0","0","0","0","0","0","0","0","0","0","0","0","0","0","0","0","0","0","0","0","0","0","0","0","0","0","0","0","0","0","0","0"
"0x7fc1235afd20","      R2UR UR43, R0","0","0","0","8192","262144","262144","32","32","0","0","0","-","-","-","0","0","0","0","0","0","0","0","0","-","0","0","0","0","0","0","0","0","0","0","0","0","0","0","0","0","0","0","0","0","0","0","0","0","0","0","0","0","0","0","0","0","0","0","0","0","0","0","0","0"
"0x7fc1235afd30","      SHF.R.S32.HI R4, RZ, 0x1f, R3","4","3","4","8192","262144","262144","32","32","0","0","0","-","-","-","0","0","0","0","0","0","0","0","0","-","0","0","0","0","0","0","0","0","0","0","0","3","0","0","0","0","0","0","1","0","0","0","0","0","0","0","0","0","3","0","0","0","0","0","0","0","0","0","0","0"
"0x7fc1235afd40","      R2UR UR5, R3","1","0","1","8192","262144","262144","32","32","0","0","0","-","-","-","0","0","0","0","0","0","0","0","0","-","0","0","0","0","0","0","0","0","0","0","0","0","0","0","0","0","0","0","1","0","0","0","0","0","0","0","0","0","0","0","0","0","0","0","0","0","0","0","0","0"
"0x7fc1235afd50","      LEA.HI R4, R4, R3, RZ, 0x7","0","0","0","8192","262144","262144","32","32","0","0","0","-","-","-","0","0","0","0","0","0","0","0","0","-","0","0","0","0","0","0","0","0","0","0","0","0","0","0","0","0","0","0","0","0","0","0","0","0","0","0","0","0","0","0","0","0","0","0","0","0","0","0","0","0"
"0x7fc1235afd60","      LOP3.LUT R2, R4, 0xffffff80, RZ, 0xc0, !PT","0","0","0","8192","262144","262144","32","32","0","0","0","-","-","-","0","0","0","0","0","0","0","0","0","-","0","0","0","0","0","0","0","0","0","0","0","0","0","0","0","0","0","0","0","0","0","0","0","0","0","0","0","0","0","0","0","0","0","0","0","0","0","0","0","0"
"0x7fc1235afd70","      ISETP.NE.U32.AND P0, PT, R3, R2, PT","0","0","0","8192","262144","262144","32","32","0","0","0","-","-","-","0","0","0","0","0","0","0","0","0","-","0","0","0","0","0","0","0","0","0","0","0","0","0","0","0","0","0","0","0","0","0","0","0","0","0","0","0","0","0","0","0","0","0","0","0","0","0","0","0","0"
"0x7fc1235afd80","      SHF.R.S32.HI R2, RZ, 0x7, R4","1","1","1","8192","262144","262144","32","32","0","0","0","-","-","-","0","0","0","0","0","0","0","0","0","-","0","0","0","0","0","0","0","0","0","0","0","0","0","0","0","0","0","0","0","0","0","0","1","0","0","0","0","0","0","0","0","0","0","0","0","0","0","0","0","1"
"0x7fc1235afd90","      ISETP.GT.AND P0, PT, R3, -0x1, P0","0","0","0","8192","262144","262144","32","32","0","0","0","-","-","-","0","0","0","0","0","0","0","0","0","-","0","0","0","0","0","0","0","0","0","0","0","0","0","0","0","0","0","0","0","0","0","0","0","0","0","0","0","0","0","0","0","0","0","0","0","0","0","0","0","0"
"0x7fc1235afda0","      LEA.HI.SX32 R4, R4, 0x1, 0x19","0","0","0","8192","262144","262144","32","32","0","0","0","-","-","-","0","0","0","0","0","0","0","0","0","-","0","0","0","0","0","0","0","0","0","0","0","0","0","0","0","0","0","0","0","0","0","0","0","0","0","0","0","0","0","0","0","0","0","0","0","0","0","0","0","0"
"0x7fc1235afdb0","@!P0  IMAD.MOV R4, RZ, RZ, R2","2","2","2","8192","262144","262144","32","32","0","0","0","-","-","-","0","0","0","0","0","0","0","0","0","-","0","0","0","0","0","0","0","0","0","0","0","0","0","0","0","0","0","0","0","0","0","0","2","0","0","0","0","0","0","0","0","0","0","0","0","0","0","0","0","2"
"0x7fc1235afdc0","      ISETP.GE.AND P0, PT, R4, 0x1, PT","0","0","0","8192","262144","262144","32","32","0","0","0","-","-","-","0","0","0","0","0","0","0","0","0","-","0","0","0","0","0","0","0","0","0","0","0","0","0","0","0","0","0","0","0","0","0","0","0","0","0","0","0","0","0","0","0","0","0","0","0","0","0","0","0","0"
"0x7fc1235afdd0","@!P0  BRA 0x7fc1235b07e0","3","2","3","8192","262144","0","32","0","32","32","0","-","-","-","0","0","0","0","0","0","0","0","0","-","0","0","0","0","0","0","0","0","0","0","0","0","0","0","0","0","0","1","0","0","0","0","2","0","0","0","0","0","0","0","0","0","0","0","0","0","0","0","0","2"
"0x7fc1235afde0","      ULEA.HI UR5, UR45, UR45, URZ, 0x1","0","0","0","8192","262144","262144","32","32","32","0","0","-","-","-","0","0","0","0","0","0","0","0","0","-","0","0","0","0","0","0","0","0","0","0","0","0","0","0","0","0","0","0","0","0","0","0","0","0","0","0","0","0","0","0","0","0","0","0","0","0","0","0","0","0"
"0x7fc1235afdf0","      UIADD3 UR24, UPT, UPT, UR43, 0x100, URZ","0","0","0","8192","262144","262144","32","32","0","0","0","-","-","-","0","0","0","0","0","0","0","0","0","-","0","0","0","0","0","0","0","0","0","0","0","0","0","0","0","0","0","0","0","0","0","0","0","0","0","0","0","0","0","0","0","0","0","0","0","0","0","0","0","0"
"0x7fc1235afe00","      ULOP3.LUT UR6, UR5, 0xfffffffe, URZ, 0xc0, !UPT","0","0","0","8192","262144","262144","32","32","0","0","0","-","-","-","0","0","0","0","0","0","0","0","0","-","0","0","0","0","0","0","0","0","0","0","0","0","0","0","0","0","0","0","0","0","0","0","0","0","0","0","0","0","0","0","0","0","0","0","0","0","0","0","0","0"
"0x7fc1235afe10","      USHF.R.S32.HI UR7, URZ, 0x1, UR5","1","0","1","8192","262144","262144","32","32","0","0","0","-","-","-","0","0","0","0","0","0","0","0","0","-","0","0","0","0","0","0","0","0","0","0","0","0","0","0","0","0","0","0","1","0","0","0","0","0","0","0","0","0","0","0","0","0","0","0","0","0","0","0","0","0"
"0x7fc1235afe20","      UIADD3 UR5, UPT, UPT, -UR6, UR45, URZ","1","0","1","8192","262144","262144","32","32","0","0","0","-","-","-","0","0","0","0","0","0","0","0","0","-","0","0","0","0","0","0","0","0","0","0","0","0","0","0","0","0","0","1","0","0","0","0","0","0","0","0","0","0","0","0","0","0","0","0","0","0","0","0","0","0"
"0x7fc1235afe30","      UIADD3 UR44, UPT, UPT, UR43, 0x80, URZ","1","0","1","8192","262144","262144","32","32","0","0","0","-","-","-","0","0","0","0","0","0","0","0","0","-","0","0","0","0","0","0","0","0","0","0","0","0","0","0","0","0","0","0","1","0","0","0","0","0","0","0","0","0","0","0","0","0","0","0","0","0","0","0","0","0"
"0x7fc1235afe40","      MOV R3, UR7","1","0","1","8192","262144","262144","32","32","0","0","0","-","-","-","0","0","0","0","0","0","0","0","0","-","0","0","0","0","0","0","0","0","0","0","0","0","0","0","0","0","0","0","1","0","0","0","0","0","0","0","0","0","0","0","0","0","0","0","0","0","0","0","0","0"
"0x7fc1235afe50","      UMOV UR25, URZ","0","0","0","8192","262144","262144","32","32","0","0","0","-","-","-","0","0","0","0","0","0","0","0","0","-","0","0","0","0","0","0","0","0","0","0","0","0","0","0","0","0","0","0","0","0","0","0","0","0","0","0","0","0","0","0","0","0","0","0","0","0","0","0","0","0"
"0x7fc1235afe60","      MOV R2, UR5","0","0","0","8192","262144","262144","32","32","0","0","0","-","-","-","0","0","0","0","0","0","0","0","0","-","0","0","0","0","0","0","0","0","0","0","0","0","0","0","0","0","0","0","0","0","0","0","0","0","0","0","0","0","0","0","0","0","0","0","0","0","0","0","0","0"
"0x7fc1235afe70","      UIADD3 UR5, UPT, UPT, UR25, UR45, URZ","451","450","451","131072","4194304","4194304","32","32","0","0","0","-","-","-","0","0","0","0","0","0","0","0","0","-","0","0","0","0","0","0","0","6","0","0","0","0","0","0","0","0","29","0","0","415","0","0","1","0","6","0","0","0","0","0","0","0","0","29","0","0","415","0","0","0"
"0x7fc1235afe80","      IMAD.SHL.U32 R0, R3, 0x2, RZ","2","0","2","131072","4194304","4194304","32","32","0","0","0","-","-","-","0","0","0","0","0","0","0","0","0","-","0","0","0","0","0","0","0","0","0","0","0","0","0","0","0","0","0","0","2","0","0","0","0","0","0","0","0","0","0","0","0","0","0","0","0","0","0","0","0","0"
"0x7fc1235afe90","      VIADD R9, R3, 0xffffffff","3","1","3","131072","4194304","4194304","32","32","0","0","0","-","-","-","0","0","0","0","0","0","0","0","0","-","0","0","0","0","0","0","0","0","0","0","0","0","0","0","0","0","0","0","1","0","0","0","2","0","0","0","0","0","0","0","0","0","0","0","0","0","0","0","0","1"
"0x7fc1235afea0","      ULEA.HI UR6, UR5, UR5, URZ, 0x1","2","0","2","131072","4194304","4194304","32","32","0","0","0","-","-","-","0","0","0","0","0","0","0","0","0","-","0","0","0","0","0","0","0","0","0","0","0","0","0","0","0","0","0","0","2","0","0","0","0","0","0","0","0","0","0","0","0","0","0","0","0","0","0","0","0","0"
"0x7fc1235afeb0","      ISETP.NE.U32.AND P0, PT, R0, UR5, PT","4","1","4","131072","4194304","4194304","32","32","0","0","0","-","-","-","0","0","0","0","0","0","0","0","0","-","0","0","0","0","0","0","0","0","0","0","0","0","0","0","0","0","0","0","2","0","0","0","2","0","0","0","0","0","0","0","0","0","0","0","0","0","0","0","0","1"
"0x7fc1235afec0","      ULOP3.LUT UR6, UR6, 0xfffffffe, URZ, 0xc0, !UPT","2","1","2","131072","4194304","4194304","32","32","0","0","0","-","-","-","0","0","0","0","0","0","0","0","0","-","0","0","0","0","0","0","0","0","0","0","0","0","0","0","0","0","0","0","1","0","0","0","1","0","0","0","0","0","0","0","0","0","0","0","0","0","0","0","0","1"
"0x7fc1235afed0","      ISETP.GT.AND P0, PT, RZ, UR5, P0","8","4","8","131072","4194304","4194304","32","32","0","0","0","-","-","-","0","0","0","0","0","0","0","0","0","-","0","0","0","0","0","0","0","0","0","0","0","0","0","0","0","0","0","0","4","0","0","0","4","0","0","0","0","0","0","0","0","0","0","0","0","0","0","0","0","4"
"0x7fc1235afee0","      UIADD3 UR7, UPT, UPT, UR5, -UR6, URZ","2","0","2","131072","4194304","4194304","32","32","0","0","0","-","-","-","0","0","0","0","0","0","0","0","0","-","0","0","0","0","0","0","0","0","0","0","0","0","0","0","0","0","0","0","2","0","0","0","0","0","0","0","0","0","0","0","0","0","0","0","0","0","0","0","0","0"
"0x7fc1235afef0","      ULEA UR5, UR7, UR4, 0x3","8","6","8","131072","4194304","4194304","32","32","0","0","0","-","-","-","0","0","0","0","0","0","0","0","0","-","0","0","0","0","0","0","0","0","0","0","0","0","0","0","0","0","0","0","1","0","0","0","7","0","0","0","0","0","0","0","0","0","0","0","0","0","0","0","0","6"
"0x7fc1235aff00","@!P0  IMAD.MOV R9, RZ, RZ, R3","16","12","16","131072","4194304","4194304","32","32","0","0","0","-","-","-","0","0","0","0","0","0","0","0","0","-","0","0","0","0","0","0","0","0","0","0","0","0","0","0","0","0","0","0","3","0","0","0","13","0","0","0","0","0","0","0","0","0","0","0","0","0","0","0","0","12"
"0x7fc1235aff10","      LEA.HI R0, R9, R9, RZ, 0x1","11","7","11","131072","4194304","4194304","32","32","0","0","0","-","-","-","0","0","0","0","0","0","0","0","0","-","0","0","0","0","0","0","0","0","0","0","0","0","2","0","0","0","0","1","2","0","0","0","6","0","0","0","0","0","0","2","0","0","0","0","0","0","0","0","0","5"
"0x7fc1235aff20","      LOP3.LUT R0, R0, 0xfffffffe, RZ, 0xc0, !PT","8","4","8","131072","4194304","4194304","32","32","0","0","0","-","-","-","0","0","0","0","0","0","0","0","0","-","0","0","0","0","0","0","0","0","0","0","0","0","0","0","0","0","0","0","2","0","0","0","6","0","0","0","0","0","0","0","0","0","0","0","0","0","0","0","0","4"
"0x7fc1235aff30","      IMAD.IADD R0, R9, 0x1, -R0","9","6","9","131072","4194304","4194304","32","32","0","0","0","-","-","-","0","0","0","0","0","0","0","0","0","-","0","0","0","0","0","0","0","0","0","0","0","0","0","0","0","0","0","0","2","0","0","0","7","0","0","0","0","0","0","0","0","0","0","0","0","0","0","0","0","6"
"0x7fc1235aff40","      SHF.L.U32 R7, R0, 0x1f, RZ","14","13","14","131072","4194304","4194304","32","32","0","0","0","-","-","-","0","0","0","0","0","0","0","0","0","-","0","0","0","0","0","0","0","0","0","0","0","0","0","0","0","0","0","0","0","0","0","0","14","0","0","0","0","0","0","0","0","0","0","0","0","0","0","0","0","13"
"0x7fc1235aff50","      SYNCS.PHASECHK.TRANS64.TRYWAIT P0, [UR5+0x2f948], R7","4","3","4","131072","4194304","4194304","32","32","0","0","0","-","-","-","0","0","0","0","0","0","0","0","0","-","0","0","0","0","0","0","0","0","0","0","0","0","0","0","0","0","0","0","1","0","0","0","3","0","0","0","0","0","0","0","0","0","0","0","0","0","0","0","0","3"
"0x7fc1235aff60","@!P0  BRA 0x7fc1235b3470","76","73","76","131072","4194304","9504","32","0","32","32","0","-","-","-","0","0","0","0","0","0","0","0","0","-","0","0","0","0","0","0","0","0","0","0","0","76","0","0","0","0","0","0","0","0","0","0","0","0","0","0","0","0","73","0","0","0","0","0","0","0","0","0","0","0"
"0x7fc1235aff70","      ULEA UR6, UR7, UR4, 0x10","6","4","6","131072","4194304","4194304","32","32","32","0","0","-","-","-","0","0","0","0","0","0","0","0","0","-","0","0","0","0","0","0","0","0","0","0","0","0","0","0","0","0","0","0","2","0","0","0","4","0","0","0","0","0","0","0","0","0","0","0","0","0","0","0","0","4"
"0x7fc1235aff80","      NOP","2","0","2","131072","4194304","4194304","32","32","0","0","0","-","-","-","0","0","0","0","0","0","0","0","0","-","0","0","0","0","0","0","0","0","0","0","0","0","0","0","0","0","0","0","2","0","0","0","0","0","0","0","0","0","0","0","0","0","0","0","0","0","0","0","0","0"
"0x7fc1235aff90","      ULEA UR5, UR7, UR4, 0xd","0","0","0","131072","4194304","4194304","32","32","0","0","0","-","-","-","0","0","0","0","0","0","0","0","0","-","0","0","0","0","0","0","0","0","0","0","0","0","0","0","0","0","0","0","0","0","0","0","0","0","0","0","0","0","0","0","0","0","0","0","0","0","0","0","0","0"
"0x7fc1235affa0","      MEMBAR.ALL.CTA","2","0","2","131072","4194304","4194304","32","32","0","0","0","-","-","-","0","0","0","0","0","0","0","0","0","-","0","0","0","0","0","0","0","0","0","0","0","0","0","0","0","0","0","0","2","0","0","0","0","0","0","0","0","0","0","0","0","0","0","0","0","0","0","0","0","0"
"0x7fc1235affb0","      FENCE.VIEW.ASYNC.S","16","14","16","131072","4194304","4194304","32","32","0","0","0","-","-","-","0","0","0","0","0","0","0","0","0","-","0","0","0","0","0","0","0","0","0","0","0","4","0","0","0","0","0","0","1","0","0","0","11","0","0","0","0","0","4","0","0","0","0","0","0","0","0","0","0","10"
"0x7fc1235affc0","      UIADD3 UR42, UPT, UPT, UR6, 0x9000, URZ","1","0","1","131072","4194304","4194304","32","32","0","0","0","-","-","-","0","0","0","0","0","0","0","0","0","-","0","0","0","0","0","0","0","0","0","0","0","0","0","0","0","0","0","0","1","0","0","0","0","0","0","0","0","0","0","0","0","0","0","0","0","0","0","0","0","0"
"0x7fc1235affd0","      IMAD.U32 R0, RZ, RZ, UR7","0","0","0","131072","4194304","4194304","32","32","0","0","0","-","-","-","0","0","0","0","0","0","0","0","0","-","0","0","0","0","0","0","0","0","0","0","0","0","0","0","0","0","0","0","0","0","0","0","0","0","0","0","0","0","0","0","0","0","0","0","0","0","0","0","0","0"
"0x7fc1235affe0","      UIADD3 UR5, UPT, UPT, UR5, 0x29000, URZ","1","0","1","131072","4194304","4194304","32","32","0","0","0","-","-","-","0","0","0","0","0","0","0","0","0","-","0","0","0","0","0","0","0","0","0","0","0","0","0","0","0","0","0","0","1","0","0","0","0","0","0","0","0","0","0","0","0","0","0","0","0","0","0","0","0","0"
"0x7fc1235afff0","      MOV.SPILL R7, UR45","1","0","1","131072","4194304","4194304","32","32","0","0","0","-","-","-","0","0","0","0","0","0","0","0","0","-","0","0","0","0","0","0","0","0","0","0","0","0","0","0","0","0","0","0","1","0","0","0","0","0","0","0","0","0","0","0","0","0","0","0","0","0","0","0","0","0"
"0x7fc1235b0000","      USHF.R.U32.HI UR6, URZ, 0x4, UR42","2","0","2","131072","4194304","4194304","32","32","0","0","0","-","-","-","0","0","0","0","0","0","0","0","0","-","0","0","0","0","0","0","0","0","0","0","0","0","0","0","0","0","0","0","2","0","0","0","0","0","0","0","0","0","0","0","0","0","0","0","0","0","0","0","0","0"
"0x7fc1235b0010","      R2UR UR45, R25","1","0","1","131072","4194304","4194304","32","32","0","0","0","-","-","-","0","0","0","0","0","0","0","0","0","-","0","0","0","0","0","0","0","0","0","0","0","0","0","0","0","0","0","0","1","0","0","0","0","0","0","0","0","0","0","0","0","0","0","0","0","0","0","0","0","0"
"0x7fc1235b0020","      USHF.R.U32.HI UR5, URZ, 0x4, UR5","0","0","0","131072","4194304","4194304","32","32","0","0","0","-","-","-","0","0","0","0","0","0","0","0","0","-","0","0","0","0","0","0","0","0","0","0","0","0","0","0","0","0","0","0","0","0","0","0","0","0","0","0","0","0","0","0","0","0","0","0","0","0","0","0","0","0"
"0x7fc1235b0030","      SHF.L.U32 R0, R0, 0x1f, RZ","3","0","3","131072","4194304","4194304","32","32","0","0","0","-","-","-","0","0","0","0","0","0","0","0","0","-","0","0","0","0","0","0","0","0","0","0","0","0","0","0","0","0","0","0","3","0","0","0","0","0","0","0","0","0","0","0","0","0","0","0","0","0","0","0","0","0"
"0x7fc1235b0040","      UMOV UR7, 0x40004040","4","0","4","131072","4194304","4194304","32","32","0","0","0","-","-","-","0","0","0","0","0","0","0","0","0","-","0","0","0","0","0","0","0","0","0","0","0","0","0","0","0","0","0","0","4","0","0","0","0","0","0","0","0","0","0","0","0","0","0","0","0","0","0","0","0","0"
"0x7fc1235b0050","      UMOV UR9, 0x40004040","2","0","2","131072","4194304","4194304","32","32","0","0","0","-","-","-","0","0","0","0","0","0","0","0","0","-","0","0","0","0","0","0","0","0","0","0","0","0","0","0","0","0","0","0","2","0","0","0","0","0","0","0","0","0","0","0","0","0","0","0","0","0","0","0","0","0"
"0x7fc1235b0060","      UMOV UR13, 0x40004040","2","0","2","131072","4194304","4194304","32","32","0","0","0","-","-","-","0","0","0","0","0","0","0","0","0","-","0","0","0","0","0","0","0","0","0","0","0","0","0","0","0","0","0","0","2","0","0","0","0","0","0","0","0","0","0","0","0","0","0","0","0","0","0","0","0","0"
"0x7fc1235b0070","      UMOV UR11, 0x40004040","2","0","2","131072","4194304","4194304","32","32","0","0","0","-","-","-","0","0","0","0","0","0","0","0","0","-","0","0","0","0","0","0","0","0","0","0","0","0","0","0","0","0","0","0","2","0","0","0","0","0","0","0","0","0","0","0","0","0","0","0","0","0","0","0","0","0"
"0x7fc1235b0080","      UMOV UR19, 0x40004040","3","0","3","131072","4194304","4194304","32","32","0","0","0","-","-","-","0","0","0","0","0","0","0","0","0","-","0","0","0","0","0","0","0","0","0","0","0","0","0","0","0","0","0","0","3","0","0","0","0","0","0","0","0","0","0","0","0","0","0","0","0","0","0","0","0","0"
"0x7fc1235b0090","      UMOV UR39, 0x40004040","4","0","4","131072","4194304","4194304","32","32","0","0","0","-","-","-","0","0","0","0","0","0","0","0","0","-","0","0","0","0","0","0","0","0","2","0","0","0","0","0","0","0","0","0","2","0","0","0","0","0","0","0","0","0","0","0","0","0","0","0","0","0","0","0","0","0"
"0x7fc1235b00a0","      UMOV UR37, 0x40004040","5","0","5","131072","4194304","4194304","32","32","0","0","0","-","-","-","0","0","0","0","0","0","0","0","0","-","0","0","0","0","0","0","0","0","2","0","0","0","0","0","0","0","0","0","3","0","0","0","0","0","0","0","0","0","0","0","0","0","0","0","0","0","0","0","0","0"
"0x7fc1235b00b0","      UMOV UR35, 0x40004040","4","0","4","131072","4194304","4194304","32","32","0","0","0","-","-","-","0","0","0","0","0","0","0","0","0","-","0","0","0","0","0","0","0","0","2","0","0","0","0","0","0","0","0","0","2","0","0","0","0","0","0","0","0","0","0","0","0","0","0","0","0","0","0","0","0","0"
"0x7fc1235b00c0","      UMOV UR33, 0x40004040","2","0","2","131072","4194304","4194304","32","32","0","0","0","-","-","-","0","0","0","0","0","0","0","0","0","-","0","0","0","0","0","0","0","0","0","0","0","0","0","0","0","0","0","0","2","0","0","0","0","0","0","0","0","0","0","0","0","0","0","0","0","0","0","0","0","0"
"0x7fc1235b00d0","      UMOV UR31, 0x40004040","4","0","4","131072","4194304","4194304","32","32","0","0","0","-","-","-","0","0","0","0","0","0","0","0","0","-","0","0","0","0","0","0","0","0","2","0","0","0","0","0","0","0","0","0","2","0","0","0","0","0","0","0","0","0","0","0","0","0","0","0","0","0","0","0","0","0"
"0x7fc1235b00e0","      UMOV UR29, 0x40004040","0","0","0","131072","4194304","4194304","32","32","0","0","0","-","-","-","0","0","0","0","0","0","0","0","0","-","0","0","0","0","0","0","0","0","0","0","0","0","0","0","0","0","0","0","0","0","0","0","0","0","0","0","0","0","0","0","0","0","0","0","0","0","0","0","0","0"
"0x7fc1235b00f0","      UMOV UR27, 0x40004040","4","0","4","131072","4194304","4194304","32","32","0","0","0","-","-","-","0","0","0","0","0","0","0","0","0","-","0","0","0","0","0","0","0","0","0","0","0","0","0","0","0","0","0","0","4","0","0","0","0","0","0","0","0","0","0","0","0","0","0","0","0","0","0","0","0","0"
"0x7fc1235b0100","      UMOV UR23, 0x40004040","0","0","0","131072","4194304","4194304","32","32","0","0","0","-","-","-","0","0","0","0","0","0","0","0","0","-","0","0","0","0","0","0","0","0","0","0","0","0","0","0","0","0","0","0","0","0","0","0","0","0","0","0","0","0","0","0","0","0","0","0","0","0","0","0","0","0"
"0x7fc1235b0110","      UMOV UR17, 0x40004040","2","0","2","131072","4194304","4194304","32","32","0","0","0","-","-","-","0","0","0","0","0","0","0","0","0","-","0","0","0","0","0","0","0","0","0","0","0","0","0","0","0","0","0","0","2","0","0","0","0","0","0","0","0","0","0","0","0","0","0","0","0","0","0","0","0","0"
"0x7fc1235b0120","      UMOV UR15, 0x40004040","1","0","1","131072","4194304","4194304","32","32","0","0","0","-","-","-","0","0","0","0","0","0","0","0","0","-","0","0","0","0","0","0","0","0","0","0","0","0","0","0","0","0","0","0","1","0","0","0","0","0","0","0","0","0","0","0","0","0","0","0","0","0","0","0","0","0"
"0x7fc1235b0130","      UMOV UR21, 0x80004020","1","0","1","131072","4194304","4194304","32","32","0","0","0","-","-","-","0","0","0","0","0","0","0","0","0","-","0","0","0","0","0","0","0","0","0","0","0","0","0","0","0","0","0","0","1","0","0","0","0","0","0","0","0","0","0","0","0","0","0","0","0","0","0","0","0","0"
"0x7fc1235b0140","      UMOV UR20, 0x3fff","1","0","1","131072","4194304","4194304","32","32","0","0","0","-","-","-","0","0","0","0","0","0","0","0","0","-","0","0","0","0","0","0","0","0","0","0","0","0","0","0","0","0","0","0","1","0","0","0","0","0","0","0","0","0","0","0","0","0","0","0","0","0","0","0","0","0"
"0x7fc1235b0150","      MOV.SPILL R6, UR44","0","0","0","131072","4194304","4194304","32","32","0","0","0","-","-","-","0","0","0","0","0","0","0","0","0","-","0","0","0","0","0","0","0","0","0","0","0","0","0","0","0","0","0","0","0","0","0","0","0","0","0","0","0","0","0","0","0","0","0","0","0","0","0","0","0","0"
"0x7fc1235b0160","      ULOP3.LUT UR6, UR6, 0x10000, UR20, 0xec, !UPT","2","0","2","131072","4194304","4194304","32","32","0","0","0","-","-","-","0","0","0","0","0","0","0","0","0","-","0","0","0","0","0","0","0","0","0","0","0","0","0","0","0","0","0","0","2","0","0","0","0","0","0","0","0","0","0","0","0","0","0","0","0","0","0","0","0","0"
"0x7fc1235b0170","      MOV.SPILL R9, UR47","1","0","1","131072","4194304","4194304","32","32","0","0","0","-","-","-","0","0","0","0","0","0","0","0","0","-","0","0","0","0","0","0","0","0","0","0","0","0","0","0","0","0","0","0","1","0","0","0","0","0","0","0","0","0","0","0","0","0","0","0","0","0","0","0","0","0"
"0x7fc1235b0180","      ULOP3.LUT UR20, UR5, 0x10000, UR20, 0xec, !UPT","4","0","4","131072","4194304","4194304","32","32","0","0","0","-","-","-","0","0","0","0","0","0","0","0","0","-","0","0","0","0","0","0","0","0","0","0","0","0","0","0","0","0","1","0","3","0","0","0","0","0","0","0","0","0","0","0","0","0","0","0","0","0","0","0","0","0"
"0x7fc1235b0190","      MOV.SPILL R8, UR46","2","0","2","131072","4194304","4194304","32","32","0","0","0","-","-","-","0","0","0","0","0","0","0","0","0","-","0","0","0","0","0","0","0","0","0","0","0","0","0","0","0","0","0","0","2","0","0","0","0","0","0","0","0","0","0","0","0","0","0","0","0","0","0","0","0","0"
"0x7fc1235b01a0","      UIADD3 UR8, UPT, UPT, UR6, 0x2, URZ","0","0","0","131072","4194304","4194304","32","32","0","0","0","-","-","-","0","0","0","0","0","0","0","0","0","-","0","0","0","0","0","0","0","0","0","0","0","0","0","0","0","0","0","0","0","0","0","0","0","0","0","0","0","0","0","0","0","0","0","0","0","0","0","0","0","0"
"0x7fc1235b01b0","      R2UR UR44, R24","4","0","4","131072","4194304","4194304","32","32","0","0","0","-","-","-","0","0","0","0","0","0","0","0","0","-","0","0","0","0","0","0","0","0","3","0","0","0","0","0","0","0","0","0","1","0","0","0","0","0","0","0","0","0","0","0","0","0","0","0","0","0","0","0","0","0"
"0x7fc1235b01c0","      UIADD3 UR12, UPT, UPT, UR6, 0x4, URZ","2","0","2","131072","4194304","4194304","32","32","0","0","0","-","-","-","0","0","0","0","0","0","0","0","0","-","0","0","0","0","0","0","0","0","0","0","0","0","0","0","0","0","0","0","2","0","0","0","0","0","0","0","0","0","0","0","0","0","0","0","0","0","0","0","0","0"
"0x7fc1235b01d0","      R2UR UR46, R22","1","0","1","131072","4194304","4194304","32","32","0","0","0","-","-","-","0","0","0","0","0","0","0","0","0","-","0","0","0","0","0","0","0","0","0","0","0","0","0","0","0","0","0","0","1","0","0","0","0","0","0","0","0","0","0","0","0","0","0","0","0","0","0","0","0","0"
"0x7fc1235b01e0","      UIADD3 UR10, UPT, UPT, UR6, 0x6, URZ","2","0","2","131072","4194304","4194304","32","32","0","0","0","-","-","-","0","0","0","0","0","0","0","0","0","-","0","0","0","0","0","0","0","0","0","0","0","0","0","0","0","0","0","0","2","0","0","0","0","0","0","0","0","0","0","0","0","0","0","0","0","0","0","0","0","0"
"0x7fc1235b01f0","      R2UR UR47, R23","3","0","3","131072","4194304","4194304","32","32","0","0","0","-","-","-","0","0","0","0","0","0","0","0","0","-","0","0","0","0","0","0","0","0","0","0","0","0","0","0","0","0","0","0","3","0","0","0","0","0","0","0","0","0","0","0","0","0","0","0","0","0","0","0","0","0"
"0x7fc1235b0200","      UIADD3 UR18, UPT, UPT, UR6, 0x400, URZ","4","2","4","131072","4194304","4194304","32","32","0","0","0","-","-","-","0","0","0","0","0","0","0","0","0","-","0","0","0","0","0","0","0","0","0","0","0","0","0","0","0","0","2","0","2","0","0","0","0","0","0","0","0","0","0","0","0","0","0","2","0","0","0","0","0","0"
"0x7fc1235b0210","      UTCQMMA.WS gdesc[UR56], gdesc[UR6], tmem[UR24], tmem[UR40], idesc[UR41], !UPT","2","0","2","131072","4194304","4194304","32","32","0","0","0","TmemShared","Load,Store","-","0","0","0","0","0","0","0","0","0","-","0","0","0","0","0","0","0","0","0","0","0","0","0","0","0","0","0","0","2","0","0","0","0","0","0","0","0","0","0","0","0","0","0","0","0","0","0","0","0","0"
"0x7fc1235b0220","      UIADD3 UR38, UPT, UPT, UR6, 0x402, URZ","3","0","3","131072","4194304","4194304","32","32","0","0","0","-","-","-","0","0","0","0","0","0","0","0","0","-","0","0","0","0","0","0","0","0","0","0","0","0","0","0","0","0","0","0","3","0","0","0","0","0","0","0","0","0","0","0","0","0","0","0","0","0","0","0","0","0"
"0x7fc1235b0230","      UIADD3 UR36, UPT, UPT, UR6, 0x404, URZ","6","4","6","131072","4194304","4194304","32","32","0","0","0","-","-","-","0","0","0","0","0","0","0","0","0","-","0","0","0","0","0","0","0","0","0","0","0","0","0","0","0","0","0","0","2","0","0","0","4","0","0","0","0","0","0","0","0","0","0","0","0","0","0","0","0","4"
"0x7fc1235b0240","      UIADD3 UR34, UPT, UPT, UR6, 0x406, URZ","8","3","8","131072","4194304","4194304","32","32","0","0","0","-","-","-","0","0","0","0","0","0","0","0","0","-","0","0","0","0","0","0","0","0","0","0","0","0","0","0","0","0","0","0","5","0","0","0","3","0","0","0","0","0","0","0","0","0","0","0","0","0","0","0","0","3"
"0x7fc1235b0250","      UTCQMMA.WS gdesc[UR44], gdesc[UR8], tmem[UR24], tmem[UR40], idesc[UR41], UPT","4","0","4","131072","4194304","4194304","32","32","0","0","0","TmemShared","Load,Store","-","0","0","0","0","0","0","0","0","0","-","0","0","0","0","0","0","0","0","0","0","0","0","0","0","0","0","0","0","4","0","0","0","0","0","0","0","0","0","0","0","0","0","0","0","0","0","0","0","0","0"
"0x7fc1235b0260","      UIADD3 UR32, UPT, UPT, UR6, 0x800, URZ","0","0","0","131072","4194304","4194304","32","32","0","0","0","-","-","-","0","0","0","0","0","0","0","0","0","-","0","0","0","0","0","0","0","0","0","0","0","0","0","0","0","0","0","0","0","0","0","0","0","0","0","0","0","0","0","0","0","0","0","0","0","0","0","0","0","0"
"0x7fc1235b0270","      UIADD3 UR30, UPT, UPT, UR6, 0x802, URZ","6","5","6","131072","4194304","4194304","32","32","0","0","0","-","-","-","0","0","0","0","0","0","0","0","0","-","0","0","0","0","0","0","0","0","0","0","0","0","0","0","0","0","0","0","1","0","0","0","5","0","0","0","0","0","0","0","0","0","0","0","0","0","0","0","0","5"
"0x7fc1235b0280","      UTCQMMA.WS gdesc[UR46], gdesc[UR12], tmem[UR24], tmem[UR40], idesc[UR41], UPT","0","0","0","131072","4194304","4194304","32","32","0","0","0","TmemShared","Load,Store","-","0","0","0","0","0","0","0","0","0","-","0","0","0","0","0","0","0","0","0","0","0","0","0","0","0","0","0","0","0","0","0","0","0","0","0","0","0","0","0","0","0","0","0","0","0","0","0","0","0","0"
"0x7fc1235b0290","      UIADD3 UR28, UPT, UPT, UR6, 0x804, URZ","1","0","1","131072","4194304","4194304","32","32","0","0","0","-","-","-","0","0","0","0","0","0","0","0","0","-","0","0","0","0","0","0","0","0","0","0","0","0","0","0","0","0","0","0","1","0","0","0","0","0","0","0","0","0","0","0","0","0","0","0","0","0","0","0","0","0"
"0x7fc1235b02a0","      UIADD3 UR26, UPT, UPT, UR6, 0x806, URZ","5","3","5","131072","4194304","4194304","32","32","0","0","0","-","-","-","0","0","0","0","0","0","0","0","0","-","0","0","0","0","0","0","0","0","0","0","0","0","0","0","0","0","0","0","2","0","0","0","3","0","0","0","0","0","0","0","0","0","0","0","0","0","0","0","0","3"
"0x7fc1235b02b0","      UIADD3 UR22, UPT, UPT, UR6, 0xc00, URZ","2","0","2","131072","4194304","4194304","32","32","0","0","0","-","-","-","0","0","0","0","0","0","0","0","0","-","0","0","0","0","0","0","0","0","0","0","0","0","0","0","0","0","0","0","2","0","0","0","0","0","0","0","0","0","0","0","0","0","0","0","0","0","0","0","0","0"
"0x7fc1235b02c0","      UIADD3 UR16, UPT, UPT, UR6, 0xc02, URZ","4","1","4","131072","4194304","4194304","32","32","0","0","0","-","-","-","0","0","0","0","0","0","0","0","0","-","0","0","0","0","0","0","0","0","0","0","0","0","0","0","0","0","0","0","3","0","0","0","1","0","0","0","0","0","0","0","0","0","0","0","0","0","0","0","0","1"
"0x7fc1235b02d0","      UIADD3 UR14, UPT, UPT, UR6, 0xc04, URZ","4","1","4","131072","4194304","4194304","32","32","0","0","0","-","-","-","0","0","0","0","0","0","0","0","0","-","0","0","0","0","0","0","0","0","0","0","0","0","0","0","0","0","0","0","3","0","0","0","1","0","0","0","0","0","0","0","0","0","0","0","0","0","0","0","0","1"
"0x7fc1235b02e0","      UIADD3 UR5, UPT, UPT, UR4, 0x2f920, URZ","8","4","8","131072","4194304","4194304","32","32","0","0","0","-","-","-","0","0","0","0","0","0","0","0","0","-","0","0","0","0","0","0","0","0","0","0","0","0","0","0","0","0","0","0","4","0","0","0","4","0","0","0","0","0","0","0","0","0","0","0","0","0","0","0","0","4"
"0x7fc1235b02f0","      UMOV UR7, 0x80004020","3","0","3","131072","4194304","4194304","32","32","0","0","0","-","-","-","0","0","0","0","0","0","0","0","0","-","0","0","0","0","0","0","0","0","0","0","0","0","0","0","0","0","0","0","3","0","0","0","0","0","0","0","0","0","0","0","0","0","0","0","0","0","0","0","0","0"
"0x7fc1235b0300","      R2UR UR44, R18","4","3","4","131072","4194304","4194304","32","32","0","0","0","-","-","-","0","0","0","0","0","0","0","0","0","-","0","0","0","0","0","0","0","0","0","0","0","0","0","0","0","0","0","0","1","3","0","0","0","0","0","0","0","0","0","0","0","0","0","0","0","0","3","0","0","0"
"0x7fc1235b0310","      UIADD3 UR8, UPT, UPT, UR6, 0xc06, URZ","1","0","1","131072","4194304","4194304","32","32","0","0","0","-","-","-","0","0","0","0","0","0","0","0","0","-","0","0","0","0","0","0","0","0","0","0","0","0","0","0","0","0","0","0","1","0","0","0","0","0","0","0","0","0","0","0","0","0","0","0","0","0","0","0","0","0"
"0x7fc1235b0320","      R2UR UR45, R19","5","0","5","131072","4194304","4194304","32","32","0","0","0","-","-","-","0","0","0","0","0","0","0","0","0","-","0","0","0","0","0","0","0","0","0","0","0","0","0","0","0","0","0","0","5","0","0","0","0","0","0","0","0","0","0","0","0","0","0","0","0","0","0","0","0","0"
"0x7fc1235b0330","      UIADD3 UR6, UPT, UPT, UR20, 0x2, URZ","3","0","3","131072","4194304","4194304","32","32","0","0","0","-","-","-","0","0","0","0","0","0","0","0","0","-","0","0","0","0","0","0","0","0","0","0","0","0","0","0","0","0","0","0","3","0","0","0","0","0","0","0","0","0","0","0","0","0","0","0","0","0","0","0","0","0"
"0x7fc1235b0340","      R2UR UR12, R20","4","1","4","131072","4194304","4194304","32","32","0","0","0","-","-","-","0","0","0","0","0","0","0","0","0","-","0","0","0","0","0","0","0","0","0","0","0","0","0","0","0","0","0","0","3","1","0","0","0","0","0","0","0","0","0","0","0","0","0","0","0","0","1","0","0","0"
"0x7fc1235b0350","      R2UR UR13, R21","8","1","8","131072","4194304","4194304","32","32","0","0","0","-","-","-","0","0","0","0","0","0","0","0","0","-","0","0","0","0","0","0","0","0","0","0","0","0","0","0","0","0","0","0","7","0","0","0","1","0","0","0","0","0","0","0","0","0","0","0","0","0","0","0","0","1"
"0x7fc1235b0360","      R2UR.FILL UR47, R9","4","2","4","131072","4194304","4194304","32","32","0","0","0","-","-","-","0","0","0","0","0","0","0","0","0","-","0","0","0","0","0","0","0","0","0","0","0","0","0","0","0","0","0","0","2","0","0","0","2","0","0","0","0","0","0","0","0","0","0","0","0","0","0","0","0","2"
"0x7fc1235b0370","      R2UR.FILL UR46, R8","5","4","5","131072","4194304","4194304","32","32","0","0","0","-","-","-","0","0","0","0","0","0","0","0","0","-","0","0","0","0","0","0","0","0","0","0","0","0","0","0","0","0","0","0","1","0","0","0","4","0","0","0","0","0","0","0","0","0","0","0","0","0","0","0","0","4"
"0x7fc1235b0380","      UTCQMMA.WS gdesc[UR12], gdesc[UR10], tmem[UR24], tmem[UR40], idesc[UR41], UPT","10","9","10","131072","4194304","4194304","32","32","0","0","0","TmemShared","Load,Store","-","0","0","0","0","0","0","0","0","0","-","0","0","0","0","0","0","0","0","0","0","0","0","0","0","0","0","0","0","1","0","0","0","9","0","0","0","0","0","0","0","0","0","0","0","0","0","0","0","0","9"
"0x7fc1235b0390","      UTCQMMA.WS gdesc[UR64], gdesc[UR18], tmem[UR24], tmem[UR40], idesc[UR41], UPT","1","0","1","131072","4194304","4194304","32","32","0","0","0","TmemShared","Load,Store","-","0","0","0","0","0","0","0","0","0","-","0","0","0","0","0","0","0","0","0","0","0","0","0","0","0","0","0","0","1","0","0","0","0","0","0","0","0","0","0","0","0","0","0","0","0","0","0","0","0","0"
"0x7fc1235b03a0","      UTCQMMA.WS gdesc[UR44], gdesc[UR38], tmem[UR24], tmem[UR40], idesc[UR41], UPT","1","0","1","131072","4194304","4194304","32","32","0","0","0","TmemShared","Load,Store","-","0","0","0","0","0","0","0","0","0","-","0","0","0","0","0","0","0","0","0","0","0","0","0","0","0","0","0","0","1","0","0","0","0","0","0","0","0","0","0","0","0","0","0","0","0","0","0","0","0","0"
"0x7fc1235b03b0","      UTCQMMA.WS gdesc[UR62], gdesc[UR36], tmem[UR24], tmem[UR40], idesc[UR41], UPT","89","88","89","131072","4194304","4194304","32","32","0","0","0","TmemShared","Load,Store","-","0","0","0","0","0","0","0","0","0","-","0","0","0","0","0","0","0","0","0","0","0","0","0","0","88","0","0","0","1","0","0","0","0","0","0","0","0","0","0","0","0","88","0","0","0","0","0","0","0","0"
"0x7fc1235b03c0","      UTCQMMA.WS gdesc[UR60], gdesc[UR34], tmem[UR24], tmem[UR40], idesc[UR41], UPT","113","92","113","131072","4194304","4194304","32","32","0","0","0","TmemShared","Load,Store","-","0","0","0","0","0","0","0","0","0","-","0","0","0","0","0","0","0","0","0","0","0","0","0","0","97","0","0","14","2","0","0","0","0","0","0","0","0","0","0","0","0","92","0","0","0","0","0","0","0","0"
"0x7fc1235b03d0","      R2UR UR10, R14","2","0","2","131072","4194304","4194304","32","32","0","0","0","-","-","-","0","0","0","0","0","0","0","0","0","-","0","0","0","0","0","0","0","0","0","0","0","0","0","0","0","0","0","0","2","0","0","0","0","0","0","0","0","0","0","0","0","0","0","0","0","0","0","0","0","0"
"0x7fc1235b03e0","      R2UR UR18, R16","8","1","8","131072","4194304","4194304","32","32","0","0","0","-","-","-","0","0","0","0","0","0","0","0","0","-","0","0","0","0","0","0","0","0","0","0","0","0","1","0","0","0","0","1","3","2","0","0","1","0","0","0","0","0","0","0","0","0","0","0","0","0","0","0","0","1"
"0x7fc1235b03f0","      R2UR UR19, R17","4","3","4","131072","4194304","4194304","32","32","0","0","0","-","-","-","0","0","0","0","0","0","0","0","0","-","0","0","0","0","0","0","0","0","0","0","0","0","0","0","0","0","0","0","1","0","0","0","3","0","0","0","0","0","0","0","0","0","0","0","0","0","0","0","0","3"
"0x7fc1235b0400","      R2UR UR11, R15","3","1","3","131072","4194304","4194304","32","32","0","0","0","-","-","-","0","0","0","0","0","0","0","0","0","-","0","0","0","0","0","0","0","0","0","0","0","0","0","0","0","0","0","0","2","0","0","0","1","0","0","0","0","0","0","0","0","0","0","0","0","0","0","0","0","1"
"0x7fc1235b0410","      R2UR UR12, R12","14","3","14","131072","4194304","4194304","32","32","0","0","0","-","-","-","0","0","0","0","0","0","0","0","0","-","0","0","0","0","0","0","0","0","0","0","0","0","2","0","0","0","0","6","2","0","0","0","4","0","0","0","0","0","0","0","0","0","0","0","0","0","0","0","0","3"
"0x7fc1235b0420","      R2UR UR13, R13","6","3","6","131072","4194304","4194304","32","32","0","0","0","-","-","-","0","0","0","0","0","0","0","0","0","-","0","0","0","0","0","0","0","0","0","0","0","0","0","0","0","0","0","0","3","0","0","0","3","0","0","0","0","0","0","0","0","0","0","0","0","0","0","0","0","3"
"0x7fc1235b0430","      R2UR.FILL UR45, R7","57","42","57","131072","4194304","4194304","32","32","0","0","0","-","-","-","0","0","0","0","0","0","0","0","0","-","0","0","0","0","0","0","0","0","0","0","0","0","0","0","0","0","0","0","2","52","0","0","3","0","0","0","0","0","0","0","0","0","0","0","0","0","40","0","0","2"
"0x7fc1235b0440","      R2UR.FILL UR44, R6","2","1","2","131072","4194304","4194304","32","32","0","0","0","-","-","-","0","0","0","0","0","0","0","0","0","-","0","0","0","0","0","0","0","0","0","0","0","0","0","0","0","0","0","0","1","0","0","0","1","0","0","0","0","0","0","0","0","0","0","0","0","0","0","0","0","1"
"0x7fc1235b0450","      UTCQMMA.WS gdesc[UR18], gdesc[UR32], tmem[UR24], tmem[UR40], idesc[UR41], UPT","12","6","12","131072","4194304","4194304","32","32","0","0","0","TmemShared","Load,Store","-","0","0","0","0","0","0","0","0","0","-","0","0","0","0","0","0","0","0","0","0","0","0","0","0","0","0","0","1","2","0","0","0","9","0","0","0","0","0","0","0","0","0","0","0","0","0","0","0","0","6"
"0x7fc1235b0460","      UTCQMMA.WS gdesc[UR10], gdesc[UR30], tmem[UR24], tmem[UR40], idesc[UR41], UPT","79","41","79","131072","4194304","4194304","32","32","0","0","0","TmemShared","Load,Store","-","0","0","0","0","0","0","0","0","0","-","0","0","0","0","0","0","0","0","0","0","0","0","0","0","75","0","0","3","1","0","0","0","0","0","0","0","0","0","0","0","0","41","0","0","0","0","0","0","0","0"
"0x7fc1235b0470","      UTCQMMA.WS gdesc[UR12], gdesc[UR28], tmem[UR24], tmem[UR40], idesc[UR41], UPT","96","36","96","131072","4194304","4194304","32","32","0","0","0","TmemShared","Load,Store","-","0","0","0","0","0","0","0","0","0","-","0","0","0","0","0","0","0","0","0","0","0","0","0","0","91","0","0","0","2","0","0","0","3","0","0","0","0","0","0","0","0","36","0","0","0","0","0","0","0","0"
"0x7fc1235b0480","      UTCQMMA.WS gdesc[UR76], gdesc[UR26], tmem[UR24], tmem[UR40], idesc[UR41], UPT","93","57","93","131072","4194304","4194304","32","32","0","0","0","TmemShared","Load,Store","-","0","0","0","0","0","0","0","0","0","-","0","0","0","0","0","0","0","0","1","0","0","0","0","0","84","0","0","7","1","0","0","0","0","0","0","0","0","0","0","0","0","57","0","0","0","0","0","0","0","0"
"0x7fc1235b0490","      UTCQMMA.WS gdesc[UR74], gdesc[UR22], tmem[UR24], tmem[UR40], idesc[UR41], UPT","76","40","76","131072","4194304","4194304","32","32","0","0","0","TmemShared","Load,Store","-","0","0","0","0","0","0","0","0","0","-","0","0","0","0","0","0","0","0","0","0","0","0","0","0","75","0","0","1","0","0","0","0","0","0","0","0","0","0","0","0","0","40","0","0","0","0","0","0","0","0"
"0x7fc1235b04a0","      UTCQMMA.WS gdesc[UR72], gdesc[UR16], tmem[UR24], tmem[UR40], idesc[UR41], UPT","109","54","109","131072","4194304","4194304","32","32","0","0","0","TmemShared","Load,Store","-","0","0","0","0","0","0","0","0","0","-","0","0","0","0","0","0","0","0","0","0","0","0","0","0","98","0","0","10","1","0","0","0","0","0","0","0","0","0","0","0","0","54","0","0","0","0","0","0","0","0"
"0x7fc1235b04b0","      UTCQMMA.WS gdesc[UR70], gdesc[UR14], tmem[UR24], tmem[UR40], idesc[UR41], UPT","91","76","91","131072","4194304","4194304","32","32","0","0","0","TmemShared","Load,Store","-","0","0","0","0","0","0","0","0","0","-","0","0","0","0","0","0","0","0","0","0","0","0","0","0","88","0","0","0","3","0","0","0","0","0","0","0","0","0","0","0","0","76","0","0","0","0","0","0","0","0"
"0x7fc1235b04c0","      UTCQMMA.WS gdesc[UR68], gdesc[UR8], tmem[UR24], tmem[UR40], idesc[UR41], UPT","93","84","93","131072","4194304","4194304","32","32","0","0","0","TmemShared","Load,Store","-","0","0","0","0","0","0","0","0","0","-","0","0","0","0","0","0","0","0","0","0","0","0","0","0","87","0","0","2","4","0","0","0","0","0","0","0","0","0","0","0","0","84","0","0","0","0","0","0","0","0"
"0x7fc1235b04d0","      UTCQMMA.WS gdesc[UR58], gdesc[UR20], tmem[UR24], tmem[UR40], idesc[UR41], UPT","106","51","106","131072","4194304","4194304","32","32","0","0","0","TmemShared","Load,Store","-","0","0","0","0","0","0","0","0","0","-","0","0","0","0","0","0","0","0","0","0","0","0","0","0","104","0","0","1","1","0","0","0","0","0","0","0","0","0","0","0","0","51","0","0","0","0","0","0","0","0"
"0x7fc1235b04e0","      UTCQMMA.WS gdesc[UR66], gdesc[UR6], tmem[UR24], tmem[UR40], idesc[UR41], UPT","109","94","109","131072","4194304","4194304","32","32","0","0","0","TmemShared","Load,Store","-","0","0","0","0","0","0","0","0","0","-","0","0","0","0","0","0","0","0","0","0","0","0","0","0","104","0","0","0","5","0","0","0","0","0","0","0","0","0","0","0","0","94","0","0","0","0","0","0","0","0"
"0x7fc1235b04f0","      UTCBAR [UR5], URZ","100","66","100","131072","4194304","4194304","32","32","0","0","0","-","-","-","0","0","0","0","0","0","0","0","0","-","0","0","0","0","0","0","0","0","0","0","0","0","0","0","90","0","0","6","4","0","0","0","0","0","0","0","0","0","0","0","0","66","0","0","0","0","0","0","0","0"
"0x7fc1235b0500","      SYNCS.PHASECHK.TRANS64.TRYWAIT P0, [UR4+0x2f930], R0","2","0","2","131072","4194304","4194304","32","32","0","0","0","-","-","-","0","0","0","0","0","0","0","0","0","-","0","0","0","0","0","0","0","0","0","0","0","0","0","0","0","0","0","0","2","0","0","0","0","0","0","0","0","0","0","0","0","0","0","0","0","0","0","0","0","0"
"0x7fc1235b0510","@!P0  BRA 0x7fc1235b34d0","2932","1458","2932","131072","4194304","4194304","32","32","0","0","0","-","-","-","0","0","0","0","0","0","0","0","0","-","0","0","0","0","0","0","0","0","0","0","0","2927","0","0","0","0","0","0","1","0","0","0","4","0","0","0","0","0","1456","0","0","0","0","0","0","0","0","0","0","2"
"0x7fc1235b0520","      USHF.R.U32.HI UR6, URZ, 0x4, UR42","14","10","14","131072","4194304","4194304","32","32","0","0","0","-","-","-","0","0","0","0","0","0","0","0","0","-","0","0","0","0","0","0","0","0","0","0","0","0","0","0","0","0","0","0","4","0","0","0","10","0","0","0","0","0","0","0","0","0","0","0","0","0","0","0","0","10"
"0x7fc1235b0530","      NOP","2","0","2","131072","4194304","4194304","32","32","0","0","0","-","-","-","0","0","0","0","0","0","0","0","0","-","0","0","0","0","0","0","0","0","0","0","0","0","0","0","0","0","0","0","2","0","0","0","0","0","0","0","0","0","0","0","0","0","0","0","0","0","0","0","0","0"
"0x7fc1235b0540","      UISETP.NE.U32.AND UP0, UPT, UR25, URZ, UPT","2","0","2","131072","4194304","4194304","32","32","0","0","0","-","-","-","0","0","0","0","0","0","0","0","0","-","0","0","0","0","0","0","0","0","0","0","0","0","0","0","0","0","0","0","2","0","0","0","0","0","0","0","0","0","0","0","0","0","0","0","0","0","0","0","0","0"
"0x7fc1235b0550","      MEMBAR.ALL.CTA","2","0","2","131072","4194304","4194304","32","32","0","0","0","-","-","-","0","0","0","0","0","0","0","0","0","-","0","0","0","0","0","0","0","0","0","0","0","0","0","0","0","0","0","0","2","0","0","0","0","0","0","0","0","0","0","0","0","0","0","0","0","0","0","0","0","0"
"0x7fc1235b0560","      FENCE.VIEW.ASYNC.S","15","13","15","131072","4194304","4194304","32","32","0","0","0","-","-","-","0","0","0","0","0","0","0","0","0","-","0","0","0","0","0","0","0","0","0","0","0","6","0","0","0","0","0","0","2","0","0","0","7","0","0","0","0","0","6","0","0","0","0","0","0","0","0","0","0","7"
"0x7fc1235b0570","      UIADD3 UR5, UPT, UPT, UR4, 0x2f928, URZ","1","0","1","131072","4194304","4194304","32","32","0","0","0","-","-","-","0","0","0","0","0","0","0","0","0","-","0","0","0","0","0","0","0","0","0","0","0","0","0","0","0","0","0","0","1","0","0","0","0","0","0","0","0","0","0","0","0","0","0","0","0","0","0","0","0","0"
"0x7fc1235b0580","      VIADD R2, R2, 0x1","3","0","3","131072","4194304","4194304","32","32","0","0","0","-","-","-","0","0","0","0","0","0","0","0","0","-","0","0","0","0","0","0","0","0","0","0","0","0","0","0","0","0","0","0","3","0","0","0","0","0","0","0","0","0","0","0","0","0","0","0","0","0","0","0","0","0"
"0x7fc1235b0590","      UIADD3 UR25, UPT, UPT, UR25, 0x1, URZ","1","0","1","131072","4194304","4194304","32","32","0","0","0","-","-","-","0","0","0","0","0","0","0","0","0","-","0","0","0","0","0","0","0","0","0","0","0","0","0","0","0","0","0","0","1","0","0","0","0","0","0","0","0","0","0","0","0","0","0","0","0","0","0","0","0","0"
"0x7fc1235b05a0","      VIADD R0, R3, 0x1","7","0","7","131072","4194304","4194304","32","32","0","0","0","-","-","-","0","0","0","0","0","0","0","0","0","-","0","0","0","0","0","0","0","0","0","0","0","0","0","0","0","0","0","0","7","0","0","0","0","0","0","0","0","0","0","0","0","0","0","0","0","0","0","0","0","0"
"0x7fc1235b05b0","      UMOV UR21, 0x40004040","3","0","3","131072","4194304","4194304","32","32","0","0","0","-","-","-","0","0","0","0","0","0","0","0","0","-","0","0","0","0","0","0","0","0","0","0","0","0","0","0","0","0","0","0","3","0","0","0","0","0","0","0","0","0","0","0","0","0","0","0","0","0","0","0","0","0"
"0x7fc1235b05c0","      UMOV UR19, 0x40004040","4","0","4","131072","4194304","4194304","32","32","0","0","0","-","-","-","0","0","0","0","0","0","0","0","0","-","0","0","0","0","0","0","0","0","0","0","0","0","0","0","0","0","0","0","4","0","0","0","0","0","0","0","0","0","0","0","0","0","0","0","0","0","0","0","0","0"
"0x7fc1235b05d0","      UMOV UR17, 0x40004040","1","0","1","131072","4194304","4194304","32","32","0","0","0","-","-","-","0","0","0","0","0","0","0","0","0","-","0","0","0","0","0","0","0","0","0","0","0","0","0","0","0","0","0","0","1","0","0","0","0","0","0","0","0","0","0","0","0","0","0","0","0","0","0","0","0","0"
"0x7fc1235b05e0","      UMOV UR15, 0x40004040","3","0","3","131072","4194304","4194304","32","32","0","0","0","-","-","-","0","0","0","0","0","0","0","0","0","-","0","0","0","0","0","0","0","0","0","0","0","0","0","0","0","0","0","0","3","0","0","0","0","0","0","0","0","0","0","0","0","0","0","0","0","0","0","0","0","0"
"0x7fc1235b05f0","      UMOV UR13, 0x40004040","3","0","3","131072","4194304","4194304","32","32","0","0","0","-","-","-","0","0","0","0","0","0","0","0","0","-","0","0","0","0","0","0","0","0","0","0","0","0","0","0","0","0","0","0","3","0","0","0","0","0","0","0","0","0","0","0","0","0","0","0","0","0","0","0","0","0"
"0x7fc1235b0600","      UMOV UR11, 0x40004040","0","0","0","131072","4194304","4194304","32","32","0","0","0","-","-","-","0","0","0","0","0","0","0","0","0","-","0","0","0","0","0","0","0","0","0","0","0","0","0","0","0","0","0","0","0","0","0","0","0","0","0","0","0","0","0","0","0","0","0","0","0","0","0","0","0","0"
"0x7fc1235b0610","      UMOV UR9, 0x40004040","6","0","6","131072","4194304","4194304","32","32","0","0","0","-","-","-","0","0","0","0","0","0","0","0","0","-","0","0","0","0","0","0","0","0","0","0","0","0","0","0","0","0","0","0","6","0","0","0","0","0","0","0","0","0","0","0","0","0","0","0","0","0","0","0","0","0"
"0x7fc1235b0620","      UMOV UR7, 0x3fff","3","0","3","131072","4194304","4194304","32","32","0","0","0","-","-","-","0","0","0","0","0","0","0","0","0","-","0","0","0","0","0","0","0","0","1","0","0","0","0","0","0","0","0","0","2","0","0","0","0","0","0","0","0","0","0","0","0","0","0","0","0","0","0","0","0","0"
"0x7fc1235b0630","      ISETP.NE.U32.AND P1, PT, R2, 0x2, PT","7","0","7","131072","4194304","4194304","32","32","0","0","0","-","-","-","0","0","0","0","0","0","0","0","0","-","0","0","0","0","0","0","0","0","5","0","0","0","0","0","0","0","0","0","2","0","0","0","0","0","0","0","0","0","0","0","0","0","0","0","0","0","0","0","0","0"
"0x7fc1235b0640","      ULOP3.LUT UR6, UR6, 0x4000000, UR7, 0xec, !UPT","3","0","3","131072","4194304","4194304","32","32","0","0","0","-","-","-","0","0","0","0","0","0","0","0","0","-","0","0","0","0","0","0","0","0","0","0","0","0","0","0","0","0","0","0","3","0","0","0","0","0","0","0","0","0","0","0","0","0","0","0","0","0","0","0","0","0"
"0x7fc1235b0650","      ISETP.NE.U32.AND P0, PT, R4, UR25, PT","3","0","3","131072","4194304","4194304","32","32","0","0","0","-","-","-","0","0","0","0","0","0","0","0","0","-","0","0","0","0","0","0","0","0","0","0","0","0","0","0","0","0","0","0","3","0","0","0","0","0","0","0","0","0","0","0","0","0","0","0","0","0","0","0","0","0"
"0x7fc1235b0660","      UMOV UR7, 0x40004040","1","0","1","131072","4194304","4194304","32","32","0","0","0","-","-","-","0","0","0","0","0","0","0","0","0","-","0","0","0","0","0","0","0","0","0","0","0","0","0","0","0","0","0","0","1","0","0","0","0","0","0","0","0","0","0","0","0","0","0","0","0","0","0","0","0","0"
"0x7fc1235b0670","      UIADD3 UR20, UPT, UPT, UR6, 0x100, URZ","2","0","2","131072","4194304","4194304","32","32","0","0","0","-","-","-","0","0","0","0","0","0","0","0","0","-","0","0","0","0","0","0","0","0","0","0","0","0","0","0","0","0","0","0","2","0","0","0","0","0","0","0","0","0","0","0","0","0","0","0","0","0","0","0","0","0"
"0x7fc1235b0680","      SEL R2, R2, RZ, P1","2","0","2","131072","4194304","4194304","32","32","0","0","0","-","-","-","0","0","0","0","0","0","0","0","0","-","0","0","0","0","0","0","0","0","0","0","0","0","0","0","0","0","0","0","2","0","0","0","0","0","0","0","0","0","0","0","0","0","0","0","0","0","0","0","0","0"
"0x7fc1235b0690","      UIADD3 UR18, UPT, UPT, UR6, 0x200, URZ","3","0","3","131072","4194304","4194304","32","32","0","0","0","-","-","-","0","0","0","0","0","0","0","0","0","-","0","0","0","0","0","0","0","0","0","0","0","0","0","0","0","0","0","0","3","0","0","0","0","0","0","0","0","0","0","0","0","0","0","0","0","0","0","0","0","0"
"0x7fc1235b06a0","      UIADD3 UR16, UPT, UPT, UR6, 0x300, URZ","8","4","8","131072","4194304","4194304","32","32","0","0","0","-","-","-","0","0","0","0","0","0","0","0","0","-","0","0","0","0","0","0","0","0","0","0","0","0","0","0","0","0","0","0","4","0","0","0","4","0","0","0","0","0","0","0","0","0","0","0","0","0","0","0","0","4"
"0x7fc1235b06b0","      UTCQMMA.WS gdesc[UR46], gdesc[UR6], tmem[UR43], tmem[UR54], idesc[UR55], UP0","0","0","0","131072","4194304","4194304","32","32","0","0","0","TmemShared","Load,Store","-","0","0","0","0","0","0","0","0","0","-","0","0","0","0","0","0","0","0","0","0","0","0","0","0","0","0","0","0","0","0","0","0","0","0","0","0","0","0","0","0","0","0","0","0","0","0","0","0","0","0"
"0x7fc1235b06c0","      UIADD3 UR14, UPT, UPT, UR6, 0x800, URZ","1","0","1","131072","4194304","4194304","32","32","0","0","0","-","-","-","0","0","0","0","0","0","0","0","0","-","0","0","0","0","0","0","0","0","0","0","0","0","0","0","0","0","0","0","1","0","0","0","0","0","0","0","0","0","0","0","0","0","0","0","0","0","0","0","0","0"
"0x7fc1235b06d0","      UIADD3 UR12, UPT, UPT, UR6, 0x900, URZ","2","1","2","131072","4194304","4194304","32","32","0","0","0","-","-","-","0","0","0","0","0","0","0","0","0","-","0","0","0","0","0","0","0","0","0","0","0","0","0","0","0","0","0","0","1","0","0","0","1","0","0","0","0","0","0","0","0","0","0","0","0","0","0","0","0","1"
"0x7fc1235b06e0","      UTCQMMA.WS gdesc[UR52], gdesc[UR20], tmem[UR43], tmem[UR54], idesc[UR55], UPT","3","0","3","131072","4194304","4194304","32","32","0","0","0","TmemShared","Load,Store","-","0","0","0","0","0","0","0","0","0","-","0","0","0","0","0","0","0","0","0","0","0","0","0","0","0","0","0","0","3","0","0","0","0","0","0","0","0","0","0","0","0","0","0","0","0","0","0","0","0","0"
"0x7fc1235b06f0","      UIADD3 UR10, UPT, UPT, UR6, 0xa00, URZ","1","0","1","131072","4194304","4194304","32","32","0","0","0","-","-","-","0","0","0","0","0","0","0","0","0","-","0","0","0","0","0","0","0","0","0","0","0","0","0","0","0","0","0","0","1","0","0","0","0","0","0","0","0","0","0","0","0","0","0","0","0","0","0","0","0","0"
"0x7fc1235b0700","      UTCQMMA.WS gdesc[UR48], gdesc[UR18], tmem[UR43], tmem[UR54], idesc[UR55], UPT","2","0","2","131072","4194304","4194304","32","32","0","0","0","TmemShared","Load,Store","-","0","0","0","0","0","0","0","0","0","-","0","0","0","0","0","0","0","0","0","0","0","0","0","0","0","0","0","0","2","0","0","0","0","0","0","0","0","0","0","0","0","0","0","0","0","0","0","0","0","0"
"0x7fc1235b0710","      UIADD3 UR8, UPT, UPT, UR6, 0xb00, URZ","6","0","6","131072","4194304","4194304","32","32","0","0","0","-","-","-","0","0","0","0","0","0","0","0","0","-","0","0","0","0","0","0","0","0","0","0","0","0","0","0","0","0","0","0","6","0","0","0","0","0","0","0","0","0","0","0","0","0","0","0","0","0","0","0","0","0"
"0x7fc1235b0720","      UTCQMMA.WS gdesc[UR50], gdesc[UR16], tmem[UR43], tmem[UR54], idesc[UR55], UPT","5","0","5","131072","4194304","4194304","32","32","0","0","0","TmemShared","Load,Store","-","0","0","0","0","0","0","0","0","0","-","0","0","0","0","0","0","0","0","0","0","0","0","0","0","0","0","0","0","5","0","0","0","0","0","0","0","0","0","0","0","0","0","0","0","0","0","0","0","0","0"
"0x7fc1235b0730","@P1   IADD3 R0, PT, PT, R3, RZ, RZ","2","0","2","131072","4194304","2097152","32","16","16","16","0","-","-","-","0","0","0","0","0","0","0","0","0","-","0","0","0","0","0","0","0","0","0","0","0","0","0","0","0","0","0","0","2","0","0","0","0","0","0","0","0","0","0","0","0","0","0","0","0","0","0","0","0","0"
"0x7fc1235b0740","      UTCQMMA.WS gdesc[UR46], gdesc[UR14], tmem[UR44], tmem[UR54], idesc[UR55], UP0","15","13","15","131072","4194304","4194304","32","32","16","0","0","TmemShared","Load,Store","-","0","0","0","0","0","0","0","0","0","-","0","0","0","0","0","0","0","0","0","0","0","0","0","0","13","0","0","0","2","0","0","0","0","0","0","0","0","0","0","0","0","13","0","0","0","0","0","0","0","0"
"0x7fc1235b0750","      UTCQMMA.WS gdesc[UR52], gdesc[UR12], tmem[UR44], tmem[UR54], idesc[UR55], UPT","18","15","18","131072","4194304","4194304","32","32","0","0","0","TmemShared","Load,Store","-","0","0","0","0","0","0","0","0","0","-","0","0","0","0","0","0","0","0","0","0","0","0","0","0","15","0","0","0","2","0","0","0","1","0","0","0","0","0","0","0","0","14","0","0","0","0","0","0","0","1"
"0x7fc1235b0760","      UTCQMMA.WS gdesc[UR48], gdesc[UR10], tmem[UR44], tmem[UR54], idesc[UR55], UPT","30","24","30","131072","4194304","4194304","32","32","0","0","0","TmemShared","Load,Store","-","0","0","0","0","0","0","0","0","0","-","0","0","0","0","0","0","0","0","0","0","0","0","0","0","20","0","0","0","5","0","0","0","5","0","0","0","0","0","0","0","0","19","0","0","0","0","0","0","0","5"
"0x7fc1235b0770","      IMAD.MOV.U32 R3, RZ, RZ, R0","0","0","0","131072","4194304","4194304","32","32","0","0","0","-","-","-","0","0","0","0","0","0","0","0","0","-","0","0","0","0","0","0","0","0","0","0","0","0","0","0","0","0","0","0","0","0","0","0","0","0","0","0","0","0","0","0","0","0","0","0","0","0","0","0","0","0"
"0x7fc1235b0780","      UTCQMMA.WS gdesc[UR50], gdesc[UR8], tmem[UR44], tmem[UR54], idesc[UR55], UPT","150","146","150","131072","4194304","4194304","32","32","0","0","0","TmemShared","Load,Store","-","0","0","0","0","0","0","0","0","0","-","0","0","0","0","0","0","0","0","0","0","0","0","0","0","146","0","0","0","4","0","0","0","0","0","0","0","0","0","0","0","0","146","0","0","0","0","0","0","0","0"
"0x7fc1235b0790","      UTCBAR [UR5], URZ","155","153","155","131072","4194304","4194304","32","32","0","0","0","-","-","-","0","0","0","0","0","0","0","0","0","-","0","0","0","0","0","0","0","0","0","0","0","0","0","0","154","0","0","0","1","0","0","0","0","0","0","0","0","0","0","0","0","153","0","0","0","0","0","0","0","0"
"0x7fc1235b07a0","@P0   BRA 0x7fc1235afe70","1","0","1","131072","4194304","3932160","32","30","2","2","0","-","-","-","0","0","0","0","0","0","0","0","0","-","0","0","0","0","0","0","0","0","0","0","0","0","0","0","0","0","0","0","1","0","0","0","0","0","0","0","0","0","0","0","0","0","0","0","0","0","0","0","0","0"
"0x7fc1235b07b0","      LDCU.64 UR6, c[0x0][0x358]","13","11","13","8192","262144","262144","32","32","2","0","0","-","-","-","0","0","0","0","0","0","0","0","0","-","0","0","0","0","0","0","0","0","0","0","0","0","0","0","0","0","0","0","2","0","0","0","11","0","0","0","0","0","0","0","0","0","0","0","0","0","0","0","0","11"
"0x7fc1235b07c0","      LDG.E R10, desc[UR6][R10.64]","1","0","1","8192","262144","262144","32","32","0","0","0","Global","Load","32","8192","0","0","0","0","0","8192","8192","0","","0","0","0","0","0","0","0","0","0","0","0","0","0","0","0","0","0","0","1","0","0","0","0","0","0","0","0","0","0","0","0","0","0","0","0","0","0","0","0","0"
"0x7fc1235b07d0","      R2UR UR5, R10","28","28","28","8192","262144","262144","32","32","0","0","0","-","-","-","0","0","0","0","0","0","0","0","0","-","0","0","0","0","0","0","0","0","0","0","0","28","0","0","0","0","0","0","0","0","0","0","0","0","0","0","0","0","28","0","0","0","0","0","0","0","0","0","0","0"
"0x7fc1235b07e0","      LDL.LU R0, [R1+0x4]","2","2","2","8192","262144","262144","32","32","0","0","0","Local","Load","32","0","0","0","0","0","0","0","0","32768","-","0","0","0","0","0","0","0","0","0","0","0","0","0","0","0","0","0","0","0","0","0","0","2","0","0","0","0","0","0","0","0","0","0","0","0","0","0","0","0","2"
"0x7fc1235b07f0","      USHF.R.S32.HI UR6, URZ, 0x1f, UR5","0","0","0","8192","262144","262144","32","32","0","0","0","-","-","-","0","0","0","0","0","0","0","0","0","-","0","0","0","0","0","0","0","0","0","0","0","0","0","0","0","0","0","0","0","0","0","0","0","0","0","0","0","0","0","0","0","0","0","0","0","0","0","0","0","0"
"0x7fc1235b0800","      LOP3.LUT R5, R5, 0x1, RZ, 0x3c, !PT","0","0","0","8192","262144","262144","32","32","0","0","0","-","-","-","0","0","0","0","0","0","0","0","0","-","0","0","0","0","0","0","0","0","0","0","0","0","0","0","0","0","0","0","0","0","0","0","0","0","0","0","0","0","0","0","0","0","0","0","0","0","0","0","0","0"
"0x7fc1235b0810","      ULEA.HI UR6, UR6, UR5, URZ, 0x7","0","0","0","8192","262144","262144","32","32","0","0","0","-","-","-","0","0","0","0","0","0","0","0","0","-","0","0","0","0","0","0","0","0","0","0","0","0","0","0","0","0","0","0","0","0","0","0","0","0","0","0","0","0","0","0","0","0","0","0","0","0","0","0","0","0"
"0x7fc1235b0820","      ULOP3.LUT UR7, UR6, 0xffffff80, URZ, 0xc0, !UPT","0","0","0","8192","262144","262144","32","32","0","0","0","-","-","-","0","0","0","0","0","0","0","0","0","-","0","0","0","0","0","0","0","0","0","0","0","0","0","0","0","0","0","0","0","0","0","0","0","0","0","0","0","0","0","0","0","0","0","0","0","0","0","0","0","0"
"0x7fc1235b0830","      UISETP.NE.U32.AND UP0, UPT, UR5, UR7, UPT","0","0","0","8192","262144","262144","32","32","0","0","0","-","-","-","0","0","0","0","0","0","0","0","0","-","0","0","0","0","0","0","0","0","0","0","0","0","0","0","0","0","0","0","0","0","0","0","0","0","0","0","0","0","0","0","0","0","0","0","0","0","0","0","0","0"
"0x7fc1235b0840","      UISETP.GT.AND UP0, UPT, UR5, -0x1, UP0","1","1","1","8192","262144","262144","32","32","0","0","0","-","-","-","0","0","0","0","0","0","0","0","0","-","0","0","0","0","0","0","0","0","0","0","0","0","0","0","0","0","0","0","0","0","0","0","1","0","0","0","0","0","0","0","0","0","0","0","0","0","0","0","0","1"
"0x7fc1235b0850","      ULEA.HI.SX32 UR5, UR6, UR45, 0x19","1","1","1","8192","262144","262144","32","32","0","0","0","-","-","-","0","0","0","0","0","0","0","0","0","-","0","0","0","0","0","0","0","0","0","0","0","0","0","0","0","0","0","0","0","0","0","0","1","0","0","0","0","0","0","0","0","0","0","0","0","0","0","0","0","1"
"0x7fc1235b0860","      UIADD3 UR45, UPT, UPT, UR5, 0x1, URZ","1","0","1","8192","262144","262144","32","32","0","0","0","-","-","-","0","0","0","0","0","0","0","0","0","-","0","0","0","0","0","0","0","0","0","0","0","0","0","0","0","0","0","0","1","0","0","0","0","0","0","0","0","0","0","0","0","0","0","0","0","0","0","0","0","0"
"0x7fc1235b0870","@!UP0 UIADD3 UR45, UPT, UPT, UR5, URZ, URZ","0","0","0","8192","262144","262144","32","32","0","0","0","-","-","-","0","0","0","0","0","0","0","0","0","-","0","0","0","0","0","0","0","0","0","0","0","0","0","0","0","0","0","0","0","0","0","0","0","0","0","0","0","0","0","0","0","0","0","0","0","0","0","0","0","0"
"0x7fc1235b0880","      R2UR UR8, R0","10","9","10","8192","262144","262144","32","32","0","0","0","-","-","-","0","0","0","0","0","0","0","0","0","-","0","0","0","0","0","0","0","0","0","0","0","10","0","0","0","0","0","0","0","0","0","0","0","0","0","0","0","0","9","0","0","0","0","0","0","0","0","0","0","0"
"0x7fc1235b0890","      UIADD3 UR6, UPT, UPT, UR8, 0x94, URZ","2","1","2","8192","262144","262144","32","32","0","0","0","-","-","-","0","0","0","0","0","0","0","0","0","-","0","0","0","0","0","0","0","0","0","0","0","0","0","0","0","0","0","0","1","0","0","0","1","0","0","0","0","0","0","0","0","0","0","0","0","0","0","0","0","1"
"0x7fc1235b08a0","      UISETP.GE.U32.AND UP0, UPT, UR8, 0x1f6c, UPT","0","0","0","8192","262144","262144","32","32","0","0","0","-","-","-","0","0","0","0","0","0","0","0","0","-","0","0","0","0","0","0","0","0","0","0","0","0","0","0","0","0","0","0","0","0","0","0","0","0","0","0","0","0","0","0","0","0","0","0","0","0","0","0","0","0"
"0x7fc1235b08b0","      IMAD.U32 R0, RZ, RZ, UR6","0","0","0","8192","262144","262144","32","32","0","0","0","-","-","-","0","0","0","0","0","0","0","0","0","-","0","0","0","0","0","0","0","0","0","0","0","0","0","0","0","0","0","0","0","0","0","0","0","0","0","0","0","0","0","0","0","0","0","0","0","0","0","0","0","0"
"0x7fc1235b08c0","      STL [R1+0x4], R0","1","1","1","8192","262144","262144","32","32","0","0","0","Local","Store","32","0","0","0","0","0","0","0","0","32768","-","0","0","0","0","0","0","0","0","0","0","0","0","0","0","0","0","0","0","0","0","0","0","1","0","0","0","0","0","0","0","0","0","0","0","0","0","0","0","0","1"
"0x7fc1235b08d0","      BRA.U !UP0, 0x7fc1235afc60","0","0","0","8192","262144","262144","32","32","0","0","0","-","-","-","0","0","0","0","0","0","0","0","0","-","0","0","0","0","0","0","0","0","0","0","0","0","0","0","0","0","0","0","0","0","0","0","0","0","0","0","0","0","0","0","0","0","0","0","0","0","0","0","0","0"
"0x7fc1235b08e0","      BRA 0x7fc1235b30d0","1","1","1","148","4736","4736","32","32","0","0","0","-","-","-","0","0","0","0","0","0","0","0","0","-","0","0","0","0","0","0","0","0","0","0","0","0","0","0","0","0","0","0","0","0","0","0","1","0","0","0","0","0","0","0","0","0","0","0","0","0","0","0","0","1"
"0x7fc1235b08f0","      LDL R0, [R1]","4","3","4","1628","52096","52096","32","32","0","0","0","Local","Load","32","0","0","0","0","0","0","0","0","6512","-","0","0","0","0","0","0","0","0","0","0","0","0","0","0","0","0","4","0","0","0","0","0","0","0","0","0","0","0","0","0","0","0","0","3","0","0","0","0","0","0"
"0x7fc1235b0900","      R2UR UR5, R0","3","3","3","1628","52096","52096","32","32","0","0","0","-","-","-","0","0","0","0","0","0","0","0","0","-","0","0","0","0","0","0","0","0","0","0","0","2","0","0","0","0","1","0","0","0","0","0","0","0","0","0","0","0","2","0","0","0","0","1","0","0","0","0","0","0"
"0x7fc1235b0910","      UISETP.GT.AND UP0, UPT, UR5, 0x7, UPT","0","0","0","1628","52096","52096","32","32","0","0","0","-","-","-","0","0","0","0","0","0","0","0","0","-","0","0","0","0","0","0","0","0","0","0","0","0","0","0","0","0","0","0","0","0","0","0","0","0","0","0","0","0","0","0","0","0","0","0","0","0","0","0","0","0"
"0x7fc1235b0920","      BRA.U UP0, 0x7fc1235b30d0","1","0","1","1628","52096","52096","32","32","0","0","0","-","-","-","0","0","0","0","0","0","0","0","0","-","0","0","0","0","0","0","0","0","0","0","0","0","0","0","0","0","0","0","1","0","0","0","0","0","0","0","0","0","0","0","0","0","0","0","0","0","0","0","0","0"
"0x7fc1235b0930","      NOP","0","0","0","1184","37888","37888","32","32","0","0","0","-","-","-","0","0","0","0","0","0","0","0","0","-","0","0","0","0","0","0","0","0","0","0","0","0","0","0","0","0","0","0","0","0","0","0","0","0","0","0","0","0","0","0","0","0","0","0","0","0","0","0","0","0"
"0x7fc1235b0940","      USETMAXREG.TRY_ALLOC.CTAPOOL UP0, 0xc0","0","0","0","1184","37888","37888","32","32","0","0","0","-","-","-","0","0","0","0","0","0","0","0","0","-","0","0","0","0","0","0","0","0","0","0","0","0","0","0","0","0","0","0","0","0","0","0","0","0","0","0","0","0","0","0","0","0","0","0","0","0","0","0","0","0"
"0x7fc1235b0950","      BRA.U !UP0, 0x7fc1235b0930","0","0","0","1184","37888","37888","32","32","0","0","0","-","-","-","0","0","0","0","0","0","0","0","0","-","0","0","0","0","0","0","0","0","0","0","0","0","0","0","0","0","0","0","0","0","0","0","0","0","0","0","0","0","0","0","0","0","0","0","0","0","0","0","0","0"
"0x7fc1235b0960","      LDL R0, [R1+0x4]","1","0","1","1184","37888","37888","32","32","0","0","0","Local","Load","32","0","0","0","0","0","0","0","0","4736","-","0","0","0","0","0","0","0","0","0","0","0","0","0","0","0","0","0","0","1","0","0","0","0","0","0","0","0","0","0","0","0","0","0","0","0","0","0","0","0","0"
"0x7fc1235b0970","      R2UR UR5, R0","0","0","0","1184","37888","37888","32","32","0","0","0","-","-","-","0","0","0","0","0","0","0","0","0","-","0","0","0","0","0","0","0","0","0","0","0","0","0","0","0","0","0","0","0","0","0","0","0","0","0","0","0","0","0","0","0","0","0","0","0","0","0","0","0","0"
"0x7fc1235b0980","      UISETP.GT.U32.AND UP0, UPT, UR5, 0x1fff, UPT","0","0","0","1184","37888","37888","32","32","0","0","0","-","-","-","0","0","0","0","0","0","0","0","0","-","0","0","0","0","0","0","0","0","0","0","0","0","0","0","0","0","0","0","0","0","0","0","0","0","0","0","0","0","0","0","0","0","0","0","0","0","0","0","0","0"
"0x7fc1235b0990","      BRA.U UP0, 0x7fc1235b30d0","0","0","0","1184","37888","37888","32","32","0","0","0","-","-","-","0","0","0","0","0","0","0","0","0","-","0","0","0","0","0","0","0","0","0","0","0","0","0","0","0","0","0","0","0","0","0","0","0","0","0","0","0","0","0","0","0","0","0","0","0","0","0","0","0","0"
"0x7fc1235b09a0","      S2R R4, SR_TID.X","0","0","0","1184","37888","37888","32","32","0","0","0","-","-","-","0","0","0","0","0","0","0","0","0","-","0","0","0","0","0","0","0","0","0","0","0","0","0","0","0","0","0","0","0","0","0","0","0","0","0","0","0","0","0","0","0","0","0","0","0","0","0","0","0","0"
"0x7fc1235b09b0","      LDCU.64 UR10, c[0x0][0x3a8]","0","0","0","1184","37888","37888","32","32","0","0","0","-","-","-","0","0","0","0","0","0","0","0","0","-","0","0","0","0","0","0","0","0","0","0","0","0","0","0","0","0","0","0","0","0","0","0","0","0","0","0","0","0","0","0","0","0","0","0","0","0","0","0","0","0"
"0x7fc1235b09c0","      IMAD.U32 R166, RZ, RZ, UR4","0","0","0","1184","37888","37888","32","32","0","0","0","-","-","-","0","0","0","0","0","0","0","0","0","-","0","0","0","0","0","0","0","0","0","0","0","0","0","0","0","0","0","0","0","0","0","0","0","0","0","0","0","0","0","0","0","0","0","0","0","0","0","0","0","0"
"0x7fc1235b09d0","      CS2R R168, SRZ","0","0","0","1184","37888","37888","32","32","0","0","0","-","-","-","0","0","0","0","0","0","0","0","0","-","0","0","0","0","0","0","0","0","0","0","0","0","0","0","0","0","0","0","0","0","0","0","0","0","0","0","0","0","0","0","0","0","0","0","0","0","0","0","0","0"
"0x7fc1235b09e0","      UIADD3.64 UR10, UPT, UPT, UR10, 0x100, URZ","1","1","1","1184","37888","37888","32","32","0","0","0","-","-","-","0","0","0","0","0","0","0","0","0","-","0","0","0","0","0","0","0","0","0","0","0","0","0","0","0","0","0","0","0","1","0","0","0","0","0","0","0","0","0","0","0","0","0","0","0","0","1","0","0","0"
"0x7fc1235b09f0","      SHF.R.U32.HI R167, RZ, 0x7, R4","0","0","0","1184","37888","37888","32","32","0","0","0","-","-","-","0","0","0","0","0","0","0","0","0","-","0","0","0","0","0","0","0","0","0","0","0","0","0","0","0","0","0","0","0","0","0","0","0","0","0","0","0","0","0","0","0","0","0","0","0","0","0","0","0","0"
"0x7fc1235b0a00","      IMAD.SHL.U32 R0, R4, 0x40, RZ","0","0","0","1184","37888","37888","32","32","0","0","0","-","-","-","0","0","0","0","0","0","0","0","0","-","0","0","0","0","0","0","0","0","0","0","0","0","0","0","0","0","0","0","0","0","0","0","0","0","0","0","0","0","0","0","0","0","0","0","0","0","0","0","0","0"
"0x7fc1235b0a10","      LOP3.LUT R7, R4, 0x40, RZ, 0xc0, !PT","0","0","0","1184","37888","37888","32","32","0","0","0","-","-","-","0","0","0","0","0","0","0","0","0","-","0","0","0","0","0","0","0","0","0","0","0","0","0","0","0","0","0","0","0","0","0","0","0","0","0","0","0","0","0","0","0","0","0","0","0","0","0","0","0","0"
"0x7fc1235b0a20","      IMAD.SHL.U32 R172, R4, 0x200, RZ","0","0","0","1184","37888","37888","32","32","0","0","0","-","-","-","0","0","0","0","0","0","0","0","0","-","0","0","0","0","0","0","0","0","0","0","0","0","0","0","0","0","0","0","0","0","0","0","0","0","0","0","0","0","0","0","0","0","0","0","0","0","0","0","0","0"
"0x7fc1235b0a30","      SHF.R.U32.HI R2, RZ, 0x5, R4","0","0","0","1184","37888","37888","32","32","0","0","0","-","-","-","0","0","0","0","0","0","0","0","0","-","0","0","0","0","0","0","0","0","0","0","0","0","0","0","0","0","0","0","0","0","0","0","0","0","0","0","0","0","0","0","0","0","0","0","0","0","0","0","0","0"
"0x7fc1235b0a40","      IMAD.SHL.U32 R174, R167, 0x20, RZ","0","0","0","1184","37888","37888","32","32","0","0","0","-","-","-","0","0","0","0","0","0","0","0","0","-","0","0","0","0","0","0","0","0","0","0","0","0","0","0","0","0","0","0","0","0","0","0","0","0","0","0","0","0","0","0","0","0","0","0","0","0","0","0","0","0"
"0x7fc1235b0a50","      LOP3.LUT R0, R0, 0xfc0, RZ, 0xc0, !PT","0","0","0","1184","37888","37888","32","32","0","0","0","-","-","-","0","0","0","0","0","0","0","0","0","-","0","0","0","0","0","0","0","0","0","0","0","0","0","0","0","0","0","0","0","0","0","0","0","0","0","0","0","0","0","0","0","0","0","0","0","0","0","0","0","0"
"0x7fc1235b0a60","      IMAD.SHL.U32 R5, R4, 0x2, RZ","0","0","0","1184","37888","37888","32","32","0","0","0","-","-","-","0","0","0","0","0","0","0","0","0","-","0","0","0","0","0","0","0","0","0","0","0","0","0","0","0","0","0","0","0","0","0","0","0","0","0","0","0","0","0","0","0","0","0","0","0","0","0","0","0","0"
"0x7fc1235b0a70","      R2UR UR5, R2","0","0","0","1184","37888","37888","32","32","0","0","0","-","-","-","0","0","0","0","0","0","0","0","0","-","0","0","0","0","0","0","0","0","0","0","0","0","0","0","0","0","0","0","0","0","0","0","0","0","0","0","0","0","0","0","0","0","0","0","0","0","0","0","0","0"
"0x7fc1235b0a80","      IMAD.IADD R7, R174, 0x1, R7","0","0","0","1184","37888","37888","32","32","0","0","0","-","-","-","0","0","0","0","0","0","0","0","0","-","0","0","0","0","0","0","0","0","0","0","0","0","0","0","0","0","0","0","0","0","0","0","0","0","0","0","0","0","0","0","0","0","0","0","0","0","0","0","0","0"
"0x7fc1235b0a90","      LOP3.LUT R172, R172, 0x7e00, RZ, 0xc0, !PT","0","0","0","1184","37888","37888","32","32","0","0","0","-","-","-","0","0","0","0","0","0","0","0","0","-","0","0","0","0","0","0","0","0","0","0","0","0","0","0","0","0","0","0","0","0","0","0","0","0","0","0","0","0","0","0","0","0","0","0","0","0","0","0","0","0"
"0x7fc1235b0aa0","      IMAD.U32 R173, R4, 0x10000, RZ","0","0","0","1184","37888","37888","32","32","0","0","0","-","-","-","0","0","0","0","0","0","0","0","0","-","0","0","0","0","0","0","0","0","0","0","0","0","0","0","0","0","0","0","0","0","0","0","0","0","0","0","0","0","0","0","0","0","0","0","0","0","0","0","0","0"
"0x7fc1235b0ab0","      LOP3.LUT R5, R5, 0x80, RZ, 0xc0, !PT","0","0","0","1184","37888","37888","32","32","0","0","0","-","-","-","0","0","0","0","0","0","0","0","0","-","0","0","0","0","0","0","0","0","0","0","0","0","0","0","0","0","0","0","0","0","0","0","0","0","0","0","0","0","0","0","0","0","0","0","0","0","0","0","0","0"
"0x7fc1235b0ac0","      IMAD R3, R7, 0x40, R7","0","0","0","1184","37888","37888","32","32","0","0","0","-","-","-","0","0","0","0","0","0","0","0","0","-","0","0","0","0","0","0","0","0","0","0","0","0","0","0","0","0","0","0","0","0","0","0","0","0","0","0","0","0","0","0","0","0","0","0","0","0","0","0","0","0"
"0x7fc1235b0ad0","      IMAD R7, R7, 0x40, R174","0","0","0","1184","37888","37888","32","32","0","0","0","-","-","-","0","0","0","0","0","0","0","0","0","-","0","0","0","0","0","0","0","0","0","0","0","0","0","0","0","0","0","0","0","0","0","0","0","0","0","0","0","0","0","0","0","0","0","0","0","0","0","0","0","0"
"0x7fc1235b0ae0","      LOP3.LUT R173, R173, 0x600000, RZ, 0xc0, !PT","0","0","0","1184","37888","37888","32","32","0","0","0","-","-","-","0","0","0","0","0","0","0","0","0","-","0","0","0","0","0","0","0","0","0","0","0","0","0","0","0","0","0","0","0","0","0","0","0","0","0","0","0","0","0","0","0","0","0","0","0","0","0","0","0","0"
"0x7fc1235b0af0","      VIADD R3, R3, 0x10","0","0","0","1184","37888","37888","32","32","0","0","0","-","-","-","0","0","0","0","0","0","0","0","0","-","0","0","0","0","0","0","0","0","0","0","0","0","0","0","0","0","0","0","0","0","0","0","0","0","0","0","0","0","0","0","0","0","0","0","0","0","0","0","0","0"
"0x7fc1235b0b00","      IMAD.SHL.U32 R165, R4, 0x4, RZ","0","0","0","1184","37888","37888","32","32","0","0","0","-","-","-","0","0","0","0","0","0","0","0","0","-","0","0","0","0","0","0","0","0","0","0","0","0","0","0","0","0","0","0","0","0","0","0","0","0","0","0","0","0","0","0","0","0","0","0","0","0","0","0","0","0"
"0x7fc1235b0b10","      LOP3.LUT R7, R0, 0x3020, R7, 0xf8, !PT","0","0","0","1184","37888","37888","32","32","0","0","0","-","-","-","0","0","0","0","0","0","0","0","0","-","0","0","0","0","0","0","0","0","0","0","0","0","0","0","0","0","0","0","0","0","0","0","0","0","0","0","0","0","0","0","0","0","0","0","0","0","0","0","0","0"
"0x7fc1235b0b20","      IMAD R172, R167, 0x100, R172","0","0","0","1184","37888","37888","32","32","0","0","0","-","-","-","0","0","0","0","0","0","0","0","0","-","0","0","0","0","0","0","0","0","0","0","0","0","0","0","0","0","0","0","0","0","0","0","0","0","0","0","0","0","0","0","0","0","0","0","0","0","0","0","0","0"
"0x7fc1235b0b30","      LOP3.LUT R3, R0, 0x3030, R3, 0xf8, !PT","0","0","0","1184","37888","37888","32","32","0","0","0","-","-","-","0","0","0","0","0","0","0","0","0","-","0","0","0","0","0","0","0","0","0","0","0","0","0","0","0","0","0","0","0","0","0","0","0","0","0","0","0","0","0","0","0","0","0","0","0","0","0","0","0","0"
"0x7fc1235b0b40","      IMAD.U32 R0, RZ, RZ, UR5","0","0","0","1184","37888","37888","32","32","0","0","0","-","-","-","0","0","0","0","0","0","0","0","0","-","0","0","0","0","0","0","0","0","0","0","0","0","0","0","0","0","0","0","0","0","0","0","0","0","0","0","0","0","0","0","0","0","0","0","0","0","0","0","0","0"
"0x7fc1235b0b50","      ULOP3.LUT UR5, UR5, 0x2, URZ, 0xc0, !UPT","0","0","0","1184","37888","37888","32","32","0","0","0","-","-","-","0","0","0","0","0","0","0","0","0","-","0","0","0","0","0","0","0","0","0","0","0","0","0","0","0","0","0","0","0","0","0","0","0","0","0","0","0","0","0","0","0","0","0","0","0","0","0","0","0","0"
"0x7fc1235b0b60","      LOP3.LUT R174, R174, 0x100, R173, 0xfe, !PT","0","0","0","1184","37888","37888","32","32","0","0","0","-","-","-","0","0","0","0","0","0","0","0","0","-","0","0","0","0","0","0","0","0","0","0","0","0","0","0","0","0","0","0","0","0","0","0","0","0","0","0","0","0","0","0","0","0","0","0","0","0","0","0","0","0"
"0x7fc1235b0b70","      IMAD.IADD R172, R5, 0x1, R172","0","0","0","1184","37888","37888","32","32","0","0","0","-","-","-","0","0","0","0","0","0","0","0","0","-","0","0","0","0","0","0","0","0","0","0","0","0","0","0","0","0","0","0","0","0","0","0","0","0","0","0","0","0","0","0","0","0","0","0","0","0","0","0","0","0"
"0x7fc1235b0b80","      IADD3 R3, PT, PT, R166, 0x2d000, R3","4","2","4","1184","37888","37888","32","32","0","0","0","-","-","-","0","0","0","0","0","0","0","0","0","-","0","0","0","0","0","0","0","0","0","0","0","0","1","0","0","0","3","0","0","0","0","0","0","0","0","0","0","0","0","1","0","0","0","1","0","0","0","0","0","0"
"0x7fc1235b0b90","      STL [R1], R0","0","0","0","1184","37888","37888","32","32","0","0","0","Local","Store","32","0","0","0","0","0","0","0","0","4736","-","0","0","0","0","0","0","0","0","0","0","0","0","0","0","0","0","0","0","0","0","0","0","0","0","0","0","0","0","0","0","0","0","0","0","0","0","0","0","0","0"
"0x7fc1235b0ba0","      LOP3.LUT R164, R165, 0xfc, RZ, 0xc0, !PT","0","0","0","1184","37888","37888","32","32","0","0","0","-","-","-","0","0","0","0","0","0","0","0","0","-","0","0","0","0","0","0","0","0","0","0","0","0","0","0","0","0","0","0","0","0","0","0","0","0","0","0","0","0","0","0","0","0","0","0","0","0","0","0","0","0"
"0x7fc1235b0bb0","      VIADD R167, R167, UR5","0","0","0","1184","37888","37888","32","32","0","0","0","-","-","-","0","0","0","0","0","0","0","0","0","-","0","0","0","0","0","0","0","0","0","0","0","0","0","0","0","0","0","0","0","0","0","0","0","0","0","0","0","0","0","0","0","0","0","0","0","0","0","0","0","0"
"0x7fc1235b0bc0","      SHF.R.U32.HI R170, RZ, 0x3, R3","0","0","0","1184","37888","37888","32","32","0","0","0","-","-","-","0","0","0","0","0","0","0","0","0","-","0","0","0","0","0","0","0","0","0","0","0","0","0","0","0","0","0","0","0","0","0","0","0","0","0","0","0","0","0","0","0","0","0","0","0","0","0","0","0","0"
"0x7fc1235b0bd0","      LOP3.LUT R173, R173, 0x180, R4, 0xf8, !PT","0","0","0","1184","37888","37888","32","32","0","0","0","-","-","-","0","0","0","0","0","0","0","0","0","-","0","0","0","0","0","0","0","0","0","0","0","0","0","0","0","0","0","0","0","0","0","0","0","0","0","0","0","0","0","0","0","0","0","0","0","0","0","0","0","0"
"0x7fc1235b0be0","      LOP3.LUT R170, R3, 0x30, R170, 0x78, !PT","0","0","0","1184","37888","37888","32","32","0","0","0","-","-","-","0","0","0","0","0","0","0","0","0","-","0","0","0","0","0","0","0","0","0","0","0","0","0","0","0","0","0","0","0","0","0","0","0","0","0","0","0","0","0","0","0","0","0","0","0","0","0","0","0","0"
"0x7fc1235b0bf0","      IADD3 R0, PT, PT, R166, 0x2d000, R7","1","1","1","1184","37888","37888","32","32","0","0","0","-","-","-","0","0","0","0","0","0","0","0","0","-","0","0","0","0","0","0","0","0","0","0","0","0","1","0","0","0","0","0","0","0","0","0","0","0","0","0","0","0","0","1","0","0","0","0","0","0","0","0","0","0"
"0x7fc1235b0c00","      SHF.R.U32.HI R171, RZ, 0x3, R0","2","2","2","1184","37888","37888","32","32","0","0","0","-","-","-","0","0","0","0","0","0","0","0","0","-","0","0","0","0","0","0","0","0","0","0","0","0","0","0","0","0","2","0","0","0","0","0","0","0","0","0","0","0","0","0","0","0","0","2","0","0","0","0","0","0"
"0x7fc1235b0c10","      LOP3.LUT R171, R0, 0x30, R171, 0x78, !PT","0","0","0","1184","37888","37888","32","32","0","0","0","-","-","-","0","0","0","0","0","0","0","0","0","-","0","0","0","0","0","0","0","0","0","0","0","0","0","0","0","0","0","0","0","0","0","0","0","0","0","0","0","0","0","0","0","0","0","0","0","0","0","0","0","0"
"0x7fc1235b0c20","      LDL R0, [R1]","27","22","27","65536","2097152","2097152","32","32","0","0","0","Local","Load","32","0","0","0","0","0","0","0","0","262144","-","0","0","0","0","0","0","0","3","0","0","0","0","0","0","0","0","24","0","0","0","0","0","0","0","3","0","0","0","0","0","0","0","0","19","0","0","0","0","0","0"
"0x7fc1235b0c30","      SHF.L.U32 R3, R169, 0x1f, RZ","2","0","2","65536","2097152","2097152","32","32","0","0","0","-","-","-","0","0","0","0","0","0","0","0","0","-","0","0","0","0","0","0","0","0","0","0","0","0","0","0","0","0","0","0","2","0","0","0","0","0","0","0","0","0","0","0","0","0","0","0","0","0","0","0","0","0"
"0x7fc1235b0c40","      R2UR UR5, R0","104","80","104","65536","2097152","2097152","32","32","0","0","0","-","-","-","0","0","0","0","0","0","0","0","0","-","0","0","0","0","0","0","0","0","0","0","0","95","1","0","0","0","0","3","3","0","0","0","2","0","0","0","0","0","77","1","0","0","0","0","0","0","0","0","0","2"
"0x7fc1235b0c50","      UISETP.NE.U32.AND UP0, UPT, UR5, URZ, UPT","12","11","12","65536","2097152","2097152","32","32","0","0","0","-","-","-","0","0","0","0","0","0","0","0","0","-","0","0","0","0","0","0","0","0","0","0","0","0","0","0","0","0","0","0","0","0","0","0","12","0","0","0","0","0","0","0","0","0","0","0","0","0","0","0","0","11"
"0x7fc1235b0c60","      BRA.U UP0, 0x7fc1235b0e70","8","4","8","65536","2097152","2097152","32","32","0","0","0","-","-","-","0","0","0","0","0","0","0","0","0","-","0","0","0","0","0","0","0","0","1","0","0","0","0","0","0","0","0","0","1","0","0","0","6","0","0","0","0","0","0","0","0","0","0","0","0","0","0","0","0","4"
"0x7fc1235b0c70","      LDL R0, [R1+0x4]","8","5","8","8192","262144","262144","32","32","0","0","0","Local","Load","32","0","0","0","0","0","0","0","0","32768","-","0","0","0","0","0","0","0","0","0","0","0","0","0","0","0","0","0","0","1","0","0","0","7","0","0","0","0","0","0","0","0","0","0","0","0","0","0","0","0","5"
"0x7fc1235b0c80","      ELECT P0, URZ, PT","1","0","1","8192","262144","262144","32","32","0","0","0","-","-","-","0","0","0","0","0","0","0","0","0","-","0","0","0","0","0","0","0","0","0","0","0","0","0","0","0","0","0","0","1","0","0","0","0","0","0","0","0","0","0","0","0","0","0","0","0","0","0","0","0","0"
"0x7fc1235b0c90","      UIADD3 UR8, UP0, UPT, UR10, 0x80, URZ","0","0","0","8192","262144","262144","32","32","0","0","0","-","-","-","0","0","0","0","0","0","0","0","0","-","0","0","0","0","0","0","0","0","0","0","0","0","0","0","0","0","0","0","0","0","0","0","0","0","0","0","0","0","0","0","0","0","0","0","0","0","0","0","0","0"
"0x7fc1235b0ca0","      UIADD3 UR20, UPT, UPT, UR4, 0x2000, URZ","0","0","0","8192","262144","262144","32","32","0","0","0","-","-","-","0","0","0","0","0","0","0","0","0","-","0","0","0","0","0","0","0","0","0","0","0","0","0","0","0","0","0","0","0","0","0","0","0","0","0","0","0","0","0","0","0","0","0","0","0","0","0","0","0","0"
"0x7fc1235b0cb0","      UIADD3 UR24, UPT, UPT, UR4, 0x4000, URZ","0","0","0","8192","262144","262144","32","32","0","0","0","-","-","-","0","0","0","0","0","0","0","0","0","-","0","0","0","0","0","0","0","0","0","0","0","0","0","0","0","0","0","0","0","0","0","0","0","0","0","0","0","0","0","0","0","0","0","0","0","0","0","0","0","0"
"0x7fc1235b0cc0","      UIADD3 UR16, UPT, UPT, UR4, 0x6000, URZ","0","0","0","8192","262144","262144","32","32","0","0","0","-","-","-","0","0","0","0","0","0","0","0","0","-","0","0","0","0","0","0","0","0","0","0","0","0","0","0","0","0","0","0","0","0","0","0","0","0","0","0","0","0","0","0","0","0","0","0","0","0","0","0","0","0"
"0x7fc1235b0cd0","      UIADD3 UR12, UPT, UPT, UR4, 0x8000, URZ","0","0","0","8192","262144","262144","32","32","0","0","0","-","-","-","0","0","0","0","0","0","0","0","0","-","0","0","0","0","0","0","0","0","0","0","0","0","0","0","0","0","0","0","0","0","0","0","0","0","0","0","0","0","0","0","0","0","0","0","0","0","0","0","0","0"
"0x7fc1235b0ce0","      UIADD3.X UR9, UPT, UPT, URZ, UR11, URZ, UP0, !UPT","0","0","0","8192","262144","262144","32","32","0","0","0","-","-","-","0","0","0","0","0","0","0","0","0","-","0","0","0","0","0","0","0","0","0","0","0","0","0","0","0","0","0","0","0","0","0","0","0","0","0","0","0","0","0","0","0","0","0","0","0","0","0","0","0","0"
"0x7fc1235b0cf0","      UMOV UR6, URZ","0","0","0","8192","262144","262144","32","32","0","0","0","-","-","-","0","0","0","0","0","0","0","0","0","-","0","0","0","0","0","0","0","0","0","0","0","0","0","0","0","0","0","0","0","0","0","0","0","0","0","0","0","0","0","0","0","0","0","0","0","0","0","0","0","0"
"0x7fc1235b0d00","      UMOV UR22, 0x80","0","0","0","8192","262144","262144","32","32","0","0","0","-","-","-","0","0","0","0","0","0","0","0","0","-","0","0","0","0","0","0","0","0","0","0","0","0","0","0","0","0","0","0","0","0","0","0","0","0","0","0","0","0","0","0","0","0","0","0","0","0","0","0","0","0"
"0x7fc1235b0d10","      UMOV UR26, 0x100","0","0","0","8192","262144","262144","32","32","0","0","0","-","-","-","0","0","0","0","0","0","0","0","0","-","0","0","0","0","0","0","0","0","0","0","0","0","0","0","0","0","0","0","0","0","0","0","0","0","0","0","0","0","0","0","0","0","0","0","0","0","0","0","0","0"
"0x7fc1235b0d20","      UMOV UR18, 0x180","0","0","0","8192","262144","262144","32","32","0","0","0","-","-","-","0","0","0","0","0","0","0","0","0","-","0","0","0","0","0","0","0","0","0","0","0","0","0","0","0","0","0","0","0","0","0","0","0","0","0","0","0","0","0","0","0","0","0","0","0","0","0","0","0","0"
"0x7fc1235b0d30","      UMOV UR14, UR6","0","0","0","8192","262144","262144","32","32","0","0","0","-","-","-","0","0","0","0","0","0","0","0","0","-","0","0","0","0","0","0","0","0","0","0","0","0","0","0","0","0","0","0","0","0","0","0","0","0","0","0","0","0","0","0","0","0","0","0","0","0","0","0","0","0"
"0x7fc1235b0d40","      R2UR UR5, R0","1","1","1","8192","262144","262144","32","32","0","0","0","-","-","-","0","0","0","0","0","0","0","0","0","-","0","0","0","0","0","0","0","0","0","0","0","1","0","0","0","0","0","0","0","0","0","0","0","0","0","0","0","0","1","0","0","0","0","0","0","0","0","0","0","0"
"0x7fc1235b0d50","@P0   IMAD.MOV.U32 R0, RZ, RZ, 0x9000","1","0","1","8192","262144","8192","32","1","31","31","0","-","-","-","0","0","0","0","0","0","0","0","0","-","0","0","0","0","0","0","0","0","0","0","0","0","0","0","0","0","0","0","1","0","0","0","0","0","0","0","0","0","0","0","0","0","0","0","0","0","0","0","0","0"
"0x7fc1235b0d60","@P0   SYNCS.ARRIVE.TRANS64 RZ, [UR4+0x2f938], R0","0","0","0","8192","262144","8192","32","1","0","31","0","-","-","-","0","0","0","0","0","0","0","0","0","-","0","0","0","0","0","0","0","0","0","0","0","0","0","0","0","0","0","0","0","0","0","0","0","0","0","0","0","0","0","0","0","0","0","0","0","0","0","0","0","0"
"0x7fc1235b0d70","      USHF.L.U32 UR7, UR5, 0x6, URZ","1","0","1","8192","262144","262144","32","32","31","0","0","-","-","-","0","0","0","0","0","0","0","0","0","-","0","0","0","0","0","0","0","0","0","0","0","0","0","0","0","0","0","0","1","0","0","0","0","0","0","0","0","0","0","0","0","0","0","0","0","0","0","0","0","0"
"0x7fc1235b0d80","      UIADD3 UR5, UPT, UPT, UR4, 0x2f938, URZ","0","0","0","8192","262144","262144","32","32","0","0","0","-","-","-","0","0","0","0","0","0","0","0","0","-","0","0","0","0","0","0","0","0","0","0","0","0","0","0","0","0","0","0","0","0","0","0","0","0","0","0","0","0","0","0","0","0","0","0","0","0","0","0","0","0"
"0x7fc1235b0d90","      UMOV UR23, UR7","1","1","1","8192","262144","262144","32","32","0","0","0","-","-","-","0","0","0","0","0","0","0","0","0","-","0","0","0","0","0","0","0","0","0","0","0","0","0","0","0","0","0","0","0","0","0","0","1","0","0","0","0","0","0","0","0","0","0","0","0","0","0","0","0","1"
"0x7fc1235b0da0","      UMOV UR27, UR7","0","0","0","8192","262144","262144","32","32","0","0","0","-","-","-","0","0","0","0","0","0","0","0","0","-","0","0","0","0","0","0","0","0","0","0","0","0","0","0","0","0","0","0","0","0","0","0","0","0","0","0","0","0","0","0","0","0","0","0","0","0","0","0","0","0"
"0x7fc1235b0db0","      UMOV UR21, UR5","0","0","0","8192","262144","262144","32","32","0","0","0","-","-","-","0","0","0","0","0","0","0","0","0","-","0","0","0","0","0","0","0","0","0","0","0","0","0","0","0","0","0","0","0","0","0","0","0","0","0","0","0","0","0","0","0","0","0","0","0","0","0","0","0","0"
"0x7fc1235b0dc0","      UMOV UR25, UR5","0","0","0","8192","262144","262144","32","32","0","0","0","-","-","-","0","0","0","0","0","0","0","0","0","-","0","0","0","0","0","0","0","0","0","0","0","0","0","0","0","0","0","0","0","0","0","0","0","0","0","0","0","0","0","0","0","0","0","0","0","0","0","0","0","0"
"0x7fc1235b0dd0","      UTMALDG.2D [UR4], [UR10]","0","0","0","8192","262144","262144","32","32","0","0","0","Global,Shared","-","-","0","0","0","0","0","0","0","0","0","-","0","0","0","0","0","0","0","0","0","0","0","0","0","0","0","0","0","0","0","0","0","0","0","0","0","0","0","0","0","0","0","0","0","0","0","0","0","0","0","0"
"0x7fc1235b0de0","      UMOV UR17, UR5","0","0","0","8192","262144","262144","32","32","0","0","0","-","-","-","0","0","0","0","0","0","0","0","0","-","0","0","0","0","0","0","0","0","0","0","0","0","0","0","0","0","0","0","0","0","0","0","0","0","0","0","0","0","0","0","0","0","0","0","0","0","0","0","0","0"
"0x7fc1235b0df0","      UMOV UR19, UR7","0","0","0","8192","262144","262144","32","32","0","0","0","-","-","-","0","0","0","0","0","0","0","0","0","-","0","0","0","0","0","0","0","0","0","0","0","0","0","0","0","0","0","0","0","0","0","0","0","0","0","0","0","0","0","0","0","0","0","0","0","0","0","0","0","0"
"0x7fc1235b0e00","      UMOV UR15, UR7","1","1","1","8192","262144","262144","32","32","0","0","0","-","-","-","0","0","0","0","0","0","0","0","0","-","0","0","0","0","0","0","0","0","0","0","0","0","0","0","0","0","1","0","0","0","0","0","0","0","0","0","0","0","0","0","0","0","0","1","0","0","0","0","0","0"
"0x7fc1235b0e10","      UMOV UR13, UR5","0","0","0","8192","262144","262144","32","32","0","0","0","-","-","-","0","0","0","0","0","0","0","0","0","-","0","0","0","0","0","0","0","0","0","0","0","0","0","0","0","0","0","0","0","0","0","0","0","0","0","0","0","0","0","0","0","0","0","0","0","0","0","0","0","0"
"0x7fc1235b0e20","      UTMALDG.2D [UR20], [UR10]","0","0","0","8192","262144","262144","32","32","0","0","0","Global,Shared","-","-","0","0","0","0","0","0","0","0","0","-","0","0","0","0","0","0","0","0","0","0","0","0","0","0","0","0","0","0","0","0","0","0","0","0","0","0","0","0","0","0","0","0","0","0","0","0","0","0","0","0"
"0x7fc1235b0e30","      UTMALDG.2D [UR24], [UR10]","4","3","4","8192","262144","262144","32","32","0","0","0","Global,Shared","-","-","0","0","0","0","0","0","0","0","0","-","0","0","0","0","0","0","0","0","0","0","0","0","0","0","4","0","0","0","0","0","0","0","0","0","0","0","0","0","0","0","0","3","0","0","0","0","0","0","0","0"
"0x7fc1235b0e40","      UTMALDG.2D [UR16], [UR10]","2","0","2","8192","262144","262144","32","32","0","0","0","Global,Shared","-","-","0","0","0","0","0","0","0","0","0","-","0","0","0","0","0","0","0","0","0","0","0","0","0","0","2","0","0","0","0","0","0","0","0","0","0","0","0","0","0","0","0","0","0","0","0","0","0","0","0","0"
"0x7fc1235b0e50","      UTMALDG.2D [UR12], [UR8]","9","9","9","8192","262144","262144","32","32","0","0","0","Global,Shared","-","-","0","0","0","0","0","0","0","0","0","-","0","0","0","0","0","0","0","0","0","0","0","0","0","0","9","0","0","0","0","0","0","0","0","0","0","0","0","0","0","0","0","9","0","0","0","0","0","0","0","0"
"0x7fc1235b0e60","      NOP","1","0","1","8192","262144","262144","32","32","0","0","0","-","-","-","0","0","0","0","0","0","0","0","0","-","0","0","0","0","0","0","0","0","0","0","0","0","0","0","0","0","0","0","1","0","0","0","0","0","0","0","0","0","0","0","0","0","0","0","0","0","0","0","0","0"
"0x7fc1235b0e70","      SYNCS.PHASECHK.TRANS64.TRYWAIT P0, [UR4+0x2f938], R3","35","27","35","65536","2097152","2097152","32","32","0","0","0","-","-","-","0","0","0","0","0","0","0","0","0","-","0","0","0","0","0","0","0","4","0","0","0","0","0","0","0","0","28","3","0","0","0","0","0","0","4","0","0","0","0","0","0","0","0","23","0","0","0","0","0","0"
"0x7fc1235b0e80","@!P0  BRA 0x7fc1235b3530","2811","2695","2811","65536","2097152","1835008","32","28","4","4","0","-","-","-","0","0","0","0","0","0","0","0","0","-","0","0","0","0","0","0","0","0","0","0","0","2801","0","0","0","0","8","0","1","0","0","0","1","0","0","0","0","0","2687","0","0","0","0","7","0","0","0","0","0","1"
"0x7fc1235b0e90","      LDL R0, [R1+0x4]","8","2","8","65536","2097152","2097152","32","32","4","0","0","Local","Load","32","0","0","0","0","0","0","0","0","262144","-","0","0","0","0","0","0","0","0","0","0","0","0","0","0","0","0","0","0","0","0","0","0","8","0","0","0","0","0","0","0","0","0","0","0","0","0","0","0","0","2"
"0x7fc1235b0ea0","      LDCU.64 UR6, c[0x0][0x398]","1","0","1","65536","2097152","2097152","32","32","0","0","0","-","-","-","0","0","0","0","0","0","0","0","0","-","0","0","0","0","0","0","0","0","0","0","0","0","0","0","0","0","0","0","1","0","0","0","0","0","0","0","0","0","0","0","0","0","0","0","0","0","0","0","0","0"
"0x7fc1235b0eb0","      LDS R184, [UR4+0x2f940]","6","1","6","65536","2097152","2097152","32","32","0","0","0","Shared","Load","32","0","1","0","65536","65536","0","0","0","0","-","0","0","0","0","0","0","0","0","0","0","0","0","0","0","0","0","0","0","5","0","0","0","1","0","0","0","0","0","0","0","0","0","0","0","0","0","0","0","0","1"
"0x7fc1235b0ec0","      LDCU.64 UR8, c[0x0][0x358]","0","0","0","65536","2097152","2097152","32","32","0","0","0","-","-","-","0","0","0","0","0","0","0","0","0","-","0","0","0","0","0","0","0","0","0","0","0","0","0","0","0","0","0","0","0","0","0","0","0","0","0","0","0","0","0","0","0","0","0","0","0","0","0","0","0","0"
"0x7fc1235b0ed0","      R2UR UR5, R0","45","37","45","65536","2097152","2097152","32","32","0","0","0","-","-","-","0","0","0","0","0","0","0","0","0","-","0","0","0","0","0","0","0","0","0","0","0","44","0","0","0","0","0","0","1","0","0","0","0","0","0","0","0","0","37","0","0","0","0","0","0","0","0","0","0","0"
"0x7fc1235b0ee0","      UIMAD.WIDE.U32 UR6, UR5, 0x4, UR6","29","21","29","65536","2097152","2097152","32","32","0","0","0","-","-","-","0","0","0","0","0","0","0","0","0","-","0","0","0","0","0","0","0","0","0","0","0","0","0","0","0","0","0","0","2","0","0","0","27","0","0","0","0","0","0","0","0","0","0","0","0","0","0","0","0","21"
"0x7fc1235b0ef0","      IMAD.U32 R176, RZ, RZ, UR6","6","4","6","65536","2097152","2097152","32","32","0","0","0","-","-","-","0","0","0","0","0","0","0","0","0","-","0","0","0","0","0","0","0","0","0","0","0","0","0","0","0","0","0","0","0","0","0","0","6","0","0","0","0","0","0","0","0","0","0","0","0","0","0","0","0","4"
"0x7fc1235b0f00","      IMAD.U32 R177, RZ, RZ, UR7","3","1","3","65536","2097152","2097152","32","32","0","0","0","-","-","-","0","0","0","0","0","0","0","0","0","-","0","0","0","0","0","0","0","0","0","0","0","0","0","0","0","0","0","0","2","0","0","0","1","0","0","0","0","0","0","0","0","0","0","0","0","0","0","0","0","1"
"0x7fc1235b0f10","      LDG.E R3, desc[UR8][R176.64]","6","4","6","65536","2097152","2097152","32","32","0","0","0","Global","Load","32","65536","0","0","0","0","0","65536","65536","0","","0","0","0","0","0","0","0","0","0","0","0","0","0","0","0","0","0","1","1","0","0","0","4","0","0","0","0","0","0","0","0","0","0","0","0","0","0","0","0","4"
"0x7fc1235b0f20","      IMAD.MOV.U32 R163, RZ, RZ, RZ","2","0","2","65536","2097152","2097152","32","32","0","0","0","-","-","-","0","0","0","0","0","0","0","0","0","-","0","0","0","0","0","0","0","0","0","0","0","0","0","0","0","0","0","0","2","0","0","0","0","0","0","0","0","0","0","0","0","0","0","0","0","0","0","0","0","0"
"0x7fc1235b0f30","      SHF.R.S32.HI R0, RZ, 0x1f, R3","45","37","45","65536","2097152","2097152","32","32","0","0","0","-","-","-","0","0","0","0","0","0","0","0","0","-","0","0","0","0","0","0","0","0","0","0","0","42","0","0","0","0","0","0","3","0","0","0","0","0","0","0","0","0","37","0","0","0","0","0","0","0","0","0","0","0"
"0x7fc1235b0f40","      LEA.HI R183, R0, R3, RZ, 0x7","7","4","7","65536","2097152","2097152","32","32","0","0","0","-","-","-","0","0","0","0","0","0","0","0","0","-","0","0","0","0","0","0","0","0","0","0","0","0","3","0","0","0","0","1","1","0","0","0","2","0","0","0","0","0","0","3","0","0","0","0","0","0","0","0","0","1"
"0x7fc1235b0f50","      LOP3.LUT R0, R183, 0xffffff80, RZ, 0xc0, !PT","11","8","11","65536","2097152","2097152","32","32","0","0","0","-","-","-","0","0","0","0","0","0","0","0","0","-","0","0","0","0","0","0","0","0","0","0","0","0","1","0","0","0","0","1","1","0","0","0","8","0","0","0","0","0","0","1","0","0","0","0","0","0","0","0","0","7"
"0x7fc1235b0f60","      ISETP.NE.U32.AND P0, PT, R3, R0, PT","4","4","4","65536","2097152","2097152","32","32","0","0","0","-","-","-","0","0","0","0","0","0","0","0","0","-","0","0","0","0","0","0","0","0","0","0","0","0","2","0","0","0","0","0","0","0","0","0","2","0","0","0","0","0","0","2","0","0","0","0","0","0","0","0","0","2"
"0x7fc1235b0f70","      SHF.R.S32.HI R0, RZ, 0x7, R183","3","2","3","65536","2097152","2097152","32","32","0","0","0","-","-","-","0","0","0","0","0","0","0","0","0","-","0","0","0","0","0","0","0","0","0","0","0","0","0","0","0","0","0","0","1","0","0","0","2","0","0","0","0","0","0","0","0","0","0","0","0","0","0","0","0","2"
"0x7fc1235b0f80","      ISETP.GT.AND P0, PT, R3, -0x1, P0","2","2","2","65536","2097152","2097152","32","32","0","0","0","-","-","-","0","0","0","0","0","0","0","0","0","-","0","0","0","0","0","0","0","0","0","0","0","0","0","0","0","0","0","0","0","0","0","0","2","0","0","0","0","0","0","0","0","0","0","0","0","0","0","0","0","2"
"0x7fc1235b0f90","      LEA.HI.SX32 R183, R183, 0x1, 0x19","1","1","1","65536","2097152","2097152","32","32","0","0","0","-","-","-","0","0","0","0","0","0","0","0","0","-","0","0","0","0","0","0","0","0","0","0","0","0","0","0","0","0","0","0","0","0","0","0","1","0","0","0","0","0","0","0","0","0","0","0","0","0","0","0","0","1"
"0x7fc1235b0fa0","@!P0  IMAD.MOV R183, RZ, RZ, R0","16","12","16","65536","2097152","2097152","32","32","0","0","0","-","-","-","0","0","0","0","0","0","0","0","0","-","0","0","0","0","0","0","0","0","0","0","0","0","0","0","0","0","0","0","2","0","0","0","14","0","0","0","0","0","0","0","0","0","0","0","0","0","0","0","0","12"
"0x7fc1235b0fb0","      ISETP.GE.AND P0, PT, R183, 0x1, PT","9","3","9","65536","2097152","2097152","32","32","0","0","0","-","-","-","0","0","0","0","0","0","0","0","0","-","0","0","0","0","0","0","0","0","0","0","0","0","0","0","0","0","0","0","5","0","0","0","4","0","0","0","0","0","0","0","0","0","0","0","0","0","0","0","0","3"
"0x7fc1235b0fc0","@!P0  BRA 0x7fc1235b2400","20","11","20","65536","2097152","0","32","0","32","32","0","-","-","-","0","0","0","0","0","0","0","0","0","-","0","0","0","0","0","0","0","0","0","0","0","0","0","0","0","0","0","0","4","0","0","0","16","0","0","0","0","0","0","0","0","0","0","0","0","0","0","0","0","11"
"0x7fc1235b0fd0","      LEA.HI R180, R168, R168, RZ, 0x1","7","5","7","65536","2097152","2097152","32","32","32","0","0","-","-","-","0","0","0","0","0","0","0","0","0","-","0","0","0","0","0","0","0","0","0","0","0","0","0","0","0","0","0","0","2","0","0","0","5","0","0","0","0","0","0","0","0","0","0","0","0","0","0","0","0","5"
"0x7fc1235b0fe0","      HFMA2 R163, -RZ, RZ, 0, 0","2","0","2","65536","2097152","2097152","32","32","0","0","0","-","-","-","0","0","0","0","0","0","0","0","0","-","0","0","0","0","0","0","0","0","0","0","0","0","0","0","0","0","0","0","2","0","0","0","0","0","0","0","0","0","0","0","0","0","0","0","0","0","0","0","0","0"
"0x7fc1235b0ff0","      IMAD.IADD R182, R173, 0x1, R184","2","0","2","65536","2097152","2097152","32","32","0","0","0","-","-","-","0","0","0","0","0","0","0","0","0","-","0","0","0","0","0","0","0","0","0","0","0","0","0","0","0","0","0","0","1","0","0","0","1","0","0","0","0","0","0","0","0","0","0","0","0","0","0","0","0","0"
"0x7fc1235b1000","      UMOV UR6, URZ","1","0","1","65536","2097152","2097152","32","32","0","0","0","-","-","-","0","0","0","0","0","0","0","0","0","-","0","0","0","0","0","0","0","0","0","0","0","0","0","0","0","0","0","0","1","0","0","0","0","0","0","0","0","0","0","0","0","0","0","0","0","0","0","0","0","0"
"0x7fc1235b1010","      LOP3.LUT R179, R180, 0xfffffffe, RZ, 0xc0, !PT","1","0","1","65536","2097152","2097152","32","32","0","0","0","-","-","-","0","0","0","0","0","0","0","0","0","-","0","0","0","0","0","0","0","0","0","0","0","0","0","0","0","0","0","0","1","0","0","0","0","0","0","0","0","0","0","0","0","0","0","0","0","0","0","0","0","0"
"0x7fc1235b1020","      IMAD.IADD R181, R174, 0x1, R184","1","0","1","65536","2097152","2097152","32","32","0","0","0","-","-","-","0","0","0","0","0","0","0","0","0","-","0","0","0","0","0","0","0","0","0","0","0","0","0","0","0","0","0","0","1","0","0","0","0","0","0","0","0","0","0","0","0","0","0","0","0","0","0","0","0","0"
"0x7fc1235b1030","      SHF.R.S32.HI R180, RZ, 0x1, R180","0","0","0","65536","2097152","2097152","32","32","0","0","0","-","-","-","0","0","0","0","0","0","0","0","0","-","0","0","0","0","0","0","0","0","0","0","0","0","0","0","0","0","0","0","0","0","0","0","0","0","0","0","0","0","0","0","0","0","0","0","0","0","0","0","0","0"
"0x7fc1235b1040","      IMAD.MOV.U32 R39, RZ, RZ, -0xeb60d36","0","0","0","65536","2097152","2097152","32","32","0","0","0","-","-","-","0","0","0","0","0","0","0","0","0","-","0","0","0","0","0","0","0","0","0","0","0","0","0","0","0","0","0","0","0","0","0","0","0","0","0","0","0","0","0","0","0","0","0","0","0","0","0","0","0","0"
"0x7fc1235b1050","      IADD3 R179, PT, PT, -R179, R168, RZ","0","0","0","65536","2097152","2097152","32","32","0","0","0","-","-","-","0","0","0","0","0","0","0","0","0","-","0","0","0","0","0","0","0","0","0","0","0","0","0","0","0","0","0","0","0","0","0","0","0","0","0","0","0","0","0","0","0","0","0","0","0","0","0","0","0","0"
"0x7fc1235b1060","      VIADD R7, R168, UR6","404","307","404","1048576","33554432","33554432","32","32","0","0","0","-","-","-","0","0","0","0","0","0","0","0","0","-","0","0","0","0","0","0","0","50","0","0","0","0","9","0","0","0","316","15","4","0","0","0","10","0","32","0","0","0","0","2","0","0","0","271","0","0","0","0","0","2"
"0x7fc1235b1070","      IMAD.SHL.U32 R0, R180, 0x2, RZ","42","14","42","1048576","33554432","33554432","32","32","0","0","0","-","-","-","0","0","0","0","0","0","0","0","0","-","0","0","0","0","0","0","0","0","0","0","0","0","0","0","0","0","0","0","22","0","0","0","20","0","0","0","0","0","0","0","0","0","0","0","0","0","0","0","0","14"
"0x7fc1235b1080","      VIADD R5, R180, 0xffffffff","142","65","142","1048576","33554432","33554432","32","32","0","0","0","-","-","-","0","0","0","0","0","0","0","0","0","-","0","0","0","0","0","0","0","0","0","0","0","0","10","0","0","0","84","6","19","0","0","0","23","0","0","0","0","0","0","8","0","0","0","43","0","0","0","0","0","14"
"0x7fc1235b1090","      LEA.HI R2, R7, R7, RZ, 0x1","17","0","17","1048576","33554432","33554432","32","32","0","0","0","-","-","-","0","0","0","0","0","0","0","0","0","-","0","0","0","0","0","0","0","0","0","0","0","0","1","0","0","0","1","0","15","0","0","0","0","0","0","0","0","0","0","0","0","0","0","0","0","0","0","0","0","0"
"0x7fc1235b10a0","      ISETP.NE.U32.AND P0, PT, R7, R0, PT","62","11","62","1048576","33554432","33554432","32","32","0","0","0","-","-","-","0","0","0","0","0","0","0","0","0","-","0","0","0","0","0","0","0","0","0","0","0","0","4","0","0","0","0","4","23","0","0","0","31","0","0","0","0","0","0","1","0","0","0","0","0","0","0","0","0","10"
"0x7fc1235b10b0","      LOP3.LUT R2, R2, 0xfffffffe, RZ, 0xc0, !PT","68","15","68","1048576","33554432","33554432","32","32","0","0","0","-","-","-","0","0","0","0","0","0","0","0","0","-","0","0","0","0","0","0","0","0","0","0","0","0","6","0","0","0","0","10","30","0","0","0","22","0","0","0","0","0","0","4","0","0","0","0","0","0","0","0","0","11"
"0x7fc1235b10c0","      ISETP.LT.AND P0, PT, R7, RZ, P0","79","31","79","1048576","33554432","33554432","32","32","0","0","0","-","-","-","0","0","0","0","0","0","0","0","0","-","0","0","0","0","0","0","0","0","0","0","0","0","21","0","0","0","0","17","17","0","0","0","24","0","0","0","0","0","0","16","0","0","0","0","0","0","0","0","0","15"
"0x7fc1235b10d0","      IMAD.IADD R2, R7, 0x1, -R2","57","13","57","1048576","33554432","33554432","32","32","0","0","0","-","-","-","0","0","0","0","0","0","0","0","0","-","0","0","0","0","0","0","0","0","0","0","0","0","0","0","0","0","0","2","18","0","0","0","37","0","0","0","0","0","0","0","0","0","0","0","0","0","0","0","0","13"
"0x7fc1235b10e0","      LEA R178, R2, UR4, 0x3","134","55","134","1048576","33554432","33554432","32","32","0","0","0","-","-","-","0","0","0","0","0","0","0","0","0","-","0","0","0","0","0","0","0","0","0","0","0","0","20","0","0","0","0","13","22","0","0","0","79","0","0","0","0","0","0","14","0","0","0","0","0","0","0","0","0","41"
"0x7fc1235b10f0","      SHF.L.U32 R175, R2, 0x1f, RZ","45","7","45","1048576","33554432","33554432","32","32","0","0","0","-","-","-","0","0","0","0","0","0","0","0","0","-","0","0","0","0","0","0","0","0","0","0","0","0","0","0","0","0","0","0","27","0","0","0","18","0","0","0","0","0","0","0","0","0","0","0","0","0","0","0","0","7"
"0x7fc1235b1100","@!P0  IMAD.MOV R5, RZ, RZ, R180","54","17","54","1048576","33554432","33554432","32","32","0","0","0","-","-","-","0","0","0","0","0","0","0","0","0","-","0","0","0","0","0","0","0","0","0","0","0","0","2","0","0","0","2","1","17","0","0","0","32","0","0","0","0","0","0","0","0","0","0","0","0","0","0","0","0","17"
"0x7fc1235b1110","      LEA.HI R0, R5, R5, RZ, 0x1","118","54","118","1048576","33554432","33554432","32","32","0","0","0","-","-","-","0","0","0","0","0","0","0","0","0","-","0","0","0","0","0","0","0","0","0","0","0","0","9","0","0","0","0","13","15","0","0","0","81","0","0","0","0","0","0","7","0","0","0","0","0","0","0","0","0","47"
"0x7fc1235b1120","      LOP3.LUT R0, R0, 0xfffffffe, RZ, 0xc0, !PT","83","38","83","1048576","33554432","33554432","32","32","0","0","0","-","-","-","0","0","0","0","0","0","0","0","0","-","0","0","0","0","0","0","0","0","0","0","0","0","1","0","0","0","0","2","20","0","0","0","60","0","0","0","0","0","0","1","0","0","0","0","0","0","0","0","0","37"
"0x7fc1235b1130","      IMAD.IADD R0, R5, 0x1, -R0","115","44","115","1048576","33554432","33554432","32","32","0","0","0","-","-","-","0","0","0","0","0","0","0","0","0","-","0","0","0","0","0","0","0","0","0","0","0","0","3","0","0","0","0","13","24","0","0","0","75","0","0","0","0","0","0","2","0","0","0","0","0","0","0","0","0","42"
"0x7fc1235b1140","      SHF.L.U32 R3, R0, 0x1f, RZ","105","31","105","1048576","33554432","33554432","32","32","0","0","0","-","-","-","0","0","0","0","0","0","0","0","0","-","0","0","0","0","0","0","0","0","0","0","0","0","7","0","0","0","0","4","21","0","0","0","73","0","0","0","0","0","0","7","0","0","0","0","0","0","0","0","0","24"
"0x7fc1235b1150","      IMAD R0, R2, 0x4, R167","25","0","25","1048576","33554432","33554432","32","32","0","0","0","-","-","-","0","0","0","0","0","0","0","0","0","-","0","0","0","0","0","0","0","0","0","0","0","0","0","0","0","0","0","0","25","0","0","0","0","0","0","0","0","0","0","0","0","0","0","0","0","0","0","0","0","0"
"0x7fc1235b1160","      SYNCS.PHASECHK.TRANS64.TRYWAIT P0, [R178+URZ+0x2f948], R3","72","15","72","1048576","33554432","33554432","32","32","0","0","0","-","-","-","0","0","0","0","0","0","0","0","0","-","0","0","0","0","0","0","0","0","0","0","0","0","0","0","0","0","0","5","21","0","0","0","46","0","0","0","0","0","0","0","0","0","0","0","0","0","0","0","0","15"
"0x7fc1235b1170","      LEA R0, R0, UR4, 0x2","41","11","41","1048576","33554432","33554432","32","32","0","0","0","-","-","-","0","0","0","0","0","0","0","0","0","-","0","0","0","0","0","0","0","0","1","0","0","0","4","0","0","0","0","7","18","0","0","0","11","0","0","1","0","0","0","4","0","0","0","0","0","0","0","0","0","6"
"0x7fc1235b1180","@!P0  BRA 0x7fc1235b3580","988","769","988","1048576","33554432","75776","32","0","32","32","0","-","-","-","0","0","0","0","0","0","0","0","0","-","0","0","0","0","0","0","0","0","2","0","0","954","0","0","0","0","0","10","22","0","0","0","0","0","0","0","0","0","769","0","0","0","0","0","0","0","0","0","0","0"
"0x7fc1235b1190","      NOP","128","82","128","1048576","33554432","33554432","32","32","32","0","0","-","-","-","0","0","0","0","0","0","0","0","0","-","0","0","0","0","0","0","0","0","1","0","0","0","0","0","0","0","0","2","28","0","0","0","97","0","0","0","0","0","0","0","0","0","0","0","0","0","0","0","0","82"
"0x7fc1235b11a0","      LDS R2, [R0+0x2f900]","16","0","16","1048576","33554432","33554432","32","32","0","0","0","Shared","Load","32","0","1","0","1048576","1048576","0","0","0","0","-","0","0","0","0","0","0","0","0","0","0","0","0","0","0","0","0","0","0","16","0","0","0","0","0","0","0","0","0","0","0","0","0","0","0","0","0","0","0","0","0"
"0x7fc1235b11b0","      SYNCS.PHASECHK.TRANS64.TRYWAIT P1, [UR4+0x2f920], R175","20","0","20","1048576","33554432","33554432","32","32","0","0","0","-","-","-","0","0","0","0","0","0","0","0","0","-","0","0","0","0","0","0","0","0","0","0","0","0","0","0","0","0","0","0","20","0","0","0","0","0","0","0","0","0","0","0","0","0","0","0","0","0","0","0","0","0"
"0x7fc1235b11c0","      ISETP.NE.U32.AND P0, PT, R2, -0x1, PT","563","239","563","1048576","33554432","33554432","32","32","0","0","0","-","-","-","0","0","0","0","0","0","0","0","0","-","0","0","0","0","0","0","0","0","20","0","0","0","7","0","0","0","0","55","25","456","0","0","0","0","0","0","0","0","0","3","0","0","0","0","0","0","236","0","0","0"
"0x7fc1235b11d0","      SEL R36, RZ, 0x1, !P0","115","42","115","1048576","33554432","33554432","32","32","0","0","0","-","-","-","0","0","0","0","0","0","0","0","0","-","0","0","0","0","0","0","0","0","5","0","0","0","0","0","0","0","0","24","26","0","0","0","60","0","0","0","0","0","0","0","0","0","0","0","0","0","0","0","0","42"
"0x7fc1235b11e0","@!P1  BRA 0x7fc1235b35d0","13432","9702","13432","1048576","33554432","33554432","32","32","0","0","0","-","-","-","0","0","0","0","0","0","0","0","0","-","0","0","0","0","0","0","0","0","1","0","0","13355","0","0","0","0","0","61","15","0","0","0","0","0","0","0","0","0","9702","0","0","0","0","0","0","0","0","0","0","0"
"0x7fc1235b11f0","      R2UR UR5, R181","193","90","193","1048576","33554432","33554432","32","32","0","0","0","-","-","-","0","0","0","0","0","0","0","0","0","-","0","0","0","0","0","0","0","0","1","0","0","0","1","0","0","0","0","24","24","0","0","0","143","0","0","0","0","0","0","1","0","0","0","0","0","0","0","0","0","89"
"0x7fc1235b1200","      IMAD.SHL.U32 R36, R36, 0x4, RZ","17","0","17","1048576","33554432","33554432","32","32","0","0","0","-","-","-","0","0","0","0","0","0","0","0","0","-","0","0","0","0","0","0","0","0","0","0","0","0","0","0","0","0","0","0","17","0","0","0","0","0","0","0","0","0","0","0","0","0","0","0","0","0","0","0","0","0"
"0x7fc1235b1210","      NOP","19","0","19","1048576","33554432","33554432","32","32","0","0","0","-","-","-","0","0","0","0","0","0","0","0","0","-","0","0","0","0","0","0","0","0","0","0","0","0","0","0","0","0","0","0","19","0","0","0","0","0","0","0","0","0","0","0","0","0","0","0","0","0","0","0","0","0"
"0x7fc1235b1220","      LDC R36, c[0x2][R36]","150","34","150","1048576","33554432","33554432","32","32","0","0","0","-","-","-","0","0","0","0","0","0","0","0","0","-","0","0","0","0","0","0","0","0","4","0","0","0","0","0","0","0","0","37","21","0","0","0","88","0","0","0","0","0","0","0","0","0","0","0","0","0","0","0","0","34"
"0x7fc1235b1230","      LDTM.STAT.x32.MAX.F32.NAN R42, R4, tmem[UR5]","145","59","145","1048576","33554432","33554432","32","32","0","0","0","Tmem","Load","-","0","0","0","0","0","0","0","0","0","-","0","0","0","0","0","0","0","0","1","0","0","0","0","0","0","0","0","21","15","0","0","0","108","0","0","0","0","0","0","0","0","0","0","0","0","0","0","0","0","59"
"0x7fc1235b1240","      NOP","14","0","14","1048576","33554432","33554432","32","32","0","0","0","-","-","-","0","0","0","0","0","0","0","0","0","-","0","0","0","0","0","0","0","0","0","0","0","0","0","0","0","0","0","0","14","0","0","0","0","0","0","0","0","0","0","0","0","0","0","0","0","0","0","0","0","0"
"0x7fc1235b1250","      FMNMX R42, R42, R39, !PT","708","460","708","1048576","33554432","33554432","32","32","0","0","0","-","-","-","0","0","0","0","0","0","0","0","0","-","0","0","0","0","0","0","0","0","5","0","0","0","6","0","0","0","0","37","10","650","0","0","0","0","0","0","0","0","0","5","0","0","0","0","0","0","455","0","0","0"
"0x7fc1235b1260","      SHF.R.S32.HI R37, RZ, 0x1f, R36","66","38","66","1048576","33554432","33554432","32","32","0","0","0","-","-","-","0","0","0","0","0","0","0","0","0","-","0","0","0","0","0","0","0","0","2","0","0","0","6","0","0","0","0","8","15","18","0","0","17","0","0","0","0","0","0","6","0","0","0","0","0","0","16","0","0","16"
"0x7fc1235b1270","      BRX R36, -0x3900","137","53","137","1048576","33554432","33554432","32","32","0","0","0","-","-","-","0","0","0","0","0","0","0","0","0","-","0","0","0","0","0","0","0","0","2","0","0","0","0","0","0","0","0","50","24","0","0","0","61","0","0","0","0","0","0","0","0","0","0","0","0","0","0","0","0","53"
"0x7fc1235b1280","      R2P PR, R2, 0x7f","713","451","713","0","0","0","0","0","32","32","0","-","-","-","0","0","0","0","0","0","0","0","0","-","0","0","0","0","0","0","0","625","0","0","0","0","0","0","0","0","0","0","13","0","0","0","75","0","391","0","0","0","0","0","0","0","0","0","0","0","0","0","0","60"
"0x7fc1235b1290","      SEL R4, R4, 0xf149f2ca, P0","0","0","0","0","0","0","0","0","0","32","0","-","-","-","0","0","0","0","0","0","0","0","0","-","0","0","0","0","0","0","0","0","0","0","0","0","0","0","0","0","0","0","0","0","0","0","0","0","0","0","0","0","0","0","0","0","0","0","0","0","0","0","0","0"
"0x7fc1235b12a0","      SEL R5, R5, 0xf149f2ca, P1","0","0","0","0","0","0","0","0","0","32","0","-","-","-","0","0","0","0","0","0","0","0","0","-","0","0","0","0","0","0","0","0","0","0","0","0","0","0","0","0","0","0","0","0","0","0","0","0","0","0","0","0","0","0","0","0","0","0","0","0","0","0","0","0"
"0x7fc1235b12b0","      SEL R6, R6, 0xf149f2ca, P2","0","0","0","0","0","0","0","0","0","32","0","-","-","-","0","0","0","0","0","0","0","0","0","-","0","0","0","0","0","0","0","0","0","0","0","0","0","0","0","0","0","0","0","0","0","0","0","0","0","0","0","0","0","0","0","0","0","0","0","0","0","0","0","0"
"0x7fc1235b12c0","      SEL R7, R7, 0xf149f2ca, P3","0","0","0","0","0","0","0","0","0","32","0","-","-","-","0","0","0","0","0","0","0","0","0","-","0","0","0","0","0","0","0","0","0","0","0","0","0","0","0","0","0","0","0","0","0","0","0","0","0","0","0","0","0","0","0","0","0","0","0","0","0","0","0","0"
"0x7fc1235b12d0","      LOP3.LUT P0, RZ, R2, 0x80, RZ, 0xc0, !PT","0","0","0","0","0","0","0","0","0","32","0","-","-","-","0","0","0","0","0","0","0","0","0","-","0","0","0","0","0","0","0","0","0","0","0","0","0","0","0","0","0","0","0","0","0","0","0","0","0","0","0","0","0","0","0","0","0","0","0","0","0","0","0","0"
"0x7fc1235b12e0","      LOP3.LUT P1, RZ, R2, 0x8000, RZ, 0xc0, !PT","0","0","0","0","0","0","0","0","0","32","0","-","-","-","0","0","0","0","0","0","0","0","0","-","0","0","0","0","0","0","0","0","0","0","0","0","0","0","0","0","0","0","0","0","0","0","0","0","0","0","0","0","0","0","0","0","0","0","0","0","0","0","0","0"
"0x7fc1235b12f0","      LOP3.LUT P2, RZ, R2, 0x800000, RZ, 0xc0, !PT","0","0","0","0","0","0","0","0","0","32","0","-","-","-","0","0","0","0","0","0","0","0","0","-","0","0","0","0","0","0","0","0","0","0","0","0","0","0","0","0","0","0","0","0","0","0","0","0","0","0","0","0","0","0","0","0","0","0","0","0","0","0","0","0"
"0x7fc1235b1300","      LOP3.LUT P3, RZ, R2, 0x80000000, RZ, 0xc0, !PT","0","0","0","0","0","0","0","0","0","32","0","-","-","-","0","0","0","0","0","0","0","0","0","-","0","0","0","0","0","0","0","0","0","0","0","0","0","0","0","0","0","0","0","0","0","0","0","0","0","0","0","0","0","0","0","0","0","0","0","0","0","0","0","0"
"0x7fc1235b1310","      SEL R8, R8, 0xf149f2ca, P4","0","0","0","0","0","0","0","0","0","32","0","-","-","-","0","0","0","0","0","0","0","0","0","-","0","0","0","0","0","0","0","0","0","0","0","0","0","0","0","0","0","0","0","0","0","0","0","0","0","0","0","0","0","0","0","0","0","0","0","0","0","0","0","0"
"0x7fc1235b1320","      SEL R9, R9, 0xf149f2ca, P5","0","0","0","0","0","0","0","0","0","32","0","-","-","-","0","0","0","0","0","0","0","0","0","-","0","0","0","0","0","0","0","0","0","0","0","0","0","0","0","0","0","0","0","0","0","0","0","0","0","0","0","0","0","0","0","0","0","0","0","0","0","0","0","0"
"0x7fc1235b1330","      SEL R10, R10, 0xf149f2ca, P6","0","0","0","0","0","0","0","0","0","32","0","-","-","-","0","0","0","0","0","0","0","0","0","-","0","0","0","0","0","0","0","0","0","0","0","0","0","0","0","0","0","0","0","0","0","0","0","0","0","0","0","0","0","0","0","0","0","0","0","0","0","0","0","0"
"0x7fc1235b1340","      SEL R11, R11, 0xf149f2ca, P0","0","0","0","0","0","0","0","0","0","32","0","-","-","-","0","0","0","0","0","0","0","0","0","-","0","0","0","0","0","0","0","0","0","0","0","0","0","0","0","0","0","0","0","0","0","0","0","0","0","0","0","0","0","0","0","0","0","0","0","0","0","0","0","0"
"0x7fc1235b1350","      SEL R19, R19, 0xf149f2ca, P1","0","0","0","0","0","0","0","0","0","32","0","-","-","-","0","0","0","0","0","0","0","0","0","-","0","0","0","0","0","0","0","0","0","0","0","0","0","0","0","0","0","0","0","0","0","0","0","0","0","0","0","0","0","0","0","0","0","0","0","0","0","0","0","0"
"0x7fc1235b1360","      SEL R27, R27, 0xf149f2ca, P2","0","0","0","0","0","0","0","0","0","32","0","-","-","-","0","0","0","0","0","0","0","0","0","-","0","0","0","0","0","0","0","0","0","0","0","0","0","0","0","0","0","0","0","0","0","0","0","0","0","0","0","0","0","0","0","0","0","0","0","0","0","0","0","0"
"0x7fc1235b1370","      SEL R35, R35, 0xf149f2ca, P3","0","0","0","0","0","0","0","0","0","32","0","-","-","-","0","0","0","0","0","0","0","0","0","-","0","0","0","0","0","0","0","0","0","0","0","0","0","0","0","0","0","0","0","0","0","0","0","0","0","0","0","0","0","0","0","0","0","0","0","0","0","0","0","0"
"0x7fc1235b1380","      R2P PR, R2.B1, 0x7f","0","0","0","0","0","0","0","0","0","32","0","-","-","-","0","0","0","0","0","0","0","0","0","-","0","0","0","0","0","0","0","0","0","0","0","0","0","0","0","0","0","0","0","0","0","0","0","0","0","0","0","0","0","0","0","0","0","0","0","0","0","0","0","0"
"0x7fc1235b1390","      FMNMX3.NAN R36, R4, R5, R6, !PT","0","0","0","0","0","0","0","0","0","32","0","-","-","-","0","0","0","0","0","0","0","0","0","-","0","0","0","0","0","0","0","0","0","0","0","0","0","0","0","0","0","0","0","0","0","0","0","0","0","0","0","0","0","0","0","0","0","0","0","0","0","0","0","0"
"0x7fc1235b13a0","      FMNMX3.NAN R3, R7, R8, R9, !PT","0","0","0","0","0","0","0","0","0","32","0","-","-","-","0","0","0","0","0","0","0","0","0","-","0","0","0","0","0","0","0","0","0","0","0","0","0","0","0","0","0","0","0","0","0","0","0","0","0","0","0","0","0","0","0","0","0","0","0","0","0","0","0","0"
"0x7fc1235b13b0","      SEL R12, R12, 0xf149f2ca, P0","0","0","0","0","0","0","0","0","0","32","0","-","-","-","0","0","0","0","0","0","0","0","0","-","0","0","0","0","0","0","0","0","0","0","0","0","0","0","0","0","0","0","0","0","0","0","0","0","0","0","0","0","0","0","0","0","0","0","0","0","0","0","0","0"
"0x7fc1235b13c0","      SEL R13, R13, 0xf149f2ca, P1","0","0","0","0","0","0","0","0","0","32","0","-","-","-","0","0","0","0","0","0","0","0","0","-","0","0","0","0","0","0","0","0","0","0","0","0","0","0","0","0","0","0","0","0","0","0","0","0","0","0","0","0","0","0","0","0","0","0","0","0","0","0","0","0"
"0x7fc1235b13d0","      SEL R14, R14, 0xf149f2ca, P2","0","0","0","0","0","0","0","0","0","32","0","-","-","-","0","0","0","0","0","0","0","0","0","-","0","0","0","0","0","0","0","0","0","0","0","0","0","0","0","0","0","0","0","0","0","0","0","0","0","0","0","0","0","0","0","0","0","0","0","0","0","0","0","0"
"0x7fc1235b13e0","      SEL R15, R15, 0xf149f2ca, P3","0","0","0","0","0","0","0","0","0","32","0","-","-","-","0","0","0","0","0","0","0","0","0","-","0","0","0","0","0","0","0","0","0","0","0","0","0","0","0","0","0","0","0","0","0","0","0","0","0","0","0","0","0","0","0","0","0","0","0","0","0","0","0","0"
"0x7fc1235b13f0","      SEL R16, R16, 0xf149f2ca, P4","0","0","0","0","0","0","0","0","0","32","0","-","-","-","0","0","0","0","0","0","0","0","0","-","0","0","0","0","0","0","0","0","0","0","0","0","0","0","0","0","0","0","0","0","0","0","0","0","0","0","0","0","0","0","0","0","0","0","0","0","0","0","0","0"
"0x7fc1235b1400","      SEL R17, R17, 0xf149f2ca, P5","0","0","0","0","0","0","0","0","0","32","0","-","-","-","0","0","0","0","0","0","0","0","0","-","0","0","0","0","0","0","0","0","0","0","0","0","0","0","0","0","0","0","0","0","0","0","0","0","0","0","0","0","0","0","0","0","0","0","0","0","0","0","0","0"
"0x7fc1235b1410","      SEL R18, R18, 0xf149f2ca, P6","0","0","0","0","0","0","0","0","0","32","0","-","-","-","0","0","0","0","0","0","0","0","0","-","0","0","0","0","0","0","0","0","0","0","0","0","0","0","0","0","0","0","0","0","0","0","0","0","0","0","0","0","0","0","0","0","0","0","0","0","0","0","0","0"
"0x7fc1235b1420","      R2P PR, R2.B2, 0x7f","0","0","0","0","0","0","0","0","0","32","0","-","-","-","0","0","0","0","0","0","0","0","0","-","0","0","0","0","0","0","0","0","0","0","0","0","0","0","0","0","0","0","0","0","0","0","0","0","0","0","0","0","0","0","0","0","0","0","0","0","0","0","0","0"
"0x7fc1235b1430","      FMNMX3.NAN R0, R10, R11, R12, !PT","0","0","0","0","0","0","0","0","0","32","0","-","-","-","0","0","0","0","0","0","0","0","0","-","0","0","0","0","0","0","0","0","0","0","0","0","0","0","0","0","0","0","0","0","0","0","0","0","0","0","0","0","0","0","0","0","0","0","0","0","0","0","0","0"
"0x7fc1235b1440","      FMNMX3.NAN R42, R13, R14, R15, !PT","0","0","0","0","0","0","0","0","0","32","0","-","-","-","0","0","0","0","0","0","0","0","0","-","0","0","0","0","0","0","0","0","0","0","0","0","0","0","0","0","0","0","0","0","0","0","0","0","0","0","0","0","0","0","0","0","0","0","0","0","0","0","0","0"
"0x7fc1235b1450","      SEL R20, R20, 0xf149f2ca, P0","0","0","0","0","0","0","0","0","0","32","0","-","-","-","0","0","0","0","0","0","0","0","0","-","0","0","0","0","0","0","0","0","0","0","0","0","0","0","0","0","0","0","0","0","0","0","0","0","0","0","0","0","0","0","0","0","0","0","0","0","0","0","0","0"
"0x7fc1235b1460","      SEL R21, R21, 0xf149f2ca, P1","0","0","0","0","0","0","0","0","0","32","0","-","-","-","0","0","0","0","0","0","0","0","0","-","0","0","0","0","0","0","0","0","0","0","0","0","0","0","0","0","0","0","0","0","0","0","0","0","0","0","0","0","0","0","0","0","0","0","0","0","0","0","0","0"
"0x7fc1235b1470","      SEL R22, R22, 0xf149f2ca, P2","0","0","0","0","0","0","0","0","0","32","0","-","-","-","0","0","0","0","0","0","0","0","0","-","0","0","0","0","0","0","0","0","0","0","0","0","0","0","0","0","0","0","0","0","0","0","0","0","0","0","0","0","0","0","0","0","0","0","0","0","0","0","0","0"
"0x7fc1235b1480","      SEL R23, R23, 0xf149f2ca, P3","0","0","0","0","0","0","0","0","0","32","0","-","-","-","0","0","0","0","0","0","0","0","0","-","0","0","0","0","0","0","0","0","0","0","0","0","0","0","0","0","0","0","0","0","0","0","0","0","0","0","0","0","0","0","0","0","0","0","0","0","0","0","0","0"
"0x7fc1235b1490","      SEL R24, R24, 0xf149f2ca, P4","0","0","0","0","0","0","0","0","0","32","0","-","-","-","0","0","0","0","0","0","0","0","0","-","0","0","0","0","0","0","0","0","0","0","0","0","0","0","0","0","0","0","0","0","0","0","0","0","0","0","0","0","0","0","0","0","0","0","0","0","0","0","0","0"
"0x7fc1235b14a0","      SEL R25, R25, 0xf149f2ca, P5","0","0","0","0","0","0","0","0","0","32","0","-","-","-","0","0","0","0","0","0","0","0","0","-","0","0","0","0","0","0","0","0","0","0","0","0","0","0","0","0","0","0","0","0","0","0","0","0","0","0","0","0","0","0","0","0","0","0","0","0","0","0","0","0"
"0x7fc1235b14b0","      SEL R26, R26, 0xf149f2ca, P6","0","0","0","0","0","0","0","0","0","32","0","-","-","-","0","0","0","0","0","0","0","0","0","-","0","0","0","0","0","0","0","0","0","0","0","0","0","0","0","0","0","0","0","0","0","0","0","0","0","0","0","0","0","0","0","0","0","0","0","0","0","0","0","0"
"0x7fc1235b14c0","      R2P PR, R2.B3, 0x7f","0","0","0","0","0","0","0","0","0","32","0","-","-","-","0","0","0","0","0","0","0","0","0","-","0","0","0","0","0","0","0","0","0","0","0","0","0","0","0","0","0","0","0","0","0","0","0","0","0","0","0","0","0","0","0","0","0","0","0","0","0","0","0","0"
"0x7fc1235b14d0","      FMNMX3.NAN R0, R36, R3, R0, !PT","0","0","0","0","0","0","0","0","0","32","0","-","-","-","0","0","0","0","0","0","0","0","0","-","0","0","0","0","0","0","0","0","0","0","0","0","0","0","0","0","0","0","0","0","0","0","0","0","0","0","0","0","0","0","0","0","0","0","0","0","0","0","0","0"
"0x7fc1235b14e0","      FMNMX3.NAN R41, R16, R17, R18, !PT","0","0","0","0","0","0","0","0","0","32","0","-","-","-","0","0","0","0","0","0","0","0","0","-","0","0","0","0","0","0","0","0","0","0","0","0","0","0","0","0","0","0","0","0","0","0","0","0","0","0","0","0","0","0","0","0","0","0","0","0","0","0","0","0"
"0x7fc1235b14f0","      SEL R31, R31, 0xf149f2ca, P3","0","0","0","0","0","0","0","0","0","32","0","-","-","-","0","0","0","0","0","0","0","0","0","-","0","0","0","0","0","0","0","0","0","0","0","0","0","0","0","0","0","0","0","0","0","0","0","0","0","0","0","0","0","0","0","0","0","0","0","0","0","0","0","0"
"0x7fc1235b1500","      SEL R32, R32, 0xf149f2ca, P4","0","0","0","0","0","0","0","0","0","32","0","-","-","-","0","0","0","0","0","0","0","0","0","-","0","0","0","0","0","0","0","0","0","0","0","0","0","0","0","0","0","0","0","0","0","0","0","0","0","0","0","0","0","0","0","0","0","0","0","0","0","0","0","0"
"0x7fc1235b1510","      SEL R33, R33, 0xf149f2ca, P5","0","0","0","0","0","0","0","0","0","32","0","-","-","-","0","0","0","0","0","0","0","0","0","-","0","0","0","0","0","0","0","0","0","0","0","0","0","0","0","0","0","0","0","0","0","0","0","0","0","0","0","0","0","0","0","0","0","0","0","0","0","0","0","0"
"0x7fc1235b1520","      SEL R34, R34, 0xf149f2ca, P6","0","0","0","0","0","0","0","0","0","32","0","-","-","-","0","0","0","0","0","0","0","0","0","-","0","0","0","0","0","0","0","0","0","0","0","0","0","0","0","0","0","0","0","0","0","0","0","0","0","0","0","0","0","0","0","0","0","0","0","0","0","0","0","0"
"0x7fc1235b1530","      SEL R28, R28, 0xf149f2ca, P0","0","0","0","0","0","0","0","0","0","32","0","-","-","-","0","0","0","0","0","0","0","0","0","-","0","0","0","0","0","0","0","0","0","0","0","0","0","0","0","0","0","0","0","0","0","0","0","0","0","0","0","0","0","0","0","0","0","0","0","0","0","0","0","0"
"0x7fc1235b1540","      SEL R29, R29, 0xf149f2ca, P1","0","0","0","0","0","0","0","0","0","32","0","-","-","-","0","0","0","0","0","0","0","0","0","-","0","0","0","0","0","0","0","0","0","0","0","0","0","0","0","0","0","0","0","0","0","0","0","0","0","0","0","0","0","0","0","0","0","0","0","0","0","0","0","0"
"0x7fc1235b1550","      SEL R30, R30, 0xf149f2ca, P2","0","0","0","0","0","0","0","0","0","32","0","-","-","-","0","0","0","0","0","0","0","0","0","-","0","0","0","0","0","0","0","0","0","0","0","0","0","0","0","0","0","0","0","0","0","0","0","0","0","0","0","0","0","0","0","0","0","0","0","0","0","0","0","0"
"0x7fc1235b1560","      FMNMX3.NAN R40, R19, R20, R21, !PT","0","0","0","0","0","0","0","0","0","32","0","-","-","-","0","0","0","0","0","0","0","0","0","-","0","0","0","0","0","0","0","0","0","0","0","0","0","0","0","0","0","0","0","0","0","0","0","0","0","0","0","0","0","0","0","0","0","0","0","0","0","0","0","0"
"0x7fc1235b1570","      FMNMX3.NAN R38, R22, R23, R24, !PT","0","0","0","0","0","0","0","0","0","32","0","-","-","-","0","0","0","0","0","0","0","0","0","-","0","0","0","0","0","0","0","0","0","0","0","0","0","0","0","0","0","0","0","0","0","0","0","0","0","0","0","0","0","0","0","0","0","0","0","0","0","0","0","0"
"0x7fc1235b1580","      FMNMX3.NAN R37, R25, R26, R27, !PT","0","0","0","0","0","0","0","0","0","32","0","-","-","-","0","0","0","0","0","0","0","0","0","-","0","0","0","0","0","0","0","0","0","0","0","0","0","0","0","0","0","0","0","0","0","0","0","0","0","0","0","0","0","0","0","0","0","0","0","0","0","0","0","0"
"0x7fc1235b1590","      FMNMX3.NAN R2, R31, R32, R33, !PT","0","0","0","0","0","0","0","0","0","32","0","-","-","-","0","0","0","0","0","0","0","0","0","-","0","0","0","0","0","0","0","0","0","0","0","0","0","0","0","0","0","0","0","0","0","0","0","0","0","0","0","0","0","0","0","0","0","0","0","0","0","0","0","0"
"0x7fc1235b15a0","      FMNMX3.NAN R3, R34, R35, R39, !PT","0","0","0","0","0","0","0","0","0","32","0","-","-","-","0","0","0","0","0","0","0","0","0","-","0","0","0","0","0","0","0","0","0","0","0","0","0","0","0","0","0","0","0","0","0","0","0","0","0","0","0","0","0","0","0","0","0","0","0","0","0","0","0","0"
"0x7fc1235b15b0","      FMNMX3.NAN R36, R28, R29, R30, !PT","0","0","0","0","0","0","0","0","0","32","0","-","-","-","0","0","0","0","0","0","0","0","0","-","0","0","0","0","0","0","0","0","0","0","0","0","0","0","0","0","0","0","0","0","0","0","0","0","0","0","0","0","0","0","0","0","0","0","0","0","0","0","0","0"
"0x7fc1235b15c0","      FMNMX3.NAN R40, R42, R41, R40, !PT","0","0","0","0","0","0","0","0","0","32","0","-","-","-","0","0","0","0","0","0","0","0","0","-","0","0","0","0","0","0","0","0","0","0","0","0","0","0","0","0","0","0","0","0","0","0","0","0","0","0","0","0","0","0","0","0","0","0","0","0","0","0","0","0"
"0x7fc1235b15d0","      FMNMX3.NAN R3, R2, R3, R0, !PT","0","0","0","0","0","0","0","0","0","32","0","-","-","-","0","0","0","0","0","0","0","0","0","-","0","0","0","0","0","0","0","0","0","0","0","0","0","0","0","0","0","0","0","0","0","0","0","0","0","0","0","0","0","0","0","0","0","0","0","0","0","0","0","0"
"0x7fc1235b15e0","      FMNMX3.NAN R36, R38, R37, R36, !PT","0","0","0","0","0","0","0","0","0","32","0","-","-","-","0","0","0","0","0","0","0","0","0","-","0","0","0","0","0","0","0","0","0","0","0","0","0","0","0","0","0","0","0","0","0","0","0","0","0","0","0","0","0","0","0","0","0","0","0","0","0","0","0","0"
"0x7fc1235b15f0","      FMNMX3.NAN R42, R40, R36, R3, !PT","0","0","0","0","0","0","0","0","0","32","0","-","-","-","0","0","0","0","0","0","0","0","0","-","0","0","0","0","0","0","0","0","0","0","0","0","0","0","0","0","0","0","0","0","0","0","0","0","0","0","0","0","0","0","0","0","0","0","0","0","0","0","0","0"
"0x7fc1235b1600","      STS [R165+UR4+0x2f100], R42","306","158","306","1048576","33554432","33554432","32","32","32","0","0","Shared","Store","32","0","1","0","1048576","1048576","0","0","0","0","-","0","0","0","0","0","0","0","55","1","0","0","0","0","0","0","0","222","28","0","0","0","0","0","0","40","0","0","0","0","0","0","0","0","118","0","0","0","0","0","0"
"0x7fc1235b1610","      NOP","23","0","23","1048576","33554432","33554432","32","32","0","0","0","-","-","-","0","0","0","0","0","0","0","0","0","-","0","0","0","0","0","0","0","0","0","0","0","0","0","0","0","0","0","0","23","0","0","0","0","0","0","0","0","0","0","0","0","0","0","0","0","0","0","0","0","0"
"0x7fc1235b1620","      IMAD.MOV.U32 R3, RZ, RZ, 0x3db8aa3b","20","0","20","1048576","33554432","33554432","32","32","0","0","0","-","-","-","0","0","0","0","0","0","0","0","0","-","0","0","0","0","0","0","0","0","0","0","0","0","0","0","0","0","0","0","20","0","0","0","0","0","0","0","0","0","0","0","0","0","0","0","0","0","0","0","0","0"
"0x7fc1235b1630","      BAR.SYNC.DEFER_BLOCKING 0x1, 0x100","22","1","22","1048576","33554432","33554432","32","32","0","0","0","-","-","-","0","0","0","0","0","0","0","0","0","-","0","0","0","0","0","0","0","0","0","0","0","0","0","0","0","0","1","0","21","0","0","0","0","0","0","0","0","0","0","0","0","0","0","1","0","0","0","0","0","0"
"0x7fc1235b1640","      NOP","726","432","726","1048576","33554432","33554432","32","32","0","0","0","-","-","-","0","0","0","0","0","0","0","0","0","-","0","0","0","0","0","0","546","0","6","0","0","0","0","0","0","0","0","60","30","0","0","0","84","377","0","0","0","0","0","0","0","0","0","0","0","0","0","0","0","55"
"0x7fc1235b1650","      LDS R43, [R164+UR4+0x2f300]","14","0","14","1048576","33554432","33554432","32","32","0","0","0","Shared","Load","32","0","1","0","1048576","1048576","0","0","0","0","-","0","0","0","0","0","0","0","0","0","0","0","0","0","0","0","0","0","0","14","0","0","0","0","0","0","0","0","0","0","0","0","0","0","0","0","0","0","0","0","0"
"0x7fc1235b1660","      LDS R38, [R164+UR4+0x2f400]","97","15","97","1048576","33554432","33554432","32","32","0","0","0","Shared","Load","32","0","1","0","1048576","1048576","0","0","0","0","-","0","0","0","0","0","0","0","0","2","0","0","0","0","0","0","0","0","23","18","0","0","0","54","0","0","0","0","0","0","0","0","0","0","0","0","0","0","0","0","15"
"0x7fc1235b1670","      LDS R40, [R164+UR4+0x2f100]","70","30","70","1048576","33554432","33554432","32","32","0","0","0","Shared","Load","32","0","1","0","1048576","1048576","0","0","0","0","-","0","0","0","0","0","0","0","0","0","0","0","0","0","0","0","0","0","8","15","0","0","0","47","0","0","0","0","0","0","0","0","0","0","0","0","0","0","0","0","30"
"0x7fc1235b1680","      LDS R41, [R164+UR4+0x2f200]","95","38","95","1048576","33554432","33554432","32","32","0","0","0","Shared","Load","32","0","1","0","1048576","1048576","0","0","0","0","-","0","0","0","0","0","0","0","0","1","0","0","0","0","0","0","0","0","14","18","0","0","0","62","0","0","0","0","0","0","0","0","0","0","0","0","0","0","0","0","38"
"0x7fc1235b1690","      FMNMX R38, R43, R38, !PT","415","246","415","1048576","33554432","33554432","32","32","0","0","0","-","-","-","0","0","0","0","0","0","0","0","0","-","0","0","0","0","0","0","0","0","5","0","0","0","6","0","0","0","0","59","20","325","0","0","0","0","0","0","0","0","0","6","0","0","0","0","0","0","240","0","0","0"
"0x7fc1235b16a0","      FMNMX3 R2, R40, R41, R38, !PT","337","189","337","1048576","33554432","33554432","32","32","0","0","0","-","-","-","0","0","0","0","0","0","0","0","0","-","0","0","0","0","0","0","0","0","7","0","0","0","6","0","0","0","0","43","23","197","0","0","61","0","0","0","0","0","0","6","0","0","0","0","0","0","139","0","0","44"
"0x7fc1235b16b0","      FFMA R36, R2, -R3, 8.8073549270629882812","149","58","149","1048576","33554432","33554432","32","32","0","0","0","-","-","-","0","0","0","0","0","0","0","0","0","-","0","0","0","0","0","0","0","0","1","0","0","0","19","0","0","0","0","28","27","0","0","0","74","0","0","0","0","0","0","15","0","0","0","0","0","0","0","0","0","43"
"0x7fc1235b16c0","      FADD R38, -R2, R39","26","0","26","1048576","33554432","33554432","32","32","0","0","0","-","-","-","0","0","0","0","0","0","0","0","0","-","0","0","0","0","0","0","0","0","0","0","0","0","0","0","0","0","0","0","26","0","0","0","0","0","0","0","0","0","0","0","0","0","0","0","0","0","0","0","0","0"
"0x7fc1235b16d0","      FFMA2 R6, R6.F32x2.HI_LO, 0.090168438851833343506, R36.F32","155","43","155","1048576","33554432","33554432","32","32","0","0","0","-","-","-","0","0","0","0","0","0","0","0","0","-","0","0","0","0","0","0","0","0","0","0","0","0","30","0","0","0","0","69","14","0","0","0","42","0","0","0","0","0","0","22","0","0","0","0","0","0","0","0","0","21"
"0x7fc1235b16e0","      FFMA2 R4, R4.F32x2.HI_LO, 0.090168438851833343506, R36.F32","68","23","68","1048576","33554432","33554432","32","32","0","0","0","-","-","-","0","0","0","0","0","0","0","0","0","-","0","0","0","0","0","0","0","0","0","0","0","0","11","0","0","0","0","17","21","0","0","0","19","0","0","0","0","0","0","8","0","0","0","0","0","0","0","0","0","15"
"0x7fc1235b16f0","      MUFU.EX2 R0, R6","51","18","51","1048576","33554432","33554432","32","32","0","0","0","-","-","-","0","0","0","0","0","0","0","0","0","-","0","0","0","0","0","0","0","0","1","0","0","0","0","0","0","0","0","7","23","0","0","0","20","0","0","0","0","0","0","0","0","0","0","0","0","0","0","0","0","18"
"0x7fc1235b1700","      FFMA2 R10, R10.F32x2.HI_LO, 0.090168438851833343506, R36.F32","25","0","25","1048576","33554432","33554432","32","32","0","0","0","-","-","-","0","0","0","0","0","0","0","0","0","-","0","0","0","0","0","0","0","0","1","0","0","0","0","0","0","0","0","0","24","0","0","0","0","0","0","0","0","0","0","0","0","0","0","0","0","0","0","0","0","0"
"0x7fc1235b1710","      FFMA2 R8, R8.F32x2.HI_LO, 0.090168438851833343506, R36.F32","106","30","106","1048576","33554432","33554432","32","32","0","0","0","-","-","-","0","0","0","0","0","0","0","0","0","-","0","0","0","0","0","0","0","0","2","0","0","0","22","0","0","0","0","35","23","0","0","0","24","0","0","0","0","0","0","17","0","0","0","0","0","0","0","0","0","13"
"0x7fc1235b1720","      MUFU.EX2 R3, R7","182","67","182","1048576","33554432","33554432","32","32","0","0","0","-","-","-","0","0","0","0","0","0","0","0","0","-","0","0","0","0","0","0","0","0","1","0","0","0","0","0","0","0","0","27","22","0","0","0","132","0","0","0","0","0","0","0","0","0","0","0","0","0","0","0","0","67"
"0x7fc1235b1730","      FFMA2 R14, R14.F32x2.HI_LO, 0.090168438851833343506, R36.F32","22","0","22","1048576","33554432","33554432","32","32","0","0","0","-","-","-","0","0","0","0","0","0","0","0","0","-","0","0","0","0","0","0","0","0","0","0","0","0","0","0","0","0","0","0","22","0","0","0","0","0","0","0","0","0","0","0","0","0","0","0","0","0","0","0","0","0"
"0x7fc1235b1740","      FFMA2 R12, R12.F32x2.HI_LO, 0.090168438851833343506, R36.F32","54","18","54","1048576","33554432","33554432","32","32","0","0","0","-","-","-","0","0","0","0","0","0","0","0","0","-","0","0","0","0","0","0","0","0","0","0","0","0","4","0","0","0","0","12","19","0","0","0","19","0","0","0","0","0","0","4","0","0","0","0","0","0","0","0","0","14"
"0x7fc1235b1750","      MUFU.EX2 R133, R4","166","77","166","1048576","33554432","33554432","32","32","0","0","0","-","-","-","0","0","0","0","0","0","0","0","0","-","0","0","0","0","0","0","0","0","1","0","0","0","0","0","0","0","0","18","14","0","0","0","133","0","0","1","0","0","0","0","0","0","0","0","0","0","0","0","0","76"
"0x7fc1235b1760","      FFMA2 R18, R18.F32x2.HI_LO, 0.090168438851833343506, R36.F32","20","0","20","1048576","33554432","33554432","32","32","0","0","0","-","-","-","0","0","0","0","0","0","0","0","0","-","0","0","0","0","0","0","0","0","0","0","0","0","0","0","0","0","0","0","20","0","0","0","0","0","0","0","0","0","0","0","0","0","0","0","0","0","0","0","0","0"
"0x7fc1235b1770","      FFMA2 R16, R16.F32x2.HI_LO, 0.090168438851833343506, R36.F32","86","27","86","1048576","33554432","33554432","32","32","0","0","0","-","-","-","0","0","0","0","0","0","0","0","0","-","0","0","0","0","0","0","0","0","2","0","0","0","17","0","0","0","0","21","17","0","0","0","29","0","0","0","0","0","0","15","0","0","0","0","0","0","0","0","0","12"
"0x7fc1235b1780","      MUFU.EX2 R132, R5","162","63","162","1048576","33554432","33554432","32","32","0","0","0","-","-","-","0","0","0","0","0","0","0","0","0","-","0","0","0","0","0","0","0","0","2","0","0","0","0","0","0","0","0","24","15","0","0","0","121","0","0","1","0","0","0","0","0","0","0","0","0","0","0","0","0","62"
"0x7fc1235b1790","      FFMA2 R22, R22.F32x2.HI_LO, 0.090168438851833343506, R36.F32","18","0","18","1048576","33554432","33554432","32","32","0","0","0","-","-","-","0","0","0","0","0","0","0","0","0","-","0","0","0","0","0","0","0","0","0","0","0","0","0","0","0","0","0","0","18","0","0","0","0","0","0","0","0","0","0","0","0","0","0","0","0","0","0","0","0","0"
"0x7fc1235b17a0","      FFMA2 R20, R20.F32x2.HI_LO, 0.090168438851833343506, R36.F32","62","17","62","1048576","33554432","33554432","32","32","0","0","0","-","-","-","0","0","0","0","0","0","0","0","0","-","0","0","0","0","0","0","0","0","0","0","0","0","5","0","0","0","0","20","16","0","0","0","21","0","0","0","0","0","0","2","0","0","0","0","0","0","0","0","0","15"
"0x7fc1235b17b0","      MUFU.EX2 R135, R10","179","64","179","1048576","33554432","33554432","32","32","0","0","0","-","-","-","0","0","0","0","0","0","0","0","0","-","0","0","0","0","0","0","0","0","1","0","0","0","0","0","0","0","0","11","26","0","0","0","141","0","0","0","0","0","0","0","0","0","0","0","0","0","0","0","0","64"
"0x7fc1235b17c0","      FFMA2 R158, R34.F32x2.HI_LO, 0.090168438851833343506, R36.F32","18","0","18","1048576","33554432","33554432","32","32","0","0","0","-","-","-","0","0","0","0","0","0","0","0","0","-","0","0","0","0","0","0","0","0","0","0","0","0","0","0","0","0","0","0","18","0","0","0","0","0","0","0","0","0","0","0","0","0","0","0","0","0","0","0","0","0"
"0x7fc1235b17d0","      F2FP.SATFINITE.E4M3.F32.PACK_AB_MERGE_C R45, R3, R0, RZ","18","0","18","1048576","33554432","33554432","32","32","0","0","0","-","-","-","0","0","0","0","0","0","0","0","0","-","0","0","0","0","0","0","0","0","0","0","0","0","0","0","0","0","0","0","18","0","0","0","0","0","0","0","0","0","0","0","0","0","0","0","0","0","0","0","0","0"
"0x7fc1235b17e0","      FFMA2 R26, R26.F32x2.HI_LO, 0.090168438851833343506, R36.F32","24","0","24","1048576","33554432","33554432","32","32","0","0","0","-","-","-","0","0","0","0","0","0","0","0","0","-","0","0","0","0","0","0","0","0","0","0","0","0","0","0","0","0","0","0","24","0","0","0","0","0","0","0","0","0","0","0","0","0","0","0","0","0","0","0","0","0"
"0x7fc1235b17f0","      MUFU.EX2 R134, R11","174","55","174","1048576","33554432","33554432","32","32","0","0","0","-","-","-","0","0","0","0","0","0","0","0","0","-","0","0","0","0","0","0","0","0","5","0","0","0","0","0","0","0","0","17","18","0","0","0","134","0","0","4","0","0","0","0","0","0","0","0","0","0","0","0","0","51"
"0x7fc1235b1800","      FFMA2 R24, R24.F32x2.HI_LO, 0.090168438851833343506, R36.F32","23","0","23","1048576","33554432","33554432","32","32","0","0","0","-","-","-","0","0","0","0","0","0","0","0","0","-","0","0","0","0","0","0","0","0","2","0","0","0","0","0","0","0","0","0","21","0","0","0","0","0","0","0","0","0","0","0","0","0","0","0","0","0","0","0","0","0"
"0x7fc1235b1810","      FFMA2 R30, R30.F32x2.HI_LO, 0.090168438851833343506, R36.F32","66","22","66","1048576","33554432","33554432","32","32","0","0","0","-","-","-","0","0","0","0","0","0","0","0","0","-","0","0","0","0","0","0","0","0","2","0","0","0","8","0","0","0","0","11","25","0","0","0","20","0","0","2","0","0","0","6","0","0","0","0","0","0","0","0","0","14"
"0x7fc1235b1820","      MUFU.EX2 R137, R8","179","53","179","1048576","33554432","33554432","32","32","0","0","0","-","-","-","0","0","0","0","0","0","0","0","0","-","0","0","0","0","0","0","0","0","1","0","0","0","0","0","0","0","0","29","23","0","0","0","126","0","0","0","0","0","0","0","0","0","0","0","0","0","0","0","0","53"
"0x7fc1235b1830","      FFMA2 R28, R28.F32x2.HI_LO, 0.090168438851833343506, R36.F32","8","0","8","1048576","33554432","33554432","32","32","0","0","0","-","-","-","0","0","0","0","0","0","0","0","0","-","0","0","0","0","0","0","0","0","2","0","0","0","0","0","0","0","0","0","6","0","0","0","0","0","0","0","0","0","0","0","0","0","0","0","0","0","0","0","0","0"
"0x7fc1235b1840","      F2FP.SATFINITE.E4M3.F32.PACK_AB_MERGE_C R48, R132, R133, RZ","19","0","19","1048576","33554432","33554432","32","32","0","0","0","-","-","-","0","0","0","0","0","0","0","0","0","-","0","0","0","0","0","0","0","0","0","0","0","0","0","0","0","0","0","0","19","0","0","0","0","0","0","0","0","0","0","0","0","0","0","0","0","0","0","0","0","0"
"0x7fc1235b1850","      FFMA2 R36, R32.F32x2.HI_LO, 0.090168438851833343506, R36.F32","28","0","28","1048576","33554432","33554432","32","32","0","0","0","-","-","-","0","0","0","0","0","0","0","0","0","-","0","0","0","0","0","0","0","0","3","0","0","0","0","0","0","0","0","0","25","0","0","0","0","0","0","0","0","0","0","0","0","0","0","0","0","0","0","0","0","0"
"0x7fc1235b1860","      MUFU.EX2 R136, R9","162","40","162","1048576","33554432","33554432","32","32","0","0","0","-","-","-","0","0","0","0","0","0","0","0","0","-","0","0","0","0","0","0","0","0","1","0","0","0","0","0","0","0","0","20","17","0","0","0","124","0","0","0","0","0","0","0","0","0","0","0","0","0","0","0","0","40"
"0x7fc1235b1870","      FMUL R162, R38, 0.090168438851833343506","20","0","20","1048576","33554432","33554432","32","32","0","0","0","-","-","-","0","0","0","0","0","0","0","0","0","-","0","0","0","0","0","0","0","0","3","0","0","0","0","0","0","0","0","0","17","0","0","0","0","0","0","0","0","0","0","0","0","0","0","0","0","0","0","0","0","0"
"0x7fc1235b1880","      PRMT R48, R48, 0x5410, R45","21","0","21","1048576","33554432","33554432","32","32","0","0","0","-","-","-","0","0","0","0","0","0","0","0","0","-","0","0","0","0","0","0","0","0","0","0","0","0","0","0","0","0","0","0","21","0","0","0","0","0","0","0","0","0","0","0","0","0","0","0","0","0","0","0","0","0"
"0x7fc1235b1890","      MUFU.EX2 R139, R14","184","67","184","1048576","33554432","33554432","32","32","0","0","0","-","-","-","0","0","0","0","0","0","0","0","0","-","0","0","0","0","0","0","0","0","1","0","0","0","0","0","0","0","0","10","27","0","0","0","146","0","0","0","0","0","0","0","0","0","0","0","0","0","0","0","0","67"
"0x7fc1235b18a0","      F2FP.SATFINITE.E4M3.F32.PACK_AB_MERGE_C R46, R134, R135, RZ","26","0","26","1048576","33554432","33554432","32","32","0","0","0","-","-","-","0","0","0","0","0","0","0","0","0","-","0","0","0","0","0","0","0","0","5","0","0","0","0","0","0","0","0","0","21","0","0","0","0","0","0","0","0","0","0","0","0","0","0","0","0","0","0","0","0","0"
"0x7fc1235b18b0","      MUFU.EX2 R138, R15","186","70","186","1048576","33554432","33554432","32","32","0","0","0","-","-","-","0","0","0","0","0","0","0","0","0","-","0","0","0","0","0","0","0","0","0","0","0","0","0","0","0","0","0","11","23","0","0","0","152","0","0","0","0","0","0","0","0","0","0","0","0","0","0","0","0","70"
"0x7fc1235b18c0","      MUFU.EX2 R141, R12","205","116","205","1048576","33554432","33554432","32","32","0","0","0","-","-","-","0","0","0","0","0","0","0","0","0","-","0","0","0","0","0","0","0","0","0","0","0","0","0","0","0","0","0","8","17","0","0","0","180","0","0","0","0","0","0","0","0","0","0","0","0","0","0","0","0","116"
"0x7fc1235b18d0","      F2FP.SATFINITE.E4M3.F32.PACK_AB_MERGE_C R49, R136, R137, RZ","13","0","13","1048576","33554432","33554432","32","32","0","0","0","-","-","-","0","0","0","0","0","0","0","0","0","-","0","0","0","0","0","0","0","0","0","0","0","0","0","0","0","0","0","0","13","0","0","0","0","0","0","0","0","0","0","0","0","0","0","0","0","0","0","0","0","0"
"0x7fc1235b18e0","      MUFU.EX2 R140, R13","197","94","197","1048576","33554432","33554432","32","32","0","0","0","-","-","-","0","0","0","0","0","0","0","0","0","-","0","0","0","0","0","0","0","0","1","0","0","0","0","0","0","0","0","8","21","0","0","0","167","0","0","0","0","0","0","0","0","0","0","0","0","0","0","0","0","94"
"0x7fc1235b18f0","      PRMT R49, R49, 0x5410, R46","23","0","23","1048576","33554432","33554432","32","32","0","0","0","-","-","-","0","0","0","0","0","0","0","0","0","-","0","0","0","0","0","0","0","0","0","0","0","0","0","0","0","0","0","0","23","0","0","0","0","0","0","0","0","0","0","0","0","0","0","0","0","0","0","0","0","0"
"0x7fc1235b1900","      MUFU.EX2 R143, R18","164","86","164","1048576","33554432","33554432","32","32","0","0","0","-","-","-","0","0","0","0","0","0","0","0","0","-","0","0","0","0","0","0","0","0","0","0","0","0","0","0","0","0","0","3","19","0","0","0","142","0","0","0","0","0","0","0","0","0","0","0","0","0","0","0","0","86"
"0x7fc1235b1910","      F2FP.SATFINITE.E4M3.F32.PACK_AB_MERGE_C R47, R138, R139, RZ","19","0","19","1048576","33554432","33554432","32","32","0","0","0","-","-","-","0","0","0","0","0","0","0","0","0","-","0","0","0","0","0","0","0","0","0","0","0","0","0","0","0","0","0","0","19","0","0","0","0","0","0","0","0","0","0","0","0","0","0","0","0","0","0","0","0","0"
"0x7fc1235b1920","      MUFU.EX2 R142, R19","196","121","196","1048576","33554432","33554432","32","32","0","0","0","-","-","-","0","0","0","0","0","0","0","0","0","-","0","0","0","0","0","0","0","0","3","0","0","0","0","0","0","0","0","9","13","0","0","0","171","0","0","1","0","0","0","0","0","0","0","0","0","0","0","0","0","120"
"0x7fc1235b1930","      MUFU.EX2 R145, R16","205","116","205","1048576","33554432","33554432","32","32","0","0","0","-","-","-","0","0","0","0","0","0","0","0","0","-","0","0","0","0","0","0","0","0","0","0","0","0","0","0","0","0","0","9","16","0","0","0","180","0","0","0","0","0","0","0","0","0","0","0","0","0","0","0","0","116"
"0x7fc1235b1940","      F2FP.SATFINITE.E4M3.F32.PACK_AB_MERGE_C R50, R140, R141, RZ","25","0","25","1048576","33554432","33554432","32","32","0","0","0","-","-","-","0","0","0","0","0","0","0","0","0","-","0","0","0","0","0","0","0","0","2","0","0","0","0","0","0","0","0","0","23","0","0","0","0","0","0","0","0","0","0","0","0","0","0","0","0","0","0","0","0","0"
"0x7fc1235b1950","      MUFU.EX2 R144, R17","201","106","201","1048576","33554432","33554432","32","32","0","0","0","-","-","-","0","0","0","0","0","0","0","0","0","-","0","0","0","0","0","0","0","0","1","0","0","0","0","0","0","0","0","7","23","0","0","0","170","0","0","1","0","0","0","0","0","0","0","0","0","0","0","0","0","105"
"0x7fc1235b1960","      PRMT R50, R50, 0x5410, R47","25","0","25","1048576","33554432","33554432","32","32","0","0","0","-","-","-","0","0","0","0","0","0","0","0","0","-","0","0","0","0","0","0","0","0","2","0","0","0","0","0","0","0","0","0","23","0","0","0","0","0","0","0","0","0","0","0","0","0","0","0","0","0","0","0","0","0"
"0x7fc1235b1970","      MUFU.EX2 R147, R22","211","103","211","1048576","33554432","33554432","32","32","0","0","0","-","-","-","0","0","0","0","0","0","0","0","0","-","0","0","0","0","0","0","0","0","1","0","0","0","0","0","0","0","0","12","24","0","0","0","174","0","0","0","0","0","0","0","0","0","0","0","0","0","0","0","0","103"
"0x7fc1235b1980","      F2FP.SATFINITE.E4M3.F32.PACK_AB_MERGE_C R42, R142, R143, RZ","21","0","21","1048576","33554432","33554432","32","32","0","0","0","-","-","-","0","0","0","0","0","0","0","0","0","-","0","0","0","0","0","0","0","0","1","0","0","0","0","0","0","0","0","0","20","0","0","0","0","0","0","0","0","0","0","0","0","0","0","0","0","0","0","0","0","0"
"0x7fc1235b1990","      MUFU.EX2 R146, R23","211","94","211","1048576","33554432","33554432","32","32","0","0","0","-","-","-","0","0","0","0","0","0","0","0","0","-","0","0","0","0","0","0","0","0","2","0","0","0","0","0","0","0","0","8","20","0","0","0","181","0","0","2","0","0","0","0","0","0","0","0","0","0","0","0","0","92"
"0x7fc1235b19a0","      MUFU.EX2 R149, R20","203","93","203","1048576","33554432","33554432","32","32","0","0","0","-","-","-","0","0","0","0","0","0","0","0","0","-","0","0","0","0","0","0","0","0","1","0","0","0","0","0","0","0","0","11","12","0","0","0","179","0","0","0","0","0","0","0","0","0","0","0","0","0","0","0","0","93"
"0x7fc1235b19b0","      F2FP.SATFINITE.E4M3.F32.PACK_AB_MERGE_C R51, R144, R145, RZ","22","0","22","1048576","33554432","33554432","32","32","0","0","0","-","-","-","0","0","0","0","0","0","0","0","0","-","0","0","0","0","0","0","0","0","1","0","0","0","0","0","0","0","0","0","21","0","0","0","0","0","0","0","0","0","0","0","0","0","0","0","0","0","0","0","0","0"
"0x7fc1235b19c0","      MUFU.EX2 R148, R21","200","91","200","1048576","33554432","33554432","32","32","0","0","0","-","-","-","0","0","0","0","0","0","0","0","0","-","0","0","0","0","0","0","0","0","3","0","0","0","0","0","1","0","0","14","19","0","0","0","163","0","0","0","0","0","0","0","0","1","0","0","0","0","0","0","0","90"
"0x7fc1235b19d0","      PRMT R51, R51, 0x5410, R42","15","0","15","1048576","33554432","33554432","32","32","0","0","0","-","-","-","0","0","0","0","0","0","0","0","0","-","0","0","0","0","0","0","0","0","0","0","0","0","0","0","0","0","0","0","15","0","0","0","0","0","0","0","0","0","0","0","0","0","0","0","0","0","0","0","0","0"
"0x7fc1235b19e0","      MUFU.EX2 R162, R162","172","89","172","1048576","33554432","33554432","32","32","0","0","0","-","-","-","0","0","0","0","0","0","0","0","0","-","0","0","0","0","0","0","0","0","0","0","0","0","0","0","0","0","0","5","18","0","0","0","149","0","0","0","0","0","0","0","0","0","0","0","0","0","0","0","0","89"
"0x7fc1235b19f0","      F2FP.SATFINITE.E4M3.F32.PACK_AB_MERGE_C R45, R146, R147, RZ","18","0","18","1048576","33554432","33554432","32","32","0","0","0","-","-","-","0","0","0","0","0","0","0","0","0","-","0","0","0","0","0","0","0","0","0","0","0","0","0","0","0","0","0","0","18","0","0","0","0","0","0","0","0","0","0","0","0","0","0","0","0","0","0","0","0","0"
"0x7fc1235b1a00","      STS.128 [R171], R48","15","0","15","1048576","33554432","33554432","32","32","0","0","0","Shared","Store","128","0","4","0","4194304","4194304","0","0","0","0","-","0","0","0","0","0","0","0","0","0","0","0","0","0","0","0","0","0","0","15","0","0","0","0","0","0","0","0","0","0","0","0","0","0","0","0","0","0","0","0","0"
"0x7fc1235b1a10","      MUFU.EX2 R151, R26","143","63","143","1048576","33554432","33554432","32","32","0","0","0","-","-","-","0","0","0","0","0","0","0","0","0","-","0","0","0","0","0","0","0","0","0","0","0","0","0","0","4","0","0","3","22","0","0","0","114","0","0","0","0","0","0","0","0","3","0","0","0","0","0","0","0","60"
"0x7fc1235b1a20","      MUFU.EX2 R150, R27","218","107","218","1048576","33554432","33554432","32","32","0","0","0","-","-","-","0","0","0","0","0","0","0","0","0","-","0","0","0","0","0","0","0","0","0","0","0","0","0","0","12","0","0","2","16","0","0","0","188","0","0","0","0","0","0","0","0","9","0","0","0","0","0","0","0","98"
"0x7fc1235b1a30","      F2FP.SATFINITE.E4M3.F32.PACK_AB_MERGE_C R44, R148, R149, RZ","26","0","26","1048576","33554432","33554432","32","32","0","0","0","-","-","-","0","0","0","0","0","0","0","0","0","-","0","0","0","0","0","0","0","0","1","0","0","0","0","0","0","0","0","0","25","0","0","0","0","0","0","0","0","0","0","0","0","0","0","0","0","0","0","0","0","0"
"0x7fc1235b1a40","      MUFU.EX2 R153, R24","203","130","203","1048576","33554432","33554432","32","32","0","0","0","-","-","-","0","0","0","0","0","0","0","0","0","-","0","0","0","0","0","0","0","0","0","0","0","0","0","0","5","0","0","4","20","0","0","0","174","0","0","0","0","0","0","0","0","5","0","0","0","0","0","0","0","125"
"0x7fc1235b1a50","      PRMT R44, R44, 0x5410, R45","17","0","17","1048576","33554432","33554432","32","32","0","0","0","-","-","-","0","0","0","0","0","0","0","0","0","-","0","0","0","0","0","0","0","0","0","0","0","0","0","0","0","0","0","0","17","0","0","0","0","0","0","0","0","0","0","0","0","0","0","0","0","0","0","0","0","0"
"0x7fc1235b1a60","      MUFU.EX2 R152, R25","183","113","183","1048576","33554432","33554432","32","32","0","0","0","-","-","-","0","0","0","0","0","0","0","0","0","-","0","0","0","0","0","0","0","0","0","0","0","0","0","0","8","0","0","0","19","0","0","0","156","0","0","0","0","0","0","0","0","7","0","0","0","0","0","0","0","106"
"0x7fc1235b1a70","      FSETP.NEU.AND P0, PT, R162, 1, PT","12","0","12","1048576","33554432","33554432","32","32","0","0","0","-","-","-","0","0","0","0","0","0","0","0","0","-","0","0","0","0","0","0","0","0","0","0","0","0","0","0","0","0","0","0","12","0","0","0","0","0","0","0","0","0","0","0","0","0","0","0","0","0","0","0","0","0"
"0x7fc1235b1a80","      MUFU.EX2 R155, R30","188","134","188","1048576","33554432","33554432","32","32","0","0","0","-","-","-","0","0","0","0","0","0","0","0","0","-","0","0","0","0","0","0","0","0","0","0","0","0","0","0","1","0","0","1","20","0","0","0","166","0","0","0","0","0","0","0","0","1","0","0","0","0","0","0","0","133"
"0x7fc1235b1a90","      F2FP.SATFINITE.E4M3.F32.PACK_AB_MERGE_C R46, R150, R151, RZ","26","0","26","1048576","33554432","33554432","32","32","0","0","0","-","-","-","0","0","0","0","0","0","0","0","0","-","0","0","0","0","0","0","0","0","0","0","0","0","0","0","0","0","0","0","26","0","0","0","0","0","0","0","0","0","0","0","0","0","0","0","0","0","0","0","0","0"
"0x7fc1235b1aa0","      MUFU.EX2 R154, R31","162","105","162","1048576","33554432","33554432","32","32","0","0","0","-","-","-","0","0","0","0","0","0","0","0","0","-","0","0","0","0","0","0","0","0","0","0","0","0","0","0","0","0","0","3","16","0","0","0","143","0","0","0","0","0","0","0","0","0","0","0","0","0","0","0","0","105"
"0x7fc1235b1ab0","      MUFU.EX2 R157, R28","191","111","191","1048576","33554432","33554432","32","32","0","0","0","-","-","-","0","0","0","0","0","0","0","0","0","-","0","0","0","0","0","0","0","0","1","0","0","0","0","0","0","0","0","5","16","0","0","0","169","0","0","0","0","0","0","0","0","0","0","0","0","0","0","0","0","111"
"0x7fc1235b1ac0","      F2FP.SATFINITE.E4M3.F32.PACK_AB_MERGE_C R45, R152, R153, RZ","20","0","20","1048576","33554432","33554432","32","32","0","0","0","-","-","-","0","0","0","0","0","0","0","0","0","-","0","0","0","0","0","0","0","0","0","0","0","0","0","0","0","0","0","0","20","0","0","0","0","0","0","0","0","0","0","0","0","0","0","0","0","0","0","0","0","0"
"0x7fc1235b1ad0","      MUFU.EX2 R156, R29","203","129","203","1048576","33554432","33554432","32","32","0","0","0","-","-","-","0","0","0","0","0","0","0","0","0","-","0","0","0","0","0","0","0","0","0","0","0","0","0","0","0","0","0","3","26","0","0","0","174","0","0","0","0","0","0","0","0","0","0","0","0","0","0","0","0","129"
"0x7fc1235b1ae0","      VOTE.ALL P0, !P0","16","0","16","1048576","33554432","33554432","32","32","0","0","0","-","-","-","0","0","0","0","0","0","0","0","0","-","0","0","0","0","0","0","0","0","0","0","0","0","0","0","0","0","0","0","16","0","0","0","0","0","0","0","0","0","0","0","0","0","0","0","0","0","0","0","0","0"
"0x7fc1235b1af0","      PRMT R45, R45, 0x5410, R46","52","19","52","1048576","33554432","33554432","32","32","0","0","0","-","-","-","0","0","0","0","0","0","0","0","0","-","0","0","0","0","0","0","0","0","0","0","0","0","0","0","0","0","0","0","31","0","0","0","21","0","0","0","0","0","0","0","0","0","0","0","0","0","0","0","0","19"
"0x7fc1235b1b00","      MUFU.EX2 R158, R158","130","73","130","1048576","33554432","33554432","32","32","0","0","0","-","-","-","0","0","0","0","0","0","0","0","0","-","0","0","0","0","0","0","0","0","0","0","0","0","0","0","0","0","0","2","15","0","0","0","113","0","0","0","0","0","0","0","0","0","0","0","0","0","0","0","0","73"
"0x7fc1235b1b10","      ISETP.EQ.U32.OR P0, PT, RZ, UR6, P0","22","0","22","1048576","33554432","33554432","32","32","0","0","0","-","-","-","0","0","0","0","0","0","0","0","0","-","0","0","0","0","0","0","0","0","0","0","0","0","0","0","0","0","0","0","22","0","0","0","0","0","0","0","0","0","0","0","0","0","0","0","0","0","0","0","0","0"
"0x7fc1235b1b20","      F2FP.SATFINITE.E4M3.F32.PACK_AB_MERGE_C R55, R154, R155, RZ","43","28","43","1048576","33554432","33554432","32","32","0","0","0","-","-","-","0","0","0","0","0","0","0","0","0","-","0","0","0","0","0","0","0","0","0","0","0","0","2","0","0","0","0","1","12","0","0","0","28","0","0","0","0","0","0","1","0","0","0","0","0","0","0","0","0","27"
"0x7fc1235b1b30","      MUFU.EX2 R159, R159","139","67","139","1048576","33554432","33554432","32","32","0","0","0","-","-","-","0","0","0","0","0","0","0","0","0","-","0","0","0","0","0","0","0","0","0","0","0","0","0","0","0","0","0","1","18","0","0","0","120","0","0","0","0","0","0","0","0","0","0","0","0","0","0","0","0","67"
"0x7fc1235b1b40","      MUFU.EX2 R161, R36","205","130","205","1048576","33554432","33554432","32","32","0","0","0","-","-","-","0","0","0","0","0","0","0","0","0","-","0","0","0","0","0","0","0","0","0","0","0","0","0","0","0","0","0","3","23","0","0","0","179","0","0","0","0","0","0","0","0","0","0","0","0","0","0","0","0","130"
"0x7fc1235b1b50","      F2FP.SATFINITE.E4M3.F32.PACK_AB_MERGE_C R52, R156, R157, RZ","19","0","19","1048576","33554432","33554432","32","32","0","0","0","-","-","-","0","0","0","0","0","0","0","0","0","-","0","0","0","0","0","0","0","0","0","0","0","0","0","0","0","0","0","0","19","0","0","0","0","0","0","0","0","0","0","0","0","0","0","0","0","0","0","0","0","0"
"0x7fc1235b1b60","      MUFU.EX2 R160, R37","176","137","176","1048576","33554432","33554432","32","32","0","0","0","-","-","-","0","0","0","0","0","0","0","0","0","-","0","0","0","0","0","0","0","0","0","0","0","0","0","0","0","0","0","2","12","0","0","0","162","0","0","0","0","0","0","0","0","0","0","0","0","0","0","0","0","137"
"0x7fc1235b1b70","      PRMT R46, R52, 0x5410, R55","20","0","20","1048576","33554432","33554432","32","32","0","0","0","-","-","-","0","0","0","0","0","0","0","0","0","-","0","0","0","0","0","0","0","0","0","0","0","0","0","0","0","0","0","0","20","0","0","0","0","0","0","0","0","0","0","0","0","0","0","0","0","0","0","0","0","0"
"0x7fc1235b1b80","      F2FP.SATFINITE.E4M3.F32.PACK_AB_MERGE_C R53, R159, R158, RZ","41","18","41","1048576","33554432","33554432","32","32","0","0","0","-","-","-","0","0","0","0","0","0","0","0","0","-","0","0","0","0","0","0","0","0","0","0","0","0","0","0","0","0","0","0","22","0","0","0","19","0","0","0","0","0","0","0","0","0","0","0","0","0","0","0","0","18"
"0x7fc1235b1b90","      F2FP.SATFINITE.E4M3.F32.PACK_AB_MERGE_C R42, R160, R161, RZ","237","168","237","1048576","33554432","33554432","32","32","0","0","0","-","-","-","0","0","0","0","0","0","0","0","0","-","0","0","0","0","0","0","0","0","0","0","0","0","11","0","0","0","0","5","24","175","0","0","22","0","0","0","0","0","0","11","0","0","0","0","0","0","136","0","0","21"
"0x7fc1235b1ba0","      PRMT R47, R42, 0x5410, R53","99","54","99","1048576","33554432","33554432","32","32","0","0","0","-","-","-","0","0","0","0","0","0","0","0","0","-","0","0","0","0","0","0","0","0","0","0","0","0","15","0","0","0","0","15","21","0","0","0","48","0","0","0","0","0","0","15","0","0","0","0","0","0","0","0","0","39"
"0x7fc1235b1bb0","      STS.128 [R170], R44","111","66","111","1048576","33554432","33554432","32","32","0","0","0","Shared","Store","128","0","4","0","4194304","4194304","0","0","0","0","-","0","0","0","0","0","0","0","0","2","0","0","0","0","0","0","0","0","1","23","0","0","0","85","0","0","0","0","0","0","0","0","0","0","0","0","0","0","0","0","66"
"0x7fc1235b1bc0","@P0   BRA 0x7fc1235b20b0","18","0","18","1048576","33554432","3352832","32","3","29","29","0","-","-","-","0","0","0","0","0","0","0","0","0","-","0","0","0","0","0","0","0","0","0","0","0","0","0","0","0","0","0","0","18","0","0","0","0","0","0","0","0","0","0","0","0","0","0","0","0","0","0","0","0","0"
"0x7fc1235b1bd0","      R2UR UR5, R182","100","50","100","943800","30201600","30201600","32","32","29","0","0","-","-","-","0","0","0","0","0","0","0","0","0","-","0","0","0","0","0","0","0","0","0","0","0","0","5","0","0","0","0","6","21","0","0","0","68","0","0","0","0","0","0","5","0","0","0","0","0","0","0","0","0","45"
"0x7fc1235b1be0","      R2UR UR8, R182","49","19","49","943800","30201600","30201600","32","32","0","0","0","-","-","-","0","0","0","0","0","0","0","0","0","-","0","0","0","0","0","0","0","0","0","0","0","0","0","0","0","0","0","2","22","0","0","0","25","0","0","0","0","0","0","0","0","0","0","0","0","0","0","0","0","19"
"0x7fc1235b1bf0","      R2UR UR7, R182","36","15","36","943800","30201600","30201600","32","32","0","0","0","-","-","-","0","0","0","0","0","0","0","0","0","-","0","0","0","0","0","0","0","0","0","0","0","0","0","0","0","0","0","4","13","0","0","0","19","0","0","0","0","0","0","0","0","0","0","0","0","0","0","0","0","15"
"0x7fc1235b1c00","      LDTM.x32 R100, tmem[UR5]","174","103","174","943800","30201600","30201600","32","32","0","0","0","Tmem","Load","-","0","0","0","0","0","0","0","0","0","-","0","0","0","0","0","0","0","0","0","0","0","0","0","0","0","0","0","0","21","0","0","0","153","0","0","0","0","0","0","0","0","0","0","0","0","0","0","0","0","103"
"0x7fc1235b1c10","      LDTM.x32 R68, tmem[UR5+0x20]","17","0","17","943800","30201600","30201600","32","32","0","0","0","Tmem","Load","-","0","0","0","0","0","0","0","0","0","-","0","0","0","0","0","0","0","0","0","0","0","0","0","0","0","0","0","0","17","0","0","0","0","0","0","0","0","0","0","0","0","0","0","0","0","0","0","0","0","0"
"0x7fc1235b1c20","      NOP","16","0","16","943800","30201600","30201600","32","32","0","0","0","-","-","-","0","0","0","0","0","0","0","0","0","-","0","0","0","0","0","0","0","0","0","0","0","0","0","0","0","0","0","0","16","0","0","0","0","0","0","0","0","0","0","0","0","0","0","0","0","0","0","0","0","0"
"0x7fc1235b1c30","      FMUL2 R100, R100.F32x2.HI_LO, R162.F32","895","556","895","943800","30201600","30201600","32","32","0","0","0","-","-","-","0","0","0","0","0","0","0","0","0","-","0","0","0","0","0","0","0","0","0","0","0","0","35","0","0","0","0","34","12","814","0","0","0","0","0","0","0","0","0","33","0","0","0","0","0","0","523","0","0","0"
"0x7fc1235b1c40","      FMUL2 R102, R102.F32x2.HI_LO, R162.F32","32","12","32","943800","30201600","30201600","32","32","0","0","0","-","-","-","0","0","0","0","0","0","0","0","0","-","0","0","0","0","0","0","0","0","0","0","0","0","0","0","0","0","0","1","18","0","0","0","13","0","0","0","0","0","0","0","0","0","0","0","0","0","0","0","0","12"
"0x7fc1235b1c50","      FMUL2 R104, R104.F32x2.HI_LO, R162.F32","46","3","46","943800","30201600","30201600","32","32","0","0","0","-","-","-","0","0","0","0","0","0","0","0","0","-","0","0","0","0","0","0","0","0","0","0","0","0","0","0","0","0","0","27","12","0","0","0","7","0","0","0","0","0","0","0","0","0","0","0","0","0","0","0","0","3"
"0x7fc1235b1c60","      FMUL2 R106, R106.F32x2.HI_LO, R162.F32","39","17","39","943800","30201600","30201600","32","32","0","0","0","-","-","-","0","0","0","0","0","0","0","0","0","-","0","0","0","0","0","0","0","0","0","0","0","0","0","0","0","0","0","0","21","0","0","0","18","0","0","0","0","0","0","0","0","0","0","0","0","0","0","0","0","17"
"0x7fc1235b1c70","      FMUL2 R108, R108.F32x2.HI_LO, R162.F32","40","20","40","943800","30201600","30201600","32","32","0","0","0","-","-","-","0","0","0","0","0","0","0","0","0","-","0","0","0","0","0","0","0","0","0","0","0","0","0","0","0","0","0","1","16","0","0","0","23","0","0","0","0","0","0","0","0","0","0","0","0","0","0","0","0","20"
"0x7fc1235b1c80","      FMUL2 R110, R110.F32x2.HI_LO, R162.F32","33","18","33","943800","30201600","30201600","32","32","0","0","0","-","-","-","0","0","0","0","0","0","0","0","0","-","0","0","0","0","0","0","0","0","1","0","0","0","0","0","0","0","0","0","15","0","0","0","17","0","0","1","0","0","0","0","0","0","0","0","0","0","0","0","0","17"
"0x7fc1235b1c90","      FMUL2 R112, R112.F32x2.HI_LO, R162.F32","43","20","43","943800","30201600","30201600","32","32","0","0","0","-","-","-","0","0","0","0","0","0","0","0","0","-","0","0","0","0","0","0","0","0","0","0","0","0","0","0","0","0","0","0","9","0","0","0","34","0","0","0","0","0","0","0","0","0","0","0","0","0","0","0","0","20"
"0x7fc1235b1ca0","      FMUL2 R114, R114.F32x2.HI_LO, R162.F32","52","23","52","943800","30201600","30201600","32","32","0","0","0","-","-","-","0","0","0","0","0","0","0","0","0","-","0","0","0","0","0","0","0","0","0","0","0","0","0","0","0","0","0","0","16","0","0","0","36","0","0","0","0","0","0","0","0","0","0","0","0","0","0","0","0","23"
"0x7fc1235b1cb0","      FMUL2 R116, R116.F32x2.HI_LO, R162.F32","26","15","26","943800","30201600","30201600","32","32","0","0","0","-","-","-","0","0","0","0","0","0","0","0","0","-","0","0","0","0","0","0","0","0","0","0","0","0","0","0","0","0","0","0","11","0","0","0","15","0","0","0","0","0","0","0","0","0","0","0","0","0","0","0","0","15"
"0x7fc1235b1cc0","      FMUL2 R118, R118.F32x2.HI_LO, R162.F32","272","12","272","943800","30201600","30201600","32","32","0","0","0","-","-","-","0","0","0","0","0","0","0","0","0","-","0","0","0","0","0","0","0","0","0","0","0","0","0","0","0","0","0","0","11","0","0","0","261","0","0","0","0","0","0","0","0","0","0","0","0","0","0","0","0","12"
"0x7fc1235b1cd0","      FMUL2 R120, R120.F32x2.HI_LO, R162.F32","35","20","35","943800","30201600","30201600","32","32","0","0","0","-","-","-","0","0","0","0","0","0","0","0","0","-","0","0","0","0","0","0","0","0","1","0","0","0","0","0","0","0","0","0","14","0","0","0","20","0","0","0","0","0","0","0","0","0","0","0","0","0","0","0","0","20"
"0x7fc1235b1ce0","      FMUL2 R122, R122.F32x2.HI_LO, R162.F32","40","21","40","943800","30201600","30201600","32","32","0","0","0","-","-","-","0","0","0","0","0","0","0","0","0","-","0","0","0","0","0","0","0","0","0","0","0","0","0","0","0","0","0","0","14","0","0","0","26","0","0","0","0","0","0","0","0","0","0","0","0","0","0","0","0","21"
"0x7fc1235b1cf0","      FMUL2 R124, R124.F32x2.HI_LO, R162.F32","41","20","41","943800","30201600","30201600","32","32","0","0","0","-","-","-","0","0","0","0","0","0","0","0","0","-","0","0","0","0","0","0","0","0","0","0","0","0","0","0","0","0","0","0","20","0","0","0","21","0","0","0","0","0","0","0","0","0","0","0","0","0","0","0","0","20"
"0x7fc1235b1d00","      FMUL2 R126, R126.F32x2.HI_LO, R162.F32","33","16","33","943800","30201600","30201600","32","32","0","0","0","-","-","-","0","0","0","0","0","0","0","0","0","-","0","0","0","0","0","0","0","0","0","0","0","0","0","0","0","0","0","1","16","0","0","0","16","0","0","0","0","0","0","0","0","0","0","0","0","0","0","0","0","16"
"0x7fc1235b1d10","      FMUL2 R128, R128.F32x2.HI_LO, R162.F32","31","20","31","943800","30201600","30201600","32","32","0","0","0","-","-","-","0","0","0","0","0","0","0","0","0","-","0","0","0","0","0","0","0","0","0","0","0","0","0","0","0","0","0","0","10","0","0","0","21","0","0","0","0","0","0","0","0","0","0","0","0","0","0","0","0","20"
"0x7fc1235b1d20","      FMUL2 R130, R130.F32x2.HI_LO, R162.F32","35","11","35","943800","30201600","30201600","32","32","0","0","0","-","-","-","0","0","0","0","0","0","0","0","0","-","0","0","0","0","0","0","0","0","0","0","0","0","0","0","0","0","0","1","23","0","0","0","11","0","0","0","0","0","0","0","0","0","0","0","0","0","0","0","0","11"
"0x7fc1235b1d30","      FMUL2 R68, R68.F32x2.HI_LO, R162.F32","37","16","37","943800","30201600","30201600","32","32","0","0","0","-","-","-","0","0","0","0","0","0","0","0","0","-","0","0","0","0","0","0","0","0","0","0","0","0","0","0","0","0","0","0","21","0","0","0","16","0","0","0","0","0","0","0","0","0","0","0","0","0","0","0","0","16"
"0x7fc1235b1d40","      FMUL2 R70, R70.F32x2.HI_LO, R162.F32","39","19","39","943800","30201600","30201600","32","32","0","0","0","-","-","-","0","0","0","0","0","0","0","0","0","-","0","0","0","0","0","0","0","0","0","0","0","0","0","0","0","0","0","0","20","0","0","0","19","0","0","0","0","0","0","0","0","0","0","0","0","0","0","0","0","19"
"0x7fc1235b1d50","      STTM.x32 tmem[UR8], R100","16","0","16","943800","30201600","30201600","32","32","0","0","0","Tmem","Store","-","0","0","0","0","0","0","0","0","0","-","0","0","0","0","0","0","0","0","0","0","0","0","0","0","0","0","0","0","16","0","0","0","0","0","0","0","0","0","0","0","0","0","0","0","0","0","0","0","0","0"
"0x7fc1235b1d60","      FMUL2 R72, R72.F32x2.HI_LO, R162.F32","13","0","13","943800","30201600","30201600","32","32","0","0","0","-","-","-","0","0","0","0","0","0","0","0","0","-","0","0","0","0","0","0","0","0","0","0","0","0","0","0","0","0","0","0","13","0","0","0","0","0","0","0","0","0","0","0","0","0","0","0","0","0","0","0","0","0"
"0x7fc1235b1d70","      FMUL2 R74, R74.F32x2.HI_LO, R162.F32","31","17","31","943800","30201600","30201600","32","32","0","0","0","-","-","-","0","0","0","0","0","0","0","0","0","-","0","0","0","0","0","0","0","0","0","0","0","0","0","0","0","0","0","0","14","0","0","0","17","0","0","0","0","0","0","0","0","0","0","0","0","0","0","0","0","17"
"0x7fc1235b1d80","      FMUL2 R76, R76.F32x2.HI_LO, R162.F32","32","20","32","943800","30201600","30201600","32","32","0","0","0","-","-","-","0","0","0","0","0","0","0","0","0","-","0","0","0","0","0","0","0","0","0","0","0","0","0","0","0","0","0","0","12","0","0","0","20","0","0","0","0","0","0","0","0","0","0","0","0","0","0","0","0","20"
"0x7fc1235b1d90","      FMUL2 R78, R78.F32x2.HI_LO, R162.F32","30","17","30","943800","30201600","30201600","32","32","0","0","0","-","-","-","0","0","0","0","0","0","0","0","0","-","0","0","0","0","0","0","0","0","0","0","0","0","0","0","0","0","0","1","12","0","0","0","17","0","0","0","0","0","0","0","0","0","0","0","0","0","0","0","0","17"
"0x7fc1235b1da0","      FMUL2 R80, R80.F32x2.HI_LO, R162.F32","45","20","45","943800","30201600","30201600","32","32","0","0","0","-","-","-","0","0","0","0","0","0","0","0","0","-","0","0","0","0","0","0","0","0","0","0","0","0","0","0","0","0","0","0","23","0","0","0","22","0","0","0","0","0","0","0","0","0","0","0","0","0","0","0","0","20"
"0x7fc1235b1db0","      FMUL2 R82, R82.F32x2.HI_LO, R162.F32","41","18","41","943800","30201600","30201600","32","32","0","0","0","-","-","-","0","0","0","0","0","0","0","0","0","-","0","0","0","0","0","0","0","0","0","0","0","0","0","0","0","0","0","0","23","0","0","0","18","0","0","0","0","0","0","0","0","0","0","0","0","0","0","0","0","18"
"0x7fc1235b1dc0","      FMUL2 R84, R84.F32x2.HI_LO, R162.F32","41","22","41","943800","30201600","30201600","32","32","0","0","0","-","-","-","0","0","0","0","0","0","0","0","0","-","0","0","0","0","0","0","0","0","0","0","0","0","0","0","0","0","0","0","19","0","0","0","22","0","0","0","0","0","0","0","0","0","0","0","0","0","0","0","0","22"
"0x7fc1235b1dd0","      FMUL2 R86, R86.F32x2.HI_LO, R162.F32","24","9","24","943800","30201600","30201600","32","32","0","0","0","-","-","-","0","0","0","0","0","0","0","0","0","-","0","0","0","0","0","0","0","0","0","0","0","0","0","0","0","0","0","0","15","0","0","0","9","0","0","0","0","0","0","0","0","0","0","0","0","0","0","0","0","9"
"0x7fc1235b1de0","      FMUL2 R88, R88.F32x2.HI_LO, R162.F32","36","24","36","943800","30201600","30201600","32","32","0","0","0","-","-","-","0","0","0","0","0","0","0","0","0","-","0","0","0","0","0","0","0","0","0","0","0","0","0","0","0","0","0","0","12","0","0","0","24","0","0","0","0","0","0","0","0","0","0","0","0","0","0","0","0","24"
"0x7fc1235b1df0","      FMUL2 R90, R90.F32x2.HI_LO, R162.F32","44","19","44","943800","30201600","30201600","32","32","0","0","0","-","-","-","0","0","0","0","0","0","0","0","0","-","0","0","0","0","0","0","0","0","0","0","0","0","0","0","0","0","0","0","25","0","0","0","19","0","0","0","0","0","0","0","0","0","0","0","0","0","0","0","0","19"
"0x7fc1235b1e00","      FMUL2 R92, R92.F32x2.HI_LO, R162.F32","33","21","33","943800","30201600","30201600","32","32","0","0","0","-","-","-","0","0","0","0","0","0","0","0","0","-","0","0","0","0","0","0","0","0","0","0","0","0","0","0","0","0","0","0","12","0","0","0","21","0","0","0","0","0","0","0","0","0","0","0","0","0","0","0","0","21"
"0x7fc1235b1e10","      FMUL2 R94, R94.F32x2.HI_LO, R162.F32","39","21","39","943800","30201600","30201600","32","32","0","0","0","-","-","-","0","0","0","0","0","0","0","0","0","-","0","0","0","0","0","0","0","0","0","0","0","0","0","0","0","0","0","0","18","0","0","0","21","0","0","0","0","0","0","0","0","0","0","0","0","0","0","0","0","21"
"0x7fc1235b1e20","      FMUL2 R96, R96.F32x2.HI_LO, R162.F32","40","22","40","943800","30201600","30201600","32","32","0","0","0","-","-","-","0","0","0","0","0","0","0","0","0","-","0","0","0","0","0","0","0","0","0","0","0","0","0","0","0","0","0","0","18","0","0","0","22","0","0","0","0","0","0","0","0","0","0","0","0","0","0","0","0","22"
"0x7fc1235b1e30","      FMUL2 R98, R98.F32x2.HI_LO, R162.F32","40","21","40","943800","30201600","30201600","32","32","0","0","0","-","-","-","0","0","0","0","0","0","0","0","0","-","0","0","0","0","0","0","0","0","0","0","0","0","0","0","0","0","0","1","18","0","0","0","21","0","0","0","0","0","0","0","0","0","0","0","0","0","0","0","0","21"
"0x7fc1235b1e40","      STTM.x32 tmem[UR7+0x20], R68","86","33","86","943800","30201600","30201600","32","32","0","0","0","Tmem","Store","-","0","0","0","0","0","0","0","0","0","-","0","0","0","0","0","0","0","0","0","0","0","0","0","0","0","0","0","18","15","0","0","0","53","0","0","0","0","0","0","0","0","0","0","0","0","0","0","0","0","33"
"0x7fc1235b1e50","      LDTM.x32 R36, tmem[UR5+0x40]","15","0","15","943800","30201600","30201600","32","32","0","0","0","Tmem","Load","-","0","0","0","0","0","0","0","0","0","-","0","0","0","0","0","0","0","0","0","0","0","0","0","0","0","0","0","0","15","0","0","0","0","0","0","0","0","0","0","0","0","0","0","0","0","0","0","0","0","0"
"0x7fc1235b1e60","      LDTM.x32 R4, tmem[UR5+0x60]","8","0","8","943800","30201600","30201600","32","32","0","0","0","Tmem","Load","-","0","0","0","0","0","0","0","0","0","-","0","0","0","0","0","0","0","0","0","0","0","0","0","0","0","0","0","0","8","0","0","0","0","0","0","0","0","0","0","0","0","0","0","0","0","0","0","0","0","0"
"0x7fc1235b1e70","      NOP","17","0","17","943800","30201600","30201600","32","32","0","0","0","-","-","-","0","0","0","0","0","0","0","0","0","-","0","0","0","0","0","0","0","0","0","0","0","0","0","0","0","0","0","0","17","0","0","0","0","0","0","0","0","0","0","0","0","0","0","0","0","0","0","0","0","0"
"0x7fc1235b1e80","      FMUL2 R36, R36.F32x2.HI_LO, R162.F32","1597","525","1597","943800","30201600","30201600","32","32","0","0","0","-","-","-","0","0","0","0","0","0","0","0","0","-","0","0","0","0","0","0","0","0","3","0","0","0","149","0","0","0","0","144","16","1285","0","0","0","0","0","0","0","0","0","146","0","0","0","0","0","0","379","0","0","0"
"0x7fc1235b1e90","      FMUL2 R38, R38.F32x2.HI_LO, R162.F32","39","17","39","943800","30201600","30201600","32","32","0","0","0","-","-","-","0","0","0","0","0","0","0","0","0","-","0","0","0","0","0","0","0","0","0","0","0","0","0","0","0","0","0","0","22","0","0","0","17","0","0","0","0","0","0","0","0","0","0","0","0","0","0","0","0","17"
"0x7fc1235b1ea0","      FMUL2 R40, R40.F32x2.HI_LO, R162.F32","67","2","67","943800","30201600","30201600","32","32","0","0","0","-","-","-","0","0","0","0","0","0","0","0","0","-","0","0","0","0","0","0","0","0","3","0","0","0","0","0","0","0","0","29","20","0","0","0","15","0","0","1","0","0","0","0","0","0","0","0","0","0","0","0","0","1"
"0x7fc1235b1eb0","      FMUL2 R42, R42.F32x2.HI_LO, R162.F32","35","15","35","943800","30201600","30201600","32","32","0","0","0","-","-","-","0","0","0","0","0","0","0","0","0","-","0","0","0","0","0","0","0","0","1","0","0","0","0","0","0","0","0","0","18","0","0","0","16","0","0","1","0","0","0","0","0","0","0","0","0","0","0","0","0","14"
"0x7fc1235b1ec0","      FMUL2 R44, R44.F32x2.HI_LO, R162.F32","44","20","44","943800","30201600","30201600","32","32","0","0","0","-","-","-","0","0","0","0","0","0","0","0","0","-","0","0","0","0","0","0","0","0","0","0","0","0","0","0","0","0","0","0","23","0","0","0","21","0","0","0","0","0","0","0","0","0","0","0","0","0","0","0","0","20"
"0x7fc1235b1ed0","      FMUL2 R46, R46.F32x2.HI_LO, R162.F32","63","19","63","943800","30201600","30201600","32","32","0","0","0","-","-","-","0","0","0","0","0","0","0","0","0","-","0","0","0","0","0","0","0","0","2","0","0","0","0","0","0","0","0","1","30","0","0","0","30","0","0","1","0","0","0","0","0","0","0","0","0","0","0","0","0","18"
"0x7fc1235b1ee0","      FMUL2 R48, R48.F32x2.HI_LO, R162.F32","585","31","585","943800","30201600","30201600","32","32","0","0","0","-","-","-","0","0","0","0","0","0","0","0","0","-","0","0","0","0","0","0","0","0","1","0","0","0","0","0","0","0","0","0","21","0","0","0","563","0","0","0","0","0","0","0","0","0","0","0","0","0","0","0","0","31"
"0x7fc1235b1ef0","      FMUL2 R50, R50.F32x2.HI_LO, R162.F32","31","17","31","943800","30201600","30201600","32","32","0","0","0","-","-","-","0","0","0","0","0","0","0","0","0","-","0","0","0","0","0","0","0","0","0","0","0","0","1","0","0","0","0","0","10","0","0","0","20","0","0","0","0","0","0","1","0","0","0","0","0","0","0","0","0","16"
"0x7fc1235b1f00","      FMUL2 R52, R52.F32x2.HI_LO, R162.F32","58","11","58","943800","30201600","30201600","32","32","0","0","0","-","-","-","0","0","0","0","0","0","0","0","0","-","0","0","0","0","0","0","0","0","0","0","0","0","1","0","0","0","0","12","15","0","0","0","30","0","0","0","0","0","0","0","0","0","0","0","0","0","0","0","0","11"
"0x7fc1235b1f10","      FMUL2 R54, R54.F32x2.HI_LO, R162.F32","43","25","43","943800","30201600","30201600","32","32","0","0","0","-","-","-","0","0","0","0","0","0","0","0","0","-","0","0","0","0","0","0","0","0","0","0","0","0","1","0","0","0","0","2","14","0","0","0","26","0","0","0","0","0","0","0","0","0","0","0","0","0","0","0","0","25"
"0x7fc1235b1f20","      FMUL2 R56, R56.F32x2.HI_LO, R162.F32","34","11","34","943800","30201600","30201600","32","32","0","0","0","-","-","-","0","0","0","0","0","0","0","0","0","-","0","0","0","0","0","0","0","0","0","0","0","0","0","0","0","0","0","0","22","0","0","0","12","0","0","0","0","0","0","0","0","0","0","0","0","0","0","0","0","11"
"0x7fc1235b1f30","      FMUL2 R58, R58.F32x2.HI_LO, R162.F32","50","21","50","943800","30201600","30201600","32","32","0","0","0","-","-","-","0","0","0","0","0","0","0","0","0","-","0","0","0","0","0","0","0","0","0","0","0","0","5","0","0","0","0","0","24","0","0","0","21","0","0","0","0","0","0","0","0","0","0","0","0","0","0","0","0","21"
"0x7fc1235b1f40","      FMUL2 R60, R60.F32x2.HI_LO, R162.F32","233","24","233","943800","30201600","30201600","32","32","0","0","0","-","-","-","0","0","0","0","0","0","0","0","0","-","0","0","0","0","0","0","0","0","0","0","0","0","165","0","0","0","0","31","23","0","0","0","14","0","0","0","0","0","0","15","0","0","0","0","0","0","0","0","0","9"
"0x7fc1235b1f50","      FMUL2 R62, R62.F32x2.HI_LO, R162.F32","65","25","65","943800","30201600","30201600","32","32","0","0","0","-","-","-","0","0","0","0","0","0","0","0","0","-","0","0","0","0","0","0","0","0","0","0","0","0","17","0","0","0","0","7","15","0","0","0","26","0","0","0","0","0","0","0","0","0","0","0","0","0","0","0","0","25"
"0x7fc1235b1f60","      FMUL2 R64, R64.F32x2.HI_LO, R162.F32","41","18","41","943800","30201600","30201600","32","32","0","0","0","-","-","-","0","0","0","0","0","0","0","0","0","-","0","0","0","0","0","0","0","0","0","0","0","0","0","0","0","0","0","0","19","0","0","0","22","0","0","0","0","0","0","0","0","0","0","0","0","0","0","0","0","18"
"0x7fc1235b1f70","      FMUL2 R66, R66.F32x2.HI_LO, R162.F32","28","11","28","943800","30201600","30201600","32","32","0","0","0","-","-","-","0","0","0","0","0","0","0","0","0","-","0","0","0","0","0","0","0","0","0","0","0","0","0","0","0","0","0","0","17","0","0","0","11","0","0","0","0","0","0","0","0","0","0","0","0","0","0","0","0","11"
"0x7fc1235b1f80","      FMUL2 R4, R4.F32x2.HI_LO, R162.F32","33","20","33","943800","30201600","30201600","32","32","0","0","0","-","-","-","0","0","0","0","0","0","0","0","0","-","0","0","0","0","0","0","0","0","0","0","0","0","0","0","0","0","0","0","13","0","0","0","20","0","0","0","0","0","0","0","0","0","0","0","0","0","0","0","0","20"
"0x7fc1235b1f90","      FMUL2 R6, R6.F32x2.HI_LO, R162.F32","42","25","42","943800","30201600","30201600","32","32","0","0","0","-","-","-","0","0","0","0","0","0","0","0","0","-","0","0","0","0","0","0","0","0","0","0","0","0","0","0","0","0","0","0","17","0","0","0","25","0","0","0","0","0","0","0","0","0","0","0","0","0","0","0","0","25"
"0x7fc1235b1fa0","      STTM.x32 tmem[UR7+0x40], R36","24","0","24","943800","30201600","30201600","32","32","0","0","0","Tmem","Store","-","0","0","0","0","0","0","0","0","0","-","0","0","0","0","0","0","0","0","0","0","0","0","0","0","0","0","0","0","24","0","0","0","0","0","0","0","0","0","0","0","0","0","0","0","0","0","0","0","0","0"
"0x7fc1235b1fb0","      FMUL2 R8, R8.F32x2.HI_LO, R162.F32","17","0","17","943800","30201600","30201600","32","32","0","0","0","-","-","-","0","0","0","0","0","0","0","0","0","-","0","0","0","0","0","0","0","0","0","0","0","0","0","0","0","0","0","0","17","0","0","0","0","0","0","0","0","0","0","0","0","0","0","0","0","0","0","0","0","0"
"0x7fc1235b1fc0","      FMUL2 R10, R10.F32x2.HI_LO, R162.F32","35","16","35","943800","30201600","30201600","32","32","0","0","0","-","-","-","0","0","0","0","0","0","0","0","0","-","0","0","0","0","0","0","0","0","0","0","0","0","0","0","0","0","0","0","19","0","0","0","16","0","0","0","0","0","0","0","0","0","0","0","0","0","0","0","0","16"
"0x7fc1235b1fd0","      FMUL2 R12, R12.F32x2.HI_LO, R162.F32","33","20","33","943800","30201600","30201600","32","32","0","0","0","-","-","-","0","0","0","0","0","0","0","0","0","-","0","0","0","0","0","0","0","0","0","0","0","0","0","0","0","0","0","0","13","0","0","0","20","0","0","0","0","0","0","0","0","0","0","0","0","0","0","0","0","20"
"0x7fc1235b1fe0","      FMUL2 R14, R14.F32x2.HI_LO, R162.F32","43","21","43","943800","30201600","30201600","32","32","0","0","0","-","-","-","0","0","0","0","0","0","0","0","0","-","0","0","0","0","0","0","0","0","0","0","0","0","0","0","0","0","0","0","22","0","0","0","21","0","0","0","0","0","0","0","0","0","0","0","0","0","0","0","0","21"
"0x7fc1235b1ff0","      FMUL2 R16, R16.F32x2.HI_LO, R162.F32","36","17","36","943800","30201600","30201600","32","32","0","0","0","-","-","-","0","0","0","0","0","0","0","0","0","-","0","0","0","0","0","0","0","0","0","0","0","0","0","0","0","0","0","0","19","0","0","0","17","0","0","0","0","0","0","0","0","0","0","0","0","0","0","0","0","17"
"0x7fc1235b2000","      FMUL2 R18, R18.F32x2.HI_LO, R162.F32","164","18","164","943800","30201600","30201600","32","32","0","0","0","-","-","-","0","0","0","0","0","0","0","0","0","-","0","0","0","0","0","0","0","0","0","0","0","0","1","0","0","0","0","0","16","0","0","0","147","0","0","0","0","0","0","0","0","0","0","0","0","0","0","0","0","18"
"0x7fc1235b2010","      FMUL2 R20, R20.F32x2.HI_LO, R162.F32","42","31","42","943800","30201600","30201600","32","32","0","0","0","-","-","-","0","0","0","0","0","0","0","0","0","-","0","0","0","0","0","0","0","0","0","0","0","0","0","0","0","0","0","1","10","0","0","0","31","0","0","0","0","0","0","0","0","0","0","0","0","0","0","0","0","31"
"0x7fc1235b2020","      FMUL2 R22, R22.F32x2.HI_LO, R162.F32","33","18","33","943800","30201600","30201600","32","32","0","0","0","-","-","-","0","0","0","0","0","0","0","0","0","-","0","0","0","0","0","0","0","0","0","0","0","0","0","0","0","0","0","1","14","0","0","0","18","0","0","0","0","0","0","0","0","0","0","0","0","0","0","0","0","18"
"0x7fc1235b2030","      FMUL2 R24, R24.F32x2.HI_LO, R162.F32","39","21","39","943800","30201600","30201600","32","32","0","0","0","-","-","-","0","0","0","0","0","0","0","0","0","-","0","0","0","0","0","0","0","0","0","0","0","0","0","0","0","0","0","0","18","0","0","0","21","0","0","0","0","0","0","0","0","0","0","0","0","0","0","0","0","21"
"0x7fc1235b2040","      FMUL2 R26, R26.F32x2.HI_LO, R162.F32","24","11","24","943800","30201600","30201600","32","32","0","0","0","-","-","-","0","0","0","0","0","0","0","0","0","-","0","0","0","0","0","0","0","0","0","0","0","0","0","0","0","0","0","0","13","0","0","0","11","0","0","0","0","0","0","0","0","0","0","0","0","0","0","0","0","11"
"0x7fc1235b2050","      FMUL2 R28, R28.F32x2.HI_LO, R162.F32","38","21","38","943800","30201600","30201600","32","32","0","0","0","-","-","-","0","0","0","0","0","0","0","0","0","-","0","0","0","0","0","0","0","0","0","0","0","0","0","0","0","0","0","0","16","0","0","0","22","0","0","0","0","0","0","0","0","0","0","0","0","0","0","0","0","21"
"0x7fc1235b2060","      FMUL2 R30, R30.F32x2.HI_LO, R162.F32","46","22","46","943800","30201600","30201600","32","32","0","0","0","-","-","-","0","0","0","0","0","0","0","0","0","-","0","0","0","0","0","0","0","0","0","0","0","0","0","0","0","0","0","0","24","0","0","0","22","0","0","0","0","0","0","0","0","0","0","0","0","0","0","0","0","22"
"0x7fc1235b2070","      FMUL2 R32, R32.F32x2.HI_LO, R162.F32","30","13","30","943800","30201600","30201600","32","32","0","0","0","-","-","-","0","0","0","0","0","0","0","0","0","-","0","0","0","0","0","0","0","0","0","0","0","0","0","0","0","0","0","0","17","0","0","0","13","0","0","0","0","0","0","0","0","0","0","0","0","0","0","0","0","13"
"0x7fc1235b2080","      FMUL2 R34, R34.F32x2.HI_LO, R162.F32","35","16","35","943800","30201600","30201600","32","32","0","0","0","-","-","-","0","0","0","0","0","0","0","0","0","-","0","0","0","0","0","0","0","0","0","0","0","0","0","0","0","0","0","0","19","0","0","0","16","0","0","0","0","0","0","0","0","0","0","0","0","0","0","0","0","16"
"0x7fc1235b2090","      STTM.x32 tmem[UR5+0x60], R4","138","32","138","943800","30201600","30201600","32","32","0","0","0","Tmem","Store","-","0","0","0","0","0","0","0","0","0","-","0","0","0","0","0","0","0","0","1","0","0","0","0","0","0","0","0","50","21","0","0","0","66","0","0","0","0","0","0","0","0","0","0","0","0","0","0","0","0","32"
"0x7fc1235b20a0","      FENCE.VIEW.ASYNC.T","20","0","20","943800","30201600","30201600","32","32","0","0","0","-","-","-","0","0","0","0","0","0","0","0","0","-","0","0","0","0","0","0","0","0","1","0","0","0","0","0","0","0","0","0","19","0","0","0","0","0","0","0","0","0","0","0","0","0","0","0","0","0","0","0","0","0"
"0x7fc1235b20b0","      NOP","619","201","619","1048576","33554432","33554432","32","32","0","0","0","-","-","-","0","0","0","0","0","0","0","0","0","-","0","0","0","0","0","0","0","3","0","0","0","0","0","0","0","0","29","14","17","535","0","0","21","0","2","0","0","0","0","0","0","0","0","25","0","0","174","0","0","0"
"0x7fc1235b20c0","      MEMBAR.ALL.CTA","22","0","22","1048576","33554432","33554432","32","32","0","0","0","-","-","-","0","0","0","0","0","0","0","0","0","-","0","0","0","0","0","0","0","0","0","0","0","0","0","0","0","0","0","0","22","0","0","0","0","0","0","0","0","0","0","0","0","0","0","0","0","0","0","0","0","0"
"0x7fc1235b20d0","      FENCE.VIEW.ASYNC.S","188","101","188","1048576","33554432","33554432","32","32","0","0","0","-","-","-","0","0","0","0","0","0","0","0","0","-","0","0","0","0","0","0","0","0","0","0","0","56","0","0","0","0","0","14","20","0","0","0","98","0","0","0","0","0","28","0","0","0","0","0","0","0","0","0","0","73"
"0x7fc1235b20e0","      FADD R132, R133, R132","28","0","28","1048576","33554432","33554432","32","32","0","0","0","-","-","-","0","0","0","0","0","0","0","0","0","-","0","0","0","0","0","0","0","0","0","0","0","0","0","0","0","0","0","0","28","0","0","0","0","0","0","0","0","0","0","0","0","0","0","0","0","0","0","0","0","0"
"0x7fc1235b20f0","      FADD R3, R0, R3","19","0","19","1048576","33554432","33554432","32","32","0","0","0","-","-","-","0","0","0","0","0","0","0","0","0","-","0","0","0","0","0","0","0","0","0","0","0","0","0","0","0","0","0","0","19","0","0","0","0","0","0","0","0","0","0","0","0","0","0","0","0","0","0","0","0","0"
"0x7fc1235b2100","      FADD R136, R137, R136","18","0","18","1048576","33554432","33554432","32","32","0","0","0","-","-","-","0","0","0","0","0","0","0","0","0","-","0","0","0","0","0","0","0","0","0","0","0","0","0","0","0","0","0","0","18","0","0","0","0","0","0","0","0","0","0","0","0","0","0","0","0","0","0","0","0","0"
"0x7fc1235b2110","      S2R R4, SR_TID.X","13","0","13","1048576","33554432","33554432","32","32","0","0","0","-","-","-","0","0","0","0","0","0","0","0","0","-","0","0","0","0","0","0","0","0","0","0","0","0","0","0","0","0","0","0","13","0","0","0","0","0","0","0","0","0","0","0","0","0","0","0","0","0","0","0","0","0"
"0x7fc1235b2120","      FADD R135, R135, R134","17","0","17","1048576","33554432","33554432","32","32","0","0","0","-","-","-","0","0","0","0","0","0","0","0","0","-","0","0","0","0","0","0","0","0","0","0","0","0","0","0","0","0","0","0","17","0","0","0","0","0","0","0","0","0","0","0","0","0","0","0","0","0","0","0","0","0"
"0x7fc1235b2130","      FADD R140, R141, R140","21","0","21","1048576","33554432","33554432","32","32","0","0","0","-","-","-","0","0","0","0","0","0","0","0","0","-","0","0","0","0","0","0","0","0","0","0","0","0","0","0","0","0","0","0","21","0","0","0","0","0","0","0","0","0","0","0","0","0","0","0","0","0","0","0","0","0"
"0x7fc1235b2140","      FADD R139, R139, R138","20","0","20","1048576","33554432","33554432","32","32","0","0","0","-","-","-","0","0","0","0","0","0","0","0","0","-","0","0","0","0","0","0","0","0","1","0","0","0","0","0","0","0","0","0","19","0","0","0","0","0","0","0","0","0","0","0","0","0","0","0","0","0","0","0","0","0"
"0x7fc1235b2150","      FADD R144, R145, R144","17","0","17","1048576","33554432","33554432","32","32","0","0","0","-","-","-","0","0","0","0","0","0","0","0","0","-","0","0","0","0","0","0","0","0","0","0","0","0","0","0","0","0","0","0","17","0","0","0","0","0","0","0","0","0","0","0","0","0","0","0","0","0","0","0","0","0"
"0x7fc1235b2160","      FADD R143, R143, R142","23","0","23","1048576","33554432","33554432","32","32","0","0","0","-","-","-","0","0","0","0","0","0","0","0","0","-","0","0","0","0","0","0","0","0","0","0","0","0","0","0","0","0","0","0","23","0","0","0","0","0","0","0","0","0","0","0","0","0","0","0","0","0","0","0","0","0"
"0x7fc1235b2170","      FADD R148, R149, R148","21","0","21","1048576","33554432","33554432","32","32","0","0","0","-","-","-","0","0","0","0","0","0","0","0","0","-","0","0","0","0","0","0","0","0","0","0","0","0","0","0","0","0","0","0","21","0","0","0","0","0","0","0","0","0","0","0","0","0","0","0","0","0","0","0","0","0"
"0x7fc1235b2180","      FADD R147, R147, R146","35","0","35","1048576","33554432","33554432","32","32","0","0","0","-","-","-","0","0","0","0","0","0","0","0","0","-","0","0","0","0","0","0","0","0","0","0","0","0","0","0","0","0","0","1","34","0","0","0","0","0","0","0","0","0","0","0","0","0","0","0","0","0","0","0","0","0"
"0x7fc1235b2190","      FADD R152, R153, R152","13","0","13","1048576","33554432","33554432","32","32","0","0","0","-","-","-","0","0","0","0","0","0","0","0","0","-","0","0","0","0","0","0","0","0","0","0","0","0","0","0","0","0","0","0","13","0","0","0","0","0","0","0","0","0","0","0","0","0","0","0","0","0","0","0","0","0"
"0x7fc1235b21a0","      FADD R151, R151, R150","22","0","22","1048576","33554432","33554432","32","32","0","0","0","-","-","-","0","0","0","0","0","0","0","0","0","-","0","0","0","0","0","0","0","0","0","0","0","0","0","0","0","0","0","0","22","0","0","0","0","0","0","0","0","0","0","0","0","0","0","0","0","0","0","0","0","0"
"0x7fc1235b21b0","      FADD R156, R157, R156","19","0","19","1048576","33554432","33554432","32","32","0","0","0","-","-","-","0","0","0","0","0","0","0","0","0","-","0","0","0","0","0","0","0","0","0","0","0","0","0","0","0","0","0","0","19","0","0","0","0","0","0","0","0","0","0","0","0","0","0","0","0","0","0","0","0","0"
"0x7fc1235b21c0","      FADD R155, R155, R154","14","0","14","1048576","33554432","33554432","32","32","0","0","0","-","-","-","0","0","0","0","0","0","0","0","0","-","0","0","0","0","0","0","0","0","0","0","0","0","0","0","0","0","0","0","14","0","0","0","0","0","0","0","0","0","0","0","0","0","0","0","0","0","0","0","0","0"
"0x7fc1235b21d0","      FADD R160, R161, R160","17","0","17","1048576","33554432","33554432","32","32","0","0","0","-","-","-","0","0","0","0","0","0","0","0","0","-","0","0","0","0","0","0","0","0","0","0","0","0","0","0","0","0","0","0","17","0","0","0","0","0","0","0","0","0","0","0","0","0","0","0","0","0","0","0","0","0"
"0x7fc1235b21e0","      FADD R159, R158, R159","17","0","17","1048576","33554432","33554432","32","32","0","0","0","-","-","-","0","0","0","0","0","0","0","0","0","-","0","0","0","0","0","0","0","0","0","0","0","0","0","0","0","0","0","0","17","0","0","0","0","0","0","0","0","0","0","0","0","0","0","0","0","0","0","0","0","0"
"0x7fc1235b21f0","      FADD R3, R132, R3","15","0","15","1048576","33554432","33554432","32","32","0","0","0","-","-","-","0","0","0","0","0","0","0","0","0","-","0","0","0","0","0","0","0","0","0","0","0","0","0","0","0","0","0","0","15","0","0","0","0","0","0","0","0","0","0","0","0","0","0","0","0","0","0","0","0","0"
"0x7fc1235b2200","      FADD R136, R136, R135","233","67","233","1048576","33554432","33554432","32","32","0","0","0","-","-","-","0","0","0","0","0","0","0","0","0","-","0","0","0","0","0","0","0","0","0","0","0","0","124","0","0","0","8","80","21","0","0","0","0","0","0","0","0","0","0","63","0","0","0","4","0","0","0","0","0","0"
"0x7fc1235b2210","      FADD R139, R140, R139","21","0","21","1048576","33554432","33554432","32","32","0","0","0","-","-","-","0","0","0","0","0","0","0","0","0","-","0","0","0","0","0","0","0","0","0","0","0","0","0","0","0","0","0","0","21","0","0","0","0","0","0","0","0","0","0","0","0","0","0","0","0","0","0","0","0","0"
"0x7fc1235b2220","      FADD R144, R144, R143","19","0","19","1048576","33554432","33554432","32","32","0","0","0","-","-","-","0","0","0","0","0","0","0","0","0","-","0","0","0","0","0","0","0","0","0","0","0","0","0","0","0","0","0","0","19","0","0","0","0","0","0","0","0","0","0","0","0","0","0","0","0","0","0","0","0","0"
"0x7fc1235b2230","      FADD R147, R148, R147","21","0","21","1048576","33554432","33554432","32","32","0","0","0","-","-","-","0","0","0","0","0","0","0","0","0","-","0","0","0","0","0","0","0","0","0","0","0","0","0","0","0","0","0","0","21","0","0","0","0","0","0","0","0","0","0","0","0","0","0","0","0","0","0","0","0","0"
"0x7fc1235b2240","      FADD R152, R152, R151","12","0","12","1048576","33554432","33554432","32","32","0","0","0","-","-","-","0","0","0","0","0","0","0","0","0","-","0","0","0","0","0","0","0","0","0","0","0","0","0","0","0","0","0","0","12","0","0","0","0","0","0","0","0","0","0","0","0","0","0","0","0","0","0","0","0","0"
"0x7fc1235b2250","      SYNCS.ARRIVE.TRANS64.A1T0 RZ, [UR4+0x2f930], RZ","46","3","46","1048576","33554432","33554432","32","32","0","0","0","-","-","-","0","0","0","0","0","0","0","0","0","-","0","0","0","0","0","0","0","0","0","0","0","20","0","0","0","0","0","9","17","0","0","0","0","0","0","0","0","0","3","0","0","0","0","0","0","0","0","0","0","0"
"0x7fc1235b2260","      FADD R155, R156, R155","14","0","14","1048576","33554432","33554432","32","32","0","0","0","-","-","-","0","0","0","0","0","0","0","0","0","-","0","0","0","0","0","0","0","0","0","0","0","0","0","0","0","0","0","0","14","0","0","0","0","0","0","0","0","0","0","0","0","0","0","0","0","0","0","0","0","0"
"0x7fc1235b2270","      FADD R160, R160, R159","19","0","19","1048576","33554432","33554432","32","32","0","0","0","-","-","-","0","0","0","0","0","0","0","0","0","-","0","0","0","0","0","0","0","0","0","0","0","0","0","0","0","0","0","0","19","0","0","0","0","0","0","0","0","0","0","0","0","0","0","0","0","0","0","0","0","0"
"0x7fc1235b2280","      FADD R3, R3, R136","82","27","82","1048576","33554432","33554432","32","32","0","0","0","-","-","-","0","0","0","0","0","0","0","0","0","-","0","0","0","0","0","0","0","0","0","0","0","0","39","0","0","0","1","22","20","0","0","0","0","0","0","0","0","0","0","26","0","0","0","1","0","0","0","0","0","0"
"0x7fc1235b2290","      FADD R144, R139, R144","24","0","24","1048576","33554432","33554432","32","32","0","0","0","-","-","-","0","0","0","0","0","0","0","0","0","-","0","0","0","0","0","0","0","0","0","0","0","0","0","0","0","0","0","0","24","0","0","0","0","0","0","0","0","0","0","0","0","0","0","0","0","0","0","0","0","0"
"0x7fc1235b22a0","      FADD R147, R147, R152","22","0","22","1048576","33554432","33554432","32","32","0","0","0","-","-","-","0","0","0","0","0","0","0","0","0","-","0","0","0","0","0","0","0","0","0","0","0","0","0","0","0","0","0","0","22","0","0","0","0","0","0","0","0","0","0","0","0","0","0","0","0","0","0","0","0","0"
"0x7fc1235b22b0","      FADD R160, R155, R160","16","0","16","1048576","33554432","33554432","32","32","0","0","0","-","-","-","0","0","0","0","0","0","0","0","0","-","0","0","0","0","0","0","0","0","0","0","0","0","0","0","0","0","0","0","16","0","0","0","0","0","0","0","0","0","0","0","0","0","0","0","0","0","0","0","0","0"
"0x7fc1235b22c0","      SYNCS.PHASECHK.TRANS64.TRYWAIT P1, [UR4+0x2f928], R175","27","0","27","1048576","33554432","33554432","32","32","0","0","0","-","-","-","0","0","0","0","0","0","0","0","0","-","0","0","0","0","0","0","0","0","0","0","0","0","0","0","0","0","0","0","27","0","0","0","0","0","0","0","0","0","0","0","0","0","0","0","0","0","0","0","0","0"
"0x7fc1235b22d0","      FADD R0, R3, R144","21","0","21","1048576","33554432","33554432","32","32","0","0","0","-","-","-","0","0","0","0","0","0","0","0","0","-","0","0","0","0","0","0","0","0","0","0","0","0","0","0","0","0","0","0","21","0","0","0","0","0","0","0","0","0","0","0","0","0","0","0","0","0","0","0","0","0"
"0x7fc1235b22e0","      FADD R147, R147, R160","63","19","63","1048576","33554432","33554432","32","32","0","0","0","-","-","-","0","0","0","0","0","0","0","0","0","-","0","0","0","0","0","0","0","0","0","0","0","0","4","0","0","0","0","8","22","0","0","0","29","0","0","0","0","0","0","2","0","0","0","0","0","0","0","0","0","17"
"0x7fc1235b22f0","      FADD R0, R0, R147","269","87","269","1048576","33554432","33554432","32","32","0","0","0","-","-","-","0","0","0","0","0","0","0","0","0","-","0","0","0","0","0","0","0","0","2","0","0","0","136","0","0","0","0","65","25","0","0","0","41","0","0","0","0","0","0","51","0","0","0","0","0","0","0","0","0","36"
"0x7fc1235b2300","      ISETP.NE.U32.AND P0, PT, R4, RZ, PT","32","0","32","1048576","33554432","33554432","32","32","0","0","0","-","-","-","0","0","0","0","0","0","0","0","0","-","0","0","0","0","0","0","0","0","14","0","0","0","0","0","0","0","1","0","17","0","0","0","0","0","0","0","0","0","0","0","0","0","0","0","0","0","0","0","0","0"
"0x7fc1235b2310","      FFMA R163, R163, R162, R0","66","35","66","1048576","33554432","33554432","32","32","0","0","0","-","-","-","0","0","0","0","0","0","0","0","0","-","0","0","0","0","0","0","0","0","0","0","0","0","0","0","0","0","0","1","19","0","0","0","46","0","0","0","0","0","0","0","0","0","0","0","0","0","0","0","0","35"
"0x7fc1235b2320","@!P1  BRA 0x7fc1235b3620","17251","16232","17251","1048576","33554432","33554432","32","32","0","0","0","-","-","-","0","0","0","0","0","0","0","0","0","-","0","0","0","0","0","0","0","0","0","0","0","17221","0","0","0","0","0","8","22","0","0","0","0","0","0","0","0","0","16232","0","0","0","0","0","0","0","0","0","0","0"
"0x7fc1235b2330","      VIADD R179, R179, 0x1","219","100","219","1048576","33554432","33554432","32","32","0","0","0","-","-","-","0","0","0","0","0","0","0","0","0","-","0","0","0","0","0","0","0","0","0","0","0","0","9","0","0","0","0","9","32","0","0","0","169","0","0","0","0","0","0","0","0","0","0","0","0","0","0","0","0","100"
"0x7fc1235b2340","      UIADD3 UR6, UPT, UPT, UR6, 0x1, URZ","17","0","17","1048576","33554432","33554432","32","32","0","0","0","-","-","-","0","0","0","0","0","0","0","0","0","-","0","0","0","0","0","0","0","0","0","0","0","0","0","0","0","0","0","0","17","0","0","0","0","0","0","0","0","0","0","0","0","0","0","0","0","0","0","0","0","0"
"0x7fc1235b2350","      NOP","21","0","21","1048576","33554432","33554432","32","32","0","0","0","-","-","-","0","0","0","0","0","0","0","0","0","-","0","0","0","0","0","0","0","0","0","0","0","0","0","0","0","0","0","0","21","0","0","0","0","0","0","0","0","0","0","0","0","0","0","0","0","0","0","0","0","0"
"0x7fc1235b2360","      NOP","23","0","23","1048576","33554432","33554432","32","32","0","0","0","-","-","-","0","0","0","0","0","0","0","0","0","-","0","0","0","0","0","0","0","0","0","0","0","0","0","0","0","0","0","0","23","0","0","0","0","0","0","0","0","0","0","0","0","0","0","0","0","0","0","0","0","0"
"0x7fc1235b2370","@!P0  SYNCS.ARRIVE.TRANS64.A1T0 RZ, [R178+URZ+0x2f958], RZ","22","0","22","1048576","33554432","131072","32","0","32","32","0","-","-","-","0","0","0","0","0","0","0","0","0","-","0","0","0","0","0","0","0","0","0","0","0","0","0","0","0","0","0","0","22","0","0","0","0","0","0","0","0","0","0","0","0","0","0","0","0","0","0","0","0","0"
"0x7fc1235b2380","      ISETP.NE.U32.AND P1, PT, R179, 0x2, PT","23","0","23","1048576","33554432","33554432","32","32","32","0","0","-","-","-","0","0","0","0","0","0","0","0","0","-","0","0","0","0","0","0","0","0","0","0","0","0","0","0","0","0","0","0","23","0","0","0","0","0","0","0","0","0","0","0","0","0","0","0","0","0","0","0","0","0"
"0x7fc1235b2390","      VIADD R0, R180, 0x1","24","0","24","1048576","33554432","33554432","32","32","0","0","0","-","-","-","0","0","0","0","0","0","0","0","0","-","0","0","0","0","0","0","0","0","0","0","0","0","0","0","0","0","0","0","24","0","0","0","0","0","0","0","0","0","0","0","0","0","0","0","0","0","0","0","0","0"
"0x7fc1235b23a0","      ISETP.NE.U32.AND P0, PT, R183, UR6, PT","16","0","16","1048576","33554432","33554432","32","32","0","0","0","-","-","-","0","0","0","0","0","0","0","0","0","-","0","0","0","0","0","0","0","0","0","0","0","0","0","0","0","0","0","0","16","0","0","0","0","0","0","0","0","0","0","0","0","0","0","0","0","0","0","0","0","0"
"0x7fc1235b23b0","      IMAD.MOV.U32 R39, RZ, RZ, R2","22","0","22","1048576","33554432","33554432","32","32","0","0","0","-","-","-","0","0","0","0","0","0","0","0","0","-","0","0","0","0","0","0","0","0","0","0","0","0","0","0","0","0","0","0","22","0","0","0","0","0","0","0","0","0","0","0","0","0","0","0","0","0","0","0","0","0"
"0x7fc1235b23c0","      SEL R179, R179, RZ, P1","14","0","14","1048576","33554432","33554432","32","32","0","0","0","-","-","-","0","0","0","0","0","0","0","0","0","-","0","0","0","0","0","0","0","0","0","0","0","0","0","0","0","0","0","0","14","0","0","0","0","0","0","0","0","0","0","0","0","0","0","0","0","0","0","0","0","0"
"0x7fc1235b23d0","@P1   IADD3 R0, PT, PT, R180, RZ, RZ","192","56","192","1048576","33554432","16777216","32","16","16","16","0","-","-","-","0","0","0","0","0","0","0","0","0","-","0","0","0","0","0","0","0","0","0","0","0","0","25","0","0","0","0","17","16","0","0","0","134","0","0","0","0","0","0","12","0","0","0","0","0","0","0","0","0","44"
"0x7fc1235b23e0","      MOV R180, R0","105","60","105","1048576","33554432","33554432","32","32","16","0","0","-","-","-","0","0","0","0","0","0","0","0","0","-","0","0","0","0","0","0","0","0","0","0","0","0","5","0","0","0","0","5","29","0","0","0","66","0","0","0","0","0","0","4","0","0","0","0","0","0","0","0","0","56"
"0x7fc1235b23f0","@P0   BRA 0x7fc1235b1060","21","0","21","1048576","33554432","31457280","32","30","2","2","0","-","-","-","0","0","0","0","0","0","0","0","0","-","0","0","0","0","0","0","0","0","0","0","0","0","0","0","0","0","0","0","21","0","0","0","0","0","0","0","0","0","0","0","0","0","0","0","0","0","0","0","0","0"
"0x7fc1235b2400","      S2R R0, SR_TID.X","91","69","91","65536","2097152","2097152","32","32","2","0","0","-","-","-","0","0","0","0","0","0","0","0","0","-","0","0","0","0","0","0","0","0","0","0","0","0","0","0","0","0","0","0","18","0","0","0","73","0","0","0","0","0","0","0","0","0","0","0","0","0","0","0","0","69"
"0x7fc1235b2410","      STS [R165+UR4+0x2f100], R163","2","0","2","65536","2097152","2097152","32","32","0","0","0","Shared","Store","32","0","1","0","65536","65536","0","0","0","0","-","0","0","0","0","0","0","0","0","0","0","0","0","0","0","0","0","0","0","2","0","0","0","0","0","0","0","0","0","0","0","0","0","0","0","0","0","0","0","0","0"
"0x7fc1235b2420","      NOP","2","0","2","65536","2097152","2097152","32","32","0","0","0","-","-","-","0","0","0","0","0","0","0","0","0","-","0","0","0","0","0","0","0","0","0","0","0","0","0","0","0","0","0","0","2","0","0","0","0","0","0","0","0","0","0","0","0","0","0","0","0","0","0","0","0","0"
"0x7fc1235b2430","      BAR.SYNC.DEFER_BLOCKING 0x1, 0x100","0","0","0","65536","2097152","2097152","32","32","0","0","0","-","-","-","0","0","0","0","0","0","0","0","0","-","0","0","0","0","0","0","0","0","0","0","0","0","0","0","0","0","0","0","0","0","0","0","0","0","0","0","0","0","0","0","0","0","0","0","0","0","0","0","0","0"
"0x7fc1235b2440","      ISETP.GT.U32.AND P0, PT, R0, 0x3f, PT","32","18","32","65536","2097152","2097152","32","32","0","0","0","-","-","-","0","0","0","0","0","0","0","0","0","-","0","0","0","0","0","0","0","0","0","0","0","0","1","0","0","0","0","0","1","30","0","0","0","0","0","0","0","0","0","0","0","0","0","0","0","0","18","0","0","0"
"0x7fc1235b2450","      NOP","7","2","7","65536","2097152","2097152","32","32","0","0","0","-","-","-","0","0","0","0","0","0","0","0","0","-","0","0","0","0","0","0","2","0","0","0","0","0","0","0","0","0","0","1","1","0","0","0","3","1","0","0","0","0","0","0","0","0","0","0","0","0","0","0","0","1"
"0x7fc1235b2460","@P0   BRA 0x7fc1235b25d0","8","5","8","65536","2097152","1572864","32","24","8","8","0","-","-","-","0","0","0","0","0","0","0","0","0","-","0","0","0","0","0","0","0","0","0","0","0","0","0","0","0","0","0","0","1","0","0","0","7","0","0","0","0","0","0","0","0","0","0","0","0","0","0","0","0","5"
"0x7fc1235b2470","      LDS R5, [R164+UR4+0x2f100]","9","4","9","16384","524288","524288","32","32","8","0","0","Shared","Load","32","0","1","0","16384","16384","0","0","0","0","-","0","0","0","0","0","0","0","0","0","0","0","0","0","0","0","0","0","0","1","0","0","0","8","0","0","0","0","0","0","0","0","0","0","0","0","0","0","0","0","4"
"0x7fc1235b2480","      BSSY.RECONVERGENT B1, 0x7fc1235b25c0","1","0","1","16384","524288","524288","32","32","0","0","0","-","-","-","0","0","0","0","0","0","0","0","0","-","0","0","0","0","0","0","0","0","0","0","0","0","0","0","0","0","0","0","1","0","0","0","0","0","0","0","0","0","0","0","0","0","0","0","0","0","0","0","0","0"
"0x7fc1235b2490","      LDS R2, [R164+UR4+0x2f200]","0","0","0","16384","524288","524288","32","32","0","0","0","Shared","Load","32","0","1","0","16384","16384","0","0","0","0","-","0","0","0","0","0","0","0","0","0","0","0","0","0","0","0","0","0","0","0","0","0","0","0","0","0","0","0","0","0","0","0","0","0","0","0","0","0","0","0","0"
"0x7fc1235b24a0","      LDS R3, [R164+UR4+0x2f300]","3","0","3","16384","524288","524288","32","32","0","0","0","Shared","Load","32","0","1","0","16384","16384","0","0","0","0","-","0","0","0","0","0","0","0","0","0","0","0","0","0","0","0","0","0","0","2","0","0","0","1","0","0","0","0","0","0","0","0","0","0","0","0","0","0","0","0","0"
"0x7fc1235b24b0","      LDS R0, [R164+UR4+0x2f400]","2","2","2","16384","524288","524288","32","32","0","0","0","Shared","Load","32","0","1","0","16384","16384","0","0","0","0","-","0","0","0","0","0","0","0","0","0","0","0","0","0","0","0","0","0","0","0","0","0","0","2","0","0","0","0","0","0","0","0","0","0","0","0","0","0","0","0","2"
"0x7fc1235b24c0","      FADD R2, R5, R2","4","2","4","16384","524288","524288","32","32","0","0","0","-","-","-","0","0","0","0","0","0","0","0","0","-","0","0","0","0","0","0","0","0","0","0","0","0","0","0","0","0","0","0","0","4","0","0","0","0","0","0","0","0","0","0","0","0","0","0","0","0","2","0","0","0"
"0x7fc1235b24d0","      FADD R3, R3, R0","2","2","2","16384","524288","524288","32","32","0","0","0","-","-","-","0","0","0","0","0","0","0","0","0","-","0","0","0","0","0","0","0","0","0","0","0","0","0","0","0","0","0","0","0","2","0","0","0","0","0","0","0","0","0","0","0","0","0","0","0","0","2","0","0","0"
"0x7fc1235b24e0","      FADD R8, R2, R3","1","1","1","16384","524288","524288","32","32","0","0","0","-","-","-","0","0","0","0","0","0","0","0","0","-","0","0","0","0","0","0","0","0","0","0","0","0","0","0","0","0","0","0","0","0","0","0","1","0","0","0","0","0","0","0","0","0","0","0","0","0","0","0","0","1"
"0x7fc1235b24f0","      IADD3 R0, PT, PT, R8, 0x1800000, RZ","0","0","0","16384","524288","524288","32","32","0","0","0","-","-","-","0","0","0","0","0","0","0","0","0","-","0","0","0","0","0","0","0","0","0","0","0","0","0","0","0","0","0","0","0","0","0","0","0","0","0","0","0","0","0","0","0","0","0","0","0","0","0","0","0","0"
"0x7fc1235b2500","      LOP3.LUT R0, R0, 0x7f800000, RZ, 0xc0, !PT","1","1","1","16384","524288","524288","32","32","0","0","0","-","-","-","0","0","0","0","0","0","0","0","0","-","0","0","0","0","0","0","0","0","0","0","0","0","0","0","0","0","0","0","0","0","0","0","1","0","0","0","0","0","0","0","0","0","0","0","0","0","0","0","0","1"
"0x7fc1235b2510","      ISETP.GT.U32.AND P0, PT, R0, 0x1ffffff, PT","0","0","0","16384","524288","524288","32","32","0","0","0","-","-","-","0","0","0","0","0","0","0","0","0","-","0","0","0","0","0","0","0","0","0","0","0","0","0","0","0","0","0","0","0","0","0","0","0","0","0","0","0","0","0","0","0","0","0","0","0","0","0","0","0","0"
"0x7fc1235b2520","@P0   BRA 0x7fc1235b2560","7","6","7","16384","524288","524288","32","32","0","0","0","-","-","-","0","0","0","0","0","0","0","0","0","-","0","0","0","0","0","0","0","0","0","0","0","0","0","0","0","0","0","0","0","0","0","0","7","0","0","0","0","0","0","0","0","0","0","0","0","0","0","0","0","6"
"0x7fc1235b2530","      MOV R2, 0x4bd0","1","1","1","0","0","0","0","0","32","32","0","-","-","-","0","0","0","0","0","0","0","0","0","-","0","0","0","0","0","0","0","0","0","0","0","0","0","0","0","0","0","0","0","0","0","0","1","0","0","0","0","0","0","0","0","0","0","0","0","0","0","0","0","1"
"0x7fc1235b2540","      CALL.REL.NOINC 0x7fc1235b36d0","0","0","0","0","0","0","0","0","0","32","0","-","-","-","0","0","0","0","0","0","0","0","0","-","0","0","0","0","0","0","0","0","0","0","0","0","0","0","0","0","0","0","0","0","0","0","0","0","0","0","0","0","0","0","0","0","0","0","0","0","0","0","0","0"
"0x7fc1235b2550","      BRA 0x7fc1235b25a0","0","0","0","0","0","0","0","0","0","32","0","-","-","-","0","0","0","0","0","0","0","0","0","-","0","0","0","0","0","0","0","0","0","0","0","0","0","0","0","0","0","0","0","0","0","0","0","0","0","0","0","0","0","0","0","0","0","0","0","0","0","0","0","0"
"0x7fc1235b2560","      MUFU.RCP R3, R8","2","2","2","16384","524288","524288","32","32","32","0","0","-","-","-","0","0","0","0","0","0","0","0","0","-","0","0","0","0","0","0","0","1","0","0","0","0","0","0","0","0","1","0","0","0","0","0","0","0","1","0","0","0","0","0","0","0","0","1","0","0","0","0","0","0"
"0x7fc1235b2570","      FFMA R0, R8, R3, -1","14","7","14","16384","524288","524288","32","32","0","0","0","-","-","-","0","0","0","0","0","0","0","0","0","-","0","0","0","0","0","0","0","0","0","0","0","0","0","0","0","0","0","1","0","13","0","0","0","0","0","0","0","0","0","0","0","0","0","0","0","0","7","0","0","0"
"0x7fc1235b2580","      FADD.FTZ R0, -RZ, -R0","2","2","2","16384","524288","524288","32","32","0","0","0","-","-","-","0","0","0","0","0","0","0","0","0","-","0","0","0","0","0","0","0","0","0","0","0","0","0","0","0","0","0","0","0","0","0","0","2","0","0","0","0","0","0","0","0","0","0","0","0","0","0","0","0","2"
"0x7fc1235b2590","      FFMA R4, R3, R0, R3","2","1","2","16384","524288","524288","32","32","0","0","0","-","-","-","0","0","0","0","0","0","0","0","0","-","0","0","0","0","0","0","0","0","0","0","0","0","0","0","0","0","0","1","0","0","0","0","1","0","0","0","0","0","0","0","0","0","0","0","0","0","0","0","0","1"
"0x7fc1235b25a0","      NOP","1","1","1","16384","524288","524288","32","32","0","0","0","-","-","-","0","0","0","0","0","0","0","0","0","-","0","0","0","0","0","0","0","0","0","0","0","0","0","0","0","0","0","0","0","0","0","0","1","0","0","0","0","0","0","0","0","0","0","0","0","0","0","0","0","1"
"0x7fc1235b25b0","      BSYNC.RECONVERGENT B1","0","0","0","16384","524288","524288","32","32","0","0","0","-","-","-","0","0","0","0","0","0","0","0","0","-","0","0","0","0","0","0","0","0","0","0","0","0","0","0","0","0","0","0","0","0","0","0","0","0","0","0","0","0","0","0","0","0","0","0","0","0","0","0","0","0"
"0x7fc1235b25c0","      STS [R164+UR4+0x2f000], R4","0","0","0","16384","524288","524288","32","32","0","0","0","Shared","Store","32","0","1","0","16384","16384","0","0","0","0","-","0","0","0","0","0","0","0","0","0","0","0","0","0","0","0","0","0","0","0","0","0","0","0","0","0","0","0","0","0","0","0","0","0","0","0","0","0","0","0","0"
"0x7fc1235b25d0","      LDL.LU R0, [R1+0x4]","25","18","25","65536","2097152","2097152","32","32","0","0","0","Local","Load","32","0","0","0","0","0","0","0","0","262144","-","0","0","0","0","0","0","0","4","0","0","0","0","0","0","0","0","20","1","0","0","0","0","0","0","3","0","0","0","0","0","0","0","0","15","0","0","0","0","0","0"
"0x7fc1235b25e0","      NOP","2","0","2","65536","2097152","2097152","32","32","0","0","0","-","-","-","0","0","0","0","0","0","0","0","0","-","0","0","0","0","0","0","0","0","0","0","0","0","0","0","0","0","0","0","2","0","0","0","0","0","0","0","0","0","0","0","0","0","0","0","0","0","0","0","0","0"
"0x7fc1235b25f0","      IMAD.IADD R184, R173, 0x1, R184","0","0","0","65536","2097152","2097152","32","32","0","0","0","-","-","-","0","0","0","0","0","0","0","0","0","-","0","0","0","0","0","0","0","0","0","0","0","0","0","0","0","0","0","0","0","0","0","0","0","0","0","0","0","0","0","0","0","0","0","0","0","0","0","0","0","0"
"0x7fc1235b2600","      LDC.64 R88, c[0x0][0x3a0]","6","3","6","65536","2097152","2097152","32","32","0","0","0","-","-","-","0","0","0","0","0","0","0","0","0","-","0","0","0","0","0","0","0","0","0","0","0","0","0","0","0","0","4","0","2","0","0","0","0","0","0","0","0","0","0","0","0","0","0","3","0","0","0","0","0","0"
"0x7fc1235b2610","      BAR.SYNC.DEFER_BLOCKING 0x1, 0x100","17","10","17","65536","2097152","2097152","32","32","0","0","0","-","-","-","0","0","0","0","0","0","0","0","0","-","0","0","0","0","0","0","0","0","0","0","0","0","0","0","0","0","0","0","2","0","0","0","15","0","0","0","0","0","0","0","0","0","0","0","0","0","0","0","0","10"
"0x7fc1235b2620","      R2UR UR5, R184","0","0","0","65536","2097152","2097152","32","32","0","0","0","-","-","-","0","0","0","0","0","0","0","0","0","-","0","0","0","0","0","0","0","0","0","0","0","0","0","0","0","0","0","0","0","0","0","0","0","0","0","0","0","0","0","0","0","0","0","0","0","0","0","0","0","0"
"0x7fc1235b2630","      R2UR UR6, R184","7","1","7","65536","2097152","2097152","32","32","0","0","0","-","-","-","0","0","0","0","0","0","0","0","0","-","0","0","0","0","0","0","0","0","0","0","0","0","0","0","0","0","0","1","2","0","0","0","4","0","0","0","0","0","0","0","0","0","0","0","0","0","0","0","0","1"
"0x7fc1235b2640","      LDCU.64 UR8, c[0x0][0x358]","161","110","161","65536","2097152","2097152","32","32","0","0","0","-","-","-","0","0","0","0","0","0","0","0","0","-","0","0","0","0","0","0","151","0","0","0","0","0","0","0","0","0","0","3","1","0","0","0","6","105","0","0","0","0","0","0","0","0","0","0","0","0","0","0","0","5"
"0x7fc1235b2650","      NOP","1","0","1","65536","2097152","2097152","32","32","0","0","0","-","-","-","0","0","0","0","0","0","0","0","0","-","0","0","0","0","0","0","0","0","0","0","0","0","0","0","0","0","0","0","1","0","0","0","0","0","0","0","0","0","0","0","0","0","0","0","0","0","0","0","0","0"
"0x7fc1235b2660","      LDTM.x32 R36, tmem[UR5]","22","1","22","65536","2097152","2097152","32","32","0","0","0","Tmem","Load","-","0","0","0","0","0","0","0","0","0","-","0","0","0","0","0","0","0","0","0","0","0","0","0","0","0","0","0","11","1","0","0","0","10","0","0","0","0","0","0","0","0","0","0","0","0","0","0","0","0","1"
"0x7fc1235b2670","      R2UR UR7, R0","8","4","8","65536","2097152","2097152","32","32","0","0","0","-","-","-","0","0","0","0","0","0","0","0","0","-","0","0","0","0","0","0","0","0","0","0","0","7","0","0","0","0","0","0","1","0","0","0","0","0","0","0","0","0","4","0","0","0","0","0","0","0","0","0","0","0"
"0x7fc1235b2680","      LDS R0, [R164+UR4+0x2f000]","5","0","5","65536","2097152","2097152","32","32","0","0","0","Shared","Load","32","0","1","0","65536","65536","0","0","0","0","-","0","0","0","0","0","0","0","0","0","0","0","0","0","0","0","0","0","3","2","0","0","0","0","0","0","0","0","0","0","0","0","0","0","0","0","0","0","0","0","0"
"0x7fc1235b2690","      NOP","3","0","3","65536","2097152","2097152","32","32","0","0","0","-","-","-","0","0","0","0","0","0","0","0","0","-","0","0","0","0","0","0","0","0","0","0","0","0","0","0","0","0","0","0","3","0","0","0","0","0","0","0","0","0","0","0","0","0","0","0","0","0","0","0","0","0"
"0x7fc1235b26a0","      LDTM.x32 R4, tmem[UR5+0x20]","42","18","42","65536","2097152","2097152","32","32","0","0","0","Tmem","Load","-","0","0","0","0","0","0","0","0","0","-","0","0","0","0","0","0","0","0","0","0","0","0","0","0","0","0","0","4","1","37","0","0","0","0","0","0","0","0","0","0","0","0","0","0","0","0","18","0","0","0"
"0x7fc1235b26b0","      FMUL2 R40, R0.F32, R40.F32x2.HI_LO","24","19","24","65536","2097152","2097152","32","32","0","0","0","-","-","-","0","0","0","0","0","0","0","0","0","-","0","0","0","0","0","0","0","0","1","0","0","0","0","0","0","0","0","1","1","21","0","0","0","0","0","1","0","0","0","0","0","0","0","0","0","0","18","0","0","0"
"0x7fc1235b26c0","      FMUL2 R38, R0.F32, R38.F32x2.HI_LO","2","0","2","65536","2097152","2097152","32","32","0","0","0","-","-","-","0","0","0","0","0","0","0","0","0","-","0","0","0","0","0","0","0","0","0","0","0","0","0","0","0","0","0","0","2","0","0","0","0","0","0","0","0","0","0","0","0","0","0","0","0","0","0","0","0","0"
"0x7fc1235b26d0","      FMUL2 R74, R0.F32, R18.F32x2.HI_LO","63","27","63","65536","2097152","2097152","32","32","0","0","0","-","-","-","0","0","0","0","0","0","0","0","0","-","0","0","0","0","0","0","0","0","1","0","0","0","4","0","0","0","0","15","0","42","0","0","1","0","0","1","0","0","0","1","0","0","0","0","0","0","24","0","0","1"
"0x7fc1235b26e0","      F2FP.BF16.F32.PACK_AB R18, R41, R40","1","0","1","65536","2097152","2097152","32","32","0","0","0","-","-","-","0","0","0","0","0","0","0","0","0","-","0","0","0","0","0","0","0","0","0","0","0","0","0","0","0","0","0","0","1","0","0","0","0","0","0","0","0","0","0","0","0","0","0","0","0","0","0","0","0","0"
"0x7fc1235b26f0","      FMUL2 R58, R0.F32, R58.F32x2.HI_LO","2","0","2","65536","2097152","2097152","32","32","0","0","0","-","-","-","0","0","0","0","0","0","0","0","0","-","0","0","0","0","0","0","0","0","0","0","0","0","0","0","0","0","0","0","2","0","0","0","0","0","0","0","0","0","0","0","0","0","0","0","0","0","0","0","0","0"
"0x7fc1235b2700","      IMAD.U32 R41, RZ, RZ, UR7","8","0","8","65536","2097152","2097152","32","32","0","0","0","-","-","-","0","0","0","0","0","0","0","0","0","-","0","0","0","0","0","0","0","0","0","0","0","0","1","0","0","0","0","3","3","0","0","0","1","0","0","0","0","0","0","0","0","0","0","0","0","0","0","0","0","0"
"0x7fc1235b2710","      FMUL2 R52, R0.F32, R52.F32x2.HI_LO","5","1","5","65536","2097152","2097152","32","32","0","0","0","-","-","-","0","0","0","0","0","0","0","0","0","-","0","0","0","0","0","0","0","0","0","0","0","0","0","0","0","0","0","1","3","0","0","0","1","0","0","0","0","0","0","0","0","0","0","0","0","0","0","0","0","1"
"0x7fc1235b2720","      F2FP.BF16.F32.PACK_AB R75, R75, R74","2","0","2","65536","2097152","2097152","32","32","0","0","0","-","-","-","0","0","0","0","0","0","0","0","0","-","0","0","0","0","0","0","0","0","0","0","0","0","0","0","0","0","0","0","2","0","0","0","0","0","0","0","0","0","0","0","0","0","0","0","0","0","0","0","0","0"
"0x7fc1235b2730","      FMUL2 R2, R0.F32, R20.F32x2.HI_LO","3","0","3","65536","2097152","2097152","32","32","0","0","0","-","-","-","0","0","0","0","0","0","0","0","0","-","0","0","0","0","0","0","0","0","0","0","0","0","0","0","0","0","0","0","3","0","0","0","0","0","0","0","0","0","0","0","0","0","0","0","0","0","0","0","0","0"
"0x7fc1235b2740","      FMUL2 R20, R0.F32, R16.F32x2.HI_LO","3","1","3","65536","2097152","2097152","32","32","0","0","0","-","-","-","0","0","0","0","0","0","0","0","0","-","0","0","0","0","0","0","0","0","0","0","0","0","0","0","0","0","0","1","1","0","0","0","1","0","0","0","0","0","0","0","0","0","0","0","0","0","0","0","0","1"
"0x7fc1235b2750","      F2FP.BF16.F32.PACK_AB R17, R39, R38","1","0","1","65536","2097152","2097152","32","32","0","0","0","-","-","-","0","0","0","0","0","0","0","0","0","-","0","0","0","0","0","0","0","0","0","0","0","0","0","0","0","0","0","0","1","0","0","0","0","0","0","0","0","0","0","0","0","0","0","0","0","0","0","0","0","0"
"0x7fc1235b2760","      FMUL2 R66, R0.F32, R66.F32x2.HI_LO","0","0","0","65536","2097152","2097152","32","32","0","0","0","-","-","-","0","0","0","0","0","0","0","0","0","-","0","0","0","0","0","0","0","0","0","0","0","0","0","0","0","0","0","0","0","0","0","0","0","0","0","0","0","0","0","0","0","0","0","0","0","0","0","0","0","0"
"0x7fc1235b2770","      IMAD R39, R41, 0x8000, R172","4","1","4","65536","2097152","2097152","32","32","0","0","0","-","-","-","0","0","0","0","0","0","0","0","0","-","0","0","0","0","0","0","0","0","0","0","0","0","0","0","0","0","0","1","0","0","0","0","3","0","0","0","0","0","0","0","0","0","0","0","0","0","0","0","0","1"
"0x7fc1235b2780","      FMUL2 R64, R0.F32, R64.F32x2.HI_LO","12","2","12","65536","2097152","2097152","32","32","0","0","0","-","-","-","0","0","0","0","0","0","0","0","0","-","0","0","0","0","0","0","0","0","1","0","0","0","2","0","0","0","0","7","1","0","0","0","1","0","0","0","0","0","0","1","0","0","0","0","0","0","0","0","0","1"
"0x7fc1235b2790","      F2FP.BF16.F32.PACK_AB R74, R21, R20","0","0","0","65536","2097152","2097152","32","32","0","0","0","-","-","-","0","0","0","0","0","0","0","0","0","-","0","0","0","0","0","0","0","0","0","0","0","0","0","0","0","0","0","0","0","0","0","0","0","0","0","0","0","0","0","0","0","0","0","0","0","0","0","0","0","0"
"0x7fc1235b27a0","      FMUL2 R62, R0.F32, R62.F32x2.HI_LO","1","0","1","65536","2097152","2097152","32","32","0","0","0","-","-","-","0","0","0","0","0","0","0","0","0","-","0","0","0","0","0","0","0","0","0","0","0","0","0","0","0","0","0","0","1","0","0","0","0","0","0","0","0","0","0","0","0","0","0","0","0","0","0","0","0","0"
"0x7fc1235b27b0","      F2FP.BF16.F32.PACK_AB R87, R67, R66","1","0","1","65536","2097152","2097152","32","32","0","0","0","-","-","-","0","0","0","0","0","0","0","0","0","-","0","0","0","0","0","0","0","0","0","0","0","0","0","0","0","0","0","0","1","0","0","0","0","0","0","0","0","0","0","0","0","0","0","0","0","0","0","0","0","0"
"0x7fc1235b27c0","      FMUL2 R60, R0.F32, R60.F32x2.HI_LO","2","0","2","65536","2097152","2097152","32","32","0","0","0","-","-","-","0","0","0","0","0","0","0","0","0","-","0","0","0","0","0","0","0","0","0","0","0","0","0","0","0","0","0","0","2","0","0","0","0","0","0","0","0","0","0","0","0","0","0","0","0","0","0","0","0","0"
"0x7fc1235b27d0","      F2FP.BF16.F32.PACK_AB R86, R65, R64","0","0","0","65536","2097152","2097152","32","32","0","0","0","-","-","-","0","0","0","0","0","0","0","0","0","-","0","0","0","0","0","0","0","0","0","0","0","0","0","0","0","0","0","0","0","0","0","0","0","0","0","0","0","0","0","0","0","0","0","0","0","0","0","0","0","0"
"0x7fc1235b27e0","      FMUL2 R56, R0.F32, R56.F32x2.HI_LO","0","0","0","65536","2097152","2097152","32","32","0","0","0","-","-","-","0","0","0","0","0","0","0","0","0","-","0","0","0","0","0","0","0","0","0","0","0","0","0","0","0","0","0","0","0","0","0","0","0","0","0","0","0","0","0","0","0","0","0","0","0","0","0","0","0","0"
"0x7fc1235b27f0","      F2FP.BF16.F32.PACK_AB R85, R63, R62","1","0","1","65536","2097152","2097152","32","32","0","0","0","-","-","-","0","0","0","0","0","0","0","0","0","-","0","0","0","0","0","0","0","0","0","0","0","0","0","0","0","0","0","0","1","0","0","0","0","0","0","0","0","0","0","0","0","0","0","0","0","0","0","0","0","0"
"0x7fc1235b2800","      FMUL2 R54, R0.F32, R54.F32x2.HI_LO","2","0","2","65536","2097152","2097152","32","32","0","0","0","-","-","-","0","0","0","0","0","0","0","0","0","-","0","0","0","0","0","0","0","0","0","0","0","0","0","0","0","0","0","0","2","0","0","0","0","0","0","0","0","0","0","0","0","0","0","0","0","0","0","0","0","0"
"0x7fc1235b2810","      F2FP.BF16.F32.PACK_AB R84, R61, R60","2","0","2","65536","2097152","2097152","32","32","0","0","0","-","-","-","0","0","0","0","0","0","0","0","0","-","0","0","0","0","0","0","0","0","1","0","0","0","0","0","0","0","0","0","1","0","0","0","0","0","0","0","0","0","0","0","0","0","0","0","0","0","0","0","0","0"
"0x7fc1235b2820","      FMUL2 R50, R0.F32, R50.F32x2.HI_LO","1","0","1","65536","2097152","2097152","32","32","0","0","0","-","-","-","0","0","0","0","0","0","0","0","0","-","0","0","0","0","0","0","0","0","0","0","0","0","0","0","0","0","0","0","1","0","0","0","0","0","0","0","0","0","0","0","0","0","0","0","0","0","0","0","0","0"
"0x7fc1235b2830","      IMAD.WIDE.U32 R88, R39, 0x2, R88","14","1","14","65536","2097152","2097152","32","32","0","0","0","-","-","-","0","0","0","0","0","0","0","0","0","-","0","0","0","0","0","0","0","0","0","0","0","0","5","0","0","0","0","7","1","0","0","0","1","0","0","0","0","0","0","1","0","0","0","0","0","0","0","0","0","0"
"0x7fc1235b2840","      FMUL2 R48, R0.F32, R48.F32x2.HI_LO","18","1","18","65536","2097152","2097152","32","32","0","0","0","-","-","-","0","0","0","0","0","0","0","0","0","-","0","0","0","0","0","0","0","0","1","0","0","0","3","0","0","0","0","7","2","0","0","0","5","0","0","0","0","0","0","0","0","0","0","0","0","0","0","0","0","1"
"0x7fc1235b2850","      F2FP.BF16.F32.PACK_AB R76, R3, R2","5","0","5","65536","2097152","2097152","32","32","0","0","0","-","-","-","0","0","0","0","0","0","0","0","0","-","0","0","0","0","0","0","0","0","4","0","0","0","0","0","0","0","0","0","1","0","0","0","0","0","0","0","0","0","0","0","0","0","0","0","0","0","0","0","0","0"
"0x7fc1235b2860","      FMUL2 R46, R0.F32, R46.F32x2.HI_LO","2","0","2","65536","2097152","2097152","32","32","0","0","0","-","-","-","0","0","0","0","0","0","0","0","0","-","0","0","0","0","0","0","0","0","0","0","0","0","0","0","0","0","0","0","2","0","0","0","0","0","0","0","0","0","0","0","0","0","0","0","0","0","0","0","0","0"
"0x7fc1235b2870","      FMUL2 R44, R0.F32, R44.F32x2.HI_LO","1","0","1","65536","2097152","2097152","32","32","0","0","0","-","-","-","0","0","0","0","0","0","0","0","0","-","0","0","0","0","0","0","0","0","0","0","0","0","0","0","0","0","0","0","1","0","0","0","0","0","0","0","0","0","0","0","0","0","0","0","0","0","0","0","0","0"
"0x7fc1235b2880","      FMUL2 R42, R0.F32, R42.F32x2.HI_LO","4","1","4","65536","2097152","2097152","32","32","0","0","0","-","-","-","0","0","0","0","0","0","0","0","0","-","0","0","0","0","0","0","0","0","0","0","0","0","0","0","0","0","0","1","2","0","0","0","1","0","0","0","0","0","0","0","0","0","0","0","0","0","0","0","0","1"
"0x7fc1235b2890","      FMUL2 R36, R0.F32, R36.F32x2.HI_LO","8","0","8","65536","2097152","2097152","32","32","0","0","0","-","-","-","0","0","0","0","0","0","0","0","0","-","0","0","0","0","0","0","0","0","0","0","0","0","0","0","0","0","0","4","1","0","0","0","3","0","0","0","0","0","0","0","0","0","0","0","0","0","0","0","0","0"
"0x7fc1235b28a0","      FMUL2 R82, R0.F32, R34.F32x2.HI_LO","4","0","4","65536","2097152","2097152","32","32","0","0","0","-","-","-","0","0","0","0","0","0","0","0","0","-","0","0","0","0","0","0","0","0","0","0","0","0","0","0","0","0","0","2","1","0","0","0","1","0","0","0","0","0","0","0","0","0","0","0","0","0","0","0","0","0"
"0x7fc1235b28b0","      F2FP.BF16.F32.PACK_AB R35, R59, R58","2","0","2","65536","2097152","2097152","32","32","0","0","0","-","-","-","0","0","0","0","0","0","0","0","0","-","0","0","0","0","0","0","0","0","0","0","0","0","0","0","0","0","0","0","2","0","0","0","0","0","0","0","0","0","0","0","0","0","0","0","0","0","0","0","0","0"
"0x7fc1235b28c0","      FMUL2 R58, R0.F32, R32.F32x2.HI_LO","2","0","2","65536","2097152","2097152","32","32","0","0","0","-","-","-","0","0","0","0","0","0","0","0","0","-","0","0","0","0","0","0","0","0","0","0","0","0","0","0","0","0","0","0","2","0","0","0","0","0","0","0","0","0","0","0","0","0","0","0","0","0","0","0","0","0"
"0x7fc1235b28d0","      F2FP.BF16.F32.PACK_AB R32, R53, R52","1","0","1","65536","2097152","2097152","32","32","0","0","0","-","-","-","0","0","0","0","0","0","0","0","0","-","0","0","0","0","0","0","0","0","0","0","0","0","0","0","0","0","0","0","1","0","0","0","0","0","0","0","0","0","0","0","0","0","0","0","0","0","0","0","0","0"
"0x7fc1235b28e0","      FMUL2 R78, R0.F32, R26.F32x2.HI_LO","1","0","1","65536","2097152","2097152","32","32","0","0","0","-","-","-","0","0","0","0","0","0","0","0","0","-","0","0","0","0","0","0","0","0","0","0","0","0","0","0","0","0","0","0","1","0","0","0","0","0","0","0","0","0","0","0","0","0","0","0","0","0","0","0","0","0"
"0x7fc1235b28f0","      F2FP.BF16.F32.PACK_AB R34, R57, R56","1","0","1","65536","2097152","2097152","32","32","0","0","0","-","-","-","0","0","0","0","0","0","0","0","0","-","0","0","0","0","0","0","0","0","0","0","0","0","0","0","0","0","0","0","1","0","0","0","0","0","0","0","0","0","0","0","0","0","0","0","0","0","0","0","0","0"
"0x7fc1235b2900","      FMUL2 R52, R0.F32, R24.F32x2.HI_LO","1","0","1","65536","2097152","2097152","32","32","0","0","0","-","-","-","0","0","0","0","0","0","0","0","0","-","0","0","0","0","0","0","0","0","0","0","0","0","0","0","0","0","0","0","1","0","0","0","0","0","0","0","0","0","0","0","0","0","0","0","0","0","0","0","0","0"
"0x7fc1235b2910","      F2FP.BF16.F32.PACK_AB R33, R55, R54","0","0","0","65536","2097152","2097152","32","32","0","0","0","-","-","-","0","0","0","0","0","0","0","0","0","-","0","0","0","0","0","0","0","0","0","0","0","0","0","0","0","0","0","0","0","0","0","0","0","0","0","0","0","0","0","0","0","0","0","0","0","0","0","0","0","0"
"0x7fc1235b2920","      FMUL2 R30, R0.F32, R30.F32x2.HI_LO","2","0","2","65536","2097152","2097152","32","32","0","0","0","-","-","-","0","0","0","0","0","0","0","0","0","-","0","0","0","0","0","0","0","0","0","0","0","0","0","0","0","0","0","0","2","0","0","0","0","0","0","0","0","0","0","0","0","0","0","0","0","0","0","0","0","0"
"0x7fc1235b2930","      F2FP.BF16.F32.PACK_AB R27, R51, R50","0","0","0","65536","2097152","2097152","32","32","0","0","0","-","-","-","0","0","0","0","0","0","0","0","0","-","0","0","0","0","0","0","0","0","0","0","0","0","0","0","0","0","0","0","0","0","0","0","0","0","0","0","0","0","0","0","0","0","0","0","0","0","0","0","0","0"
"0x7fc1235b2940","      FMUL2 R28, R0.F32, R28.F32x2.HI_LO","3","0","3","65536","2097152","2097152","32","32","0","0","0","-","-","-","0","0","0","0","0","0","0","0","0","-","0","0","0","0","0","0","0","0","0","0","0","0","0","0","0","0","0","0","3","0","0","0","0","0","0","0","0","0","0","0","0","0","0","0","0","0","0","0","0","0"
"0x7fc1235b2950","      F2FP.BF16.F32.PACK_AB R26, R49, R48","3","0","3","65536","2097152","2097152","32","32","0","0","0","-","-","-","0","0","0","0","0","0","0","0","0","-","0","0","0","0","0","0","0","0","1","0","0","0","0","0","0","0","0","0","2","0","0","0","0","0","0","0","0","0","0","0","0","0","0","0","0","0","0","0","0","0"
"0x7fc1235b2960","      FMUL2 R22, R0.F32, R22.F32x2.HI_LO","0","0","0","65536","2097152","2097152","32","32","0","0","0","-","-","-","0","0","0","0","0","0","0","0","0","-","0","0","0","0","0","0","0","0","0","0","0","0","0","0","0","0","0","0","0","0","0","0","0","0","0","0","0","0","0","0","0","0","0","0","0","0","0","0","0","0"
"0x7fc1235b2970","      F2FP.BF16.F32.PACK_AB R25, R47, R46","2","0","2","65536","2097152","2097152","32","32","0","0","0","-","-","-","0","0","0","0","0","0","0","0","0","-","0","0","0","0","0","0","0","0","0","0","0","0","0","0","0","0","0","0","2","0","0","0","0","0","0","0","0","0","0","0","0","0","0","0","0","0","0","0","0","0"
"0x7fc1235b2980","      FMUL2 R14, R0.F32, R14.F32x2.HI_LO","4","0","4","65536","2097152","2097152","32","32","0","0","0","-","-","-","0","0","0","0","0","0","0","0","0","-","0","0","0","0","0","0","0","0","0","0","0","0","0","0","0","0","1","1","2","0","0","0","0","0","0","0","0","0","0","0","0","0","0","0","0","0","0","0","0","0"
"0x7fc1235b2990","      F2FP.BF16.F32.PACK_AB R24, R45, R44","0","0","0","65536","2097152","2097152","32","32","0","0","0","-","-","-","0","0","0","0","0","0","0","0","0","-","0","0","0","0","0","0","0","0","0","0","0","0","0","0","0","0","0","0","0","0","0","0","0","0","0","0","0","0","0","0","0","0","0","0","0","0","0","0","0","0"
"0x7fc1235b29a0","      FMUL2 R12, R0.F32, R12.F32x2.HI_LO","3","0","3","65536","2097152","2097152","32","32","0","0","0","-","-","-","0","0","0","0","0","0","0","0","0","-","0","0","0","0","0","0","0","0","0","0","0","0","0","0","0","0","0","0","3","0","0","0","0","0","0","0","0","0","0","0","0","0","0","0","0","0","0","0","0","0"
"0x7fc1235b29b0","      F2FP.BF16.F32.PACK_AB R19, R43, R42","3","0","3","65536","2097152","2097152","32","32","0","0","0","-","-","-","0","0","0","0","0","0","0","0","0","-","0","0","0","0","0","0","0","0","1","0","0","0","0","0","0","0","0","0","2","0","0","0","0","0","0","0","0","0","0","0","0","0","0","0","0","0","0","0","0","0"
"0x7fc1235b29c0","      FMUL2 R10, R0.F32, R10.F32x2.HI_LO","0","0","0","65536","2097152","2097152","32","32","0","0","0","-","-","-","0","0","0","0","0","0","0","0","0","-","0","0","0","0","0","0","0","0","0","0","0","0","0","0","0","0","0","0","0","0","0","0","0","0","0","0","0","0","0","0","0","0","0","0","0","0","0","0","0","0"
"0x7fc1235b29d0","      F2FP.BF16.F32.PACK_AB R16, R37, R36","2","0","2","65536","2097152","2097152","32","32","0","0","0","-","-","-","0","0","0","0","0","0","0","0","0","-","0","0","0","0","0","0","0","0","0","0","0","0","0","0","0","0","0","0","2","0","0","0","0","0","0","0","0","0","0","0","0","0","0","0","0","0","0","0","0","0"
"0x7fc1235b29e0","      FMUL2 R8, R0.F32, R8.F32x2.HI_LO","1","0","1","65536","2097152","2097152","32","32","0","0","0","-","-","-","0","0","0","0","0","0","0","0","0","-","0","0","0","0","0","0","0","0","0","0","0","0","0","0","0","0","0","0","1","0","0","0","0","0","0","0","0","0","0","0","0","0","0","0","0","0","0","0","0","0"
"0x7fc1235b29f0","      F2FP.BF16.F32.PACK_AB R83, R83, R82","1","0","1","65536","2097152","2097152","32","32","0","0","0","-","-","-","0","0","0","0","0","0","0","0","0","-","0","0","0","0","0","0","0","0","0","0","0","0","0","0","0","0","0","0","1","0","0","0","0","0","0","0","0","0","0","0","0","0","0","0","0","0","0","0","0","0"
"0x7fc1235b2a00","      FMUL2 R6, R0.F32, R6.F32x2.HI_LO","2","0","2","65536","2097152","2097152","32","32","0","0","0","-","-","-","0","0","0","0","0","0","0","0","0","-","0","0","0","0","0","0","0","0","0","0","0","0","1","0","0","0","1","0","0","0","0","0","0","0","0","0","0","0","0","0","0","0","0","0","0","0","0","0","0","0"
"0x7fc1235b2a10","      F2FP.BF16.F32.PACK_AB R79, R79, R78","0","0","0","65536","2097152","2097152","32","32","0","0","0","-","-","-","0","0","0","0","0","0","0","0","0","-","0","0","0","0","0","0","0","0","0","0","0","0","0","0","0","0","0","0","0","0","0","0","0","0","0","0","0","0","0","0","0","0","0","0","0","0","0","0","0","0"
"0x7fc1235b2a20","      FMUL2 R4, R0.F32, R4.F32x2.HI_LO","0","0","0","65536","2097152","2097152","32","32","0","0","0","-","-","-","0","0","0","0","0","0","0","0","0","-","0","0","0","0","0","0","0","0","0","0","0","0","0","0","0","0","0","0","0","0","0","0","0","0","0","0","0","0","0","0","0","0","0","0","0","0","0","0","0","0"
"0x7fc1235b2a30","      STG.E.NA.EFL2.256 desc[UR8][R88.64], R16, R24","2","0","2","65536","2097152","2097152","32","32","0","0","0","Global","Store","-","0","0","0","0","0","0","0","0","0","","0","0","0","0","0","0","0","0","0","0","0","0","0","0","0","0","0","0","2","0","0","0","0","0","0","0","0","0","0","0","0","0","0","0","0","0","0","0","0","0"
"0x7fc1235b2a40","      F2FP.BF16.F32.PACK_AB R82, R59, R58","0","0","0","65536","2097152","2097152","32","32","0","0","0","-","-","-","0","0","0","0","0","0","0","0","0","-","0","0","0","0","0","0","0","0","0","0","0","0","0","0","0","0","0","0","0","0","0","0","0","0","0","0","0","0","0","0","0","0","0","0","0","0","0","0","0","0"
"0x7fc1235b2a50","      F2FP.BF16.F32.PACK_AB R81, R31, R30","24","1","24","65536","2097152","2097152","32","32","0","0","0","-","-","-","0","0","0","0","0","0","0","0","0","-","0","0","0","0","0","0","0","0","1","0","0","0","4","0","0","0","0","17","0","0","0","0","2","0","0","0","0","0","0","1","0","0","0","0","0","0","0","0","0","0"
"0x7fc1235b2a60","      STG.E.NA.EFL2.256 desc[UR8][R88.64+0x20], R32, R84","1","0","1","65536","2097152","2097152","32","32","0","0","0","Global","Store","-","0","0","0","0","0","0","0","0","0","","0","0","0","0","0","0","0","0","0","0","0","0","0","0","0","0","0","0","1","0","0","0","0","0","0","0","0","0","0","0","0","0","0","0","0","0","0","0","0","0"
"0x7fc1235b2a70","      F2FP.BF16.F32.PACK_AB R80, R29, R28","2","0","2","65536","2097152","2097152","32","32","0","0","0","-","-","-","0","0","0","0","0","0","0","0","0","-","0","0","0","0","0","0","0","0","0","0","0","0","0","0","0","0","0","0","2","0","0","0","0","0","0","0","0","0","0","0","0","0","0","0","0","0","0","0","0","0"
"0x7fc1235b2a80","      NOP","1","0","1","65536","2097152","2097152","32","32","0","0","0","-","-","-","0","0","0","0","0","0","0","0","0","-","0","0","0","0","0","0","0","0","0","0","0","0","0","0","0","0","0","0","1","0","0","0","0","0","0","0","0","0","0","0","0","0","0","0","0","0","0","0","0","0"
"0x7fc1235b2a90","      F2FP.BF16.F32.PACK_AB R78, R53, R52","2","0","2","65536","2097152","2097152","32","32","0","0","0","-","-","-","0","0","0","0","0","0","0","0","0","-","0","0","0","0","0","0","0","0","0","0","0","0","0","0","0","0","0","0","2","0","0","0","0","0","0","0","0","0","0","0","0","0","0","0","0","0","0","0","0","0"
"0x7fc1235b2aa0","      F2FP.BF16.F32.PACK_AB R77, R23, R22","7","0","7","65536","2097152","2097152","32","32","0","0","0","-","-","-","0","0","0","0","0","0","0","0","0","-","0","0","0","0","0","0","0","0","0","0","0","0","1","0","0","0","0","6","0","0","0","0","0","0","0","0","0","0","0","0","0","0","0","0","0","0","0","0","0","0"
"0x7fc1235b2ab0","      LDTM.x32 R36, tmem[UR6+0x40]","1","0","1","65536","2097152","2097152","32","32","0","0","0","Tmem","Load","-","0","0","0","0","0","0","0","0","0","-","0","0","0","0","0","0","0","0","0","0","0","0","0","0","0","0","0","0","1","0","0","0","0","0","0","0","0","0","0","0","0","0","0","0","0","0","0","0","0","0"
"0x7fc1235b2ac0","      F2FP.BF16.F32.PACK_AB R73, R15, R14","1","0","1","65536","2097152","2097152","32","32","0","0","0","-","-","-","0","0","0","0","0","0","0","0","0","-","0","0","0","0","0","0","0","0","0","0","0","0","0","0","0","0","0","0","1","0","0","0","0","0","0","0","0","0","0","0","0","0","0","0","0","0","0","0","0","0"
"0x7fc1235b2ad0","      F2FP.BF16.F32.PACK_AB R72, R13, R12","10","0","10","65536","2097152","2097152","32","32","0","0","0","-","-","-","0","0","0","0","0","0","0","0","0","-","0","0","0","0","0","0","0","0","1","0","0","0","0","0","0","0","0","3","5","0","0","0","1","0","0","0","0","0","0","0","0","0","0","0","0","0","0","0","0","0"
"0x7fc1235b2ae0","      STG.E.NA.EFL2.256 desc[UR8][R88.64+0x60], R76, R80","0","0","0","65536","2097152","2097152","32","32","0","0","0","Global","Store","-","0","0","0","0","0","0","0","0","0","","0","0","0","0","0","0","0","0","0","0","0","0","0","0","0","0","0","0","0","0","0","0","0","0","0","0","0","0","0","0","0","0","0","0","0","0","0","0","0","0"
"0x7fc1235b2af0","      F2FP.BF16.F32.PACK_AB R71, R11, R10","2","0","2","65536","2097152","2097152","32","32","0","0","0","-","-","-","0","0","0","0","0","0","0","0","0","-","0","0","0","0","0","0","0","0","0","0","0","0","0","0","0","0","0","0","2","0","0","0","0","0","0","0","0","0","0","0","0","0","0","0","0","0","0","0","0","0"
"0x7fc1235b2b00","      F2FP.BF16.F32.PACK_AB R70, R9, R8","8","0","8","65536","2097152","2097152","32","32","0","0","0","-","-","-","0","0","0","0","0","0","0","0","0","-","0","0","0","0","0","0","0","0","0","0","0","0","4","0","0","0","0","4","0","0","0","0","0","0","0","0","0","0","0","0","0","0","0","0","0","0","0","0","0","0"
"0x7fc1235b2b10","      F2FP.BF16.F32.PACK_AB R69, R7, R6","3","0","3","65536","2097152","2097152","32","32","0","0","0","-","-","-","0","0","0","0","0","0","0","0","0","-","0","0","0","0","0","0","0","0","0","0","0","0","0","0","0","0","0","2","0","0","0","0","1","0","0","0","0","0","0","0","0","0","0","0","0","0","0","0","0","0"
"0x7fc1235b2b20","      F2FP.BF16.F32.PACK_AB R68, R5, R4","4","0","4","65536","2097152","2097152","32","32","0","0","0","-","-","-","0","0","0","0","0","0","0","0","0","-","0","0","0","0","0","0","0","0","0","0","0","0","1","0","0","0","0","2","0","0","0","0","1","0","0","0","0","0","0","0","0","0","0","0","0","0","0","0","0","0"
"0x7fc1235b2b30","      STG.E.NA.EFL2.256 desc[UR8][R88.64+0x40], R68, R72","16","4","16","65536","2097152","2097152","32","32","0","0","0","Global","Store","-","0","0","0","0","0","0","0","0","0","","0","0","0","0","0","0","0","0","0","0","0","0","0","0","0","0","0","3","4","0","0","0","9","0","0","0","0","0","0","0","0","0","0","0","0","0","0","0","0","4"
"0x7fc1235b2b40","      NOP","4","0","4","65536","2097152","2097152","32","32","0","0","0","-","-","-","0","0","0","0","0","0","0","0","0","-","0","0","0","0","0","0","0","0","1","0","0","0","0","0","0","0","0","0","3","0","0","0","0","0","0","0","0","0","0","0","0","0","0","0","0","0","0","0","0","0"
"0x7fc1235b2b50","      FMUL2 R60, R0.F32, R60.F32x2.HI_LO","17","8","17","65536","2097152","2097152","32","32","0","0","0","-","-","-","0","0","0","0","0","0","0","0","0","-","0","0","0","0","0","0","0","0","1","0","0","0","0","0","0","0","0","1","4","11","0","0","0","0","0","0","0","0","0","0","0","0","0","0","0","0","8","0","0","0"
"0x7fc1235b2b60","      FMUL2 R50, R0.F32, R50.F32x2.HI_LO","5","0","5","65536","2097152","2097152","32","32","0","0","0","-","-","-","0","0","0","0","0","0","0","0","0","-","0","0","0","0","0","0","0","0","0","0","0","0","0","0","0","0","0","1","3","0","0","0","1","0","0","0","0","0","0","0","0","0","0","0","0","0","0","0","0","0"
"0x7fc1235b2b70","      FMUL2 R62, R0.F32, R62.F32x2.HI_LO","3","1","3","65536","2097152","2097152","32","32","0","0","0","-","-","-","0","0","0","0","0","0","0","0","0","-","0","0","0","0","0","0","0","0","0","0","0","0","0","0","0","0","0","1","1","0","0","0","1","0","0","0","0","0","0","0","0","0","0","0","0","0","0","0","0","1"
"0x7fc1235b2b80","      FMUL2 R58, R0.F32, R58.F32x2.HI_LO","1","0","1","65536","2097152","2097152","32","32","0","0","0","-","-","-","0","0","0","0","0","0","0","0","0","-","0","0","0","0","0","0","0","0","0","0","0","0","0","0","0","0","0","1","0","0","0","0","0","0","0","0","0","0","0","0","0","0","0","0","0","0","0","0","0","0"
"0x7fc1235b2b90","      FMUL2 R56, R0.F32, R56.F32x2.HI_LO","2","0","2","65536","2097152","2097152","32","32","0","0","0","-","-","-","0","0","0","0","0","0","0","0","0","-","0","0","0","0","0","0","0","0","0","0","0","0","1","0","0","0","0","0","1","0","0","0","0","0","0","0","0","0","0","0","0","0","0","0","0","0","0","0","0","0"
"0x7fc1235b2ba0","      FMUL2 R66, R0.F32, R66.F32x2.HI_LO","10","1","10","65536","2097152","2097152","32","32","0","0","0","-","-","-","0","0","0","0","0","0","0","0","0","-","0","0","0","0","0","0","0","0","0","0","0","0","1","0","0","0","0","5","1","0","0","0","3","0","0","0","0","0","0","0","0","0","0","0","0","0","0","0","0","1"
"0x7fc1235b2bb0","      LDTM.x32 R4, tmem[UR5+0x60]","509","471","509","65536","2097152","2097152","32","32","0","0","0","Tmem","Load","-","0","0","0","0","0","0","0","0","0","-","0","0","0","0","0","0","0","0","0","0","0","508","0","0","0","0","0","0","1","0","0","0","0","0","0","0","0","0","471","0","0","0","0","0","0","0","0","0","0","0"
"0x7fc1235b2bc0","      FMUL2 R64, R0.F32, R64.F32x2.HI_LO","0","0","0","65536","2097152","2097152","32","32","0","0","0","-","-","-","0","0","0","0","0","0","0","0","0","-","0","0","0","0","0","0","0","0","0","0","0","0","0","0","0","0","0","0","0","0","0","0","0","0","0","0","0","0","0","0","0","0","0","0","0","0","0","0","0","0"
"0x7fc1235b2bd0","      FMUL2 R54, R0.F32, R54.F32x2.HI_LO","4","3","4","65536","2097152","2097152","32","32","0","0","0","-","-","-","0","0","0","0","0","0","0","0","0","-","0","0","0","0","0","0","0","0","0","0","0","0","0","0","0","0","0","1","0","0","0","0","3","0","0","0","0","0","0","0","0","0","0","0","0","0","0","0","0","3"
"0x7fc1235b2be0","      FMUL2 R52, R0.F32, R52.F32x2.HI_LO","4","3","4","65536","2097152","2097152","32","32","0","0","0","-","-","-","0","0","0","0","0","0","0","0","0","-","0","0","0","0","0","0","0","0","0","0","0","0","0","0","0","0","0","0","1","0","0","0","3","0","0","0","0","0","0","0","0","0","0","0","0","0","0","0","0","3"
"0x7fc1235b2bf0","      FMUL2 R48, R0.F32, R48.F32x2.HI_LO","2","2","2","65536","2097152","2097152","32","32","0","0","0","-","-","-","0","0","0","0","0","0","0","0","0","-","0","0","0","0","0","0","0","0","0","0","0","0","0","0","0","0","0","0","0","0","0","0","2","0","0","0","0","0","0","0","0","0","0","0","0","0","0","0","0","2"
"0x7fc1235b2c00","      FMUL2 R46, R0.F32, R46.F32x2.HI_LO","4","1","4","65536","2097152","2097152","32","32","0","0","0","-","-","-","0","0","0","0","0","0","0","0","0","-","0","0","0","0","0","0","0","0","1","0","0","0","0","0","0","0","0","0","1","0","0","0","2","0","0","0","0","0","0","0","0","0","0","0","0","0","0","0","0","1"
"0x7fc1235b2c10","      FMUL2 R44, R0.F32, R44.F32x2.HI_LO","1","1","1","65536","2097152","2097152","32","32","0","0","0","-","-","-","0","0","0","0","0","0","0","0","0","-","0","0","0","0","0","0","0","0","0","0","0","0","0","0","0","0","0","0","0","0","0","0","1","0","0","0","0","0","0","0","0","0","0","0","0","0","0","0","0","1"
"0x7fc1235b2c20","      FMUL2 R42, R0.F32, R42.F32x2.HI_LO","5","2","5","65536","2097152","2097152","32","32","0","0","0","-","-","-","0","0","0","0","0","0","0","0","0","-","0","0","0","0","0","0","0","0","0","0","0","0","0","0","0","0","0","0","1","0","0","0","4","0","0","0","0","0","0","0","0","0","0","0","0","0","0","0","0","2"
"0x7fc1235b2c30","      FMUL2 R72, R0.F32, R36.F32x2.HI_LO","528","482","528","65536","2097152","2097152","32","32","0","0","0","-","-","-","0","0","0","0","0","0","0","0","0","-","0","0","0","0","0","0","0","0","0","0","0","524","0","0","0","0","0","0","0","0","0","0","4","0","0","0","0","0","478","0","0","0","0","0","0","0","0","0","0","4"
"0x7fc1235b2c40","      F2FP.BF16.F32.PACK_AB R36, R61, R60","0","0","0","65536","2097152","2097152","32","32","0","0","0","-","-","-","0","0","0","0","0","0","0","0","0","-","0","0","0","0","0","0","0","0","0","0","0","0","0","0","0","0","0","0","0","0","0","0","0","0","0","0","0","0","0","0","0","0","0","0","0","0","0","0","0","0"
"0x7fc1235b2c50","      FMUL2 R60, R0.F32, R10.F32x2.HI_LO","0","0","0","65536","2097152","2097152","32","32","0","0","0","-","-","-","0","0","0","0","0","0","0","0","0","-","0","0","0","0","0","0","0","0","0","0","0","0","0","0","0","0","0","0","0","0","0","0","0","0","0","0","0","0","0","0","0","0","0","0","0","0","0","0","0","0"
"0x7fc1235b2c60","      F2FP.BF16.F32.PACK_AB R11, R51, R50","3","0","3","65536","2097152","2097152","32","32","0","0","0","-","-","-","0","0","0","0","0","0","0","0","0","-","0","0","0","0","0","0","0","0","0","0","0","0","0","0","0","0","0","0","3","0","0","0","0","0","0","0","0","0","0","0","0","0","0","0","0","0","0","0","0","0"
"0x7fc1235b2c70","      FMUL2 R50, R0.F32, R20.F32x2.HI_LO","1","0","1","65536","2097152","2097152","32","32","0","0","0","-","-","-","0","0","0","0","0","0","0","0","0","-","0","0","0","0","0","0","0","0","0","0","0","0","0","0","0","0","0","0","1","0","0","0","0","0","0","0","0","0","0","0","0","0","0","0","0","0","0","0","0","0"
"0x7fc1235b2c80","      F2FP.BF16.F32.PACK_AB R37, R63, R62","2","0","2","65536","2097152","2097152","32","32","0","0","0","-","-","-","0","0","0","0","0","0","0","0","0","-","0","0","0","0","0","0","0","0","0","0","0","0","0","0","0","0","0","0","2","0","0","0","0","0","0","0","0","0","0","0","0","0","0","0","0","0","0","0","0","0"
"0x7fc1235b2c90","      FMUL2 R26, R0.F32, R26.F32x2.HI_LO","1","0","1","65536","2097152","2097152","32","32","0","0","0","-","-","-","0","0","0","0","0","0","0","0","0","-","0","0","0","0","0","0","0","0","0","0","0","0","0","0","0","0","0","0","1","0","0","0","0","0","0","0","0","0","0","0","0","0","0","0","0","0","0","0","0","0"
"0x7fc1235b2ca0","      F2FP.BF16.F32.PACK_AB R10, R49, R48","2","0","2","65536","2097152","2097152","32","32","0","0","0","-","-","-","0","0","0","0","0","0","0","0","0","-","0","0","0","0","0","0","0","0","0","0","0","0","0","0","0","0","0","0","2","0","0","0","0","0","0","0","0","0","0","0","0","0","0","0","0","0","0","0","0","0"
"0x7fc1235b2cb0","      FMUL2 R68, R0.F32, R40.F32x2.HI_LO","2","0","2","65536","2097152","2097152","32","32","0","0","0","-","-","-","0","0","0","0","0","0","0","0","0","-","0","0","0","0","0","0","0","0","0","0","0","0","0","0","0","0","0","0","2","0","0","0","0","0","0","0","0","0","0","0","0","0","0","0","0","0","0","0","0","0"
"0x7fc1235b2cc0","      FMUL2 R24, R0.F32, R24.F32x2.HI_LO","2","1","2","65536","2097152","2097152","32","32","0","0","0","-","-","-","0","0","0","0","0","0","0","0","0","-","0","0","0","0","0","0","0","0","0","0","0","0","0","0","0","0","0","0","1","0","0","0","1","0","0","0","0","0","0","0","0","0","0","0","0","0","0","0","0","1"
"0x7fc1235b2cd0","      F2FP.BF16.F32.PACK_AB R27, R27, R26","0","0","0","65536","2097152","2097152","32","32","0","0","0","-","-","-","0","0","0","0","0","0","0","0","0","-","0","0","0","0","0","0","0","0","0","0","0","0","0","0","0","0","0","0","0","0","0","0","0","0","0","0","0","0","0","0","0","0","0","0","0","0","0","0","0","0"
"0x7fc1235b2ce0","      FMUL2 R20, R0.F32, R28.F32x2.HI_LO","2","0","2","65536","2097152","2097152","32","32","0","0","0","-","-","-","0","0","0","0","0","0","0","0","0","-","0","0","0","0","0","0","0","0","0","0","0","0","0","0","0","0","0","0","2","0","0","0","0","0","0","0","0","0","0","0","0","0","0","0","0","0","0","0","0","0"
"0x7fc1235b2cf0","      FMUL2 R70, R0.F32, R38.F32x2.HI_LO","4","1","4","65536","2097152","2097152","32","32","0","0","0","-","-","-","0","0","0","0","0","0","0","0","0","-","0","0","0","0","0","0","0","0","0","0","0","0","0","0","0","0","0","0","3","0","0","0","1","0","0","0","0","0","0","0","0","0","0","0","0","0","0","0","0","1"
"0x7fc1235b2d00","      F2FP.BF16.F32.PACK_AB R26, R25, R24","4","0","4","65536","2097152","2097152","32","32","0","0","0","-","-","-","0","0","0","0","0","0","0","0","0","-","0","0","0","0","0","0","0","0","0","0","0","0","0","0","0","0","0","0","4","0","0","0","0","0","0","0","0","0","0","0","0","0","0","0","0","0","0","0","0","0"
"0x7fc1235b2d10","      FMUL2 R40, R0.F32, R6.F32x2.HI_LO","4","0","4","65536","2097152","2097152","32","32","0","0","0","-","-","-","0","0","0","0","0","0","0","0","0","-","0","0","0","0","0","0","0","0","0","0","0","0","0","0","0","0","0","0","4","0","0","0","0","0","0","0","0","0","0","0","0","0","0","0","0","0","0","0","0","0"
"0x7fc1235b2d20","      F2FP.BF16.F32.PACK_AB R7, R59, R58","1","0","1","65536","2097152","2097152","32","32","0","0","0","-","-","-","0","0","0","0","0","0","0","0","0","-","0","0","0","0","0","0","0","0","0","0","0","0","0","0","0","0","0","0","1","0","0","0","0","0","0","0","0","0","0","0","0","0","0","0","0","0","0","0","0","0"
"0x7fc1235b2d30","      FMUL2 R22, R0.F32, R22.F32x2.HI_LO","0","0","0","65536","2097152","2097152","32","32","0","0","0","-","-","-","0","0","0","0","0","0","0","0","0","-","0","0","0","0","0","0","0","0","0","0","0","0","0","0","0","0","0","0","0","0","0","0","0","0","0","0","0","0","0","0","0","0","0","0","0","0","0","0","0","0"
"0x7fc1235b2d40","      F2FP.BF16.F32.PACK_AB R6, R57, R56","1","0","1","65536","2097152","2097152","32","32","0","0","0","-","-","-","0","0","0","0","0","0","0","0","0","-","0","0","0","0","0","0","0","0","0","0","0","0","0","0","0","0","0","0","1","0","0","0","0","0","0","0","0","0","0","0","0","0","0","0","0","0","0","0","0","0"
"0x7fc1235b2d50","      FMUL2 R28, R0.F32, R30.F32x2.HI_LO","1","0","1","65536","2097152","2097152","32","32","0","0","0","-","-","-","0","0","0","0","0","0","0","0","0","-","0","0","0","0","0","0","0","0","0","0","0","0","0","0","0","0","0","0","1","0","0","0","0","0","0","0","0","0","0","0","0","0","0","0","0","0","0","0","0","0"
"0x7fc1235b2d60","      F2FP.BF16.F32.PACK_AB R39, R67, R66","1","0","1","65536","2097152","2097152","32","32","0","0","0","-","-","-","0","0","0","0","0","0","0","0","0","-","0","0","0","0","0","0","0","0","0","0","0","0","0","0","0","0","0","0","1","0","0","0","0","0","0","0","0","0","0","0","0","0","0","0","0","0","0","0","0","0"
"0x7fc1235b2d70","      FMUL2 R16, R0.F32, R16.F32x2.HI_LO","0","0","0","65536","2097152","2097152","32","32","0","0","0","-","-","-","0","0","0","0","0","0","0","0","0","-","0","0","0","0","0","0","0","0","0","0","0","0","0","0","0","0","0","0","0","0","0","0","0","0","0","0","0","0","0","0","0","0","0","0","0","0","0","0","0","0"
"0x7fc1235b2d80","      F2FP.BF16.F32.PACK_AB R38, R65, R64","3","1","3","65536","2097152","2097152","32","32","0","0","0","-","-","-","0","0","0","0","0","0","0","0","0","-","0","0","0","0","0","0","0","0","0","0","0","0","0","0","0","0","1","0","2","0","0","0","0","0","0","0","0","0","0","0","0","0","0","1","0","0","0","0","0","0"
"0x7fc1235b2d90","      FMUL2 R18, R0.F32, R18.F32x2.HI_LO","0","0","0","65536","2097152","2097152","32","32","0","0","0","-","-","-","0","0","0","0","0","0","0","0","0","-","0","0","0","0","0","0","0","0","0","0","0","0","0","0","0","0","0","0","0","0","0","0","0","0","0","0","0","0","0","0","0","0","0","0","0","0","0","0","0","0"
"0x7fc1235b2da0","      F2FP.BF16.F32.PACK_AB R29, R29, R28","0","0","0","65536","2097152","2097152","32","32","0","0","0","-","-","-","0","0","0","0","0","0","0","0","0","-","0","0","0","0","0","0","0","0","0","0","0","0","0","0","0","0","0","0","0","0","0","0","0","0","0","0","0","0","0","0","0","0","0","0","0","0","0","0","0","0"
"0x7fc1235b2db0","      FMUL2 R2, R0.F32, R4.F32x2.HI_LO","0","0","0","65536","2097152","2097152","32","32","0","0","0","-","-","-","0","0","0","0","0","0","0","0","0","-","0","0","0","0","0","0","0","0","0","0","0","0","0","0","0","0","0","0","0","0","0","0","0","0","0","0","0","0","0","0","0","0","0","0","0","0","0","0","0","0"
"0x7fc1235b2dc0","      F2FP.BF16.F32.PACK_AB R5, R55, R54","1","0","1","65536","2097152","2097152","32","32","0","0","0","-","-","-","0","0","0","0","0","0","0","0","0","-","0","0","0","0","0","0","0","0","0","0","0","0","0","0","0","0","0","0","1","0","0","0","0","0","0","0","0","0","0","0","0","0","0","0","0","0","0","0","0","0"
"0x7fc1235b2dd0","      FMUL2 R62, R0.F32, R8.F32x2.HI_LO","3","0","3","65536","2097152","2097152","32","32","0","0","0","-","-","-","0","0","0","0","0","0","0","0","0","-","0","0","0","0","0","0","0","0","0","0","0","0","0","0","0","0","0","0","3","0","0","0","0","0","0","0","0","0","0","0","0","0","0","0","0","0","0","0","0","0"
"0x7fc1235b2de0","      F2FP.BF16.F32.PACK_AB R4, R53, R52","3","0","3","65536","2097152","2097152","32","32","0","0","0","-","-","-","0","0","0","0","0","0","0","0","0","-","0","0","0","0","0","0","0","0","0","0","0","0","0","0","0","0","0","0","3","0","0","0","0","0","0","0","0","0","0","0","0","0","0","0","0","0","0","0","0","0"
"0x7fc1235b2df0","      FMUL2 R58, R0.F32, R12.F32x2.HI_LO","1","0","1","65536","2097152","2097152","32","32","0","0","0","-","-","-","0","0","0","0","0","0","0","0","0","-","0","0","0","0","0","0","0","0","0","0","0","0","0","0","0","0","0","0","1","0","0","0","0","0","0","0","0","0","0","0","0","0","0","0","0","0","0","0","0","0"
"0x7fc1235b2e00","      F2FP.BF16.F32.PACK_AB R9, R47, R46","3","1","3","65536","2097152","2097152","32","32","0","0","0","-","-","-","0","0","0","0","0","0","0","0","0","-","0","0","0","0","0","0","0","0","0","0","0","0","0","0","0","0","2","0","1","0","0","0","0","0","0","0","0","0","0","0","0","0","0","1","0","0","0","0","0","0"
"0x7fc1235b2e10","      FMUL2 R56, R0.F32, R14.F32x2.HI_LO","0","0","0","65536","2097152","2097152","32","32","0","0","0","-","-","-","0","0","0","0","0","0","0","0","0","-","0","0","0","0","0","0","0","0","0","0","0","0","0","0","0","0","0","0","0","0","0","0","0","0","0","0","0","0","0","0","0","0","0","0","0","0","0","0","0","0"
"0x7fc1235b2e20","      F2FP.BF16.F32.PACK_AB R8, R45, R44","0","0","0","65536","2097152","2097152","32","32","0","0","0","-","-","-","0","0","0","0","0","0","0","0","0","-","0","0","0","0","0","0","0","0","0","0","0","0","0","0","0","0","0","0","0","0","0","0","0","0","0","0","0","0","0","0","0","0","0","0","0","0","0","0","0","0"
"0x7fc1235b2e30","      FMUL2 R32, R0.F32, R32.F32x2.HI_LO","4","0","4","65536","2097152","2097152","32","32","0","0","0","-","-","-","0","0","0","0","0","0","0","0","0","-","0","0","0","0","0","0","0","0","0","0","0","0","0","0","0","0","0","0","4","0","0","0","0","0","0","0","0","0","0","0","0","0","0","0","0","0","0","0","0","0"
"0x7fc1235b2e40","      F2FP.BF16.F32.PACK_AB R15, R43, R42","1","0","1","65536","2097152","2097152","32","32","0","0","0","-","-","-","0","0","0","0","0","0","0","0","0","-","0","0","0","0","0","0","0","0","0","0","0","0","0","0","0","0","0","0","1","0","0","0","0","0","0","0","0","0","0","0","0","0","0","0","0","0","0","0","0","0"
"0x7fc1235b2e50","      FMUL2 R34, R0.F32, R34.F32x2.HI_LO","1","0","1","65536","2097152","2097152","32","32","0","0","0","-","-","-","0","0","0","0","0","0","0","0","0","-","0","0","0","0","0","0","0","0","0","0","0","0","0","0","0","0","0","0","1","0","0","0","0","0","0","0","0","0","0","0","0","0","0","0","0","0","0","0","0","0"
"0x7fc1235b2e60","      F2FP.BF16.F32.PACK_AB R14, R69, R68","1","0","1","65536","2097152","2097152","32","32","0","0","0","-","-","-","0","0","0","0","0","0","0","0","0","-","0","0","0","0","0","0","0","0","0","0","0","0","0","0","0","0","0","0","1","0","0","0","0","0","0","0","0","0","0","0","0","0","0","0","0","0","0","0","0","0"
"0x7fc1235b2e70","      STG.E.NA.EFL2.256 desc[UR8][R88.64+0xa0], R4, R36","1","0","1","65536","2097152","2097152","32","32","0","0","0","Global","Store","-","0","0","0","0","0","0","0","0","0","","0","0","0","0","0","0","0","0","0","0","0","0","0","0","0","0","0","0","1","0","0","0","0","0","0","0","0","0","0","0","0","0","0","0","0","0","0","0","0","0"
"0x7fc1235b2e80","      F2FP.BF16.F32.PACK_AB R13, R71, R70","0","0","0","65536","2097152","2097152","32","32","0","0","0","-","-","-","0","0","0","0","0","0","0","0","0","-","0","0","0","0","0","0","0","0","0","0","0","0","0","0","0","0","0","0","0","0","0","0","0","0","0","0","0","0","0","0","0","0","0","0","0","0","0","0","0","0"
"0x7fc1235b2e90","      F2FP.BF16.F32.PACK_AB R12, R73, R72","6","2","6","65536","2097152","2097152","32","32","0","0","0","-","-","-","0","0","0","0","0","0","0","0","0","-","0","0","0","0","0","0","0","0","0","0","0","0","1","0","0","0","0","1","3","0","0","0","1","0","0","0","0","0","0","1","0","0","0","0","0","0","0","0","0","1"
"0x7fc1235b2ea0","      F2FP.BF16.F32.PACK_AB R25, R23, R22","2","1","2","65536","2097152","2097152","32","32","0","0","0","-","-","-","0","0","0","0","0","0","0","0","0","-","0","0","0","0","0","0","0","0","0","0","0","0","0","0","0","0","0","0","1","0","0","0","1","0","0","0","0","0","0","0","0","0","0","0","0","0","0","0","0","1"
"0x7fc1235b2eb0","      F2FP.BF16.F32.PACK_AB R28, R21, R20","4","1","4","65536","2097152","2097152","32","32","0","0","0","-","-","-","0","0","0","0","0","0","0","0","0","-","0","0","0","0","0","0","0","0","0","0","0","0","0","0","0","0","0","0","3","0","0","0","1","0","0","0","0","0","0","0","0","0","0","0","0","0","0","0","0","1"
"0x7fc1235b2ec0","      STG.E.NA.EFL2.256 desc[UR8][R88.64+0x80], R12, R8","1","0","1","65536","2097152","2097152","32","32","0","0","0","Global","Store","-","0","0","0","0","0","0","0","0","0","","0","0","0","0","0","0","0","0","0","0","0","0","0","0","0","0","0","0","1","0","0","0","0","0","0","0","0","0","0","0","0","0","0","0","0","0","0","0","0","0"
"0x7fc1235b2ed0","      F2FP.BF16.F32.PACK_AB R23, R19, R18","3","0","3","65536","2097152","2097152","32","32","0","0","0","-","-","-","0","0","0","0","0","0","0","0","0","-","0","0","0","0","0","0","0","0","0","0","0","0","0","0","0","0","0","0","3","0","0","0","0","0","0","0","0","0","0","0","0","0","0","0","0","0","0","0","0","0"
"0x7fc1235b2ee0","      NOP","2","0","2","65536","2097152","2097152","32","32","0","0","0","-","-","-","0","0","0","0","0","0","0","0","0","-","0","0","0","0","0","0","0","0","0","0","0","0","0","0","0","0","0","0","2","0","0","0","0","0","0","0","0","0","0","0","0","0","0","0","0","0","0","0","0","0"
"0x7fc1235b2ef0","      F2FP.BF16.F32.PACK_AB R22, R17, R16","2","0","2","65536","2097152","2097152","32","32","0","0","0","-","-","-","0","0","0","0","0","0","0","0","0","-","0","0","0","0","0","0","0","0","0","0","0","0","0","0","0","0","0","0","2","0","0","0","0","0","0","0","0","0","0","0","0","0","0","0","0","0","0","0","0","0"
"0x7fc1235b2f00","      F2FP.BF16.F32.PACK_AB R31, R35, R34","7","1","7","65536","2097152","2097152","32","32","0","0","0","-","-","-","0","0","0","0","0","0","0","0","0","-","0","0","0","0","0","0","0","0","0","0","0","0","0","0","0","0","0","6","0","0","0","0","1","0","0","0","0","0","0","0","0","0","0","0","0","0","0","0","0","1"
"0x7fc1235b2f10","      F2FP.BF16.F32.PACK_AB R30, R33, R32","2","1","2","65536","2097152","2097152","32","32","0","0","0","-","-","-","0","0","0","0","0","0","0","0","0","-","0","0","0","0","0","0","0","0","0","0","0","0","0","0","0","0","0","0","1","0","0","0","1","0","0","0","0","0","0","0","0","0","0","0","0","0","0","0","0","1"
"0x7fc1235b2f20","      F2FP.BF16.F32.PACK_AB R21, R57, R56","1","1","1","65536","2097152","2097152","32","32","0","0","0","-","-","-","0","0","0","0","0","0","0","0","0","-","0","0","0","0","0","0","0","0","0","0","0","0","0","0","0","0","0","0","0","0","0","0","1","0","0","0","0","0","0","0","0","0","0","0","0","0","0","0","0","1"
"0x7fc1235b2f30","      F2FP.BF16.F32.PACK_AB R20, R59, R58","4","2","4","65536","2097152","2097152","32","32","0","0","0","-","-","-","0","0","0","0","0","0","0","0","0","-","0","0","0","0","0","0","0","0","0","0","0","0","0","0","0","0","0","0","2","0","0","0","2","0","0","0","0","0","0","0","0","0","0","0","0","0","0","0","0","2"
"0x7fc1235b2f40","      F2FP.BF16.F32.PACK_AB R19, R61, R60","3","2","3","65536","2097152","2097152","32","32","0","0","0","-","-","-","0","0","0","0","0","0","0","0","0","-","0","0","0","0","0","0","0","0","0","0","0","0","0","0","0","0","0","0","1","0","0","0","2","0","0","0","0","0","0","0","0","0","0","0","0","0","0","0","0","2"
"0x7fc1235b2f50","      F2FP.BF16.F32.PACK_AB R18, R63, R62","2","0","2","65536","2097152","2097152","32","32","0","0","0","-","-","-","0","0","0","0","0","0","0","0","0","-","0","0","0","0","0","0","0","0","0","0","0","0","0","0","0","0","0","1","1","0","0","0","0","0","0","0","0","0","0","0","0","0","0","0","0","0","0","0","0","0"
"0x7fc1235b2f60","      F2FP.BF16.F32.PACK_AB R17, R41, R40","6","2","6","65536","2097152","2097152","32","32","0","0","0","-","-","-","0","0","0","0","0","0","0","0","0","-","0","0","0","0","0","0","0","0","0","0","0","0","0","0","0","0","0","0","4","0","0","0","2","0","0","0","0","0","0","0","0","0","0","0","0","0","0","0","0","2"
"0x7fc1235b2f70","      F2FP.BF16.F32.PACK_AB R16, R3, R2","3","2","3","65536","2097152","2097152","32","32","0","0","0","-","-","-","0","0","0","0","0","0","0","0","0","-","0","0","0","0","0","0","0","0","0","0","0","0","0","0","0","0","0","0","1","0","0","0","2","0","0","0","0","0","0","0","0","0","0","0","0","0","0","0","0","2"
"0x7fc1235b2f80","      F2FP.BF16.F32.PACK_AB R24, R51, R50","2","0","2","65536","2097152","2097152","32","32","0","0","0","-","-","-","0","0","0","0","0","0","0","0","0","-","0","0","0","0","0","0","0","0","0","0","0","0","0","0","0","0","0","0","1","0","0","0","1","0","0","0","0","0","0","0","0","0","0","0","0","0","0","0","0","0"
"0x7fc1235b2f90","      STG.E.NA.EFL2.256 desc[UR8][R88.64+0xc0], R16, R20","6","4","6","65536","2097152","2097152","32","32","0","0","0","Global","Store","-","0","0","0","0","0","0","0","0","0","","0","0","0","0","0","0","0","0","0","0","0","0","0","0","0","0","0","0","2","0","0","0","4","0","0","0","0","0","0","0","0","0","0","0","0","0","0","0","0","4"
"0x7fc1235b2fa0","      STG.E.NA.EFL2.256 desc[UR8][R88.64+0xe0], R24, R28","4","3","4","65536","2097152","2097152","32","32","0","0","0","Global","Store","-","0","0","0","0","0","0","0","0","0","","0","0","0","0","0","0","0","0","0","0","0","0","0","0","0","0","0","0","1","0","0","0","3","0","0","0","0","0","0","0","0","0","0","0","0","0","0","0","0","3"
"0x7fc1235b2fb0","      NOP","1","0","1","65536","2097152","2097152","32","32","0","0","0","-","-","-","0","0","0","0","0","0","0","0","0","-","0","0","0","0","0","0","0","0","0","0","0","0","0","0","0","0","0","0","1","0","0","0","0","0","0","0","0","0","0","0","0","0","0","0","0","0","0","0","0","0"
"0x7fc1235b2fc0","      BAR.SYNC.DEFER_BLOCKING 0x1, 0x100","0","0","0","65536","2097152","2097152","32","32","0","0","0","-","-","-","0","0","0","0","0","0","0","0","0","-","0","0","0","0","0","0","0","0","0","0","0","0","0","0","0","0","0","0","0","0","0","0","0","0","0","0","0","0","0","0","0","0","0","0","0","0","0","0","0","0"
"0x7fc1235b2fd0","      NOP","454","388","454","65536","2097152","2097152","32","32","0","0","0","-","-","-","0","0","0","0","0","0","0","0","0","-","0","0","0","0","0","0","446","0","0","0","0","0","0","0","0","0","0","3","4","0","0","0","1","387","0","0","0","0","0","0","0","0","0","0","0","0","0","0","0","1"
"0x7fc1235b2fe0","      LDG.E R177, desc[UR8][R176.64]","20","16","20","65536","2097152","2097152","32","32","0","0","0","Global","Load","32","65536","0","0","0","0","0","65536","65536","0","","0","0","0","0","0","0","0","0","0","0","0","0","0","0","16","0","0","0","4","0","0","0","0","0","0","0","0","0","0","0","0","16","0","0","0","0","0","0","0","0"
"0x7fc1235b2ff0","      UIADD3 UR5, UPT, UPT, UR7, 0x94, URZ","0","0","0","65536","2097152","2097152","32","32","0","0","0","-","-","-","0","0","0","0","0","0","0","0","0","-","0","0","0","0","0","0","0","0","0","0","0","0","0","0","0","0","0","0","0","0","0","0","0","0","0","0","0","0","0","0","0","0","0","0","0","0","0","0","0","0"
"0x7fc1235b3000","      LOP3.LUT R169, R169, 0x1, RZ, 0x3c, !PT","4","0","4","65536","2097152","2097152","32","32","0","0","0","-","-","-","0","0","0","0","0","0","0","0","0","-","0","0","0","0","0","0","0","0","0","0","0","0","0","0","0","0","0","0","4","0","0","0","0","0","0","0","0","0","0","0","0","0","0","0","0","0","0","0","0","0"
"0x7fc1235b3010","      UISETP.GE.U32.AND UP0, UPT, UR7, 0x1f6c, UPT","0","0","0","65536","2097152","2097152","32","32","0","0","0","-","-","-","0","0","0","0","0","0","0","0","0","-","0","0","0","0","0","0","0","0","0","0","0","0","0","0","0","0","0","0","0","0","0","0","0","0","0","0","0","0","0","0","0","0","0","0","0","0","0","0","0","0"
"0x7fc1235b3020","      SHF.R.S32.HI R0, RZ, 0x1f, R177","1475","1387","1475","65536","2097152","2097152","32","32","0","0","0","-","-","-","0","0","0","0","0","0","0","0","0","-","0","0","0","0","0","0","0","0","0","0","0","1468","1","0","0","0","0","4","2","0","0","0","0","0","0","0","0","0","1386","1","0","0","0","0","0","0","0","0","0","0"
"0x7fc1235b3030","      LEA.HI R3, R0, R177, RZ, 0x7","6","1","6","65536","2097152","2097152","32","32","0","0","0","-","-","-","0","0","0","0","0","0","0","0","0","-","0","0","0","0","0","0","0","0","0","0","0","0","1","0","0","0","0","1","1","0","0","0","3","0","0","0","0","0","0","0","0","0","0","0","0","0","0","0","0","1"
"0x7fc1235b3040","      LOP3.LUT R0, R3, 0xffffff80, RZ, 0xc0, !PT","6","1","6","65536","2097152","2097152","32","32","0","0","0","-","-","-","0","0","0","0","0","0","0","0","0","-","0","0","0","0","0","0","0","0","0","0","0","0","1","0","0","0","0","3","0","0","0","0","2","0","0","0","0","0","0","1","0","0","0","0","0","0","0","0","0","0"
"0x7fc1235b3050","      LEA.HI.SX32 R3, R3, R168, 0x19","5","2","5","65536","2097152","2097152","32","32","0","0","0","-","-","-","0","0","0","0","0","0","0","0","0","-","0","0","0","0","0","0","0","0","0","0","0","0","0","0","0","0","0","0","2","0","0","0","3","0","0","0","0","0","0","0","0","0","0","0","0","0","0","0","0","2"
"0x7fc1235b3060","      ISETP.NE.U32.AND P0, PT, R177, R0, PT","6","3","6","65536","2097152","2097152","32","32","0","0","0","-","-","-","0","0","0","0","0","0","0","0","0","-","0","0","0","0","0","0","0","0","0","0","0","0","0","0","0","0","0","1","2","0","0","0","3","0","0","0","0","0","0","0","0","0","0","0","0","0","0","0","0","3"
"0x7fc1235b3070","      IMAD.U32 R0, RZ, RZ, UR5","0","0","0","65536","2097152","2097152","32","32","0","0","0","-","-","-","0","0","0","0","0","0","0","0","0","-","0","0","0","0","0","0","0","0","0","0","0","0","0","0","0","0","0","0","0","0","0","0","0","0","0","0","0","0","0","0","0","0","0","0","0","0","0","0","0","0"
"0x7fc1235b3080","      VIADD R168, R3, 0x1","2","1","2","65536","2097152","2097152","32","32","0","0","0","-","-","-","0","0","0","0","0","0","0","0","0","-","0","0","0","0","0","0","0","0","0","0","0","0","0","0","0","0","0","0","0","0","0","0","2","0","0","0","0","0","0","0","0","0","0","0","0","0","0","0","0","1"
"0x7fc1235b3090","      ISETP.GT.AND P0, PT, R177, -0x1, P0","3","0","3","65536","2097152","2097152","32","32","0","0","0","-","-","-","0","0","0","0","0","0","0","0","0","-","0","0","0","0","0","0","0","0","0","0","0","0","0","0","0","0","0","0","3","0","0","0","0","0","0","0","0","0","0","0","0","0","0","0","0","0","0","0","0","0"
"0x7fc1235b30a0","      STL [R1+0x4], R0","1","0","1","65536","2097152","2097152","32","32","0","0","0","Local","Store","32","0","0","0","0","0","0","0","0","262144","-","0","0","0","0","0","0","0","0","0","0","0","0","0","0","0","0","0","1","0","0","0","0","0","0","0","0","0","0","0","0","0","0","0","0","0","0","0","0","0","0"
"0x7fc1235b30b0","@!P0  IMAD.MOV R168, RZ, RZ, R3","13","8","13","65536","2097152","2097152","32","32","0","0","0","-","-","-","0","0","0","0","0","0","0","0","0","-","0","0","0","0","0","0","0","0","0","0","0","0","0","0","0","0","0","0","1","0","0","0","12","0","0","0","0","0","0","0","0","0","0","0","0","0","0","0","0","8"
"0x7fc1235b30c0","      BRA.U !UP0, 0x7fc1235b0c20","1","0","1","65536","2097152","2097152","32","32","0","0","0","-","-","-","0","0","0","0","0","0","0","0","0","-","0","0","0","0","0","0","0","0","0","0","0","0","0","0","0","0","0","0","1","0","0","0","0","0","0","0","0","0","0","0","0","0","0","0","0","0","0","0","0","0"
"0x7fc1235b30d0","      LDL.LU R0, [R1]","2","2","2","2368","75776","75776","32","32","0","0","0","Local","Load","32","0","0","0","0","0","0","0","0","9472","-","0","0","0","0","0","0","0","0","0","0","0","0","0","0","0","0","0","0","0","0","0","0","2","0","0","0","0","0","0","0","0","0","0","0","0","0","0","0","0","2"
"0x7fc1235b30e0","      R2UR UR5, R0","5","4","5","2368","75776","75776","32","32","0","0","0","-","-","-","0","0","0","0","0","0","0","0","0","-","0","0","0","0","0","0","0","0","0","0","0","4","0","0","0","0","0","0","1","0","0","0","0","0","0","0","0","0","4","0","0","0","0","0","0","0","0","0","0","0"
"0x7fc1235b30f0","      ISETP.NE.U32.AND P0, PT, RZ, UR5, PT","2","1","2","2368","75776","75776","32","32","0","0","0","-","-","-","0","0","0","0","0","0","0","0","0","-","0","0","0","0","0","0","0","0","0","0","0","0","0","0","0","0","0","0","0","0","0","0","2","0","0","0","0","0","0","0","0","0","0","0","0","0","0","0","0","1"
"0x7fc1235b3100","@P0   EXIT","1","1","1","2368","75776","71040","32","30","2","2","0","-","-","-","0","0","0","0","0","0","0","0","0","-","0","0","0","0","0","0","0","0","0","0","0","0","0","0","0","0","0","0","0","0","0","0","1","0","0","0","0","0","0","0","0","0","0","0","0","0","0","0","0","1"
"0x7fc1235b3110","      S2UR UR6, SR_CgaCtaId","0","0","0","148","4736","4736","32","32","2","0","0","-","-","-","0","0","0","0","0","0","0","0","0","-","0","0","0","0","0","0","0","0","0","0","0","0","0","0","0","0","0","0","0","0","0","0","0","0","0","0","0","0","0","0","0","0","0","0","0","0","0","0","0","0"
"0x7fc1235b3120","      LDS R3, [UR4+0x2f940]","0","0","0","148","4736","4736","32","32","0","0","0","Shared","Load","32","0","1","0","148","148","0","0","0","0","-","0","0","0","0","0","0","0","0","0","0","0","0","0","0","0","0","0","0","0","0","0","0","0","0","0","0","0","0","0","0","0","0","0","0","0","0","0","0","0","0"
"0x7fc1235b3130","      UMOV UR5, 0x40","0","0","0","148","4736","4736","32","32","0","0","0","-","-","-","0","0","0","0","0","0","0","0","0","-","0","0","0","0","0","0","0","0","0","0","0","0","0","0","0","0","0","0","0","0","0","0","0","0","0","0","0","0","0","0","0","0","0","0","0","0","0","0","0","0"
"0x7fc1235b3140","      IMAD.MOV.U32 R2, RZ, RZ, 0xffff","0","0","0","148","4736","4736","32","32","0","0","0","-","-","-","0","0","0","0","0","0","0","0","0","-","0","0","0","0","0","0","0","0","0","0","0","0","0","0","0","0","0","0","0","0","0","0","0","0","0","0","0","0","0","0","0","0","0","0","0","0","0","0","0","0"
"0x7fc1235b3150","      IMAD.MOV.U32 R0, RZ, RZ, 0x1","0","0","0","148","4736","4736","32","32","0","0","0","-","-","-","0","0","0","0","0","0","0","0","0","-","0","0","0","0","0","0","0","0","0","0","0","0","0","0","0","0","0","0","0","0","0","0","0","0","0","0","0","0","0","0","0","0","0","0","0","0","0","0","0","0"
"0x7fc1235b3160","      ULEA UR5, UR6, UR5, 0x18","1","1","1","148","4736","4736","32","32","0","0","0","-","-","-","0","0","0","0","0","0","0","0","0","-","0","0","0","0","0","0","0","0","0","0","0","0","0","0","0","0","0","0","0","1","0","0","0","0","0","0","0","0","0","0","0","0","0","0","0","0","1","0","0","0"
"0x7fc1235b3170","      NOP","0","0","0","148","4736","4736","32","32","0","0","0","-","-","-","0","0","0","0","0","0","0","0","0","-","0","0","0","0","0","0","0","0","0","0","0","0","0","0","0","0","0","0","0","0","0","0","0","0","0","0","0","0","0","0","0","0","0","0","0","0","0","0","0","0"
"0x7fc1235b3180","      LDS R5, [UR5+0x14]","0","0","0","148","4736","4736","32","32","0","0","0","Shared","Load","32","0","1","0","148","148","0","0","0","0","-","0","0","0","0","0","0","0","0","0","0","0","0","0","0","0","0","0","0","0","0","0","0","0","0","0","0","0","0","0","0","0","0","0","0","0","0","0","0","0","0"
"0x7fc1235b3190","      LOP3.LUT R3, R3, 0xffff, RZ, 0xc0, !PT","0","0","0","148","4736","4736","32","32","0","0","0","-","-","-","0","0","0","0","0","0","0","0","0","-","0","0","0","0","0","0","0","0","0","0","0","0","0","0","0","0","0","0","0","0","0","0","0","0","0","0","0","0","0","0","0","0","0","0","0","0","0","0","0","0"
"0x7fc1235b31a0","      SHF.R.U32.HI R3, RZ, 0x5, R3","0","0","0","148","4736","4736","32","32","0","0","0","-","-","-","0","0","0","0","0","0","0","0","0","-","0","0","0","0","0","0","0","0","0","0","0","0","0","0","0","0","0","0","0","0","0","0","0","0","0","0","0","0","0","0","0","0","0","0","0","0","0","0","0","0"
"0x7fc1235b31b0","      SHF.L.U32 R2, R2, R3, RZ","0","0","0","148","4736","4736","32","32","0","0","0","-","-","-","0","0","0","0","0","0","0","0","0","-","0","0","0","0","0","0","0","0","0","0","0","0","0","0","0","0","0","0","0","0","0","0","0","0","0","0","0","0","0","0","0","0","0","0","0","0","0","0","0","0"
"0x7fc1235b31c0","      SHF.L.U32 R0, R0, R3, RZ","0","0","0","148","4736","4736","32","32","0","0","0","-","-","-","0","0","0","0","0","0","0","0","0","-","0","0","0","0","0","0","0","0","0","0","0","0","0","0","0","0","0","0","0","0","0","0","0","0","0","0","0","0","0","0","0","0","0","0","0","0","0","0","0","0"
"0x7fc1235b31d0","      LOP3.LUT R5, R5, R2, RZ, 0xc0, !PT","0","0","0","148","4736","4736","32","32","0","0","0","-","-","-","0","0","0","0","0","0","0","0","0","-","0","0","0","0","0","0","0","0","0","0","0","0","0","0","0","0","0","0","0","0","0","0","0","0","0","0","0","0","0","0","0","0","0","0","0","0","0","0","0","0"
"0x7fc1235b31e0","      ISETP.NE.AND P0, PT, R5, R2, PT","0","0","0","148","4736","4736","32","32","0","0","0","-","-","-","0","0","0","0","0","0","0","0","0","-","0","0","0","0","0","0","0","0","0","0","0","0","0","0","0","0","0","0","0","0","0","0","0","0","0","0","0","0","0","0","0","0","0","0","0","0","0","0","0","0"
"0x7fc1235b31f0","@P0   BRA 0x7fc1235b3370","0","0","0","148","4736","0","32","0","32","32","0","-","-","-","0","0","0","0","0","0","0","0","0","-","0","0","0","0","0","0","0","0","0","0","0","0","0","0","0","0","0","0","0","0","0","0","0","0","0","0","0","0","0","0","0","0","0","0","0","0","0","0","0","0"
"0x7fc1235b3200","      LDS R3, [UR5+0x18]","0","0","0","148","4736","4736","32","32","32","0","0","Shared","Load","32","0","1","0","148","148","0","0","0","0","-","0","0","0","0","0","0","0","0","0","0","0","0","0","0","0","0","0","0","0","0","0","0","0","0","0","0","0","0","0","0","0","0","0","0","0","0","0","0","0","0"
"0x7fc1235b3210","      LOP3.LUT R3, R3, R0, RZ, 0xc0, !PT","0","0","0","148","4736","4736","32","32","0","0","0","-","-","-","0","0","0","0","0","0","0","0","0","-","0","0","0","0","0","0","0","0","0","0","0","0","0","0","0","0","0","0","0","0","0","0","0","0","0","0","0","0","0","0","0","0","0","0","0","0","0","0","0","0"
"0x7fc1235b3220","      ISETP.NE.AND P0, PT, R3, R0, PT","0","0","0","148","4736","4736","32","32","0","0","0","-","-","-","0","0","0","0","0","0","0","0","0","-","0","0","0","0","0","0","0","0","0","0","0","0","0","0","0","0","0","0","0","0","0","0","0","0","0","0","0","0","0","0","0","0","0","0","0","0","0","0","0","0"
"0x7fc1235b3230","@P0   BRA 0x7fc1235b3340","0","0","0","148","4736","0","32","0","32","32","0","-","-","-","0","0","0","0","0","0","0","0","0","-","0","0","0","0","0","0","0","0","0","0","0","0","0","0","0","0","0","0","0","0","0","0","0","0","0","0","0","0","0","0","0","0","0","0","0","0","0","0","0","0"
"0x7fc1235b3240","      R2UR UR4, R2","0","0","0","148","4736","4736","32","32","32","0","0","-","-","-","0","0","0","0","0","0","0","0","0","-","0","0","0","0","0","0","0","0","0","0","0","0","0","0","0","0","0","0","0","0","0","0","0","0","0","0","0","0","0","0","0","0","0","0","0","0","0","0","0","0"
"0x7fc1235b3250","      S2R R3, SR_LANEID","0","0","0","148","4736","4736","32","32","0","0","0","-","-","-","0","0","0","0","0","0","0","0","0","-","0","0","0","0","0","0","0","0","0","0","0","0","0","0","0","0","0","0","0","0","0","0","0","0","0","0","0","0","0","0","0","0","0","0","0","0","0","0","0","0"
"0x7fc1235b3260","      LOP3.LUT R4, RZ, R0, RZ, 0x33, !PT","0","0","0","148","4736","4736","32","32","0","0","0","-","-","-","0","0","0","0","0","0","0","0","0","-","0","0","0","0","0","0","0","0","0","0","0","0","0","0","0","0","0","0","0","0","0","0","0","0","0","0","0","0","0","0","0","0","0","0","0","0","0","0","0","0"
"0x7fc1235b3270","      REDUX UR7, R4","0","0","0","148","4736","4736","32","32","0","0","0","-","-","-","0","0","0","0","0","0","0","0","0","-","0","0","0","0","0","0","0","0","0","0","0","0","0","0","0","0","0","0","0","0","0","0","0","0","0","0","0","0","0","0","0","0","0","0","0","0","0","0","0","0"
"0x7fc1235b3280","      ULOP3.LUT UR6, URZ, UR4, URZ, 0x33, !UPT","0","0","0","148","4736","4736","32","32","0","0","0","-","-","-","0","0","0","0","0","0","0","0","0","-","0","0","0","0","0","0","0","0","0","0","0","0","0","0","0","0","0","0","0","0","0","0","0","0","0","0","0","0","0","0","0","0","0","0","0","0","0","0","0","0"
"0x7fc1235b3290","      VOTEU.ANY UR4, UPT, PT","0","0","0","148","4736","4736","32","32","0","0","0","-","-","-","0","0","0","0","0","0","0","0","0","-","0","0","0","0","0","0","0","0","0","0","0","0","0","0","0","0","0","0","0","0","0","0","0","0","0","0","0","0","0","0","0","0","0","0","0","0","0","0","0","0"
"0x7fc1235b32a0","      UFLO.U32 UR4, UR4","0","0","0","148","4736","4736","32","32","0","0","0","-","-","-","0","0","0","0","0","0","0","0","0","-","0","0","0","0","0","0","0","0","0","0","0","0","0","0","0","0","0","0","0","0","0","0","0","0","0","0","0","0","0","0","0","0","0","0","0","0","0","0","0","0"
"0x7fc1235b32b0","      IMAD.U32 R2, RZ, RZ, UR6","0","0","0","148","4736","4736","32","32","0","0","0","-","-","-","0","0","0","0","0","0","0","0","0","-","0","0","0","0","0","0","0","0","0","0","0","0","0","0","0","0","0","0","0","0","0","0","0","0","0","0","0","0","0","0","0","0","0","0","0","0","0","0","0","0"
"0x7fc1235b32c0","      REDUX UR8, R2","0","0","0","148","4736","4736","32","32","0","0","0","-","-","-","0","0","0","0","0","0","0","0","0","-","0","0","0","0","0","0","0","0","0","0","0","0","0","0","0","0","0","0","0","0","0","0","0","0","0","0","0","0","0","0","0","0","0","0","0","0","0","0","0","0"
"0x7fc1235b32d0","      UTCATOMSWS.AND URZ, UR6","0","0","0","148","4736","4736","32","32","0","0","0","-","-","-","0","0","0","0","0","0","0","0","0","-","0","0","0","0","0","0","0","0","0","0","0","0","0","0","0","0","0","0","0","0","0","0","0","0","0","0","0","0","0","0","0","0","0","0","0","0","0","0","0","0"
"0x7fc1235b32e0","      IMAD.U32 R0, RZ, RZ, UR7","1","0","1","148","4736","4736","32","32","0","0","0","-","-","-","0","0","0","0","0","0","0","0","0","-","0","0","0","0","0","0","0","0","0","0","0","0","0","0","0","0","0","0","1","0","0","0","0","0","0","0","0","0","0","0","0","0","0","0","0","0","0","0","0","0"
"0x7fc1235b32f0","      ISETP.EQ.U32.AND P0, PT, R3, UR4, PT","0","0","0","148","4736","4736","32","32","0","0","0","-","-","-","0","0","0","0","0","0","0","0","0","-","0","0","0","0","0","0","0","0","0","0","0","0","0","0","0","0","0","0","0","0","0","0","0","0","0","0","0","0","0","0","0","0","0","0","0","0","0","0","0","0"
"0x7fc1235b3300","      IMAD.U32 R3, RZ, RZ, UR8","0","0","0","148","4736","4736","32","32","0","0","0","-","-","-","0","0","0","0","0","0","0","0","0","-","0","0","0","0","0","0","0","0","0","0","0","0","0","0","0","0","0","0","0","0","0","0","0","0","0","0","0","0","0","0","0","0","0","0","0","0","0","0","0","0"
"0x7fc1235b3310","@P0   ATOMS.AND RZ, [UR5+0x14], R3","0","0","0","148","4736","148","32","1","31","31","0","Shared","Atomic","32","0","1","0","148","148","0","0","0","0","-","0","0","0","0","0","0","0","0","0","0","0","0","0","0","0","0","0","0","0","0","0","0","0","0","0","0","0","0","0","0","0","0","0","0","0","0","0","0","0","0"
"0x7fc1235b3320","@P0   ATOMS.AND RZ, [UR5+0x18], R0","0","0","0","148","4736","148","32","1","0","31","0","Shared","Atomic","32","0","1","0","148","148","0","0","0","0","-","0","0","0","0","0","0","0","0","0","0","0","0","0","0","0","0","0","0","0","0","0","0","0","0","0","0","0","0","0","0","0","0","0","0","0","0","0","0","0","0"
"0x7fc1235b3330","      BRA 0x7fc1235b3390","0","0","0","148","4736","4736","32","32","31","0","0","-","-","-","0","0","0","0","0","0","0","0","0","-","0","0","0","0","0","0","0","0","0","0","0","0","0","0","0","0","0","0","0","0","0","0","0","0","0","0","0","0","0","0","0","0","0","0","0","0","0","0","0","0"
"0x7fc1235b3340","      MOV R2, 0x59e0","0","0","0","0","0","0","0","0","32","32","0","-","-","-","0","0","0","0","0","0","0","0","0","-","0","0","0","0","0","0","0","0","0","0","0","0","0","0","0","0","0","0","0","0","0","0","0","0","0","0","0","0","0","0","0","0","0","0","0","0","0","0","0","0"
"0x7fc1235b3350","      CALL.REL.NOINC 0x7fc1235b3670","0","0","0","0","0","0","0","0","0","32","0","-","-","-","0","0","0","0","0","0","0","0","0","-","0","0","0","0","0","0","0","0","0","0","0","0","0","0","0","0","0","0","0","0","0","0","0","0","0","0","0","0","0","0","0","0","0","0","0","0","0","0","0","0"
"0x7fc1235b3360","      BRA 0x7fc1235b3390","0","0","0","0","0","0","0","0","0","32","0","-","-","-","0","0","0","0","0","0","0","0","0","-","0","0","0","0","0","0","0","0","0","0","0","0","0","0","0","0","0","0","0","0","0","0","0","0","0","0","0","0","0","0","0","0","0","0","0","0","0","0","0","0"
"0x7fc1235b3370","      MOV R2, 0x5a10","0","0","0","0","0","0","0","0","0","32","0","-","-","-","0","0","0","0","0","0","0","0","0","-","0","0","0","0","0","0","0","0","0","0","0","0","0","0","0","0","0","0","0","0","0","0","0","0","0","0","0","0","0","0","0","0","0","0","0","0","0","0","0","0"
"0x7fc1235b3380","      CALL.REL.NOINC 0x7fc1235b36a0","0","0","0","0","0","0","0","0","0","32","0","-","-","-","0","0","0","0","0","0","0","0","0","-","0","0","0","0","0","0","0","0","0","0","0","0","0","0","0","0","0","0","0","0","0","0","0","0","0","0","0","0","0","0","0","0","0","0","0","0","0","0","0","0"
"0x7fc1235b3390","      NOP","0","0","0","148","4736","4736","32","32","32","0","0","-","-","-","0","0","0","0","0","0","0","0","0","-","0","0","0","0","0","0","0","0","0","0","0","0","0","0","0","0","0","0","0","0","0","0","0","0","0","0","0","0","0","0","0","0","0","0","0","0","0","0","0","0"
"0x7fc1235b33a0","      EXIT","0","0","0","148","4736","4736","32","32","0","0","0","-","-","-","0","0","0","0","0","0","0","0","0","-","0","0","0","0","0","0","0","0","0","0","0","0","0","0","0","0","0","0","0","0","0","0","0","0","0","0","0","0","0","0","0","0","0","0","0","0","0","0","0","0"
"0x7fc1235b33b0","      MOV R4, UR7","0","0","0","460109","14723488","14723488","32","32","0","0","0","-","-","-","0","0","0","0","0","0","0","0","0","-","0","0","0","0","0","0","0","0","0","0","0","0","0","0","0","0","0","0","0","0","0","0","0","0","0","0","0","0","0","0","0","0","0","0","0","0","0","0","0","0"
"0x7fc1235b33c0","      SYNCS.PHASECHK.TRANS64.TRYWAIT P2, [R4+URZ+0x2f958], R7","0","0","0","1602028","51264896","51264896","32","32","0","0","0","-","-","-","0","0","0","0","0","0","0","0","0","-","0","0","0","0","0","0","0","0","0","0","0","0","0","0","0","0","0","0","0","0","0","0","0","0","0","0","0","0","0","0","0","0","0","0","0","0","0","0","0","0"
"0x7fc1235b33d0","@!P2  NANOSLEEP.SYNCS 0x989680","0","0","0","1602028","51264896","37379680","32","23","9","9","0","-","-","-","0","0","0","0","0","0","0","0","0","-","0","0","0","0","0","0","0","0","0","0","0","0","0","0","0","0","0","0","0","0","0","0","0","0","0","0","0","0","0","0","0","0","0","0","0","0","0","0","0","0"
"0x7fc1235b33e0","@!P2  SYNCS.PHASECHK.TRANS64 P2, [R4+URZ+0x2f958], R7","0","0","0","1602028","51264896","37379680","32","23","0","9","0","-","-","-","0","0","0","0","0","0","0","0","0","-","0","0","0","0","0","0","0","0","0","0","0","0","0","0","0","0","0","0","0","0","0","0","0","0","0","0","0","0","0","0","0","0","0","0","0","0","0","0","0","0"
"0x7fc1235b33f0","@!P2  BRA 0x7fc1235b33c0","0","0","0","1602028","51264896","36541408","32","22","1","10","0","-","-","-","0","0","0","0","0","0","0","0","0","-","0","0","0","0","0","0","0","0","0","0","0","0","0","0","0","0","0","0","0","0","0","0","0","0","0","0","0","0","0","0","0","0","0","0","0","0","0","0","0","0"
"0x7fc1235b3400","      BRA 0x7fc1235ae360","0","0","0","460109","14723488","14723488","32","32","10","0","0","-","-","-","0","0","0","0","0","0","0","0","0","-","0","0","0","0","0","0","0","0","0","0","0","0","0","0","0","0","0","0","0","0","0","0","0","0","0","0","0","0","0","0","0","0","0","0","0","0","0","0","0","0"
"0x7fc1235b3410","      MOV R2, UR4","0","0","0","8192","262144","262144","32","32","0","0","0","-","-","-","0","0","0","0","0","0","0","0","0","-","0","0","0","0","0","0","0","0","0","0","0","0","0","0","0","0","0","0","0","0","0","0","0","0","0","0","0","0","0","0","0","0","0","0","0","0","0","0","0","0"
"0x7fc1235b3420","      SYNCS.PHASECHK.TRANS64.TRYWAIT P0, [R2+URZ+0x2f938], R3","0","0","0","170834","5466688","5466688","32","32","0","0","0","-","-","-","0","0","0","0","0","0","0","0","0","-","0","0","0","0","0","0","0","0","0","0","0","0","0","0","0","0","0","0","0","0","0","0","0","0","0","0","0","0","0","0","0","0","0","0","0","0","0","0","0","0"
"0x7fc1235b3430","@!P0  NANOSLEEP.SYNCS 0x989680","0","0","0","170834","5466688","5281472","32","30","2","2","0","-","-","-","0","0","0","0","0","0","0","0","0","-","0","0","0","0","0","0","0","0","0","0","0","0","0","0","0","0","0","0","0","0","0","0","0","0","0","0","0","0","0","0","0","0","0","0","0","0","0","0","0","0"
"0x7fc1235b3440","@!P0  SYNCS.PHASECHK.TRANS64 P0, [R2+URZ+0x2f938], R3","0","0","0","170834","5466688","5281472","32","30","0","2","0","-","-","-","0","0","0","0","0","0","0","0","0","-","0","0","0","0","0","0","0","0","0","0","0","0","0","0","0","0","0","0","0","0","0","0","0","0","0","0","0","0","0","0","0","0","0","0","0","0","0","0","0","0"
"0x7fc1235b3450","@!P0  BRA 0x7fc1235b3420","0","0","0","170834","5466688","5204544","32","30","0","2","0","-","-","-","0","0","0","0","0","0","0","0","0","-","0","0","0","0","0","0","0","0","0","0","0","0","0","0","0","0","0","0","0","0","0","0","0","0","0","0","0","0","0","0","0","0","0","0","0","0","0","0","0","0"
"0x7fc1235b3460","      BRA 0x7fc1235afca0","0","0","0","8192","262144","262144","32","32","2","0","0","-","-","-","0","0","0","0","0","0","0","0","0","-","0","0","0","0","0","0","0","0","0","0","0","0","0","0","0","0","0","0","0","0","0","0","0","0","0","0","0","0","0","0","0","0","0","0","0","0","0","0","0","0"
"0x7fc1235b3470","      MOV R0, UR5","0","0","0","297","9504","9504","32","32","0","0","0","-","-","-","0","0","0","0","0","0","0","0","0","-","0","0","0","0","0","0","0","0","0","0","0","0","0","0","0","0","0","0","0","0","0","0","0","0","0","0","0","0","0","0","0","0","0","0","0","0","0","0","0","0"
"0x7fc1235b3480","      SYNCS.PHASECHK.TRANS64.TRYWAIT P0, [R0+URZ+0x2f948], R7","0","0","0","2892","92544","92544","32","32","0","0","0","-","-","-","0","0","0","0","0","0","0","0","0","-","0","0","0","0","0","0","0","0","0","0","0","0","0","0","0","0","0","0","0","0","0","0","0","0","0","0","0","0","0","0","0","0","0","0","0","0","0","0","0","0"
"0x7fc1235b3490","@!P0  NANOSLEEP.SYNCS 0x989680","0","0","0","2892","92544","85408","32","29","3","3","0","-","-","-","0","0","0","0","0","0","0","0","0","-","0","0","0","0","0","0","0","0","0","0","0","0","0","0","0","0","0","0","0","0","0","0","0","0","0","0","0","0","0","0","0","0","0","0","0","0","0","0","0","0"
"0x7fc1235b34a0","@!P0  SYNCS.PHASECHK.TRANS64 P0, [R0+URZ+0x2f948], R7","0","0","0","2892","92544","85408","32","29","0","3","0","-","-","-","0","0","0","0","0","0","0","0","0","-","0","0","0","0","0","0","0","0","0","0","0","0","0","0","0","0","0","0","0","0","0","0","0","0","0","0","0","0","0","0","0","0","0","0","0","0","0","0","0","0"
"0x7fc1235b34b0","@!P0  BRA 0x7fc1235b3480","0","0","0","2892","92544","83040","32","28","1","4","0","-","-","-","0","0","0","0","0","0","0","0","0","-","0","0","0","0","0","0","0","0","0","0","0","0","0","0","0","0","0","0","0","0","0","0","0","0","0","0","0","0","0","0","0","0","0","0","0","0","0","0","0","0"
"0x7fc1235b34c0","      BRA 0x7fc1235aff70","0","0","0","297","9504","9504","32","32","4","0","0","-","-","-","0","0","0","0","0","0","0","0","0","-","0","0","0","0","0","0","0","0","0","0","0","0","0","0","0","0","0","0","0","0","0","0","0","0","0","0","0","0","0","0","0","0","0","0","0","0","0","0","0","0"
"0x7fc1235b34d0","      MOV R7, UR4","0","0","0","131072","4194304","4194304","32","32","0","0","0","-","-","-","0","0","0","0","0","0","0","0","0","-","0","0","0","0","0","0","0","0","0","0","0","0","0","0","0","0","0","0","0","0","0","0","0","0","0","0","0","0","0","0","0","0","0","0","0","0","0","0","0","0"
"0x7fc1235b34e0","      SYNCS.PHASECHK.TRANS64.TRYWAIT P0, [R7+URZ+0x2f930], R0","0","0","0","2309730","73911360","73911360","32","32","0","0","0","-","-","-","0","0","0","0","0","0","0","0","0","-","0","0","0","0","0","0","0","0","0","0","0","0","0","0","0","0","0","0","0","0","0","0","0","0","0","0","0","0","0","0","0","0","0","0","0","0","0","0","0","0"
"0x7fc1235b34f0","@!P0  NANOSLEEP.SYNCS 0x989680","0","0","0","2309730","73911360","69783168","32","30","2","2","0","-","-","-","0","0","0","0","0","0","0","0","0","-","0","0","0","0","0","0","0","0","0","0","0","0","0","0","0","0","0","0","0","0","0","0","0","0","0","0","0","0","0","0","0","0","0","0","0","0","0","0","0","0"
"0x7fc1235b3500","@!P0  SYNCS.PHASECHK.TRANS64 P0, [R7+URZ+0x2f930], R0","0","0","0","2309730","73911360","69783168","32","30","0","2","0","-","-","-","0","0","0","0","0","0","0","0","0","-","0","0","0","0","0","0","0","0","0","0","0","0","0","0","0","0","0","0","0","0","0","0","0","0","0","0","0","0","0","0","0","0","0","0","0","0","0","0","0","0"
"0x7fc1235b3510","@!P0  BRA 0x7fc1235b34e0","0","0","0","2309730","73911360","69717056","32","30","0","2","0","-","-","-","0","0","0","0","0","0","0","0","0","-","0","0","0","0","0","0","0","0","0","0","0","0","0","0","0","0","0","0","0","0","0","0","0","0","0","0","0","0","0","0","0","0","0","0","0","0","0","0","0","0"
"0x7fc1235b3520","      BRA 0x7fc1235b0520","0","0","0","131072","4194304","4194304","32","32","2","0","0","-","-","-","0","0","0","0","0","0","0","0","0","-","0","0","0","0","0","0","0","0","0","0","0","0","0","0","0","0","0","0","0","0","0","0","0","0","0","0","0","0","0","0","0","0","0","0","0","0","0","0","0","0"
"0x7fc1235b3530","      SYNCS.PHASECHK.TRANS64.TRYWAIT P0, [R166+URZ+0x2f938], R3","0","0","0","116442","3726144","3726144","32","32","0","0","0","-","-","-","0","0","0","0","0","0","0","0","0","-","0","0","0","0","0","0","0","0","0","0","0","0","0","0","0","0","0","0","0","0","0","0","0","0","0","0","0","0","0","0","0","0","0","0","0","0","0","0","0","0"
"0x7fc1235b3540","@!P0  NANOSLEEP.SYNCS 0x989680","0","0","0","116442","3726144","2931488","32","25","7","7","0","-","-","-","0","0","0","0","0","0","0","0","0","-","0","0","0","0","0","0","0","0","0","0","0","0","0","0","0","0","0","0","0","0","0","0","0","0","0","0","0","0","0","0","0","0","0","0","0","0","0","0","0","0"
"0x7fc1235b3550","@!P0  SYNCS.PHASECHK.TRANS64 P0, [R166+URZ+0x2f938], R3","0","0","0","116442","3726144","2931488","32","25","0","7","0","-","-","-","0","0","0","0","0","0","0","0","0","-","0","0","0","0","0","0","0","0","0","0","0","0","0","0","0","0","0","0","0","0","0","0","0","0","0","0","0","0","0","0","0","0","0","0","0","0","0","0","0","0"
"0x7fc1235b3560","@!P0  BRA 0x7fc1235b3530","0","0","0","116442","3726144","1891136","32","16","9","16","0","-","-","-","0","0","0","0","0","0","0","0","0","-","0","0","0","0","0","0","0","0","0","0","0","0","0","0","0","0","0","0","0","0","0","0","0","0","0","0","0","0","0","0","0","0","0","0","0","0","0","0","0","0"
"0x7fc1235b3570","      BRA 0x7fc1235b0e90","0","0","0","57344","1835008","1835008","32","32","16","0","0","-","-","-","0","0","0","0","0","0","0","0","0","-","0","0","0","0","0","0","0","0","0","0","0","0","0","0","0","0","0","0","0","0","0","0","0","0","0","0","0","0","0","0","0","0","0","0","0","0","0","0","0","0"
"0x7fc1235b3580","      SYNCS.PHASECHK.TRANS64.TRYWAIT P0, [R178+URZ+0x2f948], R3","0","0","0","21304","681728","681728","32","32","0","0","0","-","-","-","0","0","0","0","0","0","0","0","0","-","0","0","0","0","0","0","0","0","0","0","0","0","0","0","0","0","0","0","0","0","0","0","0","0","0","0","0","0","0","0","0","0","0","0","0","0","0","0","0","0"
"0x7fc1235b3590","@!P0  NANOSLEEP.SYNCS 0x989680","0","0","0","21304","681728","609472","32","28","4","4","0","-","-","-","0","0","0","0","0","0","0","0","0","-","0","0","0","0","0","0","0","0","0","0","0","0","0","0","0","0","0","0","0","0","0","0","0","0","0","0","0","0","0","0","0","0","0","0","0","0","0","0","0","0"
"0x7fc1235b35a0","@!P0  SYNCS.PHASECHK.TRANS64 P0, [R178+URZ+0x2f948], R3","0","0","0","21304","681728","609472","32","28","0","4","0","-","-","-","0","0","0","0","0","0","0","0","0","-","0","0","0","0","0","0","0","0","0","0","0","0","0","0","0","0","0","0","0","0","0","0","0","0","0","0","0","0","0","0","0","0","0","0","0","0","0","0","0","0"
"0x7fc1235b35b0","@!P0  BRA 0x7fc1235b3580","0","0","0","21304","681728","605952","32","28","0","4","0","-","-","-","0","0","0","0","0","0","0","0","0","-","0","0","0","0","0","0","0","0","0","0","0","0","0","0","0","0","0","0","0","0","0","0","0","0","0","0","0","0","0","0","0","0","0","0","0","0","0","0","0","0"
"0x7fc1235b35c0","      BRA 0x7fc1235b1190","0","0","0","2368","75776","75776","32","32","4","0","0","-","-","-","0","0","0","0","0","0","0","0","0","-","0","0","0","0","0","0","0","0","0","0","0","0","0","0","0","0","0","0","0","0","0","0","0","0","0","0","0","0","0","0","0","0","0","0","0","0","0","0","0","0"
"0x7fc1235b35d0","      SYNCS.PHASECHK.TRANS64.TRYWAIT P0, [R166+URZ+0x2f920], R175","0","0","0","5308438","169870016","169870016","32","32","0","0","0","-","-","-","0","0","0","0","0","0","0","0","0","-","0","0","0","0","0","0","0","0","0","0","0","0","0","0","0","0","0","0","0","0","0","0","0","0","0","0","0","0","0","0","0","0","0","0","0","0","0","0","0","0"
"0x7fc1235b35e0","@!P0  NANOSLEEP.SYNCS 0x989680","0","0","0","5308438","169870016","136364608","32","25","7","7","0","-","-","-","0","0","0","0","0","0","0","0","0","-","0","0","0","0","0","0","0","0","0","0","0","0","0","0","0","0","0","0","0","0","0","0","0","0","0","0","0","0","0","0","0","0","0","0","0","0","0","0","0","0"
"0x7fc1235b35f0","@!P0  SYNCS.PHASECHK.TRANS64 P0, [R166+URZ+0x2f920], R175","0","0","0","5308438","169870016","136364608","32","25","0","7","0","-","-","-","0","0","0","0","0","0","0","0","0","-","0","0","0","0","0","0","0","0","0","0","0","0","0","0","0","0","0","0","0","0","0","0","0","0","0","0","0","0","0","0","0","0","0","0","0","0","0","0","0","0"
"0x7fc1235b3600","@!P0  BRA 0x7fc1235b35d0","0","0","0","5308438","169870016","136315584","32","25","0","7","0","-","-","-","0","0","0","0","0","0","0","0","0","-","0","0","0","0","0","0","0","0","0","0","0","0","0","0","0","0","0","0","0","0","0","0","0","0","0","0","0","0","0","0","0","0","0","0","0","0","0","0","0","0"
"0x7fc1235b3610","      BRA 0x7fc1235b11f0","0","0","0","1048576","33554432","33554432","32","32","7","0","0","-","-","-","0","0","0","0","0","0","0","0","0","-","0","0","0","0","0","0","0","0","0","0","0","0","0","0","0","0","0","0","0","0","0","0","0","0","0","0","0","0","0","0","0","0","0","0","0","0","0","0","0","0"
"0x7fc1235b3620","      SYNCS.PHASECHK.TRANS64.TRYWAIT P1, [R166+URZ+0x2f928], R175","0","0","0","3005489","96175648","96175648","32","32","0","0","0","-","-","-","0","0","0","0","0","0","0","0","0","-","0","0","0","0","0","0","0","0","0","0","0","0","0","0","0","0","0","0","0","0","0","0","0","0","0","0","0","0","0","0","0","0","0","0","0","0","0","0","0","0"
"0x7fc1235b3630","@!P1  NANOSLEEP.SYNCS 0x989680","0","0","0","3005489","96175648","74055008","32","24","8","8","0","-","-","-","0","0","0","0","0","0","0","0","0","-","0","0","0","0","0","0","0","0","0","0","0","0","0","0","0","0","0","0","0","0","0","0","0","0","0","0","0","0","0","0","0","0","0","0","0","0","0","0","0","0"
"0x7fc1235b3640","@!P1  SYNCS.PHASECHK.TRANS64 P1, [R166+URZ+0x2f928], R175","0","0","0","3005489","96175648","74055008","32","24","0","8","0","-","-","-","0","0","0","0","0","0","0","0","0","-","0","0","0","0","0","0","0","0","0","0","0","0","0","0","0","0","0","0","0","0","0","0","0","0","0","0","0","0","0","0","0","0","0","0","0","0","0","0","0","0"
"0x7fc1235b3650","@!P1  BRA 0x7fc1235b3620","0","0","0","3005489","96175648","62621216","32","20","4","12","0","-","-","-","0","0","0","0","0","0","0","0","0","-","0","0","0","0","0","0","0","0","0","0","0","0","0","0","0","0","0","0","0","0","0","0","0","0","0","0","0","0","0","0","0","0","0","0","0","0","0","0","0","0"
"0x7fc1235b3660","      BRA 0x7fc1235b2330","0","0","0","1048576","33554432","33554432","32","32","12","0","0","-","-","-","0","0","0","0","0","0","0","0","0","-","0","0","0","0","0","0","0","0","0","0","0","0","0","0","0","0","0","0","0","0","0","0","0","0","0","0","0","0","0","0","0","0","0","0","0","0","0","0","0","0"
"0x7fc1235b3670","      BPT.TRAP 0x1","0","0","0","0","0","0","0","0","32","32","0","-","-","-","0","0","0","0","0","0","0","0","0","-","0","0","0","0","0","0","0","0","0","0","0","0","0","0","0","0","0","0","0","0","0","0","0","0","0","0","0","0","0","0","0","0","0","0","0","0","0","0","0","0"
"0x7fc1235b3680","      HFMA2 R3, -RZ, RZ, 0, 0","0","0","0","0","0","0","0","0","0","32","0","-","-","-","0","0","0","0","0","0","0","0","0","-","0","0","0","0","0","0","0","0","0","0","0","0","0","0","0","0","0","0","0","0","0","0","0","0","0","0","0","0","0","0","0","0","0","0","0","0","0","0","0","0"
"0x7fc1235b3690","      RET.REL.NODEC R2, 0x7fc1235ad980","0","0","0","0","0","0","0","0","0","32","0","-","-","-","0","0","0","0","0","0","0","0","0","-","0","0","0","0","0","0","0","0","0","0","0","0","0","0","0","0","0","0","0","0","0","0","0","0","0","0","0","0","0","0","0","0","0","0","0","0","0","0","0","0"
"0x7fc1235b36a0","      BPT.TRAP 0x1","0","0","0","0","0","0","0","0","0","32","0","-","-","-","0","0","0","0","0","0","0","0","0","-","0","0","0","0","0","0","0","0","0","0","0","0","0","0","0","0","0","0","0","0","0","0","0","0","0","0","0","0","0","0","0","0","0","0","0","0","0","0","0","0"
"0x7fc1235b36b0","      MOV R3, 0x0","0","0","0","0","0","0","0","0","0","32","0","-","-","-","0","0","0","0","0","0","0","0","0","-","0","0","0","0","0","0","0","0","0","0","0","0","0","0","0","0","0","0","0","0","0","0","0","0","0","0","0","0","0","0","0","0","0","0","0","0","0","0","0","0"
"0x7fc1235b36c0","      RET.REL.NODEC R2, 0x7fc1235ad980","0","0","0","0","0","0","0","0","0","32","0","-","-","-","0","0","0","0","0","0","0","0","0","-","0","0","0","0","0","0","0","0","0","0","0","0","0","0","0","0","0","0","0","0","0","0","0","0","0","0","0","0","0","0","0","0","0","0","0","0","0","0","0","0"
"0x7fc1235b36d0","      IMAD.SHL.U32 R7, R8, 0x2, RZ","0","0","0","0","0","0","0","0","0","32","0","-","-","-","0","0","0","0","0","0","0","0","0","-","0","0","0","0","0","0","0","0","0","0","0","0","0","0","0","0","0","0","0","0","0","0","0","0","0","0","0","0","0","0","0","0","0","0","0","0","0","0","0","0"
"0x7fc1235b36e0","      BSSY.RECONVERGENT B0, 0x7fc1235b3a00","0","0","0","0","0","0","0","0","0","32","0","-","-","-","0","0","0","0","0","0","0","0","0","-","0","0","0","0","0","0","0","0","0","0","0","0","0","0","0","0","0","0","0","0","0","0","0","0","0","0","0","0","0","0","0","0","0","0","0","0","0","0","0","0"
"0x7fc1235b36f0","      SHF.R.U32.HI R7, RZ, 0x18, R7","0","0","0","0","0","0","0","0","0","32","0","-","-","-","0","0","0","0","0","0","0","0","0","-","0","0","0","0","0","0","0","0","0","0","0","0","0","0","0","0","0","0","0","0","0","0","0","0","0","0","0","0","0","0","0","0","0","0","0","0","0","0","0","0"
"0x7fc1235b3700","      ISETP.NE.U32.AND P0, PT, R7, RZ, PT","0","0","0","0","0","0","0","0","0","32","0","-","-","-","0","0","0","0","0","0","0","0","0","-","0","0","0","0","0","0","0","0","0","0","0","0","0","0","0","0","0","0","0","0","0","0","0","0","0","0","0","0","0","0","0","0","0","0","0","0","0","0","0","0"
"0x7fc1235b3710","@P0   BRA 0x7fc1235b37c0","0","0","0","0","0","0","0","0","0","32","0","-","-","-","0","0","0","0","0","0","0","0","0","-","0","0","0","0","0","0","0","0","0","0","0","0","0","0","0","0","0","0","0","0","0","0","0","0","0","0","0","0","0","0","0","0","0","0","0","0","0","0","0","0"
"0x7fc1235b3720","      SHF.L.U32 R0, R8, 0x1, RZ","0","0","0","0","0","0","0","0","0","32","0","-","-","-","0","0","0","0","0","0","0","0","0","-","0","0","0","0","0","0","0","0","0","0","0","0","0","0","0","0","0","0","0","0","0","0","0","0","0","0","0","0","0","0","0","0","0","0","0","0","0","0","0","0"
"0x7fc1235b3730","      ISETP.NE.AND P0, PT, R0, RZ, PT","0","0","0","0","0","0","0","0","0","32","0","-","-","-","0","0","0","0","0","0","0","0","0","-","0","0","0","0","0","0","0","0","0","0","0","0","0","0","0","0","0","0","0","0","0","0","0","0","0","0","0","0","0","0","0","0","0","0","0","0","0","0","0","0"
"0x7fc1235b3740","@P0   FFMA R3, R8, 1.84467440737095516160e+19, RZ","0","0","0","0","0","0","0","0","0","32","0","-","-","-","0","0","0","0","0","0","0","0","0","-","0","0","0","0","0","0","0","0","0","0","0","0","0","0","0","0","0","0","0","0","0","0","0","0","0","0","0","0","0","0","0","0","0","0","0","0","0","0","0","0"
"0x7fc1235b3750","@!P0  MUFU.RCP R4, R8","0","0","0","0","0","0","0","0","0","32","0","-","-","-","0","0","0","0","0","0","0","0","0","-","0","0","0","0","0","0","0","0","0","0","0","0","0","0","0","0","0","0","0","0","0","0","0","0","0","0","0","0","0","0","0","0","0","0","0","0","0","0","0","0"
"0x7fc1235b3760","@P0   MUFU.RCP R0, R3","0","0","0","0","0","0","0","0","0","32","0","-","-","-","0","0","0","0","0","0","0","0","0","-","0","0","0","0","0","0","0","0","0","0","0","0","0","0","0","0","0","0","0","0","0","0","0","0","0","0","0","0","0","0","0","0","0","0","0","0","0","0","0","0"
"0x7fc1235b3770","@P0   FFMA R5, R3, R0, -1","0","0","0","0","0","0","0","0","0","32","0","-","-","-","0","0","0","0","0","0","0","0","0","-","0","0","0","0","0","0","0","0","0","0","0","0","0","0","0","0","0","0","0","0","0","0","0","0","0","0","0","0","0","0","0","0","0","0","0","0","0","0","0","0"
"0x7fc1235b3780","@P0   FADD.FTZ R5, -RZ, -R5","0","0","0","0","0","0","0","0","0","32","0","-","-","-","0","0","0","0","0","0","0","0","0","-","0","0","0","0","0","0","0","0","0","0","0","0","0","0","0","0","0","0","0","0","0","0","0","0","0","0","0","0","0","0","0","0","0","0","0","0","0","0","0","0"
"0x7fc1235b3790","@P0   FFMA R5, R0, R5, R0","0","0","0","0","0","0","0","0","0","32","0","-","-","-","0","0","0","0","0","0","0","0","0","-","0","0","0","0","0","0","0","0","0","0","0","0","0","0","0","0","0","0","0","0","0","0","0","0","0","0","0","0","0","0","0","0","0","0","0","0","0","0","0","0"
"0x7fc1235b37a0","@P0   FFMA R4, R5, 1.84467440737095516160e+19, RZ","0","0","0","0","0","0","0","0","0","32","0","-","-","-","0","0","0","0","0","0","0","0","0","-","0","0","0","0","0","0","0","0","0","0","0","0","0","0","0","0","0","0","0","0","0","0","0","0","0","0","0","0","0","0","0","0","0","0","0","0","0","0","0","0"
"0x7fc1235b37b0","      BRA 0x7fc1235b39e0","0","0","0","0","0","0","0","0","0","32","0","-","-","-","0","0","0","0","0","0","0","0","0","-","0","0","0","0","0","0","0","0","0","0","0","0","0","0","0","0","0","0","0","0","0","0","0","0","0","0","0","0","0","0","0","0","0","0","0","0","0","0","0","0"
"0x7fc1235b37c0","      IADD3 R5, PT, PT, R7, -0xfd, RZ","0","0","0","0","0","0","0","0","0","32","0","-","-","-","0","0","0","0","0","0","0","0","0","-","0","0","0","0","0","0","0","0","0","0","0","0","0","0","0","0","0","0","0","0","0","0","0","0","0","0","0","0","0","0","0","0","0","0","0","0","0","0","0","0"
"0x7fc1235b37d0","      ISETP.GT.U32.AND P0, PT, R5, 0x1, PT","0","0","0","0","0","0","0","0","0","32","0","-","-","-","0","0","0","0","0","0","0","0","0","-","0","0","0","0","0","0","0","0","0","0","0","0","0","0","0","0","0","0","0","0","0","0","0","0","0","0","0","0","0","0","0","0","0","0","0","0","0","0","0","0"
"0x7fc1235b37e0","@P0   BRA 0x7fc1235b39d0","0","0","0","0","0","0","0","0","0","32","0","-","-","-","0","0","0","0","0","0","0","0","0","-","0","0","0","0","0","0","0","0","0","0","0","0","0","0","0","0","0","0","0","0","0","0","0","0","0","0","0","0","0","0","0","0","0","0","0","0","0","0","0","0"
"0x7fc1235b37f0","      LOP3.LUT R9, R8, 0x7fffff, RZ, 0xc0, !PT","0","0","0","0","0","0","0","0","0","32","0","-","-","-","0","0","0","0","0","0","0","0","0","-","0","0","0","0","0","0","0","0","0","0","0","0","0","0","0","0","0","0","0","0","0","0","0","0","0","0","0","0","0","0","0","0","0","0","0","0","0","0","0","0"
"0x7fc1235b3800","      IMAD.MOV.U32 R0, RZ, RZ, 0x3","0","0","0","0","0","0","0","0","0","32","0","-","-","-","0","0","0","0","0","0","0","0","0","-","0","0","0","0","0","0","0","0","0","0","0","0","0","0","0","0","0","0","0","0","0","0","0","0","0","0","0","0","0","0","0","0","0","0","0","0","0","0","0","0"
"0x7fc1235b3810","      VIADD R7, R7, 0xffffff04","0","0","0","0","0","0","0","0","0","32","0","-","-","-","0","0","0","0","0","0","0","0","0","-","0","0","0","0","0","0","0","0","0","0","0","0","0","0","0","0","0","0","0","0","0","0","0","0","0","0","0","0","0","0","0","0","0","0","0","0","0","0","0","0"
"0x7fc1235b3820","      LOP3.LUT R9, R9, 0x3f800000, RZ, 0xfc, !PT","0","0","0","0","0","0","0","0","0","32","0","-","-","-","0","0","0","0","0","0","0","0","0","-","0","0","0","0","0","0","0","0","0","0","0","0","0","0","0","0","0","0","0","0","0","0","0","0","0","0","0","0","0","0","0","0","0","0","0","0","0","0","0","0"
"0x7fc1235b3830","      SHF.L.U32 R0, R0, R5, RZ","0","0","0","0","0","0","0","0","0","32","0","-","-","-","0","0","0","0","0","0","0","0","0","-","0","0","0","0","0","0","0","0","0","0","0","0","0","0","0","0","0","0","0","0","0","0","0","0","0","0","0","0","0","0","0","0","0","0","0","0","0","0","0","0"
"0x7fc1235b3840","      MUFU.RCP R4, R9","0","0","0","0","0","0","0","0","0","32","0","-","-","-","0","0","0","0","0","0","0","0","0","-","0","0","0","0","0","0","0","0","0","0","0","0","0","0","0","0","0","0","0","0","0","0","0","0","0","0","0","0","0","0","0","0","0","0","0","0","0","0","0","0"
"0x7fc1235b3850","      FFMA R3, R9, R4, -1","0","0","0","0","0","0","0","0","0","32","0","-","-","-","0","0","0","0","0","0","0","0","0","-","0","0","0","0","0","0","0","0","0","0","0","0","0","0","0","0","0","0","0","0","0","0","0","0","0","0","0","0","0","0","0","0","0","0","0","0","0","0","0","0"
"0x7fc1235b3860","      FADD.FTZ R3, -RZ, -R3","0","0","0","0","0","0","0","0","0","32","0","-","-","-","0","0","0","0","0","0","0","0","0","-","0","0","0","0","0","0","0","0","0","0","0","0","0","0","0","0","0","0","0","0","0","0","0","0","0","0","0","0","0","0","0","0","0","0","0","0","0","0","0","0"
"0x7fc1235b3870","      FFMA.RM R6, R4, R3, R4","0","0","0","0","0","0","0","0","0","32","0","-","-","-","0","0","0","0","0","0","0","0","0","-","0","0","0","0","0","0","0","0","0","0","0","0","0","0","0","0","0","0","0","0","0","0","0","0","0","0","0","0","0","0","0","0","0","0","0","0","0","0","0","0"
"0x7fc1235b3880","      FFMA.RP R3, R4, R3, R4","0","0","0","0","0","0","0","0","0","32","0","-","-","-","0","0","0","0","0","0","0","0","0","-","0","0","0","0","0","0","0","0","0","0","0","0","0","0","0","0","0","0","0","0","0","0","0","0","0","0","0","0","0","0","0","0","0","0","0","0","0","0","0","0"
"0x7fc1235b3890","      LOP3.LUT R4, R6, 0x7fffff, RZ, 0xc0, !PT","0","0","0","0","0","0","0","0","0","32","0","-","-","-","0","0","0","0","0","0","0","0","0","-","0","0","0","0","0","0","0","0","0","0","0","0","0","0","0","0","0","0","0","0","0","0","0","0","0","0","0","0","0","0","0","0","0","0","0","0","0","0","0","0"
"0x7fc1235b38a0","      FSETP.NEU.FTZ.AND P0, PT, R6, R3, PT","0","0","0","0","0","0","0","0","0","32","0","-","-","-","0","0","0","0","0","0","0","0","0","-","0","0","0","0","0","0","0","0","0","0","0","0","0","0","0","0","0","0","0","0","0","0","0","0","0","0","0","0","0","0","0","0","0","0","0","0","0","0","0","0"
"0x7fc1235b38b0","      LOP3.LUT R4, R4, 0x800000, RZ, 0xfc, !PT","0","0","0","0","0","0","0","0","0","32","0","-","-","-","0","0","0","0","0","0","0","0","0","-","0","0","0","0","0","0","0","0","0","0","0","0","0","0","0","0","0","0","0","0","0","0","0","0","0","0","0","0","0","0","0","0","0","0","0","0","0","0","0","0"
"0x7fc1235b38c0","      SEL R3, RZ, 0xffffffff, !P0","0","0","0","0","0","0","0","0","0","32","0","-","-","-","0","0","0","0","0","0","0","0","0","-","0","0","0","0","0","0","0","0","0","0","0","0","0","0","0","0","0","0","0","0","0","0","0","0","0","0","0","0","0","0","0","0","0","0","0","0","0","0","0","0"
"0x7fc1235b38d0","      LOP3.LUT R0, R0, R4, RZ, 0xc0, !PT","0","0","0","0","0","0","0","0","0","32","0","-","-","-","0","0","0","0","0","0","0","0","0","-","0","0","0","0","0","0","0","0","0","0","0","0","0","0","0","0","0","0","0","0","0","0","0","0","0","0","0","0","0","0","0","0","0","0","0","0","0","0","0","0"
"0x7fc1235b38e0","      SHF.R.U32.HI R7, RZ, R7, R4","0","0","0","0","0","0","0","0","0","32","0","-","-","-","0","0","0","0","0","0","0","0","0","-","0","0","0","0","0","0","0","0","0","0","0","0","0","0","0","0","0","0","0","0","0","0","0","0","0","0","0","0","0","0","0","0","0","0","0","0","0","0","0","0"
"0x7fc1235b38f0","      IMAD.MOV R3, RZ, RZ, -R3","0","0","0","0","0","0","0","0","0","32","0","-","-","-","0","0","0","0","0","0","0","0","0","-","0","0","0","0","0","0","0","0","0","0","0","0","0","0","0","0","0","0","0","0","0","0","0","0","0","0","0","0","0","0","0","0","0","0","0","0","0","0","0","0"
"0x7fc1235b3900","      SHF.R.U32.HI R0, RZ, R5, R0","0","0","0","0","0","0","0","0","0","32","0","-","-","-","0","0","0","0","0","0","0","0","0","-","0","0","0","0","0","0","0","0","0","0","0","0","0","0","0","0","0","0","0","0","0","0","0","0","0","0","0","0","0","0","0","0","0","0","0","0","0","0","0","0"
"0x7fc1235b3910","      LOP3.LUT P1, RZ, R3, R5, R4, 0xf8, !PT","0","0","0","0","0","0","0","0","0","32","0","-","-","-","0","0","0","0","0","0","0","0","0","-","0","0","0","0","0","0","0","0","0","0","0","0","0","0","0","0","0","0","0","0","0","0","0","0","0","0","0","0","0","0","0","0","0","0","0","0","0","0","0","0"
"0x7fc1235b3920","      LOP3.LUT P2, RZ, R0, 0x1, RZ, 0xc0, !PT","0","0","0","0","0","0","0","0","0","32","0","-","-","-","0","0","0","0","0","0","0","0","0","-","0","0","0","0","0","0","0","0","0","0","0","0","0","0","0","0","0","0","0","0","0","0","0","0","0","0","0","0","0","0","0","0","0","0","0","0","0","0","0","0"
"0x7fc1235b3930","      LOP3.LUT P0, RZ, R0, 0x2, RZ, 0xc0, !PT","0","0","0","0","0","0","0","0","0","32","0","-","-","-","0","0","0","0","0","0","0","0","0","-","0","0","0","0","0","0","0","0","0","0","0","0","0","0","0","0","0","0","0","0","0","0","0","0","0","0","0","0","0","0","0","0","0","0","0","0","0","0","0","0"
"0x7fc1235b3940","      PLOP3.LUT P0, PT, P2, P1, P0, 0xe0, 0x0","0","0","0","0","0","0","0","0","0","32","0","-","-","-","0","0","0","0","0","0","0","0","0","-","0","0","0","0","0","0","0","0","0","0","0","0","0","0","0","0","0","0","0","0","0","0","0","0","0","0","0","0","0","0","0","0","0","0","0","0","0","0","0","0"
"0x7fc1235b3950","      SEL R0, RZ, 0x1, !P0","0","0","0","0","0","0","0","0","0","32","0","-","-","-","0","0","0","0","0","0","0","0","0","-","0","0","0","0","0","0","0","0","0","0","0","0","0","0","0","0","0","0","0","0","0","0","0","0","0","0","0","0","0","0","0","0","0","0","0","0","0","0","0","0"
"0x7fc1235b3960","      LOP3.LUT P0, RZ, R8, 0x7fffff, RZ, 0xc0, !PT","0","0","0","0","0","0","0","0","0","32","0","-","-","-","0","0","0","0","0","0","0","0","0","-","0","0","0","0","0","0","0","0","0","0","0","0","0","0","0","0","0","0","0","0","0","0","0","0","0","0","0","0","0","0","0","0","0","0","0","0","0","0","0","0"
"0x7fc1235b3970","      IMAD.MOV R0, RZ, RZ, -R0","0","0","0","0","0","0","0","0","0","32","0","-","-","-","0","0","0","0","0","0","0","0","0","-","0","0","0","0","0","0","0","0","0","0","0","0","0","0","0","0","0","0","0","0","0","0","0","0","0","0","0","0","0","0","0","0","0","0","0","0","0","0","0","0"
"0x7fc1235b3980","      ISETP.GE.AND P1, PT, R0, RZ, PT","0","0","0","0","0","0","0","0","0","32","0","-","-","-","0","0","0","0","0","0","0","0","0","-","0","0","0","0","0","0","0","0","0","0","0","0","0","0","0","0","0","0","0","0","0","0","0","0","0","0","0","0","0","0","0","0","0","0","0","0","0","0","0","0"
"0x7fc1235b3990","@!P1  VIADD R7, R7, 0x1","0","0","0","0","0","0","0","0","0","32","0","-","-","-","0","0","0","0","0","0","0","0","0","-","0","0","0","0","0","0","0","0","0","0","0","0","0","0","0","0","0","0","0","0","0","0","0","0","0","0","0","0","0","0","0","0","0","0","0","0","0","0","0","0"
"0x7fc1235b39a0","@!P0  IMAD.SHL.U32 R7, R7, 0x2, RZ","0","0","0","0","0","0","0","0","0","32","0","-","-","-","0","0","0","0","0","0","0","0","0","-","0","0","0","0","0","0","0","0","0","0","0","0","0","0","0","0","0","0","0","0","0","0","0","0","0","0","0","0","0","0","0","0","0","0","0","0","0","0","0","0"
"0x7fc1235b39b0","      LOP3.LUT R4, R7, 0x80000000, R8, 0xf8, !PT","0","0","0","0","0","0","0","0","0","32","0","-","-","-","0","0","0","0","0","0","0","0","0","-","0","0","0","0","0","0","0","0","0","0","0","0","0","0","0","0","0","0","0","0","0","0","0","0","0","0","0","0","0","0","0","0","0","0","0","0","0","0","0","0"
"0x7fc1235b39c0","      BRA 0x7fc1235b39e0","0","0","0","0","0","0","0","0","0","32","0","-","-","-","0","0","0","0","0","0","0","0","0","-","0","0","0","0","0","0","0","0","0","0","0","0","0","0","0","0","0","0","0","0","0","0","0","0","0","0","0","0","0","0","0","0","0","0","0","0","0","0","0","0"
"0x7fc1235b39d0","      MUFU.RCP R4, R8","0","0","0","0","0","0","0","0","0","32","0","-","-","-","0","0","0","0","0","0","0","0","0","-","0","0","0","0","0","0","0","0","0","0","0","0","0","0","0","0","0","0","0","0","0","0","0","0","0","0","0","0","0","0","0","0","0","0","0","0","0","0","0","0"
"0x7fc1235b39e0","      NOP","0","0","0","0","0","0","0","0","0","32","0","-","-","-","0","0","0","0","0","0","0","0","0","-","0","0","0","0","0","0","0","0","0","0","0","0","0","0","0","0","0","0","0","0","0","0","0","0","0","0","0","0","0","0","0","0","0","0","0","0","0","0","0","0"
"0x7fc1235b39f0","      BSYNC.RECONVERGENT B0","0","0","0","0","0","0","0","0","0","32","0","-","-","-","0","0","0","0","0","0","0","0","0","-","0","0","0","0","0","0","0","0","0","0","0","0","0","0","0","0","0","0","0","0","0","0","0","0","0","0","0","0","0","0","0","0","0","0","0","0","0","0","0","0"
"0x7fc1235b3a00","      HFMA2 R3, -RZ, RZ, 0, 0","0","0","0","0","0","0","0","0","0","32","0","-","-","-","0","0","0","0","0","0","0","0","0","-","0","0","0","0","0","0","0","0","0","0","0","0","0","0","0","0","0","0","0","0","0","0","0","0","0","0","0","0","0","0","0","0","0","0","0","0","0","0","0","0"
"0x7fc1235b3a10","      RET.REL.NODEC R2, 0x7fc1235ad980","0","0","0","0","0","0","0","0","0","32","0","-","-","-","0","0","0","0","0","0","0","0","0","-","0","0","0","0","0","0","0","0","0","0","0","0","0","0","0","0","0","0","0","0","0","0","0","0","0","0","0","0","0","0","0","0","0","0","0","0","0","0","0","0"
"0x7fc1235b3a20","      BRA 0x7fc1235b3a20","0","0","0","0","0","0","0","0","0","0","0","-","-","-","0","0","0","0","0","0","0","0","0","-","0","0","0","0","0","0","0","0","0","0","0","0","0","0","0","0","0","0","0","0","0","0","0","0","0","0","0","0","0","0","0","0","0","0","0","0","0","0","0","0"
"0x7fc1235b3a30","      NOP","0","0","0","0","0","0","0","0","0","32","0","-","-","-","0","0","0","0","0","0","0","0","0","-","0","0","0","0","0","0","0","0","0","0","0","0","0","0","0","0","0","0","0","0","0","0","0","0","0","0","0","0","0","0","0","0","0","0","0","0","0","0","0","0"
"0x7fc1235b3a40","      NOP","0","0","0","0","0","0","0","0","0","32","0","-","-","-","0","0","0","0","0","0","0","0","0","-","0","0","0","0","0","0","0","0","0","0","0","0","0","0","0","0","0","0","0","0","0","0","0","0","0","0","0","0","0","0","0","0","0","0","0","0","0","0","0","0"
"0x7fc1235b3a50","      NOP","0","0","0","0","0","0","0","0","0","32","0","-","-","-","0","0","0","0","0","0","0","0","0","-","0","0","0","0","0","0","0","0","0","0","0","0","0","0","0","0","0","0","0","0","0","0","0","0","0","0","0","0","0","0","0","0","0","0","0","0","0","0","0","0"
"0x7fc1235b3a60","      NOP","0","0","0","0","0","0","0","0","0","32","0","-","-","-","0","0","0","0","0","0","0","0","0","-","0","0","0","0","0","0","0","0","0","0","0","0","0","0","0","0","0","0","0","0","0","0","0","0","0","0","0","0","0","0","0","0","0","0","0","0","0","0","0","0"
"0x7fc1235b3a70","      NOP","0","0","0","0","0","0","0","0","0","32","0","-","-","-","0","0","0","0","0","0","0","0","0","-","0","0","0","0","0","0","0","0","0","0","0","0","0","0","0","0","0","0","0","0","0","0","0","0","0","0","0","0","0","0","0","0","0","0","0","0","0","0","0","0"
"0x7fc1235b3a80","      NOP","0","0","0","0","0","0","0","0","0","32","0","-","-","-","0","0","0","0","0","0","0","0","0","-","0","0","0","0","0","0","0","0","0","0","0","0","0","0","0","0","0","0","0","0","0","0","0","0","0","0","0","0","0","0","0","0","0","0","0","0","0","0","0","0"
"0x7fc1235b3a90","      NOP","0","0","0","0","0","0","0","0","0","32","0","-","-","-","0","0","0","0","0","0","0","0","0","-","0","0","0","0","0","0","0","0","0","0","0","0","0","0","0","0","0","0","0","0","0","0","0","0","0","0","0","0","0","0","0","0","0","0","0","0","0","0","0","0"
"0x7fc1235b3aa0","      NOP","0","0","0","0","0","0","0","0","0","32","0","-","-","-","0","0","0","0","0","0","0","0","0","-","0","0","0","0","0","0","0","0","0","0","0","0","0","0","0","0","0","0","0","0","0","0","0","0","0","0","0","0","0","0","0","0","0","0","0","0","0","0","0","0"
"0x7fc1235b3ab0","      NOP","0","0","0","0","0","0","0","0","0","32","0","-","-","-","0","0","0","0","0","0","0","0","0","-","0","0","0","0","0","0","0","0","0","0","0","0","0","0","0","0","0","0","0","0","0","0","0","0","0","0","0","0","0","0","0","0","0","0","0","0","0","0","0","0"
"0x7fc1235b3ac0","      NOP","0","0","0","0","0","0","0","0","0","32","0","-","-","-","0","0","0","0","0","0","0","0","0","-","0","0","0","0","0","0","0","0","0","0","0","0","0","0","0","0","0","0","0","0","0","0","0","0","0","0","0","0","0","0","0","0","0","0","0","0","0","0","0","0"
"0x7fc1235b3ad0","      NOP","0","0","0","0","0","0","0","0","0","32","0","-","-","-","0","0","0","0","0","0","0","0","0","-","0","0","0","0","0","0","0","0","0","0","0","0","0","0","0","0","0","0","0","0","0","0","0","0","0","0","0","0","0","0","0","0","0","0","0","0","0","0","0","0"
"0x7fc1235b3ae0","      NOP","0","0","0","0","0","0","0","0","0","32","0","-","-","-","0","0","0","0","0","0","0","0","0","-","0","0","0","0","0","0","0","0","0","0","0","0","0","0","0","0","0","0","0","0","0","0","0","0","0","0","0","0","0","0","0","0","0","0","0","0","0","0","0","0"
"0x7fc1235b3af0","      NOP","0","0","0","0","0","0","0","0","0","32","0","-","-","-","0","0","0","0","0","0","0","0","0","-","0","0","0","0","0","0","0","0","0","0","0","0","0","0","0","0","0","0","0","0","0","0","0","0","0","0","0","0","0","0","0","0","0","0","0","0","0","0","0","0"
