"Kernel Name","kernel_cutlass_kernel_kernel_v278SparseMLA_object_at__tensorptrf8E4M3FNgmemalign16o819264576368645761_tensorptrf8E4M3FNgmemalign16o1310725765761_tensorptri32gmemalign16o8192204820481_tens_0",
"Address","Source","Warp Stall Sampling (All Samples)","Warp Stall Sampling (Not-issued Samples)","# Samples","Instructions Executed","Thread Instructions Executed","Predicated-On Thread Instructions Executed","Avg. Threads Executed","Avg. Predicated-On Threads Executed","Derivative Avg. Predicated-On Threads Executed","Avg. Predicated-On Threads Unexecuted","Divergent Branches","Address Space","Access Operation","Access Size","L1 Tag Requests Global","L1 Conflicts Shared N-Way","L1 Wavefronts Shared Excessive","L1 Wavefronts Shared","L1 Wavefronts Shared Ideal","L2 Theoretical Sectors Global Excessive","L2 Theoretical Sectors Global","L2 Theoretical Sectors Global Ideal","L2 Theoretical Sectors Local","L2 Explicit Evict Policies","L2 Explicit Hit Policy Evict First","L2 Explicit Hit Policy Evict Last","L2 Explicit Hit Policy Evict Normal","L2 Explicit Hit Policy Evict Normal Demote","L2 Explicit Miss Policy Evict First","L2 Explicit Miss Policy Evict Normal","stall_barrier","stall_branch_resolving","stall_dispatch","stall_drain","stall_lg","stall_long_sb","stall_math","stall_membar","stall_mio","stall_misc","stall_no_inst","stall_not_selected","stall_selected","stall_short_sb","stall_sleep","stall_tex","stall_wait","stall_barrier (Not Issued)","stall_branch_resolving (Not Issued)","stall_dispatch (Not Issued)","stall_drain (Not Issued)","stall_lg (Not Issued)","stall_long_sb (Not Issued)","stall_math (Not Issued)","stall_membar (Not Issued)","stall_mio (Not Issued)","stall_misc (Not Issued)","stall_no_inst (Not Issued)","stall_not_selected (Not Issued)","stall_selected (Not Issued)","stall_short_sb (Not Issued)","stall_sleeping (Not Issued)","stall_tex (Not Issued)","stall_wait (Not Issued)"
"0x7ff8935ad980","      LDC R1, c[0x0][0x37c]","2","1","2","2368","75776","75776","32","32","0","0","0","-","-","-","0","0","0","0","0","0","0","0","0","-","0","0","0","0","0","0","0","0","0","0","0","0","0","0","0","0","0","0","0","0","0","0","2","0","0","0","0","0","0","0","0","0","0","0","0","0","0","0","0","1"
"0x7ff8935ad990","      IADD3 R1, PT, PT, R1, -0x8, RZ","5","5","5","2368","75776","75776","32","32","0","0","0","-","-","-","0","0","0","0","0","0","0","0","0","-","0","0","0","0","0","0","0","0","0","0","0","0","0","0","0","0","0","0","0","5","0","0","0","0","0","0","0","0","0","0","0","0","0","0","0","0","5","0","0","0"
"0x7ff8935ad9a0","      S2UR UR7, SR_CTAID.X","0","0","0","2368","75776","75776","32","32","0","0","0","-","-","-","0","0","0","0","0","0","0","0","0","-","0","0","0","0","0","0","0","0","0","0","0","0","0","0","0","0","0","0","0","0","0","0","0","0","0","0","0","0","0","0","0","0","0","0","0","0","0","0","0","0"
"0x7ff8935ad9b0","      S2R R2, SR_TID.X","0","0","0","2368","75776","75776","32","32","0","0","0","-","-","-","0","0","0","0","0","0","0","0","0","-","0","0","0","0","0","0","0","0","0","0","0","0","0","0","0","0","0","0","0","0","0","0","0","0","0","0","0","0","0","0","0","0","0","0","0","0","0","0","0","0"
"0x7ff8935ad9c0","      UMOV UR4, 0x400","0","0","0","2368","75776","75776","32","32","0","0","0","-","-","-","0","0","0","0","0","0","0","0","0","-","0","0","0","0","0","0","0","0","0","0","0","0","0","0","0","0","0","0","0","0","0","0","0","0","0","0","0","0","0","0","0","0","0","0","0","0","0","0","0","0"
"0x7ff8935ad9d0","      BSSY.RECONVERGENT B0, 0x7ff8935adbe0","0","0","0","2368","75776","75776","32","32","0","0","0","-","-","-","0","0","0","0","0","0","0","0","0","-","0","0","0","0","0","0","0","0","0","0","0","0","0","0","0","0","0","0","0","0","0","0","0","0","0","0","0","0","0","0","0","0","0","0","0","0","0","0","0","0"
"0x7ff8935ad9e0","      S2UR UR5, SR_CgaCtaId","0","0","0","2368","75776","75776","32","32","0","0","0","-","-","-","0","0","0","0","0","0","0","0","0","-","0","0","0","0","0","0","0","0","0","0","0","0","0","0","0","0","0","0","0","0","0","0","0","0","0","0","0","0","0","0","0","0","0","0","0","0","0","0","0","0"
"0x7ff8935ad9f0","      IMAD.U32 R3, RZ, RZ, UR7","2","0","2","2368","75776","75776","32","32","0","0","0","-","-","-","0","0","0","0","0","0","0","0","0","-","0","0","0","0","0","0","0","0","0","0","0","0","0","0","0","0","0","0","0","2","0","0","0","0","0","0","0","0","0","0","0","0","0","0","0","0","0","0","0","0"
"0x7ff8935ada00","      STL [R1], R3","0","0","0","2368","75776","75776","32","32","0","0","0","Local","Store","32","0","0","0","0","0","0","0","0","9472","-","0","0","0","0","0","0","0","0","0","0","0","0","0","0","0","0","0","0","0","0","0","0","0","0","0","0","0","0","0","0","0","0","0","0","0","0","0","0","0","0"
"0x7ff8935ada10","      ULEA UR4, UR5, UR4, 0x18","1","0","1","2368","75776","75776","32","32","0","0","0","-","-","-","0","0","0","0","0","0","0","0","0","-","0","0","0","0","0","0","0","0","0","0","0","0","0","0","0","0","0","1","0","0","0","0","0","0","0","0","0","0","0","0","0","0","0","0","0","0","0","0","0","0"
"0x7ff8935ada20","      ISETP.NE.U32.AND P0, PT, R2, RZ, PT","0","0","0","2368","75776","75776","32","32","0","0","0","-","-","-","0","0","0","0","0","0","0","0","0","-","0","0","0","0","0","0","0","0","0","0","0","0","0","0","0","0","0","0","0","0","0","0","0","0","0","0","0","0","0","0","0","0","0","0","0","0","0","0","0","0"
"0x7ff8935ada30","      SHF.R.U32.HI R0, RZ, 0x5, R2","0","0","0","2368","75776","75776","32","32","0","0","0","-","-","-","0","0","0","0","0","0","0","0","0","-","0","0","0","0","0","0","0","0","0","0","0","0","0","0","0","0","0","0","0","0","0","0","0","0","0","0","0","0","0","0","0","0","0","0","0","0","0","0","0","0"
"0x7ff8935ada40","      UIADD3 UR8, UPT, UPT, UR4, 0x2f920, URZ","0","0","0","2368","75776","75776","32","32","0","0","0","-","-","-","0","0","0","0","0","0","0","0","0","-","0","0","0","0","0","0","0","0","0","0","0","0","0","0","0","0","0","0","0","0","0","0","0","0","0","0","0","0","0","0","0","0","0","0","0","0","0","0","0","0"
"0x7ff8935ada50","      UIADD3 UR6, UPT, UPT, UR4, 0x2f928, URZ","0","0","0","2368","75776","75776","32","32","0","0","0","-","-","-","0","0","0","0","0","0","0","0","0","-","0","0","0","0","0","0","0","0","0","0","0","0","0","0","0","0","0","0","0","0","0","0","0","0","0","0","0","0","0","0","0","0","0","0","0","0","0","0","0","0"
"0x7ff8935ada60","      R2UR UR55, R0","0","0","0","2368","75776","75776","32","32","0","0","0","-","-","-","0","0","0","0","0","0","0","0","0","-","0","0","0","0","0","0","0","0","0","0","0","0","0","0","0","0","0","0","0","0","0","0","0","0","0","0","0","0","0","0","0","0","0","0","0","0","0","0","0","0"
"0x7ff8935ada70","      IMAD.U32 R2, RZ, RZ, UR8","0","0","0","2368","75776","75776","32","32","0","0","0","-","-","-","0","0","0","0","0","0","0","0","0","-","0","0","0","0","0","0","0","0","0","0","0","0","0","0","0","0","0","0","0","0","0","0","0","0","0","0","0","0","0","0","0","0","0","0","0","0","0","0","0","0"
"0x7ff8935ada80","      IMAD.U32 R0, RZ, RZ, UR6","0","0","0","2368","75776","75776","32","32","0","0","0","-","-","-","0","0","0","0","0","0","0","0","0","-","0","0","0","0","0","0","0","0","0","0","0","0","0","0","0","0","0","0","0","0","0","0","0","0","0","0","0","0","0","0","0","0","0","0","0","0","0","0","0","0"
"0x7ff8935ada90","@P0   BRA 0x7ff8935adbc0","0","0","0","2368","75776","75628","32","31","1","1","148","-","-","-","0","0","0","0","0","0","0","0","0","-","0","0","0","0","0","0","0","0","0","0","0","0","0","0","0","0","0","0","0","0","0","0","0","0","0","0","0","0","0","0","0","0","0","0","0","0","0","0","0","0"
"0x7ff8935adaa0","      UMOV UR6, 0x1","0","0","0","148","148","148","1","1","30","31","0","-","-","-","0","0","0","0","0","0","0","0","0","-","0","0","0","0","0","0","0","0","0","0","0","0","0","0","0","0","0","0","0","0","0","0","0","0","0","0","0","0","0","0","0","0","0","0","0","0","0","0","0","0"
"0x7ff8935adab0","      UMOV UR8, 0x100","0","0","0","148","148","148","1","1","0","31","0","-","-","-","0","0","0","0","0","0","0","0","0","-","0","0","0","0","0","0","0","0","0","0","0","0","0","0","0","0","0","0","0","0","0","0","0","0","0","0","0","0","0","0","0","0","0","0","0","0","0","0","0","0"
"0x7ff8935adac0","      UIADD3 UR6, UPT, UPT, -UR6, 0x100000, URZ","0","0","0","148","148","148","1","1","0","31","0","-","-","-","0","0","0","0","0","0","0","0","0","-","0","0","0","0","0","0","0","0","0","0","0","0","0","0","0","0","0","0","0","0","0","0","0","0","0","0","0","0","0","0","0","0","0","0","0","0","0","0","0","0"
"0x7ff8935adad0","      USHF.L.U32 UR7, UR6, 0xb, URZ","0","0","0","148","148","148","1","1","0","31","0","-","-","-","0","0","0","0","0","0","0","0","0","-","0","0","0","0","0","0","0","0","0","0","0","0","0","0","0","0","0","0","0","0","0","0","0","0","0","0","0","0","0","0","0","0","0","0","0","0","0","0","0","0"
"0x7ff8935adae0","      USHF.L.U32 UR6, UR6, 0x1, URZ","0","0","0","148","148","148","1","1","0","31","0","-","-","-","0","0","0","0","0","0","0","0","0","-","0","0","0","0","0","0","0","0","0","0","0","0","0","0","0","0","0","0","0","0","0","0","0","0","0","0","0","0","0","0","0","0","0","0","0","0","0","0","0","0"
"0x7ff8935adaf0","      UIADD3 UR8, UPT, UPT, -UR8, 0x100000, URZ","0","0","0","148","148","148","1","1","0","31","0","-","-","-","0","0","0","0","0","0","0","0","0","-","0","0","0","0","0","0","0","0","0","0","0","0","0","0","0","0","0","0","0","0","0","0","0","0","0","0","0","0","0","0","0","0","0","0","0","0","0","0","0","0"
"0x7ff8935adb00","      USHF.L.U32 UR9, UR8, 0xb, URZ","0","0","0","148","148","148","1","1","0","31","0","-","-","-","0","0","0","0","0","0","0","0","0","-","0","0","0","0","0","0","0","0","0","0","0","0","0","0","0","0","0","0","0","0","0","0","0","0","0","0","0","0","0","0","0","0","0","0","0","0","0","0","0","0"
"0x7ff8935adb10","      USHF.L.U32 UR8, UR8, 0x1, URZ","0","0","0","148","148","148","1","1","0","31","0","-","-","-","0","0","0","0","0","0","0","0","0","-","0","0","0","0","0","0","0","0","0","0","0","0","0","0","0","0","0","0","0","0","0","0","0","0","0","0","0","0","0","0","0","0","0","0","0","0","0","0","0","0"
"0x7ff8935adb20","      FENCE.VIEW.ASYNC.S","0","0","0","148","148","148","1","1","0","31","0","-","-","-","0","0","0","0","0","0","0","0","0","-","0","0","0","0","0","0","0","0","0","0","0","0","0","0","0","0","0","0","0","0","0","0","0","0","0","0","0","0","0","0","0","0","0","0","0","0","0","0","0","0"
"0x7ff8935adb30","      SYNCS.EXCH.64 URZ, [UR4+0x2f920], UR6","0","0","0","148","148","148","1","1","0","31","0","-","-","-","0","0","0","0","0","0","0","0","0","-","0","0","0","0","0","0","0","0","0","0","0","0","0","0","0","0","0","0","0","0","0","0","0","0","0","0","0","0","0","0","0","0","0","0","0","0","0","0","0","0"
"0x7ff8935adb40","      SYNCS.EXCH.64 URZ, [UR4+0x2f928], UR6","0","0","0","148","148","148","1","1","0","31","0","-","-","-","0","0","0","0","0","0","0","0","0","-","0","0","0","0","0","0","0","0","0","0","0","0","0","0","0","0","0","0","0","0","0","0","0","0","0","0","0","0","0","0","0","0","0","0","0","0","0","0","0","0"
"0x7ff8935adb50","      SYNCS.EXCH.64 URZ, [UR4+0x2f930], UR8","0","0","0","148","148","148","1","1","0","31","0","-","-","-","0","0","0","0","0","0","0","0","0","-","0","0","0","0","0","0","0","0","0","0","0","0","0","0","0","0","0","0","0","0","0","0","0","0","0","0","0","0","0","0","0","0","0","0","0","0","0","0","0","0"
"0x7ff8935adb60","      SYNCS.EXCH.64 URZ, [UR4+0x2f938], UR6","0","0","0","148","148","148","1","1","0","31","0","-","-","-","0","0","0","0","0","0","0","0","0","-","0","0","0","0","0","0","0","0","0","0","0","0","0","0","0","0","0","0","0","0","0","0","0","0","0","0","0","0","0","0","0","0","0","0","0","0","0","0","0","0"
"0x7ff8935adb70","      SYNCS.EXCH.64 URZ, [UR4+0x2f948], UR6","0","0","0","148","148","148","1","1","0","31","0","-","-","-","0","0","0","0","0","0","0","0","0","-","0","0","0","0","0","0","0","0","0","0","0","0","0","0","0","0","0","0","0","0","0","0","0","0","0","0","0","0","0","0","0","0","0","0","0","0","0","0","0","0"
"0x7ff8935adb80","      SYNCS.EXCH.64 URZ, [UR4+0x2f958], UR6","0","0","0","148","148","148","1","1","0","31","0","-","-","-","0","0","0","0","0","0","0","0","0","-","0","0","0","0","0","0","0","0","0","0","0","0","0","0","0","0","0","0","0","0","0","0","0","0","0","0","0","0","0","0","0","0","0","0","0","0","0","0","0","0"
"0x7ff8935adb90","      SYNCS.EXCH.64 URZ, [UR4+0x2f950], UR6","0","0","0","148","148","148","1","1","0","31","0","-","-","-","0","0","0","0","0","0","0","0","0","-","0","0","0","0","0","0","0","0","0","0","0","0","0","0","0","0","0","0","0","0","0","0","0","0","0","0","0","0","0","0","0","0","0","0","0","0","0","0","0","0"
"0x7ff8935adba0","      SYNCS.EXCH.64 URZ, [UR4+0x2f960], UR6","0","0","0","148","148","148","1","1","0","31","0","-","-","-","0","0","0","0","0","0","0","0","0","-","0","0","0","0","0","0","0","0","0","0","0","0","0","0","0","0","0","0","0","0","0","0","0","0","0","0","0","0","0","0","0","0","0","0","0","0","0","0","0","0"
"0x7ff8935adbb0","      NOP","0","0","0","148","148","148","1","1","0","31","0","-","-","-","0","0","0","0","0","0","0","0","0","-","0","0","0","0","0","0","0","0","0","0","0","0","0","0","0","0","0","0","0","0","0","0","0","0","0","0","0","0","0","0","0","0","0","0","0","0","0","0","0","0"
"0x7ff8935adbc0","      NOP","0","0","0","2516","75776","75776","30","30","29","2","0","-","-","-","0","0","0","0","0","0","0","0","0","-","0","0","0","0","0","0","0","0","0","0","0","0","0","0","0","0","0","0","0","0","0","0","0","0","0","0","0","0","0","0","0","0","0","0","0","0","0","0","0","0"
"0x7ff8935adbd0","      BSYNC.RECONVERGENT B0","0","0","0","2516","75776","75776","30","30","0","2","0","-","-","-","0","0","0","0","0","0","0","0","0","-","0","0","0","0","0","0","0","0","0","0","0","0","0","0","0","0","0","0","0","0","0","0","0","0","0","0","0","0","0","0","0","0","0","0","0","0","0","0","0","0"
"0x7ff8935adbe0","      UISETP.NE.U32.AND UP0, UPT, UR55, URZ, UPT","1","1","1","2368","75776","75776","32","32","2","0","0","-","-","-","0","0","0","0","0","0","0","0","0","-","0","0","0","0","0","0","0","1","0","0","0","0","0","0","0","0","0","0","0","0","0","0","0","0","1","0","0","0","0","0","0","0","0","0","0","0","0","0","0","0"
"0x7ff8935adbf0","      NOP","0","0","0","2368","75776","75776","32","32","0","0","0","-","-","-","0","0","0","0","0","0","0","0","0","-","0","0","0","0","0","0","0","0","0","0","0","0","0","0","0","0","0","0","0","0","0","0","0","0","0","0","0","0","0","0","0","0","0","0","0","0","0","0","0","0"
"0x7ff8935adc00","      BRA.U UP0, 0x7ff8935ade00","0","0","0","2368","75776","75776","32","32","0","0","0","-","-","-","0","0","0","0","0","0","0","0","0","-","0","0","0","0","0","0","0","0","0","0","0","0","0","0","0","0","0","0","0","0","0","0","0","0","0","0","0","0","0","0","0","0","0","0","0","0","0","0","0","0"
"0x7ff8935adc10","      ELECT P0, URZ, PT","1","0","1","148","4736","4736","32","32","0","0","0","-","-","-","0","0","0","0","0","0","0","0","0","-","0","0","0","0","0","0","0","0","0","0","0","0","0","0","0","0","0","0","1","0","0","0","0","0","0","0","0","0","0","0","0","0","0","0","0","0","0","0","0","0"
"0x7ff8935adc20","      NOP","0","0","0","148","4736","4736","32","32","0","0","0","-","-","-","0","0","0","0","0","0","0","0","0","-","0","0","0","0","0","0","0","0","0","0","0","0","0","0","0","0","0","0","0","0","0","0","0","0","0","0","0","0","0","0","0","0","0","0","0","0","0","0","0","0"
"0x7ff8935adc30","@!P0  BRA 0x7ff8935add90","0","0","0","148","4736","4588","32","31","1","1","148","-","-","-","0","0","0","0","0","0","0","0","0","-","0","0","0","0","0","0","0","0","0","0","0","0","0","0","0","0","0","0","0","0","0","0","0","0","0","0","0","0","0","0","0","0","0","0","0","0","0","0","0","0"
"0x7ff8935adc40","      UMOV UR6, 0x10","0","0","0","148","148","148","1","1","30","31","0","-","-","-","0","0","0","0","0","0","0","0","0","-","0","0","0","0","0","0","0","0","0","0","0","0","0","0","0","0","0","0","0","0","0","0","0","0","0","0","0","0","0","0","0","0","0","0","0","0","0","0","0","0"
"0x7ff8935adc50","      HFMA2 R3, -RZ, RZ, 0, 5.9604644775390625e-08","0","0","0","148","148","148","1","1","0","31","0","-","-","-","0","0","0","0","0","0","0","0","0","-","0","0","0","0","0","0","0","0","0","0","0","0","0","0","0","0","0","0","0","0","0","0","0","0","0","0","0","0","0","0","0","0","0","0","0","0","0","0","0","0"
"0x7ff8935adc60","      MOV R4, 0xffff","0","0","0","148","148","148","1","1","0","31","0","-","-","-","0","0","0","0","0","0","0","0","0","-","0","0","0","0","0","0","0","0","0","0","0","0","0","0","0","0","0","0","0","0","0","0","0","0","0","0","0","0","0","0","0","0","0","0","0","0","0","0","0","0"
"0x7ff8935adc70","      UMOV UR7, 0x40","0","0","0","148","148","148","1","1","0","31","0","-","-","-","0","0","0","0","0","0","0","0","0","-","0","0","0","0","0","0","0","0","0","0","0","0","0","0","0","0","0","0","0","0","0","0","0","0","0","0","0","0","0","0","0","0","0","0","0","0","0","0","0","0"
"0x7ff8935adc80","      DEPBAR.LE SB0, 0x36","0","0","0","148","148","148","1","1","0","31","0","-","-","-","0","0","0","0","0","0","0","0","0","-","0","0","0","0","0","0","0","0","0","0","0","0","0","0","0","0","0","0","0","0","0","0","0","0","0","0","0","0","0","0","0","0","0","0","0","0","0","0","0","0"
"0x7ff8935adc90","      UTCATOMSWS.FIND_AND_SET.ALIGN UP0, UR6, UR6","0","0","0","148","148","148","1","1","0","31","0","-","-","-","0","0","0","0","0","0","0","0","0","-","0","0","0","0","0","0","0","0","0","0","0","0","0","0","0","0","0","0","0","0","0","0","0","0","0","0","0","0","0","0","0","0","0","0","0","0","0","0","0","0"
"0x7ff8935adca0","      ULEA UR7, UR5, UR7, 0x18","0","0","0","148","148","148","1","1","0","31","0","-","-","-","0","0","0","0","0","0","0","0","0","-","0","0","0","0","0","0","0","0","0","0","0","0","0","0","0","0","0","0","0","0","0","0","0","0","0","0","0","0","0","0","0","0","0","0","0","0","0","0","0","0"
"0x7ff8935adcb0","      MOV R5, UR6","0","0","0","148","148","148","1","1","0","31","0","-","-","-","0","0","0","0","0","0","0","0","0","-","0","0","0","0","0","0","0","0","0","0","0","0","0","0","0","0","0","0","0","0","0","0","0","0","0","0","0","0","0","0","0","0","0","0","0","0","0","0","0","0"
"0x7ff8935adcc0","      BRA.U UP0, 0x7ff8935add30","0","0","0","148","148","148","1","1","0","31","0","-","-","-","0","0","0","0","0","0","0","0","0","-","0","0","0","0","0","0","0","0","0","0","0","0","0","0","0","0","0","0","0","0","0","0","0","0","0","0","0","0","0","0","0","0","0","0","0","0","0","0","0","0"
"0x7ff8935adcd0","      UMOV UR6, 0x10","0","0","0","0","0","0","0","0","1","32","0","-","-","-","0","0","0","0","0","0","0","0","0","-","0","0","0","0","0","0","0","0","0","0","0","0","0","0","0","0","0","0","0","0","0","0","0","0","0","0","0","0","0","0","0","0","0","0","0","0","0","0","0","0"
"0x7ff8935adce0","      NANOSLEEP 0x64","0","0","0","0","0","0","0","0","0","32","0","-","-","-","0","0","0","0","0","0","0","0","0","-","0","0","0","0","0","0","0","0","0","0","0","0","0","0","0","0","0","0","0","0","0","0","0","0","0","0","0","0","0","0","0","0","0","0","0","0","0","0","0","0"
"0x7ff8935adcf0","      DEPBAR.LE SB0, 0x36","0","0","0","0","0","0","0","0","0","32","0","-","-","-","0","0","0","0","0","0","0","0","0","-","0","0","0","0","0","0","0","0","0","0","0","0","0","0","0","0","0","0","0","0","0","0","0","0","0","0","0","0","0","0","0","0","0","0","0","0","0","0","0","0"
"0x7ff8935add00","      UTCATOMSWS.FIND_AND_SET.ALIGN UP0, UR6, UR6","0","0","0","0","0","0","0","0","0","32","0","-","-","-","0","0","0","0","0","0","0","0","0","-","0","0","0","0","0","0","0","0","0","0","0","0","0","0","0","0","0","0","0","0","0","0","0","0","0","0","0","0","0","0","0","0","0","0","0","0","0","0","0","0"
"0x7ff8935add10","      MOV R5, UR6","0","0","0","0","0","0","0","0","0","32","0","-","-","-","0","0","0","0","0","0","0","0","0","-","0","0","0","0","0","0","0","0","0","0","0","0","0","0","0","0","0","0","0","0","0","0","0","0","0","0","0","0","0","0","0","0","0","0","0","0","0","0","0","0"
"0x7ff8935add20","      BRA.U !UP0, 0x7ff8935adcd0","0","0","0","0","0","0","0","0","0","32","0","-","-","-","0","0","0","0","0","0","0","0","0","-","0","0","0","0","0","0","0","0","0","0","0","0","0","0","0","0","0","0","0","0","0","0","0","0","0","0","0","0","0","0","0","0","0","0","0","0","0","0","0","0"
"0x7ff8935add30","      SHF.L.U32 R4, R4, R5, RZ","0","0","0","148","148","148","1","1","1","31","0","-","-","-","0","0","0","0","0","0","0","0","0","-","0","0","0","0","0","0","0","0","0","0","0","0","0","0","0","0","0","0","0","0","0","0","0","0","0","0","0","0","0","0","0","0","0","0","0","0","0","0","0","0"
"0x7ff8935add40","      SHF.L.U32 R3, R3, R5, RZ","0","0","0","148","148","148","1","1","0","31","0","-","-","-","0","0","0","0","0","0","0","0","0","-","0","0","0","0","0","0","0","0","0","0","0","0","0","0","0","0","0","0","0","0","0","0","0","0","0","0","0","0","0","0","0","0","0","0","0","0","0","0","0","0"
"0x7ff8935add50","      IMAD.SHL.U32 R5, R5, 0x20, RZ","0","0","0","148","148","148","1","1","0","31","0","-","-","-","0","0","0","0","0","0","0","0","0","-","0","0","0","0","0","0","0","0","0","0","0","0","0","0","0","0","0","0","0","0","0","0","0","0","0","0","0","0","0","0","0","0","0","0","0","0","0","0","0","0"
"0x7ff8935add60","      ATOMS.OR RZ, [UR7+0x14], R4","0","0","0","148","148","148","1","1","0","31","0","Shared","Atomic","32","0","1","0","148","148","0","0","0","0","-","0","0","0","0","0","0","0","0","0","0","0","0","0","0","0","0","0","0","0","0","0","0","0","0","0","0","0","0","0","0","0","0","0","0","0","0","0","0","0","0"
"0x7ff8935add70","      ATOMS.OR RZ, [UR7+0x18], R3","0","0","0","148","148","148","1","1","0","31","0","Shared","Atomic","32","0","1","0","148","148","0","0","0","0","-","0","0","0","0","0","0","0","0","0","0","0","0","0","0","0","0","0","0","0","0","0","0","0","0","0","0","0","0","0","0","0","0","0","0","0","0","0","0","0","0"
"0x7ff8935add80","      STS [UR4+0x2f940], R5","0","0","0","148","148","148","1","1","0","31","0","Shared","Store","32","0","1","0","148","148","0","0","0","0","-","0","0","0","0","0","0","0","0","0","0","0","0","0","0","0","0","0","0","0","0","0","0","0","0","0","0","0","0","0","0","0","0","0","0","0","0","0","0","0","0"
"0x7ff8935add90","      WARPSYNC.ALL","0","0","0","296","4736","4736","16","16","15","16","0","-","-","-","0","0","0","0","0","0","0","0","0","-","0","0","0","0","0","0","0","0","0","0","0","0","0","0","0","0","0","0","0","0","0","0","0","0","0","0","0","0","0","0","0","0","0","0","0","0","0","0","0","0"
"0x7ff8935adda0","      ELECT P0, URZ, PT","1","1","1","148","4736","4736","32","32","16","0","0","-","-","-","0","0","0","0","0","0","0","0","0","-","0","0","0","0","0","0","0","1","0","0","0","0","0","0","0","0","0","0","0","0","0","0","0","0","1","0","0","0","0","0","0","0","0","0","0","0","0","0","0","0"
"0x7ff8935addb0","      MOV R3, 0x1","0","0","0","148","4736","4736","32","32","0","0","0","-","-","-","0","0","0","0","0","0","0","0","0","-","0","0","0","0","0","0","0","0","0","0","0","0","0","0","0","0","0","0","0","0","0","0","0","0","0","0","0","0","0","0","0","0","0","0","0","0","0","0","0","0"
"0x7ff8935addc0","      UMOV UR6, 0x40","0","0","0","148","4736","4736","32","32","0","0","0","-","-","-","0","0","0","0","0","0","0","0","0","-","0","0","0","0","0","0","0","0","0","0","0","0","0","0","0","0","0","0","0","0","0","0","0","0","0","0","0","0","0","0","0","0","0","0","0","0","0","0","0","0"
"0x7ff8935addd0","      UVIRTCOUNT.DEALLOC.SMPOOL 0x80","0","0","0","148","4736","4736","32","32","0","0","0","-","-","-","0","0","0","0","0","0","0","0","0","-","0","0","0","0","0","0","0","0","0","0","0","0","0","0","0","0","0","0","0","0","0","0","0","0","0","0","0","0","0","0","0","0","0","0","0","0","0","0","0","0"
"0x7ff8935adde0","      ULEA UR6, UR5, UR6, 0x18","0","0","0","148","4736","4736","32","32","0","0","0","-","-","-","0","0","0","0","0","0","0","0","0","-","0","0","0","0","0","0","0","0","0","0","0","0","0","0","0","0","0","0","0","0","0","0","0","0","0","0","0","0","0","0","0","0","0","0","0","0","0","0","0","0"
"0x7ff8935addf0","@P0   STS.U8 [UR6+0x1c], R3","0","0","0","148","4736","148","32","1","31","31","0","Shared","Store","8","0","1","0","148","148","0","0","0","0","-","0","0","0","0","0","0","0","0","0","0","0","0","0","0","0","0","0","0","0","0","0","0","0","0","0","0","0","0","0","0","0","0","0","0","0","0","0","0","0","0"
"0x7ff8935ade00","      BAR.SYNC.DEFER_BLOCKING 0x0","1","1","1","2368","75776","75776","32","32","31","0","0","-","-","-","0","0","0","0","0","0","0","0","0","-","0","0","0","0","0","0","0","0","0","0","0","0","0","0","0","0","1","0","0","0","0","0","0","0","0","0","0","0","0","0","0","0","0","1","0","0","0","0","0","0"
"0x7ff8935ade10","      UISETP.GE.AND UP0, UPT, UR55, 0x8, UPT","0","0","0","2368","75776","75776","32","32","0","0","0","-","-","-","0","0","0","0","0","0","0","0","0","-","0","0","0","0","0","0","0","0","0","0","0","0","0","0","0","0","0","0","0","0","0","0","0","0","0","0","0","0","0","0","0","0","0","0","0","0","0","0","0","0"
"0x7ff8935ade20","      BRA.U !UP0, 0x7ff8935ade50","5","5","5","2368","75776","75776","32","32","0","0","0","-","-","-","0","0","0","0","0","0","0","0","0","-","0","0","0","0","0","0","5","0","0","0","0","0","0","0","0","0","0","0","0","0","0","0","0","5","0","0","0","0","0","0","0","0","0","0","0","0","0","0","0","0"
"0x7ff8935ade30","      NOP","0","0","0","1184","37888","37888","32","32","0","0","0","-","-","-","0","0","0","0","0","0","0","0","0","-","0","0","0","0","0","0","0","0","0","0","0","0","0","0","0","0","0","0","0","0","0","0","0","0","0","0","0","0","0","0","0","0","0","0","0","0","0","0","0","0"
"0x7ff8935ade40","      USETMAXREG.DEALLOC.CTAPOOL 0x40","0","0","0","1184","37888","37888","32","32","0","0","0","-","-","-","0","0","0","0","0","0","0","0","0","-","0","0","0","0","0","0","0","0","0","0","0","0","0","0","0","0","0","0","0","0","0","0","0","0","0","0","0","0","0","0","0","0","0","0","0","0","0","0","0","0"
"0x7ff8935ade50","      ULOP3.LUT UR5, UR55, 0xfffffffc, URZ, 0xc0, !UPT","0","0","0","2368","75776","75776","32","32","0","0","0","-","-","-","0","0","0","0","0","0","0","0","0","-","0","0","0","0","0","0","0","0","0","0","0","0","0","0","0","0","0","0","0","0","0","0","0","0","0","0","0","0","0","0","0","0","0","0","0","0","0","0","0","0"
"0x7ff8935ade60","      UISETP.NE.U32.AND UP0, UPT, UR5, 0x8, UPT","0","0","0","2368","75776","75776","32","32","0","0","0","-","-","-","0","0","0","0","0","0","0","0","0","-","0","0","0","0","0","0","0","0","0","0","0","0","0","0","0","0","0","0","0","0","0","0","0","0","0","0","0","0","0","0","0","0","0","0","0","0","0","0","0","0"
"0x7ff8935ade70","      BRA.U UP0, 0x7ff8935af700","1","0","1","2368","75776","75776","32","32","0","0","0","-","-","-","0","0","0","0","0","0","0","0","0","-","0","0","0","0","0","0","0","0","0","0","0","0","0","0","0","0","0","0","0","0","0","0","1","0","0","0","0","0","0","0","0","0","0","0","0","0","0","0","0","0"
"0x7ff8935ade80","      LDL R4, [R1]","1","1","1","592","18944","18944","32","32","0","0","0","Local","Load","32","0","0","0","0","0","0","0","0","2368","-","0","0","0","0","0","0","0","0","0","0","0","0","0","0","0","0","0","0","0","0","0","0","1","0","0","0","0","0","0","0","0","0","0","0","0","0","0","0","0","1"
"0x7ff8935ade90","      S2R R3, SR_TID.X","0","0","0","592","18944","18944","32","32","0","0","0","-","-","-","0","0","0","0","0","0","0","0","0","-","0","0","0","0","0","0","0","0","0","0","0","0","0","0","0","0","0","0","0","0","0","0","0","0","0","0","0","0","0","0","0","0","0","0","0","0","0","0","0","0"
"0x7ff8935adea0","      IADD3 R11, PT, PT, R3, -0x100, RZ","0","0","0","592","18944","18944","32","32","0","0","0","-","-","-","0","0","0","0","0","0","0","0","0","-","0","0","0","0","0","0","0","0","0","0","0","0","0","0","0","0","0","0","0","0","0","0","0","0","0","0","0","0","0","0","0","0","0","0","0","0","0","0","0","0"
"0x7ff8935adeb0","      R2UR UR5, R4","0","0","0","592","18944","18944","32","32","0","0","0","-","-","-","0","0","0","0","0","0","0","0","0","-","0","0","0","0","0","0","0","0","0","0","0","0","0","0","0","0","0","0","0","0","0","0","0","0","0","0","0","0","0","0","0","0","0","0","0","0","0","0","0","0"
"0x7ff8935adec0","      UISETP.GT.U32.AND UP0, UPT, UR5, 0x1fff, UPT","0","0","0","592","18944","18944","32","32","0","0","0","-","-","-","0","0","0","0","0","0","0","0","0","-","0","0","0","0","0","0","0","0","0","0","0","0","0","0","0","0","0","0","0","0","0","0","0","0","0","0","0","0","0","0","0","0","0","0","0","0","0","0","0","0"
"0x7ff8935aded0","      PLOP3.LUT P0, PT, PT, PT, UP0, 0x80, 0x8","0","0","0","592","18944","18944","32","32","0","0","0","-","-","-","0","0","0","0","0","0","0","0","0","-","0","0","0","0","0","0","0","0","0","0","0","0","0","0","0","0","0","0","0","0","0","0","0","0","0","0","0","0","0","0","0","0","0","0","0","0","0","0","0","0"
"0x7ff8935adee0","@P0   EXIT","0","0","0","592","18944","0","32","0","32","32","0","-","-","-","0","0","0","0","0","0","0","0","0","-","0","0","0","0","0","0","0","0","0","0","0","0","0","0","0","0","0","0","0","0","0","0","0","0","0","0","0","0","0","0","0","0","0","0","0","0","0","0","0","0"
"0x7ff8935adef0","      LDCU.64 UR74, c[0x0][0x3a8]","0","0","0","592","18944","18944","32","32","32","0","0","-","-","-","0","0","0","0","0","0","0","0","0","-","0","0","0","0","0","0","0","0","0","0","0","0","0","0","0","0","0","0","0","0","0","0","0","0","0","0","0","0","0","0","0","0","0","0","0","0","0","0","0","0"
"0x7ff8935adf00","      SHF.R.S32.HI R10, RZ, 0x5, R11","0","0","0","592","18944","18944","32","32","0","0","0","-","-","-","0","0","0","0","0","0","0","0","0","-","0","0","0","0","0","0","0","0","0","0","0","0","0","0","0","0","0","0","0","0","0","0","0","0","0","0","0","0","0","0","0","0","0","0","0","0","0","0","0","0"
"0x7ff8935adf10","      LDCU.64 UR76, c[0x0][0x398]","0","0","0","592","18944","18944","32","32","0","0","0","-","-","-","0","0","0","0","0","0","0","0","0","-","0","0","0","0","0","0","0","0","0","0","0","0","0","0","0","0","0","0","0","0","0","0","0","0","0","0","0","0","0","0","0","0","0","0","0","0","0","0","0","0"
"0x7ff8935adf20","      LDCU.64 UR72, c[0x0][0x3a8]","0","0","0","592","18944","18944","32","32","0","0","0","-","-","-","0","0","0","0","0","0","0","0","0","-","0","0","0","0","0","0","0","0","0","0","0","0","0","0","0","0","0","0","0","0","0","0","0","0","0","0","0","0","0","0","0","0","0","0","0","0","0","0","0","0"
"0x7ff8935adf30","      ULEA UR47, UR55, 0xffffff00, 0x5","0","0","0","592","18944","18944","32","32","0","0","0","-","-","-","0","0","0","0","0","0","0","0","0","-","0","0","0","0","0","0","0","0","0","0","0","0","0","0","0","0","0","0","0","0","0","0","0","0","0","0","0","0","0","0","0","0","0","0","0","0","0","0","0","0"
"0x7ff8935adf40","      UMOV UR71, URZ","0","0","0","592","18944","18944","32","32","0","0","0","-","-","-","0","0","0","0","0","0","0","0","0","-","0","0","0","0","0","0","0","0","0","0","0","0","0","0","0","0","0","0","0","0","0","0","0","0","0","0","0","0","0","0","0","0","0","0","0","0","0","0","0","0"
"0x7ff8935adf50","      UMOV UR42, URZ","0","0","0","592","18944","18944","32","32","0","0","0","-","-","-","0","0","0","0","0","0","0","0","0","-","0","0","0","0","0","0","0","0","0","0","0","0","0","0","0","0","0","0","0","0","0","0","0","0","0","0","0","0","0","0","0","0","0","0","0","0","0","0","0","0"
"0x7ff8935adf60","      UMOV UR66, 0x80","0","0","0","592","18944","18944","32","32","0","0","0","-","-","-","0","0","0","0","0","0","0","0","0","-","0","0","0","0","0","0","0","0","0","0","0","0","0","0","0","0","0","0","0","0","0","0","0","0","0","0","0","0","0","0","0","0","0","0","0","0","0","0","0","0"
"0x7ff8935adf70","      UMOV UR58, 0x100","0","0","0","592","18944","18944","32","32","0","0","0","-","-","-","0","0","0","0","0","0","0","0","0","-","0","0","0","0","0","0","0","0","0","0","0","0","0","0","0","0","0","0","0","0","0","0","0","0","0","0","0","0","0","0","0","0","0","0","0","0","0","0","0","0"
"0x7ff8935adf80","      UIADD3.64 UR74, UPT, UPT, UR74, 0x80, URZ","0","0","0","592","18944","18944","32","32","0","0","0","-","-","-","0","0","0","0","0","0","0","0","0","-","0","0","0","0","0","0","0","0","0","0","0","0","0","0","0","0","0","0","0","0","0","0","0","0","0","0","0","0","0","0","0","0","0","0","0","0","0","0","0","0"
"0x7ff8935adf90","      UMOV UR50, 0x180","0","0","0","592","18944","18944","32","32","0","0","0","-","-","-","0","0","0","0","0","0","0","0","0","-","0","0","0","0","0","0","0","0","0","0","0","0","0","0","0","0","0","0","0","0","0","0","0","0","0","0","0","0","0","0","0","0","0","0","0","0","0","0","0","0"
"0x7ff8935adfa0","      LDL R4, [R1]","13","12","13","32768","1048576","1048576","32","32","0","0","0","Local","Load","32","0","0","0","0","0","0","0","0","131072","-","0","0","0","0","0","0","0","0","0","0","0","0","0","0","0","0","13","0","0","0","0","0","0","0","0","0","0","0","0","0","0","0","0","12","0","0","0","0","0","0"
"0x7ff8935adfb0","      LDCU.64 UR8, c[0x0][0x358]","1","0","1","32768","1048576","1048576","32","32","0","0","0","-","-","-","0","0","0","0","0","0","0","0","0","-","0","0","0","0","0","0","0","0","0","0","0","0","0","0","0","0","0","0","1","0","0","0","0","0","0","0","0","0","0","0","0","0","0","0","0","0","0","0","0","0"
"0x7ff8935adfc0","      R2UR UR5, R4","30","22","30","32768","1048576","1048576","32","32","0","0","0","-","-","-","0","0","0","0","0","0","0","0","0","-","0","0","0","0","0","0","0","0","0","0","0","30","0","0","0","0","0","0","0","0","0","0","0","0","0","0","0","0","22","0","0","0","0","0","0","0","0","0","0","0"
"0x7ff8935adfd0","      UIMAD.WIDE.U32 UR6, UR5, 0x4, UR76","15","3","15","32768","1048576","1048576","32","32","0","0","0","-","-","-","0","0","0","0","0","0","0","0","0","-","0","0","0","0","0","0","0","0","0","0","0","0","0","0","0","0","0","0","1","0","0","0","14","0","0","0","0","0","0","0","0","0","0","0","0","0","0","0","0","3"
"0x7ff8935adfe0","      IMAD.U32 R12, RZ, RZ, UR6","5","2","5","32768","1048576","1048576","32","32","0","0","0","-","-","-","0","0","0","0","0","0","0","0","0","-","0","0","0","0","0","0","0","0","0","0","0","0","0","0","0","0","0","1","1","0","0","0","3","0","0","0","0","0","0","0","0","0","0","0","0","0","0","0","0","2"
"0x7ff8935adff0","      IMAD.U32 R13, RZ, RZ, UR7","0","0","0","32768","1048576","1048576","32","32","0","0","0","-","-","-","0","0","0","0","0","0","0","0","0","-","0","0","0","0","0","0","0","0","0","0","0","0","0","0","0","0","0","0","0","0","0","0","0","0","0","0","0","0","0","0","0","0","0","0","0","0","0","0","0","0"
"0x7ff8935ae000","      LDG.E R2, desc[UR8][R12.64]","3","1","3","32768","1048576","1048576","32","32","0","0","0","Global","Load","32","32768","0","0","0","0","0","32768","32768","0","","0","0","0","0","0","0","0","0","0","0","0","0","0","0","0","0","0","1","0","0","0","0","2","0","0","0","0","0","0","0","0","0","0","0","0","0","0","0","0","1"
"0x7ff8935ae010","      SHF.R.S32.HI R3, RZ, 0x1f, R2","188","81","188","32768","1048576","1048576","32","32","0","0","0","-","-","-","0","0","0","0","0","0","0","0","0","-","0","0","0","0","0","0","0","0","2","0","0","185","0","0","0","0","0","0","0","0","0","0","1","0","0","0","0","0","80","0","0","0","0","0","0","0","0","0","0","1"
"0x7ff8935ae020","      R2UR UR63, R2","1","0","1","32768","1048576","1048576","32","32","0","0","0","-","-","-","0","0","0","0","0","0","0","0","0","-","0","0","0","0","0","0","0","0","1","0","0","0","0","0","0","0","0","0","0","0","0","0","0","0","0","0","0","0","0","0","0","0","0","0","0","0","0","0","0","0"
"0x7ff8935ae030","      LEA.HI R3, R3, R2, RZ, 0x7","1","0","1","32768","1048576","1048576","32","32","0","0","0","-","-","-","0","0","0","0","0","0","0","0","0","-","0","0","0","0","0","0","0","0","0","0","0","0","0","0","0","0","0","0","0","0","0","0","1","0","0","0","0","0","0","0","0","0","0","0","0","0","0","0","0","0"
"0x7ff8935ae040","      LOP3.LUT R5, R3, 0xffffff80, RZ, 0xc0, !PT","5","0","5","32768","1048576","1048576","32","32","0","0","0","-","-","-","0","0","0","0","0","0","0","0","0","-","0","0","0","0","0","0","0","0","0","0","0","0","0","0","0","0","0","0","0","0","0","0","5","0","0","0","0","0","0","0","0","0","0","0","0","0","0","0","0","0"
"0x7ff8935ae050","      SHF.R.S32.HI R0, RZ, 0x7, R3","1","0","1","32768","1048576","1048576","32","32","0","0","0","-","-","-","0","0","0","0","0","0","0","0","0","-","0","0","0","0","0","0","0","0","0","0","0","0","0","0","0","0","0","0","1","0","0","0","0","0","0","0","0","0","0","0","0","0","0","0","0","0","0","0","0","0"
"0x7ff8935ae060","      ISETP.NE.U32.AND P0, PT, R2, R5, PT","1","0","1","32768","1048576","1048576","32","32","0","0","0","-","-","-","0","0","0","0","0","0","0","0","0","-","0","0","0","0","0","0","0","0","0","0","0","0","0","0","0","0","0","1","0","0","0","0","0","0","0","0","0","0","0","0","0","0","0","0","0","0","0","0","0","0"
"0x7ff8935ae070","      LEA.HI.SX32 R3, R3, 0x1, 0x19","3","0","3","32768","1048576","1048576","32","32","0","0","0","-","-","-","0","0","0","0","0","0","0","0","0","-","0","0","0","0","0","0","0","0","0","0","0","0","0","0","0","0","0","0","1","0","0","0","2","0","0","0","0","0","0","0","0","0","0","0","0","0","0","0","0","0"
"0x7ff8935ae080","      ISETP.GT.AND P0, PT, R2, -0x1, P0","2","0","2","32768","1048576","1048576","32","32","0","0","0","-","-","-","0","0","0","0","0","0","0","0","0","-","0","0","0","0","0","0","0","0","0","0","0","0","0","0","0","0","0","1","1","0","0","0","0","0","0","0","0","0","0","0","0","0","0","0","0","0","0","0","0","0"
"0x7ff8935ae090","@!P0  IMAD.MOV R3, RZ, RZ, R0","48","11","48","32768","1048576","1048576","32","32","0","0","0","-","-","-","0","0","0","0","0","0","0","0","0","-","0","0","0","0","0","0","0","0","0","0","0","0","16","0","0","0","0","14","2","0","0","0","16","0","0","0","0","0","0","5","0","0","0","0","0","0","0","0","0","6"
"0x7ff8935ae0a0","      ISETP.GE.AND P0, PT, R3, 0x1, PT","11","4","11","32768","1048576","1048576","32","32","0","0","0","-","-","-","0","0","0","0","0","0","0","0","0","-","0","0","0","0","0","0","0","0","1","0","0","0","7","0","0","0","0","0","1","0","0","0","2","0","0","1","0","0","0","1","0","0","0","0","0","0","0","0","0","2"
"0x7ff8935ae0b0","@!P0  BRA 0x7ff8935af600","17","4","17","32768","1048576","0","32","0","32","32","0","-","-","-","0","0","0","0","0","0","0","0","0","-","0","0","0","0","0","0","0","0","0","0","0","0","0","0","0","0","0","6","1","0","0","0","10","0","0","0","0","0","0","0","0","0","0","0","0","0","0","0","0","4"
"0x7ff8935ae0c0","      R2UR UR8, R4","6","2","6","32768","1048576","1048576","32","32","32","0","0","-","-","-","0","0","0","0","0","0","0","0","0","-","0","0","0","0","0","0","0","0","0","0","0","0","0","0","0","0","0","2","0","0","0","0","4","0","0","0","0","0","0","0","0","0","0","0","0","0","0","0","0","2"
"0x7ff8935ae0d0","      LDC.64 R14, c[0x0][0x390]","0","0","0","32768","1048576","1048576","32","32","0","0","0","-","-","-","0","0","0","0","0","0","0","0","0","-","0","0","0","0","0","0","0","0","0","0","0","0","0","0","0","0","0","0","0","0","0","0","0","0","0","0","0","0","0","0","0","0","0","0","0","0","0","0","0","0"
"0x7ff8935ae0e0","      S2R R4, SR_TID.X","0","0","0","32768","1048576","1048576","32","32","0","0","0","-","-","-","0","0","0","0","0","0","0","0","0","-","0","0","0","0","0","0","0","0","0","0","0","0","0","0","0","0","0","0","0","0","0","0","0","0","0","0","0","0","0","0","0","0","0","0","0","0","0","0","0","0"
"0x7ff8935ae0f0","      ULEA.HI UR5, UR71, UR71, URZ, 0x1","0","0","0","32768","1048576","1048576","32","32","0","0","0","-","-","-","0","0","0","0","0","0","0","0","0","-","0","0","0","0","0","0","0","0","0","0","0","0","0","0","0","0","0","0","0","0","0","0","0","0","0","0","0","0","0","0","0","0","0","0","0","0","0","0","0","0"
"0x7ff8935ae100","      IMAD.MOV R3, RZ, RZ, -R3","0","0","0","32768","1048576","1048576","32","32","0","0","0","-","-","-","0","0","0","0","0","0","0","0","0","-","0","0","0","0","0","0","0","0","0","0","0","0","0","0","0","0","0","0","0","0","0","0","0","0","0","0","0","0","0","0","0","0","0","0","0","0","0","0","0","0"
"0x7ff8935ae110","      UMOV UR31, UR71","1","0","1","32768","1048576","1048576","32","32","0","0","0","-","-","-","0","0","0","0","0","0","0","0","0","-","0","0","0","0","0","0","0","0","0","0","0","0","0","0","0","0","0","0","1","0","0","0","0","0","0","0","0","0","0","0","0","0","0","0","0","0","0","0","0","0"
"0x7ff8935ae120","      ULOP3.LUT UR6, UR5, 0xfffffffe, URZ, 0xc0, !UPT","1","0","1","32768","1048576","1048576","32","32","0","0","0","-","-","-","0","0","0","0","0","0","0","0","0","-","0","0","0","0","0","0","0","0","0","0","0","0","0","0","0","0","0","1","0","0","0","0","0","0","0","0","0","0","0","0","0","0","0","0","0","0","0","0","0","0"
"0x7ff8935ae130","      USHF.R.S32.HI UR7, URZ, 0x1, UR5","2","0","2","32768","1048576","1048576","32","32","0","0","0","-","-","-","0","0","0","0","0","0","0","0","0","-","0","0","0","0","0","0","0","0","0","0","0","0","0","0","0","0","0","0","2","0","0","0","0","0","0","0","0","0","0","0","0","0","0","0","0","0","0","0","0","0"
"0x7ff8935ae140","      UIADD3 UR5, UPT, UPT, -UR6, UR71, URZ","1","0","1","32768","1048576","1048576","32","32","0","0","0","-","-","-","0","0","0","0","0","0","0","0","0","-","0","0","0","0","0","0","0","0","0","0","0","0","0","0","0","0","0","0","0","0","0","0","1","0","0","0","0","0","0","0","0","0","0","0","0","0","0","0","0","0"
"0x7ff8935ae150","      IMAD.U32 R2, RZ, RZ, UR8","9","1","9","32768","1048576","1048576","32","32","0","0","0","-","-","-","0","0","0","0","0","0","0","0","0","-","0","0","0","0","0","0","0","0","0","0","0","0","5","0","0","0","0","4","0","0","0","0","0","0","0","0","0","0","0","1","0","0","0","0","0","0","0","0","0","0"
"0x7ff8935ae160","      MOV R9, UR7","3","1","3","32768","1048576","1048576","32","32","0","0","0","-","-","-","0","0","0","0","0","0","0","0","0","-","0","0","0","0","0","0","0","0","0","0","0","0","0","0","0","0","0","0","2","0","0","0","1","0","0","0","0","0","0","0","0","0","0","0","0","0","0","0","0","1"
"0x7ff8935ae170","      IMAD R2, R2, 0x800, R11","2","1","2","32768","1048576","1048576","32","32","0","0","0","-","-","-","0","0","0","0","0","0","0","0","0","-","0","0","0","0","0","0","0","0","0","0","0","0","0","0","0","0","0","0","1","0","0","0","1","0","0","0","0","0","0","0","0","0","0","0","0","0","0","0","0","1"
"0x7ff8935ae180","      IMAD.U32 R8, RZ, RZ, UR5","2","1","2","32768","1048576","1048576","32","32","0","0","0","-","-","-","0","0","0","0","0","0","0","0","0","-","0","0","0","0","0","0","0","0","0","0","0","0","0","0","0","0","0","0","1","0","0","0","1","0","0","0","0","0","0","0","0","0","0","0","0","0","0","0","0","1"
"0x7ff8935ae190","      ISETP.GT.U32.AND P1, PT, R4, 0x17f, PT","6","4","6","32768","1048576","1048576","32","32","0","0","0","-","-","-","0","0","0","0","0","0","0","0","0","-","0","0","0","0","0","0","0","0","1","0","0","0","0","0","0","0","0","0","1","4","0","0","0","0","0","0","0","0","0","0","0","0","0","0","0","0","4","0","0","0"
"0x7ff8935ae1a0","      MOV R0, R4","0","0","0","32768","1048576","1048576","32","32","0","0","0","-","-","-","0","0","0","0","0","0","0","0","0","-","0","0","0","0","0","0","0","0","0","0","0","0","0","0","0","0","0","0","0","0","0","0","0","0","0","0","0","0","0","0","0","0","0","0","0","0","0","0","0","0"
"0x7ff8935ae1b0","      S2R R5, SR_TID.X","211","131","211","524288","16777216","16777216","32","32","0","0","0","-","-","-","0","0","0","0","0","0","0","0","0","-","0","0","0","0","0","0","0","22","0","0","0","0","0","0","0","0","177","6","0","0","0","0","6","0","18","0","0","0","0","0","0","0","0","107","0","0","0","0","0","6"
"0x7ff8935ae1c0","      VIADD R4, R0, 0xffffff00","15","0","15","524288","16777216","16777216","32","32","0","0","0","-","-","-","0","0","0","0","0","0","0","0","0","-","0","0","0","0","0","0","0","0","0","0","0","0","0","0","0","0","0","0","15","0","0","0","0","0","0","0","0","0","0","0","0","0","0","0","0","0","0","0","0","0"
"0x7ff8935ae1d0","      LDCU.64 UR6, c[0x0][0x358]","7","0","7","524288","16777216","16777216","32","32","0","0","0","-","-","-","0","0","0","0","0","0","0","0","0","-","0","0","0","0","0","0","0","0","0","0","0","0","0","0","0","0","0","0","7","0","0","0","0","0","0","0","0","0","0","0","0","0","0","0","0","0","0","0","0","0"
"0x7ff8935ae1e0","      ISETP.NE.U32.AND P0, PT, R11, RZ, PT","6","0","6","524288","16777216","16777216","32","32","0","0","0","-","-","-","0","0","0","0","0","0","0","0","0","-","0","0","0","0","0","0","0","0","0","0","0","0","0","0","0","0","0","0","6","0","0","0","0","0","0","0","0","0","0","0","0","0","0","0","0","0","0","0","0","0"
"0x7ff8935ae1f0","      IMAD.WIDE R6, R2, 0x4, R14","10","0","10","524288","16777216","16777216","32","32","0","0","0","-","-","-","0","0","0","0","0","0","0","0","0","-","0","0","0","0","0","0","0","0","0","0","0","0","0","0","0","0","0","0","10","0","0","0","0","0","0","0","0","0","0","0","0","0","0","0","0","0","0","0","0","0"
"0x7ff8935ae200","      MOV R17, 0xffffffff","34","7","34","524288","16777216","16777216","32","32","0","0","0","-","-","-","0","0","0","0","0","0","0","0","0","-","0","0","0","0","0","0","0","0","3","0","0","0","8","0","0","0","12","5","6","0","0","0","0","0","0","1","0","0","0","3","0","0","0","3","0","0","0","0","0","0"
"0x7ff8935ae210","      ISETP.GE.OR P1, PT, R4, UR63, P1","36","5","36","524288","16777216","16777216","32","32","0","0","0","-","-","-","0","0","0","0","0","0","0","0","0","-","0","0","0","0","0","0","0","0","6","0","0","0","3","0","0","0","0","6","9","0","0","0","12","0","0","2","0","0","0","0","0","0","0","0","0","0","0","0","0","3"
"0x7ff8935ae220","      UISETP.GE.AND UP0, UPT, UR31, 0x2, UPT","13","0","13","524288","16777216","16777216","32","32","0","0","0","-","-","-","0","0","0","0","0","0","0","0","0","-","0","0","0","0","0","0","0","0","0","0","0","0","0","0","0","0","0","0","13","0","0","0","0","0","0","0","0","0","0","0","0","0","0","0","0","0","0","0","0","0"
"0x7ff8935ae230","      ULEA.HI UR5, UR31, UR31, URZ, 0x1","18","4","18","524288","16777216","16777216","32","32","0","0","0","-","-","-","0","0","0","0","0","0","0","0","0","-","0","0","0","0","0","0","0","0","0","0","0","0","0","0","0","0","0","2","7","0","0","0","9","0","0","0","0","0","0","0","0","0","0","0","0","0","0","0","0","4"
"0x7ff8935ae240","      ULOP3.LUT UR5, UR5, 0xfffffffe, URZ, 0xc0, !UPT","55","10","55","524288","16777216","16777216","32","32","0","0","0","-","-","-","0","0","0","0","0","0","0","0","0","-","0","0","0","0","0","0","0","0","0","0","0","0","0","0","0","0","0","9","10","0","0","0","36","0","0","0","0","0","0","0","0","0","0","0","0","0","0","0","0","10"
"0x7ff8935ae250","      UIADD3 UR23, UPT, UPT, -UR5, UR31, URZ","48","28","48","524288","16777216","16777216","32","32","0","0","0","-","-","-","0","0","0","0","0","0","0","0","0","-","0","0","0","0","0","0","0","0","0","0","0","0","0","0","0","0","0","4","14","0","0","0","30","0","0","0","0","0","0","0","0","0","0","0","0","0","0","0","0","28"
"0x7ff8935ae260","@!P1  LDG.E R17, desc[UR6][R6.64]","16","5","16","524288","16777216","16777216","32","32","0","0","0","Global","Load","32","524288","0","0","0","0","0","2097152","2097152","0","","0","0","0","0","0","0","0","0","0","0","0","0","0","0","0","0","0","1","9","0","0","0","6","0","0","0","0","0","0","0","0","0","0","0","0","0","0","0","0","5"
"0x7ff8935ae270","      ULEA UR7, UR23, UR4, 0x3","26","5","26","524288","16777216","16777216","32","32","0","0","0","-","-","-","0","0","0","0","0","0","0","0","0","-","0","0","0","0","0","0","0","0","0","0","0","0","0","0","0","0","0","5","11","0","0","0","10","0","0","0","0","0","0","0","0","0","0","0","0","0","0","0","0","5"
"0x7ff8935ae280","      ISETP.GT.U32.AND P1, PT, R5, 0x17f, PT","13","3","13","524288","16777216","16777216","32","32","0","0","0","-","-","-","0","0","0","0","0","0","0","0","0","-","0","0","0","0","0","0","0","0","0","0","0","0","1","0","0","0","0","0","6","6","0","0","0","0","0","0","0","0","0","1","0","0","0","0","0","0","2","0","0","0"
"0x7ff8935ae290","@!P0  IMAD.MOV.U32 R5, RZ, RZ, 0x12000","13","0","13","524288","16777216","131072","32","0","32","32","0","-","-","-","0","0","0","0","0","0","0","0","0","-","0","0","0","0","0","0","0","0","0","0","0","0","0","0","0","0","0","0","13","0","0","0","0","0","0","0","0","0","0","0","0","0","0","0","0","0","0","0","0","0"
"0x7ff8935ae2a0","      BRA.U !UP0, 0x7ff8935ae320","7","0","7","524288","16777216","16777216","32","32","32","0","0","-","-","-","0","0","0","0","0","0","0","0","0","-","0","0","0","0","0","0","0","0","0","0","0","0","0","0","0","0","0","0","7","0","0","0","0","0","0","0","0","0","0","0","0","0","0","0","0","0","0","0","0","0"
"0x7ff8935ae2b0","      VIADD R7, R9, 0xffffffff","127","76","127","523104","16739328","16739328","32","32","0","0","0","-","-","-","0","0","0","0","0","0","0","0","0","-","0","0","0","0","0","0","0","0","0","0","0","3","0","0","0","0","0","12","8","0","0","0","104","0","0","0","0","0","1","0","0","0","0","0","0","0","0","0","0","75"
"0x7ff8935ae2c0","      LEA.HI R4, R7, R7, RZ, 0x1","48","31","48","523104","16739328","16739328","32","32","0","0","0","-","-","-","0","0","0","0","0","0","0","0","0","-","0","0","0","0","0","0","0","0","1","0","0","0","2","0","0","0","0","1","7","0","0","0","37","0","0","0","0","0","0","2","0","0","0","0","0","0","0","0","0","29"
"0x7ff8935ae2d0","      LOP3.LUT R4, R4, 0xfffffffe, RZ, 0xc0, !PT","49","25","49","523104","16739328","16739328","32","32","0","0","0","-","-","-","0","0","0","0","0","0","0","0","0","-","0","0","0","0","0","0","0","0","1","0","0","0","4","0","0","0","0","4","11","0","0","0","29","0","0","0","0","0","0","4","0","0","0","0","0","0","0","0","0","21"
"0x7ff8935ae2e0","      IMAD.IADD R7, R7, 0x1, -R4","68","27","68","523104","16739328","16739328","32","32","0","0","0","-","-","-","0","0","0","0","0","0","0","0","0","-","0","0","0","0","0","0","0","0","0","0","0","0","6","0","0","0","0","9","17","0","0","0","36","0","0","0","0","0","0","4","0","0","0","0","0","0","0","0","0","23"
"0x7ff8935ae2f0","      SHF.L.U32 R7, R7, 0x1f, RZ","73","42","73","523104","16739328","16739328","32","32","0","0","0","-","-","-","0","0","0","0","0","0","0","0","0","-","0","0","0","0","0","0","0","0","2","0","0","0","3","0","0","0","0","3","10","0","0","0","55","0","0","0","0","0","0","3","0","0","0","0","0","0","0","0","0","39"
"0x7ff8935ae300","      SYNCS.PHASECHK.TRANS64.TRYWAIT P2, [UR7+0x2f958], R7","35","14","35","523104","16739328","16739328","32","32","0","0","0","-","-","-","0","0","0","0","0","0","0","0","0","-","0","0","0","0","0","0","0","0","0","0","0","0","0","0","0","0","0","2","9","0","0","0","24","0","0","0","0","0","0","0","0","0","0","0","0","0","0","0","0","14"
"0x7ff8935ae310","@!P2  BRA 0x7ff8935b3330","16736","12365","16736","523104","16739328","15589312","32","29","3","3","0","-","-","-","0","0","0","0","0","0","0","0","0","-","0","0","0","0","0","0","0","0","0","0","0","16709","0","0","0","0","0","15","9","0","0","0","3","0","0","0","0","0","12364","0","0","0","0","0","0","0","0","0","0","1"
"0x7ff8935ae320","      ULEA UR39, UR23, UR4, 0x9","66","21","66","524288","16777216","16777216","32","32","3","0","0","-","-","-","0","0","0","0","0","0","0","0","0","-","0","0","0","0","0","0","0","0","0","0","0","0","0","0","0","0","0","2","13","0","0","0","51","0","0","0","0","0","0","0","0","0","0","0","0","0","0","0","0","21"
"0x7ff8935ae330","@P1   BRA 0x7ff8935ae3e0","10","0","10","524288","16777216","0","32","0","32","32","0","-","-","-","0","0","0","0","0","0","0","0","0","-","0","0","0","0","0","0","0","0","0","0","0","0","0","0","0","0","0","0","10","0","0","0","0","0","0","0","0","0","0","0","0","0","0","0","0","0","0","0","0","0"
"0x7ff8935ae340","      S2R R6, SR_TID.X","109","34","109","524288","16777216","16777216","32","32","32","0","0","-","-","-","0","0","0","0","0","0","0","0","0","-","0","0","0","0","0","0","0","0","0","0","0","0","0","0","0","0","0","2","13","0","0","0","94","0","0","0","0","0","0","0","0","0","0","0","0","0","0","0","0","34"
"0x7ff8935ae350","      ISETP.GT.AND P2, PT, R17, -0x1, PT","83","59","83","524288","16777216","16777216","32","32","0","0","0","-","-","-","0","0","0","0","0","0","0","0","0","-","0","0","0","0","0","0","0","0","0","0","0","74","0","0","0","0","0","0","9","0","0","0","0","0","0","0","0","0","59","0","0","0","0","0","0","0","0","0","0","0"
"0x7ff8935ae360","      IMAD.U32 R7, RZ, RZ, UR23","10","0","10","524288","16777216","16777216","32","32","0","0","0","-","-","-","0","0","0","0","0","0","0","0","0","-","0","0","0","0","0","0","0","0","0","0","0","0","0","0","0","0","0","0","10","0","0","0","0","0","0","0","0","0","0","0","0","0","0","0","0","0","0","0","0","0"
"0x7ff8935ae370","      VOTE.ANY R4, PT, P2","130","54","130","524288","16777216","16777216","32","32","0","0","0","-","-","-","0","0","0","0","0","0","0","0","0","-","0","0","0","0","0","0","0","0","0","0","0","0","14","0","0","0","0","9","11","0","0","0","96","0","0","0","0","0","0","10","0","0","0","0","0","0","0","0","0","44"
"0x7ff8935ae380","      LOP3.LUT P3, RZ, R6, 0x1f, RZ, 0xc0, !PT","88","35","88","524288","16777216","16777216","32","32","0","0","0","-","-","-","0","0","0","0","0","0","0","0","0","-","0","0","0","0","0","0","0","0","0","0","0","0","6","0","0","0","0","9","8","53","0","0","12","0","0","0","0","0","0","3","0","0","0","0","0","0","25","0","0","7"
"0x7ff8935ae390","      LEA R6, R6, UR39, 0x2","13","6","13","524288","16777216","16777216","32","32","0","0","0","-","-","-","0","0","0","0","0","0","0","0","0","-","0","0","0","0","0","0","0","0","0","0","0","0","0","0","0","0","0","0","5","0","0","0","8","0","0","0","0","0","0","0","0","0","0","0","0","0","0","0","0","6"
"0x7ff8935ae3a0","      STS [R6+0x2f100], R17","51","22","51","524288","16777216","16777216","32","32","0","0","0","Shared","Store","32","0","1","0","524288","524288","0","0","0","0","-","0","0","0","0","0","0","0","0","0","0","0","0","0","0","0","0","0","1","11","0","0","0","39","0","0","0","0","0","0","0","0","0","0","0","0","0","0","0","0","22"
"0x7ff8935ae3b0","@!P3  IMAD R7, R7, 0x4, R10","64","36","64","524288","16777216","524288","32","1","31","31","0","-","-","-","0","0","0","0","0","0","0","0","0","-","0","0","0","0","0","0","0","0","0","0","0","0","2","0","0","0","0","0","10","0","0","0","52","0","0","0","0","0","0","1","0","0","0","0","0","0","0","0","0","35"
"0x7ff8935ae3c0","@!P3  LEA R7, R7, UR4, 0x2","59","33","59","524288","16777216","524288","32","1","0","31","0","-","-","-","0","0","0","0","0","0","0","0","0","-","0","0","0","0","0","0","0","0","0","0","0","0","0","0","0","0","0","1","12","0","0","0","46","0","0","0","0","0","0","0","0","0","0","0","0","0","0","0","0","33"
"0x7ff8935ae3d0","@!P3  STS [R7+0x2f900], R4","43","21","43","524288","16777216","524288","32","1","0","31","0","Shared","Store","32","0","1","0","524288","524288","0","0","0","0","-","0","0","0","0","0","0","0","0","0","0","0","0","0","0","0","0","0","4","8","0","0","0","31","0","0","0","0","0","0","0","0","0","0","0","0","0","0","0","0","21"
"0x7ff8935ae3e0","      BAR.SYNC.DEFER_BLOCKING 0x2, 0x80","24","9","24","524288","16777216","16777216","32","32","31","0","0","-","-","-","0","0","0","0","0","0","0","0","0","-","0","0","0","0","0","0","0","0","0","0","0","0","0","0","0","0","0","0","13","0","0","0","11","0","0","0","0","0","0","0","0","0","0","0","0","0","0","0","0","9"
"0x7ff8935ae3f0","      BSSY.RECONVERGENT B0, 0x7ff8935af500","244","194","244","524288","16777216","16777216","32","32","0","0","0","-","-","-","0","0","0","0","0","0","0","0","0","-","0","0","0","0","0","0","192","0","0","0","0","0","0","0","0","0","0","2","5","0","0","0","45","152","0","0","0","0","0","0","0","0","0","0","0","0","0","0","0","42"
"0x7ff8935ae400","@!P0  SYNCS.ARRIVE.TRANS64 RZ, [UR7+0x2f948], R5","6","0","6","524288","16777216","131072","32","0","32","32","0","-","-","-","0","0","0","0","0","0","0","0","0","-","0","0","0","0","0","0","0","0","0","0","0","0","0","0","0","0","0","0","6","0","0","0","0","0","0","0","0","0","0","0","0","0","0","0","0","0","0","0","0","0"
"0x7ff8935ae410","      BAR.SYNC.DEFER_BLOCKING 0x2, 0x80","13","0","13","524288","16777216","16777216","32","32","32","0","0","-","-","-","0","0","0","0","0","0","0","0","0","-","0","0","0","0","0","0","0","0","0","0","0","0","0","0","0","0","0","0","13","0","0","0","0","0","0","0","0","0","0","0","0","0","0","0","0","0","0","0","0","0"
"0x7ff8935ae420","      ELECT P0, URZ, PT","8","0","8","524288","16777216","16777216","32","32","0","0","0","-","-","-","0","0","0","0","0","0","0","0","0","-","0","0","0","0","0","0","0","0","0","0","0","0","0","0","0","0","0","0","8","0","0","0","0","0","0","0","0","0","0","0","0","0","0","0","0","0","0","0","0","0"
"0x7ff8935ae430","@!P0  BRA 0x7ff8935af4e0","191","139","191","524288","16777216","16252928","32","31","1","1","524288","-","-","-","0","0","0","0","0","0","0","0","0","-","0","0","0","0","0","0","149","0","0","0","0","0","0","0","0","0","0","2","11","0","0","0","29","118","0","0","0","0","0","0","0","0","0","0","0","0","0","0","0","21"
"0x7ff8935ae440","      ULEA UR15, UR55, UR39, 0x7","75","52","75","524288","524288","524288","1","1","30","31","0","-","-","-","0","0","0","0","0","0","0","0","0","-","0","0","0","0","0","0","0","25","0","0","0","0","0","0","0","0","0","1","10","0","0","0","39","0","21","0","0","0","0","0","0","0","0","0","0","0","0","0","0","31"
"0x7ff8935ae450","      ULEA UR5, UR23, UR47, 0x9","21","13","21","524288","524288","524288","1","1","0","31","0","-","-","-","0","0","0","0","0","0","0","0","0","-","0","0","0","0","0","0","0","0","0","0","0","0","0","0","0","0","0","0","5","0","0","0","16","0","0","0","0","0","0","0","0","0","0","0","0","0","0","0","0","13"
"0x7ff8935ae460","      ULEA UR6, UR23, UR47, 0x7","14","3","14","524288","524288","524288","1","1","0","31","0","-","-","-","0","0","0","0","0","0","0","0","0","-","0","0","0","0","0","0","0","0","0","0","0","0","0","0","0","0","0","0","8","0","0","0","6","0","0","0","0","0","0","0","0","0","0","0","0","0","0","0","0","3"
"0x7ff8935ae470","      ULEA UR5, UR5, UR4, 0x7","24","9","24","524288","524288","524288","1","1","0","31","0","-","-","-","0","0","0","0","0","0","0","0","0","-","0","0","0","0","0","0","0","0","0","0","0","0","0","0","0","0","0","0","14","0","0","0","10","0","0","0","0","0","0","0","0","0","0","0","0","0","0","0","0","9"
"0x7ff8935ae480","      UIADD3 UR41, UPT, UPT, UR7, 0x2f948, URZ","23","11","23","524288","524288","524288","1","1","0","31","0","-","-","-","0","0","0","0","0","0","0","0","0","-","0","0","0","0","0","0","0","0","0","0","0","0","0","0","0","0","0","1","6","0","0","0","16","0","0","0","0","0","0","0","0","0","0","0","0","0","0","0","0","11"
"0x7ff8935ae490","      LDS.128 R4, [UR15+0x2f100]","20","5","20","524288","524288","524288","1","1","0","31","0","Shared","Load","128","0","1","0","524288","524288","0","0","0","0","-","0","0","0","0","0","0","0","0","1","0","0","0","0","0","0","0","0","0","13","6","0","0","0","0","0","0","0","0","0","0","0","0","0","0","0","0","5","0","0","0"
"0x7ff8935ae4a0","      ULEA UR6, UR6, UR4, 0x6","12","0","12","524288","524288","524288","1","1","0","31","0","-","-","-","0","0","0","0","0","0","0","0","0","-","0","0","0","0","0","0","0","0","0","0","0","0","0","0","0","0","0","0","12","0","0","0","0","0","0","0","0","0","0","0","0","0","0","0","0","0","0","0","0","0"
"0x7ff8935ae4b0","      UIADD3 UR40, UPT, UPT, UR5, 0x9000, URZ","25","8","25","524288","524288","524288","1","1","0","31","0","-","-","-","0","0","0","0","0","0","0","0","0","-","0","0","0","0","0","0","0","0","0","0","0","0","0","0","0","0","0","4","9","0","0","0","12","0","0","0","0","0","0","0","0","0","0","0","0","0","0","0","0","8"
"0x7ff8935ae4c0","      UIADD3 UR64, UPT, UPT, UR5, 0xd000, URZ","28","12","28","524288","524288","524288","1","1","0","31","0","-","-","-","0","0","0","0","0","0","0","0","0","-","0","0","0","0","0","0","0","0","0","0","0","0","0","0","0","0","0","1","12","0","0","0","15","0","0","0","0","0","0","0","0","0","0","0","0","0","0","0","0","12"
"0x7ff8935ae4d0","      UIADD3 UR56, UPT, UPT, UR5, 0x11000, URZ","19","0","19","524288","524288","524288","1","1","0","31","0","-","-","-","0","0","0","0","0","0","0","0","0","-","0","0","0","0","0","0","0","0","0","0","0","0","0","0","0","0","0","0","12","0","0","0","7","0","0","0","0","0","0","0","0","0","0","0","0","0","0","0","0","0"
"0x7ff8935ae4e0","      UIADD3 UR48, UPT, UPT, UR5, 0x15000, URZ","24","11","24","524288","524288","524288","1","1","0","31","0","-","-","-","0","0","0","0","0","0","0","0","0","-","0","0","0","0","0","0","0","0","0","0","0","0","0","0","0","0","0","0","11","0","0","0","13","0","0","0","0","0","0","0","0","0","0","0","0","0","0","0","0","11"
"0x7ff8935ae4f0","      UIADD3 UR8, UPT, UPT, UR6, 0x29000, URZ","29","8","29","524288","524288","524288","1","1","0","31","0","-","-","-","0","0","0","0","0","0","0","0","0","-","0","0","0","0","0","0","0","0","0","0","0","0","0","0","0","0","0","0","19","0","0","0","10","0","0","0","0","0","0","0","0","0","0","0","0","0","0","0","0","8"
"0x7ff8935ae500","      UMOV UR65, UR41","5","0","5","524288","524288","524288","1","1","0","31","0","-","-","-","0","0","0","0","0","0","0","0","0","-","0","0","0","0","0","0","0","0","0","0","0","0","0","0","0","0","0","0","5","0","0","0","0","0","0","0","0","0","0","0","0","0","0","0","0","0","0","0","0","0"
"0x7ff8935ae510","      UMOV UR57, UR41","7","0","7","524288","524288","524288","1","1","0","31","0","-","-","-","0","0","0","0","0","0","0","0","0","-","0","0","0","0","0","0","0","0","0","0","0","0","0","0","0","0","0","0","7","0","0","0","0","0","0","0","0","0","0","0","0","0","0","0","0","0","0","0","0","0"
"0x7ff8935ae520","      UMOV UR49, UR41","15","0","15","524288","524288","524288","1","1","0","31","0","-","-","-","0","0","0","0","0","0","0","0","0","-","0","0","0","0","0","0","0","0","0","0","0","0","0","0","0","0","0","0","15","0","0","0","0","0","0","0","0","0","0","0","0","0","0","0","0","0","0","0","0","0"
"0x7ff8935ae530","      UMOV UR10, UR42","12","0","12","524288","524288","524288","1","1","0","31","0","-","-","-","0","0","0","0","0","0","0","0","0","-","0","0","0","0","0","0","0","0","0","0","0","0","0","0","0","0","0","0","12","0","0","0","0","0","0","0","0","0","0","0","0","0","0","0","0","0","0","0","0","0"
"0x7ff8935ae540","      UMOV UR9, UR41","15","0","15","524288","524288","524288","1","1","0","31","0","-","-","-","0","0","0","0","0","0","0","0","0","-","0","0","0","0","0","0","0","0","0","0","0","0","0","0","0","0","0","0","15","0","0","0","0","0","0","0","0","0","0","0","0","0","0","0","0","0","0","0","0","0"
"0x7ff8935ae550","      UIADD3 UR32, UPT, UPT, UR5, 0xd200, URZ","10","0","10","524288","524288","524288","1","1","0","31","0","-","-","-","0","0","0","0","0","0","0","0","0","-","0","0","0","0","0","0","0","0","0","0","0","0","0","0","0","0","0","0","10","0","0","0","0","0","0","0","0","0","0","0","0","0","0","0","0","0","0","0","0","0"
"0x7ff8935ae560","      UIADD3 UR24, UPT, UPT, UR5, 0x11200, URZ","43","12","43","524288","524288","524288","1","1","0","31","0","-","-","-","0","0","0","0","0","0","0","0","0","-","0","0","0","0","0","0","0","0","10","0","0","0","0","0","0","0","0","0","12","0","0","0","21","0","0","6","0","0","0","0","0","0","0","0","0","0","0","0","0","6"
"0x7ff8935ae570","      UIADD3 UR16, UPT, UPT, UR5, 0x15200, URZ","27","7","27","524288","524288","524288","1","1","0","31","0","-","-","-","0","0","0","0","0","0","0","0","0","-","0","0","0","0","0","0","0","0","0","0","0","0","0","0","0","0","0","0","7","0","0","0","20","0","0","0","0","0","0","0","0","0","0","0","0","0","0","0","0","7"
"0x7ff8935ae580","      UMOV UR34, 0x80","16","0","16","524288","524288","524288","1","1","0","31","0","-","-","-","0","0","0","0","0","0","0","0","0","-","0","0","0","0","0","0","0","0","0","0","0","0","0","0","0","0","0","0","16","0","0","0","0","0","0","0","0","0","0","0","0","0","0","0","0","0","0","0","0","0"
"0x7ff8935ae590","      UMOV UR33, UR41","9","0","9","524288","524288","524288","1","1","0","31","0","-","-","-","0","0","0","0","0","0","0","0","0","-","0","0","0","0","0","0","0","0","0","0","0","0","0","0","0","0","0","0","9","0","0","0","0","0","0","0","0","0","0","0","0","0","0","0","0","0","0","0","0","0"
"0x7ff8935ae5a0","      UMOV UR26, 0x100","10","0","10","524288","524288","524288","1","1","0","31","0","-","-","-","0","0","0","0","0","0","0","0","0","-","0","0","0","0","0","0","0","0","0","0","0","0","0","0","0","0","0","0","10","0","0","0","0","0","0","0","0","0","0","0","0","0","0","0","0","0","0","0","0","0"
"0x7ff8935ae5b0","      UMOV UR25, UR41","11","0","11","524288","524288","524288","1","1","0","31","0","-","-","-","0","0","0","0","0","0","0","0","0","-","0","0","0","0","0","0","0","0","0","0","0","0","0","0","0","0","0","0","11","0","0","0","0","0","0","0","0","0","0","0","0","0","0","0","0","0","0","0","0","0"
"0x7ff8935ae5c0","      UMOV UR18, 0x180","10","0","10","524288","524288","524288","1","1","0","31","0","-","-","-","0","0","0","0","0","0","0","0","0","-","0","0","0","0","0","0","0","0","0","0","0","0","0","0","0","0","0","0","10","0","0","0","0","0","0","0","0","0","0","0","0","0","0","0","0","0","0","0","0","0"
"0x7ff8935ae5d0","      UMOV UR17, UR41","13","0","13","524288","524288","524288","1","1","0","31","0","-","-","-","0","0","0","0","0","0","0","0","0","-","0","0","0","0","0","0","0","0","0","0","0","0","0","0","0","0","0","0","13","0","0","0","0","0","0","0","0","0","0","0","0","0","0","0","0","0","0","0","0","0"
"0x7ff8935ae5e0","      R2UR UR46, R7","39","17","39","524288","524288","524288","1","1","0","31","0","-","-","-","0","0","0","0","0","0","0","0","0","-","0","0","0","0","0","0","0","0","11","0","0","0","0","0","0","0","0","0","11","17","0","0","0","0","0","1","0","0","0","0","0","0","0","0","0","0","16","0","0","0"
"0x7ff8935ae5f0","      R2UR UR45, R6","44","17","44","524288","524288","524288","1","1","0","31","0","-","-","-","0","0","0","0","0","0","0","0","0","-","0","0","0","0","0","0","0","0","5","0","0","0","0","0","0","0","0","0","11","0","0","0","28","0","0","5","0","0","0","0","0","0","0","0","0","0","0","0","0","12"
"0x7ff8935ae600","      R2UR UR44, R5","25","14","25","524288","524288","524288","1","1","0","31","0","-","-","-","0","0","0","0","0","0","0","0","0","-","0","0","0","0","0","0","0","0","0","0","0","0","3","0","0","0","4","5","6","0","0","0","7","0","0","0","0","0","0","3","0","0","0","4","0","0","0","0","0","7"
"0x7ff8935ae610","      R2UR UR43, R4","14","9","14","524288","524288","524288","1","1","0","31","0","-","-","-","0","0","0","0","0","0","0","0","0","-","0","0","0","0","0","0","0","0","0","0","0","0","0","0","0","0","0","0","5","0","0","0","9","0","0","0","0","0","0","0","0","0","0","0","0","0","0","0","0","9"
"0x7ff8935ae620","      UMOV UR70, UR46","66","56","66","524288","524288","524288","1","1","0","31","0","-","-","-","0","0","0","0","0","0","0","0","0","-","0","0","0","0","0","0","0","0","0","0","0","0","0","0","0","0","0","1","9","0","0","0","56","0","0","0","0","0","0","0","0","0","0","0","0","0","0","0","0","56"
"0x7ff8935ae630","      UMOV UR62, UR46","10","0","10","524288","524288","524288","1","1","0","31","0","-","-","-","0","0","0","0","0","0","0","0","0","-","0","0","0","0","0","0","0","0","0","0","0","0","0","0","0","0","0","0","10","0","0","0","0","0","0","0","0","0","0","0","0","0","0","0","0","0","0","0","0","0"
"0x7ff8935ae640","      UMOV UR69, UR45","10","0","10","524288","524288","524288","1","1","0","31","0","-","-","-","0","0","0","0","0","0","0","0","0","-","0","0","0","0","0","0","0","0","0","0","0","0","0","0","0","0","0","0","10","0","0","0","0","0","0","0","0","0","0","0","0","0","0","0","0","0","0","0","0","0"
"0x7ff8935ae650","      UMOV UR61, UR45","10","0","10","524288","524288","524288","1","1","0","31","0","-","-","-","0","0","0","0","0","0","0","0","0","-","0","0","0","0","0","0","0","0","0","0","0","0","0","0","0","0","0","0","10","0","0","0","0","0","0","0","0","0","0","0","0","0","0","0","0","0","0","0","0","0"
"0x7ff8935ae660","      UMOV UR68, UR44","11","0","11","524288","524288","524288","1","1","0","31","0","-","-","-","0","0","0","0","0","0","0","0","0","-","0","0","0","0","0","0","0","0","0","0","0","0","0","0","0","0","0","0","11","0","0","0","0","0","0","0","0","0","0","0","0","0","0","0","0","0","0","0","0","0"
"0x7ff8935ae670","      UMOV UR60, UR44","7","0","7","524288","524288","524288","1","1","0","31","0","-","-","-","0","0","0","0","0","0","0","0","0","-","0","0","0","0","0","0","0","0","2","0","0","0","0","0","0","0","0","0","5","0","0","0","0","0","0","0","0","0","0","0","0","0","0","0","0","0","0","0","0","0"
"0x7ff8935ae680","      UMOV UR67, UR43","19","0","19","524288","524288","524288","1","1","0","31","0","-","-","-","0","0","0","0","0","0","0","0","0","-","0","0","0","0","0","0","0","0","12","0","0","0","0","0","0","0","0","0","7","0","0","0","0","0","0","0","0","0","0","0","0","0","0","0","0","0","0","0","0","0"
"0x7ff8935ae690","      UTMALDG.2D.GATHER4 [UR40], [UR72]","23","0","23","524288","524288","524288","1","1","0","31","0","Global,Shared","-","-","0","0","0","0","0","0","0","0","0","-","0","0","0","0","0","0","0","0","12","0","0","0","0","0","0","0","0","0","11","0","0","0","0","0","0","0","0","0","0","0","0","0","0","0","0","0","0","0","0","0"
"0x7ff8935ae6a0","      UMOV UR59, UR43","9","0","9","524288","524288","524288","1","1","0","31","0","-","-","-","0","0","0","0","0","0","0","0","0","-","0","0","0","0","0","0","0","0","0","0","0","0","0","0","0","0","0","0","9","0","0","0","0","0","0","0","0","0","0","0","0","0","0","0","0","0","0","0","0","0"
"0x7ff8935ae6b0","      UMOV UR51, UR43","12","0","12","524288","524288","524288","1","1","0","31","0","-","-","-","0","0","0","0","0","0","0","0","0","-","0","0","0","0","0","0","0","0","0","0","0","0","0","0","0","0","0","0","12","0","0","0","0","0","0","0","0","0","0","0","0","0","0","0","0","0","0","0","0","0"
"0x7ff8935ae6c0","      UMOV UR52, UR44","14","0","14","524288","524288","524288","1","1","0","31","0","-","-","-","0","0","0","0","0","0","0","0","0","-","0","0","0","0","0","0","0","0","0","0","0","0","0","0","0","0","0","0","14","0","0","0","0","0","0","0","0","0","0","0","0","0","0","0","0","0","0","0","0","0"
"0x7ff8935ae6d0","      UMOV UR53, UR45","9","0","9","524288","524288","524288","1","1","0","31","0","-","-","-","0","0","0","0","0","0","0","0","0","-","0","0","0","0","0","0","0","0","0","0","0","0","0","0","0","0","0","0","9","0","0","0","0","0","0","0","0","0","0","0","0","0","0","0","0","0","0","0","0","0"
"0x7ff8935ae6e0","      UMOV UR54, UR46","7","0","7","524288","524288","524288","1","1","0","31","0","-","-","-","0","0","0","0","0","0","0","0","0","-","0","0","0","0","0","0","0","0","0","0","0","0","0","0","0","0","0","0","7","0","0","0","0","0","0","0","0","0","0","0","0","0","0","0","0","0","0","0","0","0"
"0x7ff8935ae6f0","      UMOV UR11, UR43","11","0","11","524288","524288","524288","1","1","0","31","0","-","-","-","0","0","0","0","0","0","0","0","0","-","0","0","0","0","0","0","0","0","0","0","0","0","0","0","0","0","0","0","11","0","0","0","0","0","0","0","0","0","0","0","0","0","0","0","0","0","0","0","0","0"
"0x7ff8935ae700","      UMOV UR12, UR44","12","0","12","524288","524288","524288","1","1","0","31","0","-","-","-","0","0","0","0","0","0","0","0","0","-","0","0","0","0","0","0","0","0","0","0","0","0","0","0","0","0","0","0","12","0","0","0","0","0","0","0","0","0","0","0","0","0","0","0","0","0","0","0","0","0"
"0x7ff8935ae710","      UTMALDG.2D.GATHER4 [UR64], [UR72]","14","0","14","524288","524288","524288","1","1","0","31","0","Global,Shared","-","-","0","0","0","0","0","0","0","0","0","-","0","0","0","0","0","0","0","0","0","0","0","0","0","0","0","0","0","0","14","0","0","0","0","0","0","0","0","0","0","0","0","0","0","0","0","0","0","0","0","0"
"0x7ff8935ae720","      UMOV UR13, UR45","14","0","14","524288","524288","524288","1","1","0","31","0","-","-","-","0","0","0","0","0","0","0","0","0","-","0","0","0","0","0","0","0","0","0","0","0","0","0","0","0","0","0","0","14","0","0","0","0","0","0","0","0","0","0","0","0","0","0","0","0","0","0","0","0","0"
"0x7ff8935ae730","      UMOV UR14, UR46","15","0","15","524288","524288","524288","1","1","0","31","0","-","-","-","0","0","0","0","0","0","0","0","0","-","0","0","0","0","0","0","0","0","0","0","0","0","0","0","0","0","0","0","15","0","0","0","0","0","0","0","0","0","0","0","0","0","0","0","0","0","0","0","0","0"
"0x7ff8935ae740","      UTMALDG.2D.GATHER4 [UR56], [UR72]","5","0","5","524288","524288","524288","1","1","0","31","0","Global,Shared","-","-","0","0","0","0","0","0","0","0","0","-","0","0","0","0","0","0","0","0","0","0","0","0","0","0","0","0","0","0","5","0","0","0","0","0","0","0","0","0","0","0","0","0","0","0","0","0","0","0","0","0"
"0x7ff8935ae750","      UTMALDG.2D.GATHER4 [UR48], [UR72]","16","0","16","524288","524288","524288","1","1","0","31","0","Global,Shared","-","-","0","0","0","0","0","0","0","0","0","-","0","0","0","0","0","0","0","0","0","0","0","0","0","0","0","0","0","0","16","0","0","0","0","0","0","0","0","0","0","0","0","0","0","0","0","0","0","0","0","0"
"0x7ff8935ae760","      UTMALDG.2D.GATHER4 [UR8], [UR74]","123","108","123","524288","524288","524288","1","1","0","31","0","Global,Shared","-","-","0","0","0","0","0","0","0","0","0","-","0","0","0","0","0","0","0","0","0","0","0","0","0","0","112","0","0","1","10","0","0","0","0","0","0","0","0","0","0","0","0","108","0","0","0","0","0","0","0","0"
"0x7ff8935ae770","      UIADD3 UR40, UPT, UPT, UR5, 0x9200, URZ","9","0","9","524288","524288","524288","1","1","0","31","0","-","-","-","0","0","0","0","0","0","0","0","0","-","0","0","0","0","0","0","0","0","0","0","0","0","0","0","0","0","0","0","9","0","0","0","0","0","0","0","0","0","0","0","0","0","0","0","0","0","0","0","0","0"
"0x7ff8935ae780","      LDS.128 R4, [UR15+0x2f110]","18","0","18","524288","524288","524288","1","1","0","31","0","Shared","Load","128","0","1","0","524288","524288","0","0","0","0","-","0","0","0","0","0","0","0","0","0","0","0","0","0","0","0","0","0","0","18","0","0","0","0","0","0","0","0","0","0","0","0","0","0","0","0","0","0","0","0","0"
"0x7ff8935ae790","      UIADD3 UR8, UPT, UPT, UR6, 0x29100, URZ","663","638","663","524288","524288","524288","1","1","0","31","0","-","-","-","0","0","0","0","0","0","0","0","0","-","0","0","0","0","0","0","0","0","0","0","0","654","0","0","0","0","0","1","8","0","0","0","0","0","0","0","0","0","638","0","0","0","0","0","0","0","0","0","0","0"
"0x7ff8935ae7a0","      R2UR UR46, R7","15","11","15","524288","524288","524288","1","1","0","31","0","-","-","-","0","0","0","0","0","0","0","0","0","-","0","0","0","0","0","0","0","0","0","0","0","0","0","0","0","0","0","0","3","12","0","0","0","0","0","0","0","0","0","0","0","0","0","0","0","0","11","0","0","0"
"0x7ff8935ae7b0","      R2UR UR45, R6","26","14","26","524288","524288","524288","1","1","0","31","0","-","-","-","0","0","0","0","0","0","0","0","0","-","0","0","0","0","0","0","0","0","0","0","0","0","0","0","0","0","0","0","12","0","0","0","14","0","0","0","0","0","0","0","0","0","0","0","0","0","0","0","0","14"
"0x7ff8935ae7c0","      R2UR UR44, R5","21","8","21","524288","524288","524288","1","1","0","31","0","-","-","-","0","0","0","0","0","0","0","0","0","-","0","0","0","0","0","0","0","0","0","0","0","0","1","0","0","0","0","0","11","0","0","0","9","0","0","0","0","0","0","0","0","0","0","0","0","0","0","0","0","8"
"0x7ff8935ae7d0","      R2UR UR43, R4","24","11","24","524288","524288","524288","1","1","0","31","0","-","-","-","0","0","0","0","0","0","0","0","0","-","0","0","0","0","0","0","0","0","0","0","0","0","1","0","0","0","0","0","10","0","0","0","13","0","0","0","0","0","0","0","0","0","0","0","0","0","0","0","0","11"
"0x7ff8935ae7e0","      UMOV UR38, UR46","64","53","64","524288","524288","524288","1","1","0","31","0","-","-","-","0","0","0","0","0","0","0","0","0","-","0","0","0","0","0","0","0","0","0","0","0","0","0","0","0","0","0","1","7","0","0","0","56","0","0","0","0","0","0","0","0","0","0","0","0","0","0","0","0","53"
"0x7ff8935ae7f0","      UMOV UR30, UR46","3","0","3","524288","524288","524288","1","1","0","31","0","-","-","-","0","0","0","0","0","0","0","0","0","-","0","0","0","0","0","0","0","0","0","0","0","0","0","0","0","0","0","0","3","0","0","0","0","0","0","0","0","0","0","0","0","0","0","0","0","0","0","0","0","0"
"0x7ff8935ae800","      UMOV UR37, UR45","7","0","7","524288","524288","524288","1","1","0","31","0","-","-","-","0","0","0","0","0","0","0","0","0","-","0","0","0","0","0","0","0","0","0","0","0","0","0","0","0","0","0","0","7","0","0","0","0","0","0","0","0","0","0","0","0","0","0","0","0","0","0","0","0","0"
"0x7ff8935ae810","      UMOV UR29, UR45","14","0","14","524288","524288","524288","1","1","0","31","0","-","-","-","0","0","0","0","0","0","0","0","0","-","0","0","0","0","0","0","0","0","0","0","0","0","0","0","0","0","0","0","14","0","0","0","0","0","0","0","0","0","0","0","0","0","0","0","0","0","0","0","0","0"
"0x7ff8935ae820","      UMOV UR36, UR44","8","0","8","524288","524288","524288","1","1","0","31","0","-","-","-","0","0","0","0","0","0","0","0","0","-","0","0","0","0","0","0","0","0","0","0","0","0","0","0","0","0","0","0","8","0","0","0","0","0","0","0","0","0","0","0","0","0","0","0","0","0","0","0","0","0"
"0x7ff8935ae830","      UMOV UR28, UR44","8","0","8","524288","524288","524288","1","1","0","31","0","-","-","-","0","0","0","0","0","0","0","0","0","-","0","0","0","0","0","0","0","0","0","0","0","0","0","0","0","0","0","0","8","0","0","0","0","0","0","0","0","0","0","0","0","0","0","0","0","0","0","0","0","0"
"0x7ff8935ae840","      UMOV UR35, UR43","22","0","22","524288","524288","524288","1","1","0","31","0","-","-","-","0","0","0","0","0","0","0","0","0","-","0","0","0","0","0","0","0","0","10","0","0","0","0","0","0","0","0","0","12","0","0","0","0","0","0","0","0","0","0","0","0","0","0","0","0","0","0","0","0","0"
"0x7ff8935ae850","      UTMALDG.2D.GATHER4 [UR40], [UR72]","21","0","21","524288","524288","524288","1","1","0","31","0","Global,Shared","-","-","0","0","0","0","0","0","0","0","0","-","0","0","0","0","0","0","0","0","6","0","0","0","0","0","0","0","0","0","15","0","0","0","0","0","0","0","0","0","0","0","0","0","0","0","0","0","0","0","0","0"
"0x7ff8935ae860","      UMOV UR27, UR43","8","0","8","524288","524288","524288","1","1","0","31","0","-","-","-","0","0","0","0","0","0","0","0","0","-","0","0","0","0","0","0","0","0","0","0","0","0","0","0","0","0","0","0","8","0","0","0","0","0","0","0","0","0","0","0","0","0","0","0","0","0","0","0","0","0"
"0x7ff8935ae870","      UMOV UR19, UR43","12","0","12","524288","524288","524288","1","1","0","31","0","-","-","-","0","0","0","0","0","0","0","0","0","-","0","0","0","0","0","0","0","0","0","0","0","0","0","0","0","0","0","0","12","0","0","0","0","0","0","0","0","0","0","0","0","0","0","0","0","0","0","0","0","0"
"0x7ff8935ae880","      UMOV UR20, UR44","10","0","10","524288","524288","524288","1","1","0","31","0","-","-","-","0","0","0","0","0","0","0","0","0","-","0","0","0","0","0","0","0","0","0","0","0","0","0","0","0","0","0","0","10","0","0","0","0","0","0","0","0","0","0","0","0","0","0","0","0","0","0","0","0","0"
"0x7ff8935ae890","      UMOV UR21, UR45","16","0","16","524288","524288","524288","1","1","0","31","0","-","-","-","0","0","0","0","0","0","0","0","0","-","0","0","0","0","0","0","0","0","0","0","0","0","0","0","0","0","0","0","16","0","0","0","0","0","0","0","0","0","0","0","0","0","0","0","0","0","0","0","0","0"
"0x7ff8935ae8a0","      UMOV UR22, UR46","8","0","8","524288","524288","524288","1","1","0","31","0","-","-","-","0","0","0","0","0","0","0","0","0","-","0","0","0","0","0","0","0","0","0","0","0","0","0","0","0","0","0","0","8","0","0","0","0","0","0","0","0","0","0","0","0","0","0","0","0","0","0","0","0","0"
"0x7ff8935ae8b0","      UMOV UR11, UR43","13","0","13","524288","524288","524288","1","1","0","31","0","-","-","-","0","0","0","0","0","0","0","0","0","-","0","0","0","0","0","0","0","0","0","0","0","0","0","0","0","0","0","0","13","0","0","0","0","0","0","0","0","0","0","0","0","0","0","0","0","0","0","0","0","0"
"0x7ff8935ae8c0","      UMOV UR12, UR44","9","0","9","524288","524288","524288","1","1","0","31","0","-","-","-","0","0","0","0","0","0","0","0","0","-","0","0","0","0","0","0","0","0","0","0","0","0","0","0","0","0","0","0","9","0","0","0","0","0","0","0","0","0","0","0","0","0","0","0","0","0","0","0","0","0"
"0x7ff8935ae8d0","      UTMALDG.2D.GATHER4 [UR32], [UR72]","11","0","11","524288","524288","524288","1","1","0","31","0","Global,Shared","-","-","0","0","0","0","0","0","0","0","0","-","0","0","0","0","0","0","0","0","0","0","0","0","0","0","0","0","0","0","11","0","0","0","0","0","0","0","0","0","0","0","0","0","0","0","0","0","0","0","0","0"
"0x7ff8935ae8e0","      UMOV UR13, UR45","8","0","8","524288","524288","524288","1","1","0","31","0","-","-","-","0","0","0","0","0","0","0","0","0","-","0","0","0","0","0","0","0","0","0","0","0","0","0","0","0","0","0","0","8","0","0","0","0","0","0","0","0","0","0","0","0","0","0","0","0","0","0","0","0","0"
"0x7ff8935ae8f0","      UMOV UR14, UR46","6","0","6","524288","524288","524288","1","1","0","31","0","-","-","-","0","0","0","0","0","0","0","0","0","-","0","0","0","0","0","0","0","0","0","0","0","0","0","0","0","0","0","0","6","0","0","0","0","0","0","0","0","0","0","0","0","0","0","0","0","0","0","0","0","0"
"0x7ff8935ae900","      UTMALDG.2D.GATHER4 [UR24], [UR72]","17","3","17","524288","524288","524288","1","1","0","31","0","Global,Shared","-","-","0","0","0","0","0","0","0","0","0","-","0","0","0","0","0","0","0","0","0","0","0","0","0","0","0","0","3","0","14","0","0","0","0","0","0","0","0","0","0","0","0","0","0","3","0","0","0","0","0","0"
"0x7ff8935ae910","      UTMALDG.2D.GATHER4 [UR16], [UR72]","9","0","9","524288","524288","524288","1","1","0","31","0","Global,Shared","-","-","0","0","0","0","0","0","0","0","0","-","0","0","0","0","0","0","0","0","0","0","0","0","0","0","0","0","0","0","9","0","0","0","0","0","0","0","0","0","0","0","0","0","0","0","0","0","0","0","0","0"
"0x7ff8935ae920","      UTMALDG.2D.GATHER4 [UR8], [UR74]","125","101","125","524288","524288","524288","1","1","0","31","0","Global,Shared","-","-","0","0","0","0","0","0","0","0","0","-","0","0","0","0","0","0","0","0","0","0","0","0","0","0","114","0","0","3","8","0","0","0","0","0","0","0","0","0","0","0","0","101","0","0","0","0","0","0","0","0"
"0x7ff8935ae930","      UIADD3 UR40, UPT, UPT, UR5, 0x9400, URZ","11","0","11","524288","524288","524288","1","1","0","31","0","-","-","-","0","0","0","0","0","0","0","0","0","-","0","0","0","0","0","0","0","0","0","0","0","0","0","0","0","0","0","0","11","0","0","0","0","0","0","0","0","0","0","0","0","0","0","0","0","0","0","0","0","0"
"0x7ff8935ae940","      LDS.128 R4, [UR15+0x2f120]","13","0","13","524288","524288","524288","1","1","0","31","0","Shared","Load","128","0","1","0","524288","524288","0","0","0","0","-","0","0","0","0","0","0","0","0","0","0","0","0","0","0","0","0","0","0","13","0","0","0","0","0","0","0","0","0","0","0","0","0","0","0","0","0","0","0","0","0"
"0x7ff8935ae950","      UIADD3 UR32, UPT, UPT, UR5, 0xd400, URZ","56","39","56","524288","524288","524288","1","1","0","31","0","-","-","-","0","0","0","0","0","0","0","0","0","-","0","0","0","0","0","0","0","0","0","0","0","44","0","0","0","0","0","0","12","0","0","0","0","0","0","0","0","0","39","0","0","0","0","0","0","0","0","0","0","0"
"0x7ff8935ae960","      UIADD3 UR24, UPT, UPT, UR5, 0x11400, URZ","130","102","130","524288","524288","524288","1","1","0","31","0","-","-","-","0","0","0","0","0","0","0","0","0","-","0","0","0","0","0","0","0","0","0","0","0","102","0","0","0","0","0","3","16","0","0","0","9","0","0","0","0","0","94","0","0","0","0","0","0","0","0","0","0","8"
"0x7ff8935ae970","      UIADD3 UR16, UPT, UPT, UR5, 0x15400, URZ","204","185","204","524288","524288","524288","1","1","0","31","0","-","-","-","0","0","0","0","0","0","0","0","0","-","0","0","0","0","0","0","0","0","0","0","0","180","0","0","0","0","0","2","11","0","0","0","11","0","0","0","0","0","174","0","0","0","0","0","0","0","0","0","0","11"
"0x7ff8935ae980","      UIADD3 UR8, UPT, UPT, UR6, 0x29200, URZ","207","187","207","524288","524288","524288","1","1","0","31","0","-","-","-","0","0","0","0","0","0","0","0","0","-","0","0","0","0","0","0","0","0","0","0","0","187","0","0","0","0","0","4","9","0","0","0","7","0","0","0","0","0","181","0","0","0","0","0","0","0","0","0","0","6"
"0x7ff8935ae990","      R2UR UR46, R7","37","24","37","524288","524288","524288","1","1","0","31","0","-","-","-","0","0","0","0","0","0","0","0","0","-","0","0","0","0","0","0","0","0","0","0","0","0","0","0","0","0","0","0","12","25","0","0","0","0","0","0","0","0","0","0","0","0","0","0","0","0","24","0","0","0"
"0x7ff8935ae9a0","      R2UR UR45, R6","33","9","33","524288","524288","524288","1","1","0","31","0","-","-","-","0","0","0","0","0","0","0","0","0","-","0","0","0","0","0","0","0","0","0","0","0","0","4","0","0","0","0","3","17","0","0","0","9","0","0","0","0","0","0","0","0","0","0","0","0","0","0","0","0","9"
"0x7ff8935ae9b0","      R2UR UR44, R5","17","4","17","524288","524288","524288","1","1","0","31","0","-","-","-","0","0","0","0","0","0","0","0","0","-","0","0","0","0","0","0","0","0","0","0","0","0","0","0","0","0","0","0","13","0","0","0","4","0","0","0","0","0","0","0","0","0","0","0","0","0","0","0","0","4"
"0x7ff8935ae9c0","      R2UR UR43, R4","27","14","27","524288","524288","524288","1","1","0","31","0","-","-","-","0","0","0","0","0","0","0","0","0","-","0","0","0","0","0","0","0","0","1","0","0","0","1","0","0","0","0","0","11","0","0","0","14","0","0","0","0","0","0","0","0","0","0","0","0","0","0","0","0","14"
"0x7ff8935ae9d0","      UMOV UR38, UR46","80","55","80","524288","524288","524288","1","1","0","31","0","-","-","-","0","0","0","0","0","0","0","0","0","-","0","0","0","0","0","0","0","0","0","0","0","0","0","0","0","0","0","7","8","0","0","0","65","0","0","0","0","0","0","0","0","0","0","0","0","0","0","0","0","55"
"0x7ff8935ae9e0","      UMOV UR30, UR46","10","0","10","524288","524288","524288","1","1","0","31","0","-","-","-","0","0","0","0","0","0","0","0","0","-","0","0","0","0","0","0","0","0","0","0","0","0","0","0","0","0","0","0","10","0","0","0","0","0","0","0","0","0","0","0","0","0","0","0","0","0","0","0","0","0"
"0x7ff8935ae9f0","      UMOV UR37, UR45","11","0","11","524288","524288","524288","1","1","0","31","0","-","-","-","0","0","0","0","0","0","0","0","0","-","0","0","0","0","0","0","0","0","0","0","0","0","0","0","0","0","0","0","11","0","0","0","0","0","0","0","0","0","0","0","0","0","0","0","0","0","0","0","0","0"
"0x7ff8935aea00","      UMOV UR29, UR45","16","0","16","524288","524288","524288","1","1","0","31","0","-","-","-","0","0","0","0","0","0","0","0","0","-","0","0","0","0","0","0","0","0","0","0","0","0","0","0","0","0","0","0","16","0","0","0","0","0","0","0","0","0","0","0","0","0","0","0","0","0","0","0","0","0"
"0x7ff8935aea10","      UMOV UR36, UR44","8","0","8","524288","524288","524288","1","1","0","31","0","-","-","-","0","0","0","0","0","0","0","0","0","-","0","0","0","0","0","0","0","0","0","0","0","0","0","0","0","0","0","0","8","0","0","0","0","0","0","0","0","0","0","0","0","0","0","0","0","0","0","0","0","0"
"0x7ff8935aea20","      UMOV UR28, UR44","8","0","8","524288","524288","524288","1","1","0","31","0","-","-","-","0","0","0","0","0","0","0","0","0","-","0","0","0","0","0","0","0","0","1","0","0","0","0","0","0","0","0","0","7","0","0","0","0","0","0","0","0","0","0","0","0","0","0","0","0","0","0","0","0","0"
"0x7ff8935aea30","      UMOV UR35, UR43","14","0","14","524288","524288","524288","1","1","0","31","0","-","-","-","0","0","0","0","0","0","0","0","0","-","0","0","0","0","0","0","0","0","6","0","0","0","0","0","0","0","0","0","8","0","0","0","0","0","0","0","0","0","0","0","0","0","0","0","0","0","0","0","0","0"
"0x7ff8935aea40","      UTMALDG.2D.GATHER4 [UR40], [UR72]","19","0","19","524288","524288","524288","1","1","0","31","0","Global,Shared","-","-","0","0","0","0","0","0","0","0","0","-","0","0","0","0","0","0","0","0","9","0","0","0","0","0","0","0","0","0","10","0","0","0","0","0","0","0","0","0","0","0","0","0","0","0","0","0","0","0","0","0"
"0x7ff8935aea50","      UMOV UR27, UR43","5","0","5","524288","524288","524288","1","1","0","31","0","-","-","-","0","0","0","0","0","0","0","0","0","-","0","0","0","0","0","0","0","0","0","0","0","0","0","0","0","0","0","0","5","0","0","0","0","0","0","0","0","0","0","0","0","0","0","0","0","0","0","0","0","0"
"0x7ff8935aea60","      UMOV UR19, UR43","6","0","6","524288","524288","524288","1","1","0","31","0","-","-","-","0","0","0","0","0","0","0","0","0","-","0","0","0","0","0","0","0","0","0","0","0","0","0","0","0","0","0","0","6","0","0","0","0","0","0","0","0","0","0","0","0","0","0","0","0","0","0","0","0","0"
"0x7ff8935aea70","      UMOV UR20, UR44","15","0","15","524288","524288","524288","1","1","0","31","0","-","-","-","0","0","0","0","0","0","0","0","0","-","0","0","0","0","0","0","0","0","0","0","0","0","0","0","0","0","0","0","15","0","0","0","0","0","0","0","0","0","0","0","0","0","0","0","0","0","0","0","0","0"
"0x7ff8935aea80","      UMOV UR21, UR45","9","1","9","524288","524288","524288","1","1","0","31","0","-","-","-","0","0","0","0","0","0","0","0","0","-","0","0","0","0","0","0","0","0","0","0","0","0","0","0","0","0","1","0","8","0","0","0","0","0","0","0","0","0","0","0","0","0","0","1","0","0","0","0","0","0"
"0x7ff8935aea90","      UMOV UR22, UR46","12","0","12","524288","524288","524288","1","1","0","31","0","-","-","-","0","0","0","0","0","0","0","0","0","-","0","0","0","0","0","0","0","0","0","0","0","0","0","0","0","0","0","0","12","0","0","0","0","0","0","0","0","0","0","0","0","0","0","0","0","0","0","0","0","0"
"0x7ff8935aeaa0","      UMOV UR11, UR43","13","0","13","524288","524288","524288","1","1","0","31","0","-","-","-","0","0","0","0","0","0","0","0","0","-","0","0","0","0","0","0","0","0","0","0","0","0","0","0","0","0","0","0","13","0","0","0","0","0","0","0","0","0","0","0","0","0","0","0","0","0","0","0","0","0"
"0x7ff8935aeab0","      UMOV UR12, UR44","14","0","14","524288","524288","524288","1","1","0","31","0","-","-","-","0","0","0","0","0","0","0","0","0","-","0","0","0","0","0","0","0","0","0","0","0","0","0","0","0","0","0","0","14","0","0","0","0","0","0","0","0","0","0","0","0","0","0","0","0","0","0","0","0","0"
"0x7ff8935aeac0","      UTMALDG.2D.GATHER4 [UR32], [UR72]","14","0","14","524288","524288","524288","1","1","0","31","0","Global,Shared","-","-","0","0","0","0","0","0","0","0","0","-","0","0","0","0","0","0","0","0","0","0","0","0","0","0","0","0","0","0","14","0","0","0","0","0","0","0","0","0","0","0","0","0","0","0","0","0","0","0","0","0"
"0x7ff8935aead0","      UMOV UR13, UR45","11","0","11","524288","524288","524288","1","1","0","31","0","-","-","-","0","0","0","0","0","0","0","0","0","-","0","0","0","0","0","0","0","0","0","0","0","0","0","0","0","0","0","0","11","0","0","0","0","0","0","0","0","0","0","0","0","0","0","0","0","0","0","0","0","0"
"0x7ff8935aeae0","      UMOV UR14, UR46","11","0","11","524288","524288","524288","1","1","0","31","0","-","-","-","0","0","0","0","0","0","0","0","0","-","0","0","0","0","0","0","0","0","0","0","0","0","0","0","0","0","0","0","11","0","0","0","0","0","0","0","0","0","0","0","0","0","0","0","0","0","0","0","0","0"
"0x7ff8935aeaf0","      UTMALDG.2D.GATHER4 [UR24], [UR72]","12","0","12","524288","524288","524288","1","1","0","31","0","Global,Shared","-","-","0","0","0","0","0","0","0","0","0","-","0","0","0","0","0","0","0","0","0","0","0","0","0","0","0","0","0","0","12","0","0","0","0","0","0","0","0","0","0","0","0","0","0","0","0","0","0","0","0","0"
"0x7ff8935aeb00","      UTMALDG.2D.GATHER4 [UR16], [UR72]","14","4","14","524288","524288","524288","1","1","0","31","0","Global,Shared","-","-","0","0","0","0","0","0","0","0","0","-","0","0","0","0","0","0","0","0","0","0","0","0","0","0","0","0","4","2","8","0","0","0","0","0","0","0","0","0","0","0","0","0","0","4","0","0","0","0","0","0"
"0x7ff8935aeb10","      UTMALDG.2D.GATHER4 [UR8], [UR74]","133","113","133","524288","524288","524288","1","1","0","31","0","Global,Shared","-","-","0","0","0","0","0","0","0","0","0","-","0","0","0","0","0","0","0","0","0","0","0","0","0","0","118","0","0","5","10","0","0","0","0","0","0","0","0","0","0","0","0","113","0","0","0","0","0","0","0","0"
"0x7ff8935aeb20","      UIADD3 UR40, UPT, UPT, UR5, 0x9600, URZ","9","0","9","524288","524288","524288","1","1","0","31","0","-","-","-","0","0","0","0","0","0","0","0","0","-","0","0","0","0","0","0","0","0","0","0","0","0","0","0","0","0","0","0","9","0","0","0","0","0","0","0","0","0","0","0","0","0","0","0","0","0","0","0","0","0"
"0x7ff8935aeb30","      LDS.128 R4, [UR15+0x2f130]","15","0","15","524288","524288","524288","1","1","0","31","0","Shared","Load","128","0","1","0","524288","524288","0","0","0","0","-","0","0","0","0","0","0","0","0","0","0","0","0","0","0","0","0","0","0","15","0","0","0","0","0","0","0","0","0","0","0","0","0","0","0","0","0","0","0","0","0"
"0x7ff8935aeb40","      UIADD3 UR32, UPT, UPT, UR5, 0xd600, URZ","59","48","59","524288","524288","524288","1","1","0","31","0","-","-","-","0","0","0","0","0","0","0","0","0","-","0","0","0","0","0","0","0","0","0","0","0","48","0","0","0","0","0","0","11","0","0","0","0","0","0","0","0","0","48","0","0","0","0","0","0","0","0","0","0","0"
"0x7ff8935aeb50","      UIADD3 UR24, UPT, UPT, UR5, 0x11600, URZ","145","128","145","524288","524288","524288","1","1","0","31","0","-","-","-","0","0","0","0","0","0","0","0","0","-","0","0","0","0","0","0","0","0","1","0","0","126","0","0","0","0","0","1","9","0","0","0","8","0","0","0","0","0","121","0","0","0","0","0","0","0","0","0","0","7"
"0x7ff8935aeb60","      UIADD3 UR16, UPT, UPT, UR5, 0x15600, URZ","167","154","167","524288","524288","524288","1","1","0","31","0","-","-","-","0","0","0","0","0","0","0","0","0","-","0","0","0","0","0","0","0","0","0","0","0","144","0","0","0","0","0","0","10","0","0","0","13","0","0","0","0","0","142","0","0","0","0","0","0","0","0","0","0","12"
"0x7ff8935aeb70","      UIADD3 UR8, UPT, UPT, UR6, 0x29300, URZ","188","176","188","524288","524288","524288","1","1","0","31","0","-","-","-","0","0","0","0","0","0","0","0","0","-","0","0","0","0","0","0","0","0","0","0","0","170","0","0","0","0","0","0","9","0","0","0","9","0","0","0","0","0","167","0","0","0","0","0","0","0","0","0","0","9"
"0x7ff8935aeb80","      R2UR UR46, R7","346","314","346","524288","524288","524288","1","1","0","31","0","-","-","-","0","0","0","0","0","0","0","0","0","-","0","0","0","0","0","0","0","0","0","0","0","0","1","0","0","0","0","2","12","331","0","0","0","0","0","0","0","0","0","0","0","0","0","0","0","0","314","0","0","0"
"0x7ff8935aeb90","      R2UR UR45, R6","13","7","13","524288","524288","524288","1","1","0","31","0","-","-","-","0","0","0","0","0","0","0","0","0","-","0","0","0","0","0","0","0","0","0","0","0","0","0","0","0","0","0","0","6","0","0","0","7","0","0","0","0","0","0","0","0","0","0","0","0","0","0","0","0","7"
"0x7ff8935aeba0","      R2UR UR44, R5","20","9","20","524288","524288","524288","1","1","0","31","0","-","-","-","0","0","0","0","0","0","0","0","0","-","0","0","0","0","0","0","0","0","0","0","0","0","0","0","0","0","0","1","9","0","0","0","10","0","0","0","0","0","0","0","0","0","0","0","0","0","0","0","0","9"
"0x7ff8935aebb0","      R2UR UR43, R4","26","16","26","524288","524288","524288","1","1","0","31","0","-","-","-","0","0","0","0","0","0","0","0","0","-","0","0","0","0","0","0","0","0","0","0","0","0","0","0","0","0","0","0","10","0","0","0","16","0","0","0","0","0","0","0","0","0","0","0","0","0","0","0","0","16"
"0x7ff8935aebc0","      UMOV UR38, UR46","72","60","72","524288","524288","524288","1","1","0","31","0","-","-","-","0","0","0","0","0","0","0","0","0","-","0","0","0","0","0","0","0","0","0","0","0","0","0","0","0","0","0","0","11","0","0","0","61","0","0","0","0","0","0","0","0","0","0","0","0","0","0","0","0","60"
"0x7ff8935aebd0","      UMOV UR30, UR46","13","0","13","524288","524288","524288","1","1","0","31","0","-","-","-","0","0","0","0","0","0","0","0","0","-","0","0","0","0","0","0","0","0","0","0","0","0","0","0","0","0","0","0","13","0","0","0","0","0","0","0","0","0","0","0","0","0","0","0","0","0","0","0","0","0"
"0x7ff8935aebe0","      UMOV UR37, UR45","10","0","10","524288","524288","524288","1","1","0","31","0","-","-","-","0","0","0","0","0","0","0","0","0","-","0","0","0","0","0","0","0","0","0","0","0","0","0","0","0","0","0","0","10","0","0","0","0","0","0","0","0","0","0","0","0","0","0","0","0","0","0","0","0","0"
"0x7ff8935aebf0","      UMOV UR29, UR45","9","0","9","524288","524288","524288","1","1","0","31","0","-","-","-","0","0","0","0","0","0","0","0","0","-","0","0","0","0","0","0","0","0","0","0","0","0","0","0","0","0","0","0","9","0","0","0","0","0","0","0","0","0","0","0","0","0","0","0","0","0","0","0","0","0"
"0x7ff8935aec00","      UMOV UR36, UR44","9","0","9","524288","524288","524288","1","1","0","31","0","-","-","-","0","0","0","0","0","0","0","0","0","-","0","0","0","0","0","0","0","0","0","0","0","0","0","0","0","0","0","0","9","0","0","0","0","0","0","0","0","0","0","0","0","0","0","0","0","0","0","0","0","0"
"0x7ff8935aec10","      UMOV UR28, UR44","10","0","10","524288","524288","524288","1","1","0","31","0","-","-","-","0","0","0","0","0","0","0","0","0","-","0","0","0","0","0","0","0","0","0","0","0","0","0","0","0","0","0","0","10","0","0","0","0","0","0","0","0","0","0","0","0","0","0","0","0","0","0","0","0","0"
"0x7ff8935aec20","      UMOV UR35, UR43","17","0","17","524288","524288","524288","1","1","0","31","0","-","-","-","0","0","0","0","0","0","0","0","0","-","0","0","0","0","0","0","0","0","9","0","0","0","0","0","0","0","0","0","8","0","0","0","0","0","0","0","0","0","0","0","0","0","0","0","0","0","0","0","0","0"
"0x7ff8935aec30","      UTMALDG.2D.GATHER4 [UR40], [UR72]","11","0","11","524288","524288","524288","1","1","0","31","0","Global,Shared","-","-","0","0","0","0","0","0","0","0","0","-","0","0","0","0","0","0","0","0","4","0","0","0","0","0","0","0","0","0","7","0","0","0","0","0","0","0","0","0","0","0","0","0","0","0","0","0","0","0","0","0"
"0x7ff8935aec40","      UMOV UR27, UR43","9","0","9","524288","524288","524288","1","1","0","31","0","-","-","-","0","0","0","0","0","0","0","0","0","-","0","0","0","0","0","0","0","0","0","0","0","0","0","0","0","0","0","0","9","0","0","0","0","0","0","0","0","0","0","0","0","0","0","0","0","0","0","0","0","0"
"0x7ff8935aec50","      UMOV UR19, UR43","13","0","13","524288","524288","524288","1","1","0","31","0","-","-","-","0","0","0","0","0","0","0","0","0","-","0","0","0","0","0","0","0","0","0","0","0","0","0","0","0","0","0","0","13","0","0","0","0","0","0","0","0","0","0","0","0","0","0","0","0","0","0","0","0","0"
"0x7ff8935aec60","      UMOV UR20, UR44","12","0","12","524288","524288","524288","1","1","0","31","0","-","-","-","0","0","0","0","0","0","0","0","0","-","0","0","0","0","0","0","0","0","0","0","0","0","0","0","0","0","0","0","12","0","0","0","0","0","0","0","0","0","0","0","0","0","0","0","0","0","0","0","0","0"
"0x7ff8935aec70","      UMOV UR21, UR45","16","0","16","524288","524288","524288","1","1","0","31","0","-","-","-","0","0","0","0","0","0","0","0","0","-","0","0","0","0","0","0","0","0","0","0","0","0","0","0","0","0","0","0","16","0","0","0","0","0","0","0","0","0","0","0","0","0","0","0","0","0","0","0","0","0"
"0x7ff8935aec80","      UMOV UR22, UR46","10","0","10","524288","524288","524288","1","1","0","31","0","-","-","-","0","0","0","0","0","0","0","0","0","-","0","0","0","0","0","0","0","0","0","0","0","0","0","0","0","0","0","0","10","0","0","0","0","0","0","0","0","0","0","0","0","0","0","0","0","0","0","0","0","0"
"0x7ff8935aec90","      UMOV UR11, UR43","9","0","9","524288","524288","524288","1","1","0","31","0","-","-","-","0","0","0","0","0","0","0","0","0","-","0","0","0","0","0","0","0","0","0","0","0","0","0","0","0","0","0","0","9","0","0","0","0","0","0","0","0","0","0","0","0","0","0","0","0","0","0","0","0","0"
"0x7ff8935aeca0","      UMOV UR12, UR44","7","0","7","524288","524288","524288","1","1","0","31","0","-","-","-","0","0","0","0","0","0","0","0","0","-","0","0","0","0","0","0","0","0","0","0","0","0","0","0","0","0","0","0","7","0","0","0","0","0","0","0","0","0","0","0","0","0","0","0","0","0","0","0","0","0"
"0x7ff8935aecb0","      UTMALDG.2D.GATHER4 [UR32], [UR72]","12","0","12","524288","524288","524288","1","1","0","31","0","Global,Shared","-","-","0","0","0","0","0","0","0","0","0","-","0","0","0","0","0","0","0","0","0","0","0","0","0","0","0","0","0","0","12","0","0","0","0","0","0","0","0","0","0","0","0","0","0","0","0","0","0","0","0","0"
"0x7ff8935aecc0","      UMOV UR13, UR45","10","0","10","524288","524288","524288","1","1","0","31","0","-","-","-","0","0","0","0","0","0","0","0","0","-","0","0","0","0","0","0","0","0","0","0","0","0","0","0","0","0","0","0","10","0","0","0","0","0","0","0","0","0","0","0","0","0","0","0","0","0","0","0","0","0"
"0x7ff8935aecd0","      UMOV UR14, UR46","6","0","6","524288","524288","524288","1","1","0","31","0","-","-","-","0","0","0","0","0","0","0","0","0","-","0","0","0","0","0","0","0","0","0","0","0","0","0","0","0","0","0","0","6","0","0","0","0","0","0","0","0","0","0","0","0","0","0","0","0","0","0","0","0","0"
"0x7ff8935aece0","      UTMALDG.2D.GATHER4 [UR24], [UR72]","9","0","9","524288","524288","524288","1","1","0","31","0","Global,Shared","-","-","0","0","0","0","0","0","0","0","0","-","0","0","0","0","0","0","0","0","0","0","0","0","0","0","0","0","0","0","9","0","0","0","0","0","0","0","0","0","0","0","0","0","0","0","0","0","0","0","0","0"
"0x7ff8935aecf0","      UTMALDG.2D.GATHER4 [UR16], [UR72]","7","0","7","524288","524288","524288","1","1","0","31","0","Global,Shared","-","-","0","0","0","0","0","0","0","0","0","-","0","0","0","0","0","0","0","0","0","0","0","0","0","0","0","0","0","0","7","0","0","0","0","0","0","0","0","0","0","0","0","0","0","0","0","0","0","0","0","0"
"0x7ff8935aed00","      UTMALDG.2D.GATHER4 [UR8], [UR74]","152","136","152","524288","524288","524288","1","1","0","31","0","Global,Shared","-","-","0","0","0","0","0","0","0","0","0","-","0","0","0","0","0","0","0","0","1","0","0","0","0","0","138","0","3","1","9","0","0","0","0","0","0","0","0","0","0","0","0","135","0","1","0","0","0","0","0","0"
"0x7ff8935aed10","      UIADD3 UR40, UPT, UPT, UR5, 0x9800, URZ","13","0","13","524288","524288","524288","1","1","0","31","0","-","-","-","0","0","0","0","0","0","0","0","0","-","0","0","0","0","0","0","0","0","0","0","0","0","0","0","0","0","0","0","13","0","0","0","0","0","0","0","0","0","0","0","0","0","0","0","0","0","0","0","0","0"
"0x7ff8935aed20","      LDS.128 R4, [UR15+0x2f140]","11","0","11","524288","524288","524288","1","1","0","31","0","Shared","Load","128","0","1","0","524288","524288","0","0","0","0","-","0","0","0","0","0","0","0","0","0","0","0","0","0","0","0","0","0","0","11","0","0","0","0","0","0","0","0","0","0","0","0","0","0","0","0","0","0","0","0","0"
"0x7ff8935aed30","      UIADD3 UR32, UPT, UPT, UR5, 0xd800, URZ","53","46","53","524288","524288","524288","1","1","0","31","0","-","-","-","0","0","0","0","0","0","0","0","0","-","0","0","0","0","0","0","0","0","0","0","0","46","0","0","0","0","0","0","7","0","0","0","0","0","0","0","0","0","46","0","0","0","0","0","0","0","0","0","0","0"
"0x7ff8935aed40","      UIADD3 UR24, UPT, UPT, UR5, 0x11800, URZ","160","149","160","524288","524288","524288","1","1","0","31","0","-","-","-","0","0","0","0","0","0","0","0","0","-","0","0","0","0","0","0","0","0","0","0","0","140","0","0","0","0","0","0","9","0","0","0","11","0","0","0","0","0","139","0","0","0","0","0","0","0","0","0","0","10"
"0x7ff8935aed50","      UIADD3 UR16, UPT, UPT, UR5, 0x15800, URZ","208","192","208","524288","524288","524288","1","1","0","31","0","-","-","-","0","0","0","0","0","0","0","0","0","-","0","0","0","0","0","0","0","0","0","0","0","184","0","0","0","0","0","0","12","0","0","0","12","0","0","0","0","0","180","0","0","0","0","0","0","0","0","0","0","12"
"0x7ff8935aed60","      UIADD3 UR8, UPT, UPT, UR6, 0x29400, URZ","153","133","153","524288","524288","524288","1","1","0","31","0","-","-","-","0","0","0","0","0","0","0","0","0","-","0","0","0","0","0","0","0","0","0","0","0","127","0","0","0","0","0","0","19","0","0","0","7","0","0","0","0","0","126","0","0","0","0","0","0","0","0","0","0","7"
"0x7ff8935aed70","      R2UR UR46, R7","390","330","390","524288","524288","524288","1","1","0","31","0","-","-","-","0","0","0","0","0","0","0","0","0","-","0","0","0","0","0","0","0","0","0","0","0","0","3","0","0","0","0","4","16","367","0","0","0","0","0","0","0","0","0","0","0","0","0","0","0","0","330","0","0","0"
"0x7ff8935aed80","      R2UR UR45, R6","21","11","21","524288","524288","524288","1","1","0","31","0","-","-","-","0","0","0","0","0","0","0","0","0","-","0","0","0","0","0","0","0","0","0","0","0","0","0","0","0","0","0","0","9","0","0","0","12","0","0","0","0","0","0","0","0","0","0","0","0","0","0","0","0","11"
"0x7ff8935aed90","      R2UR UR44, R5","19","12","19","524288","524288","524288","1","1","0","31","0","-","-","-","0","0","0","0","0","0","0","0","0","-","0","0","0","0","0","0","0","0","0","0","0","0","0","0","0","0","0","0","7","0","0","0","12","0","0","0","0","0","0","0","0","0","0","0","0","0","0","0","0","12"
"0x7ff8935aeda0","      R2UR UR43, R4","13","6","13","524288","524288","524288","1","1","0","31","0","-","-","-","0","0","0","0","0","0","0","0","0","-","0","0","0","0","0","0","0","0","0","0","0","0","0","0","0","0","0","0","7","0","0","0","6","0","0","0","0","0","0","0","0","0","0","0","0","0","0","0","0","6"
"0x7ff8935aedb0","      UMOV UR38, UR46","67","54","67","524288","524288","524288","1","1","0","31","0","-","-","-","0","0","0","0","0","0","0","0","0","-","0","0","0","0","0","0","0","0","0","0","0","0","0","0","0","0","0","1","11","0","0","0","55","0","0","0","0","0","0","0","0","0","0","0","0","0","0","0","0","54"
"0x7ff8935aedc0","      UMOV UR30, UR46","9","0","9","524288","524288","524288","1","1","0","31","0","-","-","-","0","0","0","0","0","0","0","0","0","-","0","0","0","0","0","0","0","0","0","0","0","0","0","0","0","0","0","0","9","0","0","0","0","0","0","0","0","0","0","0","0","0","0","0","0","0","0","0","0","0"
"0x7ff8935aedd0","      UMOV UR37, UR45","11","0","11","524288","524288","524288","1","1","0","31","0","-","-","-","0","0","0","0","0","0","0","0","0","-","0","0","0","0","0","0","0","0","0","0","0","0","0","0","0","0","0","0","11","0","0","0","0","0","0","0","0","0","0","0","0","0","0","0","0","0","0","0","0","0"
"0x7ff8935aede0","      UMOV UR29, UR45","13","0","13","524288","524288","524288","1","1","0","31","0","-","-","-","0","0","0","0","0","0","0","0","0","-","0","0","0","0","0","0","0","0","0","0","0","0","0","0","0","0","0","0","13","0","0","0","0","0","0","0","0","0","0","0","0","0","0","0","0","0","0","0","0","0"
"0x7ff8935aedf0","      UMOV UR36, UR44","12","0","12","524288","524288","524288","1","1","0","31","0","-","-","-","0","0","0","0","0","0","0","0","0","-","0","0","0","0","0","0","0","0","0","0","0","0","0","0","0","0","0","0","12","0","0","0","0","0","0","0","0","0","0","0","0","0","0","0","0","0","0","0","0","0"
"0x7ff8935aee00","      UMOV UR28, UR44","5","0","5","524288","524288","524288","1","1","0","31","0","-","-","-","0","0","0","0","0","0","0","0","0","-","0","0","0","0","0","0","0","0","0","0","0","0","0","0","0","0","0","0","5","0","0","0","0","0","0","0","0","0","0","0","0","0","0","0","0","0","0","0","0","0"
"0x7ff8935aee10","      UMOV UR35, UR43","21","0","21","524288","524288","524288","1","1","0","31","0","-","-","-","0","0","0","0","0","0","0","0","0","-","0","0","0","0","0","0","0","0","9","0","0","0","0","0","0","0","0","0","12","0","0","0","0","0","0","0","0","0","0","0","0","0","0","0","0","0","0","0","0","0"
"0x7ff8935aee20","      UTMALDG.2D.GATHER4 [UR40], [UR72]","20","0","20","524288","524288","524288","1","1","0","31","0","Global,Shared","-","-","0","0","0","0","0","0","0","0","0","-","0","0","0","0","0","0","0","0","7","0","0","0","0","0","0","0","0","0","13","0","0","0","0","0","0","0","0","0","0","0","0","0","0","0","0","0","0","0","0","0"
"0x7ff8935aee30","      UMOV UR27, UR43","10","0","10","524288","524288","524288","1","1","0","31","0","-","-","-","0","0","0","0","0","0","0","0","0","-","0","0","0","0","0","0","0","0","0","0","0","0","0","0","0","0","0","0","10","0","0","0","0","0","0","0","0","0","0","0","0","0","0","0","0","0","0","0","0","0"
"0x7ff8935aee40","      UMOV UR19, UR43","13","0","13","524288","524288","524288","1","1","0","31","0","-","-","-","0","0","0","0","0","0","0","0","0","-","0","0","0","0","0","0","0","0","0","0","0","0","0","0","0","0","0","0","13","0","0","0","0","0","0","0","0","0","0","0","0","0","0","0","0","0","0","0","0","0"
"0x7ff8935aee50","      UMOV UR20, UR44","13","0","13","524288","524288","524288","1","1","0","31","0","-","-","-","0","0","0","0","0","0","0","0","0","-","0","0","0","0","0","0","0","0","0","0","0","0","0","0","0","0","0","0","13","0","0","0","0","0","0","0","0","0","0","0","0","0","0","0","0","0","0","0","0","0"
"0x7ff8935aee60","      UMOV UR21, UR45","9","0","9","524288","524288","524288","1","1","0","31","0","-","-","-","0","0","0","0","0","0","0","0","0","-","0","0","0","0","0","0","0","0","0","0","0","0","0","0","0","0","0","0","9","0","0","0","0","0","0","0","0","0","0","0","0","0","0","0","0","0","0","0","0","0"
"0x7ff8935aee70","      UMOV UR22, UR46","5","0","5","524288","524288","524288","1","1","0","31","0","-","-","-","0","0","0","0","0","0","0","0","0","-","0","0","0","0","0","0","0","0","0","0","0","0","0","0","0","0","0","0","5","0","0","0","0","0","0","0","0","0","0","0","0","0","0","0","0","0","0","0","0","0"
"0x7ff8935aee80","      UMOV UR11, UR43","6","0","6","524288","524288","524288","1","1","0","31","0","-","-","-","0","0","0","0","0","0","0","0","0","-","0","0","0","0","0","0","0","0","0","0","0","0","0","0","0","0","1","0","5","0","0","0","0","0","0","0","0","0","0","0","0","0","0","0","0","0","0","0","0","0"
"0x7ff8935aee90","      UMOV UR12, UR44","9","0","9","524288","524288","524288","1","1","0","31","0","-","-","-","0","0","0","0","0","0","0","0","0","-","0","0","0","0","0","0","0","0","0","0","0","0","0","0","0","0","0","0","9","0","0","0","0","0","0","0","0","0","0","0","0","0","0","0","0","0","0","0","0","0"
"0x7ff8935aeea0","      UTMALDG.2D.GATHER4 [UR32], [UR72]","4","0","4","524288","524288","524288","1","1","0","31","0","Global,Shared","-","-","0","0","0","0","0","0","0","0","0","-","0","0","0","0","0","0","0","0","0","0","0","0","0","0","0","0","0","0","4","0","0","0","0","0","0","0","0","0","0","0","0","0","0","0","0","0","0","0","0","0"
"0x7ff8935aeeb0","      UMOV UR13, UR45","7","0","7","524288","524288","524288","1","1","0","31","0","-","-","-","0","0","0","0","0","0","0","0","0","-","0","0","0","0","0","0","0","0","0","0","0","0","0","0","0","0","0","0","7","0","0","0","0","0","0","0","0","0","0","0","0","0","0","0","0","0","0","0","0","0"
"0x7ff8935aeec0","      UMOV UR14, UR46","11","0","11","524288","524288","524288","1","1","0","31","0","-","-","-","0","0","0","0","0","0","0","0","0","-","0","0","0","0","0","0","0","0","0","0","0","0","0","0","0","0","0","0","11","0","0","0","0","0","0","0","0","0","0","0","0","0","0","0","0","0","0","0","0","0"
"0x7ff8935aeed0","      UTMALDG.2D.GATHER4 [UR24], [UR72]","1","0","1","524288","524288","524288","1","1","0","31","0","Global,Shared","-","-","0","0","0","0","0","0","0","0","0","-","0","0","0","0","0","0","0","0","0","0","0","0","0","0","0","0","0","0","1","0","0","0","0","0","0","0","0","0","0","0","0","0","0","0","0","0","0","0","0","0"
"0x7ff8935aeee0","      UTMALDG.2D.GATHER4 [UR16], [UR72]","18","2","18","524288","524288","524288","1","1","0","31","0","Global,Shared","-","-","0","0","0","0","0","0","0","0","0","-","0","0","0","0","0","0","0","0","0","0","0","0","0","0","2","0","0","0","16","0","0","0","0","0","0","0","0","0","0","0","0","2","0","0","0","0","0","0","0","0"
"0x7ff8935aeef0","      UTMALDG.2D.GATHER4 [UR8], [UR74]","152","130","152","524288","524288","524288","1","1","0","31","0","Global,Shared","-","-","0","0","0","0","0","0","0","0","0","-","0","0","0","0","0","0","0","0","0","0","0","0","0","0","134","0","0","1","17","0","0","0","0","0","0","0","0","0","0","0","0","130","0","0","0","0","0","0","0","0"
"0x7ff8935aef00","      UIADD3 UR40, UPT, UPT, UR5, 0x9a00, URZ","9","0","9","524288","524288","524288","1","1","0","31","0","-","-","-","0","0","0","0","0","0","0","0","0","-","0","0","0","0","0","0","0","0","0","0","0","0","0","0","0","0","0","0","9","0","0","0","0","0","0","0","0","0","0","0","0","0","0","0","0","0","0","0","0","0"
"0x7ff8935aef10","      LDS.128 R4, [UR15+0x2f150]","6","0","6","524288","524288","524288","1","1","0","31","0","Shared","Load","128","0","1","0","524288","524288","0","0","0","0","-","0","0","0","0","0","0","0","0","0","0","0","0","0","0","0","0","0","0","6","0","0","0","0","0","0","0","0","0","0","0","0","0","0","0","0","0","0","0","0","0"
"0x7ff8935aef20","      UIADD3 UR32, UPT, UPT, UR5, 0xda00, URZ","60","51","60","524288","524288","524288","1","1","0","31","0","-","-","-","0","0","0","0","0","0","0","0","0","-","0","0","0","0","0","0","0","0","0","0","0","53","0","0","0","0","0","1","6","0","0","0","0","0","0","0","0","0","51","0","0","0","0","0","0","0","0","0","0","0"
"0x7ff8935aef30","      UIADD3 UR24, UPT, UPT, UR5, 0x11a00, URZ","157","139","157","524288","524288","524288","1","1","0","31","0","-","-","-","0","0","0","0","0","0","0","0","0","-","0","0","0","0","0","0","0","0","0","0","0","136","0","0","0","0","0","2","9","0","0","0","10","0","0","0","0","0","130","0","0","0","0","0","0","0","0","0","0","9"
"0x7ff8935aef40","      UIADD3 UR16, UPT, UPT, UR5, 0x15a00, URZ","174","167","174","524288","524288","524288","1","1","0","31","0","-","-","-","0","0","0","0","0","0","0","0","0","-","0","0","0","0","0","0","0","0","0","0","0","152","0","0","0","0","0","0","7","0","0","0","15","0","0","0","0","0","152","0","0","0","0","0","0","0","0","0","0","15"
"0x7ff8935aef50","      UIADD3 UR8, UPT, UPT, UR6, 0x29500, URZ","188","169","188","524288","524288","524288","1","1","0","31","0","-","-","-","0","0","0","0","0","0","0","0","0","-","0","0","0","0","0","0","0","0","0","0","0","166","0","0","0","0","0","1","13","0","0","0","8","0","0","0","0","0","161","0","0","0","0","0","0","0","0","0","0","8"
"0x7ff8935aef60","      R2UR UR46, R7","421","413","421","524288","524288","524288","1","1","0","31","0","-","-","-","0","0","0","0","0","0","0","0","0","-","0","0","0","0","0","0","0","0","0","0","0","0","0","0","0","0","0","0","3","418","0","0","0","0","0","0","0","0","0","0","0","0","0","0","0","0","413","0","0","0"
"0x7ff8935aef70","      R2UR UR45, R6","20","9","20","524288","524288","524288","1","1","0","31","0","-","-","-","0","0","0","0","0","0","0","0","0","-","0","0","0","0","0","0","0","0","0","0","0","0","0","0","0","0","0","0","11","0","0","0","9","0","0","0","0","0","0","0","0","0","0","0","0","0","0","0","0","9"
"0x7ff8935aef80","      R2UR UR44, R5","30","7","30","524288","524288","524288","1","1","0","31","0","-","-","-","0","0","0","0","0","0","0","0","0","-","0","0","0","0","0","0","0","0","0","0","0","0","1","0","0","0","0","0","23","0","0","0","6","0","0","0","0","0","0","1","0","0","0","0","0","0","0","0","0","6"
"0x7ff8935aef90","      R2UR UR43, R4","18","6","18","524288","524288","524288","1","1","0","31","0","-","-","-","0","0","0","0","0","0","0","0","0","-","0","0","0","0","0","0","0","0","0","0","0","0","0","0","0","0","0","0","11","0","0","0","7","0","0","0","0","0","0","0","0","0","0","0","0","0","0","0","0","6"
"0x7ff8935aefa0","      UMOV UR38, UR46","74","60","74","524288","524288","524288","1","1","0","31","0","-","-","-","0","0","0","0","0","0","0","0","0","-","0","0","0","0","0","0","0","0","0","0","0","0","0","0","0","0","0","2","9","0","0","0","63","0","0","0","0","0","0","0","0","0","0","0","0","0","0","0","0","60"
"0x7ff8935aefb0","      UMOV UR30, UR46","8","0","8","524288","524288","524288","1","1","0","31","0","-","-","-","0","0","0","0","0","0","0","0","0","-","0","0","0","0","0","0","0","0","0","0","0","0","0","0","0","0","0","0","8","0","0","0","0","0","0","0","0","0","0","0","0","0","0","0","0","0","0","0","0","0"
"0x7ff8935aefc0","      UMOV UR37, UR45","10","0","10","524288","524288","524288","1","1","0","31","0","-","-","-","0","0","0","0","0","0","0","0","0","-","0","0","0","0","0","0","0","0","0","0","0","0","0","0","0","0","0","0","10","0","0","0","0","0","0","0","0","0","0","0","0","0","0","0","0","0","0","0","0","0"
"0x7ff8935aefd0","      UMOV UR29, UR45","8","0","8","524288","524288","524288","1","1","0","31","0","-","-","-","0","0","0","0","0","0","0","0","0","-","0","0","0","0","0","0","0","0","0","0","0","0","0","0","0","0","0","0","8","0","0","0","0","0","0","0","0","0","0","0","0","0","0","0","0","0","0","0","0","0"
"0x7ff8935aefe0","      UMOV UR36, UR44","9","0","9","524288","524288","524288","1","1","0","31","0","-","-","-","0","0","0","0","0","0","0","0","0","-","0","0","0","0","0","0","0","0","0","0","0","0","0","0","0","0","0","0","9","0","0","0","0","0","0","0","0","0","0","0","0","0","0","0","0","0","0","0","0","0"
"0x7ff8935aeff0","      UMOV UR28, UR44","14","0","14","524288","524288","524288","1","1","0","31","0","-","-","-","0","0","0","0","0","0","0","0","0","-","0","0","0","0","0","0","0","0","0","0","0","0","0","0","0","0","0","0","14","0","0","0","0","0","0","0","0","0","0","0","0","0","0","0","0","0","0","0","0","0"
"0x7ff8935af000","      UMOV UR35, UR43","21","0","21","524288","524288","524288","1","1","0","31","0","-","-","-","0","0","0","0","0","0","0","0","0","-","0","0","0","0","0","0","0","0","8","0","0","0","0","0","0","0","0","0","13","0","0","0","0","0","0","0","0","0","0","0","0","0","0","0","0","0","0","0","0","0"
"0x7ff8935af010","      UTMALDG.2D.GATHER4 [UR40], [UR72]","23","0","23","524288","524288","524288","1","1","0","31","0","Global,Shared","-","-","0","0","0","0","0","0","0","0","0","-","0","0","0","0","0","0","0","0","6","0","0","0","0","0","0","0","0","0","17","0","0","0","0","0","0","0","0","0","0","0","0","0","0","0","0","0","0","0","0","0"
"0x7ff8935af020","      UMOV UR27, UR43","7","0","7","524288","524288","524288","1","1","0","31","0","-","-","-","0","0","0","0","0","0","0","0","0","-","0","0","0","0","0","0","0","0","0","0","0","0","0","0","0","0","0","0","7","0","0","0","0","0","0","0","0","0","0","0","0","0","0","0","0","0","0","0","0","0"
"0x7ff8935af030","      UMOV UR19, UR43","16","0","16","524288","524288","524288","1","1","0","31","0","-","-","-","0","0","0","0","0","0","0","0","0","-","0","0","0","0","0","0","0","0","0","0","0","0","0","0","0","0","0","0","16","0","0","0","0","0","0","0","0","0","0","0","0","0","0","0","0","0","0","0","0","0"
"0x7ff8935af040","      UMOV UR20, UR44","9","0","9","524288","524288","524288","1","1","0","31","0","-","-","-","0","0","0","0","0","0","0","0","0","-","0","0","0","0","0","0","0","0","0","0","0","0","0","0","0","0","0","0","9","0","0","0","0","0","0","0","0","0","0","0","0","0","0","0","0","0","0","0","0","0"
"0x7ff8935af050","      UMOV UR21, UR45","10","0","10","524288","524288","524288","1","1","0","31","0","-","-","-","0","0","0","0","0","0","0","0","0","-","0","0","0","0","0","0","0","0","0","0","0","0","0","0","0","0","0","0","10","0","0","0","0","0","0","0","0","0","0","0","0","0","0","0","0","0","0","0","0","0"
"0x7ff8935af060","      UMOV UR22, UR46","16","0","16","524288","524288","524288","1","1","0","31","0","-","-","-","0","0","0","0","0","0","0","0","0","-","0","0","0","0","0","0","0","0","0","0","0","0","0","0","0","0","0","0","16","0","0","0","0","0","0","0","0","0","0","0","0","0","0","0","0","0","0","0","0","0"
"0x7ff8935af070","      UMOV UR11, UR43","18","0","18","524288","524288","524288","1","1","0","31","0","-","-","-","0","0","0","0","0","0","0","0","0","-","0","0","0","0","0","0","0","0","0","0","0","0","0","0","0","0","0","0","18","0","0","0","0","0","0","0","0","0","0","0","0","0","0","0","0","0","0","0","0","0"
"0x7ff8935af080","      UMOV UR12, UR44","6","0","6","524288","524288","524288","1","1","0","31","0","-","-","-","0","0","0","0","0","0","0","0","0","-","0","0","0","0","0","0","0","0","0","0","0","0","0","0","0","0","0","0","6","0","0","0","0","0","0","0","0","0","0","0","0","0","0","0","0","0","0","0","0","0"
"0x7ff8935af090","      UTMALDG.2D.GATHER4 [UR32], [UR72]","8","0","8","524288","524288","524288","1","1","0","31","0","Global,Shared","-","-","0","0","0","0","0","0","0","0","0","-","0","0","0","0","0","0","0","0","0","0","0","0","0","0","0","0","0","0","8","0","0","0","0","0","0","0","0","0","0","0","0","0","0","0","0","0","0","0","0","0"
"0x7ff8935af0a0","      UMOV UR13, UR45","9","0","9","524288","524288","524288","1","1","0","31","0","-","-","-","0","0","0","0","0","0","0","0","0","-","0","0","0","0","0","0","0","0","0","0","0","0","0","0","0","0","0","0","9","0","0","0","0","0","0","0","0","0","0","0","0","0","0","0","0","0","0","0","0","0"
"0x7ff8935af0b0","      UMOV UR14, UR46","9","0","9","524288","524288","524288","1","1","0","31","0","-","-","-","0","0","0","0","0","0","0","0","0","-","0","0","0","0","0","0","0","0","0","0","0","0","0","0","0","0","0","0","9","0","0","0","0","0","0","0","0","0","0","0","0","0","0","0","0","0","0","0","0","0"
"0x7ff8935af0c0","      UTMALDG.2D.GATHER4 [UR24], [UR72]","5","1","5","524288","524288","524288","1","1","0","31","0","Global,Shared","-","-","0","0","0","0","0","0","0","0","0","-","0","0","0","0","0","0","0","0","0","0","0","0","0","0","1","0","0","0","4","0","0","0","0","0","0","0","0","0","0","0","0","1","0","0","0","0","0","0","0","0"
"0x7ff8935af0d0","      UTMALDG.2D.GATHER4 [UR16], [UR72]","10","1","10","524288","524288","524288","1","1","0","31","0","Global,Shared","-","-","0","0","0","0","0","0","0","0","0","-","0","0","0","0","0","0","0","0","0","0","0","0","0","0","1","0","0","0","9","0","0","0","0","0","0","0","0","0","0","0","0","1","0","0","0","0","0","0","0","0"
"0x7ff8935af0e0","      UTMALDG.2D.GATHER4 [UR8], [UR74]","152","118","152","524288","524288","524288","1","1","0","31","0","Global,Shared","-","-","0","0","0","0","0","0","0","0","0","-","0","0","0","0","0","0","0","0","0","0","0","0","0","0","142","0","0","2","8","0","0","0","0","0","0","0","0","0","0","0","0","118","0","0","0","0","0","0","0","0"
"0x7ff8935af0f0","      UIADD3 UR40, UPT, UPT, UR5, 0x9c00, URZ","10","0","10","524288","524288","524288","1","1","0","31","0","-","-","-","0","0","0","0","0","0","0","0","0","-","0","0","0","0","0","0","0","0","0","0","0","0","0","0","0","0","0","0","10","0","0","0","0","0","0","0","0","0","0","0","0","0","0","0","0","0","0","0","0","0"
"0x7ff8935af100","      LDS.128 R4, [UR15+0x2f160]","12","0","12","524288","524288","524288","1","1","0","31","0","Shared","Load","128","0","1","0","524288","524288","0","0","0","0","-","0","0","0","0","0","0","0","0","0","0","0","0","0","0","0","0","0","0","12","0","0","0","0","0","0","0","0","0","0","0","0","0","0","0","0","0","0","0","0","0"
"0x7ff8935af110","      UIADD3 UR32, UPT, UPT, UR5, 0xdc00, URZ","60","37","60","524288","524288","524288","1","1","0","31","0","-","-","-","0","0","0","0","0","0","0","0","0","-","0","0","0","0","0","0","0","0","0","0","0","47","0","0","0","0","0","1","12","0","0","0","0","0","0","0","0","0","37","0","0","0","0","0","0","0","0","0","0","0"
"0x7ff8935af120","      UIADD3 UR24, UPT, UPT, UR5, 0x11c00, URZ","164","123","164","524288","524288","524288","1","1","0","31","0","-","-","-","0","0","0","0","0","0","0","0","0","-","0","0","0","0","0","0","0","0","0","0","0","145","0","0","0","0","0","5","6","0","0","0","8","0","0","0","0","0","117","0","0","0","0","0","0","0","0","0","0","6"
"0x7ff8935af130","      UIADD3 UR16, UPT, UPT, UR5, 0x15c00, URZ","184","142","184","524288","524288","524288","1","1","0","31","0","-","-","-","0","0","0","0","0","0","0","0","0","-","0","0","0","0","0","0","0","0","0","0","0","164","0","0","0","0","0","5","10","0","0","0","5","0","0","0","0","0","138","0","0","0","0","0","0","0","0","0","0","4"
"0x7ff8935af140","      UIADD3 UR8, UPT, UPT, UR6, 0x29600, URZ","186","134","186","524288","524288","524288","1","1","0","31","0","-","-","-","0","0","0","0","0","0","0","0","0","-","0","0","0","0","0","0","0","0","0","0","0","158","0","0","0","0","0","5","11","0","0","0","12","0","0","0","0","0","122","0","0","0","0","0","0","0","0","0","0","12"
"0x7ff8935af150","      R2UR UR46, R7","146","136","146","524288","524288","524288","1","1","0","31","0","-","-","-","0","0","0","0","0","0","0","0","0","-","0","0","0","0","0","0","0","0","1","0","0","0","2","0","0","0","0","1","7","135","0","0","0","0","0","1","0","0","0","2","0","0","0","0","0","0","133","0","0","0"
"0x7ff8935af160","      R2UR UR45, R6","25","10","25","524288","524288","524288","1","1","0","31","0","-","-","-","0","0","0","0","0","0","0","0","0","-","0","0","0","0","0","0","0","0","0","0","0","0","0","0","0","0","0","3","11","0","0","0","11","0","0","0","0","0","0","0","0","0","0","0","0","0","0","0","0","10"
"0x7ff8935af170","      R2UR UR44, R5","27","6","27","524288","524288","524288","1","1","0","31","0","-","-","-","0","0","0","0","0","0","0","0","0","-","0","0","0","0","0","0","0","0","2","0","0","0","0","0","0","0","0","4","12","0","0","0","9","0","0","0","0","0","0","0","0","0","0","0","0","0","0","0","0","6"
"0x7ff8935af180","      R2UR UR43, R4","24","9","24","524288","524288","524288","1","1","0","31","0","-","-","-","0","0","0","0","0","0","0","0","0","-","0","0","0","0","0","0","0","0","0","0","0","0","1","0","0","0","0","0","13","0","0","0","10","0","0","0","0","0","0","1","0","0","0","0","0","0","0","0","0","8"
"0x7ff8935af190","      UMOV UR38, UR46","75","43","75","524288","524288","524288","1","1","0","31","0","-","-","-","0","0","0","0","0","0","0","0","0","-","0","0","0","0","0","0","0","0","0","0","0","0","0","0","0","0","0","3","15","0","0","0","57","0","0","0","0","0","0","0","0","0","0","0","0","0","0","0","0","43"
"0x7ff8935af1a0","      UMOV UR30, UR46","7","0","7","524288","524288","524288","1","1","0","31","0","-","-","-","0","0","0","0","0","0","0","0","0","-","0","0","0","0","0","0","0","0","0","0","0","0","0","0","0","0","0","0","7","0","0","0","0","0","0","0","0","0","0","0","0","0","0","0","0","0","0","0","0","0"
"0x7ff8935af1b0","      UMOV UR37, UR45","10","0","10","524288","524288","524288","1","1","0","31","0","-","-","-","0","0","0","0","0","0","0","0","0","-","0","0","0","0","0","0","0","0","0","0","0","0","0","0","0","0","0","0","10","0","0","0","0","0","0","0","0","0","0","0","0","0","0","0","0","0","0","0","0","0"
"0x7ff8935af1c0","      UMOV UR29, UR45","6","0","6","524288","524288","524288","1","1","0","31","0","-","-","-","0","0","0","0","0","0","0","0","0","-","0","0","0","0","0","0","0","0","0","0","0","0","0","0","0","0","0","0","6","0","0","0","0","0","0","0","0","0","0","0","0","0","0","0","0","0","0","0","0","0"
"0x7ff8935af1d0","      UMOV UR36, UR44","8","0","8","524288","524288","524288","1","1","0","31","0","-","-","-","0","0","0","0","0","0","0","0","0","-","0","0","0","0","0","0","0","0","1","0","0","0","0","0","0","0","0","0","7","0","0","0","0","0","0","0","0","0","0","0","0","0","0","0","0","0","0","0","0","0"
"0x7ff8935af1e0","      UMOV UR28, UR44","12","0","12","524288","524288","524288","1","1","0","31","0","-","-","-","0","0","0","0","0","0","0","0","0","-","0","0","0","0","0","0","0","0","1","0","0","0","0","0","0","0","0","0","11","0","0","0","0","0","0","0","0","0","0","0","0","0","0","0","0","0","0","0","0","0"
"0x7ff8935af1f0","      UMOV UR35, UR43","12","0","12","524288","524288","524288","1","1","0","31","0","-","-","-","0","0","0","0","0","0","0","0","0","-","0","0","0","0","0","0","0","0","4","0","0","0","0","0","0","0","0","0","8","0","0","0","0","0","0","0","0","0","0","0","0","0","0","0","0","0","0","0","0","0"
"0x7ff8935af200","      UTMALDG.2D.GATHER4 [UR40], [UR72]","11","0","11","524288","524288","524288","1","1","0","31","0","Global,Shared","-","-","0","0","0","0","0","0","0","0","0","-","0","0","0","0","0","0","0","0","6","0","0","0","0","0","0","0","0","0","5","0","0","0","0","0","0","0","0","0","0","0","0","0","0","0","0","0","0","0","0","0"
"0x7ff8935af210","      UMOV UR27, UR43","5","0","5","524288","524288","524288","1","1","0","31","0","-","-","-","0","0","0","0","0","0","0","0","0","-","0","0","0","0","0","0","0","0","0","0","0","0","0","0","0","0","0","0","5","0","0","0","0","0","0","0","0","0","0","0","0","0","0","0","0","0","0","0","0","0"
"0x7ff8935af220","      UMOV UR19, UR43","15","0","15","524288","524288","524288","1","1","0","31","0","-","-","-","0","0","0","0","0","0","0","0","0","-","0","0","0","0","0","0","0","0","0","0","0","0","0","0","0","0","0","0","15","0","0","0","0","0","0","0","0","0","0","0","0","0","0","0","0","0","0","0","0","0"
"0x7ff8935af230","      UMOV UR20, UR44","15","0","15","524288","524288","524288","1","1","0","31","0","-","-","-","0","0","0","0","0","0","0","0","0","-","0","0","0","0","0","0","0","0","0","0","0","0","0","0","0","0","0","0","15","0","0","0","0","0","0","0","0","0","0","0","0","0","0","0","0","0","0","0","0","0"
"0x7ff8935af240","      UMOV UR21, UR45","12","0","12","524288","524288","524288","1","1","0","31","0","-","-","-","0","0","0","0","0","0","0","0","0","-","0","0","0","0","0","0","0","0","0","0","0","0","0","0","0","0","0","0","12","0","0","0","0","0","0","0","0","0","0","0","0","0","0","0","0","0","0","0","0","0"
"0x7ff8935af250","      UMOV UR22, UR46","11","0","11","524288","524288","524288","1","1","0","31","0","-","-","-","0","0","0","0","0","0","0","0","0","-","0","0","0","0","0","0","0","0","0","0","0","0","0","0","0","0","0","0","11","0","0","0","0","0","0","0","0","0","0","0","0","0","0","0","0","0","0","0","0","0"
"0x7ff8935af260","      UMOV UR11, UR43","4","0","4","524288","524288","524288","1","1","0","31","0","-","-","-","0","0","0","0","0","0","0","0","0","-","0","0","0","0","0","0","0","0","0","0","0","0","0","0","0","0","0","0","4","0","0","0","0","0","0","0","0","0","0","0","0","0","0","0","0","0","0","0","0","0"
"0x7ff8935af270","      UMOV UR12, UR44","13","0","13","524288","524288","524288","1","1","0","31","0","-","-","-","0","0","0","0","0","0","0","0","0","-","0","0","0","0","0","0","0","0","0","0","0","0","0","0","0","0","0","0","13","0","0","0","0","0","0","0","0","0","0","0","0","0","0","0","0","0","0","0","0","0"
"0x7ff8935af280","      UTMALDG.2D.GATHER4 [UR32], [UR72]","20","4","20","524288","524288","524288","1","1","0","31","0","Global,Shared","-","-","0","0","0","0","0","0","0","0","0","-","0","0","0","0","0","0","0","0","0","0","0","0","0","0","0","0","7","0","13","0","0","0","0","0","0","0","0","0","0","0","0","0","0","4","0","0","0","0","0","0"
"0x7ff8935af290","      UMOV UR13, UR45","10","0","10","524288","524288","524288","1","1","0","31","0","-","-","-","0","0","0","0","0","0","0","0","0","-","0","0","0","0","0","0","0","0","0","0","0","0","0","0","0","0","0","0","10","0","0","0","0","0","0","0","0","0","0","0","0","0","0","0","0","0","0","0","0","0"
"0x7ff8935af2a0","      UMOV UR14, UR46","14","0","14","524288","524288","524288","1","1","0","31","0","-","-","-","0","0","0","0","0","0","0","0","0","-","0","0","0","0","0","0","0","0","0","0","0","0","0","0","0","0","0","0","14","0","0","0","0","0","0","0","0","0","0","0","0","0","0","0","0","0","0","0","0","0"
"0x7ff8935af2b0","      UTMALDG.2D.GATHER4 [UR24], [UR72]","8","3","8","524288","524288","524288","1","1","0","31","0","Global,Shared","-","-","0","0","0","0","0","0","0","0","0","-","0","0","0","0","0","0","0","0","0","0","0","0","0","0","3","0","0","0","5","0","0","0","0","0","0","0","0","0","0","0","0","3","0","0","0","0","0","0","0","0"
"0x7ff8935af2c0","      UTMALDG.2D.GATHER4 [UR16], [UR72]","8","1","8","524288","524288","524288","1","1","0","31","0","Global,Shared","-","-","0","0","0","0","0","0","0","0","0","-","0","0","0","0","0","0","0","0","0","0","0","0","0","0","1","0","0","0","7","0","0","0","0","0","0","0","0","0","0","0","0","1","0","0","0","0","0","0","0","0"
"0x7ff8935af2d0","      UTMALDG.2D.GATHER4 [UR8], [UR74]","167","100","167","524288","524288","524288","1","1","0","31","0","Global,Shared","-","-","0","0","0","0","0","0","0","0","0","-","0","0","0","0","0","0","0","0","0","0","0","0","0","0","155","0","0","4","8","0","0","0","0","0","0","0","0","0","0","0","0","100","0","0","0","0","0","0","0","0"
"0x7ff8935af2e0","      UIADD3 UR40, UPT, UPT, UR5, 0x9e00, URZ","10","0","10","524288","524288","524288","1","1","0","31","0","-","-","-","0","0","0","0","0","0","0","0","0","-","0","0","0","0","0","0","0","0","0","0","0","0","0","0","0","0","0","0","10","0","0","0","0","0","0","0","0","0","0","0","0","0","0","0","0","0","0","0","0","0"
"0x7ff8935af2f0","      LDS.128 R4, [UR15+0x2f170]","10","0","10","524288","524288","524288","1","1","0","31","0","Shared","Load","128","0","1","0","524288","524288","0","0","0","0","-","0","0","0","0","0","0","0","0","0","0","0","0","0","0","0","0","0","0","10","0","0","0","0","0","0","0","0","0","0","0","0","0","0","0","0","0","0","0","0","0"
"0x7ff8935af300","      UIADD3 UR32, UPT, UPT, UR5, 0xde00, URZ","71","42","71","524288","524288","524288","1","1","0","31","0","-","-","-","0","0","0","0","0","0","0","0","0","-","0","0","0","0","0","0","0","0","1","0","0","51","0","0","0","0","2","5","12","0","0","0","0","0","0","0","0","0","40","0","0","0","0","2","0","0","0","0","0","0"
"0x7ff8935af310","      UIADD3 UR24, UPT, UPT, UR5, 0x11e00, URZ","178","143","178","524288","524288","524288","1","1","0","31","0","-","-","-","0","0","0","0","0","0","0","0","0","-","0","0","0","0","0","0","0","0","1","0","0","149","0","0","0","0","0","4","14","0","0","0","10","0","0","1","0","0","133","0","0","0","0","0","0","0","0","0","0","9"
"0x7ff8935af320","      UIADD3 UR16, UPT, UPT, UR5, 0x15e00, URZ","149","110","149","524288","524288","524288","1","1","0","31","0","-","-","-","0","0","0","0","0","0","0","0","0","-","0","0","0","0","0","0","0","0","0","0","0","125","0","0","0","0","0","3","12","0","0","0","9","0","0","0","0","0","104","0","0","0","0","0","0","0","0","0","0","6"
"0x7ff8935af330","      UIADD3 UR8, UPT, UPT, UR6, 0x29700, URZ","171","116","171","524288","524288","524288","1","1","0","31","0","-","-","-","0","0","0","0","0","0","0","0","0","-","0","0","0","0","0","0","0","0","0","0","0","153","0","0","0","0","0","5","8","0","0","0","5","0","0","0","0","0","111","0","0","0","0","0","0","0","0","0","0","5"
"0x7ff8935af340","      R2UR UR46, R7","24","12","24","524288","524288","524288","1","1","0","31","0","-","-","-","0","0","0","0","0","0","0","0","0","-","0","0","0","0","0","0","0","0","0","0","0","0","0","0","0","0","0","0","12","12","0","0","0","0","0","0","0","0","0","0","0","0","0","0","0","0","12","0","0","0"
"0x7ff8935af350","      R2UR UR45, R6","21","8","21","524288","524288","524288","1","1","0","31","0","-","-","-","0","0","0","0","0","0","0","0","0","-","0","0","0","0","0","0","0","0","0","0","0","0","0","0","0","0","0","0","10","0","0","0","11","0","0","0","0","0","0","0","0","0","0","0","0","0","0","0","0","8"
"0x7ff8935af360","      R2UR UR44, R5","23","7","23","524288","524288","524288","1","1","0","31","0","-","-","-","0","0","0","0","0","0","0","0","0","-","0","0","0","0","0","0","0","0","0","0","0","0","0","0","0","0","0","4","12","0","0","0","7","0","0","0","0","0","0","0","0","0","0","0","0","0","0","0","0","7"
"0x7ff8935af370","      R2UR UR43, R4","25","10","25","524288","524288","524288","1","1","0","31","0","-","-","-","0","0","0","0","0","0","0","0","0","-","0","0","0","0","0","0","0","0","0","0","0","0","0","0","0","0","0","1","12","0","0","0","12","0","0","0","0","0","0","0","0","0","0","0","0","0","0","0","0","10"
"0x7ff8935af380","      UMOV UR38, UR46","61","42","61","524288","524288","524288","1","1","0","31","0","-","-","-","0","0","0","0","0","0","0","0","0","-","0","0","0","0","0","0","0","0","0","0","0","0","0","0","0","0","0","4","5","0","0","0","52","0","0","0","0","0","0","0","0","0","0","0","0","0","0","0","0","42"
"0x7ff8935af390","      UMOV UR30, UR46","10","0","10","524288","524288","524288","1","1","0","31","0","-","-","-","0","0","0","0","0","0","0","0","0","-","0","0","0","0","0","0","0","0","0","0","0","0","0","0","0","0","0","0","10","0","0","0","0","0","0","0","0","0","0","0","0","0","0","0","0","0","0","0","0","0"
"0x7ff8935af3a0","      UMOV UR37, UR45","10","0","10","524288","524288","524288","1","1","0","31","0","-","-","-","0","0","0","0","0","0","0","0","0","-","0","0","0","0","0","0","0","0","0","0","0","0","0","0","0","0","0","0","10","0","0","0","0","0","0","0","0","0","0","0","0","0","0","0","0","0","0","0","0","0"
"0x7ff8935af3b0","      UMOV UR29, UR45","16","0","16","524288","524288","524288","1","1","0","31","0","-","-","-","0","0","0","0","0","0","0","0","0","-","0","0","0","0","0","0","0","0","0","0","0","0","0","0","0","0","0","0","16","0","0","0","0","0","0","0","0","0","0","0","0","0","0","0","0","0","0","0","0","0"
"0x7ff8935af3c0","      UMOV UR36, UR44","9","0","9","524288","524288","524288","1","1","0","31","0","-","-","-","0","0","0","0","0","0","0","0","0","-","0","0","0","0","0","0","0","0","0","0","0","0","0","0","0","0","0","0","9","0","0","0","0","0","0","0","0","0","0","0","0","0","0","0","0","0","0","0","0","0"
"0x7ff8935af3d0","      UMOV UR28, UR44","11","0","11","524288","524288","524288","1","1","0","31","0","-","-","-","0","0","0","0","0","0","0","0","0","-","0","0","0","0","0","0","0","0","4","0","0","0","0","0","0","0","0","0","7","0","0","0","0","0","0","0","0","0","0","0","0","0","0","0","0","0","0","0","0","0"
"0x7ff8935af3e0","      UMOV UR35, UR43","23","0","23","524288","524288","524288","1","1","0","31","0","-","-","-","0","0","0","0","0","0","0","0","0","-","0","0","0","0","0","0","0","0","9","0","0","0","0","0","0","0","0","0","14","0","0","0","0","0","0","0","0","0","0","0","0","0","0","0","0","0","0","0","0","0"
"0x7ff8935af3f0","      UTMALDG.2D.GATHER4 [UR40], [UR72]","15","0","15","524288","524288","524288","1","1","0","31","0","Global,Shared","-","-","0","0","0","0","0","0","0","0","0","-","0","0","0","0","0","0","0","0","9","0","0","0","0","0","0","0","0","0","6","0","0","0","0","0","0","0","0","0","0","0","0","0","0","0","0","0","0","0","0","0"
"0x7ff8935af400","      UMOV UR27, UR43","11","0","11","524288","524288","524288","1","1","0","31","0","-","-","-","0","0","0","0","0","0","0","0","0","-","0","0","0","0","0","0","0","0","0","0","0","0","0","0","0","0","0","0","11","0","0","0","0","0","0","0","0","0","0","0","0","0","0","0","0","0","0","0","0","0"
"0x7ff8935af410","      UMOV UR19, UR43","8","0","8","524288","524288","524288","1","1","0","31","0","-","-","-","0","0","0","0","0","0","0","0","0","-","0","0","0","0","0","0","0","0","0","0","0","0","0","0","0","0","0","0","8","0","0","0","0","0","0","0","0","0","0","0","0","0","0","0","0","0","0","0","0","0"
"0x7ff8935af420","      UMOV UR20, UR44","8","0","8","524288","524288","524288","1","1","0","31","0","-","-","-","0","0","0","0","0","0","0","0","0","-","0","0","0","0","0","0","0","0","0","0","0","0","0","0","0","0","0","0","8","0","0","0","0","0","0","0","0","0","0","0","0","0","0","0","0","0","0","0","0","0"
"0x7ff8935af430","      UMOV UR21, UR45","11","0","11","524288","524288","524288","1","1","0","31","0","-","-","-","0","0","0","0","0","0","0","0","0","-","0","0","0","0","0","0","0","0","0","0","0","0","0","0","0","0","0","0","11","0","0","0","0","0","0","0","0","0","0","0","0","0","0","0","0","0","0","0","0","0"
"0x7ff8935af440","      UMOV UR22, UR46","8","0","8","524288","524288","524288","1","1","0","31","0","-","-","-","0","0","0","0","0","0","0","0","0","-","0","0","0","0","0","0","0","0","0","0","0","0","0","0","0","0","0","0","8","0","0","0","0","0","0","0","0","0","0","0","0","0","0","0","0","0","0","0","0","0"
"0x7ff8935af450","      UMOV UR11, UR43","16","0","16","524288","524288","524288","1","1","0","31","0","-","-","-","0","0","0","0","0","0","0","0","0","-","0","0","0","0","0","0","0","0","0","0","0","0","0","0","0","0","0","0","16","0","0","0","0","0","0","0","0","0","0","0","0","0","0","0","0","0","0","0","0","0"
"0x7ff8935af460","      UMOV UR12, UR44","10","0","10","524288","524288","524288","1","1","0","31","0","-","-","-","0","0","0","0","0","0","0","0","0","-","0","0","0","0","0","0","0","0","0","0","0","0","0","0","0","0","0","0","10","0","0","0","0","0","0","0","0","0","0","0","0","0","0","0","0","0","0","0","0","0"
"0x7ff8935af470","      UTMALDG.2D.GATHER4 [UR32], [UR72]","15","7","15","524288","524288","524288","1","1","0","31","0","Global,Shared","-","-","0","0","0","0","0","0","0","0","0","-","0","0","0","0","0","0","0","0","0","0","0","0","0","0","7","0","0","0","8","0","0","0","0","0","0","0","0","0","0","0","0","7","0","0","0","0","0","0","0","0"
"0x7ff8935af480","      UMOV UR13, UR45","27","9","27","524288","524288","524288","1","1","0","31","0","-","-","-","0","0","0","0","0","0","0","0","0","-","0","0","0","0","0","0","0","0","0","0","0","0","0","0","0","0","14","0","13","0","0","0","0","0","0","0","0","0","0","0","0","0","0","9","0","0","0","0","0","0"
"0x7ff8935af490","      UMOV UR14, UR46","7","0","7","524288","524288","524288","1","1","0","31","0","-","-","-","0","0","0","0","0","0","0","0","0","-","0","0","0","0","0","0","0","0","0","0","0","0","0","0","0","0","0","0","7","0","0","0","0","0","0","0","0","0","0","0","0","0","0","0","0","0","0","0","0","0"
"0x7ff8935af4a0","      UTMALDG.2D.GATHER4 [UR24], [UR72]","14","6","14","524288","524288","524288","1","1","0","31","0","Global,Shared","-","-","0","0","0","0","0","0","0","0","0","-","0","0","0","0","0","0","0","0","0","0","0","0","0","0","6","0","0","0","8","0","0","0","0","0","0","0","0","0","0","0","0","6","0","0","0","0","0","0","0","0"
"0x7ff8935af4b0","      UTMALDG.2D.GATHER4 [UR16], [UR72]","22","8","22","524288","524288","524288","1","1","0","31","0","Global,Shared","-","-","0","0","0","0","0","0","0","0","0","-","0","0","0","0","0","0","0","0","0","0","0","0","0","0","8","0","0","0","14","0","0","0","0","0","0","0","0","0","0","0","0","8","0","0","0","0","0","0","0","0"
"0x7ff8935af4c0","      UTMALDG.2D.GATHER4 [UR8], [UR74]","170","87","170","524288","524288","524288","1","1","0","31","0","Global,Shared","-","-","0","0","0","0","0","0","0","0","0","-","0","0","0","0","0","0","0","0","0","0","0","0","0","0","158","0","0","6","6","0","0","0","0","0","0","0","0","0","0","0","0","87","0","0","0","0","0","0","0","0"
"0x7ff8935af4d0","      NOP","7","0","7","524288","524288","524288","1","1","0","31","0","-","-","-","0","0","0","0","0","0","0","0","0","-","0","0","0","0","0","0","0","0","0","0","0","0","0","0","0","0","0","0","7","0","0","0","0","0","0","0","0","0","0","0","0","0","0","0","0","0","0","0","0","0"
"0x7ff8935af4e0","      NOP","85","31","85","1048576","16777216","16777216","16","16","15","16","0","-","-","-","0","0","0","0","0","0","0","0","0","-","0","0","0","0","0","0","0","27","0","0","0","0","0","0","0","0","35","6","17","0","0","0","0","0","15","0","0","0","0","0","0","0","0","16","0","0","0","0","0","0"
"0x7ff8935af4f0","      BSYNC.RECONVERGENT B0","601","347","601","1048576","16777216","16777216","16","16","0","16","0","-","-","-","0","0","0","0","0","0","0","0","0","-","0","0","0","0","0","0","0","0","1","0","0","563","0","0","0","0","3","13","21","0","0","0","0","0","0","0","0","0","347","0","0","0","0","0","0","0","0","0","0","0"
"0x7ff8935af500","      VIADD R8, R8, 0x1","284","121","284","524288","16777216","16777216","32","32","16","0","0","-","-","-","0","0","0","0","0","0","0","0","0","-","0","0","0","0","0","0","0","143","2","0","0","0","14","0","0","0","0","15","17","0","0","0","93","0","70","2","0","0","0","10","0","0","0","0","0","0","0","0","0","39"
"0x7ff8935af510","      IADD3 R4, PT, PT, R9, 0x1, RZ","9","0","9","524288","16777216","16777216","32","32","0","0","0","-","-","-","0","0","0","0","0","0","0","0","0","-","0","0","0","0","0","0","0","0","1","0","0","0","0","0","0","0","0","0","8","0","0","0","0","0","0","0","0","0","0","0","0","0","0","0","0","0","0","0","0","0"
"0x7ff8935af520","      VIADD R3, R3, 0x1","10","0","10","524288","16777216","16777216","32","32","0","0","0","-","-","-","0","0","0","0","0","0","0","0","0","-","0","0","0","0","0","0","0","0","1","0","0","0","0","0","0","0","0","0","9","0","0","0","0","0","0","0","0","0","0","0","0","0","0","0","0","0","0","0","0","0"
"0x7ff8935af530","      BAR.SYNC.DEFER_BLOCKING 0x2, 0x80","8","0","8","524288","16777216","16777216","32","32","0","0","0","-","-","-","0","0","0","0","0","0","0","0","0","-","0","0","0","0","0","0","0","0","0","0","0","0","0","0","0","0","0","0","8","0","0","0","0","0","0","0","0","0","0","0","0","0","0","0","0","0","0","0","0","0"
"0x7ff8935af540","      UIADD3 UR31, UPT, UPT, UR31, 0x1, URZ","12","0","12","524288","16777216","16777216","32","32","0","0","0","-","-","-","0","0","0","0","0","0","0","0","0","-","0","0","0","0","0","0","0","0","0","0","0","0","0","0","0","0","0","0","12","0","0","0","0","0","0","0","0","0","0","0","0","0","0","0","0","0","0","0","0","0"
"0x7ff8935af550","      ISETP.NE.U32.AND P2, PT, R8, 0x2, PT","7","0","7","524288","16777216","16777216","32","32","0","0","0","-","-","-","0","0","0","0","0","0","0","0","0","-","0","0","0","0","0","0","0","0","1","0","0","0","0","0","0","0","0","0","6","0","0","0","0","0","0","0","0","0","0","0","0","0","0","0","0","0","0","0","0","0"
"0x7ff8935af560","      VIADD R0, R0, 0x80","10","0","10","524288","16777216","16777216","32","32","0","0","0","-","-","-","0","0","0","0","0","0","0","0","0","-","0","0","0","0","0","0","0","0","0","0","0","0","0","0","0","0","0","0","10","0","0","0","0","0","0","0","0","0","0","0","0","0","0","0","0","0","0","0","0","0"
"0x7ff8935af570","      ISETP.NE.U32.AND P0, PT, R3, RZ, PT","15","0","15","524288","16777216","16777216","32","32","0","0","0","-","-","-","0","0","0","0","0","0","0","0","0","-","0","0","0","0","0","0","0","0","0","0","0","0","0","0","0","0","0","0","15","0","0","0","0","0","0","0","0","0","0","0","0","0","0","0","0","0","0","0","0","0"
"0x7ff8935af580","      IADD3 R2, PT, PT, R2, 0x80, RZ","55","2","55","524288","16777216","16777216","32","32","0","0","0","-","-","-","0","0","0","0","0","0","0","0","0","-","0","0","0","0","0","0","0","0","2","0","0","0","3","0","0","0","0","26","14","0","0","0","10","0","0","1","0","0","0","1","0","0","0","0","0","0","0","0","0","0"
"0x7ff8935af590","      SEL R8, R8, RZ, P2","29","7","29","524288","16777216","16777216","32","32","0","0","0","-","-","-","0","0","0","0","0","0","0","0","0","-","0","0","0","0","0","0","0","0","1","0","0","0","5","0","0","0","0","4","10","0","0","0","9","0","0","0","0","0","0","4","0","0","0","0","0","0","0","0","0","3"
"0x7ff8935af5a0","@P2   IMAD.MOV R4, RZ, RZ, R9","139","50","139","524288","16777216","8388608","32","16","16","16","0","-","-","-","0","0","0","0","0","0","0","0","0","-","0","0","0","0","0","0","0","0","0","0","0","0","24","0","0","0","0","40","8","0","0","0","67","0","0","0","0","0","0","14","0","0","0","0","0","0","0","0","0","36"
"0x7ff8935af5b0","      MOV R9, R4","66","24","66","524288","16777216","16777216","32","32","16","0","0","-","-","-","0","0","0","0","0","0","0","0","0","-","0","0","0","0","0","0","0","0","0","0","0","0","4","0","0","0","0","18","13","0","0","0","31","0","0","0","0","0","0","2","0","0","0","0","0","0","0","0","0","22"
"0x7ff8935af5c0","@P0   BRA 0x7ff8935ae1b0","293","191","293","524288","16777216","15728640","32","30","2","2","0","-","-","-","0","0","0","0","0","0","0","0","0","-","0","0","0","0","0","0","282","0","0","0","0","0","0","0","0","0","0","7","4","0","0","0","0","191","0","0","0","0","0","0","0","0","0","0","0","0","0","0","0","0"
"0x7ff8935af5d0","      LDCU.64 UR6, c[0x0][0x358]","45","22","45","32768","1048576","1048576","32","32","2","0","0","-","-","-","0","0","0","0","0","0","0","0","0","-","0","0","0","0","0","0","0","1","0","0","0","0","0","0","0","0","0","0","7","0","0","0","37","0","0","0","0","0","0","0","0","0","0","0","0","0","0","0","0","22"
"0x7ff8935af5e0","      LDG.E R12, desc[UR6][R12.64]","12","6","12","32768","1048576","1048576","32","32","0","0","0","Global","Load","32","32768","0","0","0","0","0","32768","32768","0","","0","0","0","0","0","0","0","0","0","0","0","0","0","0","0","0","0","1","1","9","0","0","1","0","0","0","0","0","0","0","0","0","0","0","0","0","6","0","0","0"
"0x7ff8935af5f0","      R2UR UR63, R12","29","16","29","32768","1048576","1048576","32","32","0","0","0","-","-","-","0","0","0","0","0","0","0","0","0","-","0","0","0","0","0","0","0","0","0","0","0","28","0","0","0","0","0","0","0","0","0","0","1","0","0","0","0","0","15","0","0","0","0","0","0","0","0","0","0","1"
"0x7ff8935af600","      LDL.LU R0, [R1]","7","3","7","32768","1048576","1048576","32","32","0","0","0","Local","Load","32","0","0","0","0","0","0","0","0","131072","-","0","0","0","0","0","0","0","0","0","0","0","0","0","0","0","0","0","1","1","0","0","0","5","0","0","0","0","0","0","0","0","0","0","0","0","0","0","0","0","3"
"0x7ff8935af610","      USHF.R.S32.HI UR5, URZ, 0x1f, UR63","2","0","2","32768","1048576","1048576","32","32","0","0","0","-","-","-","0","0","0","0","0","0","0","0","0","-","0","0","0","0","0","0","0","0","0","0","0","0","0","0","0","0","0","0","2","0","0","0","0","0","0","0","0","0","0","0","0","0","0","0","0","0","0","0","0","0"
"0x7ff8935af620","      ULEA.HI UR5, UR5, UR63, URZ, 0x7","5","1","5","32768","1048576","1048576","32","32","0","0","0","-","-","-","0","0","0","0","0","0","0","0","0","-","0","0","0","0","0","0","0","0","0","0","0","0","0","0","0","0","0","0","0","0","0","0","5","0","0","0","0","0","0","0","0","0","0","0","0","0","0","0","0","1"
"0x7ff8935af630","      ULOP3.LUT UR6, UR5, 0xffffff80, URZ, 0xc0, !UPT","3","2","3","32768","1048576","1048576","32","32","0","0","0","-","-","-","0","0","0","0","0","0","0","0","0","-","0","0","0","0","0","0","0","0","0","0","0","0","0","0","0","0","0","0","1","0","0","0","2","0","0","0","0","0","0","0","0","0","0","0","0","0","0","0","0","2"
"0x7ff8935af640","      ULEA.HI.SX32 UR5, UR5, UR71, 0x19","1","0","1","32768","1048576","1048576","32","32","0","0","0","-","-","-","0","0","0","0","0","0","0","0","0","-","0","0","0","0","0","0","0","0","0","0","0","0","0","0","0","0","0","0","1","0","0","0","0","0","0","0","0","0","0","0","0","0","0","0","0","0","0","0","0","0"
"0x7ff8935af650","      UISETP.NE.U32.AND UP0, UPT, UR63, UR6, UPT","1","0","1","32768","1048576","1048576","32","32","0","0","0","-","-","-","0","0","0","0","0","0","0","0","0","-","0","0","0","0","0","0","0","0","0","0","0","0","0","0","0","0","0","1","0","0","0","0","0","0","0","0","0","0","0","0","0","0","0","0","0","0","0","0","0","0"
"0x7ff8935af660","      UIADD3 UR71, UPT, UPT, UR5, 0x1, URZ","2","1","2","32768","1048576","1048576","32","32","0","0","0","-","-","-","0","0","0","0","0","0","0","0","0","-","0","0","0","0","0","0","0","0","0","0","0","0","0","0","0","0","0","0","1","0","0","0","1","0","0","0","0","0","0","0","0","0","0","0","0","0","0","0","0","1"
"0x7ff8935af670","      UISETP.GT.AND UP0, UPT, UR63, -0x1, UP0","0","0","0","32768","1048576","1048576","32","32","0","0","0","-","-","-","0","0","0","0","0","0","0","0","0","-","0","0","0","0","0","0","0","0","0","0","0","0","0","0","0","0","0","0","0","0","0","0","0","0","0","0","0","0","0","0","0","0","0","0","0","0","0","0","0","0"
"0x7ff8935af680","@!UP0 UIADD3 UR71, UPT, UPT, UR5, URZ, URZ","11","7","11","32768","1048576","1048576","32","32","0","0","0","-","-","-","0","0","0","0","0","0","0","0","0","-","0","0","0","0","0","0","0","0","0","0","0","0","0","0","0","0","0","1","1","0","0","0","9","0","0","0","0","0","0","0","0","0","0","0","0","0","0","0","0","7"
"0x7ff8935af690","      R2UR UR7, R0","19","13","19","32768","1048576","1048576","32","32","0","0","0","-","-","-","0","0","0","0","0","0","0","0","0","-","0","0","0","0","0","0","0","0","0","0","0","18","1","0","0","0","0","0","0","0","0","0","0","0","0","0","0","0","12","1","0","0","0","0","0","0","0","0","0","0"
"0x7ff8935af6a0","      UIADD3 UR6, UPT, UPT, UR7, 0x94, URZ","8","6","8","32768","1048576","1048576","32","32","0","0","0","-","-","-","0","0","0","0","0","0","0","0","0","-","0","0","0","0","0","0","0","0","0","0","0","0","0","0","0","0","0","0","0","0","0","0","8","0","0","0","0","0","0","0","0","0","0","0","0","0","0","0","0","6"
"0x7ff8935af6b0","      UISETP.GE.U32.AND UP0, UPT, UR7, 0x1f6c, UPT","1","0","1","32768","1048576","1048576","32","32","0","0","0","-","-","-","0","0","0","0","0","0","0","0","0","-","0","0","0","0","0","0","0","0","0","0","0","0","0","0","0","0","0","0","0","0","0","0","1","0","0","0","0","0","0","0","0","0","0","0","0","0","0","0","0","0"
"0x7ff8935af6c0","      MOV R0, UR6","2","1","2","32768","1048576","1048576","32","32","0","0","0","-","-","-","0","0","0","0","0","0","0","0","0","-","0","0","0","0","0","0","0","0","0","0","0","0","0","0","0","0","0","0","0","0","0","0","2","0","0","0","0","0","0","0","0","0","0","0","0","0","0","0","0","1"
"0x7ff8935af6d0","      STL [R1], R0","4","2","4","32768","1048576","1048576","32","32","0","0","0","Local","Store","32","0","0","0","0","0","0","0","0","131072","-","0","0","0","0","0","0","0","0","0","0","0","0","0","0","0","0","0","0","0","0","0","0","4","0","0","0","0","0","0","0","0","0","0","0","0","0","0","0","0","2"
"0x7ff8935af6e0","      BRA.U !UP0, 0x7ff8935adfa0","0","0","0","32768","1048576","1048576","32","32","0","0","0","-","-","-","0","0","0","0","0","0","0","0","0","-","0","0","0","0","0","0","0","0","0","0","0","0","0","0","0","0","0","0","0","0","0","0","0","0","0","0","0","0","0","0","0","0","0","0","0","0","0","0","0","0"
"0x7ff8935af6f0","      EXIT","2","0","2","592","18944","18944","32","32","0","0","0","-","-","-","0","0","0","0","0","0","0","0","0","-","0","0","0","0","0","0","0","0","0","0","0","0","0","0","0","0","0","0","1","0","0","0","1","0","0","0","0","0","0","0","0","0","0","0","0","0","0","0","0","0"
"0x7ff8935af700","      UISETP.NE.U32.AND UP0, UPT, UR55, 0xc, UPT","3","2","3","1776","56832","56832","32","32","0","0","0","-","-","-","0","0","0","0","0","0","0","0","0","-","0","0","0","0","0","0","0","0","0","0","0","0","0","0","0","0","3","0","0","0","0","0","0","0","0","0","0","0","0","0","0","0","0","2","0","0","0","0","0","0"
"0x7ff8935af710","      BRA.U UP0, 0x7ff8935b08e0","0","0","0","1776","56832","56832","32","32","0","0","0","-","-","-","0","0","0","0","0","0","0","0","0","-","0","0","0","0","0","0","0","0","0","0","0","0","0","0","0","0","0","0","0","0","0","0","0","0","0","0","0","0","0","0","0","0","0","0","0","0","0","0","0","0"
"0x7ff8935af720","      LDL R3, [R1]","0","0","0","148","4736","4736","32","32","0","0","0","Local","Load","32","0","0","0","0","0","0","0","0","592","-","0","0","0","0","0","0","0","0","0","0","0","0","0","0","0","0","0","0","0","0","0","0","0","0","0","0","0","0","0","0","0","0","0","0","0","0","0","0","0","0"
"0x7ff8935af730","      UIADD3 UR6, UPT, UPT, UR4, 0x8000, URZ","0","0","0","148","4736","4736","32","32","0","0","0","-","-","-","0","0","0","0","0","0","0","0","0","-","0","0","0","0","0","0","0","0","0","0","0","0","0","0","0","0","0","0","0","0","0","0","0","0","0","0","0","0","0","0","0","0","0","0","0","0","0","0","0","0"
"0x7ff8935af740","      R2UR UR5, R3","0","0","0","148","4736","4736","32","32","0","0","0","-","-","-","0","0","0","0","0","0","0","0","0","-","0","0","0","0","0","0","0","0","0","0","0","0","0","0","0","0","0","0","0","0","0","0","0","0","0","0","0","0","0","0","0","0","0","0","0","0","0","0","0","0"
"0x7ff8935af750","      UISETP.GT.U32.AND UP0, UPT, UR5, 0x1fff, UPT","0","0","0","148","4736","4736","32","32","0","0","0","-","-","-","0","0","0","0","0","0","0","0","0","-","0","0","0","0","0","0","0","0","0","0","0","0","0","0","0","0","0","0","0","0","0","0","0","0","0","0","0","0","0","0","0","0","0","0","0","0","0","0","0","0"
"0x7ff8935af760","      PLOP3.LUT P0, PT, PT, PT, UP0, 0x80, 0x8","0","0","0","148","4736","4736","32","32","0","0","0","-","-","-","0","0","0","0","0","0","0","0","0","-","0","0","0","0","0","0","0","0","0","0","0","0","0","0","0","0","0","0","0","0","0","0","0","0","0","0","0","0","0","0","0","0","0","0","0","0","0","0","0","0"
"0x7ff8935af770","@P0   EXIT","0","0","0","148","4736","0","32","0","32","32","0","-","-","-","0","0","0","0","0","0","0","0","0","-","0","0","0","0","0","0","0","0","0","0","0","0","0","0","0","0","0","0","0","0","0","0","0","0","0","0","0","0","0","0","0","0","0","0","0","0","0","0","0","0"
"0x7ff8935af780","      USHF.R.U32.HI UR58, URZ, 0x4, UR4","0","0","0","148","4736","4736","32","32","32","0","0","-","-","-","0","0","0","0","0","0","0","0","0","-","0","0","0","0","0","0","0","0","0","0","0","0","0","0","0","0","0","0","0","0","0","0","0","0","0","0","0","0","0","0","0","0","0","0","0","0","0","0","0","0"
"0x7ff8935af790","      HFMA2 R5, -RZ, RZ, 0, 0","0","0","0","148","4736","4736","32","32","0","0","0","-","-","-","0","0","0","0","0","0","0","0","0","-","0","0","0","0","0","0","0","0","0","0","0","0","0","0","0","0","0","0","0","0","0","0","0","0","0","0","0","0","0","0","0","0","0","0","0","0","0","0","0","0"
"0x7ff8935af7a0","      UIADD3 UR5, UPT, UPT, UR4, 0x2d000, URZ","0","0","0","148","4736","4736","32","32","0","0","0","-","-","-","0","0","0","0","0","0","0","0","0","-","0","0","0","0","0","0","0","0","0","0","0","0","0","0","0","0","0","0","0","0","0","0","0","0","0","0","0","0","0","0","0","0","0","0","0","0","0","0","0","0"
"0x7ff8935af7b0","      ULOP3.LUT UR58, UR58, 0x3fff, URZ, 0xc0, !UPT","0","0","0","148","4736","4736","32","32","0","0","0","-","-","-","0","0","0","0","0","0","0","0","0","-","0","0","0","0","0","0","0","0","0","0","0","0","0","0","0","0","0","0","0","0","0","0","0","0","0","0","0","0","0","0","0","0","0","0","0","0","0","0","0","0"
"0x7ff8935af7c0","      USHF.R.U32.HI UR60, URZ, 0x4, UR6","0","0","0","148","4736","4736","32","32","0","0","0","-","-","-","0","0","0","0","0","0","0","0","0","-","0","0","0","0","0","0","0","0","0","0","0","0","0","0","0","0","0","0","0","0","0","0","0","0","0","0","0","0","0","0","0","0","0","0","0","0","0","0","0","0"
"0x7ff8935af7d0","      ULOP3.LUT UR58, UR58, 0x10000, URZ, 0xfc, !UPT","0","0","0","148","4736","4736","32","32","0","0","0","-","-","-","0","0","0","0","0","0","0","0","0","-","0","0","0","0","0","0","0","0","0","0","0","0","0","0","0","0","0","0","0","0","0","0","0","0","0","0","0","0","0","0","0","0","0","0","0","0","0","0","0","0"
"0x7ff8935af7e0","      USHF.R.U32.HI UR5, URZ, 0x4, UR5","0","0","0","148","4736","4736","32","32","0","0","0","-","-","-","0","0","0","0","0","0","0","0","0","-","0","0","0","0","0","0","0","0","0","0","0","0","0","0","0","0","0","0","0","0","0","0","0","0","0","0","0","0","0","0","0","0","0","0","0","0","0","0","0","0"
"0x7ff8935af7f0","      UIADD3 UR22, UPT, UPT, UR58, 0x2, URZ","0","0","0","148","4736","4736","32","32","0","0","0","-","-","-","0","0","0","0","0","0","0","0","0","-","0","0","0","0","0","0","0","0","0","0","0","0","0","0","0","0","0","0","0","0","0","0","0","0","0","0","0","0","0","0","0","0","0","0","0","0","0","0","0","0"
"0x7ff8935af800","      UIADD3 UR20, UPT, UPT, UR58, 0x4, URZ","0","0","0","148","4736","4736","32","32","0","0","0","-","-","-","0","0","0","0","0","0","0","0","0","-","0","0","0","0","0","0","0","0","0","0","0","0","0","0","0","0","0","0","0","0","0","0","0","0","0","0","0","0","0","0","0","0","0","0","0","0","0","0","0","0"
"0x7ff8935af810","      UIADD3 UR18, UPT, UPT, UR58, 0x6, URZ","0","0","0","148","4736","4736","32","32","0","0","0","-","-","-","0","0","0","0","0","0","0","0","0","-","0","0","0","0","0","0","0","0","0","0","0","0","0","0","0","0","0","0","0","0","0","0","0","0","0","0","0","0","0","0","0","0","0","0","0","0","0","0","0","0"
"0x7ff8935af820","      UIADD3 UR16, UPT, UPT, UR58, 0x202, URZ","0","0","0","148","4736","4736","32","32","0","0","0","-","-","-","0","0","0","0","0","0","0","0","0","-","0","0","0","0","0","0","0","0","0","0","0","0","0","0","0","0","0","0","0","0","0","0","0","0","0","0","0","0","0","0","0","0","0","0","0","0","0","0","0","0"
"0x7ff8935af830","      MOV R26, UR22","0","0","0","148","4736","4736","32","32","0","0","0","-","-","-","0","0","0","0","0","0","0","0","0","-","0","0","0","0","0","0","0","0","0","0","0","0","0","0","0","0","0","0","0","0","0","0","0","0","0","0","0","0","0","0","0","0","0","0","0","0","0","0","0","0"
"0x7ff8935af840","      UIADD3 UR14, UPT, UPT, UR58, 0x400, URZ","0","0","0","148","4736","4736","32","32","0","0","0","-","-","-","0","0","0","0","0","0","0","0","0","-","0","0","0","0","0","0","0","0","0","0","0","0","0","0","0","0","0","0","0","0","0","0","0","0","0","0","0","0","0","0","0","0","0","0","0","0","0","0","0","0"
"0x7ff8935af850","      MOV R24, UR20","0","0","0","148","4736","4736","32","32","0","0","0","-","-","-","0","0","0","0","0","0","0","0","0","-","0","0","0","0","0","0","0","0","0","0","0","0","0","0","0","0","0","0","0","0","0","0","0","0","0","0","0","0","0","0","0","0","0","0","0","0","0","0","0","0"
"0x7ff8935af860","      UIADD3 UR12, UPT, UPT, UR58, 0x402, URZ","0","0","0","148","4736","4736","32","32","0","0","0","-","-","-","0","0","0","0","0","0","0","0","0","-","0","0","0","0","0","0","0","0","0","0","0","0","0","0","0","0","0","0","0","0","0","0","0","0","0","0","0","0","0","0","0","0","0","0","0","0","0","0","0","0"
"0x7ff8935af870","      MOV R22, UR18","0","0","0","148","4736","4736","32","32","0","0","0","-","-","-","0","0","0","0","0","0","0","0","0","-","0","0","0","0","0","0","0","0","0","0","0","0","0","0","0","0","0","0","0","0","0","0","0","0","0","0","0","0","0","0","0","0","0","0","0","0","0","0","0","0"
"0x7ff8935af880","      UIADD3 UR10, UPT, UPT, UR58, 0x404, URZ","0","0","0","148","4736","4736","32","32","0","0","0","-","-","-","0","0","0","0","0","0","0","0","0","-","0","0","0","0","0","0","0","0","0","0","0","0","0","0","0","0","0","0","0","0","0","0","0","0","0","0","0","0","0","0","0","0","0","0","0","0","0","0","0","0"
"0x7ff8935af890","      MOV R20, UR16","0","0","0","148","4736","4736","32","32","0","0","0","-","-","-","0","0","0","0","0","0","0","0","0","-","0","0","0","0","0","0","0","0","0","0","0","0","0","0","0","0","0","0","0","0","0","0","0","0","0","0","0","0","0","0","0","0","0","0","0","0","0","0","0","0"
"0x7ff8935af8a0","      UIADD3 UR8, UPT, UPT, UR58, 0x406, URZ","0","0","0","148","4736","4736","32","32","0","0","0","-","-","-","0","0","0","0","0","0","0","0","0","-","0","0","0","0","0","0","0","0","0","0","0","0","0","0","0","0","0","0","0","0","0","0","0","0","0","0","0","0","0","0","0","0","0","0","0","0","0","0","0","0"
"0x7ff8935af8b0","      MOV R18, UR14","0","0","0","148","4736","4736","32","32","0","0","0","-","-","-","0","0","0","0","0","0","0","0","0","-","0","0","0","0","0","0","0","0","0","0","0","0","0","0","0","0","0","0","0","0","0","0","0","0","0","0","0","0","0","0","0","0","0","0","0","0","0","0","0","0"
"0x7ff8935af8c0","      ULOP3.LUT UR60, UR60, 0x3fff, URZ, 0xc0, !UPT","0","0","0","148","4736","4736","32","32","0","0","0","-","-","-","0","0","0","0","0","0","0","0","0","-","0","0","0","0","0","0","0","0","0","0","0","0","0","0","0","0","0","0","0","0","0","0","0","0","0","0","0","0","0","0","0","0","0","0","0","0","0","0","0","0"
"0x7ff8935af8d0","      MOV R16, UR12","0","0","0","148","4736","4736","32","32","0","0","0","-","-","-","0","0","0","0","0","0","0","0","0","-","0","0","0","0","0","0","0","0","0","0","0","0","0","0","0","0","0","0","0","0","0","0","0","0","0","0","0","0","0","0","0","0","0","0","0","0","0","0","0","0"
"0x7ff8935af8e0","      ULOP3.LUT UR5, UR5, 0x3fff, URZ, 0xc0, !UPT","0","0","0","148","4736","4736","32","32","0","0","0","-","-","-","0","0","0","0","0","0","0","0","0","-","0","0","0","0","0","0","0","0","0","0","0","0","0","0","0","0","0","0","0","0","0","0","0","0","0","0","0","0","0","0","0","0","0","0","0","0","0","0","0","0"
"0x7ff8935af8f0","      MOV R14, UR10","0","0","0","148","4736","4736","32","32","0","0","0","-","-","-","0","0","0","0","0","0","0","0","0","-","0","0","0","0","0","0","0","0","0","0","0","0","0","0","0","0","0","0","0","0","0","0","0","0","0","0","0","0","0","0","0","0","0","0","0","0","0","0","0","0"
"0x7ff8935af900","      UMOV UR23, 0x40004040","0","0","0","148","4736","4736","32","32","0","0","0","-","-","-","0","0","0","0","0","0","0","0","0","-","0","0","0","0","0","0","0","0","0","0","0","0","0","0","0","0","0","0","0","0","0","0","0","0","0","0","0","0","0","0","0","0","0","0","0","0","0","0","0","0"
"0x7ff8935af910","      UMOV UR21, 0x40004040","0","0","0","148","4736","4736","32","32","0","0","0","-","-","-","0","0","0","0","0","0","0","0","0","-","0","0","0","0","0","0","0","0","0","0","0","0","0","0","0","0","0","0","0","0","0","0","0","0","0","0","0","0","0","0","0","0","0","0","0","0","0","0","0","0"
"0x7ff8935af920","      UMOV UR19, 0x40004040","0","0","0","148","4736","4736","32","32","0","0","0","-","-","-","0","0","0","0","0","0","0","0","0","-","0","0","0","0","0","0","0","0","0","0","0","0","0","0","0","0","0","0","0","0","0","0","0","0","0","0","0","0","0","0","0","0","0","0","0","0","0","0","0","0"
"0x7ff8935af930","      UMOV UR17, 0x40004040","0","0","0","148","4736","4736","32","32","0","0","0","-","-","-","0","0","0","0","0","0","0","0","0","-","0","0","0","0","0","0","0","0","0","0","0","0","0","0","0","0","0","0","0","0","0","0","0","0","0","0","0","0","0","0","0","0","0","0","0","0","0","0","0","0"
"0x7ff8935af940","      UMOV UR15, 0x40004040","0","0","0","148","4736","4736","32","32","0","0","0","-","-","-","0","0","0","0","0","0","0","0","0","-","0","0","0","0","0","0","0","0","0","0","0","0","0","0","0","0","0","0","0","0","0","0","0","0","0","0","0","0","0","0","0","0","0","0","0","0","0","0","0","0"
"0x7ff8935af950","      UMOV UR13, 0x40004040","0","0","0","148","4736","4736","32","32","0","0","0","-","-","-","0","0","0","0","0","0","0","0","0","-","0","0","0","0","0","0","0","0","0","0","0","0","0","0","0","0","0","0","0","0","0","0","0","0","0","0","0","0","0","0","0","0","0","0","0","0","0","0","0","0"
"0x7ff8935af960","      UMOV UR11, 0x40004040","0","0","0","148","4736","4736","32","32","0","0","0","-","-","-","0","0","0","0","0","0","0","0","0","-","0","0","0","0","0","0","0","0","0","0","0","0","0","0","0","0","0","0","0","0","0","0","0","0","0","0","0","0","0","0","0","0","0","0","0","0","0","0","0","0"
"0x7ff8935af970","      UMOV UR9, 0x40004040","0","0","0","148","4736","4736","32","32","0","0","0","-","-","-","0","0","0","0","0","0","0","0","0","-","0","0","0","0","0","0","0","0","0","0","0","0","0","0","0","0","0","0","0","0","0","0","0","0","0","0","0","0","0","0","0","0","0","0","0","0","0","0","0","0"
"0x7ff8935af980","      ULOP3.LUT UR60, UR60, 0x10000, URZ, 0xfc, !UPT","0","0","0","148","4736","4736","32","32","0","0","0","-","-","-","0","0","0","0","0","0","0","0","0","-","0","0","0","0","0","0","0","0","0","0","0","0","0","0","0","0","0","0","0","0","0","0","0","0","0","0","0","0","0","0","0","0","0","0","0","0","0","0","0","0"
"0x7ff8935af990","      IMAD.U32 R27, RZ, RZ, UR23","0","0","0","148","4736","4736","32","32","0","0","0","-","-","-","0","0","0","0","0","0","0","0","0","-","0","0","0","0","0","0","0","0","0","0","0","0","0","0","0","0","0","0","0","0","0","0","0","0","0","0","0","0","0","0","0","0","0","0","0","0","0","0","0","0"
"0x7ff8935af9a0","      ULOP3.LUT UR48, UR5, 0x10000, URZ, 0xfc, !UPT","0","0","0","148","4736","4736","32","32","0","0","0","-","-","-","0","0","0","0","0","0","0","0","0","-","0","0","0","0","0","0","0","0","0","0","0","0","0","0","0","0","0","0","0","0","0","0","0","0","0","0","0","0","0","0","0","0","0","0","0","0","0","0","0","0"
"0x7ff8935af9b0","      IMAD.U32 R25, RZ, RZ, UR21","0","0","0","148","4736","4736","32","32","0","0","0","-","-","-","0","0","0","0","0","0","0","0","0","-","0","0","0","0","0","0","0","0","0","0","0","0","0","0","0","0","0","0","0","0","0","0","0","0","0","0","0","0","0","0","0","0","0","0","0","0","0","0","0","0"
"0x7ff8935af9c0","      MOV R12, UR8","0","0","0","148","4736","4736","32","32","0","0","0","-","-","-","0","0","0","0","0","0","0","0","0","-","0","0","0","0","0","0","0","0","0","0","0","0","0","0","0","0","0","0","0","0","0","0","0","0","0","0","0","0","0","0","0","0","0","0","0","0","0","0","0","0"
"0x7ff8935af9d0","      IMAD.U32 R23, RZ, RZ, UR19","0","0","0","148","4736","4736","32","32","0","0","0","-","-","-","0","0","0","0","0","0","0","0","0","-","0","0","0","0","0","0","0","0","0","0","0","0","0","0","0","0","0","0","0","0","0","0","0","0","0","0","0","0","0","0","0","0","0","0","0","0","0","0","0","0"
"0x7ff8935af9e0","      UMOV UR47, URZ","0","0","0","148","4736","4736","32","32","0","0","0","-","-","-","0","0","0","0","0","0","0","0","0","-","0","0","0","0","0","0","0","0","0","0","0","0","0","0","0","0","0","0","0","0","0","0","0","0","0","0","0","0","0","0","0","0","0","0","0","0","0","0","0","0"
"0x7ff8935af9f0","      IMAD.U32 R21, RZ, RZ, UR17","0","0","0","148","4736","4736","32","32","0","0","0","-","-","-","0","0","0","0","0","0","0","0","0","-","0","0","0","0","0","0","0","0","0","0","0","0","0","0","0","0","0","0","0","0","0","0","0","0","0","0","0","0","0","0","0","0","0","0","0","0","0","0","0","0"
"0x7ff8935afa00","      UMOV UR42, 0x0","0","0","0","148","4736","4736","32","32","0","0","0","-","-","-","0","0","0","0","0","0","0","0","0","-","0","0","0","0","0","0","0","0","0","0","0","0","0","0","0","0","0","0","0","0","0","0","0","0","0","0","0","0","0","0","0","0","0","0","0","0","0","0","0","0"
"0x7ff8935afa10","      IMAD.U32 R19, RZ, RZ, UR15","0","0","0","148","4736","4736","32","32","0","0","0","-","-","-","0","0","0","0","0","0","0","0","0","-","0","0","0","0","0","0","0","0","0","0","0","0","0","0","0","0","0","0","0","0","0","0","0","0","0","0","0","0","0","0","0","0","0","0","0","0","0","0","0","0"
"0x7ff8935afa20","      UMOV UR43, 0x4200010","0","0","0","148","4736","4736","32","32","0","0","0","-","-","-","0","0","0","0","0","0","0","0","0","-","0","0","0","0","0","0","0","0","0","0","0","0","0","0","0","0","0","0","0","0","0","0","0","0","0","0","0","0","0","0","0","0","0","0","0","0","0","0","0","0"
"0x7ff8935afa30","      IMAD.U32 R17, RZ, RZ, UR13","0","0","0","148","4736","4736","32","32","0","0","0","-","-","-","0","0","0","0","0","0","0","0","0","-","0","0","0","0","0","0","0","0","0","0","0","0","0","0","0","0","0","0","0","0","0","0","0","0","0","0","0","0","0","0","0","0","0","0","0","0","0","0","0","0"
"0x7ff8935afa40","      UMOV UR56, 0x0","0","0","0","148","4736","4736","32","32","0","0","0","-","-","-","0","0","0","0","0","0","0","0","0","-","0","0","0","0","0","0","0","0","0","0","0","0","0","0","0","0","0","0","0","0","0","0","0","0","0","0","0","0","0","0","0","0","0","0","0","0","0","0","0","0"
"0x7ff8935afa50","      IMAD.U32 R15, RZ, RZ, UR11","0","0","0","148","4736","4736","32","32","0","0","0","-","-","-","0","0","0","0","0","0","0","0","0","-","0","0","0","0","0","0","0","0","0","0","0","0","0","0","0","0","0","0","0","0","0","0","0","0","0","0","0","0","0","0","0","0","0","0","0","0","0","0","0","0"
"0x7ff8935afa60","      UMOV UR57, 0x4410010","0","0","0","148","4736","4736","32","32","0","0","0","-","-","-","0","0","0","0","0","0","0","0","0","-","0","0","0","0","0","0","0","0","0","0","0","0","0","0","0","0","0","0","0","0","0","0","0","0","0","0","0","0","0","0","0","0","0","0","0","0","0","0","0","0"
"0x7ff8935afa70","      IMAD.U32 R13, RZ, RZ, UR9","0","0","0","148","4736","4736","32","32","0","0","0","-","-","-","0","0","0","0","0","0","0","0","0","-","0","0","0","0","0","0","0","0","0","0","0","0","0","0","0","0","0","0","0","0","0","0","0","0","0","0","0","0","0","0","0","0","0","0","0","0","0","0","0","0"
"0x7ff8935afa80","      UIADD3 UR76, UPT, UPT, UR58, 0x600, URZ","0","0","0","148","4736","4736","32","32","0","0","0","-","-","-","0","0","0","0","0","0","0","0","0","-","0","0","0","0","0","0","0","0","0","0","0","0","0","0","0","0","0","0","0","0","0","0","0","0","0","0","0","0","0","0","0","0","0","0","0","0","0","0","0","0"
"0x7ff8935afa90","      UIADD3 UR74, UPT, UPT, UR58, 0x602, URZ","0","0","0","148","4736","4736","32","32","0","0","0","-","-","-","0","0","0","0","0","0","0","0","0","-","0","0","0","0","0","0","0","0","0","0","0","0","0","0","0","0","0","0","0","0","0","0","0","0","0","0","0","0","0","0","0","0","0","0","0","0","0","0","0","0"
"0x7ff8935afaa0","      UIADD3 UR72, UPT, UPT, UR58, 0x604, URZ","0","0","0","148","4736","4736","32","32","0","0","0","-","-","-","0","0","0","0","0","0","0","0","0","-","0","0","0","0","0","0","0","0","0","0","0","0","0","0","0","0","0","0","0","0","0","0","0","0","0","0","0","0","0","0","0","0","0","0","0","0","0","0","0","0"
"0x7ff8935afab0","      UIADD3 UR70, UPT, UPT, UR58, 0x606, URZ","0","0","0","148","4736","4736","32","32","0","0","0","-","-","-","0","0","0","0","0","0","0","0","0","-","0","0","0","0","0","0","0","0","0","0","0","0","0","0","0","0","0","0","0","0","0","0","0","0","0","0","0","0","0","0","0","0","0","0","0","0","0","0","0","0"
"0x7ff8935afac0","      UIADD3 UR68, UPT, UPT, UR60, 0x2, URZ","0","0","0","148","4736","4736","32","32","0","0","0","-","-","-","0","0","0","0","0","0","0","0","0","-","0","0","0","0","0","0","0","0","0","0","0","0","0","0","0","0","0","0","0","0","0","0","0","0","0","0","0","0","0","0","0","0","0","0","0","0","0","0","0","0"
"0x7ff8935afad0","      UIADD3 UR66, UPT, UPT, UR58, 0x200, URZ","0","0","0","148","4736","4736","32","32","0","0","0","-","-","-","0","0","0","0","0","0","0","0","0","-","0","0","0","0","0","0","0","0","0","0","0","0","0","0","0","0","0","0","0","0","0","0","0","0","0","0","0","0","0","0","0","0","0","0","0","0","0","0","0","0"
"0x7ff8935afae0","      UIADD3 UR64, UPT, UPT, UR58, 0x204, URZ","0","0","0","148","4736","4736","32","32","0","0","0","-","-","-","0","0","0","0","0","0","0","0","0","-","0","0","0","0","0","0","0","0","0","0","0","0","0","0","0","0","0","0","0","0","0","0","0","0","0","0","0","0","0","0","0","0","0","0","0","0","0","0","0","0"
"0x7ff8935afaf0","      UMOV UR59, 0x40004040","0","0","0","148","4736","4736","32","32","0","0","0","-","-","-","0","0","0","0","0","0","0","0","0","-","0","0","0","0","0","0","0","0","0","0","0","0","0","0","0","0","0","0","0","0","0","0","0","0","0","0","0","0","0","0","0","0","0","0","0","0","0","0","0","0"
"0x7ff8935afb00","      UIADD3 UR62, UPT, UPT, UR58, 0x206, URZ","0","0","0","148","4736","4736","32","32","0","0","0","-","-","-","0","0","0","0","0","0","0","0","0","-","0","0","0","0","0","0","0","0","0","0","0","0","0","0","0","0","0","0","0","0","0","0","0","0","0","0","0","0","0","0","0","0","0","0","0","0","0","0","0","0"
"0x7ff8935afb10","      UMOV UR61, 0x80004020","0","0","0","148","4736","4736","32","32","0","0","0","-","-","-","0","0","0","0","0","0","0","0","0","-","0","0","0","0","0","0","0","0","0","0","0","0","0","0","0","0","0","0","0","0","0","0","0","0","0","0","0","0","0","0","0","0","0","0","0","0","0","0","0","0"
"0x7ff8935afb20","      UMOV UR49, 0x80004020","0","0","0","148","4736","4736","32","32","0","0","0","-","-","-","0","0","0","0","0","0","0","0","0","-","0","0","0","0","0","0","0","0","0","0","0","0","0","0","0","0","0","0","0","0","0","0","0","0","0","0","0","0","0","0","0","0","0","0","0","0","0","0","0","0"
"0x7ff8935afb30","      UIADD3 UR54, UPT, UPT, UR48, 0x2, URZ","0","0","0","148","4736","4736","32","32","0","0","0","-","-","-","0","0","0","0","0","0","0","0","0","-","0","0","0","0","0","0","0","0","0","0","0","0","0","0","0","0","0","0","0","0","0","0","0","0","0","0","0","0","0","0","0","0","0","0","0","0","0","0","0","0"
"0x7ff8935afb40","      UIADD3 UR52, UPT, UPT, UR48, 0x102, URZ","0","0","0","148","4736","4736","32","32","0","0","0","-","-","-","0","0","0","0","0","0","0","0","0","-","0","0","0","0","0","0","0","0","0","0","0","0","0","0","0","0","0","0","0","0","0","0","0","0","0","0","0","0","0","0","0","0","0","0","0","0","0","0","0","0"
"0x7ff8935afb50","      UIADD3 UR50, UPT, UPT, UR48, 0x100, URZ","0","0","0","148","4736","4736","32","32","0","0","0","-","-","-","0","0","0","0","0","0","0","0","0","-","0","0","0","0","0","0","0","0","0","0","0","0","0","0","0","0","0","0","0","0","0","0","0","0","0","0","0","0","0","0","0","0","0","0","0","0","0","0","0","0"
"0x7ff8935afb60","      UMOV UR77, 0x40004040","0","0","0","148","4736","4736","32","32","0","0","0","-","-","-","0","0","0","0","0","0","0","0","0","-","0","0","0","0","0","0","0","0","0","0","0","0","0","0","0","0","0","0","0","0","0","0","0","0","0","0","0","0","0","0","0","0","0","0","0","0","0","0","0","0"
"0x7ff8935afb70","      UMOV UR75, 0x40004040","0","0","0","148","4736","4736","32","32","0","0","0","-","-","-","0","0","0","0","0","0","0","0","0","-","0","0","0","0","0","0","0","0","0","0","0","0","0","0","0","0","0","0","0","0","0","0","0","0","0","0","0","0","0","0","0","0","0","0","0","0","0","0","0","0"
"0x7ff8935afb80","      UMOV UR73, 0x40004040","0","0","0","148","4736","4736","32","32","0","0","0","-","-","-","0","0","0","0","0","0","0","0","0","-","0","0","0","0","0","0","0","0","0","0","0","0","0","0","0","0","0","0","0","0","0","0","0","0","0","0","0","0","0","0","0","0","0","0","0","0","0","0","0","0"
"0x7ff8935afb90","      UMOV UR71, 0x40004040","0","0","0","148","4736","4736","32","32","0","0","0","-","-","-","0","0","0","0","0","0","0","0","0","-","0","0","0","0","0","0","0","0","0","0","0","0","0","0","0","0","0","0","0","0","0","0","0","0","0","0","0","0","0","0","0","0","0","0","0","0","0","0","0","0"
"0x7ff8935afba0","      UMOV UR69, 0x80004020","0","0","0","148","4736","4736","32","32","0","0","0","-","-","-","0","0","0","0","0","0","0","0","0","-","0","0","0","0","0","0","0","0","0","0","0","0","0","0","0","0","0","0","0","0","0","0","0","0","0","0","0","0","0","0","0","0","0","0","0","0","0","0","0","0"
"0x7ff8935afbb0","      UMOV UR67, 0x40004040","0","0","0","148","4736","4736","32","32","0","0","0","-","-","-","0","0","0","0","0","0","0","0","0","-","0","0","0","0","0","0","0","0","0","0","0","0","0","0","0","0","0","0","0","0","0","0","0","0","0","0","0","0","0","0","0","0","0","0","0","0","0","0","0","0"
"0x7ff8935afbc0","      UMOV UR65, 0x40004040","0","0","0","148","4736","4736","32","32","0","0","0","-","-","-","0","0","0","0","0","0","0","0","0","-","0","0","0","0","0","0","0","0","0","0","0","0","0","0","0","0","0","0","0","0","0","0","0","0","0","0","0","0","0","0","0","0","0","0","0","0","0","0","0","0"
"0x7ff8935afbd0","      UMOV UR63, 0x40004040","0","0","0","148","4736","4736","32","32","0","0","0","-","-","-","0","0","0","0","0","0","0","0","0","-","0","0","0","0","0","0","0","0","0","0","0","0","0","0","0","0","0","0","0","0","0","0","0","0","0","0","0","0","0","0","0","0","0","0","0","0","0","0","0","0"
"0x7ff8935afbe0","      UMOV UR55, 0x80004020","0","0","0","148","4736","4736","32","32","0","0","0","-","-","-","0","0","0","0","0","0","0","0","0","-","0","0","0","0","0","0","0","0","0","0","0","0","0","0","0","0","0","0","0","0","0","0","0","0","0","0","0","0","0","0","0","0","0","0","0","0","0","0","0","0"
"0x7ff8935afbf0","      UMOV UR53, 0x80004020","0","0","0","148","4736","4736","32","32","0","0","0","-","-","-","0","0","0","0","0","0","0","0","0","-","0","0","0","0","0","0","0","0","0","0","0","0","0","0","0","0","0","0","0","0","0","0","0","0","0","0","0","0","0","0","0","0","0","0","0","0","0","0","0","0"
"0x7ff8935afc00","      UMOV UR51, 0x80004020","0","0","0","148","4736","4736","32","32","0","0","0","-","-","-","0","0","0","0","0","0","0","0","0","-","0","0","0","0","0","0","0","0","0","0","0","0","0","0","0","0","0","0","0","0","0","0","0","0","0","0","0","0","0","0","0","0","0","0","0","0","0","0","0","0"
"0x7ff8935afc10","      SHF.L.U32 R3, R5, 0x1f, RZ","1","1","1","8192","262144","262144","32","32","0","0","0","-","-","-","0","0","0","0","0","0","0","0","0","-","0","0","0","0","0","0","0","1","0","0","0","0","0","0","0","0","0","0","0","0","0","0","0","0","1","0","0","0","0","0","0","0","0","0","0","0","0","0","0","0"
"0x7ff8935afc20","      LDS R0, [UR4+0x2f940]","1","0","1","8192","262144","262144","32","32","0","0","0","Shared","Load","32","0","1","0","8192","8192","0","0","0","0","-","0","0","0","0","0","0","0","0","0","0","0","1","0","0","0","0","0","0","0","0","0","0","0","0","0","0","0","0","0","0","0","0","0","0","0","0","0","0","0","0"
"0x7ff8935afc30","      SYNCS.PHASECHK.TRANS64.TRYWAIT P0, [UR4+0x2f938], R3","0","0","0","8192","262144","262144","32","32","0","0","0","-","-","-","0","0","0","0","0","0","0","0","0","-","0","0","0","0","0","0","0","0","0","0","0","0","0","0","0","0","0","0","0","0","0","0","0","0","0","0","0","0","0","0","0","0","0","0","0","0","0","0","0","0"
"0x7ff8935afc40","@!P0  BRA 0x7ff8935b3390","644","546","644","8192","262144","257440","32","31","1","1","0","-","-","-","0","0","0","0","0","0","0","0","0","-","0","0","0","0","0","0","0","0","0","0","0","644","0","0","0","0","0","0","0","0","0","0","0","0","0","0","0","0","546","0","0","0","0","0","0","0","0","0","0","0"
"0x7ff8935afc50","      LDL R4, [R1]","0","0","0","8192","262144","262144","32","32","1","0","0","Local","Load","32","0","0","0","0","0","0","0","0","32768","-","0","0","0","0","0","0","0","0","0","0","0","0","0","0","0","0","0","0","0","0","0","0","0","0","0","0","0","0","0","0","0","0","0","0","0","0","0","0","0","0"
"0x7ff8935afc60","      LDCU.64 UR6, c[0x0][0x398]","0","0","0","8192","262144","262144","32","32","0","0","0","-","-","-","0","0","0","0","0","0","0","0","0","-","0","0","0","0","0","0","0","0","0","0","0","0","0","0","0","0","0","0","0","0","0","0","0","0","0","0","0","0","0","0","0","0","0","0","0","0","0","0","0","0"
"0x7ff8935afc70","      LDCU.64 UR8, c[0x0][0x358]","0","0","0","8192","262144","262144","32","32","0","0","0","-","-","-","0","0","0","0","0","0","0","0","0","-","0","0","0","0","0","0","0","0","0","0","0","0","0","0","0","0","0","0","0","0","0","0","0","0","0","0","0","0","0","0","0","0","0","0","0","0","0","0","0","0"
"0x7ff8935afc80","      R2UR UR5, R4","2","2","2","8192","262144","262144","32","32","0","0","0","-","-","-","0","0","0","0","0","0","0","0","0","-","0","0","0","0","0","0","0","0","0","0","0","2","0","0","0","0","0","0","0","0","0","0","0","0","0","0","0","0","2","0","0","0","0","0","0","0","0","0","0","0"
"0x7ff8935afc90","      UIMAD.WIDE.U32 UR6, UR5, 0x4, UR6","2","1","2","8192","262144","262144","32","32","0","0","0","-","-","-","0","0","0","0","0","0","0","0","0","-","0","0","0","0","0","0","0","0","0","0","0","0","0","0","0","0","0","0","0","0","0","0","2","0","0","0","0","0","0","0","0","0","0","0","0","0","0","0","0","1"
"0x7ff8935afca0","      IMAD.U32 R10, RZ, RZ, UR6","1","0","1","8192","262144","262144","32","32","0","0","0","-","-","-","0","0","0","0","0","0","0","0","0","-","0","0","0","0","0","0","0","0","0","0","0","0","0","0","0","0","0","0","0","0","0","0","1","0","0","0","0","0","0","0","0","0","0","0","0","0","0","0","0","0"
"0x7ff8935afcb0","      IMAD.U32 R11, RZ, RZ, UR7","0","0","0","8192","262144","262144","32","32","0","0","0","-","-","-","0","0","0","0","0","0","0","0","0","-","0","0","0","0","0","0","0","0","0","0","0","0","0","0","0","0","0","0","0","0","0","0","0","0","0","0","0","0","0","0","0","0","0","0","0","0","0","0","0","0"
"0x7ff8935afcc0","      LDG.E R3, desc[UR8][R10.64]","0","0","0","8192","262144","262144","32","32","0","0","0","Global","Load","32","8192","0","0","0","0","0","8192","8192","0","","0","0","0","0","0","0","0","0","0","0","0","0","0","0","0","0","0","0","0","0","0","0","0","0","0","0","0","0","0","0","0","0","0","0","0","0","0","0","0","0"
"0x7ff8935afcd0","      R2UR UR45, R0","1","0","1","8192","262144","262144","32","32","0","0","0","-","-","-","0","0","0","0","0","0","0","0","0","-","0","0","0","0","0","0","0","0","0","0","0","0","0","0","0","0","0","0","1","0","0","0","0","0","0","0","0","0","0","0","0","0","0","0","0","0","0","0","0","0"
"0x7ff8935afce0","      SHF.R.S32.HI R4, RZ, 0x1f, R3","4","3","4","8192","262144","262144","32","32","0","0","0","-","-","-","0","0","0","0","0","0","0","0","0","-","0","0","0","0","0","0","0","0","0","0","0","3","1","0","0","0","0","0","0","0","0","0","0","0","0","0","0","0","2","1","0","0","0","0","0","0","0","0","0","0"
"0x7ff8935afcf0","      R2UR UR5, R3","1","1","1","8192","262144","262144","32","32","0","0","0","-","-","-","0","0","0","0","0","0","0","0","0","-","0","0","0","0","0","0","0","0","0","0","0","0","0","0","0","0","0","0","0","0","0","0","1","0","0","0","0","0","0","0","0","0","0","0","0","0","0","0","0","1"
"0x7ff8935afd00","      LEA.HI R4, R4, R3, RZ, 0x7","0","0","0","8192","262144","262144","32","32","0","0","0","-","-","-","0","0","0","0","0","0","0","0","0","-","0","0","0","0","0","0","0","0","0","0","0","0","0","0","0","0","0","0","0","0","0","0","0","0","0","0","0","0","0","0","0","0","0","0","0","0","0","0","0","0"
"0x7ff8935afd10","      LOP3.LUT R2, R4, 0xffffff80, RZ, 0xc0, !PT","0","0","0","8192","262144","262144","32","32","0","0","0","-","-","-","0","0","0","0","0","0","0","0","0","-","0","0","0","0","0","0","0","0","0","0","0","0","0","0","0","0","0","0","0","0","0","0","0","0","0","0","0","0","0","0","0","0","0","0","0","0","0","0","0","0"
"0x7ff8935afd20","      ISETP.NE.U32.AND P0, PT, R3, R2, PT","1","0","1","8192","262144","262144","32","32","0","0","0","-","-","-","0","0","0","0","0","0","0","0","0","-","0","0","0","0","0","0","0","0","0","0","0","0","0","0","0","0","0","0","0","0","0","0","1","0","0","0","0","0","0","0","0","0","0","0","0","0","0","0","0","0"
"0x7ff8935afd30","      SHF.R.S32.HI R2, RZ, 0x7, R4","0","0","0","8192","262144","262144","32","32","0","0","0","-","-","-","0","0","0","0","0","0","0","0","0","-","0","0","0","0","0","0","0","0","0","0","0","0","0","0","0","0","0","0","0","0","0","0","0","0","0","0","0","0","0","0","0","0","0","0","0","0","0","0","0","0"
"0x7ff8935afd40","      ISETP.GT.AND P0, PT, R3, -0x1, P0","0","0","0","8192","262144","262144","32","32","0","0","0","-","-","-","0","0","0","0","0","0","0","0","0","-","0","0","0","0","0","0","0","0","0","0","0","0","0","0","0","0","0","0","0","0","0","0","0","0","0","0","0","0","0","0","0","0","0","0","0","0","0","0","0","0"
"0x7ff8935afd50","      LEA.HI.SX32 R4, R4, 0x1, 0x19","1","1","1","8192","262144","262144","32","32","0","0","0","-","-","-","0","0","0","0","0","0","0","0","0","-","0","0","0","0","0","0","0","0","0","0","0","0","0","0","0","0","0","0","0","0","0","0","1","0","0","0","0","0","0","0","0","0","0","0","0","0","0","0","0","1"
"0x7ff8935afd60","@!P0  IMAD.MOV R4, RZ, RZ, R2","0","0","0","8192","262144","262144","32","32","0","0","0","-","-","-","0","0","0","0","0","0","0","0","0","-","0","0","0","0","0","0","0","0","0","0","0","0","0","0","0","0","0","0","0","0","0","0","0","0","0","0","0","0","0","0","0","0","0","0","0","0","0","0","0","0"
"0x7ff8935afd70","      ISETP.GE.AND P0, PT, R4, 0x1, PT","1","1","1","8192","262144","262144","32","32","0","0","0","-","-","-","0","0","0","0","0","0","0","0","0","-","0","0","0","0","0","0","0","0","0","0","0","0","0","0","0","0","0","0","0","0","0","0","1","0","0","0","0","0","0","0","0","0","0","0","0","0","0","0","0","1"
"0x7ff8935afd80","@!P0  BRA 0x7ff8935b07d0","2","1","2","8192","262144","0","32","0","32","32","0","-","-","-","0","0","0","0","0","0","0","0","0","-","0","0","0","0","0","0","0","0","0","0","0","0","0","0","0","0","0","0","0","0","0","0","2","0","0","0","0","0","0","0","0","0","0","0","0","0","0","0","0","1"
"0x7ff8935afd90","      ULEA.HI UR5, UR47, UR47, URZ, 0x1","0","0","0","8192","262144","262144","32","32","32","0","0","-","-","-","0","0","0","0","0","0","0","0","0","-","0","0","0","0","0","0","0","0","0","0","0","0","0","0","0","0","0","0","0","0","0","0","0","0","0","0","0","0","0","0","0","0","0","0","0","0","0","0","0","0"
"0x7ff8935afda0","      UIADD3 UR24, UPT, UPT, UR45, 0x100, URZ","0","0","0","8192","262144","262144","32","32","0","0","0","-","-","-","0","0","0","0","0","0","0","0","0","-","0","0","0","0","0","0","0","0","0","0","0","0","0","0","0","0","0","0","0","0","0","0","0","0","0","0","0","0","0","0","0","0","0","0","0","0","0","0","0","0"
"0x7ff8935afdb0","      ULOP3.LUT UR6, UR5, 0xfffffffe, URZ, 0xc0, !UPT","0","0","0","8192","262144","262144","32","32","0","0","0","-","-","-","0","0","0","0","0","0","0","0","0","-","0","0","0","0","0","0","0","0","0","0","0","0","0","0","0","0","0","0","0","0","0","0","0","0","0","0","0","0","0","0","0","0","0","0","0","0","0","0","0","0"
"0x7ff8935afdc0","      USHF.R.S32.HI UR7, URZ, 0x1, UR5","0","0","0","8192","262144","262144","32","32","0","0","0","-","-","-","0","0","0","0","0","0","0","0","0","-","0","0","0","0","0","0","0","0","0","0","0","0","0","0","0","0","0","0","0","0","0","0","0","0","0","0","0","0","0","0","0","0","0","0","0","0","0","0","0","0"
"0x7ff8935afdd0","      UIADD3 UR5, UPT, UPT, -UR6, UR47, URZ","0","0","0","8192","262144","262144","32","32","0","0","0","-","-","-","0","0","0","0","0","0","0","0","0","-","0","0","0","0","0","0","0","0","0","0","0","0","0","0","0","0","0","0","0","0","0","0","0","0","0","0","0","0","0","0","0","0","0","0","0","0","0","0","0","0"
"0x7ff8935afde0","      UIADD3 UR46, UPT, UPT, UR45, 0x80, URZ","0","0","0","8192","262144","262144","32","32","0","0","0","-","-","-","0","0","0","0","0","0","0","0","0","-","0","0","0","0","0","0","0","0","0","0","0","0","0","0","0","0","0","0","0","0","0","0","0","0","0","0","0","0","0","0","0","0","0","0","0","0","0","0","0","0"
"0x7ff8935afdf0","      MOV R3, UR7","2","0","2","8192","262144","262144","32","32","0","0","0","-","-","-","0","0","0","0","0","0","0","0","0","-","0","0","0","0","0","0","0","0","0","0","0","0","0","0","0","0","0","0","1","0","0","0","1","0","0","0","0","0","0","0","0","0","0","0","0","0","0","0","0","0"
"0x7ff8935afe00","      UMOV UR25, URZ","0","0","0","8192","262144","262144","32","32","0","0","0","-","-","-","0","0","0","0","0","0","0","0","0","-","0","0","0","0","0","0","0","0","0","0","0","0","0","0","0","0","0","0","0","0","0","0","0","0","0","0","0","0","0","0","0","0","0","0","0","0","0","0","0","0"
"0x7ff8935afe10","      MOV R2, UR5","0","0","0","8192","262144","262144","32","32","0","0","0","-","-","-","0","0","0","0","0","0","0","0","0","-","0","0","0","0","0","0","0","0","0","0","0","0","0","0","0","0","0","0","0","0","0","0","0","0","0","0","0","0","0","0","0","0","0","0","0","0","0","0","0","0"
"0x7ff8935afe20","      UIADD3 UR5, UPT, UPT, UR25, UR47, URZ","422","420","422","131072","4194304","4194304","32","32","0","0","0","-","-","-","0","0","0","0","0","0","0","0","0","-","0","0","0","0","0","0","0","4","0","0","0","0","0","0","0","0","28","1","0","388","0","0","1","0","4","0","0","0","0","0","0","0","0","28","0","0","388","0","0","0"
"0x7ff8935afe30","      IMAD.SHL.U32 R0, R3, 0x2, RZ","1","0","1","131072","4194304","4194304","32","32","0","0","0","-","-","-","0","0","0","0","0","0","0","0","0","-","0","0","0","0","0","0","0","0","0","0","0","0","0","0","0","0","0","0","1","0","0","0","0","0","0","0","0","0","0","0","0","0","0","0","0","0","0","0","0","0"
"0x7ff8935afe40","      VIADD R9, R3, 0xffffffff","7","5","7","131072","4194304","4194304","32","32","0","0","0","-","-","-","0","0","0","0","0","0","0","0","0","-","0","0","0","0","0","0","0","0","0","0","0","0","0","0","0","0","0","0","2","0","0","0","5","0","0","0","0","0","0","0","0","0","0","0","0","0","0","0","0","5"
"0x7ff8935afe50","      ULEA.HI UR6, UR5, UR5, URZ, 0x1","2","0","2","131072","4194304","4194304","32","32","0","0","0","-","-","-","0","0","0","0","0","0","0","0","0","-","0","0","0","0","0","0","0","0","0","0","0","0","0","0","0","0","0","0","2","0","0","0","0","0","0","0","0","0","0","0","0","0","0","0","0","0","0","0","0","0"
"0x7ff8935afe60","      ISETP.NE.U32.AND P0, PT, R0, UR5, PT","2","0","2","131072","4194304","4194304","32","32","0","0","0","-","-","-","0","0","0","0","0","0","0","0","0","-","0","0","0","0","0","0","0","0","0","0","0","0","0","0","0","0","0","0","2","0","0","0","0","0","0","0","0","0","0","0","0","0","0","0","0","0","0","0","0","0"
"0x7ff8935afe70","      ULOP3.LUT UR6, UR6, 0xfffffffe, URZ, 0xc0, !UPT","5","4","5","131072","4194304","4194304","32","32","0","0","0","-","-","-","0","0","0","0","0","0","0","0","0","-","0","0","0","0","0","0","0","0","0","0","0","0","0","0","0","0","0","0","1","0","0","0","4","0","0","0","0","0","0","0","0","0","0","0","0","0","0","0","0","4"
"0x7ff8935afe80","      ISETP.GT.AND P0, PT, RZ, UR5, P0","1","0","1","131072","4194304","4194304","32","32","0","0","0","-","-","-","0","0","0","0","0","0","0","0","0","-","0","0","0","0","0","0","0","0","0","0","0","0","0","0","0","0","0","0","1","0","0","0","0","0","0","0","0","0","0","0","0","0","0","0","0","0","0","0","0","0"
"0x7ff8935afe90","      UIADD3 UR7, UPT, UPT, UR5, -UR6, URZ","3","2","3","131072","4194304","4194304","32","32","0","0","0","-","-","-","0","0","0","0","0","0","0","0","0","-","0","0","0","0","0","0","0","0","0","0","0","0","0","0","0","0","0","0","1","0","0","0","2","0","0","0","0","0","0","0","0","0","0","0","0","0","0","0","0","2"
"0x7ff8935afea0","      ULEA UR5, UR7, UR4, 0x3","5","5","5","131072","4194304","4194304","32","32","0","0","0","-","-","-","0","0","0","0","0","0","0","0","0","-","0","0","0","0","0","0","0","0","0","0","0","0","0","0","0","0","0","0","0","0","0","0","5","0","0","0","0","0","0","0","0","0","0","0","0","0","0","0","0","5"
"0x7ff8935afeb0","@!P0  IMAD.MOV R9, RZ, RZ, R3","13","10","13","131072","4194304","4194304","32","32","0","0","0","-","-","-","0","0","0","0","0","0","0","0","0","-","0","0","0","0","0","0","0","0","0","0","0","0","0","0","0","0","0","0","3","0","0","0","10","0","0","0","0","0","0","0","0","0","0","0","0","0","0","0","0","10"
"0x7ff8935afec0","      LEA.HI R0, R9, R9, RZ, 0x1","3","3","3","131072","4194304","4194304","32","32","0","0","0","-","-","-","0","0","0","0","0","0","0","0","0","-","0","0","0","0","0","0","0","0","0","0","0","0","0","0","0","0","0","0","0","0","0","0","3","0","0","0","0","0","0","0","0","0","0","0","0","0","0","0","0","3"
"0x7ff8935afed0","      LOP3.LUT R0, R0, 0xfffffffe, RZ, 0xc0, !PT","8","6","8","131072","4194304","4194304","32","32","0","0","0","-","-","-","0","0","0","0","0","0","0","0","0","-","0","0","0","0","0","0","0","0","0","0","0","0","0","0","0","0","0","0","2","0","0","0","6","0","0","0","0","0","0","0","0","0","0","0","0","0","0","0","0","6"
"0x7ff8935afee0","      IMAD.IADD R0, R9, 0x1, -R0","11","7","11","131072","4194304","4194304","32","32","0","0","0","-","-","-","0","0","0","0","0","0","0","0","0","-","0","0","0","0","0","0","0","0","0","0","0","0","0","0","0","0","0","0","3","0","0","0","8","0","0","0","0","0","0","0","0","0","0","0","0","0","0","0","0","7"
"0x7ff8935afef0","      SHF.L.U32 R7, R0, 0x1f, RZ","9","8","9","131072","4194304","4194304","32","32","0","0","0","-","-","-","0","0","0","0","0","0","0","0","0","-","0","0","0","0","0","0","0","0","0","0","0","0","0","0","0","0","0","0","1","0","0","0","8","0","0","0","0","0","0","0","0","0","0","0","0","0","0","0","0","8"
"0x7ff8935aff00","      SYNCS.PHASECHK.TRANS64.TRYWAIT P0, [UR5+0x2f948], R7","5","4","5","131072","4194304","4194304","32","32","0","0","0","-","-","-","0","0","0","0","0","0","0","0","0","-","0","0","0","0","0","0","0","0","0","0","0","0","0","0","0","0","0","0","1","0","0","0","4","0","0","0","0","0","0","0","0","0","0","0","0","0","0","0","0","4"
"0x7ff8935aff10","@!P0  BRA 0x7ff8935b33f0","79","73","79","131072","4194304","9472","32","0","32","32","0","-","-","-","0","0","0","0","0","0","0","0","0","-","0","0","0","0","0","0","0","0","0","0","0","74","0","0","0","0","0","0","1","0","0","0","4","0","0","0","0","0","69","0","0","0","0","0","0","0","0","0","0","4"
"0x7ff8935aff20","      ULEA UR6, UR7, UR4, 0x10","8","8","8","131072","4194304","4194304","32","32","32","0","0","-","-","-","0","0","0","0","0","0","0","0","0","-","0","0","0","0","0","0","0","0","0","0","0","0","0","0","0","0","0","0","0","0","0","0","8","0","0","0","0","0","0","0","0","0","0","0","0","0","0","0","0","8"
"0x7ff8935aff30","      NOP","2","0","2","131072","4194304","4194304","32","32","0","0","0","-","-","-","0","0","0","0","0","0","0","0","0","-","0","0","0","0","0","0","0","0","0","0","0","0","0","0","0","0","0","0","2","0","0","0","0","0","0","0","0","0","0","0","0","0","0","0","0","0","0","0","0","0"
"0x7ff8935aff40","      ULEA UR5, UR7, UR4, 0xd","1","0","1","131072","4194304","4194304","32","32","0","0","0","-","-","-","0","0","0","0","0","0","0","0","0","-","0","0","0","0","0","0","0","0","0","0","0","0","0","0","0","0","0","0","1","0","0","0","0","0","0","0","0","0","0","0","0","0","0","0","0","0","0","0","0","0"
"0x7ff8935aff50","      MEMBAR.ALL.CTA","2","0","2","131072","4194304","4194304","32","32","0","0","0","-","-","-","0","0","0","0","0","0","0","0","0","-","0","0","0","0","0","0","0","0","0","0","0","0","0","0","0","0","0","0","2","0","0","0","0","0","0","0","0","0","0","0","0","0","0","0","0","0","0","0","0","0"
"0x7ff8935aff60","      FENCE.VIEW.ASYNC.S","18","15","18","131072","4194304","4194304","32","32","0","0","0","-","-","-","0","0","0","0","0","0","0","0","0","-","0","0","0","0","0","0","0","0","0","0","0","6","0","0","0","0","0","0","3","0","0","0","9","0","0","0","0","0","6","0","0","0","0","0","0","0","0","0","0","9"
"0x7ff8935aff70","      UIADD3 UR44, UPT, UPT, UR6, 0x9000, URZ","1","0","1","131072","4194304","4194304","32","32","0","0","0","-","-","-","0","0","0","0","0","0","0","0","0","-","0","0","0","0","0","0","0","0","0","0","0","0","0","0","0","0","0","0","1","0","0","0","0","0","0","0","0","0","0","0","0","0","0","0","0","0","0","0","0","0"
"0x7ff8935aff80","      IMAD.U32 R0, RZ, RZ, UR7","1","0","1","131072","4194304","4194304","32","32","0","0","0","-","-","-","0","0","0","0","0","0","0","0","0","-","0","0","0","0","0","0","0","0","0","0","0","0","0","0","0","0","0","0","1","0","0","0","0","0","0","0","0","0","0","0","0","0","0","0","0","0","0","0","0","0"
"0x7ff8935aff90","      UIADD3 UR5, UPT, UPT, UR5, 0x29000, URZ","2","0","2","131072","4194304","4194304","32","32","0","0","0","-","-","-","0","0","0","0","0","0","0","0","0","-","0","0","0","0","0","0","0","0","0","0","0","0","0","0","0","0","0","0","2","0","0","0","0","0","0","0","0","0","0","0","0","0","0","0","0","0","0","0","0","0"
"0x7ff8935affa0","      MOV.SPILL R7, UR47","1","0","1","131072","4194304","4194304","32","32","0","0","0","-","-","-","0","0","0","0","0","0","0","0","0","-","0","0","0","0","0","0","0","0","0","0","0","0","0","0","0","0","0","0","1","0","0","0","0","0","0","0","0","0","0","0","0","0","0","0","0","0","0","0","0","0"
"0x7ff8935affb0","      USHF.R.U32.HI UR6, URZ, 0x4, UR44","3","0","3","131072","4194304","4194304","32","32","0","0","0","-","-","-","0","0","0","0","0","0","0","0","0","-","0","0","0","0","0","0","0","0","0","0","0","0","0","0","0","0","0","0","3","0","0","0","0","0","0","0","0","0","0","0","0","0","0","0","0","0","0","0","0","0"
"0x7ff8935affc0","      R2UR UR47, R25","0","0","0","131072","4194304","4194304","32","32","0","0","0","-","-","-","0","0","0","0","0","0","0","0","0","-","0","0","0","0","0","0","0","0","0","0","0","0","0","0","0","0","0","0","0","0","0","0","0","0","0","0","0","0","0","0","0","0","0","0","0","0","0","0","0","0"
"0x7ff8935affd0","      USHF.R.U32.HI UR5, URZ, 0x4, UR5","0","0","0","131072","4194304","4194304","32","32","0","0","0","-","-","-","0","0","0","0","0","0","0","0","0","-","0","0","0","0","0","0","0","0","0","0","0","0","0","0","0","0","0","0","0","0","0","0","0","0","0","0","0","0","0","0","0","0","0","0","0","0","0","0","0","0"
"0x7ff8935affe0","      MOV.SPILL R9, UR49","3","0","3","131072","4194304","4194304","32","32","0","0","0","-","-","-","0","0","0","0","0","0","0","0","0","-","0","0","0","0","0","0","0","0","0","0","0","0","0","0","0","0","0","0","3","0","0","0","0","0","0","0","0","0","0","0","0","0","0","0","0","0","0","0","0","0"
"0x7ff8935afff0","      UMOV UR7, 0x40004040","2","0","2","131072","4194304","4194304","32","32","0","0","0","-","-","-","0","0","0","0","0","0","0","0","0","-","0","0","0","0","0","0","0","0","0","0","0","0","0","0","0","0","0","0","2","0","0","0","0","0","0","0","0","0","0","0","0","0","0","0","0","0","0","0","0","0"
"0x7ff8935b0000","      R2UR UR49, R27","6","0","6","131072","4194304","4194304","32","32","0","0","0","-","-","-","0","0","0","0","0","0","0","0","0","-","0","0","0","0","0","0","0","0","0","0","0","0","0","0","0","0","0","0","6","0","0","0","0","0","0","0","0","0","0","0","0","0","0","0","0","0","0","0","0","0"
"0x7ff8935b0010","      UMOV UR17, 0x40004040","3","0","3","131072","4194304","4194304","32","32","0","0","0","-","-","-","0","0","0","0","0","0","0","0","0","-","0","0","0","0","0","0","0","0","0","0","0","0","0","0","0","0","0","0","3","0","0","0","0","0","0","0","0","0","0","0","0","0","0","0","0","0","0","0","0","0"
"0x7ff8935b0020","      UMOV UR13, 0x40004040","2","0","2","131072","4194304","4194304","32","32","0","0","0","-","-","-","0","0","0","0","0","0","0","0","0","-","0","0","0","0","0","0","0","0","0","0","0","0","0","0","0","0","0","0","2","0","0","0","0","0","0","0","0","0","0","0","0","0","0","0","0","0","0","0","0","0"
"0x7ff8935b0030","      UMOV UR11, 0x40004040","6","0","6","131072","4194304","4194304","32","32","0","0","0","-","-","-","0","0","0","0","0","0","0","0","0","-","0","0","0","0","0","0","0","0","0","0","0","0","0","0","0","0","0","0","6","0","0","0","0","0","0","0","0","0","0","0","0","0","0","0","0","0","0","0","0","0"
"0x7ff8935b0040","      UMOV UR37, 0x40004040","4","0","4","131072","4194304","4194304","32","32","0","0","0","-","-","-","0","0","0","0","0","0","0","0","0","-","0","0","0","0","0","0","0","0","1","0","0","0","0","0","0","0","0","0","3","0","0","0","0","0","0","0","0","0","0","0","0","0","0","0","0","0","0","0","0","0"
"0x7ff8935b0050","      UMOV UR41, 0x40004040","0","0","0","131072","4194304","4194304","32","32","0","0","0","-","-","-","0","0","0","0","0","0","0","0","0","-","0","0","0","0","0","0","0","0","0","0","0","0","0","0","0","0","0","0","0","0","0","0","0","0","0","0","0","0","0","0","0","0","0","0","0","0","0","0","0","0"
"0x7ff8935b0060","      UMOV UR39, 0x40004040","6","0","6","131072","4194304","4194304","32","32","0","0","0","-","-","-","0","0","0","0","0","0","0","0","0","-","0","0","0","0","0","0","0","0","0","0","0","0","0","0","0","0","0","0","6","0","0","0","0","0","0","0","0","0","0","0","0","0","0","0","0","0","0","0","0","0"
"0x7ff8935b0070","      UMOV UR35, 0x40004040","3","0","3","131072","4194304","4194304","32","32","0","0","0","-","-","-","0","0","0","0","0","0","0","0","0","-","0","0","0","0","0","0","0","0","2","0","0","0","0","0","0","0","0","0","1","0","0","0","0","0","0","0","0","0","0","0","0","0","0","0","0","0","0","0","0","0"
"0x7ff8935b0080","      UMOV UR33, 0x40004040","2","0","2","131072","4194304","4194304","32","32","0","0","0","-","-","-","0","0","0","0","0","0","0","0","0","-","0","0","0","0","0","0","0","0","0","0","0","0","0","0","0","0","0","0","2","0","0","0","0","0","0","0","0","0","0","0","0","0","0","0","0","0","0","0","0","0"
"0x7ff8935b0090","      UMOV UR31, 0x40004040","5","0","5","131072","4194304","4194304","32","32","0","0","0","-","-","-","0","0","0","0","0","0","0","0","0","-","0","0","0","0","0","0","0","0","3","0","0","0","0","0","0","0","0","0","2","0","0","0","0","0","0","0","0","0","0","0","0","0","0","0","0","0","0","0","0","0"
"0x7ff8935b00a0","      UMOV UR29, 0x40004040","2","0","2","131072","4194304","4194304","32","32","0","0","0","-","-","-","0","0","0","0","0","0","0","0","0","-","0","0","0","0","0","0","0","0","0","0","0","0","0","0","0","0","0","0","2","0","0","0","0","0","0","0","0","0","0","0","0","0","0","0","0","0","0","0","0","0"
"0x7ff8935b00b0","      UMOV UR27, 0x40004040","2","0","2","131072","4194304","4194304","32","32","0","0","0","-","-","-","0","0","0","0","0","0","0","0","0","-","0","0","0","0","0","0","0","0","0","0","0","0","0","0","0","0","0","0","2","0","0","0","0","0","0","0","0","0","0","0","0","0","0","0","0","0","0","0","0","0"
"0x7ff8935b00c0","      UMOV UR23, 0x40004040","2","0","2","131072","4194304","4194304","32","32","0","0","0","-","-","-","0","0","0","0","0","0","0","0","0","-","0","0","0","0","0","0","0","0","0","0","0","0","0","0","0","0","0","0","2","0","0","0","0","0","0","0","0","0","0","0","0","0","0","0","0","0","0","0","0","0"
"0x7ff8935b00d0","      UMOV UR19, 0x40004040","4","0","4","131072","4194304","4194304","32","32","0","0","0","-","-","-","0","0","0","0","0","0","0","0","0","-","0","0","0","0","0","0","0","0","2","0","0","0","0","0","0","0","0","0","2","0","0","0","0","0","0","0","0","0","0","0","0","0","0","0","0","0","0","0","0","0"
"0x7ff8935b00e0","      UMOV UR15, 0x40004040","1","0","1","131072","4194304","4194304","32","32","0","0","0","-","-","-","0","0","0","0","0","0","0","0","0","-","0","0","0","0","0","0","0","0","0","0","0","0","0","0","0","0","0","0","1","0","0","0","0","0","0","0","0","0","0","0","0","0","0","0","0","0","0","0","0","0"
"0x7ff8935b00f0","      UMOV UR9, 0x40004040","1","0","1","131072","4194304","4194304","32","32","0","0","0","-","-","-","0","0","0","0","0","0","0","0","0","-","0","0","0","0","0","0","0","0","0","0","0","0","0","0","0","0","0","0","1","0","0","0","0","0","0","0","0","0","0","0","0","0","0","0","0","0","0","0","0","0"
"0x7ff8935b0100","      MOV.SPILL R8, UR48","4","0","4","131072","4194304","4194304","32","32","0","0","0","-","-","-","0","0","0","0","0","0","0","0","0","-","0","0","0","0","0","0","0","0","0","0","0","0","0","0","0","0","0","0","4","0","0","0","0","0","0","0","0","0","0","0","0","0","0","0","0","0","0","0","0","0"
"0x7ff8935b0110","      UMOV UR21, 0x80004020","5","0","5","131072","4194304","4194304","32","32","0","0","0","-","-","-","0","0","0","0","0","0","0","0","0","-","0","0","0","0","0","0","0","0","0","0","0","0","0","0","0","0","0","0","5","0","0","0","0","0","0","0","0","0","0","0","0","0","0","0","0","0","0","0","0","0"
"0x7ff8935b0120","      R2UR UR48, R26","1","0","1","131072","4194304","4194304","32","32","0","0","0","-","-","-","0","0","0","0","0","0","0","0","0","-","0","0","0","0","0","0","0","0","0","0","0","0","0","0","0","0","0","0","1","0","0","0","0","0","0","0","0","0","0","0","0","0","0","0","0","0","0","0","0","0"
"0x7ff8935b0130","      UMOV UR20, 0x3fff","3","0","3","131072","4194304","4194304","32","32","0","0","0","-","-","-","0","0","0","0","0","0","0","0","0","-","0","0","0","0","0","0","0","0","0","0","0","0","0","0","0","0","0","0","3","0","0","0","0","0","0","0","0","0","0","0","0","0","0","0","0","0","0","0","0","0"
"0x7ff8935b0140","      MOV.SPILL R6, UR46","1","0","1","131072","4194304","4194304","32","32","0","0","0","-","-","-","0","0","0","0","0","0","0","0","0","-","0","0","0","0","0","0","0","0","0","0","0","0","0","0","0","0","0","0","1","0","0","0","0","0","0","0","0","0","0","0","0","0","0","0","0","0","0","0","0","0"
"0x7ff8935b0150","      ULOP3.LUT UR6, UR6, 0x10000, UR20, 0xec, !UPT","1","0","1","131072","4194304","4194304","32","32","0","0","0","-","-","-","0","0","0","0","0","0","0","0","0","-","0","0","0","0","0","0","0","0","0","0","0","0","0","0","0","0","0","0","1","0","0","0","0","0","0","0","0","0","0","0","0","0","0","0","0","0","0","0","0","0"
"0x7ff8935b0160","      R2UR UR46, R24","1","0","1","131072","4194304","4194304","32","32","0","0","0","-","-","-","0","0","0","0","0","0","0","0","0","-","0","0","0","0","0","0","0","0","0","0","0","0","0","0","0","0","0","0","1","0","0","0","0","0","0","0","0","0","0","0","0","0","0","0","0","0","0","0","0","0"
"0x7ff8935b0170","      ULOP3.LUT UR20, UR5, 0x10000, UR20, 0xec, !UPT","2","0","2","131072","4194304","4194304","32","32","0","0","0","-","-","-","0","0","0","0","0","0","0","0","0","-","0","0","0","0","0","0","0","0","0","0","0","0","0","0","0","0","0","0","2","0","0","0","0","0","0","0","0","0","0","0","0","0","0","0","0","0","0","0","0","0"
"0x7ff8935b0180","      UIADD3 UR16, UPT, UPT, UR6, 0x2, URZ","6","3","6","131072","4194304","4194304","32","32","0","0","0","-","-","-","0","0","0","0","0","0","0","0","0","-","0","0","0","0","0","0","0","0","0","0","0","0","0","0","0","0","0","0","2","0","0","0","4","0","0","0","0","0","0","0","0","0","0","0","0","0","0","0","0","3"
"0x7ff8935b0190","      UIADD3 UR12, UPT, UPT, UR6, 0x4, URZ","1","0","1","131072","4194304","4194304","32","32","0","0","0","-","-","-","0","0","0","0","0","0","0","0","0","-","0","0","0","0","0","0","0","0","0","0","0","0","0","0","0","0","0","0","1","0","0","0","0","0","0","0","0","0","0","0","0","0","0","0","0","0","0","0","0","0"
"0x7ff8935b01a0","      UIADD3 UR10, UPT, UPT, UR6, 0x6, URZ","5","3","5","131072","4194304","4194304","32","32","0","0","0","-","-","-","0","0","0","0","0","0","0","0","0","-","0","0","0","0","0","0","0","0","0","0","0","0","0","0","0","0","0","0","2","0","0","0","3","0","0","0","0","0","0","0","0","0","0","0","0","0","0","0","0","3"
"0x7ff8935b01b0","      UTCQMMA.WS gdesc[UR58], gdesc[UR6], tmem[UR24], tmem[UR42], idesc[UR43], !UPT","3","1","3","131072","4194304","4194304","32","32","0","0","0","TmemShared","Load,Store","-","0","0","0","0","0","0","0","0","0","-","0","0","0","0","0","0","0","0","0","0","0","1","0","0","0","0","0","0","2","0","0","0","0","0","0","0","0","0","1","0","0","0","0","0","0","0","0","0","0","0"
"0x7ff8935b01c0","      UIADD3 UR36, UPT, UPT, UR6, 0x400, URZ","4","0","4","131072","4194304","4194304","32","32","0","0","0","-","-","-","0","0","0","0","0","0","0","0","0","-","0","0","0","0","0","0","0","0","0","0","0","0","0","0","0","0","0","0","4","0","0","0","0","0","0","0","0","0","0","0","0","0","0","0","0","0","0","0","0","0"
"0x7ff8935b01d0","      UIADD3 UR40, UPT, UPT, UR6, 0x402, URZ","3","1","3","131072","4194304","4194304","32","32","0","0","0","-","-","-","0","0","0","0","0","0","0","0","0","-","0","0","0","0","0","0","0","0","0","0","0","0","0","0","0","0","0","0","2","0","0","0","1","0","0","0","0","0","0","0","0","0","0","0","0","0","0","0","0","1"
"0x7ff8935b01e0","      UTCQMMA.WS gdesc[UR48], gdesc[UR16], tmem[UR24], tmem[UR42], idesc[UR43], UPT","1","0","1","131072","4194304","4194304","32","32","0","0","0","TmemShared","Load,Store","-","0","0","0","0","0","0","0","0","0","-","0","0","0","0","0","0","0","0","0","0","0","0","0","0","0","0","0","0","1","0","0","0","0","0","0","0","0","0","0","0","0","0","0","0","0","0","0","0","0","0"
"0x7ff8935b01f0","      UIADD3 UR38, UPT, UPT, UR6, 0x404, URZ","4","0","4","131072","4194304","4194304","32","32","0","0","0","-","-","-","0","0","0","0","0","0","0","0","0","-","0","0","0","0","0","0","0","0","0","0","0","0","0","0","0","0","0","0","4","0","0","0","0","0","0","0","0","0","0","0","0","0","0","0","0","0","0","0","0","0"
"0x7ff8935b0200","      UTCQMMA.WS gdesc[UR46], gdesc[UR12], tmem[UR24], tmem[UR42], idesc[UR43], UPT","0","0","0","131072","4194304","4194304","32","32","0","0","0","TmemShared","Load,Store","-","0","0","0","0","0","0","0","0","0","-","0","0","0","0","0","0","0","0","0","0","0","0","0","0","0","0","0","0","0","0","0","0","0","0","0","0","0","0","0","0","0","0","0","0","0","0","0","0","0","0"
"0x7ff8935b0210","      UIADD3 UR34, UPT, UPT, UR6, 0x406, URZ","1","0","1","131072","4194304","4194304","32","32","0","0","0","-","-","-","0","0","0","0","0","0","0","0","0","-","0","0","0","0","0","0","0","0","0","0","0","0","0","0","0","0","0","0","1","0","0","0","0","0","0","0","0","0","0","0","0","0","0","0","0","0","0","0","0","0"
"0x7ff8935b0220","      UIADD3 UR32, UPT, UPT, UR6, 0x800, URZ","5","0","5","131072","4194304","4194304","32","32","0","0","0","-","-","-","0","0","0","0","0","0","0","0","0","-","0","0","0","0","0","0","0","0","0","0","0","0","0","0","0","0","0","1","4","0","0","0","0","0","0","0","0","0","0","0","0","0","0","0","0","0","0","0","0","0"
"0x7ff8935b0230","      UIADD3 UR30, UPT, UPT, UR6, 0x802, URZ","1","1","1","131072","4194304","4194304","32","32","0","0","0","-","-","-","0","0","0","0","0","0","0","0","0","-","0","0","0","0","0","0","0","0","0","0","0","0","0","0","0","0","0","0","0","0","0","0","1","0","0","0","0","0","0","0","0","0","0","0","0","0","0","0","0","1"
"0x7ff8935b0240","      UIADD3 UR28, UPT, UPT, UR6, 0x804, URZ","2","1","2","131072","4194304","4194304","32","32","0","0","0","-","-","-","0","0","0","0","0","0","0","0","0","-","0","0","0","0","0","0","0","0","0","0","0","0","0","0","0","0","0","0","1","0","0","0","1","0","0","0","0","0","0","0","0","0","0","0","0","0","0","0","0","1"
"0x7ff8935b0250","      UIADD3 UR26, UPT, UPT, UR6, 0x806, URZ","2","1","2","131072","4194304","4194304","32","32","0","0","0","-","-","-","0","0","0","0","0","0","0","0","0","-","0","0","0","0","0","0","0","0","0","0","0","0","0","0","0","0","0","1","0","0","0","0","1","0","0","0","0","0","0","0","0","0","0","0","0","0","0","0","0","1"
"0x7ff8935b0260","      UIADD3 UR22, UPT, UPT, UR6, 0xc00, URZ","5","3","5","131072","4194304","4194304","32","32","0","0","0","-","-","-","0","0","0","0","0","0","0","0","0","-","0","0","0","0","0","0","0","0","0","0","0","0","0","0","0","0","0","0","2","0","0","0","3","0","0","0","0","0","0","0","0","0","0","0","0","0","0","0","0","3"
"0x7ff8935b0270","      UIADD3 UR18, UPT, UPT, UR6, 0xc02, URZ","2","0","2","131072","4194304","4194304","32","32","0","0","0","-","-","-","0","0","0","0","0","0","0","0","0","-","0","0","0","0","0","0","0","0","0","0","0","0","0","0","0","0","0","1","1","0","0","0","0","0","0","0","0","0","0","0","0","0","0","0","0","0","0","0","0","0"
"0x7ff8935b0280","      UIADD3 UR14, UPT, UPT, UR6, 0xc04, URZ","3","2","3","131072","4194304","4194304","32","32","0","0","0","-","-","-","0","0","0","0","0","0","0","0","0","-","0","0","0","0","0","0","0","0","0","0","0","0","0","0","0","0","0","0","1","0","0","0","2","0","0","0","0","0","0","0","0","0","0","0","0","0","0","0","0","2"
"0x7ff8935b0290","      UIADD3 UR8, UPT, UPT, UR6, 0xc06, URZ","6","4","6","131072","4194304","4194304","32","32","0","0","0","-","-","-","0","0","0","0","0","0","0","0","0","-","0","0","0","0","0","0","0","0","0","0","0","0","0","0","0","0","0","0","2","0","0","0","4","0","0","0","0","0","0","0","0","0","0","0","0","0","0","0","0","4"
"0x7ff8935b02a0","      UIADD3 UR6, UPT, UPT, UR20, 0x2, URZ","3","0","3","131072","4194304","4194304","32","32","0","0","0","-","-","-","0","0","0","0","0","0","0","0","0","-","0","0","0","0","0","0","0","0","0","0","0","0","0","0","0","0","0","0","3","0","0","0","0","0","0","0","0","0","0","0","0","0","0","0","0","0","0","0","0","0"
"0x7ff8935b02b0","      UIADD3 UR5, UPT, UPT, UR4, 0x2f920, URZ","4","2","4","131072","4194304","4194304","32","32","0","0","0","-","-","-","0","0","0","0","0","0","0","0","0","-","0","0","0","0","0","0","0","0","0","0","0","0","0","0","0","0","0","0","2","0","0","0","2","0","0","0","0","0","0","0","0","0","0","0","0","0","0","0","0","2"
"0x7ff8935b02c0","      R2UR UR16, R22","0","0","0","131072","4194304","4194304","32","32","0","0","0","-","-","-","0","0","0","0","0","0","0","0","0","-","0","0","0","0","0","0","0","0","0","0","0","0","0","0","0","0","0","0","0","0","0","0","0","0","0","0","0","0","0","0","0","0","0","0","0","0","0","0","0","0"
"0x7ff8935b02d0","      UMOV UR7, 0x80004020","1","0","1","131072","4194304","4194304","32","32","0","0","0","-","-","-","0","0","0","0","0","0","0","0","0","-","0","0","0","0","0","0","0","0","0","0","0","0","0","0","0","0","0","0","1","0","0","0","0","0","0","0","0","0","0","0","0","0","0","0","0","0","0","0","0","0"
"0x7ff8935b02e0","      R2UR.FILL UR47, R7","9","8","9","131072","4194304","4194304","32","32","0","0","0","-","-","-","0","0","0","0","0","0","0","0","0","-","0","0","0","0","0","0","0","0","1","0","0","0","0","0","0","0","0","0","1","7","0","0","0","0","0","1","0","0","0","0","0","0","0","0","0","0","7","0","0","0"
"0x7ff8935b02f0","      SHF.L.U32 R7, R0, 0x1f, RZ","4","1","4","131072","4194304","4194304","32","32","0","0","0","-","-","-","0","0","0","0","0","0","0","0","0","-","0","0","0","0","0","0","0","0","0","0","0","0","0","0","0","0","0","0","3","0","0","0","1","0","0","0","0","0","0","0","0","0","0","0","0","0","0","0","0","1"
"0x7ff8935b0300","      R2UR UR17, R23","4","2","4","131072","4194304","4194304","32","32","0","0","0","-","-","-","0","0","0","0","0","0","0","0","0","-","0","0","0","0","0","0","0","0","0","0","0","0","0","0","0","0","0","0","2","0","0","0","2","0","0","0","0","0","0","0","0","0","0","0","0","0","0","0","0","2"
"0x7ff8935b0310","      R2UR UR12, R14","3","2","3","131072","4194304","4194304","32","32","0","0","0","-","-","-","0","0","0","0","0","0","0","0","0","-","0","0","0","0","0","0","0","0","0","0","0","0","0","0","0","0","0","0","1","0","0","0","2","0","0","0","0","0","0","0","0","0","0","0","0","0","0","0","0","2"
"0x7ff8935b0320","      R2UR UR13, R15","4","1","4","131072","4194304","4194304","32","32","0","0","0","-","-","-","0","0","0","0","0","0","0","0","0","-","0","0","0","0","0","0","0","0","0","0","0","0","0","0","0","0","0","0","3","0","0","0","1","0","0","0","0","0","0","0","0","0","0","0","0","0","0","0","0","1"
"0x7ff8935b0330","      R2UR.FILL UR49, R9","4","3","4","131072","4194304","4194304","32","32","0","0","0","-","-","-","0","0","0","0","0","0","0","0","0","-","0","0","0","0","0","0","0","0","0","0","0","0","0","0","0","0","0","0","1","0","0","0","3","0","0","0","0","0","0","0","0","0","0","0","0","0","0","0","0","3"
"0x7ff8935b0340","      R2UR.FILL UR48, R8","7","1","7","131072","4194304","4194304","32","32","0","0","0","-","-","-","0","0","0","0","0","0","0","0","0","-","0","0","0","0","0","0","0","0","0","0","0","0","0","0","0","0","0","0","6","0","0","0","1","0","0","0","0","0","0","0","0","0","0","0","0","0","0","0","0","1"
"0x7ff8935b0350","      R2UR.FILL UR46, R6","2","1","2","131072","4194304","4194304","32","32","0","0","0","-","-","-","0","0","0","0","0","0","0","0","0","-","0","0","0","0","0","0","0","0","0","0","0","0","0","0","0","0","0","0","1","0","0","0","1","0","0","0","0","0","0","0","0","0","0","0","0","0","0","0","0","1"
"0x7ff8935b0360","      UTCQMMA.WS gdesc[UR16], gdesc[UR10], tmem[UR24], tmem[UR42], idesc[UR43], UPT","5","3","5","131072","4194304","4194304","32","32","0","0","0","TmemShared","Load,Store","-","0","0","0","0","0","0","0","0","0","-","0","0","0","0","0","0","0","0","0","0","0","0","0","0","0","0","0","0","2","0","0","0","3","0","0","0","0","0","0","0","0","0","0","0","0","0","0","0","0","3"
"0x7ff8935b0370","      UTCQMMA.WS gdesc[UR66], gdesc[UR36], tmem[UR24], tmem[UR42], idesc[UR43], UPT","4","0","4","131072","4194304","4194304","32","32","0","0","0","TmemShared","Load,Store","-","0","0","0","0","0","0","0","0","0","-","0","0","0","0","0","0","0","0","0","0","0","0","0","0","0","0","0","0","4","0","0","0","0","0","0","0","0","0","0","0","0","0","0","0","0","0","0","0","0","0"
"0x7ff8935b0380","      R2UR UR10, R20","92","91","92","131072","4194304","4194304","32","32","0","0","0","-","-","-","0","0","0","0","0","0","0","0","0","-","0","0","0","0","0","0","0","0","0","0","0","0","0","0","0","0","0","0","1","91","0","0","0","0","0","0","0","0","0","0","0","0","0","0","0","0","91","0","0","0"
"0x7ff8935b0390","      R2UR UR11, R21","4","2","4","131072","4194304","4194304","32","32","0","0","0","-","-","-","0","0","0","0","0","0","0","0","0","-","0","0","0","0","0","0","0","0","0","0","0","0","0","0","0","0","0","0","2","0","0","0","2","0","0","0","0","0","0","0","0","0","0","0","0","0","0","0","0","2"
"0x7ff8935b03a0","      R2UR UR36, R18","136","93","136","131072","4194304","4194304","32","32","0","0","0","-","-","-","0","0","0","0","0","0","0","0","0","-","0","0","0","0","0","0","0","0","0","0","0","0","11","0","0","0","0","5","1","119","0","0","0","0","0","0","0","0","0","2","0","0","0","0","0","0","91","0","0","0"
"0x7ff8935b03b0","      R2UR UR37, R19","4","2","4","131072","4194304","4194304","32","32","0","0","0","-","-","-","0","0","0","0","0","0","0","0","0","-","0","0","0","0","0","0","0","0","0","0","0","0","0","0","0","0","0","0","2","0","0","0","2","0","0","0","0","0","0","0","0","0","0","0","0","0","0","0","0","2"
"0x7ff8935b03c0","      R2UR UR16, R16","3","1","3","131072","4194304","4194304","32","32","0","0","0","-","-","-","0","0","0","0","0","0","0","0","0","-","0","0","0","0","0","0","0","0","0","0","0","0","0","0","0","0","0","0","2","0","0","0","1","0","0","0","0","0","0","0","0","0","0","0","0","0","0","0","0","1"
"0x7ff8935b03d0","      R2UR UR17, R17","9","1","9","131072","4194304","4194304","32","32","0","0","0","-","-","-","0","0","0","0","0","0","0","0","0","-","0","0","0","0","0","0","0","0","0","0","0","0","1","0","0","0","0","0","7","0","0","0","1","0","0","0","0","0","0","0","0","0","0","0","0","0","0","0","0","1"
"0x7ff8935b03e0","      UTCQMMA.WS gdesc[UR10], gdesc[UR40], tmem[UR24], tmem[UR42], idesc[UR43], UPT","14","3","14","131072","4194304","4194304","32","32","0","0","0","TmemShared","Load,Store","-","0","0","0","0","0","0","0","0","0","-","0","0","0","0","0","0","0","0","0","0","0","0","0","0","0","0","0","4","3","0","0","0","7","0","0","0","0","0","0","0","0","0","0","0","0","0","0","0","0","3"
"0x7ff8935b03f0","      UTCQMMA.WS gdesc[UR64], gdesc[UR38], tmem[UR24], tmem[UR42], idesc[UR43], UPT","2","0","2","131072","4194304","4194304","32","32","0","0","0","TmemShared","Load,Store","-","0","0","0","0","0","0","0","0","0","-","0","0","0","0","0","0","0","0","0","0","0","0","0","0","0","0","0","0","2","0","0","0","0","0","0","0","0","0","0","0","0","0","0","0","0","0","0","0","0","0"
"0x7ff8935b0400","      UTCQMMA.WS gdesc[UR62], gdesc[UR34], tmem[UR24], tmem[UR42], idesc[UR43], UPT","1","0","1","131072","4194304","4194304","32","32","0","0","0","TmemShared","Load,Store","-","0","0","0","0","0","0","0","0","0","-","0","0","0","0","0","0","0","0","0","0","0","0","0","0","0","0","0","0","1","0","0","0","0","0","0","0","0","0","0","0","0","0","0","0","0","0","0","0","0","0"
"0x7ff8935b0410","      UTCQMMA.WS gdesc[UR36], gdesc[UR32], tmem[UR24], tmem[UR42], idesc[UR43], UPT","31","20","31","131072","4194304","4194304","32","32","0","0","0","TmemShared","Load,Store","-","0","0","0","0","0","0","0","0","0","-","0","0","0","0","0","0","0","0","0","0","0","0","0","0","27","0","0","0","3","0","0","0","1","0","0","0","0","0","0","0","0","19","0","0","0","0","0","0","0","1"
"0x7ff8935b0420","      UTCQMMA.WS gdesc[UR16], gdesc[UR30], tmem[UR24], tmem[UR42], idesc[UR43], UPT","99","42","99","131072","4194304","4194304","32","32","0","0","0","TmemShared","Load,Store","-","0","0","0","0","0","0","0","0","0","-","0","0","0","0","0","0","0","0","0","0","0","0","0","0","88","0","0","3","2","0","0","0","6","0","0","0","0","0","0","0","0","36","0","0","0","0","0","0","0","6"
"0x7ff8935b0430","      UTCQMMA.WS gdesc[UR12], gdesc[UR28], tmem[UR24], tmem[UR42], idesc[UR43], UPT","110","56","110","131072","4194304","4194304","32","32","0","0","0","TmemShared","Load,Store","-","0","0","0","0","0","0","0","0","0","-","0","0","0","0","0","0","0","0","0","0","0","0","0","0","107","0","0","0","3","0","0","0","0","0","0","0","0","0","0","0","0","56","0","0","0","0","0","0","0","0"
"0x7ff8935b0440","      R2UR UR10, R12","2","0","2","131072","4194304","4194304","32","32","0","0","0","-","-","-","0","0","0","0","0","0","0","0","0","-","0","0","0","0","0","0","0","0","0","0","0","0","0","0","0","0","0","0","2","0","0","0","0","0","0","0","0","0","0","0","0","0","0","0","0","0","0","0","0","0"
"0x7ff8935b0450","      R2UR UR11, R13","7","2","7","131072","4194304","4194304","32","32","0","0","0","-","-","-","0","0","0","0","0","0","0","0","0","-","0","0","0","0","0","0","0","0","0","0","0","0","0","0","0","0","0","1","4","0","0","0","2","0","0","0","0","0","0","0","0","0","0","0","0","0","0","0","0","2"
"0x7ff8935b0460","@!UPT UIADD3 URZ, UPT, UPT, URZ, URZ, URZ","22","18","22","131072","4194304","0","32","0","32","32","0","-","-","-","0","0","0","0","0","0","0","0","0","-","0","0","0","0","0","0","0","0","0","0","0","0","0","0","0","0","0","2","1","0","0","0","19","0","0","0","0","0","0","0","0","0","0","0","0","0","0","0","0","18"
"0x7ff8935b0470","      UTCQMMA.WS gdesc[UR10], gdesc[UR26], tmem[UR24], tmem[UR42], idesc[UR43], UPT","67","38","67","131072","4194304","4194304","32","32","32","0","0","TmemShared","Load,Store","-","0","0","0","0","0","0","0","0","0","-","0","0","0","0","0","0","0","0","3","0","0","0","0","0","61","0","0","0","0","0","0","0","3","0","0","0","0","0","0","0","0","37","0","0","0","0","0","0","0","1"
"0x7ff8935b0480","      UTCQMMA.WS gdesc[UR76], gdesc[UR22], tmem[UR24], tmem[UR42], idesc[UR43], UPT","110","32","110","131072","4194304","4194304","32","32","0","0","0","TmemShared","Load,Store","-","0","0","0","0","0","0","0","0","0","-","0","0","0","0","0","0","0","0","1","0","0","0","0","0","97","0","0","8","4","0","0","0","0","0","0","0","0","0","0","0","0","32","0","0","0","0","0","0","0","0"
"0x7ff8935b0490","      UTCQMMA.WS gdesc[UR74], gdesc[UR18], tmem[UR24], tmem[UR42], idesc[UR43], UPT","73","39","73","131072","4194304","4194304","32","32","0","0","0","TmemShared","Load,Store","-","0","0","0","0","0","0","0","0","0","-","0","0","0","0","0","0","0","0","0","0","0","0","0","0","68","0","0","3","2","0","0","0","0","0","0","0","0","0","0","0","0","39","0","0","0","0","0","0","0","0"
"0x7ff8935b04a0","      UTCQMMA.WS gdesc[UR72], gdesc[UR14], tmem[UR24], tmem[UR42], idesc[UR43], UPT","100","92","100","131072","4194304","4194304","32","32","0","0","0","TmemShared","Load,Store","-","0","0","0","0","0","0","0","0","0","-","0","0","0","0","0","0","0","0","0","0","0","0","0","0","96","0","0","0","4","0","0","0","0","0","0","0","0","0","0","0","0","92","0","0","0","0","0","0","0","0"
"0x7ff8935b04b0","      UTCQMMA.WS gdesc[UR70], gdesc[UR8], tmem[UR24], tmem[UR42], idesc[UR43], UPT","102","64","102","131072","4194304","4194304","32","32","0","0","0","TmemShared","Load,Store","-","0","0","0","0","0","0","0","0","0","-","0","0","0","0","0","0","0","0","3","0","0","0","0","0","86","0","0","11","2","0","0","0","0","0","0","0","0","0","0","0","0","64","0","0","0","0","0","0","0","0"
"0x7ff8935b04c0","      UTCQMMA.WS gdesc[UR60], gdesc[UR20], tmem[UR24], tmem[UR42], idesc[UR43], UPT","88","81","88","131072","4194304","4194304","32","32","0","0","0","TmemShared","Load,Store","-","0","0","0","0","0","0","0","0","0","-","0","0","0","0","0","0","0","0","0","0","0","0","0","0","84","0","0","0","4","0","0","0","0","0","0","0","0","0","0","0","0","81","0","0","0","0","0","0","0","0"
"0x7ff8935b04d0","      UTCQMMA.WS gdesc[UR68], gdesc[UR6], tmem[UR24], tmem[UR42], idesc[UR43], UPT","98","84","98","131072","4194304","4194304","32","32","0","0","0","TmemShared","Load,Store","-","0","0","0","0","0","0","0","0","0","-","0","0","0","0","0","0","0","0","0","0","0","0","0","0","93","0","0","3","2","0","0","0","0","0","0","0","0","0","0","0","0","84","0","0","0","0","0","0","0","0"
"0x7ff8935b04e0","      UTCBAR [UR5], URZ","95","46","95","131072","4194304","4194304","32","32","0","0","0","-","-","-","0","0","0","0","0","0","0","0","0","-","0","0","0","0","0","0","0","0","0","0","0","0","0","0","90","0","0","2","3","0","0","0","0","0","0","0","0","0","0","0","0","46","0","0","0","0","0","0","0","0"
"0x7ff8935b04f0","      SYNCS.PHASECHK.TRANS64.TRYWAIT P0, [UR4+0x2f930], R7","2","0","2","131072","4194304","4194304","32","32","0","0","0","-","-","-","0","0","0","0","0","0","0","0","0","-","0","0","0","0","0","0","0","0","0","0","0","0","0","0","0","0","0","0","2","0","0","0","0","0","0","0","0","0","0","0","0","0","0","0","0","0","0","0","0","0"
"0x7ff8935b0500","@!P0  BRA 0x7ff8935b3450","2967","1500","2967","131072","4194304","4194304","32","32","0","0","0","-","-","-","0","0","0","0","0","0","0","0","0","-","0","0","0","0","0","0","0","0","0","0","0","2965","0","0","0","0","0","0","1","0","0","0","1","0","0","0","0","0","1500","0","0","0","0","0","0","0","0","0","0","0"
"0x7ff8935b0510","      USHF.R.U32.HI UR6, URZ, 0x4, UR44","11","9","11","131072","4194304","4194304","32","32","0","0","0","-","-","-","0","0","0","0","0","0","0","0","0","-","0","0","0","0","0","0","0","0","0","0","0","0","0","0","0","0","0","0","2","0","0","0","9","0","0","0","0","0","0","0","0","0","0","0","0","0","0","0","0","9"
"0x7ff8935b0520","      NOP","3","0","3","131072","4194304","4194304","32","32","0","0","0","-","-","-","0","0","0","0","0","0","0","0","0","-","0","0","0","0","0","0","0","0","0","0","0","0","0","0","0","0","0","0","3","0","0","0","0","0","0","0","0","0","0","0","0","0","0","0","0","0","0","0","0","0"
"0x7ff8935b0530","      UISETP.NE.U32.AND UP0, UPT, UR25, URZ, UPT","0","0","0","131072","4194304","4194304","32","32","0","0","0","-","-","-","0","0","0","0","0","0","0","0","0","-","0","0","0","0","0","0","0","0","0","0","0","0","0","0","0","0","0","0","0","0","0","0","0","0","0","0","0","0","0","0","0","0","0","0","0","0","0","0","0","0"
"0x7ff8935b0540","      MEMBAR.ALL.CTA","1","0","1","131072","4194304","4194304","32","32","0","0","0","-","-","-","0","0","0","0","0","0","0","0","0","-","0","0","0","0","0","0","0","0","0","0","0","0","0","0","0","0","0","0","1","0","0","0","0","0","0","0","0","0","0","0","0","0","0","0","0","0","0","0","0","0"
"0x7ff8935b0550","      FENCE.VIEW.ASYNC.S","12","11","12","131072","4194304","4194304","32","32","0","0","0","-","-","-","0","0","0","0","0","0","0","0","0","-","0","0","0","0","0","0","0","0","0","0","0","4","0","0","0","0","0","0","1","0","0","0","7","0","0","0","0","0","4","0","0","0","0","0","0","0","0","0","0","7"
"0x7ff8935b0560","      UIADD3 UR5, UPT, UPT, UR4, 0x2f928, URZ","1","0","1","131072","4194304","4194304","32","32","0","0","0","-","-","-","0","0","0","0","0","0","0","0","0","-","0","0","0","0","0","0","0","0","0","0","0","0","0","0","0","0","0","0","1","0","0","0","0","0","0","0","0","0","0","0","0","0","0","0","0","0","0","0","0","0"
"0x7ff8935b0570","      VIADD R2, R2, 0x1","3","0","3","131072","4194304","4194304","32","32","0","0","0","-","-","-","0","0","0","0","0","0","0","0","0","-","0","0","0","0","0","0","0","0","0","0","0","0","0","0","0","0","0","0","3","0","0","0","0","0","0","0","0","0","0","0","0","0","0","0","0","0","0","0","0","0"
"0x7ff8935b0580","      UIADD3 UR25, UPT, UPT, UR25, 0x1, URZ","1","0","1","131072","4194304","4194304","32","32","0","0","0","-","-","-","0","0","0","0","0","0","0","0","0","-","0","0","0","0","0","0","0","0","0","0","0","0","0","0","0","0","0","0","1","0","0","0","0","0","0","0","0","0","0","0","0","0","0","0","0","0","0","0","0","0"
"0x7ff8935b0590","      VIADD R0, R3, 0x1","1","0","1","131072","4194304","4194304","32","32","0","0","0","-","-","-","0","0","0","0","0","0","0","0","0","-","0","0","0","0","0","0","0","0","0","0","0","0","0","0","0","0","0","0","1","0","0","0","0","0","0","0","0","0","0","0","0","0","0","0","0","0","0","0","0","0"
"0x7ff8935b05a0","      UMOV UR21, 0x40004040","2","0","2","131072","4194304","4194304","32","32","0","0","0","-","-","-","0","0","0","0","0","0","0","0","0","-","0","0","0","0","0","0","0","0","0","0","0","0","0","0","0","0","0","0","2","0","0","0","0","0","0","0","0","0","0","0","0","0","0","0","0","0","0","0","0","0"
"0x7ff8935b05b0","      UMOV UR19, 0x40004040","4","0","4","131072","4194304","4194304","32","32","0","0","0","-","-","-","0","0","0","0","0","0","0","0","0","-","0","0","0","0","0","0","0","0","0","0","0","0","0","0","0","0","0","0","4","0","0","0","0","0","0","0","0","0","0","0","0","0","0","0","0","0","0","0","0","0"
"0x7ff8935b05c0","      UMOV UR17, 0x40004040","3","0","3","131072","4194304","4194304","32","32","0","0","0","-","-","-","0","0","0","0","0","0","0","0","0","-","0","0","0","0","0","0","0","0","0","0","0","0","0","0","0","0","0","0","3","0","0","0","0","0","0","0","0","0","0","0","0","0","0","0","0","0","0","0","0","0"
"0x7ff8935b05d0","      UMOV UR15, 0x40004040","4","0","4","131072","4194304","4194304","32","32","0","0","0","-","-","-","0","0","0","0","0","0","0","0","0","-","0","0","0","0","0","0","0","0","0","0","0","0","0","0","0","0","0","0","4","0","0","0","0","0","0","0","0","0","0","0","0","0","0","0","0","0","0","0","0","0"
"0x7ff8935b05e0","      UMOV UR13, 0x40004040","4","0","4","131072","4194304","4194304","32","32","0","0","0","-","-","-","0","0","0","0","0","0","0","0","0","-","0","0","0","0","0","0","0","0","0","0","0","0","0","0","0","0","0","0","4","0","0","0","0","0","0","0","0","0","0","0","0","0","0","0","0","0","0","0","0","0"
"0x7ff8935b05f0","      UMOV UR11, 0x40004040","1","0","1","131072","4194304","4194304","32","32","0","0","0","-","-","-","0","0","0","0","0","0","0","0","0","-","0","0","0","0","0","0","0","0","0","0","0","0","0","0","0","0","0","0","1","0","0","0","0","0","0","0","0","0","0","0","0","0","0","0","0","0","0","0","0","0"
"0x7ff8935b0600","      UMOV UR9, 0x40004040","2","0","2","131072","4194304","4194304","32","32","0","0","0","-","-","-","0","0","0","0","0","0","0","0","0","-","0","0","0","0","0","0","0","0","0","0","0","0","0","0","0","0","0","0","2","0","0","0","0","0","0","0","0","0","0","0","0","0","0","0","0","0","0","0","0","0"
"0x7ff8935b0610","      UMOV UR7, 0x3fff","2","0","2","131072","4194304","4194304","32","32","0","0","0","-","-","-","0","0","0","0","0","0","0","0","0","-","0","0","0","0","0","0","0","0","1","0","0","0","0","0","0","0","0","0","1","0","0","0","0","0","0","0","0","0","0","0","0","0","0","0","0","0","0","0","0","0"
"0x7ff8935b0620","      ISETP.NE.U32.AND P1, PT, R2, 0x2, PT","4","0","4","131072","4194304","4194304","32","32","0","0","0","-","-","-","0","0","0","0","0","0","0","0","0","-","0","0","0","0","0","0","0","0","4","0","0","0","0","0","0","0","0","0","0","0","0","0","0","0","0","0","0","0","0","0","0","0","0","0","0","0","0","0","0","0"
"0x7ff8935b0630","      ULOP3.LUT UR6, UR6, 0x4000000, UR7, 0xec, !UPT","5","0","5","131072","4194304","4194304","32","32","0","0","0","-","-","-","0","0","0","0","0","0","0","0","0","-","0","0","0","0","0","0","0","0","0","0","0","0","0","0","0","0","0","0","5","0","0","0","0","0","0","0","0","0","0","0","0","0","0","0","0","0","0","0","0","0"
"0x7ff8935b0640","      ISETP.NE.U32.AND P0, PT, R4, UR25, PT","2","0","2","131072","4194304","4194304","32","32","0","0","0","-","-","-","0","0","0","0","0","0","0","0","0","-","0","0","0","0","0","0","0","0","0","0","0","0","0","0","0","0","0","0","2","0","0","0","0","0","0","0","0","0","0","0","0","0","0","0","0","0","0","0","0","0"
"0x7ff8935b0650","      UMOV UR7, 0x40004040","7","3","7","131072","4194304","4194304","32","32","0","0","0","-","-","-","0","0","0","0","0","0","0","0","0","-","0","0","0","0","0","0","0","0","0","0","0","0","0","0","0","0","0","0","4","0","0","0","3","0","0","0","0","0","0","0","0","0","0","0","0","0","0","0","0","3"
"0x7ff8935b0660","      UIADD3 UR20, UPT, UPT, UR6, 0x100, URZ","3","0","3","131072","4194304","4194304","32","32","0","0","0","-","-","-","0","0","0","0","0","0","0","0","0","-","0","0","0","0","0","0","0","0","0","0","0","0","0","0","0","0","0","0","3","0","0","0","0","0","0","0","0","0","0","0","0","0","0","0","0","0","0","0","0","0"
"0x7ff8935b0670","      SEL R2, R2, RZ, P1","2","0","2","131072","4194304","4194304","32","32","0","0","0","-","-","-","0","0","0","0","0","0","0","0","0","-","0","0","0","0","0","0","0","0","0","0","0","0","0","0","0","0","0","0","2","0","0","0","0","0","0","0","0","0","0","0","0","0","0","0","0","0","0","0","0","0"
"0x7ff8935b0680","      UIADD3 UR18, UPT, UPT, UR6, 0x200, URZ","3","0","3","131072","4194304","4194304","32","32","0","0","0","-","-","-","0","0","0","0","0","0","0","0","0","-","0","0","0","0","0","0","0","0","0","0","0","0","0","0","0","0","0","0","3","0","0","0","0","0","0","0","0","0","0","0","0","0","0","0","0","0","0","0","0","0"
"0x7ff8935b0690","      UIADD3 UR16, UPT, UPT, UR6, 0x300, URZ","2","1","2","131072","4194304","4194304","32","32","0","0","0","-","-","-","0","0","0","0","0","0","0","0","0","-","0","0","0","0","0","0","0","0","0","0","0","0","0","0","0","0","0","0","1","0","0","0","1","0","0","0","0","0","0","0","0","0","0","0","0","0","0","0","0","1"
"0x7ff8935b06a0","      UTCQMMA.WS gdesc[UR48], gdesc[UR6], tmem[UR45], tmem[UR56], idesc[UR57], UP0","3","0","3","131072","4194304","4194304","32","32","0","0","0","TmemShared","Load,Store","-","0","0","0","0","0","0","0","0","0","-","0","0","0","0","0","0","0","0","0","0","0","0","0","0","0","0","0","0","3","0","0","0","0","0","0","0","0","0","0","0","0","0","0","0","0","0","0","0","0","0"
"0x7ff8935b06b0","      UIADD3 UR14, UPT, UPT, UR6, 0x800, URZ","2","0","2","131072","4194304","4194304","32","32","0","0","0","-","-","-","0","0","0","0","0","0","0","0","0","-","0","0","0","0","0","0","0","0","0","0","0","0","0","0","0","0","0","0","2","0","0","0","0","0","0","0","0","0","0","0","0","0","0","0","0","0","0","0","0","0"
"0x7ff8935b06c0","      UIADD3 UR12, UPT, UPT, UR6, 0x900, URZ","3","1","3","131072","4194304","4194304","32","32","0","0","0","-","-","-","0","0","0","0","0","0","0","0","0","-","0","0","0","0","0","0","0","0","0","0","0","0","0","0","0","0","0","0","2","0","0","0","1","0","0","0","0","0","0","0","0","0","0","0","0","0","0","0","0","1"
"0x7ff8935b06d0","      UTCQMMA.WS gdesc[UR54], gdesc[UR20], tmem[UR45], tmem[UR56], idesc[UR57], UPT","1","0","1","131072","4194304","4194304","32","32","0","0","0","TmemShared","Load,Store","-","0","0","0","0","0","0","0","0","0","-","0","0","0","0","0","0","0","0","0","0","0","0","0","0","0","0","0","0","1","0","0","0","0","0","0","0","0","0","0","0","0","0","0","0","0","0","0","0","0","0"
"0x7ff8935b06e0","      UIADD3 UR10, UPT, UPT, UR6, 0xa00, URZ","2","0","2","131072","4194304","4194304","32","32","0","0","0","-","-","-","0","0","0","0","0","0","0","0","0","-","0","0","0","0","0","0","0","0","0","0","0","0","0","0","0","0","0","0","2","0","0","0","0","0","0","0","0","0","0","0","0","0","0","0","0","0","0","0","0","0"
"0x7ff8935b06f0","      UTCQMMA.WS gdesc[UR50], gdesc[UR18], tmem[UR45], tmem[UR56], idesc[UR57], UPT","2","0","2","131072","4194304","4194304","32","32","0","0","0","TmemShared","Load,Store","-","0","0","0","0","0","0","0","0","0","-","0","0","0","0","0","0","0","0","0","0","0","0","0","0","0","0","0","0","2","0","0","0","0","0","0","0","0","0","0","0","0","0","0","0","0","0","0","0","0","0"
"0x7ff8935b0700","      UIADD3 UR8, UPT, UPT, UR6, 0xb00, URZ","2","0","2","131072","4194304","4194304","32","32","0","0","0","-","-","-","0","0","0","0","0","0","0","0","0","-","0","0","0","0","0","0","0","0","0","0","0","0","0","0","0","0","0","0","2","0","0","0","0","0","0","0","0","0","0","0","0","0","0","0","0","0","0","0","0","0"
"0x7ff8935b0710","      UTCQMMA.WS gdesc[UR52], gdesc[UR16], tmem[UR45], tmem[UR56], idesc[UR57], UPT","0","0","0","131072","4194304","4194304","32","32","0","0","0","TmemShared","Load,Store","-","0","0","0","0","0","0","0","0","0","-","0","0","0","0","0","0","0","0","0","0","0","0","0","0","0","0","0","0","0","0","0","0","0","0","0","0","0","0","0","0","0","0","0","0","0","0","0","0","0","0"
"0x7ff8935b0720","@P1   IADD3 R0, PT, PT, R3, RZ, RZ","3","0","3","131072","4194304","2097152","32","16","16","16","0","-","-","-","0","0","0","0","0","0","0","0","0","-","0","0","0","0","0","0","0","0","0","0","0","0","0","0","0","0","0","0","3","0","0","0","0","0","0","0","0","0","0","0","0","0","0","0","0","0","0","0","0","0"
"0x7ff8935b0730","      UTCQMMA.WS gdesc[UR48], gdesc[UR14], tmem[UR46], tmem[UR56], idesc[UR57], UP0","14","14","14","131072","4194304","4194304","32","32","16","0","0","TmemShared","Load,Store","-","0","0","0","0","0","0","0","0","0","-","0","0","0","0","0","0","0","0","0","0","0","0","0","0","14","0","0","0","0","0","0","0","0","0","0","0","0","0","0","0","0","14","0","0","0","0","0","0","0","0"
"0x7ff8935b0740","      UTCQMMA.WS gdesc[UR54], gdesc[UR12], tmem[UR46], tmem[UR56], idesc[UR57], UPT","11","11","11","131072","4194304","4194304","32","32","0","0","0","TmemShared","Load,Store","-","0","0","0","0","0","0","0","0","0","-","0","0","0","0","0","0","0","0","0","0","0","0","0","0","10","0","0","0","0","0","0","0","1","0","0","0","0","0","0","0","0","10","0","0","0","0","0","0","0","1"
"0x7ff8935b0750","      UTCQMMA.WS gdesc[UR50], gdesc[UR10], tmem[UR46], tmem[UR56], idesc[UR57], UPT","24","22","24","131072","4194304","4194304","32","32","0","0","0","TmemShared","Load,Store","-","0","0","0","0","0","0","0","0","0","-","0","0","0","0","0","0","0","0","0","0","0","0","0","0","20","0","0","0","2","0","0","0","2","0","0","0","0","0","0","0","0","20","0","0","0","0","0","0","0","2"
"0x7ff8935b0760","      IMAD.MOV.U32 R3, RZ, RZ, R0","2","0","2","131072","4194304","4194304","32","32","0","0","0","-","-","-","0","0","0","0","0","0","0","0","0","-","0","0","0","0","0","0","0","0","0","0","0","0","0","0","0","0","0","0","2","0","0","0","0","0","0","0","0","0","0","0","0","0","0","0","0","0","0","0","0","0"
"0x7ff8935b0770","      UTCQMMA.WS gdesc[UR52], gdesc[UR8], tmem[UR46], tmem[UR56], idesc[UR57], UPT","160","157","160","131072","4194304","4194304","32","32","0","0","0","TmemShared","Load,Store","-","0","0","0","0","0","0","0","0","0","-","0","0","0","0","0","0","0","0","0","0","0","0","0","0","157","0","0","0","3","0","0","0","0","0","0","0","0","0","0","0","0","157","0","0","0","0","0","0","0","0"
"0x7ff8935b0780","      UTCBAR [UR5], URZ","181","179","181","131072","4194304","4194304","32","32","0","0","0","-","-","-","0","0","0","0","0","0","0","0","0","-","0","0","0","0","0","0","0","0","0","0","0","0","0","0","179","0","0","0","2","0","0","0","0","0","0","0","0","0","0","0","0","179","0","0","0","0","0","0","0","0"
"0x7ff8935b0790","@P0   BRA 0x7ff8935afe20","1","0","1","131072","4194304","3932160","32","30","2","2","0","-","-","-","0","0","0","0","0","0","0","0","0","-","0","0","0","0","0","0","0","0","0","0","0","0","0","0","0","0","0","0","1","0","0","0","0","0","0","0","0","0","0","0","0","0","0","0","0","0","0","0","0","0"
"0x7ff8935b07a0","      LDCU.64 UR6, c[0x0][0x358]","8","6","8","8192","262144","262144","32","32","2","0","0","-","-","-","0","0","0","0","0","0","0","0","0","-","0","0","0","0","0","0","0","0","0","0","0","0","0","0","0","0","0","0","2","0","0","0","6","0","0","0","0","0","0","0","0","0","0","0","0","0","0","0","0","6"
"0x7ff8935b07b0","      LDG.E R10, desc[UR6][R10.64]","3","3","3","8192","262144","262144","32","32","0","0","0","Global","Load","32","8192","0","0","0","0","0","8192","8192","0","","0","0","0","0","0","0","0","0","0","0","0","0","0","0","0","0","0","0","0","3","0","0","0","0","0","0","0","0","0","0","0","0","0","0","0","0","3","0","0","0"
"0x7ff8935b07c0","      R2UR UR5, R10","25","25","25","8192","262144","262144","32","32","0","0","0","-","-","-","0","0","0","0","0","0","0","0","0","-","0","0","0","0","0","0","0","0","0","0","0","25","0","0","0","0","0","0","0","0","0","0","0","0","0","0","0","0","25","0","0","0","0","0","0","0","0","0","0","0"
"0x7ff8935b07d0","      LDL.LU R0, [R1]","3","3","3","8192","262144","262144","32","32","0","0","0","Local","Load","32","0","0","0","0","0","0","0","0","32768","-","0","0","0","0","0","0","0","0","0","0","0","0","0","0","0","0","0","0","0","0","0","0","3","0","0","0","0","0","0","0","0","0","0","0","0","0","0","0","0","3"
"0x7ff8935b07e0","      USHF.R.S32.HI UR6, URZ, 0x1f, UR5","0","0","0","8192","262144","262144","32","32","0","0","0","-","-","-","0","0","0","0","0","0","0","0","0","-","0","0","0","0","0","0","0","0","0","0","0","0","0","0","0","0","0","0","0","0","0","0","0","0","0","0","0","0","0","0","0","0","0","0","0","0","0","0","0","0"
"0x7ff8935b07f0","      LOP3.LUT R5, R5, 0x1, RZ, 0x3c, !PT","0","0","0","8192","262144","262144","32","32","0","0","0","-","-","-","0","0","0","0","0","0","0","0","0","-","0","0","0","0","0","0","0","0","0","0","0","0","0","0","0","0","0","0","0","0","0","0","0","0","0","0","0","0","0","0","0","0","0","0","0","0","0","0","0","0"
"0x7ff8935b0800","      ULEA.HI UR6, UR6, UR5, URZ, 0x7","0","0","0","8192","262144","262144","32","32","0","0","0","-","-","-","0","0","0","0","0","0","0","0","0","-","0","0","0","0","0","0","0","0","0","0","0","0","0","0","0","0","0","0","0","0","0","0","0","0","0","0","0","0","0","0","0","0","0","0","0","0","0","0","0","0"
"0x7ff8935b0810","      ULOP3.LUT UR7, UR6, 0xffffff80, URZ, 0xc0, !UPT","1","0","1","8192","262144","262144","32","32","0","0","0","-","-","-","0","0","0","0","0","0","0","0","0","-","0","0","0","0","0","0","0","0","0","0","0","0","0","0","0","0","0","0","1","0","0","0","0","0","0","0","0","0","0","0","0","0","0","0","0","0","0","0","0","0"
"0x7ff8935b0820","      UISETP.NE.U32.AND UP0, UPT, UR5, UR7, UPT","1","1","1","8192","262144","262144","32","32","0","0","0","-","-","-","0","0","0","0","0","0","0","0","0","-","0","0","0","0","0","0","0","0","0","0","0","0","0","0","0","0","0","0","0","0","0","0","1","0","0","0","0","0","0","0","0","0","0","0","0","0","0","0","0","1"
"0x7ff8935b0830","      UISETP.GT.AND UP0, UPT, UR5, -0x1, UP0","0","0","0","8192","262144","262144","32","32","0","0","0","-","-","-","0","0","0","0","0","0","0","0","0","-","0","0","0","0","0","0","0","0","0","0","0","0","0","0","0","0","0","0","0","0","0","0","0","0","0","0","0","0","0","0","0","0","0","0","0","0","0","0","0","0"
"0x7ff8935b0840","      ULEA.HI.SX32 UR5, UR6, UR47, 0x19","0","0","0","8192","262144","262144","32","32","0","0","0","-","-","-","0","0","0","0","0","0","0","0","0","-","0","0","0","0","0","0","0","0","0","0","0","0","0","0","0","0","0","0","0","0","0","0","0","0","0","0","0","0","0","0","0","0","0","0","0","0","0","0","0","0"
"0x7ff8935b0850","      UIADD3 UR47, UPT, UPT, UR5, 0x1, URZ","1","1","1","8192","262144","262144","32","32","0","0","0","-","-","-","0","0","0","0","0","0","0","0","0","-","0","0","0","0","0","0","0","0","0","0","0","0","0","0","0","0","0","0","0","0","0","0","1","0","0","0","0","0","0","0","0","0","0","0","0","0","0","0","0","1"
"0x7ff8935b0860","@!UP0 UIADD3 UR47, UPT, UPT, UR5, URZ, URZ","0","0","0","8192","262144","262144","32","32","0","0","0","-","-","-","0","0","0","0","0","0","0","0","0","-","0","0","0","0","0","0","0","0","0","0","0","0","0","0","0","0","0","0","0","0","0","0","0","0","0","0","0","0","0","0","0","0","0","0","0","0","0","0","0","0"
"0x7ff8935b0870","      R2UR UR8, R0","7","7","7","8192","262144","262144","32","32","0","0","0","-","-","-","0","0","0","0","0","0","0","0","0","-","0","0","0","0","0","0","0","0","0","0","0","7","0","0","0","0","0","0","0","0","0","0","0","0","0","0","0","0","7","0","0","0","0","0","0","0","0","0","0","0"
"0x7ff8935b0880","      UIADD3 UR6, UPT, UPT, UR8, 0x94, URZ","3","3","3","8192","262144","262144","32","32","0","0","0","-","-","-","0","0","0","0","0","0","0","0","0","-","0","0","0","0","0","0","0","0","0","0","0","0","0","0","0","0","0","0","0","0","0","0","3","0","0","0","0","0","0","0","0","0","0","0","0","0","0","0","0","3"
"0x7ff8935b0890","      UISETP.GE.U32.AND UP0, UPT, UR8, 0x1f6c, UPT","0","0","0","8192","262144","262144","32","32","0","0","0","-","-","-","0","0","0","0","0","0","0","0","0","-","0","0","0","0","0","0","0","0","0","0","0","0","0","0","0","0","0","0","0","0","0","0","0","0","0","0","0","0","0","0","0","0","0","0","0","0","0","0","0","0"
"0x7ff8935b08a0","      IMAD.U32 R0, RZ, RZ, UR6","0","0","0","8192","262144","262144","32","32","0","0","0","-","-","-","0","0","0","0","0","0","0","0","0","-","0","0","0","0","0","0","0","0","0","0","0","0","0","0","0","0","0","0","0","0","0","0","0","0","0","0","0","0","0","0","0","0","0","0","0","0","0","0","0","0"
"0x7ff8935b08b0","      STL [R1], R0","1","1","1","8192","262144","262144","32","32","0","0","0","Local","Store","32","0","0","0","0","0","0","0","0","32768","-","0","0","0","0","0","0","0","0","0","0","0","0","0","0","0","0","0","0","0","0","0","0","1","0","0","0","0","0","0","0","0","0","0","0","0","0","0","0","0","1"
"0x7ff8935b08c0","      BRA.U !UP0, 0x7ff8935afc10","0","0","0","8192","262144","262144","32","32","0","0","0","-","-","-","0","0","0","0","0","0","0","0","0","-","0","0","0","0","0","0","0","0","0","0","0","0","0","0","0","0","0","0","0","0","0","0","0","0","0","0","0","0","0","0","0","0","0","0","0","0","0","0","0","0"
"0x7ff8935b08d0","      EXIT","0","0","0","148","4736","4736","32","32","0","0","0","-","-","-","0","0","0","0","0","0","0","0","0","-","0","0","0","0","0","0","0","0","0","0","0","0","0","0","0","0","0","0","0","0","0","0","0","0","0","0","0","0","0","0","0","0","0","0","0","0","0","0","0","0"
"0x7ff8935b08e0","      UISETP.GT.AND UP0, UPT, UR55, 0x7, UPT","7","5","7","1628","52096","52096","32","32","0","0","0","-","-","-","0","0","0","0","0","0","0","0","0","-","0","0","0","0","0","0","0","0","0","0","0","0","0","0","0","0","7","0","0","0","0","0","0","0","0","0","0","0","0","0","0","0","0","5","0","0","0","0","0","0"
"0x7ff8935b08f0","      PLOP3.LUT P0, PT, PT, PT, UP0, 0x80, 0x8","0","0","0","1628","52096","52096","32","32","0","0","0","-","-","-","0","0","0","0","0","0","0","0","0","-","0","0","0","0","0","0","0","0","0","0","0","0","0","0","0","0","0","0","0","0","0","0","0","0","0","0","0","0","0","0","0","0","0","0","0","0","0","0","0","0"
"0x7ff8935b0900","@P0   EXIT","1","1","1","1628","52096","14208","32","8","24","24","0","-","-","-","0","0","0","0","0","0","0","0","0","-","0","0","0","0","0","0","0","0","0","0","0","0","0","0","0","0","0","0","0","0","0","0","1","0","0","0","0","0","0","0","0","0","0","0","0","0","0","0","0","1"
"0x7ff8935b0910","      NOP","0","0","0","1184","37888","37888","32","32","24","0","0","-","-","-","0","0","0","0","0","0","0","0","0","-","0","0","0","0","0","0","0","0","0","0","0","0","0","0","0","0","0","0","0","0","0","0","0","0","0","0","0","0","0","0","0","0","0","0","0","0","0","0","0","0"
"0x7ff8935b0920","      USETMAXREG.TRY_ALLOC.CTAPOOL UP0, 0xc0","0","0","0","1184","37888","37888","32","32","0","0","0","-","-","-","0","0","0","0","0","0","0","0","0","-","0","0","0","0","0","0","0","0","0","0","0","0","0","0","0","0","0","0","0","0","0","0","0","0","0","0","0","0","0","0","0","0","0","0","0","0","0","0","0","0"
"0x7ff8935b0930","      BRA.U !UP0, 0x7ff8935b0910","0","0","0","1184","37888","37888","32","32","0","0","0","-","-","-","0","0","0","0","0","0","0","0","0","-","0","0","0","0","0","0","0","0","0","0","0","0","0","0","0","0","0","0","0","0","0","0","0","0","0","0","0","0","0","0","0","0","0","0","0","0","0","0","0","0"
"0x7ff8935b0940","      LDL R0, [R1]","0","0","0","1184","37888","37888","32","32","0","0","0","Local","Load","32","0","0","0","0","0","0","0","0","4736","-","0","0","0","0","0","0","0","0","0","0","0","0","0","0","0","0","0","0","0","0","0","0","0","0","0","0","0","0","0","0","0","0","0","0","0","0","0","0","0","0"
"0x7ff8935b0950","      R2UR UR5, R0","0","0","0","1184","37888","37888","32","32","0","0","0","-","-","-","0","0","0","0","0","0","0","0","0","-","0","0","0","0","0","0","0","0","0","0","0","0","0","0","0","0","0","0","0","0","0","0","0","0","0","0","0","0","0","0","0","0","0","0","0","0","0","0","0","0"
"0x7ff8935b0960","      UISETP.GT.U32.AND UP0, UPT, UR5, 0x1fff, UPT","0","0","0","1184","37888","37888","32","32","0","0","0","-","-","-","0","0","0","0","0","0","0","0","0","-","0","0","0","0","0","0","0","0","0","0","0","0","0","0","0","0","0","0","0","0","0","0","0","0","0","0","0","0","0","0","0","0","0","0","0","0","0","0","0","0"
"0x7ff8935b0970","      BRA.U UP0, 0x7ff8935b3070","0","0","0","1184","37888","37888","32","32","0","0","0","-","-","-","0","0","0","0","0","0","0","0","0","-","0","0","0","0","0","0","0","0","0","0","0","0","0","0","0","0","0","0","0","0","0","0","0","0","0","0","0","0","0","0","0","0","0","0","0","0","0","0","0","0"
"0x7ff8935b0980","      S2R R4, SR_TID.X","1","1","1","1184","37888","37888","32","32","0","0","0","-","-","-","0","0","0","0","0","0","0","0","0","-","0","0","0","0","0","0","0","0","0","0","0","0","0","0","0","0","1","0","0","0","0","0","0","0","0","0","0","0","0","0","0","0","0","1","0","0","0","0","0","0"
"0x7ff8935b0990","      LDCU.64 UR10, c[0x0][0x3a8]","0","0","0","1184","37888","37888","32","32","0","0","0","-","-","-","0","0","0","0","0","0","0","0","0","-","0","0","0","0","0","0","0","0","0","0","0","0","0","0","0","0","0","0","0","0","0","0","0","0","0","0","0","0","0","0","0","0","0","0","0","0","0","0","0","0"
"0x7ff8935b09a0","      IMAD.U32 R166, RZ, RZ, UR4","0","0","0","1184","37888","37888","32","32","0","0","0","-","-","-","0","0","0","0","0","0","0","0","0","-","0","0","0","0","0","0","0","0","0","0","0","0","0","0","0","0","0","0","0","0","0","0","0","0","0","0","0","0","0","0","0","0","0","0","0","0","0","0","0","0"
"0x7ff8935b09b0","      CS2R R168, SRZ","0","0","0","1184","37888","37888","32","32","0","0","0","-","-","-","0","0","0","0","0","0","0","0","0","-","0","0","0","0","0","0","0","0","0","0","0","0","0","0","0","0","0","0","0","0","0","0","0","0","0","0","0","0","0","0","0","0","0","0","0","0","0","0","0","0"
"0x7ff8935b09c0","      UIADD3.64 UR10, UPT, UPT, UR10, 0x100, URZ","0","0","0","1184","37888","37888","32","32","0","0","0","-","-","-","0","0","0","0","0","0","0","0","0","-","0","0","0","0","0","0","0","0","0","0","0","0","0","0","0","0","0","0","0","0","0","0","0","0","0","0","0","0","0","0","0","0","0","0","0","0","0","0","0","0"
"0x7ff8935b09d0","      SHF.R.U32.HI R167, RZ, 0x7, R4","0","0","0","1184","37888","37888","32","32","0","0","0","-","-","-","0","0","0","0","0","0","0","0","0","-","0","0","0","0","0","0","0","0","0","0","0","0","0","0","0","0","0","0","0","0","0","0","0","0","0","0","0","0","0","0","0","0","0","0","0","0","0","0","0","0"
"0x7ff8935b09e0","      IMAD.SHL.U32 R0, R4, 0x40, RZ","0","0","0","1184","37888","37888","32","32","0","0","0","-","-","-","0","0","0","0","0","0","0","0","0","-","0","0","0","0","0","0","0","0","0","0","0","0","0","0","0","0","0","0","0","0","0","0","0","0","0","0","0","0","0","0","0","0","0","0","0","0","0","0","0","0"
"0x7ff8935b09f0","      LOP3.LUT R7, R4, 0x40, RZ, 0xc0, !PT","0","0","0","1184","37888","37888","32","32","0","0","0","-","-","-","0","0","0","0","0","0","0","0","0","-","0","0","0","0","0","0","0","0","0","0","0","0","0","0","0","0","0","0","0","0","0","0","0","0","0","0","0","0","0","0","0","0","0","0","0","0","0","0","0","0"
"0x7ff8935b0a00","      IMAD.SHL.U32 R172, R4, 0x200, RZ","1","1","1","1184","37888","37888","32","32","0","0","0","-","-","-","0","0","0","0","0","0","0","0","0","-","0","0","0","0","0","0","0","0","0","0","0","0","0","0","0","0","1","0","0","0","0","0","0","0","0","0","0","0","0","0","0","0","0","1","0","0","0","0","0","0"
"0x7ff8935b0a10","      SHF.R.U32.HI R2, RZ, 0x5, R4","0","0","0","1184","37888","37888","32","32","0","0","0","-","-","-","0","0","0","0","0","0","0","0","0","-","0","0","0","0","0","0","0","0","0","0","0","0","0","0","0","0","0","0","0","0","0","0","0","0","0","0","0","0","0","0","0","0","0","0","0","0","0","0","0","0"
"0x7ff8935b0a20","      IMAD.SHL.U32 R174, R167, 0x20, RZ","0","0","0","1184","37888","37888","32","32","0","0","0","-","-","-","0","0","0","0","0","0","0","0","0","-","0","0","0","0","0","0","0","0","0","0","0","0","0","0","0","0","0","0","0","0","0","0","0","0","0","0","0","0","0","0","0","0","0","0","0","0","0","0","0","0"
"0x7ff8935b0a30","      LOP3.LUT R0, R0, 0xfc0, RZ, 0xc0, !PT","0","0","0","1184","37888","37888","32","32","0","0","0","-","-","-","0","0","0","0","0","0","0","0","0","-","0","0","0","0","0","0","0","0","0","0","0","0","0","0","0","0","0","0","0","0","0","0","0","0","0","0","0","0","0","0","0","0","0","0","0","0","0","0","0","0"
"0x7ff8935b0a40","      IMAD.SHL.U32 R5, R4, 0x2, RZ","0","0","0","1184","37888","37888","32","32","0","0","0","-","-","-","0","0","0","0","0","0","0","0","0","-","0","0","0","0","0","0","0","0","0","0","0","0","0","0","0","0","0","0","0","0","0","0","0","0","0","0","0","0","0","0","0","0","0","0","0","0","0","0","0","0"
"0x7ff8935b0a50","      R2UR UR55, R2","0","0","0","1184","37888","37888","32","32","0","0","0","-","-","-","0","0","0","0","0","0","0","0","0","-","0","0","0","0","0","0","0","0","0","0","0","0","0","0","0","0","0","0","0","0","0","0","0","0","0","0","0","0","0","0","0","0","0","0","0","0","0","0","0","0"
"0x7ff8935b0a60","      IMAD.IADD R7, R174, 0x1, R7","0","0","0","1184","37888","37888","32","32","0","0","0","-","-","-","0","0","0","0","0","0","0","0","0","-","0","0","0","0","0","0","0","0","0","0","0","0","0","0","0","0","0","0","0","0","0","0","0","0","0","0","0","0","0","0","0","0","0","0","0","0","0","0","0","0"
"0x7ff8935b0a70","      LOP3.LUT R172, R172, 0x7e00, RZ, 0xc0, !PT","0","0","0","1184","37888","37888","32","32","0","0","0","-","-","-","0","0","0","0","0","0","0","0","0","-","0","0","0","0","0","0","0","0","0","0","0","0","0","0","0","0","0","0","0","0","0","0","0","0","0","0","0","0","0","0","0","0","0","0","0","0","0","0","0","0"
"0x7ff8935b0a80","      IMAD.U32 R173, R4, 0x10000, RZ","0","0","0","1184","37888","37888","32","32","0","0","0","-","-","-","0","0","0","0","0","0","0","0","0","-","0","0","0","0","0","0","0","0","0","0","0","0","0","0","0","0","0","0","0","0","0","0","0","0","0","0","0","0","0","0","0","0","0","0","0","0","0","0","0","0"
"0x7ff8935b0a90","      LOP3.LUT R5, R5, 0x80, RZ, 0xc0, !PT","0","0","0","1184","37888","37888","32","32","0","0","0","-","-","-","0","0","0","0","0","0","0","0","0","-","0","0","0","0","0","0","0","0","0","0","0","0","0","0","0","0","0","0","0","0","0","0","0","0","0","0","0","0","0","0","0","0","0","0","0","0","0","0","0","0"
"0x7ff8935b0aa0","      IMAD R3, R7, 0x40, R7","0","0","0","1184","37888","37888","32","32","0","0","0","-","-","-","0","0","0","0","0","0","0","0","0","-","0","0","0","0","0","0","0","0","0","0","0","0","0","0","0","0","0","0","0","0","0","0","0","0","0","0","0","0","0","0","0","0","0","0","0","0","0","0","0","0"
"0x7ff8935b0ab0","      IMAD R7, R7, 0x40, R174","0","0","0","1184","37888","37888","32","32","0","0","0","-","-","-","0","0","0","0","0","0","0","0","0","-","0","0","0","0","0","0","0","0","0","0","0","0","0","0","0","0","0","0","0","0","0","0","0","0","0","0","0","0","0","0","0","0","0","0","0","0","0","0","0","0"
"0x7ff8935b0ac0","      LOP3.LUT R173, R173, 0x600000, RZ, 0xc0, !PT","0","0","0","1184","37888","37888","32","32","0","0","0","-","-","-","0","0","0","0","0","0","0","0","0","-","0","0","0","0","0","0","0","0","0","0","0","0","0","0","0","0","0","0","0","0","0","0","0","0","0","0","0","0","0","0","0","0","0","0","0","0","0","0","0","0"
"0x7ff8935b0ad0","      VIADD R3, R3, 0x10","0","0","0","1184","37888","37888","32","32","0","0","0","-","-","-","0","0","0","0","0","0","0","0","0","-","0","0","0","0","0","0","0","0","0","0","0","0","0","0","0","0","0","0","0","0","0","0","0","0","0","0","0","0","0","0","0","0","0","0","0","0","0","0","0","0"
"0x7ff8935b0ae0","      IMAD.SHL.U32 R165, R4, 0x4, RZ","1","0","1","1184","37888","37888","32","32","0","0","0","-","-","-","0","0","0","0","0","0","0","0","0","-","0","0","0","0","0","0","0","0","0","0","0","0","0","0","0","0","0","0","1","0","0","0","0","0","0","0","0","0","0","0","0","0","0","0","0","0","0","0","0","0"
"0x7ff8935b0af0","      LOP3.LUT R7, R0, 0x3020, R7, 0xf8, !PT","0","0","0","1184","37888","37888","32","32","0","0","0","-","-","-","0","0","0","0","0","0","0","0","0","-","0","0","0","0","0","0","0","0","0","0","0","0","0","0","0","0","0","0","0","0","0","0","0","0","0","0","0","0","0","0","0","0","0","0","0","0","0","0","0","0"
"0x7ff8935b0b00","      ULOP3.LUT UR5, UR55, 0x2, URZ, 0xc0, !UPT","7","5","7","1184","37888","37888","32","32","0","0","0","-","-","-","0","0","0","0","0","0","0","0","0","-","0","0","0","0","0","0","0","0","0","0","0","0","0","0","0","0","6","0","1","0","0","0","0","0","0","0","0","0","0","0","0","0","0","5","0","0","0","0","0","0"
"0x7ff8935b0b10","      LOP3.LUT R3, R0, 0x3030, R3, 0xf8, !PT","0","0","0","1184","37888","37888","32","32","0","0","0","-","-","-","0","0","0","0","0","0","0","0","0","-","0","0","0","0","0","0","0","0","0","0","0","0","0","0","0","0","0","0","0","0","0","0","0","0","0","0","0","0","0","0","0","0","0","0","0","0","0","0","0","0"
"0x7ff8935b0b20","      IMAD R172, R167, 0x100, R172","0","0","0","1184","37888","37888","32","32","0","0","0","-","-","-","0","0","0","0","0","0","0","0","0","-","0","0","0","0","0","0","0","0","0","0","0","0","0","0","0","0","0","0","0","0","0","0","0","0","0","0","0","0","0","0","0","0","0","0","0","0","0","0","0","0"
"0x7ff8935b0b30","      IADD3 R0, PT, PT, R166, 0x2d000, R7","0","0","0","1184","37888","37888","32","32","0","0","0","-","-","-","0","0","0","0","0","0","0","0","0","-","0","0","0","0","0","0","0","0","0","0","0","0","0","0","0","0","0","0","0","0","0","0","0","0","0","0","0","0","0","0","0","0","0","0","0","0","0","0","0","0"
"0x7ff8935b0b40","      IADD3 R3, PT, PT, R166, 0x2d000, R3","0","0","0","1184","37888","37888","32","32","0","0","0","-","-","-","0","0","0","0","0","0","0","0","0","-","0","0","0","0","0","0","0","0","0","0","0","0","0","0","0","0","0","0","0","0","0","0","0","0","0","0","0","0","0","0","0","0","0","0","0","0","0","0","0","0"
"0x7ff8935b0b50","      IMAD.IADD R172, R5, 0x1, R172","0","0","0","1184","37888","37888","32","32","0","0","0","-","-","-","0","0","0","0","0","0","0","0","0","-","0","0","0","0","0","0","0","0","0","0","0","0","0","0","0","0","0","0","0","0","0","0","0","0","0","0","0","0","0","0","0","0","0","0","0","0","0","0","0","0"
"0x7ff8935b0b60","      SHF.R.U32.HI R171, RZ, 0x3, R0","0","0","0","1184","37888","37888","32","32","0","0","0","-","-","-","0","0","0","0","0","0","0","0","0","-","0","0","0","0","0","0","0","0","0","0","0","0","0","0","0","0","0","0","0","0","0","0","0","0","0","0","0","0","0","0","0","0","0","0","0","0","0","0","0","0"
"0x7ff8935b0b70","      VIADD R167, R167, UR5","0","0","0","1184","37888","37888","32","32","0","0","0","-","-","-","0","0","0","0","0","0","0","0","0","-","0","0","0","0","0","0","0","0","0","0","0","0","0","0","0","0","0","0","0","0","0","0","0","0","0","0","0","0","0","0","0","0","0","0","0","0","0","0","0","0"
"0x7ff8935b0b80","      SHF.R.U32.HI R170, RZ, 0x3, R3","5","4","5","1184","37888","37888","32","32","0","0","0","-","-","-","0","0","0","0","0","0","0","0","0","-","0","0","0","0","0","0","0","0","0","0","0","0","0","0","0","0","5","0","0","0","0","0","0","0","0","0","0","0","0","0","0","0","0","4","0","0","0","0","0","0"
"0x7ff8935b0b90","      LOP3.LUT R174, R174, 0x100, R173, 0xfe, !PT","0","0","0","1184","37888","37888","32","32","0","0","0","-","-","-","0","0","0","0","0","0","0","0","0","-","0","0","0","0","0","0","0","0","0","0","0","0","0","0","0","0","0","0","0","0","0","0","0","0","0","0","0","0","0","0","0","0","0","0","0","0","0","0","0","0"
"0x7ff8935b0ba0","      LOP3.LUT R171, R0, 0x30, R171, 0x78, !PT","0","0","0","1184","37888","37888","32","32","0","0","0","-","-","-","0","0","0","0","0","0","0","0","0","-","0","0","0","0","0","0","0","0","0","0","0","0","0","0","0","0","0","0","0","0","0","0","0","0","0","0","0","0","0","0","0","0","0","0","0","0","0","0","0","0"
"0x7ff8935b0bb0","      LOP3.LUT R170, R3, 0x30, R170, 0x78, !PT","0","0","0","1184","37888","37888","32","32","0","0","0","-","-","-","0","0","0","0","0","0","0","0","0","-","0","0","0","0","0","0","0","0","0","0","0","0","0","0","0","0","0","0","0","0","0","0","0","0","0","0","0","0","0","0","0","0","0","0","0","0","0","0","0","0"
"0x7ff8935b0bc0","      LOP3.LUT R164, R165, 0xfc, RZ, 0xc0, !PT","0","0","0","1184","37888","37888","32","32","0","0","0","-","-","-","0","0","0","0","0","0","0","0","0","-","0","0","0","0","0","0","0","0","0","0","0","0","0","0","0","0","0","0","0","0","0","0","0","0","0","0","0","0","0","0","0","0","0","0","0","0","0","0","0","0"
"0x7ff8935b0bd0","      LOP3.LUT R173, R173, 0x180, R4, 0xf8, !PT","0","0","0","1184","37888","37888","32","32","0","0","0","-","-","-","0","0","0","0","0","0","0","0","0","-","0","0","0","0","0","0","0","0","0","0","0","0","0","0","0","0","0","0","0","0","0","0","0","0","0","0","0","0","0","0","0","0","0","0","0","0","0","0","0","0"
"0x7ff8935b0be0","      UISETP.NE.U32.AND UP0, UPT, UR55, URZ, UPT","15","12","15","65536","2097152","2097152","32","32","0","0","0","-","-","-","0","0","0","0","0","0","0","0","0","-","0","0","0","0","0","0","0","2","0","0","0","0","0","0","0","0","13","0","0","0","0","0","0","0","2","0","0","0","0","0","0","0","0","10","0","0","0","0","0","0"
"0x7ff8935b0bf0","      SHF.L.U32 R3, R169, 0x1f, RZ","3","0","3","65536","2097152","2097152","32","32","0","0","0","-","-","-","0","0","0","0","0","0","0","0","0","-","0","0","0","0","0","0","0","0","0","0","0","0","0","0","0","0","0","0","3","0","0","0","0","0","0","0","0","0","0","0","0","0","0","0","0","0","0","0","0","0"
"0x7ff8935b0c00","      BRA.U UP0, 0x7ff8935b0e10","11","9","11","65536","2097152","2097152","32","32","0","0","0","-","-","-","0","0","0","0","0","0","0","0","0","-","0","0","0","0","0","0","0","0","0","0","0","0","0","0","0","0","1","0","1","0","0","0","9","0","0","0","0","0","0","0","0","0","0","1","0","0","0","0","0","8"
"0x7ff8935b0c10","      LDL R0, [R1]","6","3","6","8192","262144","262144","32","32","0","0","0","Local","Load","32","0","0","0","0","0","0","0","0","32768","-","0","0","0","0","0","0","0","0","0","0","0","0","0","0","0","0","0","0","1","0","0","0","5","0","0","0","0","0","0","0","0","0","0","0","0","0","0","0","0","3"
"0x7ff8935b0c20","      ELECT P0, URZ, PT","0","0","0","8192","262144","262144","32","32","0","0","0","-","-","-","0","0","0","0","0","0","0","0","0","-","0","0","0","0","0","0","0","0","0","0","0","0","0","0","0","0","0","0","0","0","0","0","0","0","0","0","0","0","0","0","0","0","0","0","0","0","0","0","0","0"
"0x7ff8935b0c30","      UIADD3 UR8, UP0, UPT, UR10, 0x80, URZ","1","0","1","8192","262144","262144","32","32","0","0","0","-","-","-","0","0","0","0","0","0","0","0","0","-","0","0","0","0","0","0","0","0","0","0","0","0","0","0","0","0","0","0","1","0","0","0","0","0","0","0","0","0","0","0","0","0","0","0","0","0","0","0","0","0"
"0x7ff8935b0c40","      UIADD3 UR20, UPT, UPT, UR4, 0x2000, URZ","1","0","1","8192","262144","262144","32","32","0","0","0","-","-","-","0","0","0","0","0","0","0","0","0","-","0","0","0","0","0","0","0","0","0","0","0","0","0","0","0","0","0","0","0","0","0","0","1","0","0","0","0","0","0","0","0","0","0","0","0","0","0","0","0","0"
"0x7ff8935b0c50","      UIADD3 UR24, UPT, UPT, UR4, 0x4000, URZ","0","0","0","8192","262144","262144","32","32","0","0","0","-","-","-","0","0","0","0","0","0","0","0","0","-","0","0","0","0","0","0","0","0","0","0","0","0","0","0","0","0","0","0","0","0","0","0","0","0","0","0","0","0","0","0","0","0","0","0","0","0","0","0","0","0"
"0x7ff8935b0c60","      UIADD3 UR16, UPT, UPT, UR4, 0x6000, URZ","0","0","0","8192","262144","262144","32","32","0","0","0","-","-","-","0","0","0","0","0","0","0","0","0","-","0","0","0","0","0","0","0","0","0","0","0","0","0","0","0","0","0","0","0","0","0","0","0","0","0","0","0","0","0","0","0","0","0","0","0","0","0","0","0","0"
"0x7ff8935b0c70","      UIADD3 UR12, UPT, UPT, UR4, 0x8000, URZ","0","0","0","8192","262144","262144","32","32","0","0","0","-","-","-","0","0","0","0","0","0","0","0","0","-","0","0","0","0","0","0","0","0","0","0","0","0","0","0","0","0","0","0","0","0","0","0","0","0","0","0","0","0","0","0","0","0","0","0","0","0","0","0","0","0"
"0x7ff8935b0c80","      UIADD3.X UR9, UPT, UPT, URZ, UR11, URZ, UP0, !UPT","1","1","1","8192","262144","262144","32","32","0","0","0","-","-","-","0","0","0","0","0","0","0","0","0","-","0","0","0","0","0","0","0","0","0","0","0","0","0","0","0","0","1","0","0","0","0","0","0","0","0","0","0","0","0","0","0","0","0","1","0","0","0","0","0","0"
"0x7ff8935b0c90","      UMOV UR6, URZ","0","0","0","8192","262144","262144","32","32","0","0","0","-","-","-","0","0","0","0","0","0","0","0","0","-","0","0","0","0","0","0","0","0","0","0","0","0","0","0","0","0","0","0","0","0","0","0","0","0","0","0","0","0","0","0","0","0","0","0","0","0","0","0","0","0"
"0x7ff8935b0ca0","      UMOV UR22, 0x80","0","0","0","8192","262144","262144","32","32","0","0","0","-","-","-","0","0","0","0","0","0","0","0","0","-","0","0","0","0","0","0","0","0","0","0","0","0","0","0","0","0","0","0","0","0","0","0","0","0","0","0","0","0","0","0","0","0","0","0","0","0","0","0","0","0"
"0x7ff8935b0cb0","      UMOV UR26, 0x100","0","0","0","8192","262144","262144","32","32","0","0","0","-","-","-","0","0","0","0","0","0","0","0","0","-","0","0","0","0","0","0","0","0","0","0","0","0","0","0","0","0","0","0","0","0","0","0","0","0","0","0","0","0","0","0","0","0","0","0","0","0","0","0","0","0"
"0x7ff8935b0cc0","      UMOV UR18, 0x180","0","0","0","8192","262144","262144","32","32","0","0","0","-","-","-","0","0","0","0","0","0","0","0","0","-","0","0","0","0","0","0","0","0","0","0","0","0","0","0","0","0","0","0","0","0","0","0","0","0","0","0","0","0","0","0","0","0","0","0","0","0","0","0","0","0"
"0x7ff8935b0cd0","      UMOV UR14, UR6","1","0","1","8192","262144","262144","32","32","0","0","0","-","-","-","0","0","0","0","0","0","0","0","0","-","0","0","0","0","0","0","0","0","0","0","0","0","0","0","0","0","0","0","1","0","0","0","0","0","0","0","0","0","0","0","0","0","0","0","0","0","0","0","0","0"
"0x7ff8935b0ce0","      R2UR UR5, R0","2","2","2","8192","262144","262144","32","32","0","0","0","-","-","-","0","0","0","0","0","0","0","0","0","-","0","0","0","0","0","0","0","0","0","0","0","1","1","0","0","0","0","0","0","0","0","0","0","0","0","0","0","0","1","1","0","0","0","0","0","0","0","0","0","0"
"0x7ff8935b0cf0","@P0   IMAD.MOV.U32 R0, RZ, RZ, 0x9000","0","0","0","8192","262144","8192","32","1","31","31","0","-","-","-","0","0","0","0","0","0","0","0","0","-","0","0","0","0","0","0","0","0","0","0","0","0","0","0","0","0","0","0","0","0","0","0","0","0","0","0","0","0","0","0","0","0","0","0","0","0","0","0","0","0"
"0x7ff8935b0d00","@P0   SYNCS.ARRIVE.TRANS64 RZ, [UR4+0x2f938], R0","1","0","1","8192","262144","8192","32","1","0","31","0","-","-","-","0","0","0","0","0","0","0","0","0","-","0","0","0","0","0","0","0","0","0","0","0","0","0","0","0","0","0","0","1","0","0","0","0","0","0","0","0","0","0","0","0","0","0","0","0","0","0","0","0","0"
"0x7ff8935b0d10","      USHF.L.U32 UR7, UR5, 0x6, URZ","1","0","1","8192","262144","262144","32","32","31","0","0","-","-","-","0","0","0","0","0","0","0","0","0","-","0","0","0","0","0","0","0","0","0","0","0","0","0","0","0","0","0","0","0","0","0","0","1","0","0","0","0","0","0","0","0","0","0","0","0","0","0","0","0","0"
"0x7ff8935b0d20","      UIADD3 UR5, UPT, UPT, UR4, 0x2f938, URZ","0","0","0","8192","262144","262144","32","32","0","0","0","-","-","-","0","0","0","0","0","0","0","0","0","-","0","0","0","0","0","0","0","0","0","0","0","0","0","0","0","0","0","0","0","0","0","0","0","0","0","0","0","0","0","0","0","0","0","0","0","0","0","0","0","0"
"0x7ff8935b0d30","      UMOV UR23, UR7","0","0","0","8192","262144","262144","32","32","0","0","0","-","-","-","0","0","0","0","0","0","0","0","0","-","0","0","0","0","0","0","0","0","0","0","0","0","0","0","0","0","0","0","0","0","0","0","0","0","0","0","0","0","0","0","0","0","0","0","0","0","0","0","0","0"
"0x7ff8935b0d40","      UMOV UR27, UR7","0","0","0","8192","262144","262144","32","32","0","0","0","-","-","-","0","0","0","0","0","0","0","0","0","-","0","0","0","0","0","0","0","0","0","0","0","0","0","0","0","0","0","0","0","0","0","0","0","0","0","0","0","0","0","0","0","0","0","0","0","0","0","0","0","0"
"0x7ff8935b0d50","      UMOV UR21, UR5","0","0","0","8192","262144","262144","32","32","0","0","0","-","-","-","0","0","0","0","0","0","0","0","0","-","0","0","0","0","0","0","0","0","0","0","0","0","0","0","0","0","0","0","0","0","0","0","0","0","0","0","0","0","0","0","0","0","0","0","0","0","0","0","0","0"
"0x7ff8935b0d60","      UMOV UR25, UR5","0","0","0","8192","262144","262144","32","32","0","0","0","-","-","-","0","0","0","0","0","0","0","0","0","-","0","0","0","0","0","0","0","0","0","0","0","0","0","0","0","0","0","0","0","0","0","0","0","0","0","0","0","0","0","0","0","0","0","0","0","0","0","0","0","0"
"0x7ff8935b0d70","      UTMALDG.2D [UR4], [UR10]","2","2","2","8192","262144","262144","32","32","0","0","0","Global,Shared","-","-","0","0","0","0","0","0","0","0","0","-","0","0","0","0","0","0","0","0","0","0","0","0","0","0","2","0","0","0","0","0","0","0","0","0","0","0","0","0","0","0","0","2","0","0","0","0","0","0","0","0"
"0x7ff8935b0d80","      UMOV UR17, UR5","0","0","0","8192","262144","262144","32","32","0","0","0","-","-","-","0","0","0","0","0","0","0","0","0","-","0","0","0","0","0","0","0","0","0","0","0","0","0","0","0","0","0","0","0","0","0","0","0","0","0","0","0","0","0","0","0","0","0","0","0","0","0","0","0","0"
"0x7ff8935b0d90","      UMOV UR19, UR7","1","0","1","8192","262144","262144","32","32","0","0","0","-","-","-","0","0","0","0","0","0","0","0","0","-","0","0","0","0","0","0","0","0","1","0","0","0","0","0","0","0","0","0","0","0","0","0","0","0","0","0","0","0","0","0","0","0","0","0","0","0","0","0","0","0"
"0x7ff8935b0da0","      UMOV UR15, UR7","0","0","0","8192","262144","262144","32","32","0","0","0","-","-","-","0","0","0","0","0","0","0","0","0","-","0","0","0","0","0","0","0","0","0","0","0","0","0","0","0","0","0","0","0","0","0","0","0","0","0","0","0","0","0","0","0","0","0","0","0","0","0","0","0","0"
"0x7ff8935b0db0","      UMOV UR13, UR5","0","0","0","8192","262144","262144","32","32","0","0","0","-","-","-","0","0","0","0","0","0","0","0","0","-","0","0","0","0","0","0","0","0","0","0","0","0","0","0","0","0","0","0","0","0","0","0","0","0","0","0","0","0","0","0","0","0","0","0","0","0","0","0","0","0"
"0x7ff8935b0dc0","      UTMALDG.2D [UR20], [UR10]","2","1","2","8192","262144","262144","32","32","0","0","0","Global,Shared","-","-","0","0","0","0","0","0","0","0","0","-","0","0","0","0","0","0","0","0","0","0","0","0","0","0","2","0","0","0","0","0","0","0","0","0","0","0","0","0","0","0","0","1","0","0","0","0","0","0","0","0"
"0x7ff8935b0dd0","      UTMALDG.2D [UR24], [UR10]","0","0","0","8192","262144","262144","32","32","0","0","0","Global,Shared","-","-","0","0","0","0","0","0","0","0","0","-","0","0","0","0","0","0","0","0","0","0","0","0","0","0","0","0","0","0","0","0","0","0","0","0","0","0","0","0","0","0","0","0","0","0","0","0","0","0","0","0"
"0x7ff8935b0de0","      UTMALDG.2D [UR16], [UR10]","3","2","3","8192","262144","262144","32","32","0","0","0","Global,Shared","-","-","0","0","0","0","0","0","0","0","0","-","0","0","0","0","0","0","0","0","0","0","0","0","0","0","3","0","0","0","0","0","0","0","0","0","0","0","0","0","0","0","0","2","0","0","0","0","0","0","0","0"
"0x7ff8935b0df0","      UTMALDG.2D [UR12], [UR8]","3","2","3","8192","262144","262144","32","32","0","0","0","Global,Shared","-","-","0","0","0","0","0","0","0","0","0","-","0","0","0","0","0","0","0","0","0","0","0","0","0","0","3","0","0","0","0","0","0","0","0","0","0","0","0","0","0","0","0","2","0","0","0","0","0","0","0","0"
"0x7ff8935b0e00","      NOP","0","0","0","8192","262144","262144","32","32","0","0","0","-","-","-","0","0","0","0","0","0","0","0","0","-","0","0","0","0","0","0","0","0","0","0","0","0","0","0","0","0","0","0","0","0","0","0","0","0","0","0","0","0","0","0","0","0","0","0","0","0","0","0","0","0"
"0x7ff8935b0e10","      SYNCS.PHASECHK.TRANS64.TRYWAIT P0, [UR4+0x2f938], R3","39","26","39","65536","2097152","2097152","32","32","0","0","0","-","-","-","0","0","0","0","0","0","0","0","0","-","0","0","0","0","0","0","0","2","0","0","0","0","0","0","0","0","34","3","0","0","0","0","0","0","1","0","0","0","0","0","0","0","0","25","0","0","0","0","0","0"
"0x7ff8935b0e20","@!P0  BRA 0x7ff8935b34b0","2596","2502","2596","65536","2097152","1835008","32","28","4","4","0","-","-","-","0","0","0","0","0","0","0","0","0","-","0","0","0","0","0","0","0","0","0","0","0","2596","0","0","0","0","0","0","0","0","0","0","0","0","0","0","0","0","2502","0","0","0","0","0","0","0","0","0","0","0"
"0x7ff8935b0e30","      LDL R0, [R1]","1","1","1","65536","2097152","2097152","32","32","4","0","0","Local","Load","32","0","0","0","0","0","0","0","0","262144","-","0","0","0","0","0","0","0","0","0","0","0","0","0","0","0","0","0","0","0","0","0","0","1","0","0","0","0","0","0","0","0","0","0","0","0","0","0","0","0","1"
"0x7ff8935b0e40","      LDCU.64 UR6, c[0x0][0x398]","0","0","0","65536","2097152","2097152","32","32","0","0","0","-","-","-","0","0","0","0","0","0","0","0","0","-","0","0","0","0","0","0","0","0","0","0","0","0","0","0","0","0","0","0","0","0","0","0","0","0","0","0","0","0","0","0","0","0","0","0","0","0","0","0","0","0"
"0x7ff8935b0e50","      LDS R184, [UR4+0x2f940]","0","0","0","65536","2097152","2097152","32","32","0","0","0","Shared","Load","32","0","1","0","65536","65536","0","0","0","0","-","0","0","0","0","0","0","0","0","0","0","0","0","0","0","0","0","0","0","0","0","0","0","0","0","0","0","0","0","0","0","0","0","0","0","0","0","0","0","0","0"
"0x7ff8935b0e60","      LDCU.64 UR8, c[0x0][0x358]","1","0","1","65536","2097152","2097152","32","32","0","0","0","-","-","-","0","0","0","0","0","0","0","0","0","-","0","0","0","0","0","0","0","0","0","0","0","0","0","0","0","0","0","0","1","0","0","0","0","0","0","0","0","0","0","0","0","0","0","0","0","0","0","0","0","0"
"0x7ff8935b0e70","      R2UR UR5, R0","38","32","38","65536","2097152","2097152","32","32","0","0","0","-","-","-","0","0","0","0","0","0","0","0","0","-","0","0","0","0","0","0","0","0","0","0","0","34","0","0","0","0","0","0","4","0","0","0","0","0","0","0","0","0","32","0","0","0","0","0","0","0","0","0","0","0"
"0x7ff8935b0e80","      UIMAD.WIDE.U32 UR6, UR5, 0x4, UR6","9","9","9","65536","2097152","2097152","32","32","0","0","0","-","-","-","0","0","0","0","0","0","0","0","0","-","0","0","0","0","0","0","0","0","0","0","0","0","0","0","0","0","0","0","0","0","0","0","9","0","0","0","0","0","0","0","0","0","0","0","0","0","0","0","0","9"
"0x7ff8935b0e90","      IMAD.U32 R176, RZ, RZ, UR6","11","10","11","65536","2097152","2097152","32","32","0","0","0","-","-","-","0","0","0","0","0","0","0","0","0","-","0","0","0","0","0","0","0","0","0","0","0","0","1","0","0","0","0","0","0","0","0","0","10","0","0","0","0","0","0","1","0","0","0","0","0","0","0","0","0","9"
"0x7ff8935b0ea0","      IMAD.U32 R177, RZ, RZ, UR7","2","2","2","65536","2097152","2097152","32","32","0","0","0","-","-","-","0","0","0","0","0","0","0","0","0","-","0","0","0","0","0","0","0","0","0","0","0","0","0","0","0","0","0","0","0","0","0","0","2","0","0","0","0","0","0","0","0","0","0","0","0","0","0","0","0","2"
"0x7ff8935b0eb0","      LDG.E R3, desc[UR8][R176.64]","6","5","6","65536","2097152","2097152","32","32","0","0","0","Global","Load","32","65536","0","0","0","0","0","65536","65536","0","","0","0","0","0","0","0","0","0","0","0","0","0","0","0","0","0","0","0","0","0","0","0","6","0","0","0","0","0","0","0","0","0","0","0","0","0","0","0","0","5"
"0x7ff8935b0ec0","      IMAD.MOV.U32 R163, RZ, RZ, RZ","2","0","2","65536","2097152","2097152","32","32","0","0","0","-","-","-","0","0","0","0","0","0","0","0","0","-","0","0","0","0","0","0","0","0","0","0","0","0","0","0","0","0","0","0","2","0","0","0","0","0","0","0","0","0","0","0","0","0","0","0","0","0","0","0","0","0"
"0x7ff8935b0ed0","      SHF.R.S32.HI R0, RZ, 0x1f, R3","43","39","43","65536","2097152","2097152","32","32","0","0","0","-","-","-","0","0","0","0","0","0","0","0","0","-","0","0","0","0","0","0","0","0","0","0","0","43","0","0","0","0","0","0","0","0","0","0","0","0","0","0","0","0","39","0","0","0","0","0","0","0","0","0","0","0"
"0x7ff8935b0ee0","      LEA.HI R183, R0, R3, RZ, 0x7","6","2","6","65536","2097152","2097152","32","32","0","0","0","-","-","-","0","0","0","0","0","0","0","0","0","-","0","0","0","0","0","0","0","0","0","0","0","0","0","0","0","0","0","0","1","0","0","0","5","0","0","0","0","0","0","0","0","0","0","0","0","0","0","0","0","2"
"0x7ff8935b0ef0","      LOP3.LUT R0, R183, 0xffffff80, RZ, 0xc0, !PT","6","2","6","65536","2097152","2097152","32","32","0","0","0","-","-","-","0","0","0","0","0","0","0","0","0","-","0","0","0","0","0","0","0","0","0","0","0","0","0","0","0","0","0","0","2","0","0","0","4","0","0","0","0","0","0","0","0","0","0","0","0","0","0","0","0","2"
"0x7ff8935b0f00","      ISETP.NE.U32.AND P0, PT, R3, R0, PT","7","3","7","65536","2097152","2097152","32","32","0","0","0","-","-","-","0","0","0","0","0","0","0","0","0","-","0","0","0","0","0","0","0","0","0","0","0","0","1","0","0","0","0","0","3","0","0","0","3","0","0","0","0","0","0","1","0","0","0","0","0","0","0","0","0","2"
"0x7ff8935b0f10","      SHF.R.S32.HI R0, RZ, 0x7, R183","8","3","8","65536","2097152","2097152","32","32","0","0","0","-","-","-","0","0","0","0","0","0","0","0","0","-","0","0","0","0","0","0","0","0","0","0","0","0","0","0","0","0","0","0","5","0","0","0","3","0","0","0","0","0","0","0","0","0","0","0","0","0","0","0","0","3"
"0x7ff8935b0f20","      ISETP.GT.AND P0, PT, R3, -0x1, P0","3","3","3","65536","2097152","2097152","32","32","0","0","0","-","-","-","0","0","0","0","0","0","0","0","0","-","0","0","0","0","0","0","0","0","0","0","0","0","0","0","0","0","0","0","0","0","0","0","3","0","0","0","0","0","0","0","0","0","0","0","0","0","0","0","0","3"
"0x7ff8935b0f30","      LEA.HI.SX32 R183, R183, 0x1, 0x19","2","0","2","65536","2097152","2097152","32","32","0","0","0","-","-","-","0","0","0","0","0","0","0","0","0","-","0","0","0","0","0","0","0","0","0","0","0","0","0","0","0","0","0","0","2","0","0","0","0","0","0","0","0","0","0","0","0","0","0","0","0","0","0","0","0","0"
"0x7ff8935b0f40","@!P0  IMAD.MOV R183, RZ, RZ, R0","12","9","12","65536","2097152","2097152","32","32","0","0","0","-","-","-","0","0","0","0","0","0","0","0","0","-","0","0","0","0","0","0","0","0","0","0","0","0","1","0","0","0","0","0","0","0","0","0","11","0","0","0","0","0","0","0","0","0","0","0","0","0","0","0","0","9"
"0x7ff8935b0f50","      ISETP.GE.AND P0, PT, R183, 0x1, PT","10","8","10","65536","2097152","2097152","32","32","0","0","0","-","-","-","0","0","0","0","0","0","0","0","0","-","0","0","0","0","0","0","0","0","0","0","0","0","2","0","0","0","0","0","1","0","0","0","7","0","0","0","0","0","0","2","0","0","0","0","0","0","0","0","0","6"
"0x7ff8935b0f60","@!P0  BRA 0x7ff8935b23a0","21","11","21","65536","2097152","0","32","0","32","32","0","-","-","-","0","0","0","0","0","0","0","0","0","-","0","0","0","0","0","0","0","0","0","0","0","0","0","0","0","0","0","1","5","0","0","0","15","0","0","0","0","0","0","0","0","0","0","0","0","0","0","0","0","11"
"0x7ff8935b0f70","      LEA.HI R180, R168, R168, RZ, 0x1","5","4","5","65536","2097152","2097152","32","32","32","0","0","-","-","-","0","0","0","0","0","0","0","0","0","-","0","0","0","0","0","0","0","0","0","0","0","0","0","0","0","0","0","0","1","0","0","0","4","0","0","0","0","0","0","0","0","0","0","0","0","0","0","0","0","4"
"0x7ff8935b0f80","      HFMA2 R163, -RZ, RZ, 0, 0","3","0","3","65536","2097152","2097152","32","32","0","0","0","-","-","-","0","0","0","0","0","0","0","0","0","-","0","0","0","0","0","0","0","0","0","0","0","0","0","0","0","0","0","0","3","0","0","0","0","0","0","0","0","0","0","0","0","0","0","0","0","0","0","0","0","0"
"0x7ff8935b0f90","      IMAD.IADD R182, R173, 0x1, R184","3","0","3","65536","2097152","2097152","32","32","0","0","0","-","-","-","0","0","0","0","0","0","0","0","0","-","0","0","0","0","0","0","0","0","0","0","0","0","0","0","0","0","0","0","3","0","0","0","0","0","0","0","0","0","0","0","0","0","0","0","0","0","0","0","0","0"
"0x7ff8935b0fa0","      UMOV UR6, URZ","1","0","1","65536","2097152","2097152","32","32","0","0","0","-","-","-","0","0","0","0","0","0","0","0","0","-","0","0","0","0","0","0","0","0","0","0","0","0","0","0","0","0","0","0","1","0","0","0","0","0","0","0","0","0","0","0","0","0","0","0","0","0","0","0","0","0"
"0x7ff8935b0fb0","      LOP3.LUT R179, R180, 0xfffffffe, RZ, 0xc0, !PT","1","0","1","65536","2097152","2097152","32","32","0","0","0","-","-","-","0","0","0","0","0","0","0","0","0","-","0","0","0","0","0","0","0","0","0","0","0","0","0","0","0","0","0","0","1","0","0","0","0","0","0","0","0","0","0","0","0","0","0","0","0","0","0","0","0","0"
"0x7ff8935b0fc0","      IMAD.IADD R181, R174, 0x1, R184","1","0","1","65536","2097152","2097152","32","32","0","0","0","-","-","-","0","0","0","0","0","0","0","0","0","-","0","0","0","0","0","0","0","0","0","0","0","0","0","0","0","0","0","0","1","0","0","0","0","0","0","0","0","0","0","0","0","0","0","0","0","0","0","0","0","0"
"0x7ff8935b0fd0","      SHF.R.S32.HI R180, RZ, 0x1, R180","1","0","1","65536","2097152","2097152","32","32","0","0","0","-","-","-","0","0","0","0","0","0","0","0","0","-","0","0","0","0","0","0","0","0","0","0","0","0","0","0","0","0","0","0","1","0","0","0","0","0","0","0","0","0","0","0","0","0","0","0","0","0","0","0","0","0"
"0x7ff8935b0fe0","      IMAD.MOV.U32 R39, RZ, RZ, -0xeb60d36","3","0","3","65536","2097152","2097152","32","32","0","0","0","-","-","-","0","0","0","0","0","0","0","0","0","-","0","0","0","0","0","0","0","0","0","0","0","0","0","0","0","0","0","0","3","0","0","0","0","0","0","0","0","0","0","0","0","0","0","0","0","0","0","0","0","0"
"0x7ff8935b0ff0","      IADD3 R179, PT, PT, -R179, R168, RZ","3","0","3","65536","2097152","2097152","32","32","0","0","0","-","-","-","0","0","0","0","0","0","0","0","0","-","0","0","0","0","0","0","0","0","0","0","0","0","0","0","0","0","0","0","3","0","0","0","0","0","0","0","0","0","0","0","0","0","0","0","0","0","0","0","0","0"
"0x7ff8935b1000","      VIADD R7, R168, UR6","421","311","421","1048576","33554432","33554432","32","32","0","0","0","-","-","-","0","0","0","0","0","0","0","0","0","-","0","0","0","0","0","0","0","66","0","0","0","0","4","0","0","0","327","15","0","0","0","0","9","0","45","0","0","0","0","1","0","0","0","263","0","0","0","0","0","2"
"0x7ff8935b1010","      IMAD.SHL.U32 R0, R180, 0x2, RZ","39","9","39","1048576","33554432","33554432","32","32","0","0","0","-","-","-","0","0","0","0","0","0","0","0","0","-","0","0","0","0","0","0","0","0","0","0","0","0","0","0","0","0","0","0","21","0","0","0","18","0","0","0","0","0","0","0","0","0","0","0","0","0","0","0","0","9"
"0x7ff8935b1020","      VIADD R5, R180, 0xffffffff","50","13","50","1048576","33554432","33554432","32","32","0","0","0","-","-","-","0","0","0","0","0","0","0","0","0","-","0","0","0","0","0","0","0","0","0","0","0","0","0","0","0","0","0","2","20","0","0","0","28","0","0","0","0","0","0","0","0","0","0","0","0","0","0","0","0","13"
"0x7ff8935b1030","      LEA.HI R2, R7, R7, RZ, 0x1","23","0","23","1048576","33554432","33554432","32","32","0","0","0","-","-","-","0","0","0","0","0","0","0","0","0","-","0","0","0","0","0","0","0","0","0","0","0","0","0","0","0","0","0","0","23","0","0","0","0","0","0","0","0","0","0","0","0","0","0","0","0","0","0","0","0","0"
"0x7ff8935b1040","      ISETP.NE.U32.AND P0, PT, R7, R0, PT","45","12","45","1048576","33554432","33554432","32","32","0","0","0","-","-","-","0","0","0","0","0","0","0","0","0","-","0","0","0","0","0","0","0","0","0","0","0","0","1","0","0","0","0","3","20","0","0","0","21","0","0","0","0","0","0","1","0","0","0","0","0","0","0","0","0","11"
"0x7ff8935b1050","      LOP3.LUT R2, R2, 0xfffffffe, RZ, 0xc0, !PT","38","7","38","1048576","33554432","33554432","32","32","0","0","0","-","-","-","0","0","0","0","0","0","0","0","0","-","0","0","0","0","0","0","0","0","0","0","0","0","2","0","0","0","0","2","12","0","0","0","22","0","0","0","0","0","0","2","0","0","0","0","0","0","0","0","0","5"
"0x7ff8935b1060","      ISETP.LT.AND P0, PT, R7, RZ, P0","64","15","64","1048576","33554432","33554432","32","32","0","0","0","-","-","-","0","0","0","0","0","0","0","0","0","-","0","0","0","0","0","0","0","0","0","0","0","0","12","0","0","0","0","17","17","0","0","0","18","0","0","0","0","0","0","9","0","0","0","0","0","0","0","0","0","6"
"0x7ff8935b1070","      IMAD.IADD R2, R7, 0x1, -R2","74","13","74","1048576","33554432","33554432","32","32","0","0","0","-","-","-","0","0","0","0","0","0","0","0","0","-","0","0","0","0","0","0","0","0","0","0","0","0","1","0","0","0","0","9","18","0","0","0","46","0","0","0","0","0","0","0","0","0","0","0","0","0","0","0","0","13"
"0x7ff8935b1080","      LEA R178, R2, UR4, 0x3","131","43","131","1048576","33554432","33554432","32","32","0","0","0","-","-","-","0","0","0","0","0","0","0","0","0","-","0","0","0","0","0","0","0","0","0","0","0","0","14","0","0","0","4","22","16","0","0","0","75","0","0","0","0","0","0","9","0","0","0","2","0","0","0","0","0","32"
"0x7ff8935b1090","      SHF.L.U32 R175, R2, 0x1f, RZ","34","8","34","1048576","33554432","33554432","32","32","0","0","0","-","-","-","0","0","0","0","0","0","0","0","0","-","0","0","0","0","0","0","0","0","0","0","0","0","0","0","0","0","0","1","18","0","0","0","15","0","0","0","0","0","0","0","0","0","0","0","0","0","0","0","0","8"
"0x7ff8935b10a0","@!P0  IMAD.MOV R5, RZ, RZ, R180","54","19","54","1048576","33554432","33554432","32","32","0","0","0","-","-","-","0","0","0","0","0","0","0","0","0","-","0","0","0","0","0","0","0","0","0","0","0","0","2","0","0","0","0","5","20","0","0","0","27","0","0","0","0","0","0","0","0","0","0","0","0","0","0","0","0","19"
"0x7ff8935b10b0","      LEA.HI R0, R5, R5, RZ, 0x1","118","48","118","1048576","33554432","33554432","32","32","0","0","0","-","-","-","0","0","0","0","0","0","0","0","0","-","0","0","0","0","0","0","0","0","0","0","0","0","8","0","0","0","0","12","22","0","0","0","76","0","0","0","0","0","0","7","0","0","0","0","0","0","0","0","0","41"
"0x7ff8935b10c0","      LOP3.LUT R0, R0, 0xfffffffe, RZ, 0xc0, !PT","86","39","86","1048576","33554432","33554432","32","32","0","0","0","-","-","-","0","0","0","0","0","0","0","0","0","-","0","0","0","0","0","0","0","0","0","0","0","0","12","0","0","0","0","4","15","0","0","0","55","0","0","0","0","0","0","9","0","0","0","0","0","0","0","0","0","30"
"0x7ff8935b10d0","      IMAD.IADD R0, R5, 0x1, -R0","117","49","117","1048576","33554432","33554432","32","32","0","0","0","-","-","-","0","0","0","0","0","0","0","0","0","-","0","0","0","0","0","0","0","0","0","0","0","0","3","0","0","0","0","6","20","0","0","0","88","0","0","0","0","0","0","2","0","0","0","0","0","0","0","0","0","47"
"0x7ff8935b10e0","      SHF.L.U32 R3, R0, 0x1f, RZ","107","45","107","1048576","33554432","33554432","32","32","0","0","0","-","-","-","0","0","0","0","0","0","0","0","0","-","0","0","0","0","0","0","0","0","1","0","0","0","8","0","0","0","0","2","17","0","0","0","79","0","0","0","0","0","0","6","0","0","0","0","0","0","0","0","0","39"
"0x7ff8935b10f0","      IMAD R0, R2, 0x4, R167","19","0","19","1048576","33554432","33554432","32","32","0","0","0","-","-","-","0","0","0","0","0","0","0","0","0","-","0","0","0","0","0","0","0","0","0","0","0","0","0","0","0","0","0","0","19","0","0","0","0","0","0","0","0","0","0","0","0","0","0","0","0","0","0","0","0","0"
"0x7ff8935b1100","      SYNCS.PHASECHK.TRANS64.TRYWAIT P0, [R178+URZ+0x2f948], R3","52","13","52","1048576","33554432","33554432","32","32","0","0","0","-","-","-","0","0","0","0","0","0","0","0","0","-","0","0","0","0","0","0","0","0","0","0","0","0","0","0","0","0","0","2","19","0","0","0","31","0","0","0","0","0","0","0","0","0","0","0","0","0","0","0","0","13"
"0x7ff8935b1110","      LEA R0, R0, UR4, 0x2","49","17","49","1048576","33554432","33554432","32","32","0","0","0","-","-","-","0","0","0","0","0","0","0","0","0","-","0","0","0","0","0","0","0","0","1","0","0","0","6","0","0","0","0","2","20","0","0","0","20","0","0","1","0","0","0","5","0","0","0","0","0","0","0","0","0","11"
"0x7ff8935b1120","@!P0  BRA 0x7ff8935b3500","972","741","972","1048576","33554432","59872","32","0","32","32","0","-","-","-","0","0","0","0","0","0","0","0","0","-","0","0","0","0","0","0","0","0","0","0","0","942","0","0","0","0","0","9","21","0","0","0","0","0","0","0","0","0","741","0","0","0","0","0","0","0","0","0","0","0"
"0x7ff8935b1130","      NOP","121","89","121","1048576","33554432","33554432","32","32","32","0","0","-","-","-","0","0","0","0","0","0","0","0","0","-","0","0","0","0","0","0","0","0","0","0","0","0","0","0","0","0","0","4","19","0","0","0","98","0","0","0","0","0","0","0","0","0","0","0","0","0","0","0","0","89"
"0x7ff8935b1140","      LDS R2, [R0+0x2f900]","14","0","14","1048576","33554432","33554432","32","32","0","0","0","Shared","Load","32","0","1","0","1048576","1048576","0","0","0","0","-","0","0","0","0","0","0","0","0","0","0","0","0","0","0","0","0","0","0","14","0","0","0","0","0","0","0","0","0","0","0","0","0","0","0","0","0","0","0","0","0"
"0x7ff8935b1150","      SYNCS.PHASECHK.TRANS64.TRYWAIT P1, [UR4+0x2f920], R175","17","0","17","1048576","33554432","33554432","32","32","0","0","0","-","-","-","0","0","0","0","0","0","0","0","0","-","0","0","0","0","0","0","0","0","0","0","0","0","0","0","0","0","0","0","17","0","0","0","0","0","0","0","0","0","0","0","0","0","0","0","0","0","0","0","0","0"
"0x7ff8935b1160","      ISETP.NE.U32.AND P0, PT, R2, -0x1, PT","485","265","485","1048576","33554432","33554432","32","32","0","0","0","-","-","-","0","0","0","0","0","0","0","0","0","-","0","0","0","0","0","0","0","0","3","0","0","0","2","0","0","0","0","23","21","436","0","0","0","0","0","0","0","0","0","0","0","0","0","0","0","0","265","0","0","0"
"0x7ff8935b1170","      SEL R36, RZ, 0x1, !P0","126","39","126","1048576","33554432","33554432","32","32","0","0","0","-","-","-","0","0","0","0","0","0","0","0","0","-","0","0","0","0","0","0","0","0","4","0","0","0","11","0","0","0","0","29","18","0","0","0","64","0","0","2","0","0","0","7","0","0","0","0","0","0","0","0","0","30"
"0x7ff8935b1180","@!P1  BRA 0x7ff8935b3550","13677","9676","13677","1048576","33554432","33554432","32","32","0","0","0","-","-","-","0","0","0","0","0","0","0","0","0","-","0","0","0","0","0","0","0","0","1","0","0","13628","0","0","0","0","0","35","13","0","0","0","0","0","0","0","0","0","9676","0","0","0","0","0","0","0","0","0","0","0"
"0x7ff8935b1190","      R2UR UR5, R181","169","94","169","1048576","33554432","33554432","32","32","0","0","0","-","-","-","0","0","0","0","0","0","0","0","0","-","0","0","0","0","0","0","0","0","3","0","0","0","3","0","0","0","0","18","20","0","0","0","125","0","0","0","0","0","0","1","0","0","0","0","0","0","0","0","0","93"
"0x7ff8935b11a0","      IMAD.SHL.U32 R36, R36, 0x4, RZ","27","0","27","1048576","33554432","33554432","32","32","0","0","0","-","-","-","0","0","0","0","0","0","0","0","0","-","0","0","0","0","0","0","0","0","0","0","0","0","0","0","0","0","0","0","27","0","0","0","0","0","0","0","0","0","0","0","0","0","0","0","0","0","0","0","0","0"
"0x7ff8935b11b0","      NOP","26","0","26","1048576","33554432","33554432","32","32","0","0","0","-","-","-","0","0","0","0","0","0","0","0","0","-","0","0","0","0","0","0","0","0","0","0","0","0","0","0","0","0","0","0","26","0","0","0","0","0","0","0","0","0","0","0","0","0","0","0","0","0","0","0","0","0"
"0x7ff8935b11c0","      LDC R36, c[0x2][R36]","136","38","136","1048576","33554432","33554432","32","32","0","0","0","-","-","-","0","0","0","0","0","0","0","0","0","-","0","0","0","0","0","0","0","0","8","0","0","0","0","0","0","0","0","24","14","0","0","0","90","0","0","0","0","0","0","0","0","0","0","0","0","0","0","0","0","38"
"0x7ff8935b11d0","      LDTM.STAT.x32.MAX.F32.NAN R42, R4, tmem[UR5]","161","70","161","1048576","33554432","33554432","32","32","0","0","0","Tmem","Load","-","0","0","0","0","0","0","0","0","0","-","0","0","0","0","0","0","0","0","4","0","0","0","0","0","0","0","0","9","23","0","0","0","125","0","0","1","0","0","0","0","0","0","0","0","0","0","0","0","0","69"
"0x7ff8935b11e0","      NOP","20","0","20","1048576","33554432","33554432","32","32","0","0","0","-","-","-","0","0","0","0","0","0","0","0","0","-","0","0","0","0","0","0","0","0","0","0","0","0","0","0","0","0","0","0","20","0","0","0","0","0","0","0","0","0","0","0","0","0","0","0","0","0","0","0","0","0"
"0x7ff8935b11f0","      FMNMX R42, R42, R39, !PT","756","468","756","1048576","33554432","33554432","32","32","0","0","0","-","-","-","0","0","0","0","0","0","0","0","0","-","0","0","0","0","0","0","0","0","4","0","0","0","6","0","0","0","0","56","16","674","0","0","0","0","0","0","0","0","0","6","0","0","0","0","0","0","462","0","0","0"
"0x7ff8935b1200","      SHF.R.S32.HI R37, RZ, 0x1f, R36","89","48","89","1048576","33554432","33554432","32","32","0","0","0","-","-","-","0","0","0","0","0","0","0","0","0","-","0","0","0","0","0","0","0","0","1","0","0","0","2","0","0","0","0","10","20","24","0","0","32","0","0","0","0","0","0","2","0","0","0","0","0","0","19","0","0","27"
"0x7ff8935b1210","      BRX R36, -0x38a0","125","41","125","1048576","33554432","33554432","32","32","0","0","0","-","-","-","0","0","0","0","0","0","0","0","0","-","0","0","0","0","0","0","0","0","4","0","0","0","0","0","0","0","0","43","23","0","0","0","55","0","0","0","0","0","0","0","0","0","0","0","0","0","0","0","0","41"
"0x7ff8935b1220","      R2P PR, R2, 0x7f","732","519","732","0","0","0","0","0","32","32","0","-","-","-","0","0","0","0","0","0","0","0","0","-","0","0","0","0","0","0","0","615","0","0","0","0","0","0","0","0","0","0","24","0","0","0","93","0","455","0","0","0","0","0","0","0","0","0","0","0","0","0","0","64"
"0x7ff8935b1230","      SEL R4, R4, 0xf149f2ca, P0","0","0","0","0","0","0","0","0","0","32","0","-","-","-","0","0","0","0","0","0","0","0","0","-","0","0","0","0","0","0","0","0","0","0","0","0","0","0","0","0","0","0","0","0","0","0","0","0","0","0","0","0","0","0","0","0","0","0","0","0","0","0","0","0"
"0x7ff8935b1240","      SEL R5, R5, 0xf149f2ca, P1","0","0","0","0","0","0","0","0","0","32","0","-","-","-","0","0","0","0","0","0","0","0","0","-","0","0","0","0","0","0","0","0","0","0","0","0","0","0","0","0","0","0","0","0","0","0","0","0","0","0","0","0","0","0","0","0","0","0","0","0","0","0","0","0"
"0x7ff8935b1250","      SEL R6, R6, 0xf149f2ca, P2","0","0","0","0","0","0","0","0","0","32","0","-","-","-","0","0","0","0","0","0","0","0","0","-","0","0","0","0","0","0","0","0","0","0","0","0","0","0","0","0","0","0","0","0","0","0","0","0","0","0","0","0","0","0","0","0","0","0","0","0","0","0","0","0"
"0x7ff8935b1260","      SEL R7, R7, 0xf149f2ca, P3","0","0","0","0","0","0","0","0","0","32","0","-","-","-","0","0","0","0","0","0","0","0","0","-","0","0","0","0","0","0","0","0","0","0","0","0","0","0","0","0","0","0","0","0","0","0","0","0","0","0","0","0","0","0","0","0","0","0","0","0","0","0","0","0"
"0x7ff8935b1270","      LOP3.LUT P0, RZ, R2, 0x80, RZ, 0xc0, !PT","0","0","0","0","0","0","0","0","0","32","0","-","-","-","0","0","0","0","0","0","0","0","0","-","0","0","0","0","0","0","0","0","0","0","0","0","0","0","0","0","0","0","0","0","0","0","0","0","0","0","0","0","0","0","0","0","0","0","0","0","0","0","0","0"
"0x7ff8935b1280","      LOP3.LUT P1, RZ, R2, 0x8000, RZ, 0xc0, !PT","0","0","0","0","0","0","0","0","0","32","0","-","-","-","0","0","0","0","0","0","0","0","0","-","0","0","0","0","0","0","0","0","0","0","0","0","0","0","0","0","0","0","0","0","0","0","0","0","0","0","0","0","0","0","0","0","0","0","0","0","0","0","0","0"
"0x7ff8935b1290","      LOP3.LUT P2, RZ, R2, 0x800000, RZ, 0xc0, !PT","0","0","0","0","0","0","0","0","0","32","0","-","-","-","0","0","0","0","0","0","0","0","0","-","0","0","0","0","0","0","0","0","0","0","0","0","0","0","0","0","0","0","0","0","0","0","0","0","0","0","0","0","0","0","0","0","0","0","0","0","0","0","0","0"
"0x7ff8935b12a0","      LOP3.LUT P3, RZ, R2, 0x80000000, RZ, 0xc0, !PT","0","0","0","0","0","0","0","0","0","32","0","-","-","-","0","0","0","0","0","0","0","0","0","-","0","0","0","0","0","0","0","0","0","0","0","0","0","0","0","0","0","0","0","0","0","0","0","0","0","0","0","0","0","0","0","0","0","0","0","0","0","0","0","0"
"0x7ff8935b12b0","      SEL R8, R8, 0xf149f2ca, P4","0","0","0","0","0","0","0","0","0","32","0","-","-","-","0","0","0","0","0","0","0","0","0","-","0","0","0","0","0","0","0","0","0","0","0","0","0","0","0","0","0","0","0","0","0","0","0","0","0","0","0","0","0","0","0","0","0","0","0","0","0","0","0","0"
"0x7ff8935b12c0","      SEL R9, R9, 0xf149f2ca, P5","0","0","0","0","0","0","0","0","0","32","0","-","-","-","0","0","0","0","0","0","0","0","0","-","0","0","0","0","0","0","0","0","0","0","0","0","0","0","0","0","0","0","0","0","0","0","0","0","0","0","0","0","0","0","0","0","0","0","0","0","0","0","0","0"
"0x7ff8935b12d0","      SEL R10, R10, 0xf149f2ca, P6","0","0","0","0","0","0","0","0","0","32","0","-","-","-","0","0","0","0","0","0","0","0","0","-","0","0","0","0","0","0","0","0","0","0","0","0","0","0","0","0","0","0","0","0","0","0","0","0","0","0","0","0","0","0","0","0","0","0","0","0","0","0","0","0"
"0x7ff8935b12e0","      SEL R11, R11, 0xf149f2ca, P0","0","0","0","0","0","0","0","0","0","32","0","-","-","-","0","0","0","0","0","0","0","0","0","-","0","0","0","0","0","0","0","0","0","0","0","0","0","0","0","0","0","0","0","0","0","0","0","0","0","0","0","0","0","0","0","0","0","0","0","0","0","0","0","0"
"0x7ff8935b12f0","      SEL R19, R19, 0xf149f2ca, P1","0","0","0","0","0","0","0","0","0","32","0","-","-","-","0","0","0","0","0","0","0","0","0","-","0","0","0","0","0","0","0","0","0","0","0","0","0","0","0","0","0","0","0","0","0","0","0","0","0","0","0","0","0","0","0","0","0","0","0","0","0","0","0","0"
"0x7ff8935b1300","      SEL R27, R27, 0xf149f2ca, P2","0","0","0","0","0","0","0","0","0","32","0","-","-","-","0","0","0","0","0","0","0","0","0","-","0","0","0","0","0","0","0","0","0","0","0","0","0","0","0","0","0","0","0","0","0","0","0","0","0","0","0","0","0","0","0","0","0","0","0","0","0","0","0","0"
"0x7ff8935b1310","      SEL R35, R35, 0xf149f2ca, P3","0","0","0","0","0","0","0","0","0","32","0","-","-","-","0","0","0","0","0","0","0","0","0","-","0","0","0","0","0","0","0","0","0","0","0","0","0","0","0","0","0","0","0","0","0","0","0","0","0","0","0","0","0","0","0","0","0","0","0","0","0","0","0","0"
"0x7ff8935b1320","      R2P PR, R2.B1, 0x7f","0","0","0","0","0","0","0","0","0","32","0","-","-","-","0","0","0","0","0","0","0","0","0","-","0","0","0","0","0","0","0","0","0","0","0","0","0","0","0","0","0","0","0","0","0","0","0","0","0","0","0","0","0","0","0","0","0","0","0","0","0","0","0","0"
"0x7ff8935b1330","      FMNMX3.NAN R36, R4, R5, R6, !PT","0","0","0","0","0","0","0","0","0","32","0","-","-","-","0","0","0","0","0","0","0","0","0","-","0","0","0","0","0","0","0","0","0","0","0","0","0","0","0","0","0","0","0","0","0","0","0","0","0","0","0","0","0","0","0","0","0","0","0","0","0","0","0","0"
"0x7ff8935b1340","      FMNMX3.NAN R3, R7, R8, R9, !PT","0","0","0","0","0","0","0","0","0","32","0","-","-","-","0","0","0","0","0","0","0","0","0","-","0","0","0","0","0","0","0","0","0","0","0","0","0","0","0","0","0","0","0","0","0","0","0","0","0","0","0","0","0","0","0","0","0","0","0","0","0","0","0","0"
"0x7ff8935b1350","      SEL R12, R12, 0xf149f2ca, P0","0","0","0","0","0","0","0","0","0","32","0","-","-","-","0","0","0","0","0","0","0","0","0","-","0","0","0","0","0","0","0","0","0","0","0","0","0","0","0","0","0","0","0","0","0","0","0","0","0","0","0","0","0","0","0","0","0","0","0","0","0","0","0","0"
"0x7ff8935b1360","      SEL R13, R13, 0xf149f2ca, P1","0","0","0","0","0","0","0","0","0","32","0","-","-","-","0","0","0","0","0","0","0","0","0","-","0","0","0","0","0","0","0","0","0","0","0","0","0","0","0","0","0","0","0","0","0","0","0","0","0","0","0","0","0","0","0","0","0","0","0","0","0","0","0","0"
"0x7ff8935b1370","      SEL R14, R14, 0xf149f2ca, P2","0","0","0","0","0","0","0","0","0","32","0","-","-","-","0","0","0","0","0","0","0","0","0","-","0","0","0","0","0","0","0","0","0","0","0","0","0","0","0","0","0","0","0","0","0","0","0","0","0","0","0","0","0","0","0","0","0","0","0","0","0","0","0","0"
"0x7ff8935b1380","      SEL R15, R15, 0xf149f2ca, P3","0","0","0","0","0","0","0","0","0","32","0","-","-","-","0","0","0","0","0","0","0","0","0","-","0","0","0","0","0","0","0","0","0","0","0","0","0","0","0","0","0","0","0","0","0","0","0","0","0","0","0","0","0","0","0","0","0","0","0","0","0","0","0","0"
"0x7ff8935b1390","      SEL R16, R16, 0xf149f2ca, P4","0","0","0","0","0","0","0","0","0","32","0","-","-","-","0","0","0","0","0","0","0","0","0","-","0","0","0","0","0","0","0","0","0","0","0","0","0","0","0","0","0","0","0","0","0","0","0","0","0","0","0","0","0","0","0","0","0","0","0","0","0","0","0","0"
"0x7ff8935b13a0","      SEL R17, R17, 0xf149f2ca, P5","0","0","0","0","0","0","0","0","0","32","0","-","-","-","0","0","0","0","0","0","0","0","0","-","0","0","0","0","0","0","0","0","0","0","0","0","0","0","0","0","0","0","0","0","0","0","0","0","0","0","0","0","0","0","0","0","0","0","0","0","0","0","0","0"
"0x7ff8935b13b0","      SEL R18, R18, 0xf149f2ca, P6","0","0","0","0","0","0","0","0","0","32","0","-","-","-","0","0","0","0","0","0","0","0","0","-","0","0","0","0","0","0","0","0","0","0","0","0","0","0","0","0","0","0","0","0","0","0","0","0","0","0","0","0","0","0","0","0","0","0","0","0","0","0","0","0"
"0x7ff8935b13c0","      R2P PR, R2.B2, 0x7f","0","0","0","0","0","0","0","0","0","32","0","-","-","-","0","0","0","0","0","0","0","0","0","-","0","0","0","0","0","0","0","0","0","0","0","0","0","0","0","0","0","0","0","0","0","0","0","0","0","0","0","0","0","0","0","0","0","0","0","0","0","0","0","0"
"0x7ff8935b13d0","      FMNMX3.NAN R0, R10, R11, R12, !PT","0","0","0","0","0","0","0","0","0","32","0","-","-","-","0","0","0","0","0","0","0","0","0","-","0","0","0","0","0","0","0","0","0","0","0","0","0","0","0","0","0","0","0","0","0","0","0","0","0","0","0","0","0","0","0","0","0","0","0","0","0","0","0","0"
"0x7ff8935b13e0","      FMNMX3.NAN R42, R13, R14, R15, !PT","0","0","0","0","0","0","0","0","0","32","0","-","-","-","0","0","0","0","0","0","0","0","0","-","0","0","0","0","0","0","0","0","0","0","0","0","0","0","0","0","0","0","0","0","0","0","0","0","0","0","0","0","0","0","0","0","0","0","0","0","0","0","0","0"
"0x7ff8935b13f0","      SEL R20, R20, 0xf149f2ca, P0","0","0","0","0","0","0","0","0","0","32","0","-","-","-","0","0","0","0","0","0","0","0","0","-","0","0","0","0","0","0","0","0","0","0","0","0","0","0","0","0","0","0","0","0","0","0","0","0","0","0","0","0","0","0","0","0","0","0","0","0","0","0","0","0"
"0x7ff8935b1400","      SEL R21, R21, 0xf149f2ca, P1","0","0","0","0","0","0","0","0","0","32","0","-","-","-","0","0","0","0","0","0","0","0","0","-","0","0","0","0","0","0","0","0","0","0","0","0","0","0","0","0","0","0","0","0","0","0","0","0","0","0","0","0","0","0","0","0","0","0","0","0","0","0","0","0"
"0x7ff8935b1410","      SEL R22, R22, 0xf149f2ca, P2","0","0","0","0","0","0","0","0","0","32","0","-","-","-","0","0","0","0","0","0","0","0","0","-","0","0","0","0","0","0","0","0","0","0","0","0","0","0","0","0","0","0","0","0","0","0","0","0","0","0","0","0","0","0","0","0","0","0","0","0","0","0","0","0"
"0x7ff8935b1420","      SEL R23, R23, 0xf149f2ca, P3","0","0","0","0","0","0","0","0","0","32","0","-","-","-","0","0","0","0","0","0","0","0","0","-","0","0","0","0","0","0","0","0","0","0","0","0","0","0","0","0","0","0","0","0","0","0","0","0","0","0","0","0","0","0","0","0","0","0","0","0","0","0","0","0"
"0x7ff8935b1430","      SEL R24, R24, 0xf149f2ca, P4","0","0","0","0","0","0","0","0","0","32","0","-","-","-","0","0","0","0","0","0","0","0","0","-","0","0","0","0","0","0","0","0","0","0","0","0","0","0","0","0","0","0","0","0","0","0","0","0","0","0","0","0","0","0","0","0","0","0","0","0","0","0","0","0"
"0x7ff8935b1440","      SEL R25, R25, 0xf149f2ca, P5","0","0","0","0","0","0","0","0","0","32","0","-","-","-","0","0","0","0","0","0","0","0","0","-","0","0","0","0","0","0","0","0","0","0","0","0","0","0","0","0","0","0","0","0","0","0","0","0","0","0","0","0","0","0","0","0","0","0","0","0","0","0","0","0"
"0x7ff8935b1450","      SEL R26, R26, 0xf149f2ca, P6","0","0","0","0","0","0","0","0","0","32","0","-","-","-","0","0","0","0","0","0","0","0","0","-","0","0","0","0","0","0","0","0","0","0","0","0","0","0","0","0","0","0","0","0","0","0","0","0","0","0","0","0","0","0","0","0","0","0","0","0","0","0","0","0"
"0x7ff8935b1460","      R2P PR, R2.B3, 0x7f","0","0","0","0","0","0","0","0","0","32","0","-","-","-","0","0","0","0","0","0","0","0","0","-","0","0","0","0","0","0","0","0","0","0","0","0","0","0","0","0","0","0","0","0","0","0","0","0","0","0","0","0","0","0","0","0","0","0","0","0","0","0","0","0"
"0x7ff8935b1470","      FMNMX3.NAN R0, R36, R3, R0, !PT","0","0","0","0","0","0","0","0","0","32","0","-","-","-","0","0","0","0","0","0","0","0","0","-","0","0","0","0","0","0","0","0","0","0","0","0","0","0","0","0","0","0","0","0","0","0","0","0","0","0","0","0","0","0","0","0","0","0","0","0","0","0","0","0"
"0x7ff8935b1480","      FMNMX3.NAN R41, R16, R17, R18, !PT","0","0","0","0","0","0","0","0","0","32","0","-","-","-","0","0","0","0","0","0","0","0","0","-","0","0","0","0","0","0","0","0","0","0","0","0","0","0","0","0","0","0","0","0","0","0","0","0","0","0","0","0","0","0","0","0","0","0","0","0","0","0","0","0"
"0x7ff8935b1490","      SEL R31, R31, 0xf149f2ca, P3","0","0","0","0","0","0","0","0","0","32","0","-","-","-","0","0","0","0","0","0","0","0","0","-","0","0","0","0","0","0","0","0","0","0","0","0","0","0","0","0","0","0","0","0","0","0","0","0","0","0","0","0","0","0","0","0","0","0","0","0","0","0","0","0"
"0x7ff8935b14a0","      SEL R32, R32, 0xf149f2ca, P4","0","0","0","0","0","0","0","0","0","32","0","-","-","-","0","0","0","0","0","0","0","0","0","-","0","0","0","0","0","0","0","0","0","0","0","0","0","0","0","0","0","0","0","0","0","0","0","0","0","0","0","0","0","0","0","0","0","0","0","0","0","0","0","0"
"0x7ff8935b14b0","      SEL R33, R33, 0xf149f2ca, P5","0","0","0","0","0","0","0","0","0","32","0","-","-","-","0","0","0","0","0","0","0","0","0","-","0","0","0","0","0","0","0","0","0","0","0","0","0","0","0","0","0","0","0","0","0","0","0","0","0","0","0","0","0","0","0","0","0","0","0","0","0","0","0","0"
"0x7ff8935b14c0","      SEL R34, R34, 0xf149f2ca, P6","0","0","0","0","0","0","0","0","0","32","0","-","-","-","0","0","0","0","0","0","0","0","0","-","0","0","0","0","0","0","0","0","0","0","0","0","0","0","0","0","0","0","0","0","0","0","0","0","0","0","0","0","0","0","0","0","0","0","0","0","0","0","0","0"
"0x7ff8935b14d0","      SEL R28, R28, 0xf149f2ca, P0","0","0","0","0","0","0","0","0","0","32","0","-","-","-","0","0","0","0","0","0","0","0","0","-","0","0","0","0","0","0","0","0","0","0","0","0","0","0","0","0","0","0","0","0","0","0","0","0","0","0","0","0","0","0","0","0","0","0","0","0","0","0","0","0"
"0x7ff8935b14e0","      SEL R29, R29, 0xf149f2ca, P1","0","0","0","0","0","0","0","0","0","32","0","-","-","-","0","0","0","0","0","0","0","0","0","-","0","0","0","0","0","0","0","0","0","0","0","0","0","0","0","0","0","0","0","0","0","0","0","0","0","0","0","0","0","0","0","0","0","0","0","0","0","0","0","0"
"0x7ff8935b14f0","      SEL R30, R30, 0xf149f2ca, P2","0","0","0","0","0","0","0","0","0","32","0","-","-","-","0","0","0","0","0","0","0","0","0","-","0","0","0","0","0","0","0","0","0","0","0","0","0","0","0","0","0","0","0","0","0","0","0","0","0","0","0","0","0","0","0","0","0","0","0","0","0","0","0","0"
"0x7ff8935b1500","      FMNMX3.NAN R40, R19, R20, R21, !PT","0","0","0","0","0","0","0","0","0","32","0","-","-","-","0","0","0","0","0","0","0","0","0","-","0","0","0","0","0","0","0","0","0","0","0","0","0","0","0","0","0","0","0","0","0","0","0","0","0","0","0","0","0","0","0","0","0","0","0","0","0","0","0","0"
"0x7ff8935b1510","      FMNMX3.NAN R38, R22, R23, R24, !PT","0","0","0","0","0","0","0","0","0","32","0","-","-","-","0","0","0","0","0","0","0","0","0","-","0","0","0","0","0","0","0","0","0","0","0","0","0","0","0","0","0","0","0","0","0","0","0","0","0","0","0","0","0","0","0","0","0","0","0","0","0","0","0","0"
"0x7ff8935b1520","      FMNMX3.NAN R37, R25, R26, R27, !PT","0","0","0","0","0","0","0","0","0","32","0","-","-","-","0","0","0","0","0","0","0","0","0","-","0","0","0","0","0","0","0","0","0","0","0","0","0","0","0","0","0","0","0","0","0","0","0","0","0","0","0","0","0","0","0","0","0","0","0","0","0","0","0","0"
"0x7ff8935b1530","      FMNMX3.NAN R2, R31, R32, R33, !PT","0","0","0","0","0","0","0","0","0","32","0","-","-","-","0","0","0","0","0","0","0","0","0","-","0","0","0","0","0","0","0","0","0","0","0","0","0","0","0","0","0","0","0","0","0","0","0","0","0","0","0","0","0","0","0","0","0","0","0","0","0","0","0","0"
"0x7ff8935b1540","      FMNMX3.NAN R3, R34, R35, R39, !PT","0","0","0","0","0","0","0","0","0","32","0","-","-","-","0","0","0","0","0","0","0","0","0","-","0","0","0","0","0","0","0","0","0","0","0","0","0","0","0","0","0","0","0","0","0","0","0","0","0","0","0","0","0","0","0","0","0","0","0","0","0","0","0","0"
"0x7ff8935b1550","      FMNMX3.NAN R36, R28, R29, R30, !PT","0","0","0","0","0","0","0","0","0","32","0","-","-","-","0","0","0","0","0","0","0","0","0","-","0","0","0","0","0","0","0","0","0","0","0","0","0","0","0","0","0","0","0","0","0","0","0","0","0","0","0","0","0","0","0","0","0","0","0","0","0","0","0","0"
"0x7ff8935b1560","      FMNMX3.NAN R40, R42, R41, R40, !PT","0","0","0","0","0","0","0","0","0","32","0","-","-","-","0","0","0","0","0","0","0","0","0","-","0","0","0","0","0","0","0","0","0","0","0","0","0","0","0","0","0","0","0","0","0","0","0","0","0","0","0","0","0","0","0","0","0","0","0","0","0","0","0","0"
"0x7ff8935b1570","      FMNMX3.NAN R3, R2, R3, R0, !PT","0","0","0","0","0","0","0","0","0","32","0","-","-","-","0","0","0","0","0","0","0","0","0","-","0","0","0","0","0","0","0","0","0","0","0","0","0","0","0","0","0","0","0","0","0","0","0","0","0","0","0","0","0","0","0","0","0","0","0","0","0","0","0","0"
"0x7ff8935b1580","      FMNMX3.NAN R36, R38, R37, R36, !PT","0","0","0","0","0","0","0","0","0","32","0","-","-","-","0","0","0","0","0","0","0","0","0","-","0","0","0","0","0","0","0","0","0","0","0","0","0","0","0","0","0","0","0","0","0","0","0","0","0","0","0","0","0","0","0","0","0","0","0","0","0","0","0","0"
"0x7ff8935b1590","      FMNMX3.NAN R42, R40, R36, R3, !PT","0","0","0","0","0","0","0","0","0","32","0","-","-","-","0","0","0","0","0","0","0","0","0","-","0","0","0","0","0","0","0","0","0","0","0","0","0","0","0","0","0","0","0","0","0","0","0","0","0","0","0","0","0","0","0","0","0","0","0","0","0","0","0","0"
"0x7ff8935b15a0","      STS [R165+UR4+0x2f100], R42","294","171","294","1048576","33554432","33554432","32","32","32","0","0","Shared","Store","32","0","1","0","1048576","1048576","0","0","0","0","-","0","0","0","0","0","0","0","67","0","0","0","0","0","0","0","0","211","16","0","0","0","0","0","0","42","0","0","0","0","0","0","0","0","129","0","0","0","0","0","0"
"0x7ff8935b15b0","      NOP","19","0","19","1048576","33554432","33554432","32","32","0","0","0","-","-","-","0","0","0","0","0","0","0","0","0","-","0","0","0","0","0","0","0","0","0","0","0","0","0","0","0","0","0","0","19","0","0","0","0","0","0","0","0","0","0","0","0","0","0","0","0","0","0","0","0","0"
"0x7ff8935b15c0","      IMAD.MOV.U32 R3, RZ, RZ, 0x3db8aa3b","20","0","20","1048576","33554432","33554432","32","32","0","0","0","-","-","-","0","0","0","0","0","0","0","0","0","-","0","0","0","0","0","0","0","0","0","0","0","0","0","0","0","0","0","0","20","0","0","0","0","0","0","0","0","0","0","0","0","0","0","0","0","0","0","0","0","0"
"0x7ff8935b15d0","      BAR.SYNC.DEFER_BLOCKING 0x1, 0x100","25","0","25","1048576","33554432","33554432","32","32","0","0","0","-","-","-","0","0","0","0","0","0","0","0","0","-","0","0","0","0","0","0","0","0","0","0","0","0","0","0","0","0","0","0","25","0","0","0","0","0","0","0","0","0","0","0","0","0","0","0","0","0","0","0","0","0"
"0x7ff8935b15e0","      NOP","691","410","691","1048576","33554432","33554432","32","32","0","0","0","-","-","-","0","0","0","0","0","0","0","0","0","-","0","0","0","0","0","0","506","0","2","0","0","0","0","0","0","0","0","66","23","0","0","0","94","350","0","0","0","0","0","0","0","0","0","0","0","0","0","0","0","60"
"0x7ff8935b15f0","      LDS R43, [R164+UR4+0x2f300]","16","0","16","1048576","33554432","33554432","32","32","0","0","0","Shared","Load","32","0","1","0","1048576","1048576","0","0","0","0","-","0","0","0","0","0","0","0","0","0","0","0","0","0","0","0","0","0","0","16","0","0","0","0","0","0","0","0","0","0","0","0","0","0","0","0","0","0","0","0","0"
"0x7ff8935b1600","      LDS R38, [R164+UR4+0x2f400]","122","24","122","1048576","33554432","33554432","32","32","0","0","0","Shared","Load","32","0","1","0","1048576","1048576","0","0","0","0","-","0","0","0","0","0","0","0","0","3","0","0","0","0","0","0","0","0","19","26","0","0","0","74","0","0","0","0","0","0","0","0","0","0","0","0","0","0","0","0","24"
"0x7ff8935b1610","      LDS R40, [R164+UR4+0x2f100]","97","44","97","1048576","33554432","33554432","32","32","0","0","0","Shared","Load","32","0","1","0","1048576","1048576","0","0","0","0","-","0","0","0","0","0","0","0","0","1","0","0","0","0","0","0","0","0","8","19","0","0","0","69","0","0","0","0","0","0","0","0","0","0","0","0","0","0","0","0","44"
"0x7ff8935b1620","      LDS R41, [R164+UR4+0x2f200]","90","31","90","1048576","33554432","33554432","32","32","0","0","0","Shared","Load","32","0","1","0","1048576","1048576","0","0","0","0","-","0","0","0","0","0","0","0","0","1","0","0","0","0","0","0","0","0","6","24","0","0","0","59","0","0","0","0","0","0","0","0","0","0","0","0","0","0","0","0","31"
"0x7ff8935b1630","      FMNMX R38, R43, R38, !PT","403","272","403","1048576","33554432","33554432","32","32","0","0","0","-","-","-","0","0","0","0","0","0","0","0","0","-","0","0","0","0","0","0","0","0","2","0","0","0","8","0","0","0","0","38","20","335","0","0","0","0","0","0","0","0","0","8","0","0","0","0","0","0","264","0","0","0"
"0x7ff8935b1640","      FMNMX3 R2, R40, R41, R38, !PT","303","190","303","1048576","33554432","33554432","32","32","0","0","0","-","-","-","0","0","0","0","0","0","0","0","0","-","0","0","0","0","0","0","0","0","3","0","0","0","6","0","0","0","0","38","14","176","0","0","66","0","0","0","0","0","0","6","0","0","0","0","0","0","127","0","0","57"
"0x7ff8935b1650","      FFMA R36, R2, -R3, 8.8073549270629882812","162","68","162","1048576","33554432","33554432","32","32","0","0","0","-","-","-","0","0","0","0","0","0","0","0","0","-","0","0","0","0","0","0","0","0","2","0","0","0","17","0","0","0","0","38","20","0","0","0","85","0","0","1","0","0","0","15","0","0","0","0","0","0","0","0","0","52"
"0x7ff8935b1660","      FADD R38, -R2, R39","27","0","27","1048576","33554432","33554432","32","32","0","0","0","-","-","-","0","0","0","0","0","0","0","0","0","-","0","0","0","0","0","0","0","0","0","0","0","0","0","0","0","0","0","0","27","0","0","0","0","0","0","0","0","0","0","0","0","0","0","0","0","0","0","0","0","0"
"0x7ff8935b1670","      FFMA2 R6, R6.F32x2.HI_LO, 0.090168438851833343506, R36.F32","128","41","128","1048576","33554432","33554432","32","32","0","0","0","-","-","-","0","0","0","0","0","0","0","0","0","-","0","0","0","0","0","0","0","0","0","0","0","0","29","0","0","0","0","40","14","0","0","0","45","0","0","0","0","0","0","28","0","0","0","0","0","0","0","0","0","13"
"0x7ff8935b1680","      FFMA2 R4, R4.F32x2.HI_LO, 0.090168438851833343506, R36.F32","70","23","70","1048576","33554432","33554432","32","32","0","0","0","-","-","-","0","0","0","0","0","0","0","0","0","-","0","0","0","0","0","0","0","0","0","0","0","0","6","0","0","0","0","16","22","0","0","0","26","0","0","0","0","0","0","3","0","0","0","0","0","0","0","0","0","20"
"0x7ff8935b1690","      MUFU.EX2 R0, R6","43","13","43","1048576","33554432","33554432","32","32","0","0","0","-","-","-","0","0","0","0","0","0","0","0","0","-","0","0","0","0","0","0","0","0","0","0","0","0","0","0","0","0","0","5","23","0","0","0","15","0","0","0","0","0","0","0","0","0","0","0","0","0","0","0","0","13"
"0x7ff8935b16a0","      FFMA2 R10, R10.F32x2.HI_LO, 0.090168438851833343506, R36.F32","17","0","17","1048576","33554432","33554432","32","32","0","0","0","-","-","-","0","0","0","0","0","0","0","0","0","-","0","0","0","0","0","0","0","0","1","0","0","0","0","0","0","0","0","0","16","0","0","0","0","0","0","0","0","0","0","0","0","0","0","0","0","0","0","0","0","0"
"0x7ff8935b16b0","      FFMA2 R8, R8.F32x2.HI_LO, 0.090168438851833343506, R36.F32","84","20","84","1048576","33554432","33554432","32","32","0","0","0","-","-","-","0","0","0","0","0","0","0","0","0","-","0","0","0","0","0","0","0","0","2","0","0","0","14","0","0","0","0","27","22","0","0","0","19","0","0","1","0","0","0","12","0","0","0","0","0","0","0","0","0","7"
"0x7ff8935b16c0","      MUFU.EX2 R3, R7","148","50","148","1048576","33554432","33554432","32","32","0","0","0","-","-","-","0","0","0","0","0","0","0","0","0","-","0","0","0","0","0","0","0","0","2","0","0","0","0","0","0","0","0","15","21","0","0","0","110","0","0","0","0","0","0","0","0","0","0","0","0","0","0","0","0","50"
"0x7ff8935b16d0","      FFMA2 R14, R14.F32x2.HI_LO, 0.090168438851833343506, R36.F32","10","0","10","1048576","33554432","33554432","32","32","0","0","0","-","-","-","0","0","0","0","0","0","0","0","0","-","0","0","0","0","0","0","0","0","0","0","0","0","0","0","0","0","0","0","10","0","0","0","0","0","0","0","0","0","0","0","0","0","0","0","0","0","0","0","0","0"
"0x7ff8935b16e0","      FFMA2 R12, R12.F32x2.HI_LO, 0.090168438851833343506, R36.F32","55","16","55","1048576","33554432","33554432","32","32","0","0","0","-","-","-","0","0","0","0","0","0","0","0","0","-","0","0","0","0","0","0","0","0","0","0","0","0","6","0","0","0","0","17","15","0","0","0","17","0","0","0","0","0","0","5","0","0","0","0","0","0","0","0","0","11"
"0x7ff8935b16f0","      MUFU.EX2 R133, R4","156","73","156","1048576","33554432","33554432","32","32","0","0","0","-","-","-","0","0","0","0","0","0","0","0","0","-","0","0","0","0","0","0","0","0","2","0","0","0","0","0","0","0","0","12","21","0","0","0","121","0","0","0","0","0","0","0","0","0","0","0","0","0","0","0","0","73"
"0x7ff8935b1700","      FFMA2 R18, R18.F32x2.HI_LO, 0.090168438851833343506, R36.F32","26","0","26","1048576","33554432","33554432","32","32","0","0","0","-","-","-","0","0","0","0","0","0","0","0","0","-","0","0","0","0","0","0","0","0","0","0","0","0","0","0","0","0","0","0","26","0","0","0","0","0","0","0","0","0","0","0","0","0","0","0","0","0","0","0","0","0"
"0x7ff8935b1710","      FFMA2 R16, R16.F32x2.HI_LO, 0.090168438851833343506, R36.F32","99","35","99","1048576","33554432","33554432","32","32","0","0","0","-","-","-","0","0","0","0","0","0","0","0","0","-","0","0","0","0","0","0","0","0","0","0","0","0","30","0","0","0","0","24","24","0","0","0","21","0","0","0","0","0","0","25","0","0","0","0","0","0","0","0","0","10"
"0x7ff8935b1720","      MUFU.EX2 R132, R5","170","63","170","1048576","33554432","33554432","32","32","0","0","0","-","-","-","0","0","0","0","0","0","0","0","0","-","0","0","0","0","0","0","0","0","3","0","0","0","0","0","0","0","0","24","18","0","0","0","125","0","0","3","0","0","0","0","0","0","0","0","0","0","0","0","0","60"
"0x7ff8935b1730","      FFMA2 R22, R22.F32x2.HI_LO, 0.090168438851833343506, R36.F32","23","0","23","1048576","33554432","33554432","32","32","0","0","0","-","-","-","0","0","0","0","0","0","0","0","0","-","0","0","0","0","0","0","0","0","2","0","0","0","0","0","0","0","0","0","21","0","0","0","0","0","0","0","0","0","0","0","0","0","0","0","0","0","0","0","0","0"
"0x7ff8935b1740","      FFMA2 R20, R20.F32x2.HI_LO, 0.090168438851833343506, R36.F32","65","14","65","1048576","33554432","33554432","32","32","0","0","0","-","-","-","0","0","0","0","0","0","0","0","0","-","0","0","0","0","0","0","0","0","0","0","0","0","8","0","0","0","0","15","25","0","0","0","17","0","0","0","0","0","0","6","0","0","0","0","0","0","0","0","0","8"
"0x7ff8935b1750","      MUFU.EX2 R135, R10","156","67","156","1048576","33554432","33554432","32","32","0","0","0","-","-","-","0","0","0","0","0","0","0","0","0","-","0","0","0","0","0","0","0","0","1","0","0","0","0","0","0","0","0","13","23","0","0","0","119","0","0","0","0","0","0","0","0","0","0","0","0","0","0","0","0","67"
"0x7ff8935b1760","      FFMA2 R158, R34.F32x2.HI_LO, 0.090168438851833343506, R36.F32","26","0","26","1048576","33554432","33554432","32","32","0","0","0","-","-","-","0","0","0","0","0","0","0","0","0","-","0","0","0","0","0","0","0","0","4","0","0","0","0","0","0","0","0","0","22","0","0","0","0","0","0","0","0","0","0","0","0","0","0","0","0","0","0","0","0","0"
"0x7ff8935b1770","      F2FP.SATFINITE.E4M3.F32.PACK_AB_MERGE_C R45, R3, R0, RZ","11","0","11","1048576","33554432","33554432","32","32","0","0","0","-","-","-","0","0","0","0","0","0","0","0","0","-","0","0","0","0","0","0","0","0","0","0","0","0","0","0","0","0","0","0","11","0","0","0","0","0","0","0","0","0","0","0","0","0","0","0","0","0","0","0","0","0"
"0x7ff8935b1780","      FFMA2 R26, R26.F32x2.HI_LO, 0.090168438851833343506, R36.F32","29","0","29","1048576","33554432","33554432","32","32","0","0","0","-","-","-","0","0","0","0","0","0","0","0","0","-","0","0","0","0","0","0","0","0","0","0","0","0","0","0","0","0","0","0","29","0","0","0","0","0","0","0","0","0","0","0","0","0","0","0","0","0","0","0","0","0"
"0x7ff8935b1790","      MUFU.EX2 R134, R11","179","52","179","1048576","33554432","33554432","32","32","0","0","0","-","-","-","0","0","0","0","0","0","0","0","0","-","0","0","0","0","0","0","0","0","3","0","0","0","0","0","0","0","0","14","20","0","0","0","142","0","0","3","0","0","0","0","0","0","0","0","0","0","0","0","0","49"
"0x7ff8935b17a0","      FFMA2 R24, R24.F32x2.HI_LO, 0.090168438851833343506, R36.F32","30","0","30","1048576","33554432","33554432","32","32","0","0","0","-","-","-","0","0","0","0","0","0","0","0","0","-","0","0","0","0","0","0","0","0","5","0","0","0","0","0","0","0","0","0","25","0","0","0","0","0","0","0","0","0","0","0","0","0","0","0","0","0","0","0","0","0"
"0x7ff8935b17b0","      FFMA2 R30, R30.F32x2.HI_LO, 0.090168438851833343506, R36.F32","51","17","51","1048576","33554432","33554432","32","32","0","0","0","-","-","-","0","0","0","0","0","0","0","0","0","-","0","0","0","0","0","0","0","0","3","0","0","0","9","0","0","0","0","9","13","0","0","0","17","0","0","3","0","0","0","5","0","0","0","0","0","0","0","0","0","9"
"0x7ff8935b17c0","      MUFU.EX2 R137, R8","151","46","151","1048576","33554432","33554432","32","32","0","0","0","-","-","-","0","0","0","0","0","0","0","0","0","-","0","0","0","0","0","0","0","0","0","0","0","0","0","0","0","0","0","22","16","0","0","0","113","0","0","0","0","0","0","0","0","0","0","0","0","0","0","0","0","46"
"0x7ff8935b17d0","      FFMA2 R28, R28.F32x2.HI_LO, 0.090168438851833343506, R36.F32","19","0","19","1048576","33554432","33554432","32","32","0","0","0","-","-","-","0","0","0","0","0","0","0","0","0","-","0","0","0","0","0","0","0","0","3","0","0","0","0","0","0","0","0","0","16","0","0","0","0","0","0","0","0","0","0","0","0","0","0","0","0","0","0","0","0","0"
"0x7ff8935b17e0","      F2FP.SATFINITE.E4M3.F32.PACK_AB_MERGE_C R48, R132, R133, RZ","21","0","21","1048576","33554432","33554432","32","32","0","0","0","-","-","-","0","0","0","0","0","0","0","0","0","-","0","0","0","0","0","0","0","0","3","0","0","0","0","0","0","0","0","0","18","0","0","0","0","0","0","0","0","0","0","0","0","0","0","0","0","0","0","0","0","0"
"0x7ff8935b17f0","      FFMA2 R36, R32.F32x2.HI_LO, 0.090168438851833343506, R36.F32","18","0","18","1048576","33554432","33554432","32","32","0","0","0","-","-","-","0","0","0","0","0","0","0","0","0","-","0","0","0","0","0","0","0","0","0","0","0","0","0","0","0","0","0","0","18","0","0","0","0","0","0","0","0","0","0","0","0","0","0","0","0","0","0","0","0","0"
"0x7ff8935b1800","      MUFU.EX2 R136, R9","176","44","176","1048576","33554432","33554432","32","32","0","0","0","-","-","-","0","0","0","0","0","0","0","0","0","-","0","0","0","0","0","0","0","0","2","0","0","0","0","0","0","0","0","17","17","0","0","0","140","0","0","2","0","0","0","0","0","0","0","0","0","0","0","0","0","42"
"0x7ff8935b1810","      FMUL R162, R38, 0.090168438851833343506","23","0","23","1048576","33554432","33554432","32","32","0","0","0","-","-","-","0","0","0","0","0","0","0","0","0","-","0","0","0","0","0","0","0","0","1","0","0","0","0","0","0","0","0","0","22","0","0","0","0","0","0","0","0","0","0","0","0","0","0","0","0","0","0","0","0","0"
"0x7ff8935b1820","      PRMT R48, R48, 0x5410, R45","21","0","21","1048576","33554432","33554432","32","32","0","0","0","-","-","-","0","0","0","0","0","0","0","0","0","-","0","0","0","0","0","0","0","0","0","0","0","0","0","0","0","0","0","0","21","0","0","0","0","0","0","0","0","0","0","0","0","0","0","0","0","0","0","0","0","0"
"0x7ff8935b1830","      MUFU.EX2 R139, R14","178","75","178","1048576","33554432","33554432","32","32","0","0","0","-","-","-","0","0","0","0","0","0","0","0","0","-","0","0","0","0","0","0","0","0","2","0","0","0","0","0","0","0","0","12","16","0","0","0","148","0","0","0","0","0","0","0","0","0","0","0","0","0","0","0","0","75"
"0x7ff8935b1840","      F2FP.SATFINITE.E4M3.F32.PACK_AB_MERGE_C R46, R134, R135, RZ","17","0","17","1048576","33554432","33554432","32","32","0","0","0","-","-","-","0","0","0","0","0","0","0","0","0","-","0","0","0","0","0","0","0","0","5","0","0","0","0","0","0","0","0","0","12","0","0","0","0","0","0","0","0","0","0","0","0","0","0","0","0","0","0","0","0","0"
"0x7ff8935b1850","      MUFU.EX2 R138, R15","194","89","194","1048576","33554432","33554432","32","32","0","0","0","-","-","-","0","0","0","0","0","0","0","0","0","-","0","0","0","0","0","0","0","0","0","0","0","0","0","0","0","0","0","17","22","0","0","0","155","0","0","0","0","0","0","0","0","0","0","0","0","0","0","0","0","89"
"0x7ff8935b1860","      MUFU.EX2 R141, R12","206","118","206","1048576","33554432","33554432","32","32","0","0","0","-","-","-","0","0","0","0","0","0","0","0","0","-","0","0","0","0","0","0","0","0","1","0","0","0","0","0","0","0","0","13","15","0","0","0","177","0","0","0","0","0","0","0","0","0","0","0","0","0","0","0","0","118"
"0x7ff8935b1870","      F2FP.SATFINITE.E4M3.F32.PACK_AB_MERGE_C R49, R136, R137, RZ","25","0","25","1048576","33554432","33554432","32","32","0","0","0","-","-","-","0","0","0","0","0","0","0","0","0","-","0","0","0","0","0","0","0","0","0","0","0","0","0","0","0","0","0","0","25","0","0","0","0","0","0","0","0","0","0","0","0","0","0","0","0","0","0","0","0","0"
"0x7ff8935b1880","      MUFU.EX2 R140, R13","181","108","181","1048576","33554432","33554432","32","32","0","0","0","-","-","-","0","0","0","0","0","0","0","0","0","-","0","0","0","0","0","0","0","0","0","0","0","0","0","0","0","0","0","4","19","0","0","0","158","0","0","0","0","0","0","0","0","0","0","0","0","0","0","0","0","108"
"0x7ff8935b1890","      PRMT R49, R49, 0x5410, R46","20","0","20","1048576","33554432","33554432","32","32","0","0","0","-","-","-","0","0","0","0","0","0","0","0","0","-","0","0","0","0","0","0","0","0","0","0","0","0","0","0","0","0","0","0","20","0","0","0","0","0","0","0","0","0","0","0","0","0","0","0","0","0","0","0","0","0"
"0x7ff8935b18a0","      MUFU.EX2 R143, R18","211","111","211","1048576","33554432","33554432","32","32","0","0","0","-","-","-","0","0","0","0","0","0","0","0","0","-","0","0","0","0","0","0","0","0","1","0","0","0","0","0","0","0","0","16","18","0","0","0","176","0","0","0","0","0","0","0","0","0","0","0","0","0","0","0","0","111"
"0x7ff8935b18b0","      F2FP.SATFINITE.E4M3.F32.PACK_AB_MERGE_C R47, R138, R139, RZ","18","0","18","1048576","33554432","33554432","32","32","0","0","0","-","-","-","0","0","0","0","0","0","0","0","0","-","0","0","0","0","0","0","0","0","2","0","0","0","0","0","0","0","0","0","16","0","0","0","0","0","0","0","0","0","0","0","0","0","0","0","0","0","0","0","0","0"
"0x7ff8935b18c0","      MUFU.EX2 R142, R19","178","80","178","1048576","33554432","33554432","32","32","0","0","0","-","-","-","0","0","0","0","0","0","0","0","0","-","0","0","0","0","0","0","0","0","0","0","0","0","0","0","0","0","0","10","17","0","0","0","151","0","0","0","0","0","0","0","0","0","0","0","0","0","0","0","0","80"
"0x7ff8935b18d0","      MUFU.EX2 R145, R16","206","102","206","1048576","33554432","33554432","32","32","0","0","0","-","-","-","0","0","0","0","0","0","0","0","0","-","0","0","0","0","0","0","0","0","3","0","0","0","0","0","0","0","0","5","13","0","0","0","185","0","0","1","0","0","0","0","0","0","0","0","0","0","0","0","0","101"
"0x7ff8935b18e0","      F2FP.SATFINITE.E4M3.F32.PACK_AB_MERGE_C R50, R140, R141, RZ","16","0","16","1048576","33554432","33554432","32","32","0","0","0","-","-","-","0","0","0","0","0","0","0","0","0","-","0","0","0","0","0","0","0","0","1","0","0","0","0","0","0","0","0","0","15","0","0","0","0","0","0","0","0","0","0","0","0","0","0","0","0","0","0","0","0","0"
"0x7ff8935b18f0","      MUFU.EX2 R144, R17","211","92","211","1048576","33554432","33554432","32","32","0","0","0","-","-","-","0","0","0","0","0","0","0","0","0","-","0","0","0","0","0","0","0","0","0","0","0","0","0","0","0","0","0","16","25","0","0","0","170","0","0","0","0","0","0","0","0","0","0","0","0","0","0","0","0","92"
"0x7ff8935b1900","      PRMT R50, R50, 0x5410, R47","22","0","22","1048576","33554432","33554432","32","32","0","0","0","-","-","-","0","0","0","0","0","0","0","0","0","-","0","0","0","0","0","0","0","0","0","0","0","0","0","0","0","0","0","0","22","0","0","0","0","0","0","0","0","0","0","0","0","0","0","0","0","0","0","0","0","0"
"0x7ff8935b1910","      MUFU.EX2 R147, R22","207","101","207","1048576","33554432","33554432","32","32","0","0","0","-","-","-","0","0","0","0","0","0","0","0","0","-","0","0","0","0","0","0","0","0","0","0","0","0","0","0","0","0","0","15","22","0","0","0","170","0","0","0","0","0","0","0","0","0","0","0","0","0","0","0","0","101"
"0x7ff8935b1920","      F2FP.SATFINITE.E4M3.F32.PACK_AB_MERGE_C R42, R142, R143, RZ","20","0","20","1048576","33554432","33554432","32","32","0","0","0","-","-","-","0","0","0","0","0","0","0","0","0","-","0","0","0","0","0","0","0","0","1","0","0","0","0","0","0","0","0","0","19","0","0","0","0","0","0","0","0","0","0","0","0","0","0","0","0","0","0","0","0","0"
"0x7ff8935b1930","      MUFU.EX2 R146, R23","187","89","187","1048576","33554432","33554432","32","32","0","0","0","-","-","-","0","0","0","0","0","0","0","0","0","-","0","0","0","0","0","0","0","0","0","0","0","0","0","0","0","0","0","6","25","0","0","0","156","0","0","0","0","0","0","0","0","0","0","0","0","0","0","0","0","89"
"0x7ff8935b1940","      MUFU.EX2 R149, R20","176","87","176","1048576","33554432","33554432","32","32","0","0","0","-","-","-","0","0","0","0","0","0","0","0","0","-","0","0","0","0","0","0","0","0","0","0","0","0","0","0","0","0","0","5","21","0","0","0","150","0","0","0","0","0","0","0","0","0","0","0","0","0","0","0","0","87"
"0x7ff8935b1950","      F2FP.SATFINITE.E4M3.F32.PACK_AB_MERGE_C R51, R144, R145, RZ","25","0","25","1048576","33554432","33554432","32","32","0","0","0","-","-","-","0","0","0","0","0","0","0","0","0","-","0","0","0","0","0","0","0","0","0","0","0","0","0","0","0","0","0","0","25","0","0","0","0","0","0","0","0","0","0","0","0","0","0","0","0","0","0","0","0","0"
"0x7ff8935b1960","      MUFU.EX2 R148, R21","222","125","222","1048576","33554432","33554432","32","32","0","0","0","-","-","-","0","0","0","0","0","0","0","0","0","-","0","0","0","0","0","0","0","0","0","0","0","0","0","0","0","0","0","4","19","0","0","0","199","0","0","0","0","0","0","0","0","0","0","0","0","0","0","0","0","125"
"0x7ff8935b1970","      PRMT R51, R51, 0x5410, R42","30","0","30","1048576","33554432","33554432","32","32","0","0","0","-","-","-","0","0","0","0","0","0","0","0","0","-","0","0","0","0","0","0","0","0","0","0","0","0","0","0","0","0","0","0","30","0","0","0","0","0","0","0","0","0","0","0","0","0","0","0","0","0","0","0","0","0"
"0x7ff8935b1980","      MUFU.EX2 R162, R162","183","96","183","1048576","33554432","33554432","32","32","0","0","0","-","-","-","0","0","0","0","0","0","0","0","0","-","0","0","0","0","0","0","0","0","0","0","0","0","0","0","0","0","0","0","17","0","0","0","166","0","0","0","0","0","0","0","0","0","0","0","0","0","0","0","0","96"
"0x7ff8935b1990","      F2FP.SATFINITE.E4M3.F32.PACK_AB_MERGE_C R45, R146, R147, RZ","20","0","20","1048576","33554432","33554432","32","32","0","0","0","-","-","-","0","0","0","0","0","0","0","0","0","-","0","0","0","0","0","0","0","0","0","0","0","0","0","0","0","0","0","0","20","0","0","0","0","0","0","0","0","0","0","0","0","0","0","0","0","0","0","0","0","0"
"0x7ff8935b19a0","      STS.128 [R171], R48","23","0","23","1048576","33554432","33554432","32","32","0","0","0","Shared","Store","128","0","4","0","4194304","4194304","0","0","0","0","-","0","0","0","0","0","0","0","0","0","0","0","0","0","0","0","0","0","0","23","0","0","0","0","0","0","0","0","0","0","0","0","0","0","0","0","0","0","0","0","0"
"0x7ff8935b19b0","      MUFU.EX2 R151, R26","157","82","157","1048576","33554432","33554432","32","32","0","0","0","-","-","-","0","0","0","0","0","0","0","0","0","-","0","0","0","0","0","0","0","0","0","0","0","0","0","0","1","0","0","0","19","0","0","0","137","0","0","0","0","0","0","0","0","0","0","0","0","0","0","0","0","82"
"0x7ff8935b19c0","      MUFU.EX2 R150, R27","210","131","210","1048576","33554432","33554432","32","32","0","0","0","-","-","-","0","0","0","0","0","0","0","0","0","-","0","0","0","0","0","0","0","0","0","0","0","0","0","0","9","0","0","3","23","0","0","0","175","0","0","0","0","0","0","0","0","9","0","0","0","0","0","0","0","122"
"0x7ff8935b19d0","      F2FP.SATFINITE.E4M3.F32.PACK_AB_MERGE_C R44, R148, R149, RZ","25","0","25","1048576","33554432","33554432","32","32","0","0","0","-","-","-","0","0","0","0","0","0","0","0","0","-","0","0","0","0","0","0","0","0","0","0","0","0","0","0","0","0","0","0","25","0","0","0","0","0","0","0","0","0","0","0","0","0","0","0","0","0","0","0","0","0"
"0x7ff8935b19e0","      MUFU.EX2 R153, R24","201","140","201","1048576","33554432","33554432","32","32","0","0","0","-","-","-","0","0","0","0","0","0","0","0","0","-","0","0","0","0","0","0","0","0","0","0","0","0","0","0","8","0","0","1","18","0","0","0","174","0","0","0","0","0","0","0","0","8","0","0","0","0","0","0","0","132"
"0x7ff8935b19f0","      PRMT R44, R44, 0x5410, R45","19","0","19","1048576","33554432","33554432","32","32","0","0","0","-","-","-","0","0","0","0","0","0","0","0","0","-","0","0","0","0","0","0","0","0","0","0","0","0","0","0","0","0","0","0","19","0","0","0","0","0","0","0","0","0","0","0","0","0","0","0","0","0","0","0","0","0"
"0x7ff8935b1a00","      MUFU.EX2 R152, R25","204","146","204","1048576","33554432","33554432","32","32","0","0","0","-","-","-","0","0","0","0","0","0","0","0","0","-","0","0","0","0","0","0","0","0","0","0","0","0","0","0","9","0","0","1","17","0","0","0","177","0","0","0","0","0","0","0","0","9","0","0","0","0","0","0","0","137"
"0x7ff8935b1a10","      FSETP.NEU.AND P0, PT, R162, 1, PT","17","0","17","1048576","33554432","33554432","32","32","0","0","0","-","-","-","0","0","0","0","0","0","0","0","0","-","0","0","0","0","0","0","0","0","0","0","0","0","0","0","0","0","0","0","17","0","0","0","0","0","0","0","0","0","0","0","0","0","0","0","0","0","0","0","0","0"
"0x7ff8935b1a20","      MUFU.EX2 R155, R30","186","131","186","1048576","33554432","33554432","32","32","0","0","0","-","-","-","0","0","0","0","0","0","0","0","0","-","0","0","0","0","0","0","0","0","0","0","0","0","0","0","0","0","0","2","18","0","0","0","166","0","0","0","0","0","0","0","0","0","0","0","0","0","0","0","0","131"
"0x7ff8935b1a30","      F2FP.SATFINITE.E4M3.F32.PACK_AB_MERGE_C R46, R150, R151, RZ","22","0","22","1048576","33554432","33554432","32","32","0","0","0","-","-","-","0","0","0","0","0","0","0","0","0","-","0","0","0","0","0","0","0","0","0","0","0","0","0","0","0","0","0","0","22","0","0","0","0","0","0","0","0","0","0","0","0","0","0","0","0","0","0","0","0","0"
"0x7ff8935b1a40","      MUFU.EX2 R154, R31","198","136","198","1048576","33554432","33554432","32","32","0","0","0","-","-","-","0","0","0","0","0","0","0","0","0","-","0","0","0","0","0","0","0","0","0","0","0","0","0","0","0","0","0","0","20","0","0","0","178","0","0","0","0","0","0","0","0","0","0","0","0","0","0","0","0","136"
"0x7ff8935b1a50","      MUFU.EX2 R157, R28","187","128","187","1048576","33554432","33554432","32","32","0","0","0","-","-","-","0","0","0","0","0","0","0","0","0","-","0","0","0","0","0","0","0","0","0","0","0","0","0","0","0","0","0","0","17","0","0","0","170","0","0","0","0","0","0","0","0","0","0","0","0","0","0","0","0","128"
"0x7ff8935b1a60","      F2FP.SATFINITE.E4M3.F32.PACK_AB_MERGE_C R45, R152, R153, RZ","22","0","22","1048576","33554432","33554432","32","32","0","0","0","-","-","-","0","0","0","0","0","0","0","0","0","-","0","0","0","0","0","0","0","0","0","0","0","0","0","0","0","0","0","0","22","0","0","0","0","0","0","0","0","0","0","0","0","0","0","0","0","0","0","0","0","0"
"0x7ff8935b1a70","      MUFU.EX2 R156, R29","178","117","178","1048576","33554432","33554432","32","32","0","0","0","-","-","-","0","0","0","0","0","0","0","0","0","-","0","0","0","0","0","0","0","0","0","0","0","0","0","0","0","0","0","2","19","0","0","0","157","0","0","0","0","0","0","0","0","0","0","0","0","0","0","0","0","117"
"0x7ff8935b1a80","      VOTE.ALL P0, !P0","13","0","13","1048576","33554432","33554432","32","32","0","0","0","-","-","-","0","0","0","0","0","0","0","0","0","-","0","0","0","0","0","0","0","0","0","0","0","0","0","0","0","0","0","0","13","0","0","0","0","0","0","0","0","0","0","0","0","0","0","0","0","0","0","0","0","0"
"0x7ff8935b1a90","      PRMT R45, R45, 0x5410, R46","44","20","44","1048576","33554432","33554432","32","32","0","0","0","-","-","-","0","0","0","0","0","0","0","0","0","-","0","0","0","0","0","0","0","0","0","0","0","0","0","0","0","0","0","0","24","0","0","0","20","0","0","0","0","0","0","0","0","0","0","0","0","0","0","0","0","20"
"0x7ff8935b1aa0","      MUFU.EX2 R158, R158","146","90","146","1048576","33554432","33554432","32","32","0","0","0","-","-","-","0","0","0","0","0","0","0","0","0","-","0","0","0","0","0","0","0","0","0","0","0","0","0","0","0","0","0","1","19","0","0","0","126","0","0","0","0","0","0","0","0","0","0","0","0","0","0","0","0","90"
"0x7ff8935b1ab0","      ISETP.EQ.U32.OR P0, PT, RZ, UR6, P0","18","0","18","1048576","33554432","33554432","32","32","0","0","0","-","-","-","0","0","0","0","0","0","0","0","0","-","0","0","0","0","0","0","0","0","0","0","0","0","0","0","0","0","0","0","18","0","0","0","0","0","0","0","0","0","0","0","0","0","0","0","0","0","0","0","0","0"
"0x7ff8935b1ac0","      F2FP.SATFINITE.E4M3.F32.PACK_AB_MERGE_C R55, R154, R155, RZ","35","14","35","1048576","33554432","33554432","32","32","0","0","0","-","-","-","0","0","0","0","0","0","0","0","0","-","0","0","0","0","0","0","0","0","0","0","0","0","0","0","0","0","0","0","21","0","0","0","14","0","0","0","0","0","0","0","0","0","0","0","0","0","0","0","0","14"
"0x7ff8935b1ad0","      MUFU.EX2 R159, R159","157","80","157","1048576","33554432","33554432","32","32","0","0","0","-","-","-","0","0","0","0","0","0","0","0","0","-","0","0","0","0","0","0","0","0","0","0","0","0","0","0","0","0","0","0","22","0","0","0","135","0","0","0","0","0","0","0","0","0","0","0","0","0","0","0","0","80"
"0x7ff8935b1ae0","      MUFU.EX2 R161, R36","197","126","197","1048576","33554432","33554432","32","32","0","0","0","-","-","-","0","0","0","0","0","0","0","0","0","-","0","0","0","0","0","0","0","0","0","0","0","0","0","0","0","0","0","1","14","0","0","0","182","0","0","0","0","0","0","0","0","0","0","0","0","0","0","0","0","126"
"0x7ff8935b1af0","      F2FP.SATFINITE.E4M3.F32.PACK_AB_MERGE_C R52, R156, R157, RZ","17","0","17","1048576","33554432","33554432","32","32","0","0","0","-","-","-","0","0","0","0","0","0","0","0","0","-","0","0","0","0","0","0","0","0","0","0","0","0","0","0","0","0","0","0","17","0","0","0","0","0","0","0","0","0","0","0","0","0","0","0","0","0","0","0","0","0"
"0x7ff8935b1b00","      MUFU.EX2 R160, R37","177","124","177","1048576","33554432","33554432","32","32","0","0","0","-","-","-","0","0","0","0","0","0","0","0","0","-","0","0","0","0","0","0","0","0","0","0","0","0","0","0","0","0","0","0","19","0","0","0","158","0","0","0","0","0","0","0","0","0","0","0","0","0","0","0","0","124"
"0x7ff8935b1b10","      PRMT R46, R52, 0x5410, R55","20","0","20","1048576","33554432","33554432","32","32","0","0","0","-","-","-","0","0","0","0","0","0","0","0","0","-","0","0","0","0","0","0","0","0","0","0","0","0","0","0","0","0","0","0","20","0","0","0","0","0","0","0","0","0","0","0","0","0","0","0","0","0","0","0","0","0"
"0x7ff8935b1b20","      F2FP.SATFINITE.E4M3.F32.PACK_AB_MERGE_C R53, R159, R158, RZ","55","29","55","1048576","33554432","33554432","32","32","0","0","0","-","-","-","0","0","0","0","0","0","0","0","0","-","0","0","0","0","0","0","0","0","0","0","0","0","1","0","0","0","0","0","25","0","0","0","29","0","0","0","0","0","0","1","0","0","0","0","0","0","0","0","0","28"
"0x7ff8935b1b30","      F2FP.SATFINITE.E4M3.F32.PACK_AB_MERGE_C R42, R160, R161, RZ","236","157","236","1048576","33554432","33554432","32","32","0","0","0","-","-","-","0","0","0","0","0","0","0","0","0","-","0","0","0","0","0","0","0","0","0","0","0","0","5","0","0","0","0","13","22","176","0","0","20","0","0","0","0","0","0","5","0","0","0","0","0","0","134","0","0","18"
"0x7ff8935b1b40","      PRMT R47, R42, 0x5410, R53","100","57","100","1048576","33554432","33554432","32","32","0","0","0","-","-","-","0","0","0","0","0","0","0","0","0","-","0","0","0","0","0","0","0","0","0","0","0","0","8","0","0","0","0","10","20","0","0","0","62","0","0","0","0","0","0","8","0","0","0","0","0","0","0","0","0","49"
"0x7ff8935b1b50","      STS.128 [R170], R44","87","56","87","1048576","33554432","33554432","32","32","0","0","0","Shared","Store","128","0","4","0","4194304","4194304","0","0","0","0","-","0","0","0","0","0","0","0","0","3","0","0","0","0","0","0","0","0","1","12","0","0","0","71","0","0","0","0","0","0","0","0","0","0","0","0","0","0","0","0","56"
"0x7ff8935b1b60","@P0   BRA 0x7ff8935b2050","13","0","13","1048576","33554432","3352832","32","3","29","29","0","-","-","-","0","0","0","0","0","0","0","0","0","-","0","0","0","0","0","0","0","0","0","0","0","0","0","0","0","0","0","0","13","0","0","0","0","0","0","0","0","0","0","0","0","0","0","0","0","0","0","0","0","0"
"0x7ff8935b1b70","      R2UR UR5, R182","96","48","96","943800","30201600","30201600","32","32","29","0","0","-","-","-","0","0","0","0","0","0","0","0","0","-","0","0","0","0","0","0","0","0","1","0","0","0","0","0","0","0","0","3","9","0","0","0","83","0","0","0","0","0","0","0","0","0","0","0","0","0","0","0","0","48"
"0x7ff8935b1b80","      R2UR UR8, R182","27","12","27","943800","30201600","30201600","32","32","0","0","0","-","-","-","0","0","0","0","0","0","0","0","0","-","0","0","0","0","0","0","0","0","0","0","0","0","0","0","0","0","0","4","9","0","0","0","14","0","0","0","0","0","0","0","0","0","0","0","0","0","0","0","0","12"
"0x7ff8935b1b90","      R2UR UR7, R182","42","16","42","943800","30201600","30201600","32","32","0","0","0","-","-","-","0","0","0","0","0","0","0","0","0","-","0","0","0","0","0","0","0","0","0","0","0","0","1","0","0","0","0","1","22","0","0","0","18","0","0","0","0","0","0","0","0","0","0","0","0","0","0","0","0","16"
"0x7ff8935b1ba0","      LDTM.x32 R100, tmem[UR5]","169","97","169","943800","30201600","30201600","32","32","0","0","0","Tmem","Load","-","0","0","0","0","0","0","0","0","0","-","0","0","0","0","0","0","0","0","0","0","0","0","0","0","0","0","0","2","21","0","0","0","146","0","0","0","0","0","0","0","0","0","0","0","0","0","0","0","0","97"
"0x7ff8935b1bb0","      LDTM.x32 R68, tmem[UR5+0x20]","27","0","27","943800","30201600","30201600","32","32","0","0","0","Tmem","Load","-","0","0","0","0","0","0","0","0","0","-","0","0","0","0","0","0","0","0","0","0","0","0","0","0","0","0","0","0","27","0","0","0","0","0","0","0","0","0","0","0","0","0","0","0","0","0","0","0","0","0"
"0x7ff8935b1bc0","      NOP","18","0","18","943800","30201600","30201600","32","32","0","0","0","-","-","-","0","0","0","0","0","0","0","0","0","-","0","0","0","0","0","0","0","0","0","0","0","0","0","0","0","0","0","0","18","0","0","0","0","0","0","0","0","0","0","0","0","0","0","0","0","0","0","0","0","0"
"0x7ff8935b1bd0","      FMUL2 R100, R100.F32x2.HI_LO, R162.F32","873","516","873","943800","30201600","30201600","32","32","0","0","0","-","-","-","0","0","0","0","0","0","0","0","0","-","0","0","0","0","0","0","0","0","0","0","0","0","38","0","0","0","0","34","10","791","0","0","0","0","0","0","0","0","0","38","0","0","0","0","0","0","478","0","0","0"
"0x7ff8935b1be0","      FMUL2 R102, R102.F32x2.HI_LO, R162.F32","36","21","36","943800","30201600","30201600","32","32","0","0","0","-","-","-","0","0","0","0","0","0","0","0","0","-","0","0","0","0","0","0","0","0","0","0","0","0","0","0","0","0","0","0","15","0","0","0","21","0","0","0","0","0","0","0","0","0","0","0","0","0","0","0","0","21"
"0x7ff8935b1bf0","      FMUL2 R104, R104.F32x2.HI_LO, R162.F32","45","11","45","943800","30201600","30201600","32","32","0","0","0","-","-","-","0","0","0","0","0","0","0","0","0","-","0","0","0","0","0","0","0","0","0","0","0","0","0","0","0","0","0","20","11","0","0","0","14","0","0","0","0","0","0","0","0","0","0","0","0","0","0","0","0","11"
"0x7ff8935b1c00","      FMUL2 R106, R106.F32x2.HI_LO, R162.F32","35","17","35","943800","30201600","30201600","32","32","0","0","0","-","-","-","0","0","0","0","0","0","0","0","0","-","0","0","0","0","0","0","0","0","0","0","0","0","0","0","0","0","0","0","18","0","0","0","17","0","0","0","0","0","0","0","0","0","0","0","0","0","0","0","0","17"
"0x7ff8935b1c10","      FMUL2 R108, R108.F32x2.HI_LO, R162.F32","43","17","43","943800","30201600","30201600","32","32","0","0","0","-","-","-","0","0","0","0","0","0","0","0","0","-","0","0","0","0","0","0","0","0","0","0","0","0","0","0","0","0","0","0","26","0","0","0","17","0","0","0","0","0","0","0","0","0","0","0","0","0","0","0","0","17"
"0x7ff8935b1c20","      FMUL2 R110, R110.F32x2.HI_LO, R162.F32","29","12","29","943800","30201600","30201600","32","32","0","0","0","-","-","-","0","0","0","0","0","0","0","0","0","-","0","0","0","0","0","0","0","0","0","0","0","0","0","0","0","0","0","0","17","0","0","0","12","0","0","0","0","0","0","0","0","0","0","0","0","0","0","0","0","12"
"0x7ff8935b1c30","      FMUL2 R112, R112.F32x2.HI_LO, R162.F32","33","12","33","943800","30201600","30201600","32","32","0","0","0","-","-","-","0","0","0","0","0","0","0","0","0","-","0","0","0","0","0","0","0","0","0","0","0","0","0","0","0","0","0","0","14","0","0","0","19","0","0","0","0","0","0","0","0","0","0","0","0","0","0","0","0","12"
"0x7ff8935b1c40","      FMUL2 R114, R114.F32x2.HI_LO, R162.F32","47","16","47","943800","30201600","30201600","32","32","0","0","0","-","-","-","0","0","0","0","0","0","0","0","0","-","0","0","0","0","0","0","0","0","0","0","0","0","0","0","0","0","0","0","19","0","0","0","28","0","0","0","0","0","0","0","0","0","0","0","0","0","0","0","0","16"
"0x7ff8935b1c50","      FMUL2 R116, R116.F32x2.HI_LO, R162.F32","47","16","47","943800","30201600","30201600","32","32","0","0","0","-","-","-","0","0","0","0","0","0","0","0","0","-","0","0","0","0","0","0","0","0","0","0","0","0","0","0","0","0","0","0","30","0","0","0","17","0","0","0","0","0","0","0","0","0","0","0","0","0","0","0","0","16"
"0x7ff8935b1c60","      FMUL2 R118, R118.F32x2.HI_LO, R162.F32","269","19","269","943800","30201600","30201600","32","32","0","0","0","-","-","-","0","0","0","0","0","0","0","0","0","-","0","0","0","0","0","0","0","0","0","0","0","0","0","0","0","0","0","1","11","0","0","0","257","0","0","0","0","0","0","0","0","0","0","0","0","0","0","0","0","19"
"0x7ff8935b1c70","      FMUL2 R120, R120.F32x2.HI_LO, R162.F32","41","19","41","943800","30201600","30201600","32","32","0","0","0","-","-","-","0","0","0","0","0","0","0","0","0","-","0","0","0","0","0","0","0","0","0","0","0","0","0","0","0","0","0","0","20","0","0","0","21","0","0","0","0","0","0","0","0","0","0","0","0","0","0","0","0","19"
"0x7ff8935b1c80","      FMUL2 R122, R122.F32x2.HI_LO, R162.F32","29","9","29","943800","30201600","30201600","32","32","0","0","0","-","-","-","0","0","0","0","0","0","0","0","0","-","0","0","0","0","0","0","0","0","0","0","0","0","0","0","0","0","0","0","19","0","0","0","10","0","0","0","0","0","0","0","0","0","0","0","0","0","0","0","0","9"
"0x7ff8935b1c90","      FMUL2 R124, R124.F32x2.HI_LO, R162.F32","32","16","32","943800","30201600","30201600","32","32","0","0","0","-","-","-","0","0","0","0","0","0","0","0","0","-","0","0","0","0","0","0","0","0","0","0","0","0","0","0","0","0","0","0","16","0","0","0","16","0","0","0","0","0","0","0","0","0","0","0","0","0","0","0","0","16"
"0x7ff8935b1ca0","      FMUL2 R126, R126.F32x2.HI_LO, R162.F32","40","22","40","943800","30201600","30201600","32","32","0","0","0","-","-","-","0","0","0","0","0","0","0","0","0","-","0","0","0","0","0","0","0","0","0","0","0","0","0","0","0","0","0","0","18","0","0","0","22","0","0","0","0","0","0","0","0","0","0","0","0","0","0","0","0","22"
"0x7ff8935b1cb0","      FMUL2 R128, R128.F32x2.HI_LO, R162.F32","32","18","32","943800","30201600","30201600","32","32","0","0","0","-","-","-","0","0","0","0","0","0","0","0","0","-","0","0","0","0","0","0","0","0","0","0","0","0","0","0","0","0","0","0","14","0","0","0","18","0","0","0","0","0","0","0","0","0","0","0","0","0","0","0","0","18"
"0x7ff8935b1cc0","      FMUL2 R130, R130.F32x2.HI_LO, R162.F32","39","24","39","943800","30201600","30201600","32","32","0","0","0","-","-","-","0","0","0","0","0","0","0","0","0","-","0","0","0","0","0","0","0","0","0","0","0","0","0","0","0","0","0","0","15","0","0","0","24","0","0","0","0","0","0","0","0","0","0","0","0","0","0","0","0","24"
"0x7ff8935b1cd0","      FMUL2 R68, R68.F32x2.HI_LO, R162.F32","34","16","34","943800","30201600","30201600","32","32","0","0","0","-","-","-","0","0","0","0","0","0","0","0","0","-","0","0","0","0","0","0","0","0","0","0","0","0","0","0","0","0","0","0","17","0","0","0","17","0","0","0","0","0","0","0","0","0","0","0","0","0","0","0","0","16"
"0x7ff8935b1ce0","      FMUL2 R70, R70.F32x2.HI_LO, R162.F32","31","19","31","943800","30201600","30201600","32","32","0","0","0","-","-","-","0","0","0","0","0","0","0","0","0","-","0","0","0","0","0","0","0","0","0","0","0","0","0","0","0","0","0","0","12","0","0","0","19","0","0","0","0","0","0","0","0","0","0","0","0","0","0","0","0","19"
"0x7ff8935b1cf0","      STTM.x32 tmem[UR8], R100","19","0","19","943800","30201600","30201600","32","32","0","0","0","Tmem","Store","-","0","0","0","0","0","0","0","0","0","-","0","0","0","0","0","0","0","0","0","0","0","0","0","0","0","0","0","0","19","0","0","0","0","0","0","0","0","0","0","0","0","0","0","0","0","0","0","0","0","0"
"0x7ff8935b1d00","      FMUL2 R72, R72.F32x2.HI_LO, R162.F32","11","0","11","943800","30201600","30201600","32","32","0","0","0","-","-","-","0","0","0","0","0","0","0","0","0","-","0","0","0","0","0","0","0","0","0","0","0","0","0","0","0","0","0","0","11","0","0","0","0","0","0","0","0","0","0","0","0","0","0","0","0","0","0","0","0","0"
"0x7ff8935b1d10","      FMUL2 R74, R74.F32x2.HI_LO, R162.F32","33","20","33","943800","30201600","30201600","32","32","0","0","0","-","-","-","0","0","0","0","0","0","0","0","0","-","0","0","0","0","0","0","0","0","0","0","0","0","0","0","0","0","0","0","13","0","0","0","20","0","0","0","0","0","0","0","0","0","0","0","0","0","0","0","0","20"
"0x7ff8935b1d20","      FMUL2 R76, R76.F32x2.HI_LO, R162.F32","38","18","38","943800","30201600","30201600","32","32","0","0","0","-","-","-","0","0","0","0","0","0","0","0","0","-","0","0","0","0","0","0","0","0","0","0","0","0","0","0","0","0","0","0","20","0","0","0","18","0","0","0","0","0","0","0","0","0","0","0","0","0","0","0","0","18"
"0x7ff8935b1d30","      FMUL2 R78, R78.F32x2.HI_LO, R162.F32","35","14","35","943800","30201600","30201600","32","32","0","0","0","-","-","-","0","0","0","0","0","0","0","0","0","-","0","0","0","0","0","0","0","0","1","0","0","0","0","0","0","0","0","0","19","0","0","0","15","0","0","0","0","0","0","0","0","0","0","0","0","0","0","0","0","14"
"0x7ff8935b1d40","      FMUL2 R80, R80.F32x2.HI_LO, R162.F32","28","17","28","943800","30201600","30201600","32","32","0","0","0","-","-","-","0","0","0","0","0","0","0","0","0","-","0","0","0","0","0","0","0","0","0","0","0","0","0","0","0","0","0","0","11","0","0","0","17","0","0","0","0","0","0","0","0","0","0","0","0","0","0","0","0","17"
"0x7ff8935b1d50","      FMUL2 R82, R82.F32x2.HI_LO, R162.F32","39","17","39","943800","30201600","30201600","32","32","0","0","0","-","-","-","0","0","0","0","0","0","0","0","0","-","0","0","0","0","0","0","0","0","0","0","0","0","0","0","0","0","0","0","22","0","0","0","17","0","0","0","0","0","0","0","0","0","0","0","0","0","0","0","0","17"
"0x7ff8935b1d60","      FMUL2 R84, R84.F32x2.HI_LO, R162.F32","45","20","45","943800","30201600","30201600","32","32","0","0","0","-","-","-","0","0","0","0","0","0","0","0","0","-","0","0","0","0","0","0","0","0","0","0","0","0","0","0","0","0","0","0","25","0","0","0","20","0","0","0","0","0","0","0","0","0","0","0","0","0","0","0","0","20"
"0x7ff8935b1d70","      FMUL2 R86, R86.F32x2.HI_LO, R162.F32","31","17","31","943800","30201600","30201600","32","32","0","0","0","-","-","-","0","0","0","0","0","0","0","0","0","-","0","0","0","0","0","0","0","0","0","0","0","0","0","0","0","0","0","0","13","0","0","0","18","0","0","0","0","0","0","0","0","0","0","0","0","0","0","0","0","17"
"0x7ff8935b1d80","      FMUL2 R88, R88.F32x2.HI_LO, R162.F32","49","24","49","943800","30201600","30201600","32","32","0","0","0","-","-","-","0","0","0","0","0","0","0","0","0","-","0","0","0","0","0","0","0","0","0","0","0","0","0","0","0","0","0","1","23","0","0","0","25","0","0","0","0","0","0","0","0","0","0","0","0","0","0","0","0","24"
"0x7ff8935b1d90","      FMUL2 R90, R90.F32x2.HI_LO, R162.F32","33","17","33","943800","30201600","30201600","32","32","0","0","0","-","-","-","0","0","0","0","0","0","0","0","0","-","0","0","0","0","0","0","0","0","0","0","0","0","0","0","0","0","0","0","16","0","0","0","17","0","0","0","0","0","0","0","0","0","0","0","0","0","0","0","0","17"
"0x7ff8935b1da0","      FMUL2 R92, R92.F32x2.HI_LO, R162.F32","34","16","34","943800","30201600","30201600","32","32","0","0","0","-","-","-","0","0","0","0","0","0","0","0","0","-","0","0","0","0","0","0","0","0","0","0","0","0","0","0","0","0","0","0","18","0","0","0","16","0","0","0","0","0","0","0","0","0","0","0","0","0","0","0","0","16"
"0x7ff8935b1db0","      FMUL2 R94, R94.F32x2.HI_LO, R162.F32","33","14","33","943800","30201600","30201600","32","32","0","0","0","-","-","-","0","0","0","0","0","0","0","0","0","-","0","0","0","0","0","0","0","0","0","0","0","0","0","0","0","0","0","0","19","0","0","0","14","0","0","0","0","0","0","0","0","0","0","0","0","0","0","0","0","14"
"0x7ff8935b1dc0","      FMUL2 R96, R96.F32x2.HI_LO, R162.F32","42","24","42","943800","30201600","30201600","32","32","0","0","0","-","-","-","0","0","0","0","0","0","0","0","0","-","0","0","0","0","0","0","0","0","0","0","0","0","0","0","0","0","0","0","18","0","0","0","24","0","0","0","0","0","0","0","0","0","0","0","0","0","0","0","0","24"
"0x7ff8935b1dd0","      FMUL2 R98, R98.F32x2.HI_LO, R162.F32","35","20","35","943800","30201600","30201600","32","32","0","0","0","-","-","-","0","0","0","0","0","0","0","0","0","-","0","0","0","0","0","0","0","0","0","0","0","0","0","0","0","0","0","0","15","0","0","0","20","0","0","0","0","0","0","0","0","0","0","0","0","0","0","0","0","20"
"0x7ff8935b1de0","      STTM.x32 tmem[UR7+0x20], R68","79","34","79","943800","30201600","30201600","32","32","0","0","0","Tmem","Store","-","0","0","0","0","0","0","0","0","0","-","0","0","0","0","0","0","0","0","0","0","0","0","0","0","0","0","0","14","18","0","0","0","47","0","0","0","0","0","0","0","0","0","0","0","0","0","0","0","0","34"
"0x7ff8935b1df0","      LDTM.x32 R36, tmem[UR5+0x40]","21","0","21","943800","30201600","30201600","32","32","0","0","0","Tmem","Load","-","0","0","0","0","0","0","0","0","0","-","0","0","0","0","0","0","0","0","1","0","0","0","0","0","0","0","0","0","20","0","0","0","0","0","0","0","0","0","0","0","0","0","0","0","0","0","0","0","0","0"
"0x7ff8935b1e00","      LDTM.x32 R4, tmem[UR5+0x60]","22","0","22","943800","30201600","30201600","32","32","0","0","0","Tmem","Load","-","0","0","0","0","0","0","0","0","0","-","0","0","0","0","0","0","0","0","1","0","0","0","0","0","0","0","0","0","21","0","0","0","0","0","0","0","0","0","0","0","0","0","0","0","0","0","0","0","0","0"
"0x7ff8935b1e10","      NOP","21","0","21","943800","30201600","30201600","32","32","0","0","0","-","-","-","0","0","0","0","0","0","0","0","0","-","0","0","0","0","0","0","0","0","0","0","0","0","0","0","0","0","0","0","21","0","0","0","0","0","0","0","0","0","0","0","0","0","0","0","0","0","0","0","0","0"
"0x7ff8935b1e20","      FMUL2 R36, R36.F32x2.HI_LO, R162.F32","1618","521","1618","943800","30201600","30201600","32","32","0","0","0","-","-","-","0","0","0","0","0","0","0","0","0","-","0","0","0","0","0","0","0","0","2","0","0","0","170","0","0","0","0","150","23","1273","0","0","0","0","0","2","0","0","0","166","0","0","0","0","0","0","353","0","0","0"
"0x7ff8935b1e30","      FMUL2 R38, R38.F32x2.HI_LO, R162.F32","52","27","52","943800","30201600","30201600","32","32","0","0","0","-","-","-","0","0","0","0","0","0","0","0","0","-","0","0","0","0","0","0","0","0","0","0","0","0","0","0","0","0","0","0","23","0","0","0","29","0","0","0","0","0","0","0","0","0","0","0","0","0","0","0","0","27"
"0x7ff8935b1e40","      FMUL2 R40, R40.F32x2.HI_LO, R162.F32","65","0","65","943800","30201600","30201600","32","32","0","0","0","-","-","-","0","0","0","0","0","0","0","0","0","-","0","0","0","0","0","0","0","0","3","0","0","0","0","0","0","0","0","28","19","0","0","0","15","0","0","0","0","0","0","0","0","0","0","0","0","0","0","0","0","0"
"0x7ff8935b1e50","      FMUL2 R42, R42.F32x2.HI_LO, R162.F32","40","22","40","943800","30201600","30201600","32","32","0","0","0","-","-","-","0","0","0","0","0","0","0","0","0","-","0","0","0","0","0","0","0","0","0","0","0","0","0","0","0","0","0","0","16","0","0","0","24","0","0","0","0","0","0","0","0","0","0","0","0","0","0","0","0","22"
"0x7ff8935b1e60","      FMUL2 R44, R44.F32x2.HI_LO, R162.F32","40","15","40","943800","30201600","30201600","32","32","0","0","0","-","-","-","0","0","0","0","0","0","0","0","0","-","0","0","0","0","0","0","0","0","0","0","0","0","0","0","0","0","0","1","22","0","0","0","17","0","0","0","0","0","0","0","0","0","0","0","0","0","0","0","0","15"
"0x7ff8935b1e70","      FMUL2 R46, R46.F32x2.HI_LO, R162.F32","54","21","54","943800","30201600","30201600","32","32","0","0","0","-","-","-","0","0","0","0","0","0","0","0","0","-","0","0","0","0","0","0","0","0","3","0","0","0","0","0","0","0","0","0","15","0","0","0","36","0","0","0","0","0","0","0","0","0","0","0","0","0","0","0","0","21"
"0x7ff8935b1e80","      FMUL2 R48, R48.F32x2.HI_LO, R162.F32","564","18","564","943800","30201600","30201600","32","32","0","0","0","-","-","-","0","0","0","0","0","0","0","0","0","-","0","0","0","0","0","0","0","0","0","0","0","0","0","0","0","0","0","0","18","0","0","0","546","0","0","0","0","0","0","0","0","0","0","0","0","0","0","0","0","18"
"0x7ff8935b1e90","      FMUL2 R50, R50.F32x2.HI_LO, R162.F32","28","11","28","943800","30201600","30201600","32","32","0","0","0","-","-","-","0","0","0","0","0","0","0","0","0","-","0","0","0","0","0","0","0","0","0","0","0","0","0","0","0","0","0","0","13","0","0","0","15","0","0","0","0","0","0","0","0","0","0","0","0","0","0","0","0","11"
"0x7ff8935b1ea0","      FMUL2 R52, R52.F32x2.HI_LO, R162.F32","48","8","48","943800","30201600","30201600","32","32","0","0","0","-","-","-","0","0","0","0","0","0","0","0","0","-","0","0","0","0","0","0","0","0","0","0","0","0","1","0","0","0","0","8","25","0","0","0","14","0","0","0","0","0","0","0","0","0","0","0","0","0","0","0","0","8"
"0x7ff8935b1eb0","      FMUL2 R54, R54.F32x2.HI_LO, R162.F32","30","12","30","943800","30201600","30201600","32","32","0","0","0","-","-","-","0","0","0","0","0","0","0","0","0","-","0","0","0","0","0","0","0","0","0","0","0","0","1","0","0","0","0","0","17","0","0","0","12","0","0","0","0","0","0","0","0","0","0","0","0","0","0","0","0","12"
"0x7ff8935b1ec0","      FMUL2 R56, R56.F32x2.HI_LO, R162.F32","37","20","37","943800","30201600","30201600","32","32","0","0","0","-","-","-","0","0","0","0","0","0","0","0","0","-","0","0","0","0","0","0","0","0","0","0","0","0","0","0","0","0","0","0","15","0","0","0","22","0","0","0","0","0","0","0","0","0","0","0","0","0","0","0","0","20"
"0x7ff8935b1ed0","      FMUL2 R58, R58.F32x2.HI_LO, R162.F32","37","18","37","943800","30201600","30201600","32","32","0","0","0","-","-","-","0","0","0","0","0","0","0","0","0","-","0","0","0","0","0","0","0","0","0","0","0","0","4","0","0","0","0","3","12","0","0","0","18","0","0","0","0","0","0","0","0","0","0","0","0","0","0","0","0","18"
"0x7ff8935b1ee0","      FMUL2 R60, R60.F32x2.HI_LO, R162.F32","220","17","220","943800","30201600","30201600","32","32","0","0","0","-","-","-","0","0","0","0","0","0","0","0","0","-","0","0","0","0","0","0","0","0","0","0","0","0","170","0","0","0","0","19","20","0","0","0","11","0","0","0","0","0","0","11","0","0","0","0","0","0","0","0","0","6"
"0x7ff8935b1ef0","      FMUL2 R62, R62.F32x2.HI_LO, R162.F32","63","29","63","943800","30201600","30201600","32","32","0","0","0","-","-","-","0","0","0","0","0","0","0","0","0","-","0","0","0","0","0","0","0","0","0","0","0","0","19","0","0","0","0","2","13","0","0","0","29","0","0","0","0","0","0","1","0","0","0","0","0","0","0","0","0","28"
"0x7ff8935b1f00","      FMUL2 R64, R64.F32x2.HI_LO, R162.F32","27","15","27","943800","30201600","30201600","32","32","0","0","0","-","-","-","0","0","0","0","0","0","0","0","0","-","0","0","0","0","0","0","0","0","0","0","0","0","2","0","0","0","0","0","9","0","0","0","16","0","0","0","0","0","0","2","0","0","0","0","0","0","0","0","0","13"
"0x7ff8935b1f10","      FMUL2 R66, R66.F32x2.HI_LO, R162.F32","28","13","28","943800","30201600","30201600","32","32","0","0","0","-","-","-","0","0","0","0","0","0","0","0","0","-","0","0","0","0","0","0","0","0","0","0","0","0","0","0","0","0","0","0","12","0","0","0","16","0","0","0","0","0","0","0","0","0","0","0","0","0","0","0","0","13"
"0x7ff8935b1f20","      FMUL2 R4, R4.F32x2.HI_LO, R162.F32","51","22","51","943800","30201600","30201600","32","32","0","0","0","-","-","-","0","0","0","0","0","0","0","0","0","-","0","0","0","0","0","0","0","0","0","0","0","0","0","0","0","0","0","1","27","0","0","0","23","0","0","0","0","0","0","0","0","0","0","0","0","0","0","0","0","22"
"0x7ff8935b1f30","      FMUL2 R6, R6.F32x2.HI_LO, R162.F32","31","13","31","943800","30201600","30201600","32","32","0","0","0","-","-","-","0","0","0","0","0","0","0","0","0","-","0","0","0","0","0","0","0","0","0","0","0","0","2","0","0","0","0","0","16","0","0","0","13","0","0","0","0","0","0","0","0","0","0","0","0","0","0","0","0","13"
"0x7ff8935b1f40","      STTM.x32 tmem[UR7+0x40], R36","13","0","13","943800","30201600","30201600","32","32","0","0","0","Tmem","Store","-","0","0","0","0","0","0","0","0","0","-","0","0","0","0","0","0","0","0","0","0","0","0","0","0","0","0","0","0","13","0","0","0","0","0","0","0","0","0","0","0","0","0","0","0","0","0","0","0","0","0"
"0x7ff8935b1f50","      FMUL2 R8, R8.F32x2.HI_LO, R162.F32","24","0","24","943800","30201600","30201600","32","32","0","0","0","-","-","-","0","0","0","0","0","0","0","0","0","-","0","0","0","0","0","0","0","0","0","0","0","0","0","0","0","0","0","0","24","0","0","0","0","0","0","0","0","0","0","0","0","0","0","0","0","0","0","0","0","0"
"0x7ff8935b1f60","      FMUL2 R10, R10.F32x2.HI_LO, R162.F32","24","14","24","943800","30201600","30201600","32","32","0","0","0","-","-","-","0","0","0","0","0","0","0","0","0","-","0","0","0","0","0","0","0","0","0","0","0","0","0","0","0","0","0","0","9","0","0","0","15","0","0","0","0","0","0","0","0","0","0","0","0","0","0","0","0","14"
"0x7ff8935b1f70","      FMUL2 R12, R12.F32x2.HI_LO, R162.F32","40","21","40","943800","30201600","30201600","32","32","0","0","0","-","-","-","0","0","0","0","0","0","0","0","0","-","0","0","0","0","0","0","0","0","0","0","0","0","1","0","0","0","0","0","18","0","0","0","21","0","0","0","0","0","0","0","0","0","0","0","0","0","0","0","0","21"
"0x7ff8935b1f80","      FMUL2 R14, R14.F32x2.HI_LO, R162.F32","45","21","45","943800","30201600","30201600","32","32","0","0","0","-","-","-","0","0","0","0","0","0","0","0","0","-","0","0","0","0","0","0","0","0","0","0","0","0","0","0","0","0","0","0","24","0","0","0","21","0","0","0","0","0","0","0","0","0","0","0","0","0","0","0","0","21"
"0x7ff8935b1f90","      FMUL2 R16, R16.F32x2.HI_LO, R162.F32","33","16","33","943800","30201600","30201600","32","32","0","0","0","-","-","-","0","0","0","0","0","0","0","0","0","-","0","0","0","0","0","0","0","0","0","0","0","0","0","0","0","0","0","0","16","0","0","0","17","0","0","0","0","0","0","0","0","0","0","0","0","0","0","0","0","16"
"0x7ff8935b1fa0","      FMUL2 R18, R18.F32x2.HI_LO, R162.F32","170","15","170","943800","30201600","30201600","32","32","0","0","0","-","-","-","0","0","0","0","0","0","0","0","0","-","0","0","0","0","0","0","0","0","0","0","0","0","0","0","0","0","0","0","20","0","0","0","150","0","0","0","0","0","0","0","0","0","0","0","0","0","0","0","0","15"
"0x7ff8935b1fb0","      FMUL2 R20, R20.F32x2.HI_LO, R162.F32","33","18","33","943800","30201600","30201600","32","32","0","0","0","-","-","-","0","0","0","0","0","0","0","0","0","-","0","0","0","0","0","0","0","0","0","0","0","0","0","0","0","0","0","0","15","0","0","0","18","0","0","0","0","0","0","0","0","0","0","0","0","0","0","0","0","18"
"0x7ff8935b1fc0","      FMUL2 R22, R22.F32x2.HI_LO, R162.F32","33","19","33","943800","30201600","30201600","32","32","0","0","0","-","-","-","0","0","0","0","0","0","0","0","0","-","0","0","0","0","0","0","0","0","0","0","0","0","0","0","0","0","0","1","13","0","0","0","19","0","0","0","0","0","0","0","0","0","0","0","0","0","0","0","0","19"
"0x7ff8935b1fd0","      FMUL2 R24, R24.F32x2.HI_LO, R162.F32","27","9","27","943800","30201600","30201600","32","32","0","0","0","-","-","-","0","0","0","0","0","0","0","0","0","-","0","0","0","0","0","0","0","0","0","0","0","0","0","0","0","0","0","0","18","0","0","0","9","0","0","0","0","0","0","0","0","0","0","0","0","0","0","0","0","9"
"0x7ff8935b1fe0","      FMUL2 R26, R26.F32x2.HI_LO, R162.F32","41","19","41","943800","30201600","30201600","32","32","0","0","0","-","-","-","0","0","0","0","0","0","0","0","0","-","0","0","0","0","0","0","0","0","0","0","0","0","0","0","0","0","0","0","22","0","0","0","19","0","0","0","0","0","0","0","0","0","0","0","0","0","0","0","0","19"
"0x7ff8935b1ff0","      FMUL2 R28, R28.F32x2.HI_LO, R162.F32","47","27","47","943800","30201600","30201600","32","32","0","0","0","-","-","-","0","0","0","0","0","0","0","0","0","-","0","0","0","0","0","0","0","0","0","0","0","0","0","0","0","0","0","0","20","0","0","0","27","0","0","0","0","0","0","0","0","0","0","0","0","0","0","0","0","27"
"0x7ff8935b2000","      FMUL2 R30, R30.F32x2.HI_LO, R162.F32","30","19","30","943800","30201600","30201600","32","32","0","0","0","-","-","-","0","0","0","0","0","0","0","0","0","-","0","0","0","0","0","0","0","0","0","0","0","0","0","0","0","0","0","0","11","0","0","0","19","0","0","0","0","0","0","0","0","0","0","0","0","0","0","0","0","19"
"0x7ff8935b2010","      FMUL2 R32, R32.F32x2.HI_LO, R162.F32","42","15","42","943800","30201600","30201600","32","32","0","0","0","-","-","-","0","0","0","0","0","0","0","0","0","-","0","0","0","0","0","0","0","0","0","0","0","0","0","0","0","0","0","0","27","0","0","0","15","0","0","0","0","0","0","0","0","0","0","0","0","0","0","0","0","15"
"0x7ff8935b2020","      FMUL2 R34, R34.F32x2.HI_LO, R162.F32","34","21","34","943800","30201600","30201600","32","32","0","0","0","-","-","-","0","0","0","0","0","0","0","0","0","-","0","0","0","0","0","0","0","0","0","0","0","0","0","0","0","0","0","0","13","0","0","0","21","0","0","0","0","0","0","0","0","0","0","0","0","0","0","0","0","21"
"0x7ff8935b2030","      STTM.x32 tmem[UR5+0x60], R4","154","30","154","943800","30201600","30201600","32","32","0","0","0","Tmem","Store","-","0","0","0","0","0","0","0","0","0","-","0","0","0","0","0","0","0","0","0","0","0","0","0","0","0","0","0","72","16","0","0","0","66","0","0","0","0","0","0","0","0","0","0","0","0","0","0","0","0","30"
"0x7ff8935b2040","      FENCE.VIEW.ASYNC.T","24","0","24","943800","30201600","30201600","32","32","0","0","0","-","-","-","0","0","0","0","0","0","0","0","0","-","0","0","0","0","0","0","0","0","2","0","0","0","0","0","0","0","0","0","22","0","0","0","0","0","0","0","0","0","0","0","0","0","0","0","0","0","0","0","0","0"
"0x7ff8935b2050","      NOP","662","199","662","1048576","33554432","33554432","32","32","0","0","0","-","-","-","0","0","0","0","0","0","0","0","0","-","0","0","0","0","0","0","0","9","0","0","0","0","0","0","0","0","34","9","20","572","0","0","18","0","7","0","0","0","0","0","0","0","0","32","0","0","160","0","0","0"
"0x7ff8935b2060","      MEMBAR.ALL.CTA","22","0","22","1048576","33554432","33554432","32","32","0","0","0","-","-","-","0","0","0","0","0","0","0","0","0","-","0","0","0","0","0","0","0","0","0","0","0","0","0","0","0","0","0","0","22","0","0","0","0","0","0","0","0","0","0","0","0","0","0","0","0","0","0","0","0","0"
"0x7ff8935b2070","      FENCE.VIEW.ASYNC.S","211","124","211","1048576","33554432","33554432","32","32","0","0","0","-","-","-","0","0","0","0","0","0","0","0","0","-","0","0","0","0","0","0","0","0","0","0","0","75","0","0","0","0","0","12","16","0","0","0","108","0","0","0","0","0","46","0","0","0","0","0","0","0","0","0","0","78"
"0x7ff8935b2080","      FADD R132, R133, R132","20","0","20","1048576","33554432","33554432","32","32","0","0","0","-","-","-","0","0","0","0","0","0","0","0","0","-","0","0","0","0","0","0","0","0","0","0","0","0","0","0","0","0","1","0","19","0","0","0","0","0","0","0","0","0","0","0","0","0","0","0","0","0","0","0","0","0"
"0x7ff8935b2090","      FADD R3, R0, R3","12","0","12","1048576","33554432","33554432","32","32","0","0","0","-","-","-","0","0","0","0","0","0","0","0","0","-","0","0","0","0","0","0","0","0","0","0","0","0","0","0","0","0","0","0","12","0","0","0","0","0","0","0","0","0","0","0","0","0","0","0","0","0","0","0","0","0"
"0x7ff8935b20a0","      FADD R136, R137, R136","17","0","17","1048576","33554432","33554432","32","32","0","0","0","-","-","-","0","0","0","0","0","0","0","0","0","-","0","0","0","0","0","0","0","0","0","0","0","0","0","0","0","0","0","0","17","0","0","0","0","0","0","0","0","0","0","0","0","0","0","0","0","0","0","0","0","0"
"0x7ff8935b20b0","      S2R R4, SR_TID.X","15","0","15","1048576","33554432","33554432","32","32","0","0","0","-","-","-","0","0","0","0","0","0","0","0","0","-","0","0","0","0","0","0","0","0","0","0","0","0","0","0","0","0","0","0","15","0","0","0","0","0","0","0","0","0","0","0","0","0","0","0","0","0","0","0","0","0"
"0x7ff8935b20c0","      FADD R135, R135, R134","15","0","15","1048576","33554432","33554432","32","32","0","0","0","-","-","-","0","0","0","0","0","0","0","0","0","-","0","0","0","0","0","0","0","0","0","0","0","0","0","0","0","0","0","0","15","0","0","0","0","0","0","0","0","0","0","0","0","0","0","0","0","0","0","0","0","0"
"0x7ff8935b20d0","      FADD R140, R141, R140","16","0","16","1048576","33554432","33554432","32","32","0","0","0","-","-","-","0","0","0","0","0","0","0","0","0","-","0","0","0","0","0","0","0","0","0","0","0","0","0","0","0","0","0","0","16","0","0","0","0","0","0","0","0","0","0","0","0","0","0","0","0","0","0","0","0","0"
"0x7ff8935b20e0","      FADD R139, R139, R138","14","0","14","1048576","33554432","33554432","32","32","0","0","0","-","-","-","0","0","0","0","0","0","0","0","0","-","0","0","0","0","0","0","0","0","0","0","0","0","0","0","0","0","0","0","14","0","0","0","0","0","0","0","0","0","0","0","0","0","0","0","0","0","0","0","0","0"
"0x7ff8935b20f0","      FADD R144, R145, R144","14","0","14","1048576","33554432","33554432","32","32","0","0","0","-","-","-","0","0","0","0","0","0","0","0","0","-","0","0","0","0","0","0","0","0","0","0","0","0","0","0","0","0","0","0","14","0","0","0","0","0","0","0","0","0","0","0","0","0","0","0","0","0","0","0","0","0"
"0x7ff8935b2100","      FADD R143, R143, R142","32","1","32","1048576","33554432","33554432","32","32","0","0","0","-","-","-","0","0","0","0","0","0","0","0","0","-","0","0","0","0","0","0","0","0","0","0","0","0","0","0","0","0","1","0","31","0","0","0","0","0","0","0","0","0","0","0","0","0","0","1","0","0","0","0","0","0"
"0x7ff8935b2110","      FADD R148, R149, R148","17","0","17","1048576","33554432","33554432","32","32","0","0","0","-","-","-","0","0","0","0","0","0","0","0","0","-","0","0","0","0","0","0","0","0","0","0","0","0","0","0","0","0","0","0","17","0","0","0","0","0","0","0","0","0","0","0","0","0","0","0","0","0","0","0","0","0"
"0x7ff8935b2120","      FADD R147, R147, R146","12","0","12","1048576","33554432","33554432","32","32","0","0","0","-","-","-","0","0","0","0","0","0","0","0","0","-","0","0","0","0","0","0","0","0","0","0","0","0","0","0","0","0","0","0","12","0","0","0","0","0","0","0","0","0","0","0","0","0","0","0","0","0","0","0","0","0"
"0x7ff8935b2130","      FADD R152, R153, R152","25","0","25","1048576","33554432","33554432","32","32","0","0","0","-","-","-","0","0","0","0","0","0","0","0","0","-","0","0","0","0","0","0","0","0","0","0","0","0","0","0","0","0","0","0","25","0","0","0","0","0","0","0","0","0","0","0","0","0","0","0","0","0","0","0","0","0"
"0x7ff8935b2140","      FADD R151, R151, R150","24","0","24","1048576","33554432","33554432","32","32","0","0","0","-","-","-","0","0","0","0","0","0","0","0","0","-","0","0","0","0","0","0","0","0","0","0","0","0","0","0","0","0","0","0","24","0","0","0","0","0","0","0","0","0","0","0","0","0","0","0","0","0","0","0","0","0"
"0x7ff8935b2150","      FADD R156, R157, R156","16","0","16","1048576","33554432","33554432","32","32","0","0","0","-","-","-","0","0","0","0","0","0","0","0","0","-","0","0","0","0","0","0","0","0","0","0","0","0","0","0","0","0","0","0","16","0","0","0","0","0","0","0","0","0","0","0","0","0","0","0","0","0","0","0","0","0"
"0x7ff8935b2160","      FADD R155, R155, R154","15","0","15","1048576","33554432","33554432","32","32","0","0","0","-","-","-","0","0","0","0","0","0","0","0","0","-","0","0","0","0","0","0","0","0","0","0","0","0","0","0","0","0","0","0","15","0","0","0","0","0","0","0","0","0","0","0","0","0","0","0","0","0","0","0","0","0"
"0x7ff8935b2170","      FADD R160, R161, R160","17","0","17","1048576","33554432","33554432","32","32","0","0","0","-","-","-","0","0","0","0","0","0","0","0","0","-","0","0","0","0","0","0","0","0","0","0","0","0","0","0","0","0","0","0","17","0","0","0","0","0","0","0","0","0","0","0","0","0","0","0","0","0","0","0","0","0"
"0x7ff8935b2180","      FADD R159, R158, R159","266","85","266","1048576","33554432","33554432","32","32","0","0","0","-","-","-","0","0","0","0","0","0","0","0","0","-","0","0","0","0","0","0","0","0","0","0","0","0","134","0","0","0","15","93","24","0","0","0","0","0","0","0","0","0","0","76","0","0","0","9","0","0","0","0","0","0"
"0x7ff8935b2190","      FADD R3, R132, R3","27","0","27","1048576","33554432","33554432","32","32","0","0","0","-","-","-","0","0","0","0","0","0","0","0","0","-","0","0","0","0","0","0","0","0","0","0","0","0","0","0","0","0","0","0","27","0","0","0","0","0","0","0","0","0","0","0","0","0","0","0","0","0","0","0","0","0"
"0x7ff8935b21a0","      FADD R136, R136, R135","27","0","27","1048576","33554432","33554432","32","32","0","0","0","-","-","-","0","0","0","0","0","0","0","0","0","-","0","0","0","0","0","0","0","0","0","0","0","0","0","0","0","0","0","0","27","0","0","0","0","0","0","0","0","0","0","0","0","0","0","0","0","0","0","0","0","0"
"0x7ff8935b21b0","      FADD R139, R140, R139","20","0","20","1048576","33554432","33554432","32","32","0","0","0","-","-","-","0","0","0","0","0","0","0","0","0","-","0","0","0","0","0","0","0","0","0","0","0","0","0","0","0","0","0","0","20","0","0","0","0","0","0","0","0","0","0","0","0","0","0","0","0","0","0","0","0","0"
"0x7ff8935b21c0","      FADD R144, R144, R143","26","0","26","1048576","33554432","33554432","32","32","0","0","0","-","-","-","0","0","0","0","0","0","0","0","0","-","0","0","0","0","0","0","0","0","0","0","0","0","0","0","0","0","0","0","26","0","0","0","0","0","0","0","0","0","0","0","0","0","0","0","0","0","0","0","0","0"
"0x7ff8935b21d0","      FADD R147, R148, R147","18","0","18","1048576","33554432","33554432","32","32","0","0","0","-","-","-","0","0","0","0","0","0","0","0","0","-","0","0","0","0","0","0","0","0","0","0","0","0","0","0","0","0","0","0","18","0","0","0","0","0","0","0","0","0","0","0","0","0","0","0","0","0","0","0","0","0"
"0x7ff8935b21e0","      FADD R152, R152, R151","29","0","29","1048576","33554432","33554432","32","32","0","0","0","-","-","-","0","0","0","0","0","0","0","0","0","-","0","0","0","0","0","0","0","0","1","0","0","0","0","0","0","0","0","0","28","0","0","0","0","0","0","0","0","0","0","0","0","0","0","0","0","0","0","0","0","0"
"0x7ff8935b21f0","      SYNCS.ARRIVE.TRANS64.A1T0 RZ, [UR4+0x2f930], RZ","57","2","57","1048576","33554432","33554432","32","32","0","0","0","-","-","-","0","0","0","0","0","0","0","0","0","-","0","0","0","0","0","0","0","0","0","0","0","26","0","0","0","0","0","10","21","0","0","0","0","0","0","0","0","0","2","0","0","0","0","0","0","0","0","0","0","0"
"0x7ff8935b2200","      FADD R155, R156, R155","96","20","96","1048576","33554432","33554432","32","32","0","0","0","-","-","-","0","0","0","0","0","0","0","0","0","-","0","0","0","0","0","0","0","0","0","0","0","0","40","0","0","0","1","29","26","0","0","0","0","0","0","0","0","0","0","20","0","0","0","0","0","0","0","0","0","0"
"0x7ff8935b2210","      FADD R160, R160, R159","17","0","17","1048576","33554432","33554432","32","32","0","0","0","-","-","-","0","0","0","0","0","0","0","0","0","-","0","0","0","0","0","0","0","0","0","0","0","0","0","0","0","0","0","0","17","0","0","0","0","0","0","0","0","0","0","0","0","0","0","0","0","0","0","0","0","0"
"0x7ff8935b2220","      FADD R3, R3, R136","19","0","19","1048576","33554432","33554432","32","32","0","0","0","-","-","-","0","0","0","0","0","0","0","0","0","-","0","0","0","0","0","0","0","0","0","0","0","0","0","0","0","0","0","0","19","0","0","0","0","0","0","0","0","0","0","0","0","0","0","0","0","0","0","0","0","0"
"0x7ff8935b2230","      FADD R144, R139, R144","22","0","22","1048576","33554432","33554432","32","32","0","0","0","-","-","-","0","0","0","0","0","0","0","0","0","-","0","0","0","0","0","0","0","0","0","0","0","0","0","0","0","0","0","0","22","0","0","0","0","0","0","0","0","0","0","0","0","0","0","0","0","0","0","0","0","0"
"0x7ff8935b2240","      FADD R147, R147, R152","20","0","20","1048576","33554432","33554432","32","32","0","0","0","-","-","-","0","0","0","0","0","0","0","0","0","-","0","0","0","0","0","0","0","0","0","0","0","0","0","0","0","0","0","0","20","0","0","0","0","0","0","0","0","0","0","0","0","0","0","0","0","0","0","0","0","0"
"0x7ff8935b2250","      FADD R160, R155, R160","23","0","23","1048576","33554432","33554432","32","32","0","0","0","-","-","-","0","0","0","0","0","0","0","0","0","-","0","0","0","0","0","0","0","0","0","0","0","0","0","0","0","0","0","0","23","0","0","0","0","0","0","0","0","0","0","0","0","0","0","0","0","0","0","0","0","0"
"0x7ff8935b2260","      SYNCS.PHASECHK.TRANS64.TRYWAIT P1, [UR4+0x2f928], R175","27","0","27","1048576","33554432","33554432","32","32","0","0","0","-","-","-","0","0","0","0","0","0","0","0","0","-","0","0","0","0","0","0","0","0","0","0","0","0","0","0","0","0","0","0","27","0","0","0","0","0","0","0","0","0","0","0","0","0","0","0","0","0","0","0","0","0"
"0x7ff8935b2270","      FADD R0, R3, R144","31","0","31","1048576","33554432","33554432","32","32","0","0","0","-","-","-","0","0","0","0","0","0","0","0","0","-","0","0","0","0","0","0","0","0","0","0","0","0","0","0","0","0","0","0","31","0","0","0","0","0","0","0","0","0","0","0","0","0","0","0","0","0","0","0","0","0"
"0x7ff8935b2280","      FADD R147, R147, R160","100","36","100","1048576","33554432","33554432","32","32","0","0","0","-","-","-","0","0","0","0","0","0","0","0","0","-","0","0","0","0","0","0","0","0","0","0","0","0","25","0","0","0","1","24","21","0","0","0","29","0","0","0","0","0","0","18","0","0","0","1","0","0","0","0","0","17"
"0x7ff8935b2290","      FADD R0, R0, R147","229","97","229","1048576","33554432","33554432","32","32","0","0","0","-","-","-","0","0","0","0","0","0","0","0","0","-","0","0","0","0","0","0","0","0","0","0","0","0","88","0","0","0","0","56","17","0","0","0","68","0","0","0","0","0","0","39","0","0","0","0","0","0","0","0","0","58"
"0x7ff8935b22a0","      ISETP.NE.U32.AND P0, PT, R4, RZ, PT","30","1","30","1048576","33554432","33554432","32","32","0","0","0","-","-","-","0","0","0","0","0","0","0","0","0","-","0","0","0","0","0","0","0","0","13","0","0","0","0","0","0","0","0","0","16","1","0","0","0","0","0","0","0","0","0","0","0","0","0","0","0","0","1","0","0","0"
"0x7ff8935b22b0","      FFMA R163, R163, R162, R0","75","34","75","1048576","33554432","33554432","32","32","0","0","0","-","-","-","0","0","0","0","0","0","0","0","0","-","0","0","0","0","0","0","0","0","2","0","0","0","0","0","0","0","0","3","16","0","0","0","54","0","0","0","0","0","0","0","0","0","0","0","0","0","0","0","0","34"
"0x7ff8935b22c0","@!P1  BRA 0x7ff8935b35a0","17384","16347","17384","1048576","33554432","33554432","32","32","0","0","0","-","-","-","0","0","0","0","0","0","0","0","0","-","0","0","0","0","0","0","0","0","0","0","0","17355","0","0","0","0","0","15","14","0","0","0","0","0","0","0","0","0","16347","0","0","0","0","0","0","0","0","0","0","0"
"0x7ff8935b22d0","      VIADD R179, R179, 0x1","196","93","196","1048576","33554432","33554432","32","32","0","0","0","-","-","-","0","0","0","0","0","0","0","0","0","-","0","0","0","0","0","0","0","0","0","0","0","0","9","0","0","0","0","5","17","0","0","0","165","0","0","0","0","0","0","0","0","0","0","0","0","0","0","0","0","93"
"0x7ff8935b22e0","      UIADD3 UR6, UPT, UPT, UR6, 0x1, URZ","12","0","12","1048576","33554432","33554432","32","32","0","0","0","-","-","-","0","0","0","0","0","0","0","0","0","-","0","0","0","0","0","0","0","0","0","0","0","0","0","0","0","0","0","0","12","0","0","0","0","0","0","0","0","0","0","0","0","0","0","0","0","0","0","0","0","0"
"0x7ff8935b22f0","      NOP","18","0","18","1048576","33554432","33554432","32","32","0","0","0","-","-","-","0","0","0","0","0","0","0","0","0","-","0","0","0","0","0","0","0","0","0","0","0","0","0","0","0","0","0","0","18","0","0","0","0","0","0","0","0","0","0","0","0","0","0","0","0","0","0","0","0","0"
"0x7ff8935b2300","      NOP","16","0","16","1048576","33554432","33554432","32","32","0","0","0","-","-","-","0","0","0","0","0","0","0","0","0","-","0","0","0","0","0","0","0","0","0","0","0","0","0","0","0","0","0","0","16","0","0","0","0","0","0","0","0","0","0","0","0","0","0","0","0","0","0","0","0","0"
"0x7ff8935b2310","@!P0  SYNCS.ARRIVE.TRANS64.A1T0 RZ, [R178+URZ+0x2f958], RZ","20","0","20","1048576","33554432","131072","32","0","32","32","0","-","-","-","0","0","0","0","0","0","0","0","0","-","0","0","0","0","0","0","0","0","0","0","0","0","0","0","0","0","0","0","20","0","0","0","0","0","0","0","0","0","0","0","0","0","0","0","0","0","0","0","0","0"
"0x7ff8935b2320","      ISETP.NE.U32.AND P1, PT, R179, 0x2, PT","18","0","18","1048576","33554432","33554432","32","32","32","0","0","-","-","-","0","0","0","0","0","0","0","0","0","-","0","0","0","0","0","0","0","0","0","0","0","0","0","0","0","0","0","0","18","0","0","0","0","0","0","0","0","0","0","0","0","0","0","0","0","0","0","0","0","0"
"0x7ff8935b2330","      VIADD R0, R180, 0x1","31","0","31","1048576","33554432","33554432","32","32","0","0","0","-","-","-","0","0","0","0","0","0","0","0","0","-","0","0","0","0","0","0","0","0","0","0","0","0","0","0","0","0","0","0","31","0","0","0","0","0","0","0","0","0","0","0","0","0","0","0","0","0","0","0","0","0"
"0x7ff8935b2340","      ISETP.NE.U32.AND P0, PT, R183, UR6, PT","25","0","25","1048576","33554432","33554432","32","32","0","0","0","-","-","-","0","0","0","0","0","0","0","0","0","-","0","0","0","0","0","0","0","0","0","0","0","0","0","0","0","0","0","0","25","0","0","0","0","0","0","0","0","0","0","0","0","0","0","0","0","0","0","0","0","0"
"0x7ff8935b2350","      IMAD.MOV.U32 R39, RZ, RZ, R2","21","0","21","1048576","33554432","33554432","32","32","0","0","0","-","-","-","0","0","0","0","0","0","0","0","0","-","0","0","0","0","0","0","0","0","0","0","0","0","0","0","0","0","0","0","21","0","0","0","0","0","0","0","0","0","0","0","0","0","0","0","0","0","0","0","0","0"
"0x7ff8935b2360","      SEL R179, R179, RZ, P1","18","0","18","1048576","33554432","33554432","32","32","0","0","0","-","-","-","0","0","0","0","0","0","0","0","0","-","0","0","0","0","0","0","0","0","0","0","0","0","0","0","0","0","0","0","18","0","0","0","0","0","0","0","0","0","0","0","0","0","0","0","0","0","0","0","0","0"
"0x7ff8935b2370","@P1   IADD3 R0, PT, PT, R180, RZ, RZ","234","69","234","1048576","33554432","16777216","32","16","16","16","0","-","-","-","0","0","0","0","0","0","0","0","0","-","0","0","0","0","0","0","0","0","0","0","0","0","19","0","0","0","0","23","22","0","0","0","170","0","0","0","0","0","0","8","0","0","0","0","0","0","0","0","0","61"
"0x7ff8935b2380","      MOV R180, R0","93","53","93","1048576","33554432","33554432","32","32","16","0","0","-","-","-","0","0","0","0","0","0","0","0","0","-","0","0","0","0","0","0","0","0","0","0","0","0","6","0","0","0","0","7","23","0","0","0","57","0","0","0","0","0","0","3","0","0","0","0","0","0","0","0","0","50"
"0x7ff8935b2390","@P0   BRA 0x7ff8935b1000","20","0","20","1048576","33554432","31457280","32","30","2","2","0","-","-","-","0","0","0","0","0","0","0","0","0","-","0","0","0","0","0","0","0","0","0","0","0","0","0","0","0","0","0","0","20","0","0","0","0","0","0","0","0","0","0","0","0","0","0","0","0","0","0","0","0","0"
"0x7ff8935b23a0","      S2R R0, SR_TID.X","86","52","86","65536","2097152","2097152","32","32","2","0","0","-","-","-","0","0","0","0","0","0","0","0","0","-","0","0","0","0","0","0","0","0","0","0","0","0","0","0","0","0","0","0","13","0","0","0","73","0","0","0","0","0","0","0","0","0","0","0","0","0","0","0","0","52"
"0x7ff8935b23b0","      STS [R165+UR4+0x2f100], R163","1","0","1","65536","2097152","2097152","32","32","0","0","0","Shared","Store","32","0","1","0","65536","65536","0","0","0","0","-","0","0","0","0","0","0","0","0","0","0","0","0","0","0","0","0","0","0","1","0","0","0","0","0","0","0","0","0","0","0","0","0","0","0","0","0","0","0","0","0"
"0x7ff8935b23c0","      NOP","1","0","1","65536","2097152","2097152","32","32","0","0","0","-","-","-","0","0","0","0","0","0","0","0","0","-","0","0","0","0","0","0","0","0","0","0","0","0","0","0","0","0","0","0","1","0","0","0","0","0","0","0","0","0","0","0","0","0","0","0","0","0","0","0","0","0"
"0x7ff8935b23d0","      BAR.SYNC.DEFER_BLOCKING 0x1, 0x100","1","0","1","65536","2097152","2097152","32","32","0","0","0","-","-","-","0","0","0","0","0","0","0","0","0","-","0","0","0","0","0","0","0","0","0","0","0","0","0","0","0","0","0","0","1","0","0","0","0","0","0","0","0","0","0","0","0","0","0","0","0","0","0","0","0","0"
"0x7ff8935b23e0","      ISETP.GT.U32.AND P0, PT, R0, 0x3f, PT","24","19","24","65536","2097152","2097152","32","32","0","0","0","-","-","-","0","0","0","0","0","0","0","0","0","-","0","0","0","0","0","0","0","0","0","0","0","0","0","0","0","0","0","0","1","23","0","0","0","0","0","0","0","0","0","0","0","0","0","0","0","0","19","0","0","0"
"0x7ff8935b23f0","      NOP","8","2","8","65536","2097152","2097152","32","32","0","0","0","-","-","-","0","0","0","0","0","0","0","0","0","-","0","0","0","0","0","0","3","0","0","0","0","0","0","0","0","0","0","1","3","0","0","0","1","2","0","0","0","0","0","0","0","0","0","0","0","0","0","0","0","0"
"0x7ff8935b2400","@P0   BRA 0x7ff8935b2570","12","7","12","65536","2097152","1572864","32","24","8","8","0","-","-","-","0","0","0","0","0","0","0","0","0","-","0","0","0","0","0","0","0","0","0","0","0","0","0","0","0","0","0","0","1","0","0","0","11","0","0","0","0","0","0","0","0","0","0","0","0","0","0","0","0","7"
"0x7ff8935b2410","      LDS R5, [R164+UR4+0x2f100]","5","1","5","16384","524288","524288","32","32","8","0","0","Shared","Load","32","0","1","0","16384","16384","0","0","0","0","-","0","0","0","0","0","0","0","0","0","0","0","0","0","0","0","0","0","0","2","0","0","0","3","0","0","0","0","0","0","0","0","0","0","0","0","0","0","0","0","1"
"0x7ff8935b2420","      BSSY.RECONVERGENT B1, 0x7ff8935b2560","0","0","0","16384","524288","524288","32","32","0","0","0","-","-","-","0","0","0","0","0","0","0","0","0","-","0","0","0","0","0","0","0","0","0","0","0","0","0","0","0","0","0","0","0","0","0","0","0","0","0","0","0","0","0","0","0","0","0","0","0","0","0","0","0","0"
"0x7ff8935b2430","      LDS R2, [R164+UR4+0x2f200]","1","1","1","16384","524288","524288","32","32","0","0","0","Shared","Load","32","0","1","0","16384","16384","0","0","0","0","-","0","0","0","0","0","0","0","0","0","0","0","0","0","0","0","0","0","0","0","0","0","0","1","0","0","0","0","0","0","0","0","0","0","0","0","0","0","0","0","1"
"0x7ff8935b2440","      LDS R3, [R164+UR4+0x2f300]","2","0","2","16384","524288","524288","32","32","0","0","0","Shared","Load","32","0","1","0","16384","16384","0","0","0","0","-","0","0","0","0","0","0","0","0","0","0","0","0","0","0","0","0","0","0","0","0","0","0","2","0","0","0","0","0","0","0","0","0","0","0","0","0","0","0","0","0"
"0x7ff8935b2450","      LDS R0, [R164+UR4+0x2f400]","1","0","1","16384","524288","524288","32","32","0","0","0","Shared","Load","32","0","1","0","16384","16384","0","0","0","0","-","0","0","0","0","0","0","0","0","0","0","0","0","0","0","0","0","0","0","1","0","0","0","0","0","0","0","0","0","0","0","0","0","0","0","0","0","0","0","0","0"
"0x7ff8935b2460","      FADD R2, R5, R2","5","3","5","16384","524288","524288","32","32","0","0","0","-","-","-","0","0","0","0","0","0","0","0","0","-","0","0","0","0","0","0","0","0","0","0","0","0","0","0","0","0","0","0","0","5","0","0","0","0","0","0","0","0","0","0","0","0","0","0","0","0","3","0","0","0"
"0x7ff8935b2470","      FADD R3, R3, R0","3","3","3","16384","524288","524288","32","32","0","0","0","-","-","-","0","0","0","0","0","0","0","0","0","-","0","0","0","0","0","0","0","0","0","0","0","0","0","0","0","0","0","0","0","3","0","0","0","0","0","0","0","0","0","0","0","0","0","0","0","0","3","0","0","0"
"0x7ff8935b2480","      FADD R8, R2, R3","4","4","4","16384","524288","524288","32","32","0","0","0","-","-","-","0","0","0","0","0","0","0","0","0","-","0","0","0","0","0","0","0","0","0","0","0","0","0","0","0","0","0","0","0","0","0","0","4","0","0","0","0","0","0","0","0","0","0","0","0","0","0","0","0","4"
"0x7ff8935b2490","      IADD3 R0, PT, PT, R8, 0x1800000, RZ","4","3","4","16384","524288","524288","32","32","0","0","0","-","-","-","0","0","0","0","0","0","0","0","0","-","0","0","0","0","0","0","0","0","0","0","0","0","0","0","0","0","0","0","0","0","0","0","4","0","0","0","0","0","0","0","0","0","0","0","0","0","0","0","0","3"
"0x7ff8935b24a0","      LOP3.LUT R0, R0, 0x7f800000, RZ, 0xc0, !PT","5","5","5","16384","524288","524288","32","32","0","0","0","-","-","-","0","0","0","0","0","0","0","0","0","-","0","0","0","0","0","0","0","0","0","0","0","0","0","0","0","0","0","0","0","0","0","0","5","0","0","0","0","0","0","0","0","0","0","0","0","0","0","0","0","5"
"0x7ff8935b24b0","      ISETP.GT.U32.AND P0, PT, R0, 0x1ffffff, PT","1","1","1","16384","524288","524288","32","32","0","0","0","-","-","-","0","0","0","0","0","0","0","0","0","-","0","0","0","0","0","0","0","0","0","0","0","0","0","0","0","0","0","0","0","0","0","0","1","0","0","0","0","0","0","0","0","0","0","0","0","0","0","0","0","1"
"0x7ff8935b24c0","@P0   BRA 0x7ff8935b2500","6","5","6","16384","524288","524288","32","32","0","0","0","-","-","-","0","0","0","0","0","0","0","0","0","-","0","0","0","0","0","0","0","0","0","0","0","0","0","0","0","0","0","0","0","0","0","0","6","0","0","0","0","0","0","0","0","0","0","0","0","0","0","0","0","5"
"0x7ff8935b24d0","      MOV R2, 0x4b70","0","0","0","0","0","0","0","0","32","32","0","-","-","-","0","0","0","0","0","0","0","0","0","-","0","0","0","0","0","0","0","0","0","0","0","0","0","0","0","0","0","0","0","0","0","0","0","0","0","0","0","0","0","0","0","0","0","0","0","0","0","0","0","0"
"0x7ff8935b24e0","      CALL.REL.NOINC 0x7ff8935b3650","0","0","0","0","0","0","0","0","0","32","0","-","-","-","0","0","0","0","0","0","0","0","0","-","0","0","0","0","0","0","0","0","0","0","0","0","0","0","0","0","0","0","0","0","0","0","0","0","0","0","0","0","0","0","0","0","0","0","0","0","0","0","0","0"
"0x7ff8935b24f0","      BRA 0x7ff8935b2540","0","0","0","0","0","0","0","0","0","32","0","-","-","-","0","0","0","0","0","0","0","0","0","-","0","0","0","0","0","0","0","0","0","0","0","0","0","0","0","0","0","0","0","0","0","0","0","0","0","0","0","0","0","0","0","0","0","0","0","0","0","0","0","0"
"0x7ff8935b2500","      MUFU.RCP R3, R8","6","6","6","16384","524288","524288","32","32","32","0","0","-","-","-","0","0","0","0","0","0","0","0","0","-","0","0","0","0","0","0","0","3","0","0","0","0","0","0","0","0","3","0","0","0","0","0","0","0","3","0","0","0","0","0","0","0","0","3","0","0","0","0","0","0"
"0x7ff8935b2510","      FFMA R0, R8, R3, -1","4","3","4","16384","524288","524288","32","32","0","0","0","-","-","-","0","0","0","0","0","0","0","0","0","-","0","0","0","0","0","0","0","0","0","0","0","0","0","0","0","0","0","0","0","4","0","0","0","0","0","0","0","0","0","0","0","0","0","0","0","0","3","0","0","0"
"0x7ff8935b2520","      FADD.FTZ R0, -RZ, -R0","2","0","2","16384","524288","524288","32","32","0","0","0","-","-","-","0","0","0","0","0","0","0","0","0","-","0","0","0","0","0","0","0","0","0","0","0","0","0","0","0","0","0","0","1","0","0","0","1","0","0","0","0","0","0","0","0","0","0","0","0","0","0","0","0","0"
"0x7ff8935b2530","      FFMA R4, R3, R0, R3","2","0","2","16384","524288","524288","32","32","0","0","0","-","-","-","0","0","0","0","0","0","0","0","0","-","0","0","0","0","0","0","0","0","0","0","0","0","0","0","0","0","0","1","0","0","0","0","1","0","0","0","0","0","0","0","0","0","0","0","0","0","0","0","0","0"
"0x7ff8935b2540","      NOP","0","0","0","16384","524288","524288","32","32","0","0","0","-","-","-","0","0","0","0","0","0","0","0","0","-","0","0","0","0","0","0","0","0","0","0","0","0","0","0","0","0","0","0","0","0","0","0","0","0","0","0","0","0","0","0","0","0","0","0","0","0","0","0","0","0"
"0x7ff8935b2550","      BSYNC.RECONVERGENT B1","1","0","1","16384","524288","524288","32","32","0","0","0","-","-","-","0","0","0","0","0","0","0","0","0","-","0","0","0","0","0","0","0","0","0","0","0","0","0","0","0","0","0","0","1","0","0","0","0","0","0","0","0","0","0","0","0","0","0","0","0","0","0","0","0","0"
"0x7ff8935b2560","      STS [R164+UR4+0x2f000], R4","9","1","9","16384","524288","524288","32","32","0","0","0","Shared","Store","32","0","1","0","16384","16384","0","0","0","0","-","0","0","0","0","0","0","0","2","0","0","0","0","0","0","0","0","0","5","0","0","0","0","2","0","1","0","0","0","0","0","0","0","0","0","0","0","0","0","0","0"
"0x7ff8935b2570","      LDL.LU R0, [R1]","14","10","14","65536","2097152","2097152","32","32","0","0","0","Local","Load","32","0","0","0","0","0","0","0","0","262144","-","0","0","0","0","0","0","0","7","0","0","0","0","0","0","0","0","7","0","0","0","0","0","0","0","6","0","0","0","0","0","0","0","0","4","0","0","0","0","0","0"
"0x7ff8935b2580","      NOP","14","9","14","65536","2097152","2097152","32","32","0","0","0","-","-","-","0","0","0","0","0","0","0","0","0","-","0","0","0","0","0","0","0","0","0","0","0","0","0","0","0","0","12","0","2","0","0","0","0","0","0","0","0","0","0","0","0","0","0","9","0","0","0","0","0","0"
"0x7ff8935b2590","      IMAD.IADD R184, R173, 0x1, R184","0","0","0","65536","2097152","2097152","32","32","0","0","0","-","-","-","0","0","0","0","0","0","0","0","0","-","0","0","0","0","0","0","0","0","0","0","0","0","0","0","0","0","0","0","0","0","0","0","0","0","0","0","0","0","0","0","0","0","0","0","0","0","0","0","0","0"
"0x7ff8935b25a0","      LDC.64 R88, c[0x0][0x3a0]","0","0","0","65536","2097152","2097152","32","32","0","0","0","-","-","-","0","0","0","0","0","0","0","0","0","-","0","0","0","0","0","0","0","0","0","0","0","0","0","0","0","0","0","0","0","0","0","0","0","0","0","0","0","0","0","0","0","0","0","0","0","0","0","0","0","0"
"0x7ff8935b25b0","      BAR.SYNC.DEFER_BLOCKING 0x1, 0x100","12","6","12","65536","2097152","2097152","32","32","0","0","0","-","-","-","0","0","0","0","0","0","0","0","0","-","0","0","0","0","0","0","0","0","0","0","0","0","0","0","0","0","0","0","3","0","0","0","9","0","0","0","0","0","0","0","0","0","0","0","0","0","0","0","0","6"
"0x7ff8935b25c0","      R2UR UR5, R184","0","0","0","65536","2097152","2097152","32","32","0","0","0","-","-","-","0","0","0","0","0","0","0","0","0","-","0","0","0","0","0","0","0","0","0","0","0","0","0","0","0","0","0","0","0","0","0","0","0","0","0","0","0","0","0","0","0","0","0","0","0","0","0","0","0","0"
"0x7ff8935b25d0","      R2UR UR6, R184","4","0","4","65536","2097152","2097152","32","32","0","0","0","-","-","-","0","0","0","0","0","0","0","0","0","-","0","0","0","0","0","0","0","0","0","0","0","0","0","0","0","0","0","1","3","0","0","0","0","0","0","0","0","0","0","0","0","0","0","0","0","0","0","0","0","0"
"0x7ff8935b25e0","      LDCU.64 UR8, c[0x0][0x358]","156","85","156","65536","2097152","2097152","32","32","0","0","0","-","-","-","0","0","0","0","0","0","0","0","0","-","0","0","0","0","0","0","147","0","0","0","0","0","0","0","0","0","0","8","0","0","0","0","1","84","0","0","0","0","0","0","0","0","0","0","0","0","0","0","0","1"
"0x7ff8935b25f0","      NOP","5","0","5","65536","2097152","2097152","32","32","0","0","0","-","-","-","0","0","0","0","0","0","0","0","0","-","0","0","0","0","0","0","0","0","0","0","0","0","0","0","0","0","0","0","5","0","0","0","0","0","0","0","0","0","0","0","0","0","0","0","0","0","0","0","0","0"
"0x7ff8935b2600","      LDTM.x32 R36, tmem[UR5]","9","5","9","65536","2097152","2097152","32","32","0","0","0","Tmem","Load","-","0","0","0","0","0","0","0","0","0","-","0","0","0","0","0","0","0","0","0","0","0","0","0","0","0","0","0","0","1","0","0","0","8","0","0","0","0","0","0","0","0","0","0","0","0","0","0","0","0","5"
"0x7ff8935b2610","      R2UR UR7, R0","10","8","10","65536","2097152","2097152","32","32","0","0","0","-","-","-","0","0","0","0","0","0","0","0","0","-","0","0","0","0","0","0","0","0","0","0","0","9","0","0","0","0","0","0","1","0","0","0","0","0","0","0","0","0","8","0","0","0","0","0","0","0","0","0","0","0"
"0x7ff8935b2620","      LDS R0, [R164+UR4+0x2f000]","5","1","5","65536","2097152","2097152","32","32","0","0","0","Shared","Load","32","0","1","0","65536","65536","0","0","0","0","-","0","0","0","0","0","0","0","0","0","0","0","0","0","0","0","0","0","1","2","0","0","0","2","0","0","0","0","0","0","0","0","0","0","0","0","0","0","0","0","1"
"0x7ff8935b2630","      NOP","0","0","0","65536","2097152","2097152","32","32","0","0","0","-","-","-","0","0","0","0","0","0","0","0","0","-","0","0","0","0","0","0","0","0","0","0","0","0","0","0","0","0","0","0","0","0","0","0","0","0","0","0","0","0","0","0","0","0","0","0","0","0","0","0","0","0"
"0x7ff8935b2640","      LDTM.x32 R4, tmem[UR5+0x20]","38","29","38","65536","2097152","2097152","32","32","0","0","0","Tmem","Load","-","0","0","0","0","0","0","0","0","0","-","0","0","0","0","0","0","0","0","1","0","0","0","0","0","0","0","0","0","1","36","0","0","0","0","0","0","0","0","0","0","0","0","0","0","0","0","29","0","0","0"
"0x7ff8935b2650","      FMUL2 R40, R0.F32, R40.F32x2.HI_LO","29","16","29","65536","2097152","2097152","32","32","0","0","0","-","-","-","0","0","0","0","0","0","0","0","0","-","0","0","0","0","0","0","0","0","1","0","0","0","1","0","0","0","0","4","2","21","0","0","0","0","0","0","0","0","0","1","0","0","0","0","0","0","15","0","0","0"
"0x7ff8935b2660","      FMUL2 R38, R0.F32, R38.F32x2.HI_LO","2","1","2","65536","2097152","2097152","32","32","0","0","0","-","-","-","0","0","0","0","0","0","0","0","0","-","0","0","0","0","0","0","0","0","0","0","0","0","0","0","0","0","0","0","1","0","0","0","1","0","0","0","0","0","0","0","0","0","0","0","0","0","0","0","0","1"
"0x7ff8935b2670","      FMUL2 R74, R0.F32, R18.F32x2.HI_LO","48","18","48","65536","2097152","2097152","32","32","0","0","0","-","-","-","0","0","0","0","0","0","0","0","0","-","0","0","0","0","0","0","0","0","0","0","0","0","5","0","0","0","0","12","2","29","0","0","0","0","0","0","0","0","0","2","0","0","0","0","0","0","16","0","0","0"
"0x7ff8935b2680","      F2FP.BF16.F32.PACK_AB R18, R41, R40","3","0","3","65536","2097152","2097152","32","32","0","0","0","-","-","-","0","0","0","0","0","0","0","0","0","-","0","0","0","0","0","0","0","0","1","0","0","0","0","0","0","0","0","0","2","0","0","0","0","0","0","0","0","0","0","0","0","0","0","0","0","0","0","0","0","0"
"0x7ff8935b2690","      FMUL2 R58, R0.F32, R58.F32x2.HI_LO","2","0","2","65536","2097152","2097152","32","32","0","0","0","-","-","-","0","0","0","0","0","0","0","0","0","-","0","0","0","0","0","0","0","0","0","0","0","0","0","0","0","0","0","0","2","0","0","0","0","0","0","0","0","0","0","0","0","0","0","0","0","0","0","0","0","0"
"0x7ff8935b26a0","      IMAD.U32 R41, RZ, RZ, UR7","9","2","9","65536","2097152","2097152","32","32","0","0","0","-","-","-","0","0","0","0","0","0","0","0","0","-","0","0","0","0","0","0","0","0","0","0","0","0","0","0","0","0","0","5","2","0","0","0","2","0","0","0","0","0","0","0","0","0","0","0","0","0","0","0","0","2"
"0x7ff8935b26b0","      FMUL2 R52, R0.F32, R52.F32x2.HI_LO","8","3","8","65536","2097152","2097152","32","32","0","0","0","-","-","-","0","0","0","0","0","0","0","0","0","-","0","0","0","0","0","0","0","0","0","0","0","0","0","0","0","0","0","2","3","0","0","0","3","0","0","0","0","0","0","0","0","0","0","0","0","0","0","0","0","3"
"0x7ff8935b26c0","      F2FP.BF16.F32.PACK_AB R75, R75, R74","0","0","0","65536","2097152","2097152","32","32","0","0","0","-","-","-","0","0","0","0","0","0","0","0","0","-","0","0","0","0","0","0","0","0","0","0","0","0","0","0","0","0","0","0","0","0","0","0","0","0","0","0","0","0","0","0","0","0","0","0","0","0","0","0","0","0"
"0x7ff8935b26d0","      FMUL2 R2, R0.F32, R20.F32x2.HI_LO","4","0","4","65536","2097152","2097152","32","32","0","0","0","-","-","-","0","0","0","0","0","0","0","0","0","-","0","0","0","0","0","0","0","0","0","0","0","0","0","0","0","0","0","0","4","0","0","0","0","0","0","0","0","0","0","0","0","0","0","0","0","0","0","0","0","0"
"0x7ff8935b26e0","      FMUL2 R20, R0.F32, R16.F32x2.HI_LO","5","1","5","65536","2097152","2097152","32","32","0","0","0","-","-","-","0","0","0","0","0","0","0","0","0","-","0","0","0","0","0","0","0","0","0","0","0","0","0","0","0","0","0","1","2","0","0","0","2","0","0","0","0","0","0","0","0","0","0","0","0","0","0","0","0","1"
"0x7ff8935b26f0","      F2FP.BF16.F32.PACK_AB R17, R39, R38","0","0","0","65536","2097152","2097152","32","32","0","0","0","-","-","-","0","0","0","0","0","0","0","0","0","-","0","0","0","0","0","0","0","0","0","0","0","0","0","0","0","0","0","0","0","0","0","0","0","0","0","0","0","0","0","0","0","0","0","0","0","0","0","0","0","0"
"0x7ff8935b2700","      FMUL2 R66, R0.F32, R66.F32x2.HI_LO","4","0","4","65536","2097152","2097152","32","32","0","0","0","-","-","-","0","0","0","0","0","0","0","0","0","-","0","0","0","0","0","0","0","0","0","0","0","0","0","0","0","0","0","0","4","0","0","0","0","0","0","0","0","0","0","0","0","0","0","0","0","0","0","0","0","0"
"0x7ff8935b2710","      IMAD R39, R41, 0x8000, R172","5","0","5","65536","2097152","2097152","32","32","0","0","0","-","-","-","0","0","0","0","0","0","0","0","0","-","0","0","0","0","0","0","0","0","0","0","0","0","0","0","0","0","0","1","3","0","0","0","1","0","0","0","0","0","0","0","0","0","0","0","0","0","0","0","0","0"
"0x7ff8935b2720","      FMUL2 R64, R0.F32, R64.F32x2.HI_LO","12","1","12","65536","2097152","2097152","32","32","0","0","0","-","-","-","0","0","0","0","0","0","0","0","0","-","0","0","0","0","0","0","0","0","0","0","0","0","3","0","0","0","0","7","2","0","0","0","0","0","0","0","0","0","0","1","0","0","0","0","0","0","0","0","0","0"
"0x7ff8935b2730","      F2FP.BF16.F32.PACK_AB R74, R21, R20","1","0","1","65536","2097152","2097152","32","32","0","0","0","-","-","-","0","0","0","0","0","0","0","0","0","-","0","0","0","0","0","0","0","0","0","0","0","0","0","0","0","0","0","0","1","0","0","0","0","0","0","0","0","0","0","0","0","0","0","0","0","0","0","0","0","0"
"0x7ff8935b2740","      FMUL2 R62, R0.F32, R62.F32x2.HI_LO","0","0","0","65536","2097152","2097152","32","32","0","0","0","-","-","-","0","0","0","0","0","0","0","0","0","-","0","0","0","0","0","0","0","0","0","0","0","0","0","0","0","0","0","0","0","0","0","0","0","0","0","0","0","0","0","0","0","0","0","0","0","0","0","0","0","0"
"0x7ff8935b2750","      F2FP.BF16.F32.PACK_AB R87, R67, R66","3","0","3","65536","2097152","2097152","32","32","0","0","0","-","-","-","0","0","0","0","0","0","0","0","0","-","0","0","0","0","0","0","0","0","1","0","0","0","0","0","0","0","0","0","2","0","0","0","0","0","0","0","0","0","0","0","0","0","0","0","0","0","0","0","0","0"
"0x7ff8935b2760","      FMUL2 R60, R0.F32, R60.F32x2.HI_LO","1","0","1","65536","2097152","2097152","32","32","0","0","0","-","-","-","0","0","0","0","0","0","0","0","0","-","0","0","0","0","0","0","0","0","0","0","0","0","0","0","0","0","0","0","1","0","0","0","0","0","0","0","0","0","0","0","0","0","0","0","0","0","0","0","0","0"
"0x7ff8935b2770","      F2FP.BF16.F32.PACK_AB R86, R65, R64","1","0","1","65536","2097152","2097152","32","32","0","0","0","-","-","-","0","0","0","0","0","0","0","0","0","-","0","0","0","0","0","0","0","0","0","0","0","0","0","0","0","0","0","0","1","0","0","0","0","0","0","0","0","0","0","0","0","0","0","0","0","0","0","0","0","0"
"0x7ff8935b2780","      FMUL2 R56, R0.F32, R56.F32x2.HI_LO","2","0","2","65536","2097152","2097152","32","32","0","0","0","-","-","-","0","0","0","0","0","0","0","0","0","-","0","0","0","0","0","0","0","0","0","0","0","0","0","0","0","0","0","0","2","0","0","0","0","0","0","0","0","0","0","0","0","0","0","0","0","0","0","0","0","0"
"0x7ff8935b2790","      F2FP.BF16.F32.PACK_AB R85, R63, R62","1","0","1","65536","2097152","2097152","32","32","0","0","0","-","-","-","0","0","0","0","0","0","0","0","0","-","0","0","0","0","0","0","0","0","0","0","0","0","0","0","0","0","0","0","1","0","0","0","0","0","0","0","0","0","0","0","0","0","0","0","0","0","0","0","0","0"
"0x7ff8935b27a0","      FMUL2 R54, R0.F32, R54.F32x2.HI_LO","3","0","3","65536","2097152","2097152","32","32","0","0","0","-","-","-","0","0","0","0","0","0","0","0","0","-","0","0","0","0","0","0","0","0","0","0","0","0","0","0","0","0","0","0","3","0","0","0","0","0","0","0","0","0","0","0","0","0","0","0","0","0","0","0","0","0"
"0x7ff8935b27b0","      F2FP.BF16.F32.PACK_AB R84, R61, R60","1","0","1","65536","2097152","2097152","32","32","0","0","0","-","-","-","0","0","0","0","0","0","0","0","0","-","0","0","0","0","0","0","0","0","0","0","0","0","0","0","0","0","0","0","1","0","0","0","0","0","0","0","0","0","0","0","0","0","0","0","0","0","0","0","0","0"
"0x7ff8935b27c0","      FMUL2 R50, R0.F32, R50.F32x2.HI_LO","0","0","0","65536","2097152","2097152","32","32","0","0","0","-","-","-","0","0","0","0","0","0","0","0","0","-","0","0","0","0","0","0","0","0","0","0","0","0","0","0","0","0","0","0","0","0","0","0","0","0","0","0","0","0","0","0","0","0","0","0","0","0","0","0","0","0"
"0x7ff8935b27d0","      IMAD.WIDE.U32 R88, R39, 0x2, R88","14","1","14","65536","2097152","2097152","32","32","0","0","0","-","-","-","0","0","0","0","0","0","0","0","0","-","0","0","0","0","0","0","0","0","0","0","0","0","7","0","0","0","0","6","1","0","0","0","0","0","0","0","0","0","0","1","0","0","0","0","0","0","0","0","0","0"
"0x7ff8935b27e0","      FMUL2 R48, R0.F32, R48.F32x2.HI_LO","24","4","24","65536","2097152","2097152","32","32","0","0","0","-","-","-","0","0","0","0","0","0","0","0","0","-","0","0","0","0","0","0","0","0","2","0","0","0","8","0","0","0","0","11","0","0","0","0","3","0","0","0","0","0","0","2","0","0","0","0","0","0","0","0","0","2"
"0x7ff8935b27f0","      F2FP.BF16.F32.PACK_AB R76, R3, R2","5","0","5","65536","2097152","2097152","32","32","0","0","0","-","-","-","0","0","0","0","0","0","0","0","0","-","0","0","0","0","0","0","0","0","2","0","0","0","0","0","0","0","0","0","3","0","0","0","0","0","0","0","0","0","0","0","0","0","0","0","0","0","0","0","0","0"
"0x7ff8935b2800","      FMUL2 R46, R0.F32, R46.F32x2.HI_LO","0","0","0","65536","2097152","2097152","32","32","0","0","0","-","-","-","0","0","0","0","0","0","0","0","0","-","0","0","0","0","0","0","0","0","0","0","0","0","0","0","0","0","0","0","0","0","0","0","0","0","0","0","0","0","0","0","0","0","0","0","0","0","0","0","0","0"
"0x7ff8935b2810","      FMUL2 R44, R0.F32, R44.F32x2.HI_LO","5","1","5","65536","2097152","2097152","32","32","0","0","0","-","-","-","0","0","0","0","0","0","0","0","0","-","0","0","0","0","0","0","0","0","0","0","0","0","0","0","0","0","0","1","2","0","0","0","2","0","0","0","0","0","0","0","0","0","0","0","0","0","0","0","0","1"
"0x7ff8935b2820","      FMUL2 R42, R0.F32, R42.F32x2.HI_LO","5","1","5","65536","2097152","2097152","32","32","0","0","0","-","-","-","0","0","0","0","0","0","0","0","0","-","0","0","0","0","0","0","0","0","0","0","0","0","0","0","0","0","0","2","1","0","0","0","2","0","0","0","0","0","0","0","0","0","0","0","0","0","0","0","0","1"
"0x7ff8935b2830","      FMUL2 R36, R0.F32, R36.F32x2.HI_LO","2","1","2","65536","2097152","2097152","32","32","0","0","0","-","-","-","0","0","0","0","0","0","0","0","0","-","0","0","0","0","0","0","0","0","0","0","0","0","0","0","0","0","0","0","1","0","0","0","1","0","0","0","0","0","0","0","0","0","0","0","0","0","0","0","0","1"
"0x7ff8935b2840","      FMUL2 R82, R0.F32, R34.F32x2.HI_LO","4","0","4","65536","2097152","2097152","32","32","0","0","0","-","-","-","0","0","0","0","0","0","0","0","0","-","0","0","0","0","0","0","0","0","0","0","0","0","0","0","0","0","0","1","1","0","0","0","2","0","0","0","0","0","0","0","0","0","0","0","0","0","0","0","0","0"
"0x7ff8935b2850","      F2FP.BF16.F32.PACK_AB R35, R59, R58","1","0","1","65536","2097152","2097152","32","32","0","0","0","-","-","-","0","0","0","0","0","0","0","0","0","-","0","0","0","0","0","0","0","0","1","0","0","0","0","0","0","0","0","0","0","0","0","0","0","0","0","0","0","0","0","0","0","0","0","0","0","0","0","0","0","0"
"0x7ff8935b2860","      FMUL2 R58, R0.F32, R32.F32x2.HI_LO","2","0","2","65536","2097152","2097152","32","32","0","0","0","-","-","-","0","0","0","0","0","0","0","0","0","-","0","0","0","0","0","0","0","0","0","0","0","0","0","0","0","0","0","0","2","0","0","0","0","0","0","0","0","0","0","0","0","0","0","0","0","0","0","0","0","0"
"0x7ff8935b2870","      F2FP.BF16.F32.PACK_AB R32, R53, R52","0","0","0","65536","2097152","2097152","32","32","0","0","0","-","-","-","0","0","0","0","0","0","0","0","0","-","0","0","0","0","0","0","0","0","0","0","0","0","0","0","0","0","0","0","0","0","0","0","0","0","0","0","0","0","0","0","0","0","0","0","0","0","0","0","0","0"
"0x7ff8935b2880","      FMUL2 R78, R0.F32, R26.F32x2.HI_LO","2","0","2","65536","2097152","2097152","32","32","0","0","0","-","-","-","0","0","0","0","0","0","0","0","0","-","0","0","0","0","0","0","0","0","0","0","0","0","0","0","0","0","0","0","2","0","0","0","0","0","0","0","0","0","0","0","0","0","0","0","0","0","0","0","0","0"
"0x7ff8935b2890","      F2FP.BF16.F32.PACK_AB R34, R57, R56","5","0","5","65536","2097152","2097152","32","32","0","0","0","-","-","-","0","0","0","0","0","0","0","0","0","-","0","0","0","0","0","0","0","0","0","0","0","0","0","0","0","0","0","0","5","0","0","0","0","0","0","0","0","0","0","0","0","0","0","0","0","0","0","0","0","0"
"0x7ff8935b28a0","      FMUL2 R52, R0.F32, R24.F32x2.HI_LO","0","0","0","65536","2097152","2097152","32","32","0","0","0","-","-","-","0","0","0","0","0","0","0","0","0","-","0","0","0","0","0","0","0","0","0","0","0","0","0","0","0","0","0","0","0","0","0","0","0","0","0","0","0","0","0","0","0","0","0","0","0","0","0","0","0","0"
"0x7ff8935b28b0","      F2FP.BF16.F32.PACK_AB R33, R55, R54","1","0","1","65536","2097152","2097152","32","32","0","0","0","-","-","-","0","0","0","0","0","0","0","0","0","-","0","0","0","0","0","0","0","0","0","0","0","0","0","0","0","0","0","0","1","0","0","0","0","0","0","0","0","0","0","0","0","0","0","0","0","0","0","0","0","0"
"0x7ff8935b28c0","      FMUL2 R30, R0.F32, R30.F32x2.HI_LO","0","0","0","65536","2097152","2097152","32","32","0","0","0","-","-","-","0","0","0","0","0","0","0","0","0","-","0","0","0","0","0","0","0","0","0","0","0","0","0","0","0","0","0","0","0","0","0","0","0","0","0","0","0","0","0","0","0","0","0","0","0","0","0","0","0","0"
"0x7ff8935b28d0","      F2FP.BF16.F32.PACK_AB R27, R51, R50","1","0","1","65536","2097152","2097152","32","32","0","0","0","-","-","-","0","0","0","0","0","0","0","0","0","-","0","0","0","0","0","0","0","0","0","0","0","0","0","0","0","0","0","0","1","0","0","0","0","0","0","0","0","0","0","0","0","0","0","0","0","0","0","0","0","0"
"0x7ff8935b28e0","      FMUL2 R28, R0.F32, R28.F32x2.HI_LO","0","0","0","65536","2097152","2097152","32","32","0","0","0","-","-","-","0","0","0","0","0","0","0","0","0","-","0","0","0","0","0","0","0","0","0","0","0","0","0","0","0","0","0","0","0","0","0","0","0","0","0","0","0","0","0","0","0","0","0","0","0","0","0","0","0","0"
"0x7ff8935b28f0","      F2FP.BF16.F32.PACK_AB R26, R49, R48","0","0","0","65536","2097152","2097152","32","32","0","0","0","-","-","-","0","0","0","0","0","0","0","0","0","-","0","0","0","0","0","0","0","0","0","0","0","0","0","0","0","0","0","0","0","0","0","0","0","0","0","0","0","0","0","0","0","0","0","0","0","0","0","0","0","0"
"0x7ff8935b2900","      FMUL2 R22, R0.F32, R22.F32x2.HI_LO","3","0","3","65536","2097152","2097152","32","32","0","0","0","-","-","-","0","0","0","0","0","0","0","0","0","-","0","0","0","0","0","0","0","0","0","0","0","0","0","0","0","0","1","0","2","0","0","0","0","0","0","0","0","0","0","0","0","0","0","0","0","0","0","0","0","0"
"0x7ff8935b2910","      F2FP.BF16.F32.PACK_AB R25, R47, R46","0","0","0","65536","2097152","2097152","32","32","0","0","0","-","-","-","0","0","0","0","0","0","0","0","0","-","0","0","0","0","0","0","0","0","0","0","0","0","0","0","0","0","0","0","0","0","0","0","0","0","0","0","0","0","0","0","0","0","0","0","0","0","0","0","0","0"
"0x7ff8935b2920","      FMUL2 R14, R0.F32, R14.F32x2.HI_LO","3","0","3","65536","2097152","2097152","32","32","0","0","0","-","-","-","0","0","0","0","0","0","0","0","0","-","0","0","0","0","0","0","0","0","0","0","0","0","0","0","0","0","0","0","3","0","0","0","0","0","0","0","0","0","0","0","0","0","0","0","0","0","0","0","0","0"
"0x7ff8935b2930","      F2FP.BF16.F32.PACK_AB R24, R45, R44","4","0","4","65536","2097152","2097152","32","32","0","0","0","-","-","-","0","0","0","0","0","0","0","0","0","-","0","0","0","0","0","0","0","0","1","0","0","0","0","0","0","0","0","0","3","0","0","0","0","0","0","0","0","0","0","0","0","0","0","0","0","0","0","0","0","0"
"0x7ff8935b2940","      FMUL2 R12, R0.F32, R12.F32x2.HI_LO","0","0","0","65536","2097152","2097152","32","32","0","0","0","-","-","-","0","0","0","0","0","0","0","0","0","-","0","0","0","0","0","0","0","0","0","0","0","0","0","0","0","0","0","0","0","0","0","0","0","0","0","0","0","0","0","0","0","0","0","0","0","0","0","0","0","0"
"0x7ff8935b2950","      F2FP.BF16.F32.PACK_AB R19, R43, R42","1","0","1","65536","2097152","2097152","32","32","0","0","0","-","-","-","0","0","0","0","0","0","0","0","0","-","0","0","0","0","0","0","0","0","0","0","0","0","0","0","0","0","0","0","1","0","0","0","0","0","0","0","0","0","0","0","0","0","0","0","0","0","0","0","0","0"
"0x7ff8935b2960","      FMUL2 R10, R0.F32, R10.F32x2.HI_LO","1","0","1","65536","2097152","2097152","32","32","0","0","0","-","-","-","0","0","0","0","0","0","0","0","0","-","0","0","0","0","0","0","0","0","0","0","0","0","0","0","0","0","0","0","1","0","0","0","0","0","0","0","0","0","0","0","0","0","0","0","0","0","0","0","0","0"
"0x7ff8935b2970","      F2FP.BF16.F32.PACK_AB R16, R37, R36","3","0","3","65536","2097152","2097152","32","32","0","0","0","-","-","-","0","0","0","0","0","0","0","0","0","-","0","0","0","0","0","0","0","0","0","0","0","0","0","0","0","0","0","0","3","0","0","0","0","0","0","0","0","0","0","0","0","0","0","0","0","0","0","0","0","0"
"0x7ff8935b2980","      FMUL2 R8, R0.F32, R8.F32x2.HI_LO","10","1","10","65536","2097152","2097152","32","32","0","0","0","-","-","-","0","0","0","0","0","0","0","0","0","-","0","0","0","0","0","0","0","0","0","0","0","0","3","0","0","0","2","5","0","0","0","0","0","0","0","0","0","0","0","0","0","0","0","1","0","0","0","0","0","0"
"0x7ff8935b2990","      F2FP.BF16.F32.PACK_AB R83, R83, R82","0","0","0","65536","2097152","2097152","32","32","0","0","0","-","-","-","0","0","0","0","0","0","0","0","0","-","0","0","0","0","0","0","0","0","0","0","0","0","0","0","0","0","0","0","0","0","0","0","0","0","0","0","0","0","0","0","0","0","0","0","0","0","0","0","0","0"
"0x7ff8935b29a0","      FMUL2 R6, R0.F32, R6.F32x2.HI_LO","1","0","1","65536","2097152","2097152","32","32","0","0","0","-","-","-","0","0","0","0","0","0","0","0","0","-","0","0","0","0","0","0","0","0","1","0","0","0","0","0","0","0","0","0","0","0","0","0","0","0","0","0","0","0","0","0","0","0","0","0","0","0","0","0","0","0"
"0x7ff8935b29b0","      F2FP.BF16.F32.PACK_AB R79, R79, R78","3","0","3","65536","2097152","2097152","32","32","0","0","0","-","-","-","0","0","0","0","0","0","0","0","0","-","0","0","0","0","0","0","0","0","0","0","0","0","0","0","0","0","0","0","3","0","0","0","0","0","0","0","0","0","0","0","0","0","0","0","0","0","0","0","0","0"
"0x7ff8935b29c0","      FMUL2 R4, R0.F32, R4.F32x2.HI_LO","1","0","1","65536","2097152","2097152","32","32","0","0","0","-","-","-","0","0","0","0","0","0","0","0","0","-","0","0","0","0","0","0","0","0","0","0","0","0","0","0","0","0","0","0","1","0","0","0","0","0","0","0","0","0","0","0","0","0","0","0","0","0","0","0","0","0"
"0x7ff8935b29d0","      STG.E.NA.EFL2.256 desc[UR8][R88.64], R16, R24","3","0","3","65536","2097152","2097152","32","32","0","0","0","Global","Store","-","0","0","0","0","0","0","0","0","0","","0","0","0","0","0","0","0","0","0","0","0","0","0","0","0","0","0","0","3","0","0","0","0","0","0","0","0","0","0","0","0","0","0","0","0","0","0","0","0","0"
"0x7ff8935b29e0","      F2FP.BF16.F32.PACK_AB R82, R59, R58","2","0","2","65536","2097152","2097152","32","32","0","0","0","-","-","-","0","0","0","0","0","0","0","0","0","-","0","0","0","0","0","0","0","0","0","0","0","0","0","0","0","0","0","0","2","0","0","0","0","0","0","0","0","0","0","0","0","0","0","0","0","0","0","0","0","0"
"0x7ff8935b29f0","      F2FP.BF16.F32.PACK_AB R81, R31, R30","28","0","28","65536","2097152","2097152","32","32","0","0","0","-","-","-","0","0","0","0","0","0","0","0","0","-","0","0","0","0","0","0","0","0","0","0","0","0","3","0","0","0","0","25","0","0","0","0","0","0","0","0","0","0","0","0","0","0","0","0","0","0","0","0","0","0"
"0x7ff8935b2a00","      STG.E.NA.EFL2.256 desc[UR8][R88.64+0x20], R32, R84","1","0","1","65536","2097152","2097152","32","32","0","0","0","Global","Store","-","0","0","0","0","0","0","0","0","0","","0","0","0","0","0","0","0","0","0","0","0","0","0","0","0","0","0","0","1","0","0","0","0","0","0","0","0","0","0","0","0","0","0","0","0","0","0","0","0","0"
"0x7ff8935b2a10","      F2FP.BF16.F32.PACK_AB R80, R29, R28","1","0","1","65536","2097152","2097152","32","32","0","0","0","-","-","-","0","0","0","0","0","0","0","0","0","-","0","0","0","0","0","0","0","0","0","0","0","0","0","0","0","0","0","0","1","0","0","0","0","0","0","0","0","0","0","0","0","0","0","0","0","0","0","0","0","0"
"0x7ff8935b2a20","      NOP","1","0","1","65536","2097152","2097152","32","32","0","0","0","-","-","-","0","0","0","0","0","0","0","0","0","-","0","0","0","0","0","0","0","0","0","0","0","0","0","0","0","0","0","0","1","0","0","0","0","0","0","0","0","0","0","0","0","0","0","0","0","0","0","0","0","0"
"0x7ff8935b2a30","      F2FP.BF16.F32.PACK_AB R78, R53, R52","2","0","2","65536","2097152","2097152","32","32","0","0","0","-","-","-","0","0","0","0","0","0","0","0","0","-","0","0","0","0","0","0","0","0","0","0","0","0","0","0","0","0","0","0","2","0","0","0","0","0","0","0","0","0","0","0","0","0","0","0","0","0","0","0","0","0"
"0x7ff8935b2a40","      F2FP.BF16.F32.PACK_AB R77, R23, R22","11","0","11","65536","2097152","2097152","32","32","0","0","0","-","-","-","0","0","0","0","0","0","0","0","0","-","0","0","0","0","0","0","0","0","0","0","0","0","4","0","0","0","0","2","2","0","0","0","3","0","0","0","0","0","0","0","0","0","0","0","0","0","0","0","0","0"
"0x7ff8935b2a50","      LDTM.x32 R36, tmem[UR6+0x40]","1","0","1","65536","2097152","2097152","32","32","0","0","0","Tmem","Load","-","0","0","0","0","0","0","0","0","0","-","0","0","0","0","0","0","0","0","0","0","0","0","0","0","0","0","0","0","1","0","0","0","0","0","0","0","0","0","0","0","0","0","0","0","0","0","0","0","0","0"
"0x7ff8935b2a60","      F2FP.BF16.F32.PACK_AB R73, R15, R14","1","0","1","65536","2097152","2097152","32","32","0","0","0","-","-","-","0","0","0","0","0","0","0","0","0","-","0","0","0","0","0","0","0","0","0","0","0","0","0","0","0","0","0","0","1","0","0","0","0","0","0","0","0","0","0","0","0","0","0","0","0","0","0","0","0","0"
"0x7ff8935b2a70","      F2FP.BF16.F32.PACK_AB R72, R13, R12","1","0","1","65536","2097152","2097152","32","32","0","0","0","-","-","-","0","0","0","0","0","0","0","0","0","-","0","0","0","0","0","0","0","0","0","0","0","0","0","0","0","0","0","1","0","0","0","0","0","0","0","0","0","0","0","0","0","0","0","0","0","0","0","0","0","0"
"0x7ff8935b2a80","      STG.E.NA.EFL2.256 desc[UR8][R88.64+0x60], R76, R80","0","0","0","65536","2097152","2097152","32","32","0","0","0","Global","Store","-","0","0","0","0","0","0","0","0","0","","0","0","0","0","0","0","0","0","0","0","0","0","0","0","0","0","0","0","0","0","0","0","0","0","0","0","0","0","0","0","0","0","0","0","0","0","0","0","0","0"
"0x7ff8935b2a90","      F2FP.BF16.F32.PACK_AB R71, R11, R10","1","0","1","65536","2097152","2097152","32","32","0","0","0","-","-","-","0","0","0","0","0","0","0","0","0","-","0","0","0","0","0","0","0","0","0","0","0","0","0","0","0","0","0","0","1","0","0","0","0","0","0","0","0","0","0","0","0","0","0","0","0","0","0","0","0","0"
"0x7ff8935b2aa0","      F2FP.BF16.F32.PACK_AB R70, R9, R8","10","2","10","65536","2097152","2097152","32","32","0","0","0","-","-","-","0","0","0","0","0","0","0","0","0","-","0","0","0","0","0","0","0","0","0","0","0","0","4","0","0","0","0","4","1","0","0","0","1","0","0","0","0","0","0","1","0","0","0","0","0","0","0","0","0","1"
"0x7ff8935b2ab0","      F2FP.BF16.F32.PACK_AB R69, R7, R6","6","3","6","65536","2097152","2097152","32","32","0","0","0","-","-","-","0","0","0","0","0","0","0","0","0","-","0","0","0","0","0","0","0","0","0","0","0","0","0","0","0","0","0","0","2","0","0","0","4","0","0","0","0","0","0","0","0","0","0","0","0","0","0","0","0","3"
"0x7ff8935b2ac0","      F2FP.BF16.F32.PACK_AB R68, R5, R4","4","0","4","65536","2097152","2097152","32","32","0","0","0","-","-","-","0","0","0","0","0","0","0","0","0","-","0","0","0","0","0","0","0","0","0","0","0","0","0","0","0","0","0","2","0","0","0","0","2","0","0","0","0","0","0","0","0","0","0","0","0","0","0","0","0","0"
"0x7ff8935b2ad0","      STG.E.NA.EFL2.256 desc[UR8][R88.64+0x40], R68, R72","11","2","11","65536","2097152","2097152","32","32","0","0","0","Global","Store","-","0","0","0","0","0","0","0","0","0","","0","0","0","0","0","0","0","0","1","0","0","0","0","0","0","0","0","2","2","0","0","0","6","0","0","0","0","0","0","0","0","0","0","0","0","0","0","0","0","2"
"0x7ff8935b2ae0","      NOP","1","0","1","65536","2097152","2097152","32","32","0","0","0","-","-","-","0","0","0","0","0","0","0","0","0","-","0","0","0","0","0","0","0","0","0","0","0","0","0","0","0","0","0","0","1","0","0","0","0","0","0","0","0","0","0","0","0","0","0","0","0","0","0","0","0","0"
"0x7ff8935b2af0","      FMUL2 R60, R0.F32, R60.F32x2.HI_LO","14","8","14","65536","2097152","2097152","32","32","0","0","0","-","-","-","0","0","0","0","0","0","0","0","0","-","0","0","0","0","0","0","0","0","0","0","0","0","2","0","0","0","0","0","2","10","0","0","0","0","0","0","0","0","0","0","0","0","0","0","0","0","8","0","0","0"
"0x7ff8935b2b00","      FMUL2 R50, R0.F32, R50.F32x2.HI_LO","1","0","1","65536","2097152","2097152","32","32","0","0","0","-","-","-","0","0","0","0","0","0","0","0","0","-","0","0","0","0","0","0","0","0","0","0","0","0","0","0","0","0","0","0","1","0","0","0","0","0","0","0","0","0","0","0","0","0","0","0","0","0","0","0","0","0"
"0x7ff8935b2b10","      FMUL2 R62, R0.F32, R62.F32x2.HI_LO","4","2","4","65536","2097152","2097152","32","32","0","0","0","-","-","-","0","0","0","0","0","0","0","0","0","-","0","0","0","0","0","0","0","0","0","0","0","0","0","0","0","0","0","0","1","0","0","0","3","0","0","0","0","0","0","0","0","0","0","0","0","0","0","0","0","2"
"0x7ff8935b2b20","      FMUL2 R58, R0.F32, R58.F32x2.HI_LO","2","0","2","65536","2097152","2097152","32","32","0","0","0","-","-","-","0","0","0","0","0","0","0","0","0","-","0","0","0","0","0","0","0","0","0","0","0","0","0","0","0","0","0","0","0","0","0","0","2","0","0","0","0","0","0","0","0","0","0","0","0","0","0","0","0","0"
"0x7ff8935b2b30","      FMUL2 R56, R0.F32, R56.F32x2.HI_LO","0","0","0","65536","2097152","2097152","32","32","0","0","0","-","-","-","0","0","0","0","0","0","0","0","0","-","0","0","0","0","0","0","0","0","0","0","0","0","0","0","0","0","0","0","0","0","0","0","0","0","0","0","0","0","0","0","0","0","0","0","0","0","0","0","0","0"
"0x7ff8935b2b40","      FMUL2 R66, R0.F32, R66.F32x2.HI_LO","8","4","8","65536","2097152","2097152","32","32","0","0","0","-","-","-","0","0","0","0","0","0","0","0","0","-","0","0","0","0","0","0","0","0","0","0","0","0","0","0","0","0","0","2","2","0","0","0","4","0","0","0","0","0","0","0","0","0","0","0","0","0","0","0","0","4"
"0x7ff8935b2b50","      LDTM.x32 R4, tmem[UR5+0x60]","492","467","492","65536","2097152","2097152","32","32","0","0","0","Tmem","Load","-","0","0","0","0","0","0","0","0","0","-","0","0","0","0","0","0","0","0","0","0","0","492","0","0","0","0","0","0","0","0","0","0","0","0","0","0","0","0","467","0","0","0","0","0","0","0","0","0","0","0"
"0x7ff8935b2b60","      FMUL2 R64, R0.F32, R64.F32x2.HI_LO","1","0","1","65536","2097152","2097152","32","32","0","0","0","-","-","-","0","0","0","0","0","0","0","0","0","-","0","0","0","0","0","0","0","0","0","0","0","0","0","0","0","0","0","0","1","0","0","0","0","0","0","0","0","0","0","0","0","0","0","0","0","0","0","0","0","0"
"0x7ff8935b2b70","      FMUL2 R54, R0.F32, R54.F32x2.HI_LO","2","1","2","65536","2097152","2097152","32","32","0","0","0","-","-","-","0","0","0","0","0","0","0","0","0","-","0","0","0","0","0","0","0","0","0","0","0","0","0","0","0","0","0","0","1","0","0","0","1","0","0","0","0","0","0","0","0","0","0","0","0","0","0","0","0","1"
"0x7ff8935b2b80","      FMUL2 R52, R0.F32, R52.F32x2.HI_LO","2","2","2","65536","2097152","2097152","32","32","0","0","0","-","-","-","0","0","0","0","0","0","0","0","0","-","0","0","0","0","0","0","0","0","0","0","0","0","0","0","0","0","0","0","0","0","0","0","2","0","0","0","0","0","0","0","0","0","0","0","0","0","0","0","0","2"
"0x7ff8935b2b90","      FMUL2 R48, R0.F32, R48.F32x2.HI_LO","1","1","1","65536","2097152","2097152","32","32","0","0","0","-","-","-","0","0","0","0","0","0","0","0","0","-","0","0","0","0","0","0","0","0","0","0","0","0","0","0","0","0","0","0","0","0","0","0","1","0","0","0","0","0","0","0","0","0","0","0","0","0","0","0","0","1"
"0x7ff8935b2ba0","      FMUL2 R46, R0.F32, R46.F32x2.HI_LO","2","1","2","65536","2097152","2097152","32","32","0","0","0","-","-","-","0","0","0","0","0","0","0","0","0","-","0","0","0","0","0","0","0","0","0","0","0","0","0","0","0","0","0","0","0","0","0","0","2","0","0","0","0","0","0","0","0","0","0","0","0","0","0","0","0","1"
"0x7ff8935b2bb0","      FMUL2 R44, R0.F32, R44.F32x2.HI_LO","1","1","1","65536","2097152","2097152","32","32","0","0","0","-","-","-","0","0","0","0","0","0","0","0","0","-","0","0","0","0","0","0","0","0","0","0","0","0","0","0","0","0","0","0","0","0","0","0","1","0","0","0","0","0","0","0","0","0","0","0","0","0","0","0","0","1"
"0x7ff8935b2bc0","      FMUL2 R42, R0.F32, R42.F32x2.HI_LO","1","0","1","65536","2097152","2097152","32","32","0","0","0","-","-","-","0","0","0","0","0","0","0","0","0","-","0","0","0","0","0","0","0","0","0","0","0","0","0","0","0","0","0","0","1","0","0","0","0","0","0","0","0","0","0","0","0","0","0","0","0","0","0","0","0","0"
"0x7ff8935b2bd0","      FMUL2 R72, R0.F32, R36.F32x2.HI_LO","530","485","530","65536","2097152","2097152","32","32","0","0","0","-","-","-","0","0","0","0","0","0","0","0","0","-","0","0","0","0","0","0","0","0","0","0","0","528","0","0","0","0","0","0","1","0","0","0","1","0","0","0","0","0","485","0","0","0","0","0","0","0","0","0","0","0"
"0x7ff8935b2be0","      F2FP.BF16.F32.PACK_AB R36, R61, R60","2","0","2","65536","2097152","2097152","32","32","0","0","0","-","-","-","0","0","0","0","0","0","0","0","0","-","0","0","0","0","0","0","0","0","0","0","0","0","0","0","0","0","0","0","2","0","0","0","0","0","0","0","0","0","0","0","0","0","0","0","0","0","0","0","0","0"
"0x7ff8935b2bf0","      FMUL2 R60, R0.F32, R10.F32x2.HI_LO","0","0","0","65536","2097152","2097152","32","32","0","0","0","-","-","-","0","0","0","0","0","0","0","0","0","-","0","0","0","0","0","0","0","0","0","0","0","0","0","0","0","0","0","0","0","0","0","0","0","0","0","0","0","0","0","0","0","0","0","0","0","0","0","0","0","0"
"0x7ff8935b2c00","      F2FP.BF16.F32.PACK_AB R11, R51, R50","0","0","0","65536","2097152","2097152","32","32","0","0","0","-","-","-","0","0","0","0","0","0","0","0","0","-","0","0","0","0","0","0","0","0","0","0","0","0","0","0","0","0","0","0","0","0","0","0","0","0","0","0","0","0","0","0","0","0","0","0","0","0","0","0","0","0"
"0x7ff8935b2c10","      FMUL2 R50, R0.F32, R20.F32x2.HI_LO","1","0","1","65536","2097152","2097152","32","32","0","0","0","-","-","-","0","0","0","0","0","0","0","0","0","-","0","0","0","0","0","0","0","0","0","0","0","0","0","0","0","0","0","0","1","0","0","0","0","0","0","0","0","0","0","0","0","0","0","0","0","0","0","0","0","0"
"0x7ff8935b2c20","      F2FP.BF16.F32.PACK_AB R37, R63, R62","3","0","3","65536","2097152","2097152","32","32","0","0","0","-","-","-","0","0","0","0","0","0","0","0","0","-","0","0","0","0","0","0","0","0","0","0","0","0","0","0","0","0","0","0","3","0","0","0","0","0","0","0","0","0","0","0","0","0","0","0","0","0","0","0","0","0"
"0x7ff8935b2c30","      FMUL2 R26, R0.F32, R26.F32x2.HI_LO","1","0","1","65536","2097152","2097152","32","32","0","0","0","-","-","-","0","0","0","0","0","0","0","0","0","-","0","0","0","0","0","0","0","0","0","0","0","0","0","0","0","0","0","0","1","0","0","0","0","0","0","0","0","0","0","0","0","0","0","0","0","0","0","0","0","0"
"0x7ff8935b2c40","      F2FP.BF16.F32.PACK_AB R10, R49, R48","0","0","0","65536","2097152","2097152","32","32","0","0","0","-","-","-","0","0","0","0","0","0","0","0","0","-","0","0","0","0","0","0","0","0","0","0","0","0","0","0","0","0","0","0","0","0","0","0","0","0","0","0","0","0","0","0","0","0","0","0","0","0","0","0","0","0"
"0x7ff8935b2c50","      FMUL2 R68, R0.F32, R40.F32x2.HI_LO","2","0","2","65536","2097152","2097152","32","32","0","0","0","-","-","-","0","0","0","0","0","0","0","0","0","-","0","0","0","0","0","0","0","0","0","0","0","0","0","0","0","0","0","0","2","0","0","0","0","0","0","0","0","0","0","0","0","0","0","0","0","0","0","0","0","0"
"0x7ff8935b2c60","      FMUL2 R24, R0.F32, R24.F32x2.HI_LO","3","1","3","65536","2097152","2097152","32","32","0","0","0","-","-","-","0","0","0","0","0","0","0","0","0","-","0","0","0","0","0","0","0","0","0","0","0","0","0","0","0","0","0","0","2","0","0","0","1","0","0","0","0","0","0","0","0","0","0","0","0","0","0","0","0","1"
"0x7ff8935b2c70","      F2FP.BF16.F32.PACK_AB R27, R27, R26","0","0","0","65536","2097152","2097152","32","32","0","0","0","-","-","-","0","0","0","0","0","0","0","0","0","-","0","0","0","0","0","0","0","0","0","0","0","0","0","0","0","0","0","0","0","0","0","0","0","0","0","0","0","0","0","0","0","0","0","0","0","0","0","0","0","0"
"0x7ff8935b2c80","      FMUL2 R20, R0.F32, R28.F32x2.HI_LO","2","0","2","65536","2097152","2097152","32","32","0","0","0","-","-","-","0","0","0","0","0","0","0","0","0","-","0","0","0","0","0","0","0","0","0","0","0","0","0","0","0","0","0","0","2","0","0","0","0","0","0","0","0","0","0","0","0","0","0","0","0","0","0","0","0","0"
"0x7ff8935b2c90","      FMUL2 R70, R0.F32, R38.F32x2.HI_LO","0","0","0","65536","2097152","2097152","32","32","0","0","0","-","-","-","0","0","0","0","0","0","0","0","0","-","0","0","0","0","0","0","0","0","0","0","0","0","0","0","0","0","0","0","0","0","0","0","0","0","0","0","0","0","0","0","0","0","0","0","0","0","0","0","0","0"
"0x7ff8935b2ca0","      F2FP.BF16.F32.PACK_AB R26, R25, R24","2","0","2","65536","2097152","2097152","32","32","0","0","0","-","-","-","0","0","0","0","0","0","0","0","0","-","0","0","0","0","0","0","0","0","0","0","0","0","0","0","0","0","0","0","2","0","0","0","0","0","0","0","0","0","0","0","0","0","0","0","0","0","0","0","0","0"
"0x7ff8935b2cb0","      FMUL2 R40, R0.F32, R6.F32x2.HI_LO","0","0","0","65536","2097152","2097152","32","32","0","0","0","-","-","-","0","0","0","0","0","0","0","0","0","-","0","0","0","0","0","0","0","0","0","0","0","0","0","0","0","0","0","0","0","0","0","0","0","0","0","0","0","0","0","0","0","0","0","0","0","0","0","0","0","0"
"0x7ff8935b2cc0","      F2FP.BF16.F32.PACK_AB R7, R59, R58","1","0","1","65536","2097152","2097152","32","32","0","0","0","-","-","-","0","0","0","0","0","0","0","0","0","-","0","0","0","0","0","0","0","0","0","0","0","0","0","0","0","0","0","0","1","0","0","0","0","0","0","0","0","0","0","0","0","0","0","0","0","0","0","0","0","0"
"0x7ff8935b2cd0","      FMUL2 R22, R0.F32, R22.F32x2.HI_LO","1","0","1","65536","2097152","2097152","32","32","0","0","0","-","-","-","0","0","0","0","0","0","0","0","0","-","0","0","0","0","0","0","0","0","0","0","0","0","0","0","0","0","0","0","1","0","0","0","0","0","0","0","0","0","0","0","0","0","0","0","0","0","0","0","0","0"
"0x7ff8935b2ce0","      F2FP.BF16.F32.PACK_AB R6, R57, R56","0","0","0","65536","2097152","2097152","32","32","0","0","0","-","-","-","0","0","0","0","0","0","0","0","0","-","0","0","0","0","0","0","0","0","0","0","0","0","0","0","0","0","0","0","0","0","0","0","0","0","0","0","0","0","0","0","0","0","0","0","0","0","0","0","0","0"
"0x7ff8935b2cf0","      FMUL2 R28, R0.F32, R30.F32x2.HI_LO","3","0","3","65536","2097152","2097152","32","32","0","0","0","-","-","-","0","0","0","0","0","0","0","0","0","-","0","0","0","0","0","0","0","0","0","0","0","0","0","0","0","0","0","0","3","0","0","0","0","0","0","0","0","0","0","0","0","0","0","0","0","0","0","0","0","0"
"0x7ff8935b2d00","      F2FP.BF16.F32.PACK_AB R39, R67, R66","1","0","1","65536","2097152","2097152","32","32","0","0","0","-","-","-","0","0","0","0","0","0","0","0","0","-","0","0","0","0","0","0","0","0","0","0","0","0","0","0","0","0","0","0","1","0","0","0","0","0","0","0","0","0","0","0","0","0","0","0","0","0","0","0","0","0"
"0x7ff8935b2d10","      FMUL2 R16, R0.F32, R16.F32x2.HI_LO","0","0","0","65536","2097152","2097152","32","32","0","0","0","-","-","-","0","0","0","0","0","0","0","0","0","-","0","0","0","0","0","0","0","0","0","0","0","0","0","0","0","0","0","0","0","0","0","0","0","0","0","0","0","0","0","0","0","0","0","0","0","0","0","0","0","0"
"0x7ff8935b2d20","      F2FP.BF16.F32.PACK_AB R38, R65, R64","0","0","0","65536","2097152","2097152","32","32","0","0","0","-","-","-","0","0","0","0","0","0","0","0","0","-","0","0","0","0","0","0","0","0","0","0","0","0","0","0","0","0","0","0","0","0","0","0","0","0","0","0","0","0","0","0","0","0","0","0","0","0","0","0","0","0"
"0x7ff8935b2d30","      FMUL2 R18, R0.F32, R18.F32x2.HI_LO","3","0","3","65536","2097152","2097152","32","32","0","0","0","-","-","-","0","0","0","0","0","0","0","0","0","-","0","0","0","0","0","0","0","0","0","0","0","0","0","0","0","0","0","0","3","0","0","0","0","0","0","0","0","0","0","0","0","0","0","0","0","0","0","0","0","0"
"0x7ff8935b2d40","      F2FP.BF16.F32.PACK_AB R29, R29, R28","2","0","2","65536","2097152","2097152","32","32","0","0","0","-","-","-","0","0","0","0","0","0","0","0","0","-","0","0","0","0","0","0","0","0","0","0","0","0","0","0","0","0","0","0","2","0","0","0","0","0","0","0","0","0","0","0","0","0","0","0","0","0","0","0","0","0"
"0x7ff8935b2d50","      FMUL2 R2, R0.F32, R4.F32x2.HI_LO","1","0","1","65536","2097152","2097152","32","32","0","0","0","-","-","-","0","0","0","0","0","0","0","0","0","-","0","0","0","0","0","0","0","0","0","0","0","0","0","0","0","0","0","0","1","0","0","0","0","0","0","0","0","0","0","0","0","0","0","0","0","0","0","0","0","0"
"0x7ff8935b2d60","      F2FP.BF16.F32.PACK_AB R5, R55, R54","0","0","0","65536","2097152","2097152","32","32","0","0","0","-","-","-","0","0","0","0","0","0","0","0","0","-","0","0","0","0","0","0","0","0","0","0","0","0","0","0","0","0","0","0","0","0","0","0","0","0","0","0","0","0","0","0","0","0","0","0","0","0","0","0","0","0"
"0x7ff8935b2d70","      FMUL2 R62, R0.F32, R8.F32x2.HI_LO","0","0","0","65536","2097152","2097152","32","32","0","0","0","-","-","-","0","0","0","0","0","0","0","0","0","-","0","0","0","0","0","0","0","0","0","0","0","0","0","0","0","0","0","0","0","0","0","0","0","0","0","0","0","0","0","0","0","0","0","0","0","0","0","0","0","0"
"0x7ff8935b2d80","      F2FP.BF16.F32.PACK_AB R4, R53, R52","1","0","1","65536","2097152","2097152","32","32","0","0","0","-","-","-","0","0","0","0","0","0","0","0","0","-","0","0","0","0","0","0","0","0","0","0","0","0","0","0","0","0","0","0","1","0","0","0","0","0","0","0","0","0","0","0","0","0","0","0","0","0","0","0","0","0"
"0x7ff8935b2d90","      FMUL2 R58, R0.F32, R12.F32x2.HI_LO","0","0","0","65536","2097152","2097152","32","32","0","0","0","-","-","-","0","0","0","0","0","0","0","0","0","-","0","0","0","0","0","0","0","0","0","0","0","0","0","0","0","0","0","0","0","0","0","0","0","0","0","0","0","0","0","0","0","0","0","0","0","0","0","0","0","0"
"0x7ff8935b2da0","      F2FP.BF16.F32.PACK_AB R9, R47, R46","2","0","2","65536","2097152","2097152","32","32","0","0","0","-","-","-","0","0","0","0","0","0","0","0","0","-","0","0","0","0","0","0","0","0","0","0","0","0","0","0","0","0","0","0","2","0","0","0","0","0","0","0","0","0","0","0","0","0","0","0","0","0","0","0","0","0"
"0x7ff8935b2db0","      FMUL2 R56, R0.F32, R14.F32x2.HI_LO","2","0","2","65536","2097152","2097152","32","32","0","0","0","-","-","-","0","0","0","0","0","0","0","0","0","-","0","0","0","0","0","0","0","0","0","0","0","0","0","0","0","0","0","0","2","0","0","0","0","0","0","0","0","0","0","0","0","0","0","0","0","0","0","0","0","0"
"0x7ff8935b2dc0","      F2FP.BF16.F32.PACK_AB R8, R45, R44","1","0","1","65536","2097152","2097152","32","32","0","0","0","-","-","-","0","0","0","0","0","0","0","0","0","-","0","0","0","0","0","0","0","0","0","0","0","0","0","0","0","0","0","0","1","0","0","0","0","0","0","0","0","0","0","0","0","0","0","0","0","0","0","0","0","0"
"0x7ff8935b2dd0","      FMUL2 R32, R0.F32, R32.F32x2.HI_LO","2","0","2","65536","2097152","2097152","32","32","0","0","0","-","-","-","0","0","0","0","0","0","0","0","0","-","0","0","0","0","0","0","0","0","0","0","0","0","0","0","0","0","0","0","2","0","0","0","0","0","0","0","0","0","0","0","0","0","0","0","0","0","0","0","0","0"
"0x7ff8935b2de0","      F2FP.BF16.F32.PACK_AB R15, R43, R42","0","0","0","65536","2097152","2097152","32","32","0","0","0","-","-","-","0","0","0","0","0","0","0","0","0","-","0","0","0","0","0","0","0","0","0","0","0","0","0","0","0","0","0","0","0","0","0","0","0","0","0","0","0","0","0","0","0","0","0","0","0","0","0","0","0","0"
"0x7ff8935b2df0","      FMUL2 R34, R0.F32, R34.F32x2.HI_LO","1","0","1","65536","2097152","2097152","32","32","0","0","0","-","-","-","0","0","0","0","0","0","0","0","0","-","0","0","0","0","0","0","0","0","0","0","0","0","0","0","0","0","0","0","1","0","0","0","0","0","0","0","0","0","0","0","0","0","0","0","0","0","0","0","0","0"
"0x7ff8935b2e00","      F2FP.BF16.F32.PACK_AB R14, R69, R68","2","0","2","65536","2097152","2097152","32","32","0","0","0","-","-","-","0","0","0","0","0","0","0","0","0","-","0","0","0","0","0","0","0","0","0","0","0","0","0","0","0","0","0","0","2","0","0","0","0","0","0","0","0","0","0","0","0","0","0","0","0","0","0","0","0","0"
"0x7ff8935b2e10","      STG.E.NA.EFL2.256 desc[UR8][R88.64+0xa0], R4, R36","1","0","1","65536","2097152","2097152","32","32","0","0","0","Global","Store","-","0","0","0","0","0","0","0","0","0","","0","0","0","0","0","0","0","0","0","0","0","0","0","0","0","0","0","0","1","0","0","0","0","0","0","0","0","0","0","0","0","0","0","0","0","0","0","0","0","0"
"0x7ff8935b2e20","      F2FP.BF16.F32.PACK_AB R13, R71, R70","2","0","2","65536","2097152","2097152","32","32","0","0","0","-","-","-","0","0","0","0","0","0","0","0","0","-","0","0","0","0","0","0","0","0","0","0","0","0","0","0","0","0","0","0","2","0","0","0","0","0","0","0","0","0","0","0","0","0","0","0","0","0","0","0","0","0"
"0x7ff8935b2e30","      F2FP.BF16.F32.PACK_AB R12, R73, R72","9","1","9","65536","2097152","2097152","32","32","0","0","0","-","-","-","0","0","0","0","0","0","0","0","0","-","0","0","0","0","0","0","0","0","0","0","0","0","0","0","0","0","0","6","2","0","0","0","1","0","0","0","0","0","0","0","0","0","0","0","0","0","0","0","0","1"
"0x7ff8935b2e40","      F2FP.BF16.F32.PACK_AB R25, R23, R22","2","0","2","65536","2097152","2097152","32","32","0","0","0","-","-","-","0","0","0","0","0","0","0","0","0","-","0","0","0","0","0","0","0","0","0","0","0","0","0","0","0","0","0","0","2","0","0","0","0","0","0","0","0","0","0","0","0","0","0","0","0","0","0","0","0","0"
"0x7ff8935b2e50","      F2FP.BF16.F32.PACK_AB R28, R21, R20","1","0","1","65536","2097152","2097152","32","32","0","0","0","-","-","-","0","0","0","0","0","0","0","0","0","-","0","0","0","0","0","0","0","0","0","0","0","0","0","0","0","0","0","0","1","0","0","0","0","0","0","0","0","0","0","0","0","0","0","0","0","0","0","0","0","0"
"0x7ff8935b2e60","      STG.E.NA.EFL2.256 desc[UR8][R88.64+0x80], R12, R8","0","0","0","65536","2097152","2097152","32","32","0","0","0","Global","Store","-","0","0","0","0","0","0","0","0","0","","0","0","0","0","0","0","0","0","0","0","0","0","0","0","0","0","0","0","0","0","0","0","0","0","0","0","0","0","0","0","0","0","0","0","0","0","0","0","0","0"
"0x7ff8935b2e70","      F2FP.BF16.F32.PACK_AB R23, R19, R18","4","0","4","65536","2097152","2097152","32","32","0","0","0","-","-","-","0","0","0","0","0","0","0","0","0","-","0","0","0","0","0","0","0","0","0","0","0","0","0","0","0","0","0","0","4","0","0","0","0","0","0","0","0","0","0","0","0","0","0","0","0","0","0","0","0","0"
"0x7ff8935b2e80","      NOP","1","0","1","65536","2097152","2097152","32","32","0","0","0","-","-","-","0","0","0","0","0","0","0","0","0","-","0","0","0","0","0","0","0","0","0","0","0","0","0","0","0","0","0","0","1","0","0","0","0","0","0","0","0","0","0","0","0","0","0","0","0","0","0","0","0","0"
"0x7ff8935b2e90","      F2FP.BF16.F32.PACK_AB R22, R17, R16","0","0","0","65536","2097152","2097152","32","32","0","0","0","-","-","-","0","0","0","0","0","0","0","0","0","-","0","0","0","0","0","0","0","0","0","0","0","0","0","0","0","0","0","0","0","0","0","0","0","0","0","0","0","0","0","0","0","0","0","0","0","0","0","0","0","0"
"0x7ff8935b2ea0","      F2FP.BF16.F32.PACK_AB R31, R35, R34","13","0","13","65536","2097152","2097152","32","32","0","0","0","-","-","-","0","0","0","0","0","0","0","0","0","-","0","0","0","0","0","0","0","0","0","0","0","0","0","0","0","0","0","12","1","0","0","0","0","0","0","0","0","0","0","0","0","0","0","0","0","0","0","0","0","0"
"0x7ff8935b2eb0","      F2FP.BF16.F32.PACK_AB R30, R33, R32","1","1","1","65536","2097152","2097152","32","32","0","0","0","-","-","-","0","0","0","0","0","0","0","0","0","-","0","0","0","0","0","0","0","0","0","0","0","0","0","0","0","0","0","0","0","0","0","0","1","0","0","0","0","0","0","0","0","0","0","0","0","0","0","0","0","1"
"0x7ff8935b2ec0","      F2FP.BF16.F32.PACK_AB R21, R57, R56","1","0","1","65536","2097152","2097152","32","32","0","0","0","-","-","-","0","0","0","0","0","0","0","0","0","-","0","0","0","0","0","0","0","0","0","0","0","0","0","0","0","0","0","0","1","0","0","0","0","0","0","0","0","0","0","0","0","0","0","0","0","0","0","0","0","0"
"0x7ff8935b2ed0","      F2FP.BF16.F32.PACK_AB R20, R59, R58","3","2","3","65536","2097152","2097152","32","32","0","0","0","-","-","-","0","0","0","0","0","0","0","0","0","-","0","0","0","0","0","0","0","0","0","0","0","0","0","0","0","0","0","1","0","0","0","0","2","0","0","0","0","0","0","0","0","0","0","0","0","0","0","0","0","2"
"0x7ff8935b2ee0","      F2FP.BF16.F32.PACK_AB R19, R61, R60","3","3","3","65536","2097152","2097152","32","32","0","0","0","-","-","-","0","0","0","0","0","0","0","0","0","-","0","0","0","0","0","0","0","0","0","0","0","0","0","0","0","0","0","0","0","0","0","0","3","0","0","0","0","0","0","0","0","0","0","0","0","0","0","0","0","3"
"0x7ff8935b2ef0","      F2FP.BF16.F32.PACK_AB R18, R63, R62","3","0","3","65536","2097152","2097152","32","32","0","0","0","-","-","-","0","0","0","0","0","0","0","0","0","-","0","0","0","0","0","0","0","0","0","0","0","0","0","0","0","0","0","3","0","0","0","0","0","0","0","0","0","0","0","0","0","0","0","0","0","0","0","0","0","0"
"0x7ff8935b2f00","      F2FP.BF16.F32.PACK_AB R17, R41, R40","5","3","5","65536","2097152","2097152","32","32","0","0","0","-","-","-","0","0","0","0","0","0","0","0","0","-","0","0","0","0","0","0","0","0","0","0","0","0","0","0","0","0","0","0","2","0","0","0","3","0","0","0","0","0","0","0","0","0","0","0","0","0","0","0","0","3"
"0x7ff8935b2f10","      F2FP.BF16.F32.PACK_AB R16, R3, R2","2","1","2","65536","2097152","2097152","32","32","0","0","0","-","-","-","0","0","0","0","0","0","0","0","0","-","0","0","0","0","0","0","0","0","0","0","0","0","0","0","0","0","0","0","1","0","0","0","1","0","0","0","0","0","0","0","0","0","0","0","0","0","0","0","0","1"
"0x7ff8935b2f20","      F2FP.BF16.F32.PACK_AB R24, R51, R50","4","2","4","65536","2097152","2097152","32","32","0","0","0","-","-","-","0","0","0","0","0","0","0","0","0","-","0","0","0","0","0","0","0","0","0","0","0","0","0","0","0","0","0","0","1","0","0","0","3","0","0","0","0","0","0","0","0","0","0","0","0","0","0","0","0","2"
"0x7ff8935b2f30","      STG.E.NA.EFL2.256 desc[UR8][R88.64+0xc0], R16, R20","7","5","7","65536","2097152","2097152","32","32","0","0","0","Global","Store","-","0","0","0","0","0","0","0","0","0","","0","0","0","0","0","0","0","0","0","0","0","0","0","0","0","0","0","0","2","0","0","0","5","0","0","0","0","0","0","0","0","0","0","0","0","0","0","0","0","5"
"0x7ff8935b2f40","      STG.E.NA.EFL2.256 desc[UR8][R88.64+0xe0], R24, R28","7","6","7","65536","2097152","2097152","32","32","0","0","0","Global","Store","-","0","0","0","0","0","0","0","0","0","","0","0","0","0","0","0","0","0","0","0","0","0","0","0","0","0","0","0","1","0","0","0","6","0","0","0","0","0","0","0","0","0","0","0","0","0","0","0","0","6"
"0x7ff8935b2f50","      NOP","1","0","1","65536","2097152","2097152","32","32","0","0","0","-","-","-","0","0","0","0","0","0","0","0","0","-","0","0","0","0","0","0","0","0","0","0","0","0","0","0","0","0","0","0","1","0","0","0","0","0","0","0","0","0","0","0","0","0","0","0","0","0","0","0","0","0"
"0x7ff8935b2f60","      BAR.SYNC.DEFER_BLOCKING 0x1, 0x100","2","0","2","65536","2097152","2097152","32","32","0","0","0","-","-","-","0","0","0","0","0","0","0","0","0","-","0","0","0","0","0","0","0","0","0","0","0","0","0","0","0","0","0","0","2","0","0","0","0","0","0","0","0","0","0","0","0","0","0","0","0","0","0","0","0","0"
"0x7ff8935b2f70","      NOP","353","280","353","65536","2097152","2097152","32","32","0","0","0","-","-","-","0","0","0","0","0","0","0","0","0","-","0","0","0","0","0","0","342","0","0","0","0","0","0","0","0","0","0","4","0","0","0","0","7","274","0","0","0","0","0","0","0","0","0","0","0","0","0","0","0","6"
"0x7ff8935b2f80","      LDG.E R177, desc[UR8][R176.64]","15","11","15","65536","2097152","2097152","32","32","0","0","0","Global","Load","32","65536","0","0","0","0","0","65536","65536","0","","0","0","0","0","0","0","0","0","0","0","0","0","0","0","11","0","0","0","4","0","0","0","0","0","0","0","0","0","0","0","0","11","0","0","0","0","0","0","0","0"
"0x7ff8935b2f90","      UIADD3 UR5, UPT, UPT, UR7, 0x94, URZ","1","0","1","65536","2097152","2097152","32","32","0","0","0","-","-","-","0","0","0","0","0","0","0","0","0","-","0","0","0","0","0","0","0","0","0","0","0","0","0","0","0","0","0","0","1","0","0","0","0","0","0","0","0","0","0","0","0","0","0","0","0","0","0","0","0","0"
"0x7ff8935b2fa0","      LOP3.LUT R169, R169, 0x1, RZ, 0x3c, !PT","0","0","0","65536","2097152","2097152","32","32","0","0","0","-","-","-","0","0","0","0","0","0","0","0","0","-","0","0","0","0","0","0","0","0","0","0","0","0","0","0","0","0","0","0","0","0","0","0","0","0","0","0","0","0","0","0","0","0","0","0","0","0","0","0","0","0"
"0x7ff8935b2fb0","      UISETP.GE.U32.AND UP0, UPT, UR7, 0x1f6c, UPT","0","0","0","65536","2097152","2097152","32","32","0","0","0","-","-","-","0","0","0","0","0","0","0","0","0","-","0","0","0","0","0","0","0","0","0","0","0","0","0","0","0","0","0","0","0","0","0","0","0","0","0","0","0","0","0","0","0","0","0","0","0","0","0","0","0","0"
"0x7ff8935b2fc0","      SHF.R.S32.HI R0, RZ, 0x1f, R177","1423","1357","1423","65536","2097152","2097152","32","32","0","0","0","-","-","-","0","0","0","0","0","0","0","0","0","-","0","0","0","0","0","0","0","0","0","0","0","1422","0","0","0","0","0","1","0","0","0","0","0","0","0","0","0","0","1357","0","0","0","0","0","0","0","0","0","0","0"
"0x7ff8935b2fd0","      LEA.HI R3, R0, R177, RZ, 0x7","4","2","4","65536","2097152","2097152","32","32","0","0","0","-","-","-","0","0","0","0","0","0","0","0","0","-","0","0","0","0","0","0","0","0","0","0","0","0","0","0","0","0","0","1","0","0","0","0","3","0","0","0","0","0","0","0","0","0","0","0","0","0","0","0","0","2"
"0x7ff8935b2fe0","      LOP3.LUT R0, R3, 0xffffff80, RZ, 0xc0, !PT","9","4","9","65536","2097152","2097152","32","32","0","0","0","-","-","-","0","0","0","0","0","0","0","0","0","-","0","0","0","0","0","0","0","0","0","0","0","0","2","0","0","0","0","1","1","0","0","0","5","0","0","0","0","0","0","1","0","0","0","0","0","0","0","0","0","3"
"0x7ff8935b2ff0","      LEA.HI.SX32 R3, R3, R168, 0x19","3","0","3","65536","2097152","2097152","32","32","0","0","0","-","-","-","0","0","0","0","0","0","0","0","0","-","0","0","0","0","0","0","0","0","0","0","0","0","0","0","0","0","0","0","3","0","0","0","0","0","0","0","0","0","0","0","0","0","0","0","0","0","0","0","0","0"
"0x7ff8935b3000","      ISETP.NE.U32.AND P0, PT, R177, R0, PT","1","0","1","65536","2097152","2097152","32","32","0","0","0","-","-","-","0","0","0","0","0","0","0","0","0","-","0","0","0","0","0","0","0","0","0","0","0","0","0","0","0","0","0","0","1","0","0","0","0","0","0","0","0","0","0","0","0","0","0","0","0","0","0","0","0","0"
"0x7ff8935b3010","      IMAD.U32 R0, RZ, RZ, UR5","4","0","4","65536","2097152","2097152","32","32","0","0","0","-","-","-","0","0","0","0","0","0","0","0","0","-","0","0","0","0","0","0","0","0","0","0","0","0","0","0","0","0","0","0","4","0","0","0","0","0","0","0","0","0","0","0","0","0","0","0","0","0","0","0","0","0"
"0x7ff8935b3020","      VIADD R168, R3, 0x1","2","0","2","65536","2097152","2097152","32","32","0","0","0","-","-","-","0","0","0","0","0","0","0","0","0","-","0","0","0","0","0","0","0","0","0","0","0","0","0","0","0","0","0","0","1","0","0","0","1","0","0","0","0","0","0","0","0","0","0","0","0","0","0","0","0","0"
"0x7ff8935b3030","      ISETP.GT.AND P0, PT, R177, -0x1, P0","2","0","2","65536","2097152","2097152","32","32","0","0","0","-","-","-","0","0","0","0","0","0","0","0","0","-","0","0","0","0","0","0","0","0","0","0","0","0","0","0","0","0","0","0","2","0","0","0","0","0","0","0","0","0","0","0","0","0","0","0","0","0","0","0","0","0"
"0x7ff8935b3040","      STL [R1], R0","4","3","4","65536","2097152","2097152","32","32","0","0","0","Local","Store","32","0","0","0","0","0","0","0","0","262144","-","0","0","0","0","0","0","0","0","0","0","0","0","0","0","0","0","0","0","0","0","0","0","4","0","0","0","0","0","0","0","0","0","0","0","0","0","0","0","0","3"
"0x7ff8935b3050","@!P0  IMAD.MOV R168, RZ, RZ, R3","10","9","10","65536","2097152","2097152","32","32","0","0","0","-","-","-","0","0","0","0","0","0","0","0","0","-","0","0","0","0","0","0","0","0","0","0","0","0","0","0","0","0","0","0","1","0","0","0","9","0","0","0","0","0","0","0","0","0","0","0","0","0","0","0","0","9"
"0x7ff8935b3060","      BRA.U !UP0, 0x7ff8935b0be0","1","0","1","65536","2097152","2097152","32","32","0","0","0","-","-","-","0","0","0","0","0","0","0","0","0","-","0","0","0","0","0","0","0","0","0","0","0","0","0","0","0","0","0","0","1","0","0","0","0","0","0","0","0","0","0","0","0","0","0","0","0","0","0","0","0","0"
"0x7ff8935b3070","      ISETP.NE.U32.AND P0, PT, RZ, UR55, PT","3","2","3","1184","37888","37888","32","32","0","0","0","-","-","-","0","0","0","0","0","0","0","0","0","-","0","0","0","0","0","0","0","0","0","0","0","0","0","0","0","0","0","0","1","0","0","0","2","0","0","0","0","0","0","0","0","0","0","0","0","0","0","0","0","2"
"0x7ff8935b3080","@P0   EXIT","0","0","0","1184","37888","33152","32","28","4","4","0","-","-","-","0","0","0","0","0","0","0","0","0","-","0","0","0","0","0","0","0","0","0","0","0","0","0","0","0","0","0","0","0","0","0","0","0","0","0","0","0","0","0","0","0","0","0","0","0","0","0","0","0","0"
"0x7ff8935b3090","      S2UR UR6, SR_CgaCtaId","0","0","0","148","4736","4736","32","32","4","0","0","-","-","-","0","0","0","0","0","0","0","0","0","-","0","0","0","0","0","0","0","0","0","0","0","0","0","0","0","0","0","0","0","0","0","0","0","0","0","0","0","0","0","0","0","0","0","0","0","0","0","0","0","0"
"0x7ff8935b30a0","      LDS R3, [UR4+0x2f940]","0","0","0","148","4736","4736","32","32","0","0","0","Shared","Load","32","0","1","0","148","148","0","0","0","0","-","0","0","0","0","0","0","0","0","0","0","0","0","0","0","0","0","0","0","0","0","0","0","0","0","0","0","0","0","0","0","0","0","0","0","0","0","0","0","0","0"
"0x7ff8935b30b0","      UMOV UR5, 0x40","0","0","0","148","4736","4736","32","32","0","0","0","-","-","-","0","0","0","0","0","0","0","0","0","-","0","0","0","0","0","0","0","0","0","0","0","0","0","0","0","0","0","0","0","0","0","0","0","0","0","0","0","0","0","0","0","0","0","0","0","0","0","0","0","0"
"0x7ff8935b30c0","      IMAD.MOV.U32 R2, RZ, RZ, 0xffff","0","0","0","148","4736","4736","32","32","0","0","0","-","-","-","0","0","0","0","0","0","0","0","0","-","0","0","0","0","0","0","0","0","0","0","0","0","0","0","0","0","0","0","0","0","0","0","0","0","0","0","0","0","0","0","0","0","0","0","0","0","0","0","0","0"
"0x7ff8935b30d0","      IMAD.MOV.U32 R0, RZ, RZ, 0x1","0","0","0","148","4736","4736","32","32","0","0","0","-","-","-","0","0","0","0","0","0","0","0","0","-","0","0","0","0","0","0","0","0","0","0","0","0","0","0","0","0","0","0","0","0","0","0","0","0","0","0","0","0","0","0","0","0","0","0","0","0","0","0","0","0"
"0x7ff8935b30e0","      ULEA UR5, UR6, UR5, 0x18","0","0","0","148","4736","4736","32","32","0","0","0","-","-","-","0","0","0","0","0","0","0","0","0","-","0","0","0","0","0","0","0","0","0","0","0","0","0","0","0","0","0","0","0","0","0","0","0","0","0","0","0","0","0","0","0","0","0","0","0","0","0","0","0","0"
"0x7ff8935b30f0","      NOP","0","0","0","148","4736","4736","32","32","0","0","0","-","-","-","0","0","0","0","0","0","0","0","0","-","0","0","0","0","0","0","0","0","0","0","0","0","0","0","0","0","0","0","0","0","0","0","0","0","0","0","0","0","0","0","0","0","0","0","0","0","0","0","0","0"
"0x7ff8935b3100","      LDS R5, [UR5+0x14]","0","0","0","148","4736","4736","32","32","0","0","0","Shared","Load","32","0","1","0","148","148","0","0","0","0","-","0","0","0","0","0","0","0","0","0","0","0","0","0","0","0","0","0","0","0","0","0","0","0","0","0","0","0","0","0","0","0","0","0","0","0","0","0","0","0","0"
"0x7ff8935b3110","      LOP3.LUT R3, R3, 0xffff, RZ, 0xc0, !PT","0","0","0","148","4736","4736","32","32","0","0","0","-","-","-","0","0","0","0","0","0","0","0","0","-","0","0","0","0","0","0","0","0","0","0","0","0","0","0","0","0","0","0","0","0","0","0","0","0","0","0","0","0","0","0","0","0","0","0","0","0","0","0","0","0"
"0x7ff8935b3120","      SHF.R.U32.HI R3, RZ, 0x5, R3","0","0","0","148","4736","4736","32","32","0","0","0","-","-","-","0","0","0","0","0","0","0","0","0","-","0","0","0","0","0","0","0","0","0","0","0","0","0","0","0","0","0","0","0","0","0","0","0","0","0","0","0","0","0","0","0","0","0","0","0","0","0","0","0","0"
"0x7ff8935b3130","      SHF.L.U32 R2, R2, R3, RZ","0","0","0","148","4736","4736","32","32","0","0","0","-","-","-","0","0","0","0","0","0","0","0","0","-","0","0","0","0","0","0","0","0","0","0","0","0","0","0","0","0","0","0","0","0","0","0","0","0","0","0","0","0","0","0","0","0","0","0","0","0","0","0","0","0"
"0x7ff8935b3140","      SHF.L.U32 R0, R0, R3, RZ","0","0","0","148","4736","4736","32","32","0","0","0","-","-","-","0","0","0","0","0","0","0","0","0","-","0","0","0","0","0","0","0","0","0","0","0","0","0","0","0","0","0","0","0","0","0","0","0","0","0","0","0","0","0","0","0","0","0","0","0","0","0","0","0","0"
"0x7ff8935b3150","      LOP3.LUT R5, R5, R2, RZ, 0xc0, !PT","0","0","0","148","4736","4736","32","32","0","0","0","-","-","-","0","0","0","0","0","0","0","0","0","-","0","0","0","0","0","0","0","0","0","0","0","0","0","0","0","0","0","0","0","0","0","0","0","0","0","0","0","0","0","0","0","0","0","0","0","0","0","0","0","0"
"0x7ff8935b3160","      ISETP.NE.AND P0, PT, R5, R2, PT","0","0","0","148","4736","4736","32","32","0","0","0","-","-","-","0","0","0","0","0","0","0","0","0","-","0","0","0","0","0","0","0","0","0","0","0","0","0","0","0","0","0","0","0","0","0","0","0","0","0","0","0","0","0","0","0","0","0","0","0","0","0","0","0","0"
"0x7ff8935b3170","@P0   BRA 0x7ff8935b32f0","0","0","0","148","4736","0","32","0","32","32","0","-","-","-","0","0","0","0","0","0","0","0","0","-","0","0","0","0","0","0","0","0","0","0","0","0","0","0","0","0","0","0","0","0","0","0","0","0","0","0","0","0","0","0","0","0","0","0","0","0","0","0","0","0"
"0x7ff8935b3180","      LDS R3, [UR5+0x18]","0","0","0","148","4736","4736","32","32","32","0","0","Shared","Load","32","0","1","0","148","148","0","0","0","0","-","0","0","0","0","0","0","0","0","0","0","0","0","0","0","0","0","0","0","0","0","0","0","0","0","0","0","0","0","0","0","0","0","0","0","0","0","0","0","0","0"
"0x7ff8935b3190","      LOP3.LUT R3, R3, R0, RZ, 0xc0, !PT","0","0","0","148","4736","4736","32","32","0","0","0","-","-","-","0","0","0","0","0","0","0","0","0","-","0","0","0","0","0","0","0","0","0","0","0","0","0","0","0","0","0","0","0","0","0","0","0","0","0","0","0","0","0","0","0","0","0","0","0","0","0","0","0","0"
"0x7ff8935b31a0","      ISETP.NE.AND P0, PT, R3, R0, PT","0","0","0","148","4736","4736","32","32","0","0","0","-","-","-","0","0","0","0","0","0","0","0","0","-","0","0","0","0","0","0","0","0","0","0","0","0","0","0","0","0","0","0","0","0","0","0","0","0","0","0","0","0","0","0","0","0","0","0","0","0","0","0","0","0"
"0x7ff8935b31b0","@P0   BRA 0x7ff8935b32c0","1","1","1","148","4736","0","32","0","32","32","0","-","-","-","0","0","0","0","0","0","0","0","0","-","0","0","0","0","0","0","0","0","0","0","0","0","0","0","0","0","0","0","0","0","0","0","1","0","0","0","0","0","0","0","0","0","0","0","0","0","0","0","0","1"
"0x7ff8935b31c0","      R2UR UR4, R2","1","1","1","148","4736","4736","32","32","32","0","0","-","-","-","0","0","0","0","0","0","0","0","0","-","0","0","0","0","0","0","0","0","0","0","0","0","0","0","0","0","0","0","0","0","0","0","1","0","0","0","0","0","0","0","0","0","0","0","0","0","0","0","0","1"
"0x7ff8935b31d0","      S2R R3, SR_LANEID","0","0","0","148","4736","4736","32","32","0","0","0","-","-","-","0","0","0","0","0","0","0","0","0","-","0","0","0","0","0","0","0","0","0","0","0","0","0","0","0","0","0","0","0","0","0","0","0","0","0","0","0","0","0","0","0","0","0","0","0","0","0","0","0","0"
"0x7ff8935b31e0","      LOP3.LUT R4, RZ, R0, RZ, 0x33, !PT","0","0","0","148","4736","4736","32","32","0","0","0","-","-","-","0","0","0","0","0","0","0","0","0","-","0","0","0","0","0","0","0","0","0","0","0","0","0","0","0","0","0","0","0","0","0","0","0","0","0","0","0","0","0","0","0","0","0","0","0","0","0","0","0","0"
"0x7ff8935b31f0","      REDUX UR7, R4","0","0","0","148","4736","4736","32","32","0","0","0","-","-","-","0","0","0","0","0","0","0","0","0","-","0","0","0","0","0","0","0","0","0","0","0","0","0","0","0","0","0","0","0","0","0","0","0","0","0","0","0","0","0","0","0","0","0","0","0","0","0","0","0","0"
"0x7ff8935b3200","      ULOP3.LUT UR6, URZ, UR4, URZ, 0x33, !UPT","0","0","0","148","4736","4736","32","32","0","0","0","-","-","-","0","0","0","0","0","0","0","0","0","-","0","0","0","0","0","0","0","0","0","0","0","0","0","0","0","0","0","0","0","0","0","0","0","0","0","0","0","0","0","0","0","0","0","0","0","0","0","0","0","0"
"0x7ff8935b3210","      VOTEU.ANY UR4, UPT, PT","0","0","0","148","4736","4736","32","32","0","0","0","-","-","-","0","0","0","0","0","0","0","0","0","-","0","0","0","0","0","0","0","0","0","0","0","0","0","0","0","0","0","0","0","0","0","0","0","0","0","0","0","0","0","0","0","0","0","0","0","0","0","0","0","0"
"0x7ff8935b3220","      UFLO.U32 UR4, UR4","0","0","0","148","4736","4736","32","32","0","0","0","-","-","-","0","0","0","0","0","0","0","0","0","-","0","0","0","0","0","0","0","0","0","0","0","0","0","0","0","0","0","0","0","0","0","0","0","0","0","0","0","0","0","0","0","0","0","0","0","0","0","0","0","0"
"0x7ff8935b3230","      IMAD.U32 R2, RZ, RZ, UR6","0","0","0","148","4736","4736","32","32","0","0","0","-","-","-","0","0","0","0","0","0","0","0","0","-","0","0","0","0","0","0","0","0","0","0","0","0","0","0","0","0","0","0","0","0","0","0","0","0","0","0","0","0","0","0","0","0","0","0","0","0","0","0","0","0"
"0x7ff8935b3240","      REDUX UR8, R2","0","0","0","148","4736","4736","32","32","0","0","0","-","-","-","0","0","0","0","0","0","0","0","0","-","0","0","0","0","0","0","0","0","0","0","0","0","0","0","0","0","0","0","0","0","0","0","0","0","0","0","0","0","0","0","0","0","0","0","0","0","0","0","0","0"
"0x7ff8935b3250","      UTCATOMSWS.AND URZ, UR6","0","0","0","148","4736","4736","32","32","0","0","0","-","-","-","0","0","0","0","0","0","0","0","0","-","0","0","0","0","0","0","0","0","0","0","0","0","0","0","0","0","0","0","0","0","0","0","0","0","0","0","0","0","0","0","0","0","0","0","0","0","0","0","0","0"
"0x7ff8935b3260","      IMAD.U32 R0, RZ, RZ, UR7","0","0","0","148","4736","4736","32","32","0","0","0","-","-","-","0","0","0","0","0","0","0","0","0","-","0","0","0","0","0","0","0","0","0","0","0","0","0","0","0","0","0","0","0","0","0","0","0","0","0","0","0","0","0","0","0","0","0","0","0","0","0","0","0","0"
"0x7ff8935b3270","      ISETP.EQ.U32.AND P0, PT, R3, UR4, PT","0","0","0","148","4736","4736","32","32","0","0","0","-","-","-","0","0","0","0","0","0","0","0","0","-","0","0","0","0","0","0","0","0","0","0","0","0","0","0","0","0","0","0","0","0","0","0","0","0","0","0","0","0","0","0","0","0","0","0","0","0","0","0","0","0"
"0x7ff8935b3280","      IMAD.U32 R3, RZ, RZ, UR8","0","0","0","148","4736","4736","32","32","0","0","0","-","-","-","0","0","0","0","0","0","0","0","0","-","0","0","0","0","0","0","0","0","0","0","0","0","0","0","0","0","0","0","0","0","0","0","0","0","0","0","0","0","0","0","0","0","0","0","0","0","0","0","0","0"
"0x7ff8935b3290","@P0   ATOMS.AND RZ, [UR5+0x14], R3","0","0","0","148","4736","148","32","1","31","31","0","Shared","Atomic","32","0","1","0","148","148","0","0","0","0","-","0","0","0","0","0","0","0","0","0","0","0","0","0","0","0","0","0","0","0","0","0","0","0","0","0","0","0","0","0","0","0","0","0","0","0","0","0","0","0","0"
"0x7ff8935b32a0","@P0   ATOMS.AND RZ, [UR5+0x18], R0","0","0","0","148","4736","148","32","1","0","31","0","Shared","Atomic","32","0","1","0","148","148","0","0","0","0","-","0","0","0","0","0","0","0","0","0","0","0","0","0","0","0","0","0","0","0","0","0","0","0","0","0","0","0","0","0","0","0","0","0","0","0","0","0","0","0","0"
"0x7ff8935b32b0","      BRA 0x7ff8935b3310","0","0","0","148","4736","4736","32","32","31","0","0","-","-","-","0","0","0","0","0","0","0","0","0","-","0","0","0","0","0","0","0","0","0","0","0","0","0","0","0","0","0","0","0","0","0","0","0","0","0","0","0","0","0","0","0","0","0","0","0","0","0","0","0","0"
"0x7ff8935b32c0","      MOV R2, 0x5960","1","1","1","0","0","0","0","0","32","32","0","-","-","-","0","0","0","0","0","0","0","0","0","-","0","0","0","0","0","0","0","0","0","0","0","0","0","0","0","0","0","0","0","0","0","0","1","0","0","0","0","0","0","0","0","0","0","0","0","0","0","0","0","1"
"0x7ff8935b32d0","      CALL.REL.NOINC 0x7ff8935b35f0","0","0","0","0","0","0","0","0","0","32","0","-","-","-","0","0","0","0","0","0","0","0","0","-","0","0","0","0","0","0","0","0","0","0","0","0","0","0","0","0","0","0","0","0","0","0","0","0","0","0","0","0","0","0","0","0","0","0","0","0","0","0","0","0"
"0x7ff8935b32e0","      BRA 0x7ff8935b3310","0","0","0","0","0","0","0","0","0","32","0","-","-","-","0","0","0","0","0","0","0","0","0","-","0","0","0","0","0","0","0","0","0","0","0","0","0","0","0","0","0","0","0","0","0","0","0","0","0","0","0","0","0","0","0","0","0","0","0","0","0","0","0","0"
"0x7ff8935b32f0","      MOV R2, 0x5990","0","0","0","0","0","0","0","0","0","32","0","-","-","-","0","0","0","0","0","0","0","0","0","-","0","0","0","0","0","0","0","0","0","0","0","0","0","0","0","0","0","0","0","0","0","0","0","0","0","0","0","0","0","0","0","0","0","0","0","0","0","0","0","0"
"0x7ff8935b3300","      CALL.REL.NOINC 0x7ff8935b3620","0","0","0","0","0","0","0","0","0","32","0","-","-","-","0","0","0","0","0","0","0","0","0","-","0","0","0","0","0","0","0","0","0","0","0","0","0","0","0","0","0","0","0","0","0","0","0","0","0","0","0","0","0","0","0","0","0","0","0","0","0","0","0","0"
"0x7ff8935b3310","      NOP","0","0","0","148","4736","4736","32","32","32","0","0","-","-","-","0","0","0","0","0","0","0","0","0","-","0","0","0","0","0","0","0","0","0","0","0","0","0","0","0","0","0","0","0","0","0","0","0","0","0","0","0","0","0","0","0","0","0","0","0","0","0","0","0","0"
"0x7ff8935b3320","      EXIT","0","0","0","148","4736","4736","32","32","0","0","0","-","-","-","0","0","0","0","0","0","0","0","0","-","0","0","0","0","0","0","0","0","0","0","0","0","0","0","0","0","0","0","0","0","0","0","0","0","0","0","0","0","0","0","0","0","0","0","0","0","0","0","0","0"
"0x7ff8935b3330","      MOV R4, UR7","0","0","0","487166","15589312","15589312","32","32","0","0","0","-","-","-","0","0","0","0","0","0","0","0","0","-","0","0","0","0","0","0","0","0","0","0","0","0","0","0","0","0","0","0","0","0","0","0","0","0","0","0","0","0","0","0","0","0","0","0","0","0","0","0","0","0"
"0x7ff8935b3340","      SYNCS.PHASECHK.TRANS64.TRYWAIT P2, [R4+URZ+0x2f958], R7","0","0","0","2003266","64104512","64104512","32","32","0","0","0","-","-","-","0","0","0","0","0","0","0","0","0","-","0","0","0","0","0","0","0","0","0","0","0","0","0","0","0","0","0","0","0","0","0","0","0","0","0","0","0","0","0","0","0","0","0","0","0","0","0","0","0","0"
"0x7ff8935b3350","@!P2  NANOSLEEP.SYNCS 0x989680","0","0","0","2003266","64104512","49813440","32","24","8","8","0","-","-","-","0","0","0","0","0","0","0","0","0","-","0","0","0","0","0","0","0","0","0","0","0","0","0","0","0","0","0","0","0","0","0","0","0","0","0","0","0","0","0","0","0","0","0","0","0","0","0","0","0","0"
"0x7ff8935b3360","@!P2  SYNCS.PHASECHK.TRANS64 P2, [R4+URZ+0x2f958], R7","0","0","0","2003266","64104512","49813440","32","24","0","8","0","-","-","-","0","0","0","0","0","0","0","0","0","-","0","0","0","0","0","0","0","0","0","0","0","0","0","0","0","0","0","0","0","0","0","0","0","0","0","0","0","0","0","0","0","0","0","0","0","0","0","0","0","0"
"0x7ff8935b3370","@!P2  BRA 0x7ff8935b3340","0","0","0","2003266","64104512","48515200","32","24","0","8","0","-","-","-","0","0","0","0","0","0","0","0","0","-","0","0","0","0","0","0","0","0","0","0","0","0","0","0","0","0","0","0","0","0","0","0","0","0","0","0","0","0","0","0","0","0","0","0","0","0","0","0","0","0"
"0x7ff8935b3380","      BRA 0x7ff8935ae320","0","0","0","487166","15589312","15589312","32","32","8","0","0","-","-","-","0","0","0","0","0","0","0","0","0","-","0","0","0","0","0","0","0","0","0","0","0","0","0","0","0","0","0","0","0","0","0","0","0","0","0","0","0","0","0","0","0","0","0","0","0","0","0","0","0","0"
"0x7ff8935b3390","      MOV R2, UR4","0","0","0","8045","257440","257440","32","32","0","0","0","-","-","-","0","0","0","0","0","0","0","0","0","-","0","0","0","0","0","0","0","0","0","0","0","0","0","0","0","0","0","0","0","0","0","0","0","0","0","0","0","0","0","0","0","0","0","0","0","0","0","0","0","0"
"0x7ff8935b33a0","      SYNCS.PHASECHK.TRANS64.TRYWAIT P0, [R2+URZ+0x2f938], R3","0","0","0","169071","5410272","5410272","32","32","0","0","0","-","-","-","0","0","0","0","0","0","0","0","0","-","0","0","0","0","0","0","0","0","0","0","0","0","0","0","0","0","0","0","0","0","0","0","0","0","0","0","0","0","0","0","0","0","0","0","0","0","0","0","0","0"
"0x7ff8935b33b0","@!P0  NANOSLEEP.SYNCS 0x989680","0","0","0","169071","5410272","5164768","32","30","2","2","0","-","-","-","0","0","0","0","0","0","0","0","0","-","0","0","0","0","0","0","0","0","0","0","0","0","0","0","0","0","0","0","0","0","0","0","0","0","0","0","0","0","0","0","0","0","0","0","0","0","0","0","0","0"
"0x7ff8935b33c0","@!P0  SYNCS.PHASECHK.TRANS64 P0, [R2+URZ+0x2f938], R3","0","0","0","169071","5410272","5164768","32","30","0","2","0","-","-","-","0","0","0","0","0","0","0","0","0","-","0","0","0","0","0","0","0","0","0","0","0","0","0","0","0","0","0","0","0","0","0","0","0","0","0","0","0","0","0","0","0","0","0","0","0","0","0","0","0","0"
"0x7ff8935b33d0","@!P0  BRA 0x7ff8935b33a0","0","0","0","169071","5410272","5152832","32","30","0","2","0","-","-","-","0","0","0","0","0","0","0","0","0","-","0","0","0","0","0","0","0","0","0","0","0","0","0","0","0","0","0","0","0","0","0","0","0","0","0","0","0","0","0","0","0","0","0","0","0","0","0","0","0","0"
"0x7ff8935b33e0","      BRA 0x7ff8935afc50","0","0","0","8045","257440","257440","32","32","2","0","0","-","-","-","0","0","0","0","0","0","0","0","0","-","0","0","0","0","0","0","0","0","0","0","0","0","0","0","0","0","0","0","0","0","0","0","0","0","0","0","0","0","0","0","0","0","0","0","0","0","0","0","0","0"
"0x7ff8935b33f0","      MOV R0, UR5","0","0","0","296","9472","9472","32","32","0","0","0","-","-","-","0","0","0","0","0","0","0","0","0","-","0","0","0","0","0","0","0","0","0","0","0","0","0","0","0","0","0","0","0","0","0","0","0","0","0","0","0","0","0","0","0","0","0","0","0","0","0","0","0","0"
"0x7ff8935b3400","      SYNCS.PHASECHK.TRANS64.TRYWAIT P0, [R0+URZ+0x2f948], R7","0","0","0","2978","95296","95296","32","32","0","0","0","-","-","-","0","0","0","0","0","0","0","0","0","-","0","0","0","0","0","0","0","0","0","0","0","0","0","0","0","0","0","0","0","0","0","0","0","0","0","0","0","0","0","0","0","0","0","0","0","0","0","0","0","0"
"0x7ff8935b3410","@!P0  NANOSLEEP.SYNCS 0x989680","0","0","0","2978","95296","87200","32","29","3","3","0","-","-","-","0","0","0","0","0","0","0","0","0","-","0","0","0","0","0","0","0","0","0","0","0","0","0","0","0","0","0","0","0","0","0","0","0","0","0","0","0","0","0","0","0","0","0","0","0","0","0","0","0","0"
"0x7ff8935b3420","@!P0  SYNCS.PHASECHK.TRANS64 P0, [R0+URZ+0x2f948], R7","0","0","0","2978","95296","87200","32","29","0","3","0","-","-","-","0","0","0","0","0","0","0","0","0","-","0","0","0","0","0","0","0","0","0","0","0","0","0","0","0","0","0","0","0","0","0","0","0","0","0","0","0","0","0","0","0","0","0","0","0","0","0","0","0","0"
"0x7ff8935b3430","@!P0  BRA 0x7ff8935b3400","0","0","0","2978","95296","85824","32","28","1","4","0","-","-","-","0","0","0","0","0","0","0","0","0","-","0","0","0","0","0","0","0","0","0","0","0","0","0","0","0","0","0","0","0","0","0","0","0","0","0","0","0","0","0","0","0","0","0","0","0","0","0","0","0","0"
"0x7ff8935b3440","      BRA 0x7ff8935aff20","0","0","0","296","9472","9472","32","32","4","0","0","-","-","-","0","0","0","0","0","0","0","0","0","-","0","0","0","0","0","0","0","0","0","0","0","0","0","0","0","0","0","0","0","0","0","0","0","0","0","0","0","0","0","0","0","0","0","0","0","0","0","0","0","0"
"0x7ff8935b3450","      MOV R0, UR4","0","0","0","131072","4194304","4194304","32","32","0","0","0","-","-","-","0","0","0","0","0","0","0","0","0","-","0","0","0","0","0","0","0","0","0","0","0","0","0","0","0","0","0","0","0","0","0","0","0","0","0","0","0","0","0","0","0","0","0","0","0","0","0","0","0","0"
"0x7ff8935b3460","      SYNCS.PHASECHK.TRANS64.TRYWAIT P0, [R0+URZ+0x2f930], R7","0","0","0","2310266","73928512","73928512","32","32","0","0","0","-","-","-","0","0","0","0","0","0","0","0","0","-","0","0","0","0","0","0","0","0","0","0","0","0","0","0","0","0","0","0","0","0","0","0","0","0","0","0","0","0","0","0","0","0","0","0","0","0","0","0","0","0"
"0x7ff8935b3470","@!P0  NANOSLEEP.SYNCS 0x989680","0","0","0","2310266","73928512","69847168","32","30","2","2","0","-","-","-","0","0","0","0","0","0","0","0","0","-","0","0","0","0","0","0","0","0","0","0","0","0","0","0","0","0","0","0","0","0","0","0","0","0","0","0","0","0","0","0","0","0","0","0","0","0","0","0","0","0"
"0x7ff8935b3480","@!P0  SYNCS.PHASECHK.TRANS64 P0, [R0+URZ+0x2f930], R7","0","0","0","2310266","73928512","69847168","32","30","0","2","0","-","-","-","0","0","0","0","0","0","0","0","0","-","0","0","0","0","0","0","0","0","0","0","0","0","0","0","0","0","0","0","0","0","0","0","0","0","0","0","0","0","0","0","0","0","0","0","0","0","0","0","0","0"
"0x7ff8935b3490","@!P0  BRA 0x7ff8935b3460","0","0","0","2310266","73928512","69734208","32","30","0","2","0","-","-","-","0","0","0","0","0","0","0","0","0","-","0","0","0","0","0","0","0","0","0","0","0","0","0","0","0","0","0","0","0","0","0","0","0","0","0","0","0","0","0","0","0","0","0","0","0","0","0","0","0","0"
"0x7ff8935b34a0","      BRA 0x7ff8935b0510","0","0","0","131072","4194304","4194304","32","32","2","0","0","-","-","-","0","0","0","0","0","0","0","0","0","-","0","0","0","0","0","0","0","0","0","0","0","0","0","0","0","0","0","0","0","0","0","0","0","0","0","0","0","0","0","0","0","0","0","0","0","0","0","0","0","0"
"0x7ff8935b34b0","      SYNCS.PHASECHK.TRANS64.TRYWAIT P0, [R166+URZ+0x2f938], R3","0","0","0","115971","3711072","3711072","32","32","0","0","0","-","-","-","0","0","0","0","0","0","0","0","0","-","0","0","0","0","0","0","0","0","0","0","0","0","0","0","0","0","0","0","0","0","0","0","0","0","0","0","0","0","0","0","0","0","0","0","0","0","0","0","0","0"
"0x7ff8935b34c0","@!P0  NANOSLEEP.SYNCS 0x989680","0","0","0","115971","3711072","2566112","32","22","10","10","0","-","-","-","0","0","0","0","0","0","0","0","0","-","0","0","0","0","0","0","0","0","0","0","0","0","0","0","0","0","0","0","0","0","0","0","0","0","0","0","0","0","0","0","0","0","0","0","0","0","0","0","0","0"
"0x7ff8935b34d0","@!P0  SYNCS.PHASECHK.TRANS64 P0, [R166+URZ+0x2f938], R3","0","0","0","115971","3711072","2566112","32","22","0","10","0","-","-","-","0","0","0","0","0","0","0","0","0","-","0","0","0","0","0","0","0","0","0","0","0","0","0","0","0","0","0","0","0","0","0","0","0","0","0","0","0","0","0","0","0","0","0","0","0","0","0","0","0","0"
"0x7ff8935b34e0","@!P0  BRA 0x7ff8935b34b0","0","0","0","115971","3711072","1876064","32","16","6","16","0","-","-","-","0","0","0","0","0","0","0","0","0","-","0","0","0","0","0","0","0","0","0","0","0","0","0","0","0","0","0","0","0","0","0","0","0","0","0","0","0","0","0","0","0","0","0","0","0","0","0","0","0","0"
"0x7ff8935b34f0","      BRA 0x7ff8935b0e30","0","0","0","57344","1835008","1835008","32","32","16","0","0","-","-","-","0","0","0","0","0","0","0","0","0","-","0","0","0","0","0","0","0","0","0","0","0","0","0","0","0","0","0","0","0","0","0","0","0","0","0","0","0","0","0","0","0","0","0","0","0","0","0","0","0","0"
"0x7ff8935b3500","      SYNCS.PHASECHK.TRANS64.TRYWAIT P0, [R178+URZ+0x2f948], R3","0","0","0","21171","677472","677472","32","32","0","0","0","-","-","-","0","0","0","0","0","0","0","0","0","-","0","0","0","0","0","0","0","0","0","0","0","0","0","0","0","0","0","0","0","0","0","0","0","0","0","0","0","0","0","0","0","0","0","0","0","0","0","0","0","0"
"0x7ff8935b3510","@!P0  NANOSLEEP.SYNCS 0x989680","0","0","0","21171","677472","633504","32","29","3","3","0","-","-","-","0","0","0","0","0","0","0","0","0","-","0","0","0","0","0","0","0","0","0","0","0","0","0","0","0","0","0","0","0","0","0","0","0","0","0","0","0","0","0","0","0","0","0","0","0","0","0","0","0","0"
"0x7ff8935b3520","@!P0  SYNCS.PHASECHK.TRANS64 P0, [R178+URZ+0x2f948], R3","0","0","0","21171","677472","633504","32","29","0","3","0","-","-","-","0","0","0","0","0","0","0","0","0","-","0","0","0","0","0","0","0","0","0","0","0","0","0","0","0","0","0","0","0","0","0","0","0","0","0","0","0","0","0","0","0","0","0","0","0","0","0","0","0","0"
"0x7ff8935b3530","@!P0  BRA 0x7ff8935b3500","0","0","0","21171","677472","617600","32","29","0","3","0","-","-","-","0","0","0","0","0","0","0","0","0","-","0","0","0","0","0","0","0","0","0","0","0","0","0","0","0","0","0","0","0","0","0","0","0","0","0","0","0","0","0","0","0","0","0","0","0","0","0","0","0","0"
"0x7ff8935b3540","      BRA 0x7ff8935b1130","0","0","0","1871","59872","59872","32","32","3","0","0","-","-","-","0","0","0","0","0","0","0","0","0","-","0","0","0","0","0","0","0","0","0","0","0","0","0","0","0","0","0","0","0","0","0","0","0","0","0","0","0","0","0","0","0","0","0","0","0","0","0","0","0","0"
"0x7ff8935b3550","      SYNCS.PHASECHK.TRANS64.TRYWAIT P0, [R166+URZ+0x2f920], R175","0","0","0","5314082","170050624","170050624","32","32","0","0","0","-","-","-","0","0","0","0","0","0","0","0","0","-","0","0","0","0","0","0","0","0","0","0","0","0","0","0","0","0","0","0","0","0","0","0","0","0","0","0","0","0","0","0","0","0","0","0","0","0","0","0","0","0"
"0x7ff8935b3560","@!P0  NANOSLEEP.SYNCS 0x989680","0","0","0","5314082","170050624","137474560","32","25","7","7","0","-","-","-","0","0","0","0","0","0","0","0","0","-","0","0","0","0","0","0","0","0","0","0","0","0","0","0","0","0","0","0","0","0","0","0","0","0","0","0","0","0","0","0","0","0","0","0","0","0","0","0","0","0"
"0x7ff8935b3570","@!P0  SYNCS.PHASECHK.TRANS64 P0, [R166+URZ+0x2f920], R175","0","0","0","5314082","170050624","137474560","32","25","0","7","0","-","-","-","0","0","0","0","0","0","0","0","0","-","0","0","0","0","0","0","0","0","0","0","0","0","0","0","0","0","0","0","0","0","0","0","0","0","0","0","0","0","0","0","0","0","0","0","0","0","0","0","0","0"
"0x7ff8935b3580","@!P0  BRA 0x7ff8935b3550","0","0","0","5314082","170050624","136496192","32","25","0","7","0","-","-","-","0","0","0","0","0","0","0","0","0","-","0","0","0","0","0","0","0","0","0","0","0","0","0","0","0","0","0","0","0","0","0","0","0","0","0","0","0","0","0","0","0","0","0","0","0","0","0","0","0","0"
"0x7ff8935b3590","      BRA 0x7ff8935b1190","0","0","0","1048576","33554432","33554432","32","32","7","0","0","-","-","-","0","0","0","0","0","0","0","0","0","-","0","0","0","0","0","0","0","0","0","0","0","0","0","0","0","0","0","0","0","0","0","0","0","0","0","0","0","0","0","0","0","0","0","0","0","0","0","0","0","0"
"0x7ff8935b35a0","      SYNCS.PHASECHK.TRANS64.TRYWAIT P1, [R166+URZ+0x2f928], R175","0","0","0","2975898","95228736","95228736","32","32","0","0","0","-","-","-","0","0","0","0","0","0","0","0","0","-","0","0","0","0","0","0","0","0","0","0","0","0","0","0","0","0","0","0","0","0","0","0","0","0","0","0","0","0","0","0","0","0","0","0","0","0","0","0","0","0"
"0x7ff8935b35b0","@!P1  NANOSLEEP.SYNCS 0x989680","0","0","0","2975898","95228736","73902400","32","24","8","8","0","-","-","-","0","0","0","0","0","0","0","0","0","-","0","0","0","0","0","0","0","0","0","0","0","0","0","0","0","0","0","0","0","0","0","0","0","0","0","0","0","0","0","0","0","0","0","0","0","0","0","0","0","0"
"0x7ff8935b35c0","@!P1  SYNCS.PHASECHK.TRANS64 P1, [R166+URZ+0x2f928], R175","0","0","0","2975898","95228736","73902400","32","24","0","8","0","-","-","-","0","0","0","0","0","0","0","0","0","-","0","0","0","0","0","0","0","0","0","0","0","0","0","0","0","0","0","0","0","0","0","0","0","0","0","0","0","0","0","0","0","0","0","0","0","0","0","0","0","0"
"0x7ff8935b35d0","@!P1  BRA 0x7ff8935b35a0","0","0","0","2975898","95228736","61674304","32","20","4","12","0","-","-","-","0","0","0","0","0","0","0","0","0","-","0","0","0","0","0","0","0","0","0","0","0","0","0","0","0","0","0","0","0","0","0","0","0","0","0","0","0","0","0","0","0","0","0","0","0","0","0","0","0","0"
"0x7ff8935b35e0","      BRA 0x7ff8935b22d0","0","0","0","1048576","33554432","33554432","32","32","12","0","0","-","-","-","0","0","0","0","0","0","0","0","0","-","0","0","0","0","0","0","0","0","0","0","0","0","0","0","0","0","0","0","0","0","0","0","0","0","0","0","0","0","0","0","0","0","0","0","0","0","0","0","0","0"
"0x7ff8935b35f0","      BPT.TRAP 0x1","0","0","0","0","0","0","0","0","32","32","0","-","-","-","0","0","0","0","0","0","0","0","0","-","0","0","0","0","0","0","0","0","0","0","0","0","0","0","0","0","0","0","0","0","0","0","0","0","0","0","0","0","0","0","0","0","0","0","0","0","0","0","0","0"
"0x7ff8935b3600","      HFMA2 R3, -RZ, RZ, 0, 0","0","0","0","0","0","0","0","0","0","32","0","-","-","-","0","0","0","0","0","0","0","0","0","-","0","0","0","0","0","0","0","0","0","0","0","0","0","0","0","0","0","0","0","0","0","0","0","0","0","0","0","0","0","0","0","0","0","0","0","0","0","0","0","0"
"0x7ff8935b3610","      RET.REL.NODEC R2, 0x7ff8935ad980","0","0","0","0","0","0","0","0","0","32","0","-","-","-","0","0","0","0","0","0","0","0","0","-","0","0","0","0","0","0","0","0","0","0","0","0","0","0","0","0","0","0","0","0","0","0","0","0","0","0","0","0","0","0","0","0","0","0","0","0","0","0","0","0"
"0x7ff8935b3620","      BPT.TRAP 0x1","0","0","0","0","0","0","0","0","0","32","0","-","-","-","0","0","0","0","0","0","0","0","0","-","0","0","0","0","0","0","0","0","0","0","0","0","0","0","0","0","0","0","0","0","0","0","0","0","0","0","0","0","0","0","0","0","0","0","0","0","0","0","0","0"
"0x7ff8935b3630","      MOV R3, 0x0","0","0","0","0","0","0","0","0","0","32","0","-","-","-","0","0","0","0","0","0","0","0","0","-","0","0","0","0","0","0","0","0","0","0","0","0","0","0","0","0","0","0","0","0","0","0","0","0","0","0","0","0","0","0","0","0","0","0","0","0","0","0","0","0"
"0x7ff8935b3640","      RET.REL.NODEC R2, 0x7ff8935ad980","0","0","0","0","0","0","0","0","0","32","0","-","-","-","0","0","0","0","0","0","0","0","0","-","0","0","0","0","0","0","0","0","0","0","0","0","0","0","0","0","0","0","0","0","0","0","0","0","0","0","0","0","0","0","0","0","0","0","0","0","0","0","0","0"
"0x7ff8935b3650","      IMAD.SHL.U32 R7, R8, 0x2, RZ","0","0","0","0","0","0","0","0","0","32","0","-","-","-","0","0","0","0","0","0","0","0","0","-","0","0","0","0","0","0","0","0","0","0","0","0","0","0","0","0","0","0","0","0","0","0","0","0","0","0","0","0","0","0","0","0","0","0","0","0","0","0","0","0"
"0x7ff8935b3660","      BSSY.RECONVERGENT B0, 0x7ff8935b3980","0","0","0","0","0","0","0","0","0","32","0","-","-","-","0","0","0","0","0","0","0","0","0","-","0","0","0","0","0","0","0","0","0","0","0","0","0","0","0","0","0","0","0","0","0","0","0","0","0","0","0","0","0","0","0","0","0","0","0","0","0","0","0","0"
"0x7ff8935b3670","      SHF.R.U32.HI R7, RZ, 0x18, R7","0","0","0","0","0","0","0","0","0","32","0","-","-","-","0","0","0","0","0","0","0","0","0","-","0","0","0","0","0","0","0","0","0","0","0","0","0","0","0","0","0","0","0","0","0","0","0","0","0","0","0","0","0","0","0","0","0","0","0","0","0","0","0","0"
"0x7ff8935b3680","      ISETP.NE.U32.AND P0, PT, R7, RZ, PT","0","0","0","0","0","0","0","0","0","32","0","-","-","-","0","0","0","0","0","0","0","0","0","-","0","0","0","0","0","0","0","0","0","0","0","0","0","0","0","0","0","0","0","0","0","0","0","0","0","0","0","0","0","0","0","0","0","0","0","0","0","0","0","0"
"0x7ff8935b3690","@P0   BRA 0x7ff8935b3740","0","0","0","0","0","0","0","0","0","32","0","-","-","-","0","0","0","0","0","0","0","0","0","-","0","0","0","0","0","0","0","0","0","0","0","0","0","0","0","0","0","0","0","0","0","0","0","0","0","0","0","0","0","0","0","0","0","0","0","0","0","0","0","0"
"0x7ff8935b36a0","      SHF.L.U32 R0, R8, 0x1, RZ","0","0","0","0","0","0","0","0","0","32","0","-","-","-","0","0","0","0","0","0","0","0","0","-","0","0","0","0","0","0","0","0","0","0","0","0","0","0","0","0","0","0","0","0","0","0","0","0","0","0","0","0","0","0","0","0","0","0","0","0","0","0","0","0"
"0x7ff8935b36b0","      ISETP.NE.AND P0, PT, R0, RZ, PT","0","0","0","0","0","0","0","0","0","32","0","-","-","-","0","0","0","0","0","0","0","0","0","-","0","0","0","0","0","0","0","0","0","0","0","0","0","0","0","0","0","0","0","0","0","0","0","0","0","0","0","0","0","0","0","0","0","0","0","0","0","0","0","0"
"0x7ff8935b36c0","@P0   FFMA R3, R8, 1.84467440737095516160e+19, RZ","0","0","0","0","0","0","0","0","0","32","0","-","-","-","0","0","0","0","0","0","0","0","0","-","0","0","0","0","0","0","0","0","0","0","0","0","0","0","0","0","0","0","0","0","0","0","0","0","0","0","0","0","0","0","0","0","0","0","0","0","0","0","0","0"
"0x7ff8935b36d0","@!P0  MUFU.RCP R4, R8","0","0","0","0","0","0","0","0","0","32","0","-","-","-","0","0","0","0","0","0","0","0","0","-","0","0","0","0","0","0","0","0","0","0","0","0","0","0","0","0","0","0","0","0","0","0","0","0","0","0","0","0","0","0","0","0","0","0","0","0","0","0","0","0"
"0x7ff8935b36e0","@P0   MUFU.RCP R0, R3","0","0","0","0","0","0","0","0","0","32","0","-","-","-","0","0","0","0","0","0","0","0","0","-","0","0","0","0","0","0","0","0","0","0","0","0","0","0","0","0","0","0","0","0","0","0","0","0","0","0","0","0","0","0","0","0","0","0","0","0","0","0","0","0"
"0x7ff8935b36f0","@P0   FFMA R5, R3, R0, -1","0","0","0","0","0","0","0","0","0","32","0","-","-","-","0","0","0","0","0","0","0","0","0","-","0","0","0","0","0","0","0","0","0","0","0","0","0","0","0","0","0","0","0","0","0","0","0","0","0","0","0","0","0","0","0","0","0","0","0","0","0","0","0","0"
"0x7ff8935b3700","@P0   FADD.FTZ R5, -RZ, -R5","0","0","0","0","0","0","0","0","0","32","0","-","-","-","0","0","0","0","0","0","0","0","0","-","0","0","0","0","0","0","0","0","0","0","0","0","0","0","0","0","0","0","0","0","0","0","0","0","0","0","0","0","0","0","0","0","0","0","0","0","0","0","0","0"
"0x7ff8935b3710","@P0   FFMA R5, R0, R5, R0","0","0","0","0","0","0","0","0","0","32","0","-","-","-","0","0","0","0","0","0","0","0","0","-","0","0","0","0","0","0","0","0","0","0","0","0","0","0","0","0","0","0","0","0","0","0","0","0","0","0","0","0","0","0","0","0","0","0","0","0","0","0","0","0"
"0x7ff8935b3720","@P0   FFMA R4, R5, 1.84467440737095516160e+19, RZ","0","0","0","0","0","0","0","0","0","32","0","-","-","-","0","0","0","0","0","0","0","0","0","-","0","0","0","0","0","0","0","0","0","0","0","0","0","0","0","0","0","0","0","0","0","0","0","0","0","0","0","0","0","0","0","0","0","0","0","0","0","0","0","0"
"0x7ff8935b3730","      BRA 0x7ff8935b3960","0","0","0","0","0","0","0","0","0","32","0","-","-","-","0","0","0","0","0","0","0","0","0","-","0","0","0","0","0","0","0","0","0","0","0","0","0","0","0","0","0","0","0","0","0","0","0","0","0","0","0","0","0","0","0","0","0","0","0","0","0","0","0","0"
"0x7ff8935b3740","      IADD3 R5, PT, PT, R7, -0xfd, RZ","0","0","0","0","0","0","0","0","0","32","0","-","-","-","0","0","0","0","0","0","0","0","0","-","0","0","0","0","0","0","0","0","0","0","0","0","0","0","0","0","0","0","0","0","0","0","0","0","0","0","0","0","0","0","0","0","0","0","0","0","0","0","0","0"
"0x7ff8935b3750","      ISETP.GT.U32.AND P0, PT, R5, 0x1, PT","0","0","0","0","0","0","0","0","0","32","0","-","-","-","0","0","0","0","0","0","0","0","0","-","0","0","0","0","0","0","0","0","0","0","0","0","0","0","0","0","0","0","0","0","0","0","0","0","0","0","0","0","0","0","0","0","0","0","0","0","0","0","0","0"
"0x7ff8935b3760","@P0   BRA 0x7ff8935b3950","0","0","0","0","0","0","0","0","0","32","0","-","-","-","0","0","0","0","0","0","0","0","0","-","0","0","0","0","0","0","0","0","0","0","0","0","0","0","0","0","0","0","0","0","0","0","0","0","0","0","0","0","0","0","0","0","0","0","0","0","0","0","0","0"
"0x7ff8935b3770","      LOP3.LUT R9, R8, 0x7fffff, RZ, 0xc0, !PT","0","0","0","0","0","0","0","0","0","32","0","-","-","-","0","0","0","0","0","0","0","0","0","-","0","0","0","0","0","0","0","0","0","0","0","0","0","0","0","0","0","0","0","0","0","0","0","0","0","0","0","0","0","0","0","0","0","0","0","0","0","0","0","0"
"0x7ff8935b3780","      IMAD.MOV.U32 R0, RZ, RZ, 0x3","0","0","0","0","0","0","0","0","0","32","0","-","-","-","0","0","0","0","0","0","0","0","0","-","0","0","0","0","0","0","0","0","0","0","0","0","0","0","0","0","0","0","0","0","0","0","0","0","0","0","0","0","0","0","0","0","0","0","0","0","0","0","0","0"
"0x7ff8935b3790","      VIADD R7, R7, 0xffffff04","0","0","0","0","0","0","0","0","0","32","0","-","-","-","0","0","0","0","0","0","0","0","0","-","0","0","0","0","0","0","0","0","0","0","0","0","0","0","0","0","0","0","0","0","0","0","0","0","0","0","0","0","0","0","0","0","0","0","0","0","0","0","0","0"
"0x7ff8935b37a0","      LOP3.LUT R9, R9, 0x3f800000, RZ, 0xfc, !PT","0","0","0","0","0","0","0","0","0","32","0","-","-","-","0","0","0","0","0","0","0","0","0","-","0","0","0","0","0","0","0","0","0","0","0","0","0","0","0","0","0","0","0","0","0","0","0","0","0","0","0","0","0","0","0","0","0","0","0","0","0","0","0","0"
"0x7ff8935b37b0","      SHF.L.U32 R0, R0, R5, RZ","0","0","0","0","0","0","0","0","0","32","0","-","-","-","0","0","0","0","0","0","0","0","0","-","0","0","0","0","0","0","0","0","0","0","0","0","0","0","0","0","0","0","0","0","0","0","0","0","0","0","0","0","0","0","0","0","0","0","0","0","0","0","0","0"
"0x7ff8935b37c0","      MUFU.RCP R4, R9","0","0","0","0","0","0","0","0","0","32","0","-","-","-","0","0","0","0","0","0","0","0","0","-","0","0","0","0","0","0","0","0","0","0","0","0","0","0","0","0","0","0","0","0","0","0","0","0","0","0","0","0","0","0","0","0","0","0","0","0","0","0","0","0"
"0x7ff8935b37d0","      FFMA R3, R9, R4, -1","0","0","0","0","0","0","0","0","0","32","0","-","-","-","0","0","0","0","0","0","0","0","0","-","0","0","0","0","0","0","0","0","0","0","0","0","0","0","0","0","0","0","0","0","0","0","0","0","0","0","0","0","0","0","0","0","0","0","0","0","0","0","0","0"
"0x7ff8935b37e0","      FADD.FTZ R3, -RZ, -R3","0","0","0","0","0","0","0","0","0","32","0","-","-","-","0","0","0","0","0","0","0","0","0","-","0","0","0","0","0","0","0","0","0","0","0","0","0","0","0","0","0","0","0","0","0","0","0","0","0","0","0","0","0","0","0","0","0","0","0","0","0","0","0","0"
"0x7ff8935b37f0","      FFMA.RM R6, R4, R3, R4","0","0","0","0","0","0","0","0","0","32","0","-","-","-","0","0","0","0","0","0","0","0","0","-","0","0","0","0","0","0","0","0","0","0","0","0","0","0","0","0","0","0","0","0","0","0","0","0","0","0","0","0","0","0","0","0","0","0","0","0","0","0","0","0"
"0x7ff8935b3800","      FFMA.RP R3, R4, R3, R4","0","0","0","0","0","0","0","0","0","32","0","-","-","-","0","0","0","0","0","0","0","0","0","-","0","0","0","0","0","0","0","0","0","0","0","0","0","0","0","0","0","0","0","0","0","0","0","0","0","0","0","0","0","0","0","0","0","0","0","0","0","0","0","0"
"0x7ff8935b3810","      LOP3.LUT R4, R6, 0x7fffff, RZ, 0xc0, !PT","0","0","0","0","0","0","0","0","0","32","0","-","-","-","0","0","0","0","0","0","0","0","0","-","0","0","0","0","0","0","0","0","0","0","0","0","0","0","0","0","0","0","0","0","0","0","0","0","0","0","0","0","0","0","0","0","0","0","0","0","0","0","0","0"
"0x7ff8935b3820","      FSETP.NEU.FTZ.AND P0, PT, R6, R3, PT","0","0","0","0","0","0","0","0","0","32","0","-","-","-","0","0","0","0","0","0","0","0","0","-","0","0","0","0","0","0","0","0","0","0","0","0","0","0","0","0","0","0","0","0","0","0","0","0","0","0","0","0","0","0","0","0","0","0","0","0","0","0","0","0"
"0x7ff8935b3830","      LOP3.LUT R4, R4, 0x800000, RZ, 0xfc, !PT","0","0","0","0","0","0","0","0","0","32","0","-","-","-","0","0","0","0","0","0","0","0","0","-","0","0","0","0","0","0","0","0","0","0","0","0","0","0","0","0","0","0","0","0","0","0","0","0","0","0","0","0","0","0","0","0","0","0","0","0","0","0","0","0"
"0x7ff8935b3840","      SEL R3, RZ, 0xffffffff, !P0","0","0","0","0","0","0","0","0","0","32","0","-","-","-","0","0","0","0","0","0","0","0","0","-","0","0","0","0","0","0","0","0","0","0","0","0","0","0","0","0","0","0","0","0","0","0","0","0","0","0","0","0","0","0","0","0","0","0","0","0","0","0","0","0"
"0x7ff8935b3850","      LOP3.LUT R0, R0, R4, RZ, 0xc0, !PT","0","0","0","0","0","0","0","0","0","32","0","-","-","-","0","0","0","0","0","0","0","0","0","-","0","0","0","0","0","0","0","0","0","0","0","0","0","0","0","0","0","0","0","0","0","0","0","0","0","0","0","0","0","0","0","0","0","0","0","0","0","0","0","0"
"0x7ff8935b3860","      SHF.R.U32.HI R7, RZ, R7, R4","0","0","0","0","0","0","0","0","0","32","0","-","-","-","0","0","0","0","0","0","0","0","0","-","0","0","0","0","0","0","0","0","0","0","0","0","0","0","0","0","0","0","0","0","0","0","0","0","0","0","0","0","0","0","0","0","0","0","0","0","0","0","0","0"
"0x7ff8935b3870","      IMAD.MOV R3, RZ, RZ, -R3","0","0","0","0","0","0","0","0","0","32","0","-","-","-","0","0","0","0","0","0","0","0","0","-","0","0","0","0","0","0","0","0","0","0","0","0","0","0","0","0","0","0","0","0","0","0","0","0","0","0","0","0","0","0","0","0","0","0","0","0","0","0","0","0"
"0x7ff8935b3880","      SHF.R.U32.HI R0, RZ, R5, R0","0","0","0","0","0","0","0","0","0","32","0","-","-","-","0","0","0","0","0","0","0","0","0","-","0","0","0","0","0","0","0","0","0","0","0","0","0","0","0","0","0","0","0","0","0","0","0","0","0","0","0","0","0","0","0","0","0","0","0","0","0","0","0","0"
"0x7ff8935b3890","      LOP3.LUT P1, RZ, R3, R5, R4, 0xf8, !PT","0","0","0","0","0","0","0","0","0","32","0","-","-","-","0","0","0","0","0","0","0","0","0","-","0","0","0","0","0","0","0","0","0","0","0","0","0","0","0","0","0","0","0","0","0","0","0","0","0","0","0","0","0","0","0","0","0","0","0","0","0","0","0","0"
"0x7ff8935b38a0","      LOP3.LUT P2, RZ, R0, 0x1, RZ, 0xc0, !PT","0","0","0","0","0","0","0","0","0","32","0","-","-","-","0","0","0","0","0","0","0","0","0","-","0","0","0","0","0","0","0","0","0","0","0","0","0","0","0","0","0","0","0","0","0","0","0","0","0","0","0","0","0","0","0","0","0","0","0","0","0","0","0","0"
"0x7ff8935b38b0","      LOP3.LUT P0, RZ, R0, 0x2, RZ, 0xc0, !PT","0","0","0","0","0","0","0","0","0","32","0","-","-","-","0","0","0","0","0","0","0","0","0","-","0","0","0","0","0","0","0","0","0","0","0","0","0","0","0","0","0","0","0","0","0","0","0","0","0","0","0","0","0","0","0","0","0","0","0","0","0","0","0","0"
"0x7ff8935b38c0","      PLOP3.LUT P0, PT, P2, P1, P0, 0xe0, 0x0","0","0","0","0","0","0","0","0","0","32","0","-","-","-","0","0","0","0","0","0","0","0","0","-","0","0","0","0","0","0","0","0","0","0","0","0","0","0","0","0","0","0","0","0","0","0","0","0","0","0","0","0","0","0","0","0","0","0","0","0","0","0","0","0"
"0x7ff8935b38d0","      SEL R0, RZ, 0x1, !P0","0","0","0","0","0","0","0","0","0","32","0","-","-","-","0","0","0","0","0","0","0","0","0","-","0","0","0","0","0","0","0","0","0","0","0","0","0","0","0","0","0","0","0","0","0","0","0","0","0","0","0","0","0","0","0","0","0","0","0","0","0","0","0","0"
"0x7ff8935b38e0","      LOP3.LUT P0, RZ, R8, 0x7fffff, RZ, 0xc0, !PT","0","0","0","0","0","0","0","0","0","32","0","-","-","-","0","0","0","0","0","0","0","0","0","-","0","0","0","0","0","0","0","0","0","0","0","0","0","0","0","0","0","0","0","0","0","0","0","0","0","0","0","0","0","0","0","0","0","0","0","0","0","0","0","0"
"0x7ff8935b38f0","      IMAD.MOV R0, RZ, RZ, -R0","0","0","0","0","0","0","0","0","0","32","0","-","-","-","0","0","0","0","0","0","0","0","0","-","0","0","0","0","0","0","0","0","0","0","0","0","0","0","0","0","0","0","0","0","0","0","0","0","0","0","0","0","0","0","0","0","0","0","0","0","0","0","0","0"
"0x7ff8935b3900","      ISETP.GE.AND P1, PT, R0, RZ, PT","0","0","0","0","0","0","0","0","0","32","0","-","-","-","0","0","0","0","0","0","0","0","0","-","0","0","0","0","0","0","0","0","0","0","0","0","0","0","0","0","0","0","0","0","0","0","0","0","0","0","0","0","0","0","0","0","0","0","0","0","0","0","0","0"
"0x7ff8935b3910","@!P1  VIADD R7, R7, 0x1","0","0","0","0","0","0","0","0","0","32","0","-","-","-","0","0","0","0","0","0","0","0","0","-","0","0","0","0","0","0","0","0","0","0","0","0","0","0","0","0","0","0","0","0","0","0","0","0","0","0","0","0","0","0","0","0","0","0","0","0","0","0","0","0"
"0x7ff8935b3920","@!P0  IMAD.SHL.U32 R7, R7, 0x2, RZ","0","0","0","0","0","0","0","0","0","32","0","-","-","-","0","0","0","0","0","0","0","0","0","-","0","0","0","0","0","0","0","0","0","0","0","0","0","0","0","0","0","0","0","0","0","0","0","0","0","0","0","0","0","0","0","0","0","0","0","0","0","0","0","0"
"0x7ff8935b3930","      LOP3.LUT R4, R7, 0x80000000, R8, 0xf8, !PT","0","0","0","0","0","0","0","0","0","32","0","-","-","-","0","0","0","0","0","0","0","0","0","-","0","0","0","0","0","0","0","0","0","0","0","0","0","0","0","0","0","0","0","0","0","0","0","0","0","0","0","0","0","0","0","0","0","0","0","0","0","0","0","0"
"0x7ff8935b3940","      BRA 0x7ff8935b3960","0","0","0","0","0","0","0","0","0","32","0","-","-","-","0","0","0","0","0","0","0","0","0","-","0","0","0","0","0","0","0","0","0","0","0","0","0","0","0","0","0","0","0","0","0","0","0","0","0","0","0","0","0","0","0","0","0","0","0","0","0","0","0","0"
"0x7ff8935b3950","      MUFU.RCP R4, R8","0","0","0","0","0","0","0","0","0","32","0","-","-","-","0","0","0","0","0","0","0","0","0","-","0","0","0","0","0","0","0","0","0","0","0","0","0","0","0","0","0","0","0","0","0","0","0","0","0","0","0","0","0","0","0","0","0","0","0","0","0","0","0","0"
"0x7ff8935b3960","      NOP","0","0","0","0","0","0","0","0","0","32","0","-","-","-","0","0","0","0","0","0","0","0","0","-","0","0","0","0","0","0","0","0","0","0","0","0","0","0","0","0","0","0","0","0","0","0","0","0","0","0","0","0","0","0","0","0","0","0","0","0","0","0","0","0"
"0x7ff8935b3970","      BSYNC.RECONVERGENT B0","0","0","0","0","0","0","0","0","0","32","0","-","-","-","0","0","0","0","0","0","0","0","0","-","0","0","0","0","0","0","0","0","0","0","0","0","0","0","0","0","0","0","0","0","0","0","0","0","0","0","0","0","0","0","0","0","0","0","0","0","0","0","0","0"
"0x7ff8935b3980","      HFMA2 R3, -RZ, RZ, 0, 0","0","0","0","0","0","0","0","0","0","32","0","-","-","-","0","0","0","0","0","0","0","0","0","-","0","0","0","0","0","0","0","0","0","0","0","0","0","0","0","0","0","0","0","0","0","0","0","0","0","0","0","0","0","0","0","0","0","0","0","0","0","0","0","0"
"0x7ff8935b3990","      RET.REL.NODEC R2, 0x7ff8935ad980","0","0","0","0","0","0","0","0","0","32","0","-","-","-","0","0","0","0","0","0","0","0","0","-","0","0","0","0","0","0","0","0","0","0","0","0","0","0","0","0","0","0","0","0","0","0","0","0","0","0","0","0","0","0","0","0","0","0","0","0","0","0","0","0"
"0x7ff8935b39a0","      BRA 0x7ff8935b39a0","0","0","0","0","0","0","0","0","0","0","0","-","-","-","0","0","0","0","0","0","0","0","0","-","0","0","0","0","0","0","0","0","0","0","0","0","0","0","0","0","0","0","0","0","0","0","0","0","0","0","0","0","0","0","0","0","0","0","0","0","0","0","0","0"
"0x7ff8935b39b0","      NOP","0","0","0","0","0","0","0","0","0","32","0","-","-","-","0","0","0","0","0","0","0","0","0","-","0","0","0","0","0","0","0","0","0","0","0","0","0","0","0","0","0","0","0","0","0","0","0","0","0","0","0","0","0","0","0","0","0","0","0","0","0","0","0","0"
"0x7ff8935b39c0","      NOP","0","0","0","0","0","0","0","0","0","32","0","-","-","-","0","0","0","0","0","0","0","0","0","-","0","0","0","0","0","0","0","0","0","0","0","0","0","0","0","0","0","0","0","0","0","0","0","0","0","0","0","0","0","0","0","0","0","0","0","0","0","0","0","0"
"0x7ff8935b39d0","      NOP","0","0","0","0","0","0","0","0","0","32","0","-","-","-","0","0","0","0","0","0","0","0","0","-","0","0","0","0","0","0","0","0","0","0","0","0","0","0","0","0","0","0","0","0","0","0","0","0","0","0","0","0","0","0","0","0","0","0","0","0","0","0","0","0"
"0x7ff8935b39e0","      NOP","0","0","0","0","0","0","0","0","0","32","0","-","-","-","0","0","0","0","0","0","0","0","0","-","0","0","0","0","0","0","0","0","0","0","0","0","0","0","0","0","0","0","0","0","0","0","0","0","0","0","0","0","0","0","0","0","0","0","0","0","0","0","0","0"
"0x7ff8935b39f0","      NOP","0","0","0","0","0","0","0","0","0","32","0","-","-","-","0","0","0","0","0","0","0","0","0","-","0","0","0","0","0","0","0","0","0","0","0","0","0","0","0","0","0","0","0","0","0","0","0","0","0","0","0","0","0","0","0","0","0","0","0","0","0","0","0","0"
"0x7ff8935b3a00","      NOP","0","0","0","0","0","0","0","0","0","32","0","-","-","-","0","0","0","0","0","0","0","0","0","-","0","0","0","0","0","0","0","0","0","0","0","0","0","0","0","0","0","0","0","0","0","0","0","0","0","0","0","0","0","0","0","0","0","0","0","0","0","0","0","0"
"0x7ff8935b3a10","      NOP","0","0","0","0","0","0","0","0","0","32","0","-","-","-","0","0","0","0","0","0","0","0","0","-","0","0","0","0","0","0","0","0","0","0","0","0","0","0","0","0","0","0","0","0","0","0","0","0","0","0","0","0","0","0","0","0","0","0","0","0","0","0","0","0"
"0x7ff8935b3a20","      NOP","0","0","0","0","0","0","0","0","0","32","0","-","-","-","0","0","0","0","0","0","0","0","0","-","0","0","0","0","0","0","0","0","0","0","0","0","0","0","0","0","0","0","0","0","0","0","0","0","0","0","0","0","0","0","0","0","0","0","0","0","0","0","0","0"
"0x7ff8935b3a30","      NOP","0","0","0","0","0","0","0","0","0","32","0","-","-","-","0","0","0","0","0","0","0","0","0","-","0","0","0","0","0","0","0","0","0","0","0","0","0","0","0","0","0","0","0","0","0","0","0","0","0","0","0","0","0","0","0","0","0","0","0","0","0","0","0","0"
"0x7ff8935b3a40","      NOP","0","0","0","0","0","0","0","0","0","32","0","-","-","-","0","0","0","0","0","0","0","0","0","-","0","0","0","0","0","0","0","0","0","0","0","0","0","0","0","0","0","0","0","0","0","0","0","0","0","0","0","0","0","0","0","0","0","0","0","0","0","0","0","0"
"0x7ff8935b3a50","      NOP","0","0","0","0","0","0","0","0","0","32","0","-","-","-","0","0","0","0","0","0","0","0","0","-","0","0","0","0","0","0","0","0","0","0","0","0","0","0","0","0","0","0","0","0","0","0","0","0","0","0","0","0","0","0","0","0","0","0","0","0","0","0","0","0"
"0x7ff8935b3a60","      NOP","0","0","0","0","0","0","0","0","0","32","0","-","-","-","0","0","0","0","0","0","0","0","0","-","0","0","0","0","0","0","0","0","0","0","0","0","0","0","0","0","0","0","0","0","0","0","0","0","0","0","0","0","0","0","0","0","0","0","0","0","0","0","0","0"
"0x7ff8935b3a70","      NOP","0","0","0","0","0","0","0","0","0","32","0","-","-","-","0","0","0","0","0","0","0","0","0","-","0","0","0","0","0","0","0","0","0","0","0","0","0","0","0","0","0","0","0","0","0","0","0","0","0","0","0","0","0","0","0","0","0","0","0","0","0","0","0","0"
